N,phy_family,snr_db,method_A,method_B,metric,mean,ci_low,ci_high,n_sources,n_frames,delta,comparison_scope,energy_scope
512,QPSK,1,entropy_policy,P512,psnr_db,-3.5548224083582567,-3.8444652744929004,-3.276979851722718,100,300,A_minus_B,same_source_and_nominal_noise_seed_distinct_channel_noise_namespace,QPSK_and_P_fixed_2N
512,QPSK,1,entropy_policy,P512,lpips_alex,0.10151514604687689,0.09176131480435529,0.11169906145458419,100,300,A_minus_B,same_source_and_nominal_noise_seed_distinct_channel_noise_namespace,QPSK_and_P_fixed_2N
512,QPSK,1,entropy_policy,P512,dino_cosine,0.19925498489290472,0.16440223359875383,0.2342469501654462,100,300,A_minus_B,same_source_and_nominal_noise_seed_distinct_channel_noise_namespace,QPSK_and_P_fixed_2N
512,QPSK,1,entropy_policy,P512,dinov2_vitl14_cosine,0.08735999424165736,0.052705297515300724,0.12271411560642687,100,300,A_minus_B,same_source_and_nominal_noise_seed_distinct_channel_noise_namespace,QPSK_and_P_fixed_2N
512,QPSK,1,entropy_policy,P512,clip_image_cosine,0.09165284007787705,0.07645550319800774,0.10678129810839893,100,300,A_minus_B,same_source_and_nominal_noise_seed_distinct_channel_noise_namespace,QPSK_and_P_fixed_2N
512,QPSK,1,entropy_policy,P512,dists,-0.013086880246798199,-0.020703042984008796,-0.005475503231088321,100,300,A_minus_B,same_source_and_nominal_noise_seed_distinct_channel_noise_namespace,QPSK_and_P_fixed_2N
512,QPSK,1,entropy_policy,P512,dreamsim,-0.06807187477747599,-0.08957835929095745,-0.04645364800095558,100,300,A_minus_B,same_source_and_nominal_noise_seed_distinct_channel_noise_namespace,QPSK_and_P_fixed_2N
512,QPSK,1,entropy_policy,P512,ms_ssim,-0.24570347983390092,-0.2634014622444908,-0.22783004806966833,100,300,A_minus_B,same_source_and_nominal_noise_seed_distinct_channel_noise_namespace,QPSK_and_P_fixed_2N
512,QPSK,1,entropy_policy,P512,dino_specificity,0.20422250822652133,0.16735030221512234,0.2410346517901247,100,300,A_minus_B,same_source_and_nominal_noise_seed_distinct_channel_noise_namespace,QPSK_and_P_fixed_2N
512,QPSK,1,entropy_policy,P512,resnet50_top1_label,0.1033333333333333,0.03666666666666667,0.1733333333333333,100,300,A_minus_B,same_source_and_nominal_noise_seed_distinct_channel_noise_namespace,QPSK_and_P_fixed_2N
512,QPSK,1,entropy_policy,P512,resnet50_top1_source_prediction,0.1133333333333333,0.04333333333333334,0.18666666666666668,100,300,A_minus_B,same_source_and_nominal_noise_seed_distinct_channel_noise_namespace,QPSK_and_P_fixed_2N
512,QPSK,1,entropy_policy,P512,semantic_error,-0.1133333333333333,-0.18666666666666668,-0.04333333333333333,100,300,A_minus_B,same_source_and_nominal_noise_seed_distinct_channel_noise_namespace,QPSK_and_P_fixed_2N
512,QPSK,1,whole_policy,P512,psnr_db,-3.5548224083582567,-3.8444652744929004,-3.276979851722718,100,300,A_minus_B,same_source_and_nominal_noise_seed_distinct_channel_noise_namespace,QPSK_and_P_fixed_2N
512,QPSK,1,whole_policy,P512,lpips_alex,0.10151514604687689,0.09176131480435529,0.11169906145458419,100,300,A_minus_B,same_source_and_nominal_noise_seed_distinct_channel_noise_namespace,QPSK_and_P_fixed_2N
512,QPSK,1,whole_policy,P512,dino_cosine,0.19925498489290472,0.16440223359875383,0.2342469501654462,100,300,A_minus_B,same_source_and_nominal_noise_seed_distinct_channel_noise_namespace,QPSK_and_P_fixed_2N
512,QPSK,1,whole_policy,P512,dinov2_vitl14_cosine,0.08735999424165736,0.052705297515300724,0.12271411560642687,100,300,A_minus_B,same_source_and_nominal_noise_seed_distinct_channel_noise_namespace,QPSK_and_P_fixed_2N
512,QPSK,1,whole_policy,P512,clip_image_cosine,0.09165284007787705,0.07645550319800774,0.10678129810839893,100,300,A_minus_B,same_source_and_nominal_noise_seed_distinct_channel_noise_namespace,QPSK_and_P_fixed_2N
512,QPSK,1,whole_policy,P512,dists,-0.013086880246798199,-0.020703042984008796,-0.005475503231088321,100,300,A_minus_B,same_source_and_nominal_noise_seed_distinct_channel_noise_namespace,QPSK_and_P_fixed_2N
512,QPSK,1,whole_policy,P512,dreamsim,-0.06807187477747599,-0.08957835929095745,-0.04645364800095558,100,300,A_minus_B,same_source_and_nominal_noise_seed_distinct_channel_noise_namespace,QPSK_and_P_fixed_2N
512,QPSK,1,whole_policy,P512,ms_ssim,-0.24570347983390092,-0.2634014622444908,-0.22783004806966833,100,300,A_minus_B,same_source_and_nominal_noise_seed_distinct_channel_noise_namespace,QPSK_and_P_fixed_2N
512,QPSK,1,whole_policy,P512,dino_specificity,0.20422250822652133,0.16735030221512234,0.2410346517901247,100,300,A_minus_B,same_source_and_nominal_noise_seed_distinct_channel_noise_namespace,QPSK_and_P_fixed_2N
512,QPSK,1,whole_policy,P512,resnet50_top1_label,0.1033333333333333,0.03666666666666667,0.1733333333333333,100,300,A_minus_B,same_source_and_nominal_noise_seed_distinct_channel_noise_namespace,QPSK_and_P_fixed_2N
512,QPSK,1,whole_policy,P512,resnet50_top1_source_prediction,0.1133333333333333,0.04333333333333334,0.18666666666666668,100,300,A_minus_B,same_source_and_nominal_noise_seed_distinct_channel_noise_namespace,QPSK_and_P_fixed_2N
512,QPSK,1,whole_policy,P512,semantic_error,-0.1133333333333333,-0.18666666666666668,-0.04333333333333333,100,300,A_minus_B,same_source_and_nominal_noise_seed_distinct_channel_noise_namespace,QPSK_and_P_fixed_2N
512,QPSK,4,entropy_policy,P512,psnr_db,-3.4350016816457103,-3.6916639964580535,-3.175314134836196,100,300,A_minus_B,same_source_and_nominal_noise_seed_distinct_channel_noise_namespace,QPSK_and_P_fixed_2N
512,QPSK,4,entropy_policy,P512,lpips_alex,0.09221543324490389,0.08302944304669896,0.10133464031231901,100,300,A_minus_B,same_source_and_nominal_noise_seed_distinct_channel_noise_namespace,QPSK_and_P_fixed_2N
512,QPSK,4,entropy_policy,P512,dino_cosine,0.21150185089558363,0.17575161551156393,0.2477121670451015,100,300,A_minus_B,same_source_and_nominal_noise_seed_distinct_channel_noise_namespace,QPSK_and_P_fixed_2N
512,QPSK,4,entropy_policy,P512,dinov2_vitl14_cosine,0.10519963063920537,0.06193672336661257,0.14732529136096123,100,300,A_minus_B,same_source_and_nominal_noise_seed_distinct_channel_noise_namespace,QPSK_and_P_fixed_2N
512,QPSK,4,entropy_policy,P512,clip_image_cosine,0.0926318770647049,0.0779431588575244,0.1070587975680828,100,300,A_minus_B,same_source_and_nominal_noise_seed_distinct_channel_noise_namespace,QPSK_and_P_fixed_2N
512,QPSK,4,entropy_policy,P512,dists,-0.024661724964777632,-0.0317494995892048,-0.0175999568104744,100,300,A_minus_B,same_source_and_nominal_noise_seed_distinct_channel_noise_namespace,QPSK_and_P_fixed_2N
512,QPSK,4,entropy_policy,P512,dreamsim,-0.06599468151728312,-0.08594582735498749,-0.04562591272592545,100,300,A_minus_B,same_source_and_nominal_noise_seed_distinct_channel_noise_namespace,QPSK_and_P_fixed_2N
512,QPSK,4,entropy_policy,P512,ms_ssim,-0.23522211819887162,-0.2534905307901402,-0.21700137837727868,100,300,A_minus_B,same_source_and_nominal_noise_seed_distinct_channel_noise_namespace,QPSK_and_P_fixed_2N
512,QPSK,4,entropy_policy,P512,dino_specificity,0.21909465745867543,0.18014660763453383,0.25853545894182756,100,300,A_minus_B,same_source_and_nominal_noise_seed_distinct_channel_noise_namespace,QPSK_and_P_fixed_2N
512,QPSK,4,entropy_policy,P512,resnet50_top1_label,0.17000000000000004,0.07,0.27,100,300,A_minus_B,same_source_and_nominal_noise_seed_distinct_channel_noise_namespace,QPSK_and_P_fixed_2N
512,QPSK,4,entropy_policy,P512,resnet50_top1_source_prediction,0.15666666666666665,0.05666666666666668,0.25666666666666665,100,300,A_minus_B,same_source_and_nominal_noise_seed_distinct_channel_noise_namespace,QPSK_and_P_fixed_2N
512,QPSK,4,entropy_policy,P512,semantic_error,-0.15666666666666665,-0.25666666666666665,-0.056666666666666664,100,300,A_minus_B,same_source_and_nominal_noise_seed_distinct_channel_noise_namespace,QPSK_and_P_fixed_2N
512,QPSK,4,whole_policy,P512,psnr_db,-4.003648977279662,-4.295583558320999,-3.7180717246532438,100,300,A_minus_B,same_source_and_nominal_noise_seed_distinct_channel_noise_namespace,QPSK_and_P_fixed_2N
512,QPSK,4,whole_policy,P512,lpips_alex,0.12761604917546113,0.11767491711179416,0.13783218160147467,100,300,A_minus_B,same_source_and_nominal_noise_seed_distinct_channel_noise_namespace,QPSK_and_P_fixed_2N
512,QPSK,4,whole_policy,P512,dino_cosine,0.1456714563195904,0.11027783738697569,0.18184907737312211,100,300,A_minus_B,same_source_and_nominal_noise_seed_distinct_channel_noise_namespace,QPSK_and_P_fixed_2N
512,QPSK,4,whole_policy,P512,dinov2_vitl14_cosine,0.03973562067374587,-0.0005219478413928284,0.07873005986120553,100,300,A_minus_B,same_source_and_nominal_noise_seed_distinct_channel_noise_namespace,QPSK_and_P_fixed_2N
512,QPSK,4,whole_policy,P512,clip_image_cosine,0.07455741435289383,0.05950297731161117,0.08938871156424284,100,300,A_minus_B,same_source_and_nominal_noise_seed_distinct_channel_noise_namespace,QPSK_and_P_fixed_2N
512,QPSK,4,whole_policy,P512,dists,0.0020064719518025726,-0.005915100748340289,0.009893861209352806,100,300,A_minus_B,same_source_and_nominal_noise_seed_distinct_channel_noise_namespace,QPSK_and_P_fixed_2N
512,QPSK,4,whole_policy,P512,dreamsim,-0.01739850918451945,-0.036552138388156886,0.0017836393664280453,100,300,A_minus_B,same_source_and_nominal_noise_seed_distinct_channel_noise_namespace,QPSK_and_P_fixed_2N
512,QPSK,4,whole_policy,P512,ms_ssim,-0.2719176549961169,-0.2918884445341925,-0.2524768053169052,100,300,A_minus_B,same_source_and_nominal_noise_seed_distinct_channel_noise_namespace,QPSK_and_P_fixed_2N
512,QPSK,4,whole_policy,P512,dino_specificity,0.14604206280782817,0.1076767442296259,0.1840916734032798,100,300,A_minus_B,same_source_and_nominal_noise_seed_distinct_channel_noise_namespace,QPSK_and_P_fixed_2N
512,QPSK,4,whole_policy,P512,resnet50_top1_label,0.06333333333333334,-0.01666666666666666,0.14666666666666667,100,300,A_minus_B,same_source_and_nominal_noise_seed_distinct_channel_noise_namespace,QPSK_and_P_fixed_2N
512,QPSK,4,whole_policy,P512,resnet50_top1_source_prediction,0.07,-0.009999999999999993,0.15333333333333335,100,300,A_minus_B,same_source_and_nominal_noise_seed_distinct_channel_noise_namespace,QPSK_and_P_fixed_2N
512,QPSK,4,whole_policy,P512,semantic_error,-0.06999999999999998,-0.15333333333333332,0.01000000000000002,100,300,A_minus_B,same_source_and_nominal_noise_seed_distinct_channel_noise_namespace,QPSK_and_P_fixed_2N
512,QPSK,7,entropy_policy,P512,psnr_db,-3.2889009062449137,-3.5437649927934003,-3.040745208740234,100,300,A_minus_B,same_source_and_nominal_noise_seed_distinct_channel_noise_namespace,QPSK_and_P_fixed_2N
512,QPSK,7,entropy_policy,P512,lpips_alex,0.07215539805591106,0.06317842327058315,0.08109915634058414,100,300,A_minus_B,same_source_and_nominal_noise_seed_distinct_channel_noise_namespace,QPSK_and_P_fixed_2N
512,QPSK,7,entropy_policy,P512,dino_cosine,0.24306948120395347,0.20859441915961605,0.2781616337786739,100,300,A_minus_B,same_source_and_nominal_noise_seed_distinct_channel_noise_namespace,QPSK_and_P_fixed_2N
512,QPSK,7,entropy_policy,P512,dinov2_vitl14_cosine,0.1281881284325694,0.0801468837215798,0.17570779056109798,100,300,A_minus_B,same_source_and_nominal_noise_seed_distinct_channel_noise_namespace,QPSK_and_P_fixed_2N
512,QPSK,7,entropy_policy,P512,clip_image_cosine,0.10926668673753737,0.09257553416490555,0.12581300398210685,100,300,A_minus_B,same_source_and_nominal_noise_seed_distinct_channel_noise_namespace,QPSK_and_P_fixed_2N
512,QPSK,7,entropy_policy,P512,dists,-0.03795914153258006,-0.04452171419560909,-0.03140432940920194,100,300,A_minus_B,same_source_and_nominal_noise_seed_distinct_channel_noise_namespace,QPSK_and_P_fixed_2N
512,QPSK,7,entropy_policy,P512,dreamsim,-0.08415878434975943,-0.10141077869137126,-0.06692155369122824,100,300,A_minus_B,same_source_and_nominal_noise_seed_distinct_channel_noise_namespace,QPSK_and_P_fixed_2N
512,QPSK,7,entropy_policy,P512,ms_ssim,-0.21301598976055783,-0.23002532280236485,-0.19626029952863852,100,300,A_minus_B,same_source_and_nominal_noise_seed_distinct_channel_noise_namespace,QPSK_and_P_fixed_2N
512,QPSK,7,entropy_policy,P512,dino_specificity,0.2463817013815666,0.20997608921137484,0.2836121026795978,100,300,A_minus_B,same_source_and_nominal_noise_seed_distinct_channel_noise_namespace,QPSK_and_P_fixed_2N
512,QPSK,7,entropy_policy,P512,resnet50_top1_label,0.21000000000000005,0.11000000000000001,0.31,100,300,A_minus_B,same_source_and_nominal_noise_seed_distinct_channel_noise_namespace,QPSK_and_P_fixed_2N
512,QPSK,7,entropy_policy,P512,resnet50_top1_source_prediction,0.21666666666666667,0.10666666666666672,0.32666666666666666,100,300,A_minus_B,same_source_and_nominal_noise_seed_distinct_channel_noise_namespace,QPSK_and_P_fixed_2N
512,QPSK,7,entropy_policy,P512,semantic_error,-0.21666666666666662,-0.32666666666666666,-0.10666666666666667,100,300,A_minus_B,same_source_and_nominal_noise_seed_distinct_channel_noise_namespace,QPSK_and_P_fixed_2N
512,QPSK,7,whole_policy,P512,psnr_db,-3.318368682861328,-3.554142924149831,-3.0848445055484772,100,300,A_minus_B,same_source_and_nominal_noise_seed_distinct_channel_noise_namespace,QPSK_and_P_fixed_2N
512,QPSK,7,whole_policy,P512,lpips_alex,0.08050679358343285,0.07184972620879611,0.08919256760117905,100,300,A_minus_B,same_source_and_nominal_noise_seed_distinct_channel_noise_namespace,QPSK_and_P_fixed_2N
512,QPSK,7,whole_policy,P512,dino_cosine,0.22191688448190694,0.1872212149336313,0.2569928751857951,100,300,A_minus_B,same_source_and_nominal_noise_seed_distinct_channel_noise_namespace,QPSK_and_P_fixed_2N
512,QPSK,7,whole_policy,P512,dinov2_vitl14_cosine,0.09189151892593753,0.044891850455858126,0.1384303318038583,100,300,A_minus_B,same_source_and_nominal_noise_seed_distinct_channel_noise_namespace,QPSK_and_P_fixed_2N
512,QPSK,7,whole_policy,P512,clip_image_cosine,0.10289448231458662,0.08800674839814503,0.1178405853708585,100,300,A_minus_B,same_source_and_nominal_noise_seed_distinct_channel_noise_namespace,QPSK_and_P_fixed_2N
512,QPSK,7,whole_policy,P512,dists,-0.033995243708292634,-0.04041481548547744,-0.027511253977815314,100,300,A_minus_B,same_source_and_nominal_noise_seed_distinct_channel_noise_namespace,QPSK_and_P_fixed_2N
512,QPSK,7,whole_policy,P512,dreamsim,-0.06900845984617868,-0.08546913955609003,-0.05219161947071551,100,300,A_minus_B,same_source_and_nominal_noise_seed_distinct_channel_noise_namespace,QPSK_and_P_fixed_2N
512,QPSK,7,whole_policy,P512,ms_ssim,-0.2222839747865995,-0.24012674096723402,-0.20461992722004652,100,300,A_minus_B,same_source_and_nominal_noise_seed_distinct_channel_noise_namespace,QPSK_and_P_fixed_2N
512,QPSK,7,whole_policy,P512,dino_specificity,0.2248726741410792,0.1869566889274477,0.2627579385093025,100,300,A_minus_B,same_source_and_nominal_noise_seed_distinct_channel_noise_namespace,QPSK_and_P_fixed_2N
512,QPSK,7,whole_policy,P512,resnet50_top1_label,0.17666666666666667,0.0666666666666667,0.2833333333333334,100,300,A_minus_B,same_source_and_nominal_noise_seed_distinct_channel_noise_namespace,QPSK_and_P_fixed_2N
512,QPSK,7,whole_policy,P512,resnet50_top1_source_prediction,0.17666666666666667,0.06333333333333335,0.29000000000000004,100,300,A_minus_B,same_source_and_nominal_noise_seed_distinct_channel_noise_namespace,QPSK_and_P_fixed_2N
512,QPSK,7,whole_policy,P512,semantic_error,-0.17666666666666664,-0.29,-0.06333333333333331,100,300,A_minus_B,same_source_and_nominal_noise_seed_distinct_channel_noise_namespace,QPSK_and_P_fixed_2N
512,QPSK,13,entropy_policy,P512,psnr_db,-3.683721094131469,-3.9445009965101883,-3.4218258340358743,100,300,A_minus_B,same_source_and_nominal_noise_seed_distinct_channel_noise_namespace,QPSK_and_P_fixed_2N
512,QPSK,13,entropy_policy,P512,lpips_alex,0.0921151302754879,0.0831593482065946,0.10090875956726571,100,300,A_minus_B,same_source_and_nominal_noise_seed_distinct_channel_noise_namespace,QPSK_and_P_fixed_2N
512,QPSK,13,entropy_policy,P512,dino_cosine,0.20203350753833846,0.1657538928358505,0.2386616245505089,100,300,A_minus_B,same_source_and_nominal_noise_seed_distinct_channel_noise_namespace,QPSK_and_P_fixed_2N
512,QPSK,13,entropy_policy,P512,dinov2_vitl14_cosine,0.07242156693556656,0.022782202673687912,0.1219993617909883,100,300,A_minus_B,same_source_and_nominal_noise_seed_distinct_channel_noise_namespace,QPSK_and_P_fixed_2N
512,QPSK,13,entropy_policy,P512,clip_image_cosine,0.09046238054831822,0.07346753840893507,0.10736401907354594,100,300,A_minus_B,same_source_and_nominal_noise_seed_distinct_channel_noise_namespace,QPSK_and_P_fixed_2N
512,QPSK,13,entropy_policy,P512,dists,-0.028842312494913737,-0.0355484597037236,-0.0223440067768097,100,300,A_minus_B,same_source_and_nominal_noise_seed_distinct_channel_noise_namespace,QPSK_and_P_fixed_2N
512,QPSK,13,entropy_policy,P512,dreamsim,-0.05599653323491414,-0.07226922768354414,-0.03999089797834556,100,300,A_minus_B,same_source_and_nominal_noise_seed_distinct_channel_noise_namespace,QPSK_and_P_fixed_2N
512,QPSK,13,entropy_policy,P512,ms_ssim,-0.2344981037576993,-0.25254739115883906,-0.21704540499548117,100,300,A_minus_B,same_source_and_nominal_noise_seed_distinct_channel_noise_namespace,QPSK_and_P_fixed_2N
512,QPSK,13,entropy_policy,P512,dino_specificity,0.20370504586802174,0.16553013936899758,0.2416257489209141,100,300,A_minus_B,same_source_and_nominal_noise_seed_distinct_channel_noise_namespace,QPSK_and_P_fixed_2N
512,QPSK,13,entropy_policy,P512,resnet50_top1_label,0.16666666666666669,0.056666666666666685,0.27666666666666667,100,300,A_minus_B,same_source_and_nominal_noise_seed_distinct_channel_noise_namespace,QPSK_and_P_fixed_2N
512,QPSK,13,entropy_policy,P512,resnet50_top1_source_prediction,0.1666666666666667,0.046666666666666676,0.29,100,300,A_minus_B,same_source_and_nominal_noise_seed_distinct_channel_noise_namespace,QPSK_and_P_fixed_2N
512,QPSK,13,entropy_policy,P512,semantic_error,-0.1666666666666667,-0.29,-0.046666666666666655,100,300,A_minus_B,same_source_and_nominal_noise_seed_distinct_channel_noise_namespace,QPSK_and_P_fixed_2N
512,QPSK,13,whole_policy,P512,psnr_db,-3.8333748149871822,-4.093234103759129,-3.5764938908418022,100,300,A_minus_B,same_source_and_nominal_noise_seed_distinct_channel_noise_namespace,QPSK_and_P_fixed_2N
512,QPSK,13,whole_policy,P512,lpips_alex,0.10675960838794708,0.09756455215377113,0.11590277909363308,100,300,A_minus_B,same_source_and_nominal_noise_seed_distinct_channel_noise_namespace,QPSK_and_P_fixed_2N
512,QPSK,13,whole_policy,P512,dino_cosine,0.16939535186936458,0.1341473253965378,0.2049423678787425,100,300,A_minus_B,same_source_and_nominal_noise_seed_distinct_channel_noise_namespace,QPSK_and_P_fixed_2N
512,QPSK,13,whole_policy,P512,dinov2_vitl14_cosine,0.026504907694955657,-0.020429633484687657,0.07345085257322836,100,300,A_minus_B,same_source_and_nominal_noise_seed_distinct_channel_noise_namespace,QPSK_and_P_fixed_2N
512,QPSK,13,whole_policy,P512,clip_image_cosine,0.08055085231860477,0.06615743517627316,0.0953203897550702,100,300,A_minus_B,same_source_and_nominal_noise_seed_distinct_channel_noise_namespace,QPSK_and_P_fixed_2N
512,QPSK,13,whole_policy,P512,dists,-0.022380808989206948,-0.028939442113041874,-0.01574599494536718,100,300,A_minus_B,same_source_and_nominal_noise_seed_distinct_channel_noise_namespace,QPSK_and_P_fixed_2N
512,QPSK,13,whole_policy,P512,dreamsim,-0.030908413728078198,-0.046633248989780746,-0.014714551513393733,100,300,A_minus_B,same_source_and_nominal_noise_seed_distinct_channel_noise_namespace,QPSK_and_P_fixed_2N
512,QPSK,13,whole_policy,P512,ms_ssim,-0.24963512023289997,-0.2682158501185477,-0.23103974837561453,100,300,A_minus_B,same_source_and_nominal_noise_seed_distinct_channel_noise_namespace,QPSK_and_P_fixed_2N
512,QPSK,13,whole_policy,P512,dino_specificity,0.17035416920979818,0.13284338142897467,0.20828985938460876,100,300,A_minus_B,same_source_and_nominal_noise_seed_distinct_channel_noise_namespace,QPSK_and_P_fixed_2N
512,QPSK,13,whole_policy,P512,resnet50_top1_label,0.1266666666666667,0.013333333333333346,0.24000000000000005,100,300,A_minus_B,same_source_and_nominal_noise_seed_distinct_channel_noise_namespace,QPSK_and_P_fixed_2N
512,QPSK,13,whole_policy,P512,resnet50_top1_source_prediction,0.11666666666666668,-0.0033333333333333214,0.24,100,300,A_minus_B,same_source_and_nominal_noise_seed_distinct_channel_noise_namespace,QPSK_and_P_fixed_2N
512,QPSK,13,whole_policy,P512,semantic_error,-0.11666666666666665,-0.23999999999999996,0.0033333333333333505,100,300,A_minus_B,same_source_and_nominal_noise_seed_distinct_channel_noise_namespace,QPSK_and_P_fixed_2N
512,QPSK,19,entropy_policy,P512,psnr_db,-3.8273234907786047,-4.095573282321295,-3.5592178897857667,100,300,A_minus_B,same_source_and_nominal_noise_seed_distinct_channel_noise_namespace,QPSK_and_P_fixed_2N
512,QPSK,19,entropy_policy,P512,lpips_alex,0.09866577024261158,0.08953911132241289,0.10761719993253546,100,300,A_minus_B,same_source_and_nominal_noise_seed_distinct_channel_noise_namespace,QPSK_and_P_fixed_2N
512,QPSK,19,entropy_policy,P512,dino_cosine,0.186366626098752,0.14992164993348223,0.22304667561749608,100,300,A_minus_B,same_source_and_nominal_noise_seed_distinct_channel_noise_namespace,QPSK_and_P_fixed_2N
512,QPSK,19,entropy_policy,P512,dinov2_vitl14_cosine,0.05290414384100587,0.003050624891805156,0.1033082548097397,100,300,A_minus_B,same_source_and_nominal_noise_seed_distinct_channel_noise_namespace,QPSK_and_P_fixed_2N
512,QPSK,19,entropy_policy,P512,clip_image_cosine,0.08532414525747299,0.06791375148793062,0.10261509826531012,100,300,A_minus_B,same_source_and_nominal_noise_seed_distinct_channel_noise_namespace,QPSK_and_P_fixed_2N
512,QPSK,19,entropy_policy,P512,dists,-0.02628914972146352,-0.03294189050296942,-0.01974396163225174,100,300,A_minus_B,same_source_and_nominal_noise_seed_distinct_channel_noise_namespace,QPSK_and_P_fixed_2N
512,QPSK,19,entropy_policy,P512,dreamsim,-0.04711841603120168,-0.06352141099671522,-0.03098307424287001,100,300,A_minus_B,same_source_and_nominal_noise_seed_distinct_channel_noise_namespace,QPSK_and_P_fixed_2N
512,QPSK,19,entropy_policy,P512,ms_ssim,-0.24188336769739785,-0.26016034405678506,-0.22417327853292218,100,300,A_minus_B,same_source_and_nominal_noise_seed_distinct_channel_noise_namespace,QPSK_and_P_fixed_2N
512,QPSK,19,entropy_policy,P512,dino_specificity,0.1872563124711936,0.14884079362199798,0.2257029915915336,100,300,A_minus_B,same_source_and_nominal_noise_seed_distinct_channel_noise_namespace,QPSK_and_P_fixed_2N
512,QPSK,19,entropy_policy,P512,resnet50_top1_label,0.14333333333333334,0.03333333333333335,0.25333333333333335,100,300,A_minus_B,same_source_and_nominal_noise_seed_distinct_channel_noise_namespace,QPSK_and_P_fixed_2N
512,QPSK,19,entropy_policy,P512,resnet50_top1_source_prediction,0.14333333333333337,0.023333333333333345,0.26666666666666666,100,300,A_minus_B,same_source_and_nominal_noise_seed_distinct_channel_noise_namespace,QPSK_and_P_fixed_2N
512,QPSK,19,entropy_policy,P512,semantic_error,-0.1433333333333333,-0.26666666666666666,-0.023333333333333314,100,300,A_minus_B,same_source_and_nominal_noise_seed_distinct_channel_noise_namespace,QPSK_and_P_fixed_2N
512,QPSK,19,whole_policy,P512,psnr_db,-3.976977211634318,-4.242124255895615,-3.712565755367279,100,300,A_minus_B,same_source_and_nominal_noise_seed_distinct_channel_noise_namespace,QPSK_and_P_fixed_2N
512,QPSK,19,whole_policy,P512,lpips_alex,0.11331024835507077,0.10391482398783164,0.12267425759509204,100,300,A_minus_B,same_source_and_nominal_noise_seed_distinct_channel_noise_namespace,QPSK_and_P_fixed_2N
512,QPSK,19,whole_policy,P512,dino_cosine,0.1537284704297781,0.1186028305372844,0.18932092926837502,100,300,A_minus_B,same_source_and_nominal_noise_seed_distinct_channel_noise_namespace,QPSK_and_P_fixed_2N
512,QPSK,19,whole_policy,P512,dinov2_vitl14_cosine,0.006987484600394965,-0.04073005541305369,0.0545662701181136,100,300,A_minus_B,same_source_and_nominal_noise_seed_distinct_channel_noise_namespace,QPSK_and_P_fixed_2N
512,QPSK,19,whole_policy,P512,clip_image_cosine,0.07541261702775955,0.06061597884694735,0.09063041991740464,100,300,A_minus_B,same_source_and_nominal_noise_seed_distinct_channel_noise_namespace,QPSK_and_P_fixed_2N
512,QPSK,19,whole_policy,P512,dists,-0.019827646215756736,-0.02641637438038985,-0.01312744488318761,100,300,A_minus_B,same_source_and_nominal_noise_seed_distinct_channel_noise_namespace,QPSK_and_P_fixed_2N
512,QPSK,19,whole_policy,P512,dreamsim,-0.02203029652436575,-0.03775144868592421,-0.005839199945330628,100,300,A_minus_B,same_source_and_nominal_noise_seed_distinct_channel_noise_namespace,QPSK_and_P_fixed_2N
512,QPSK,19,whole_policy,P512,ms_ssim,-0.2570203841725985,-0.2757609253513316,-0.2383224984953801,100,300,A_minus_B,same_source_and_nominal_noise_seed_distinct_channel_noise_namespace,QPSK_and_P_fixed_2N
512,QPSK,19,whole_policy,P512,dino_specificity,0.15390543581296998,0.11659705099044368,0.1921223866885605,100,300,A_minus_B,same_source_and_nominal_noise_seed_distinct_channel_noise_namespace,QPSK_and_P_fixed_2N
512,QPSK,19,whole_policy,P512,resnet50_top1_label,0.10333333333333333,-0.006666666666666653,0.21666666666666665,100,300,A_minus_B,same_source_and_nominal_noise_seed_distinct_channel_noise_namespace,QPSK_and_P_fixed_2N
512,QPSK,19,whole_policy,P512,resnet50_top1_source_prediction,0.09333333333333335,-0.02333333333333332,0.21333333333333335,100,300,A_minus_B,same_source_and_nominal_noise_seed_distinct_channel_noise_namespace,QPSK_and_P_fixed_2N
512,QPSK,19,whole_policy,P512,semantic_error,-0.09333333333333332,-0.21333333333333332,0.023333333333333352,100,300,A_minus_B,same_source_and_nominal_noise_seed_distinct_channel_noise_namespace,QPSK_and_P_fixed_2N
512,16QAM,1,entropy_policy,P512,psnr_db,-5.117955193519593,-5.421970941384634,-4.82391294058164,100,300,A_minus_B,same_source_and_nominal_noise_seed_distinct_channel_noise_namespace,16QAM_actual_E_separately_reported
512,16QAM,1,entropy_policy,P512,lpips_alex,0.19409363572796187,0.1803814392847319,0.208077951276054,100,300,A_minus_B,same_source_and_nominal_noise_seed_distinct_channel_noise_namespace,16QAM_actual_E_separately_reported
512,16QAM,1,entropy_policy,P512,dino_cosine,0.04984952968855699,0.02220518241310492,0.0785850960240544,100,300,A_minus_B,same_source_and_nominal_noise_seed_distinct_channel_noise_namespace,16QAM_actual_E_separately_reported
512,16QAM,1,entropy_policy,P512,dinov2_vitl14_cosine,-0.007720948353720209,-0.03217455228293935,0.015200395367185888,100,300,A_minus_B,same_source_and_nominal_noise_seed_distinct_channel_noise_namespace,16QAM_actual_E_separately_reported
512,16QAM,1,entropy_policy,P512,clip_image_cosine,0.03364140560229619,0.02102809977779785,0.04615984897067149,100,300,A_minus_B,same_source_and_nominal_noise_seed_distinct_channel_noise_namespace,16QAM_actual_E_separately_reported
512,16QAM,1,entropy_policy,P512,dists,0.016909983555475874,0.008654164046049123,0.025181270639101666,100,300,A_minus_B,same_source_and_nominal_noise_seed_distinct_channel_noise_namespace,16QAM_actual_E_separately_reported
512,16QAM,1,entropy_policy,P512,dreamsim,0.05571819325288137,0.03306832743684451,0.07775440217057865,100,300,A_minus_B,same_source_and_nominal_noise_seed_distinct_channel_noise_namespace,16QAM_actual_E_separately_reported
512,16QAM,1,entropy_policy,P512,ms_ssim,-0.3332640578101078,-0.35034115530348686,-0.3173102064086124,100,300,A_minus_B,same_source_and_nominal_noise_seed_distinct_channel_noise_namespace,16QAM_actual_E_separately_reported
512,16QAM,1,entropy_policy,P512,dino_specificity,0.05232283925637602,0.024829705664383563,0.08024069779183868,100,300,A_minus_B,same_source_and_nominal_noise_seed_distinct_channel_noise_namespace,16QAM_actual_E_separately_reported
512,16QAM,1,entropy_policy,P512,resnet50_top1_label,-5.551115123125783e-18,-0.05333333333333333,0.04999999999999999,100,300,A_minus_B,same_source_and_nominal_noise_seed_distinct_channel_noise_namespace,16QAM_actual_E_separately_reported
512,16QAM,1,entropy_policy,P512,resnet50_top1_source_prediction,-0.00666666666666667,-0.06000000000000001,0.04666666666666666,100,300,A_minus_B,same_source_and_nominal_noise_seed_distinct_channel_noise_namespace,16QAM_actual_E_separately_reported
512,16QAM,1,entropy_policy,P512,semantic_error,0.0066666666666666645,-0.04666666666666667,0.06000000000000001,100,300,A_minus_B,same_source_and_nominal_noise_seed_distinct_channel_noise_namespace,16QAM_actual_E_separately_reported
512,16QAM,1,whole_policy,P512,psnr_db,-5.117955193519593,-5.421970941384634,-4.82391294058164,100,300,A_minus_B,same_source_and_nominal_noise_seed_distinct_channel_noise_namespace,16QAM_actual_E_separately_reported
512,16QAM,1,whole_policy,P512,lpips_alex,0.19409363572796187,0.1803814392847319,0.208077951276054,100,300,A_minus_B,same_source_and_nominal_noise_seed_distinct_channel_noise_namespace,16QAM_actual_E_separately_reported
512,16QAM,1,whole_policy,P512,dino_cosine,0.04984952968855699,0.02220518241310492,0.0785850960240544,100,300,A_minus_B,same_source_and_nominal_noise_seed_distinct_channel_noise_namespace,16QAM_actual_E_separately_reported
512,16QAM,1,whole_policy,P512,dinov2_vitl14_cosine,-0.007720948353720209,-0.03217455228293935,0.015200395367185888,100,300,A_minus_B,same_source_and_nominal_noise_seed_distinct_channel_noise_namespace,16QAM_actual_E_separately_reported
512,16QAM,1,whole_policy,P512,clip_image_cosine,0.03364140560229619,0.02102809977779785,0.04615984897067149,100,300,A_minus_B,same_source_and_nominal_noise_seed_distinct_channel_noise_namespace,16QAM_actual_E_separately_reported
512,16QAM,1,whole_policy,P512,dists,0.016909983555475874,0.008654164046049123,0.025181270639101666,100,300,A_minus_B,same_source_and_nominal_noise_seed_distinct_channel_noise_namespace,16QAM_actual_E_separately_reported
512,16QAM,1,whole_policy,P512,dreamsim,0.05571819325288137,0.03306832743684451,0.07775440217057865,100,300,A_minus_B,same_source_and_nominal_noise_seed_distinct_channel_noise_namespace,16QAM_actual_E_separately_reported
512,16QAM,1,whole_policy,P512,ms_ssim,-0.3332640578101078,-0.35034115530348686,-0.3173102064086124,100,300,A_minus_B,same_source_and_nominal_noise_seed_distinct_channel_noise_namespace,16QAM_actual_E_separately_reported
512,16QAM,1,whole_policy,P512,dino_specificity,0.05232283925637602,0.024829705664383563,0.08024069779183868,100,300,A_minus_B,same_source_and_nominal_noise_seed_distinct_channel_noise_namespace,16QAM_actual_E_separately_reported
512,16QAM,1,whole_policy,P512,resnet50_top1_label,-5.551115123125783e-18,-0.05333333333333333,0.04999999999999999,100,300,A_minus_B,same_source_and_nominal_noise_seed_distinct_channel_noise_namespace,16QAM_actual_E_separately_reported
512,16QAM,1,whole_policy,P512,resnet50_top1_source_prediction,-0.00666666666666667,-0.06000000000000001,0.04666666666666666,100,300,A_minus_B,same_source_and_nominal_noise_seed_distinct_channel_noise_namespace,16QAM_actual_E_separately_reported
512,16QAM,1,whole_policy,P512,semantic_error,0.0066666666666666645,-0.04666666666666667,0.06000000000000001,100,300,A_minus_B,same_source_and_nominal_noise_seed_distinct_channel_noise_namespace,16QAM_actual_E_separately_reported
512,16QAM,4,entropy_policy,P512,psnr_db,-3.8733747323354084,-4.156737379471461,-3.5969230906963356,100,300,A_minus_B,same_source_and_nominal_noise_seed_distinct_channel_noise_namespace,16QAM_actual_E_separately_reported
512,16QAM,4,entropy_policy,P512,lpips_alex,0.11720964101453622,0.10721849864783388,0.12720087161660196,100,300,A_minus_B,same_source_and_nominal_noise_seed_distinct_channel_noise_namespace,16QAM_actual_E_separately_reported
512,16QAM,4,entropy_policy,P512,dino_cosine,0.15745260470857222,0.12174474109864485,0.1930984323533873,100,300,A_minus_B,same_source_and_nominal_noise_seed_distinct_channel_noise_namespace,16QAM_actual_E_separately_reported
512,16QAM,4,entropy_policy,P512,dinov2_vitl14_cosine,0.052057305350899696,0.009422522834812597,0.09242600768525154,100,300,A_minus_B,same_source_and_nominal_noise_seed_distinct_channel_noise_namespace,16QAM_actual_E_separately_reported
512,16QAM,4,entropy_policy,P512,clip_image_cosine,0.08571419358253479,0.0693058678706487,0.10196211502701043,100,300,A_minus_B,same_source_and_nominal_noise_seed_distinct_channel_noise_namespace,16QAM_actual_E_separately_reported
512,16QAM,4,entropy_policy,P512,dists,-0.008989914059638976,-0.01593990125755469,-0.0020012369255224902,100,300,A_minus_B,same_source_and_nominal_noise_seed_distinct_channel_noise_namespace,16QAM_actual_E_separately_reported
512,16QAM,4,entropy_policy,P512,dreamsim,-0.03334577937920888,-0.05250118094185987,-0.014109531531731294,100,300,A_minus_B,same_source_and_nominal_noise_seed_distinct_channel_noise_namespace,16QAM_actual_E_separately_reported
512,16QAM,4,entropy_policy,P512,ms_ssim,-0.2628708365559578,-0.2822868054509163,-0.24412465210507317,100,300,A_minus_B,same_source_and_nominal_noise_seed_distinct_channel_noise_namespace,16QAM_actual_E_separately_reported
512,16QAM,4,entropy_policy,P512,dino_specificity,0.16357393777308363,0.12607048228934098,0.20064354018773886,100,300,A_minus_B,same_source_and_nominal_noise_seed_distinct_channel_noise_namespace,16QAM_actual_E_separately_reported
512,16QAM,4,entropy_policy,P512,resnet50_top1_label,0.09333333333333334,-0.003333333333333321,0.18666666666666665,100,300,A_minus_B,same_source_and_nominal_noise_seed_distinct_channel_noise_namespace,16QAM_actual_E_separately_reported
512,16QAM,4,entropy_policy,P512,resnet50_top1_source_prediction,0.09333333333333334,4.996003610813204e-18,0.18666666666666668,100,300,A_minus_B,same_source_and_nominal_noise_seed_distinct_channel_noise_namespace,16QAM_actual_E_separately_reported
512,16QAM,4,entropy_policy,P512,semantic_error,-0.09333333333333331,-0.18666666666666668,1.2212453270876722e-17,100,300,A_minus_B,same_source_and_nominal_noise_seed_distinct_channel_noise_namespace,16QAM_actual_E_separately_reported
512,16QAM,4,whole_policy,P512,psnr_db,-4.022043625513712,-4.3109666468302414,-3.7389707849820457,100,300,A_minus_B,same_source_and_nominal_noise_seed_distinct_channel_noise_namespace,16QAM_actual_E_separately_reported
512,16QAM,4,whole_policy,P512,lpips_alex,0.12795572735369207,0.11811894112825394,0.13811036440233387,100,300,A_minus_B,same_source_and_nominal_noise_seed_distinct_channel_noise_namespace,16QAM_actual_E_separately_reported
512,16QAM,4,whole_policy,P512,dino_cosine,0.1460602222258846,0.11028326729219405,0.18195856076478953,100,300,A_minus_B,same_source_and_nominal_noise_seed_distinct_channel_noise_namespace,16QAM_actual_E_separately_reported
512,16QAM,4,whole_policy,P512,dinov2_vitl14_cosine,0.040096013974398374,-4.1192039769760525e-05,0.07932113561034203,100,300,A_minus_B,same_source_and_nominal_noise_seed_distinct_channel_noise_namespace,16QAM_actual_E_separately_reported
512,16QAM,4,whole_policy,P512,clip_image_cosine,0.07533658077319463,0.0604436628818512,0.09006671007722618,100,300,A_minus_B,same_source_and_nominal_noise_seed_distinct_channel_noise_namespace,16QAM_actual_E_separately_reported
512,16QAM,4,whole_policy,P512,dists,0.0021945406993230197,-0.005735096246004104,0.01003723783791065,100,300,A_minus_B,same_source_and_nominal_noise_seed_distinct_channel_noise_namespace,16QAM_actual_E_separately_reported
512,16QAM,4,whole_policy,P512,dreamsim,-0.017464996973673506,-0.0364694259315729,0.0016881427317857697,100,300,A_minus_B,same_source_and_nominal_noise_seed_distinct_channel_noise_namespace,16QAM_actual_E_separately_reported
512,16QAM,4,whole_policy,P512,ms_ssim,-0.2732153048366308,-0.2928107023785511,-0.2540763880833983,100,300,A_minus_B,same_source_and_nominal_noise_seed_distinct_channel_noise_namespace,16QAM_actual_E_separately_reported
512,16QAM,4,whole_policy,P512,dino_specificity,0.1463469966376821,0.10755588781375748,0.18462115377261462,100,300,A_minus_B,same_source_and_nominal_noise_seed_distinct_channel_noise_namespace,16QAM_actual_E_separately_reported
512,16QAM,4,whole_policy,P512,resnet50_top1_label,0.06666666666666668,-0.013333333333333326,0.15,100,300,A_minus_B,same_source_and_nominal_noise_seed_distinct_channel_noise_namespace,16QAM_actual_E_separately_reported
512,16QAM,4,whole_policy,P512,resnet50_top1_source_prediction,0.07333333333333335,-0.009999999999999983,0.1566666666666667,100,300,A_minus_B,same_source_and_nominal_noise_seed_distinct_channel_noise_namespace,16QAM_actual_E_separately_reported
512,16QAM,4,whole_policy,P512,semantic_error,-0.0733333333333333,-0.15666666666666665,0.010000000000000007,100,300,A_minus_B,same_source_and_nominal_noise_seed_distinct_channel_noise_namespace,16QAM_actual_E_separately_reported
512,16QAM,7,entropy_policy,P512,psnr_db,-3.2323700809478755,-3.4703958341280616,-3.000014318863551,100,300,A_minus_B,same_source_and_nominal_noise_seed_distinct_channel_noise_namespace,16QAM_actual_E_separately_reported
512,16QAM,7,entropy_policy,P512,lpips_alex,0.0717443223297596,0.06356415803482135,0.07982212662200132,100,300,A_minus_B,same_source_and_nominal_noise_seed_distinct_channel_noise_namespace,16QAM_actual_E_separately_reported
512,16QAM,7,entropy_policy,P512,dino_cosine,0.24970130493243536,0.2146137153636664,0.2856056229270374,100,300,A_minus_B,same_source_and_nominal_noise_seed_distinct_channel_noise_namespace,16QAM_actual_E_separately_reported
512,16QAM,7,entropy_policy,P512,dinov2_vitl14_cosine,0.13799953019712122,0.09003143900202125,0.18475969142583198,100,300,A_minus_B,same_source_and_nominal_noise_seed_distinct_channel_noise_namespace,16QAM_actual_E_separately_reported
512,16QAM,7,entropy_policy,P512,clip_image_cosine,0.11483496805032091,0.09786878314117589,0.13189975183208785,100,300,A_minus_B,same_source_and_nominal_noise_seed_distinct_channel_noise_namespace,16QAM_actual_E_separately_reported
512,16QAM,7,entropy_policy,P512,dists,-0.039482326904932655,-0.045848146304488184,-0.033187912374734875,100,300,A_minus_B,same_source_and_nominal_noise_seed_distinct_channel_noise_namespace,16QAM_actual_E_separately_reported
512,16QAM,7,entropy_policy,P512,dreamsim,-0.08771165331204735,-0.10420500703652702,-0.07150148308773835,100,300,A_minus_B,same_source_and_nominal_noise_seed_distinct_channel_noise_namespace,16QAM_actual_E_separately_reported
512,16QAM,7,entropy_policy,P512,ms_ssim,-0.2095197364936273,-0.2261607765474667,-0.19312552297487853,100,300,A_minus_B,same_source_and_nominal_noise_seed_distinct_channel_noise_namespace,16QAM_actual_E_separately_reported
512,16QAM,7,entropy_policy,P512,dino_specificity,0.25322357344596336,0.2172300199404902,0.29032496240160743,100,300,A_minus_B,same_source_and_nominal_noise_seed_distinct_channel_noise_namespace,16QAM_actual_E_separately_reported
512,16QAM,7,entropy_policy,P512,resnet50_top1_label,0.22333333333333333,0.12000000000000002,0.32666666666666666,100,300,A_minus_B,same_source_and_nominal_noise_seed_distinct_channel_noise_namespace,16QAM_actual_E_separately_reported
512,16QAM,7,entropy_policy,P512,resnet50_top1_source_prediction,0.22000000000000003,0.1165833333333334,0.3266666666666667,100,300,A_minus_B,same_source_and_nominal_noise_seed_distinct_channel_noise_namespace,16QAM_actual_E_separately_reported
512,16QAM,7,entropy_policy,P512,semantic_error,-0.21999999999999997,-0.32666666666666666,-0.11658333333333451,100,300,A_minus_B,same_source_and_nominal_noise_seed_distinct_channel_noise_namespace,16QAM_actual_E_separately_reported
512,16QAM,7,whole_policy,P512,psnr_db,-3.365061944325765,-3.6009250205357866,-3.1343238059679677,100,300,A_minus_B,same_source_and_nominal_noise_seed_distinct_channel_noise_namespace,16QAM_actual_E_separately_reported
512,16QAM,7,whole_policy,P512,lpips_alex,0.08295428417623045,0.07420339456076425,0.09173453800814844,100,300,A_minus_B,same_source_and_nominal_noise_seed_distinct_channel_noise_namespace,16QAM_actual_E_separately_reported
512,16QAM,7,whole_policy,P512,dino_cosine,0.21775279252479474,0.18239323194573323,0.25331621063935256,100,300,A_minus_B,same_source_and_nominal_noise_seed_distinct_channel_noise_namespace,16QAM_actual_E_separately_reported
512,16QAM,7,whole_policy,P512,dinov2_vitl14_cosine,0.08666381250290822,0.04024934968367841,0.13283196836240432,100,300,A_minus_B,same_source_and_nominal_noise_seed_distinct_channel_noise_namespace,16QAM_actual_E_separately_reported
512,16QAM,7,whole_policy,P512,clip_image_cosine,0.10077626576026277,0.0855871778229872,0.11600552627444266,100,300,A_minus_B,same_source_and_nominal_noise_seed_distinct_channel_noise_namespace,16QAM_actual_E_separately_reported
512,16QAM,7,whole_policy,P512,dists,-0.03295385519663493,-0.03940794976552328,-0.02646985825399558,100,300,A_minus_B,same_source_and_nominal_noise_seed_distinct_channel_noise_namespace,16QAM_actual_E_separately_reported
512,16QAM,7,whole_policy,P512,dreamsim,-0.06592795014381407,-0.08251641362905503,-0.04909140323102476,100,300,A_minus_B,same_source_and_nominal_noise_seed_distinct_channel_noise_namespace,16QAM_actual_E_separately_reported
512,16QAM,7,whole_policy,P512,ms_ssim,-0.224538133541743,-0.24206812382986154,-0.20721818559368455,100,300,A_minus_B,same_source_and_nominal_noise_seed_distinct_channel_noise_namespace,16QAM_actual_E_separately_reported
512,16QAM,7,whole_policy,P512,dino_specificity,0.221232007422174,0.18302870814017175,0.2592147766119645,100,300,A_minus_B,same_source_and_nominal_noise_seed_distinct_channel_noise_namespace,16QAM_actual_E_separately_reported
512,16QAM,7,whole_policy,P512,resnet50_top1_label,0.17,0.06333333333333335,0.2733333333333334,100,300,A_minus_B,same_source_and_nominal_noise_seed_distinct_channel_noise_namespace,16QAM_actual_E_separately_reported
512,16QAM,7,whole_policy,P512,resnet50_top1_source_prediction,0.17,0.06000000000000001,0.28,100,300,A_minus_B,same_source_and_nominal_noise_seed_distinct_channel_noise_namespace,16QAM_actual_E_separately_reported
512,16QAM,7,whole_policy,P512,semantic_error,-0.17,-0.27999999999999997,-0.059999999999999984,100,300,A_minus_B,same_source_and_nominal_noise_seed_distinct_channel_noise_namespace,16QAM_actual_E_separately_reported
512,16QAM,13,entropy_policy,P512,psnr_db,-2.2949018732706703,-2.526526583830516,-2.058770375649135,100,300,A_minus_B,same_source_and_nominal_noise_seed_distinct_channel_noise_namespace,16QAM_actual_E_separately_reported
512,16QAM,13,entropy_policy,P512,lpips_alex,0.026136912256479263,0.01966930302667121,0.03266656222939491,100,300,A_minus_B,same_source_and_nominal_noise_seed_distinct_channel_noise_namespace,16QAM_actual_E_separately_reported
512,16QAM,13,entropy_policy,P512,dino_cosine,0.30226728440572814,0.2697492112424224,0.33578718393389134,100,300,A_minus_B,same_source_and_nominal_noise_seed_distinct_channel_noise_namespace,16QAM_actual_E_separately_reported
512,16QAM,13,entropy_policy,P512,dinov2_vitl14_cosine,0.21332426497712734,0.17198835640586915,0.255131052879151,100,300,A_minus_B,same_source_and_nominal_noise_seed_distinct_channel_noise_namespace,16QAM_actual_E_separately_reported
512,16QAM,13,entropy_policy,P512,clip_image_cosine,0.13884035885334015,0.12480487843602896,0.15289722517132762,100,300,A_minus_B,same_source_and_nominal_noise_seed_distinct_channel_noise_namespace,16QAM_actual_E_separately_reported
512,16QAM,13,entropy_policy,P512,dists,-0.059464224378267934,-0.065114956493179,-0.0539515869319439,100,300,A_minus_B,same_source_and_nominal_noise_seed_distinct_channel_noise_namespace,16QAM_actual_E_separately_reported
512,16QAM,13,entropy_policy,P512,dreamsim,-0.12434017320473988,-0.13983885618547595,-0.10966737726827461,100,300,A_minus_B,same_source_and_nominal_noise_seed_distinct_channel_noise_namespace,16QAM_actual_E_separately_reported
512,16QAM,13,entropy_policy,P512,ms_ssim,-0.13420744687318803,-0.14865479949861768,-0.11992905588944752,100,300,A_minus_B,same_source_and_nominal_noise_seed_distinct_channel_noise_namespace,16QAM_actual_E_separately_reported
512,16QAM,13,entropy_policy,P512,dino_specificity,0.3028472752605254,0.27038101549760907,0.3363174667006436,100,300,A_minus_B,same_source_and_nominal_noise_seed_distinct_channel_noise_namespace,16QAM_actual_E_separately_reported
512,16QAM,13,entropy_policy,P512,resnet50_top1_label,0.2833333333333333,0.18666666666666668,0.38666666666666666,100,300,A_minus_B,same_source_and_nominal_noise_seed_distinct_channel_noise_namespace,16QAM_actual_E_separately_reported
512,16QAM,13,entropy_policy,P512,resnet50_top1_source_prediction,0.3233333333333333,0.2166666666666667,0.43,100,300,A_minus_B,same_source_and_nominal_noise_seed_distinct_channel_noise_namespace,16QAM_actual_E_separately_reported
512,16QAM,13,entropy_policy,P512,semantic_error,-0.3233333333333333,-0.43,-0.21666666666666667,100,300,A_minus_B,same_source_and_nominal_noise_seed_distinct_channel_noise_namespace,16QAM_actual_E_separately_reported
512,16QAM,13,whole_policy,P512,psnr_db,-2.66207064628601,-2.8996774485905963,-2.4199517896970115,100,300,A_minus_B,same_source_and_nominal_noise_seed_distinct_channel_noise_namespace,16QAM_actual_E_separately_reported
512,16QAM,13,whole_policy,P512,lpips_alex,0.043287852481007576,0.0362013633561631,0.05041895873596271,100,300,A_minus_B,same_source_and_nominal_noise_seed_distinct_channel_noise_namespace,16QAM_actual_E_separately_reported
512,16QAM,13,whole_policy,P512,dino_cosine,0.2779295635347565,0.24626280620445806,0.3106513381013647,100,300,A_minus_B,same_source_and_nominal_noise_seed_distinct_channel_noise_namespace,16QAM_actual_E_separately_reported
512,16QAM,13,whole_policy,P512,dinov2_vitl14_cosine,0.20126728919645154,0.1598638192256913,0.24292707602322713,100,300,A_minus_B,same_source_and_nominal_noise_seed_distinct_channel_noise_namespace,16QAM_actual_E_separately_reported
512,16QAM,13,whole_policy,P512,clip_image_cosine,0.1343243767817815,0.1183876181890567,0.1503426456004381,100,300,A_minus_B,same_source_and_nominal_noise_seed_distinct_channel_noise_namespace,16QAM_actual_E_separately_reported
512,16QAM,13,whole_policy,P512,dists,-0.05396383325258892,-0.05980479402840137,-0.04818470379213492,100,300,A_minus_B,same_source_and_nominal_noise_seed_distinct_channel_noise_namespace,16QAM_actual_E_separately_reported
512,16QAM,13,whole_policy,P512,dreamsim,-0.10688642700513203,-0.12280900711814562,-0.09094260698060196,100,300,A_minus_B,same_source_and_nominal_noise_seed_distinct_channel_noise_namespace,16QAM_actual_E_separately_reported
512,16QAM,13,whole_policy,P512,ms_ssim,-0.1626305781801542,-0.17766049696505073,-0.14732628557334346,100,300,A_minus_B,same_source_and_nominal_noise_seed_distinct_channel_noise_namespace,16QAM_actual_E_separately_reported
512,16QAM,13,whole_policy,P512,dino_specificity,0.27675002745663124,0.2447828241371317,0.3093493918832391,100,300,A_minus_B,same_source_and_nominal_noise_seed_distinct_channel_noise_namespace,16QAM_actual_E_separately_reported
512,16QAM,13,whole_policy,P512,resnet50_top1_label,0.26666666666666666,0.16666666666666669,0.37,100,300,A_minus_B,same_source_and_nominal_noise_seed_distinct_channel_noise_namespace,16QAM_actual_E_separately_reported
512,16QAM,13,whole_policy,P512,resnet50_top1_source_prediction,0.2966666666666667,0.18333333333333335,0.41,100,300,A_minus_B,same_source_and_nominal_noise_seed_distinct_channel_noise_namespace,16QAM_actual_E_separately_reported
512,16QAM,13,whole_policy,P512,semantic_error,-0.29666666666666663,-0.41,-0.18333333333333332,100,300,A_minus_B,same_source_and_nominal_noise_seed_distinct_channel_noise_namespace,16QAM_actual_E_separately_reported
512,16QAM,19,entropy_policy,P512,psnr_db,-1.7985210482279461,-2.0204832904338836,-1.5698292253017423,100,300,A_minus_B,same_source_and_nominal_noise_seed_distinct_channel_noise_namespace,16QAM_actual_E_separately_reported
512,16QAM,19,entropy_policy,P512,lpips_alex,0.007259696523348491,0.0011409826104839661,0.013239922375107809,100,300,A_minus_B,same_source_and_nominal_noise_seed_distinct_channel_noise_namespace,16QAM_actual_E_separately_reported
512,16QAM,19,entropy_policy,P512,dino_cosine,0.32592661537230017,0.29279617123988766,0.359228292349105,100,300,A_minus_B,same_source_and_nominal_noise_seed_distinct_channel_noise_namespace,16QAM_actual_E_separately_reported
512,16QAM,19,entropy_policy,P512,dinov2_vitl14_cosine,0.2643846471235156,0.22252420221765834,0.3071396481310949,100,300,A_minus_B,same_source_and_nominal_noise_seed_distinct_channel_noise_namespace,16QAM_actual_E_separately_reported
512,16QAM,19,entropy_policy,P512,clip_image_cosine,0.1443580174446106,0.12755289937059083,0.1614299867749214,100,300,A_minus_B,same_source_and_nominal_noise_seed_distinct_channel_noise_namespace,16QAM_actual_E_separately_reported
512,16QAM,19,entropy_policy,P512,dists,-0.0679156788190206,-0.07312181734045346,-0.06269360133012135,100,300,A_minus_B,same_source_and_nominal_noise_seed_distinct_channel_noise_namespace,16QAM_actual_E_separately_reported
512,16QAM,19,entropy_policy,P512,dreamsim,-0.13725768943627675,-0.15186006818215053,-0.12330363658070563,100,300,A_minus_B,same_source_and_nominal_noise_seed_distinct_channel_noise_namespace,16QAM_actual_E_separately_reported
512,16QAM,19,entropy_policy,P512,ms_ssim,-0.10097637126843134,-0.1137709538117051,-0.08807363389184075,100,300,A_minus_B,same_source_and_nominal_noise_seed_distinct_channel_noise_namespace,16QAM_actual_E_separately_reported
512,16QAM,19,entropy_policy,P512,dino_specificity,0.32551947944176696,0.29261100290176306,0.3588147313775649,100,300,A_minus_B,same_source_and_nominal_noise_seed_distinct_channel_noise_namespace,16QAM_actual_E_separately_reported
512,16QAM,19,entropy_policy,P512,resnet50_top1_label,0.31333333333333335,0.21,0.41666666666666663,100,300,A_minus_B,same_source_and_nominal_noise_seed_distinct_channel_noise_namespace,16QAM_actual_E_separately_reported
512,16QAM,19,entropy_policy,P512,resnet50_top1_source_prediction,0.39333333333333337,0.2833333333333334,0.5033333333333334,100,300,A_minus_B,same_source_and_nominal_noise_seed_distinct_channel_noise_namespace,16QAM_actual_E_separately_reported
512,16QAM,19,entropy_policy,P512,semantic_error,-0.3933333333333333,-0.5033333333333333,-0.2833333333333333,100,300,A_minus_B,same_source_and_nominal_noise_seed_distinct_channel_noise_namespace,16QAM_actual_E_separately_reported
512,16QAM,19,whole_policy,P512,psnr_db,-2.8056730429331456,-3.0487937657833104,-2.559961217880249,100,300,A_minus_B,same_source_and_nominal_noise_seed_distinct_channel_noise_namespace,16QAM_actual_E_separately_reported
512,16QAM,19,whole_policy,P512,lpips_alex,0.04983849244813124,0.04259605352021754,0.05712631429297229,100,300,A_minus_B,same_source_and_nominal_noise_seed_distinct_channel_noise_namespace,16QAM_actual_E_separately_reported
512,16QAM,19,whole_policy,P512,dino_cosine,0.26226268209517,0.23009625562218328,0.2951097857002169,100,300,A_minus_B,same_source_and_nominal_noise_seed_distinct_channel_noise_namespace,16QAM_actual_E_separately_reported
512,16QAM,19,whole_policy,P512,dinov2_vitl14_cosine,0.18174986610189076,0.1399388305636433,0.22396871054731307,100,300,A_minus_B,same_source_and_nominal_noise_seed_distinct_channel_noise_namespace,16QAM_actual_E_separately_reported
512,16QAM,19,whole_policy,P512,clip_image_cosine,0.12918614149093627,0.11280378229667742,0.1455855228727063,100,300,A_minus_B,same_source_and_nominal_noise_seed_distinct_channel_noise_namespace,16QAM_actual_E_separately_reported
512,16QAM,19,whole_policy,P512,dists,-0.0514106704791387,-0.05730964258313177,-0.045611935754617056,100,300,A_minus_B,same_source_and_nominal_noise_seed_distinct_channel_noise_namespace,16QAM_actual_E_separately_reported
512,16QAM,19,whole_policy,P512,dreamsim,-0.09800830980141959,-0.11404094501833122,-0.08206829759975275,100,300,A_minus_B,same_source_and_nominal_noise_seed_distinct_channel_noise_namespace,16QAM_actual_E_separately_reported
512,16QAM,19,whole_policy,P512,ms_ssim,-0.17001584211985268,-0.185277998102208,-0.15448768307268623,100,300,A_minus_B,same_source_and_nominal_noise_seed_distinct_channel_noise_namespace,16QAM_actual_E_separately_reported
512,16QAM,19,whole_policy,P512,dino_specificity,0.2603012940598031,0.22834281880311513,0.2930951017907743,100,300,A_minus_B,same_source_and_nominal_noise_seed_distinct_channel_noise_namespace,16QAM_actual_E_separately_reported
512,16QAM,19,whole_policy,P512,resnet50_top1_label,0.24333333333333335,0.14333333333333334,0.3499999999999999,100,300,A_minus_B,same_source_and_nominal_noise_seed_distinct_channel_noise_namespace,16QAM_actual_E_separately_reported
512,16QAM,19,whole_policy,P512,resnet50_top1_source_prediction,0.2733333333333334,0.1566666666666667,0.39000000000000007,100,300,A_minus_B,same_source_and_nominal_noise_seed_distinct_channel_noise_namespace,16QAM_actual_E_separately_reported
512,16QAM,19,whole_policy,P512,semantic_error,-0.27333333333333326,-0.39,-0.15666666666666665,100,300,A_minus_B,same_source_and_nominal_noise_seed_distinct_channel_noise_namespace,16QAM_actual_E_separately_reported
1024,QPSK,1,entropy_policy,P1024,psnr_db,-2.880622831980388,-3.0938243637084963,-2.6715754872163138,100,300,A_minus_B,same_source_and_nominal_noise_seed_distinct_channel_noise_namespace,QPSK_and_P_fixed_2N
1024,QPSK,1,entropy_policy,P1024,lpips_alex,0.07391906169553598,0.06575315386491516,0.08209009552374483,100,300,A_minus_B,same_source_and_nominal_noise_seed_distinct_channel_noise_namespace,QPSK_and_P_fixed_2N
1024,QPSK,1,entropy_policy,P1024,dino_cosine,0.15629476631681125,0.12423835795372727,0.1881267284092804,100,300,A_minus_B,same_source_and_nominal_noise_seed_distinct_channel_noise_namespace,QPSK_and_P_fixed_2N
1024,QPSK,1,entropy_policy,P1024,dinov2_vitl14_cosine,0.06895637845310072,0.027969561780182027,0.10949003834556786,100,300,A_minus_B,same_source_and_nominal_noise_seed_distinct_channel_noise_namespace,QPSK_and_P_fixed_2N
1024,QPSK,1,entropy_policy,P1024,clip_image_cosine,0.0785939770936966,0.06446858178824187,0.0929626731748382,100,300,A_minus_B,same_source_and_nominal_noise_seed_distinct_channel_noise_namespace,QPSK_and_P_fixed_2N
1024,QPSK,1,entropy_policy,P1024,dists,-0.015345379312833151,-0.02079013896981875,-0.00992360795040926,100,300,A_minus_B,same_source_and_nominal_noise_seed_distinct_channel_noise_namespace,QPSK_and_P_fixed_2N
1024,QPSK,1,entropy_policy,P1024,dreamsim,-0.04172849774360657,-0.05708045536776384,-0.02644815552731355,100,300,A_minus_B,same_source_and_nominal_noise_seed_distinct_channel_noise_namespace,QPSK_and_P_fixed_2N
1024,QPSK,1,entropy_policy,P1024,ms_ssim,-0.21675304969151812,-0.23333083070690436,-0.2005016021219393,100,300,A_minus_B,same_source_and_nominal_noise_seed_distinct_channel_noise_namespace,QPSK_and_P_fixed_2N
1024,QPSK,1,entropy_policy,P1024,dino_specificity,0.1660983277492536,0.13181571160811775,0.20050556891432883,100,300,A_minus_B,same_source_and_nominal_noise_seed_distinct_channel_noise_namespace,QPSK_and_P_fixed_2N
1024,QPSK,1,entropy_policy,P1024,resnet50_top1_label,0.09666666666666669,-0.0033333333333333214,0.1966666666666667,100,300,A_minus_B,same_source_and_nominal_noise_seed_distinct_channel_noise_namespace,QPSK_and_P_fixed_2N
1024,QPSK,1,entropy_policy,P1024,resnet50_top1_source_prediction,0.10000000000000003,-0.006666666666666654,0.20666666666666672,100,300,A_minus_B,same_source_and_nominal_noise_seed_distinct_channel_noise_namespace,QPSK_and_P_fixed_2N
1024,QPSK,1,entropy_policy,P1024,semantic_error,-0.1,-0.20666666666666667,0.006666666666666685,100,300,A_minus_B,same_source_and_nominal_noise_seed_distinct_channel_noise_namespace,QPSK_and_P_fixed_2N
1024,QPSK,1,whole_policy,P1024,psnr_db,-2.880622831980388,-3.0938243637084963,-2.6715754872163138,100,300,A_minus_B,same_source_and_nominal_noise_seed_distinct_channel_noise_namespace,QPSK_and_P_fixed_2N
1024,QPSK,1,whole_policy,P1024,lpips_alex,0.07391906169553598,0.06575315386491516,0.08209009552374483,100,300,A_minus_B,same_source_and_nominal_noise_seed_distinct_channel_noise_namespace,QPSK_and_P_fixed_2N
1024,QPSK,1,whole_policy,P1024,dino_cosine,0.15629476631681125,0.12423835795372727,0.1881267284092804,100,300,A_minus_B,same_source_and_nominal_noise_seed_distinct_channel_noise_namespace,QPSK_and_P_fixed_2N
1024,QPSK,1,whole_policy,P1024,dinov2_vitl14_cosine,0.06895637845310072,0.027969561780182027,0.10949003834556786,100,300,A_minus_B,same_source_and_nominal_noise_seed_distinct_channel_noise_namespace,QPSK_and_P_fixed_2N
1024,QPSK,1,whole_policy,P1024,clip_image_cosine,0.0785939770936966,0.06446858178824187,0.0929626731748382,100,300,A_minus_B,same_source_and_nominal_noise_seed_distinct_channel_noise_namespace,QPSK_and_P_fixed_2N
1024,QPSK,1,whole_policy,P1024,dists,-0.015345379312833151,-0.02079013896981875,-0.00992360795040926,100,300,A_minus_B,same_source_and_nominal_noise_seed_distinct_channel_noise_namespace,QPSK_and_P_fixed_2N
1024,QPSK,1,whole_policy,P1024,dreamsim,-0.04172849774360657,-0.05708045536776384,-0.02644815552731355,100,300,A_minus_B,same_source_and_nominal_noise_seed_distinct_channel_noise_namespace,QPSK_and_P_fixed_2N
1024,QPSK,1,whole_policy,P1024,ms_ssim,-0.21675304969151812,-0.23333083070690436,-0.2005016021219393,100,300,A_minus_B,same_source_and_nominal_noise_seed_distinct_channel_noise_namespace,QPSK_and_P_fixed_2N
1024,QPSK,1,whole_policy,P1024,dino_specificity,0.1660983277492536,0.13181571160811775,0.20050556891432883,100,300,A_minus_B,same_source_and_nominal_noise_seed_distinct_channel_noise_namespace,QPSK_and_P_fixed_2N
1024,QPSK,1,whole_policy,P1024,resnet50_top1_label,0.09666666666666669,-0.0033333333333333214,0.1966666666666667,100,300,A_minus_B,same_source_and_nominal_noise_seed_distinct_channel_noise_namespace,QPSK_and_P_fixed_2N
1024,QPSK,1,whole_policy,P1024,resnet50_top1_source_prediction,0.10000000000000003,-0.006666666666666654,0.20666666666666672,100,300,A_minus_B,same_source_and_nominal_noise_seed_distinct_channel_noise_namespace,QPSK_and_P_fixed_2N
1024,QPSK,1,whole_policy,P1024,semantic_error,-0.1,-0.20666666666666667,0.006666666666666685,100,300,A_minus_B,same_source_and_nominal_noise_seed_distinct_channel_noise_namespace,QPSK_and_P_fixed_2N
1024,QPSK,4,entropy_policy,P1024,psnr_db,-2.515030012130737,-2.715353037277857,-2.3076082239151003,100,300,A_minus_B,same_source_and_nominal_noise_seed_distinct_channel_noise_namespace,QPSK_and_P_fixed_2N
1024,QPSK,4,entropy_policy,P1024,lpips_alex,0.052945071657498684,0.04607304924416046,0.059883620235448076,100,300,A_minus_B,same_source_and_nominal_noise_seed_distinct_channel_noise_namespace,QPSK_and_P_fixed_2N
1024,QPSK,4,entropy_policy,P1024,dino_cosine,0.14335427328944206,0.11398572000488635,0.1726891853734851,100,300,A_minus_B,same_source_and_nominal_noise_seed_distinct_channel_noise_namespace,QPSK_and_P_fixed_2N
1024,QPSK,4,entropy_policy,P1024,dinov2_vitl14_cosine,0.11355184055243932,0.07636373589141293,0.15120375086786225,100,300,A_minus_B,same_source_and_nominal_noise_seed_distinct_channel_noise_namespace,QPSK_and_P_fixed_2N
1024,QPSK,4,entropy_policy,P1024,clip_image_cosine,0.08524445484081904,0.07054615866641203,0.09991966609656809,100,300,A_minus_B,same_source_and_nominal_noise_seed_distinct_channel_noise_namespace,QPSK_and_P_fixed_2N
1024,QPSK,4,entropy_policy,P1024,dists,-0.027890488902727766,-0.03303474383552869,-0.022800207187732065,100,300,A_minus_B,same_source_and_nominal_noise_seed_distinct_channel_noise_namespace,QPSK_and_P_fixed_2N
1024,QPSK,4,entropy_policy,P1024,dreamsim,-0.04782253046830495,-0.0606035184363524,-0.03527885042627653,100,300,A_minus_B,same_source_and_nominal_noise_seed_distinct_channel_noise_namespace,QPSK_and_P_fixed_2N
1024,QPSK,4,entropy_policy,P1024,ms_ssim,-0.17639516651630402,-0.19079395177712047,-0.1617892900755008,100,300,A_minus_B,same_source_and_nominal_noise_seed_distinct_channel_noise_namespace,QPSK_and_P_fixed_2N
1024,QPSK,4,entropy_policy,P1024,dino_specificity,0.1471684134720514,0.11722151835138596,0.1775029049363608,100,300,A_minus_B,same_source_and_nominal_noise_seed_distinct_channel_noise_namespace,QPSK_and_P_fixed_2N
1024,QPSK,4,entropy_policy,P1024,resnet50_top1_label,0.10666666666666667,0.013333333333333348,0.2033333333333334,100,300,A_minus_B,same_source_and_nominal_noise_seed_distinct_channel_noise_namespace,QPSK_and_P_fixed_2N
1024,QPSK,4,entropy_policy,P1024,resnet50_top1_source_prediction,0.14666666666666667,0.05,0.25,100,300,A_minus_B,same_source_and_nominal_noise_seed_distinct_channel_noise_namespace,QPSK_and_P_fixed_2N
1024,QPSK,4,entropy_policy,P1024,semantic_error,-0.14666666666666667,-0.24999999999999997,-0.049999999999999975,100,300,A_minus_B,same_source_and_nominal_noise_seed_distinct_channel_noise_namespace,QPSK_and_P_fixed_2N
1024,QPSK,4,whole_policy,P1024,psnr_db,-2.515030012130737,-2.715353037277857,-2.3076082239151003,100,300,A_minus_B,same_source_and_nominal_noise_seed_distinct_channel_noise_namespace,QPSK_and_P_fixed_2N
1024,QPSK,4,whole_policy,P1024,lpips_alex,0.052945071657498684,0.04607304924416046,0.059883620235448076,100,300,A_minus_B,same_source_and_nominal_noise_seed_distinct_channel_noise_namespace,QPSK_and_P_fixed_2N
1024,QPSK,4,whole_policy,P1024,dino_cosine,0.14335427328944206,0.11398572000488635,0.1726891853734851,100,300,A_minus_B,same_source_and_nominal_noise_seed_distinct_channel_noise_namespace,QPSK_and_P_fixed_2N
1024,QPSK,4,whole_policy,P1024,dinov2_vitl14_cosine,0.11355184055243932,0.07636373589141293,0.15120375086786225,100,300,A_minus_B,same_source_and_nominal_noise_seed_distinct_channel_noise_namespace,QPSK_and_P_fixed_2N
1024,QPSK,4,whole_policy,P1024,clip_image_cosine,0.08524445484081904,0.07054615866641203,0.09991966609656809,100,300,A_minus_B,same_source_and_nominal_noise_seed_distinct_channel_noise_namespace,QPSK_and_P_fixed_2N
1024,QPSK,4,whole_policy,P1024,dists,-0.027890488902727766,-0.03303474383552869,-0.022800207187732065,100,300,A_minus_B,same_source_and_nominal_noise_seed_distinct_channel_noise_namespace,QPSK_and_P_fixed_2N
1024,QPSK,4,whole_policy,P1024,dreamsim,-0.04782253046830495,-0.0606035184363524,-0.03527885042627653,100,300,A_minus_B,same_source_and_nominal_noise_seed_distinct_channel_noise_namespace,QPSK_and_P_fixed_2N
1024,QPSK,4,whole_policy,P1024,ms_ssim,-0.17639516651630402,-0.19079395177712047,-0.1617892900755008,100,300,A_minus_B,same_source_and_nominal_noise_seed_distinct_channel_noise_namespace,QPSK_and_P_fixed_2N
1024,QPSK,4,whole_policy,P1024,dino_specificity,0.1471684134720514,0.11722151835138596,0.1775029049363608,100,300,A_minus_B,same_source_and_nominal_noise_seed_distinct_channel_noise_namespace,QPSK_and_P_fixed_2N
1024,QPSK,4,whole_policy,P1024,resnet50_top1_label,0.10666666666666667,0.013333333333333348,0.2033333333333334,100,300,A_minus_B,same_source_and_nominal_noise_seed_distinct_channel_noise_namespace,QPSK_and_P_fixed_2N
1024,QPSK,4,whole_policy,P1024,resnet50_top1_source_prediction,0.14666666666666667,0.05,0.25,100,300,A_minus_B,same_source_and_nominal_noise_seed_distinct_channel_noise_namespace,QPSK_and_P_fixed_2N
1024,QPSK,4,whole_policy,P1024,semantic_error,-0.14666666666666667,-0.24999999999999997,-0.049999999999999975,100,300,A_minus_B,same_source_and_nominal_noise_seed_distinct_channel_noise_namespace,QPSK_and_P_fixed_2N
1024,QPSK,7,entropy_policy,P1024,psnr_db,-2.3313363361358643,-2.5403491449356075,-2.119118307034175,100,300,A_minus_B,same_source_and_nominal_noise_seed_distinct_channel_noise_namespace,QPSK_and_P_fixed_2N
1024,QPSK,7,entropy_policy,P1024,lpips_alex,0.04825112536549568,0.042024517611910894,0.05429356654360893,100,300,A_minus_B,same_source_and_nominal_noise_seed_distinct_channel_noise_namespace,QPSK_and_P_fixed_2N
1024,QPSK,7,entropy_policy,P1024,dino_cosine,0.1145470435420672,0.08716215720772744,0.14286441137765846,100,300,A_minus_B,same_source_and_nominal_noise_seed_distinct_channel_noise_namespace,QPSK_and_P_fixed_2N
1024,QPSK,7,entropy_policy,P1024,dinov2_vitl14_cosine,0.07615835774689914,0.03731282933056354,0.11536185943800956,100,300,A_minus_B,same_source_and_nominal_noise_seed_distinct_channel_noise_namespace,QPSK_and_P_fixed_2N
1024,QPSK,7,entropy_policy,P1024,clip_image_cosine,0.07065019726753234,0.05603138178835314,0.08539662162214515,100,300,A_minus_B,same_source_and_nominal_noise_seed_distinct_channel_noise_namespace,QPSK_and_P_fixed_2N
1024,QPSK,7,entropy_policy,P1024,dists,-0.028064528902371724,-0.032776149113972995,-0.023472446516156202,100,300,A_minus_B,same_source_and_nominal_noise_seed_distinct_channel_noise_namespace,QPSK_and_P_fixed_2N
1024,QPSK,7,entropy_policy,P1024,dreamsim,-0.03963784197966257,-0.050613443429271376,-0.028963354309399923,100,300,A_minus_B,same_source_and_nominal_noise_seed_distinct_channel_noise_namespace,QPSK_and_P_fixed_2N
1024,QPSK,7,entropy_policy,P1024,ms_ssim,-0.1549798243244489,-0.1696822365820408,-0.14051939660807453,100,300,A_minus_B,same_source_and_nominal_noise_seed_distinct_channel_noise_namespace,QPSK_and_P_fixed_2N
1024,QPSK,7,entropy_policy,P1024,dino_specificity,0.1144246425991878,0.08636869291740003,0.1433135319414626,100,300,A_minus_B,same_source_and_nominal_noise_seed_distinct_channel_noise_namespace,QPSK_and_P_fixed_2N
1024,QPSK,7,entropy_policy,P1024,resnet50_top1_label,0.10666666666666667,0.02333333333333335,0.19333333333333333,100,300,A_minus_B,same_source_and_nominal_noise_seed_distinct_channel_noise_namespace,QPSK_and_P_fixed_2N
1024,QPSK,7,entropy_policy,P1024,resnet50_top1_source_prediction,0.16666666666666663,0.07333333333333335,0.26,100,300,A_minus_B,same_source_and_nominal_noise_seed_distinct_channel_noise_namespace,QPSK_and_P_fixed_2N
1024,QPSK,7,entropy_policy,P1024,semantic_error,-0.16666666666666663,-0.26,-0.07333333333333332,100,300,A_minus_B,same_source_and_nominal_noise_seed_distinct_channel_noise_namespace,QPSK_and_P_fixed_2N
1024,QPSK,7,whole_policy,P1024,psnr_db,-3.1299176216125475,-3.354415175040562,-2.899557605028152,100,300,A_minus_B,same_source_and_nominal_noise_seed_distinct_channel_noise_namespace,QPSK_and_P_fixed_2N
1024,QPSK,7,whole_policy,P1024,lpips_alex,0.08217254668474197,0.07468051210480432,0.08966262060403822,100,300,A_minus_B,same_source_and_nominal_noise_seed_distinct_channel_noise_namespace,QPSK_and_P_fixed_2N
1024,QPSK,7,whole_policy,P1024,dino_cosine,0.06867272108793258,0.03913600317016244,0.09828300461669764,100,300,A_minus_B,same_source_and_nominal_noise_seed_distinct_channel_noise_namespace,QPSK_and_P_fixed_2N
1024,QPSK,7,whole_policy,P1024,dinov2_vitl14_cosine,0.025970877489695943,-0.012663444504141806,0.06538883538621787,100,300,A_minus_B,same_source_and_nominal_noise_seed_distinct_channel_noise_namespace,QPSK_and_P_fixed_2N
1024,QPSK,7,whole_policy,P1024,clip_image_cosine,0.05458912432193756,0.039633350419501466,0.06948216568926971,100,300,A_minus_B,same_source_and_nominal_noise_seed_distinct_channel_noise_namespace,QPSK_and_P_fixed_2N
1024,QPSK,7,whole_policy,P1024,dists,-0.01473052163918813,-0.019888336688280103,-0.009651052311062818,100,300,A_minus_B,same_source_and_nominal_noise_seed_distinct_channel_noise_namespace,QPSK_and_P_fixed_2N
1024,QPSK,7,whole_policy,P1024,dreamsim,-0.008393171826998391,-0.02063683192431926,0.00358212427298228,100,300,A_minus_B,same_source_and_nominal_noise_seed_distinct_channel_noise_namespace,QPSK_and_P_fixed_2N
1024,QPSK,7,whole_policy,P1024,ms_ssim,-0.20801966269810993,-0.22350139178087317,-0.19241737700502085,100,300,A_minus_B,same_source_and_nominal_noise_seed_distinct_channel_noise_namespace,QPSK_and_P_fixed_2N
1024,QPSK,7,whole_policy,P1024,dino_specificity,0.0677547405116881,0.037994537362557215,0.09735487091770241,100,300,A_minus_B,same_source_and_nominal_noise_seed_distinct_channel_noise_namespace,QPSK_and_P_fixed_2N
1024,QPSK,7,whole_policy,P1024,resnet50_top1_label,0.03666666666666668,-0.05333333333333332,0.13,100,300,A_minus_B,same_source_and_nominal_noise_seed_distinct_channel_noise_namespace,QPSK_and_P_fixed_2N
1024,QPSK,7,whole_policy,P1024,resnet50_top1_source_prediction,0.07333333333333333,-0.026666666666666644,0.17666666666666664,100,300,A_minus_B,same_source_and_nominal_noise_seed_distinct_channel_noise_namespace,QPSK_and_P_fixed_2N
1024,QPSK,7,whole_policy,P1024,semantic_error,-0.0733333333333333,-0.1766666666666666,0.02666666666666668,100,300,A_minus_B,same_source_and_nominal_noise_seed_distinct_channel_noise_namespace,QPSK_and_P_fixed_2N
1024,QPSK,13,entropy_policy,P1024,psnr_db,-2.475452054341634,-2.6989193402926124,-2.2490137439568834,100,300,A_minus_B,same_source_and_nominal_noise_seed_distinct_channel_noise_namespace,QPSK_and_P_fixed_2N
1024,QPSK,13,entropy_policy,P1024,lpips_alex,0.05229656166086594,0.046263542186468845,0.05826553723899027,100,300,A_minus_B,same_source_and_nominal_noise_seed_distinct_channel_noise_namespace,QPSK_and_P_fixed_2N
1024,QPSK,13,entropy_policy,P1024,dino_cosine,0.0856992663939794,0.059255286537110805,0.1128945692628622,100,300,A_minus_B,same_source_and_nominal_noise_seed_distinct_channel_noise_namespace,QPSK_and_P_fixed_2N
1024,QPSK,13,entropy_policy,P1024,dinov2_vitl14_cosine,0.043453811903794624,0.003469261467456827,0.08422892416330674,100,300,A_minus_B,same_source_and_nominal_noise_seed_distinct_channel_noise_namespace,QPSK_and_P_fixed_2N
1024,QPSK,13,entropy_policy,P1024,clip_image_cosine,0.050925938189029706,0.03548712959885598,0.06618664391587177,100,300,A_minus_B,same_source_and_nominal_noise_seed_distinct_channel_noise_namespace,QPSK_and_P_fixed_2N
1024,QPSK,13,entropy_policy,P1024,dists,-0.02522660791873932,-0.029898835157354677,-0.020804574484626453,100,300,A_minus_B,same_source_and_nominal_noise_seed_distinct_channel_noise_namespace,QPSK_and_P_fixed_2N
1024,QPSK,13,entropy_policy,P1024,dreamsim,-0.029526083270708724,-0.03922877013186614,-0.02004978944857916,100,300,A_minus_B,same_source_and_nominal_noise_seed_distinct_channel_noise_namespace,QPSK_and_P_fixed_2N
1024,QPSK,13,entropy_policy,P1024,ms_ssim,-0.1521896720925967,-0.16618364771207172,-0.13835345266759394,100,300,A_minus_B,same_source_and_nominal_noise_seed_distinct_channel_noise_namespace,QPSK_and_P_fixed_2N
1024,QPSK,13,entropy_policy,P1024,dino_specificity,0.0869230717032527,0.06068714821839241,0.11299308411555833,100,300,A_minus_B,same_source_and_nominal_noise_seed_distinct_channel_noise_namespace,QPSK_and_P_fixed_2N
1024,QPSK,13,entropy_policy,P1024,resnet50_top1_label,0.10333333333333336,0.010000000000000014,0.19666666666666668,100,300,A_minus_B,same_source_and_nominal_noise_seed_distinct_channel_noise_namespace,QPSK_and_P_fixed_2N
1024,QPSK,13,entropy_policy,P1024,resnet50_top1_source_prediction,0.1566666666666667,0.05666666666666667,0.26,100,300,A_minus_B,same_source_and_nominal_noise_seed_distinct_channel_noise_namespace,QPSK_and_P_fixed_2N
1024,QPSK,13,entropy_policy,P1024,semantic_error,-0.15666666666666668,-0.25999999999999995,-0.05666666666666665,100,300,A_minus_B,same_source_and_nominal_noise_seed_distinct_channel_noise_namespace,QPSK_and_P_fixed_2N
1024,QPSK,13,whole_policy,P1024,psnr_db,-3.717096522649129,-3.9691071281433103,-3.4576827982266747,100,300,A_minus_B,same_source_and_nominal_noise_seed_distinct_channel_noise_namespace,QPSK_and_P_fixed_2N
1024,QPSK,13,whole_policy,P1024,lpips_alex,0.10670643376807373,0.09829558766819536,0.11496378491135935,100,300,A_minus_B,same_source_and_nominal_noise_seed_distinct_channel_noise_namespace,QPSK_and_P_fixed_2N
1024,QPSK,13,whole_policy,P1024,dino_cosine,0.005019762118657432,-0.025134249411523334,0.03516073352098465,100,300,A_minus_B,same_source_and_nominal_noise_seed_distinct_channel_noise_namespace,QPSK_and_P_fixed_2N
1024,QPSK,13,whole_policy,P1024,dinov2_vitl14_cosine,-0.046501083268473534,-0.08751878811900193,-0.005956142240669574,100,300,A_minus_B,same_source_and_nominal_noise_seed_distinct_channel_noise_namespace,QPSK_and_P_fixed_2N
1024,QPSK,13,whole_policy,P1024,clip_image_cosine,0.027597802877426143,0.012633800437053047,0.04265756035844484,100,300,A_minus_B,same_source_and_nominal_noise_seed_distinct_channel_noise_namespace,QPSK_and_P_fixed_2N
1024,QPSK,13,whole_policy,P1024,dists,-0.0035431379079818724,-0.008701222802201909,0.0015714891453584001,100,300,A_minus_B,same_source_and_nominal_noise_seed_distinct_channel_noise_namespace,QPSK_and_P_fixed_2N
1024,QPSK,13,whole_policy,P1024,dreamsim,0.022900827129681906,0.01066411428153515,0.035115775664647415,100,300,A_minus_B,same_source_and_nominal_noise_seed_distinct_channel_noise_namespace,QPSK_and_P_fixed_2N
1024,QPSK,13,whole_policy,P1024,ms_ssim,-0.2364276401201884,-0.2530776908397675,-0.219766290957729,100,300,A_minus_B,same_source_and_nominal_noise_seed_distinct_channel_noise_namespace,QPSK_and_P_fixed_2N
1024,QPSK,13,whole_policy,P1024,dino_specificity,0.0017753586576630708,-0.027938651019746123,0.03123336877002535,100,300,A_minus_B,same_source_and_nominal_noise_seed_distinct_channel_noise_namespace,QPSK_and_P_fixed_2N
1024,QPSK,13,whole_policy,P1024,resnet50_top1_label,-0.006666666666666657,-0.09666666666666664,0.08333333333333334,100,300,A_minus_B,same_source_and_nominal_noise_seed_distinct_channel_noise_namespace,QPSK_and_P_fixed_2N
1024,QPSK,13,whole_policy,P1024,resnet50_top1_source_prediction,0.006666666666666674,-0.09333333333333332,0.11000000000000001,100,300,A_minus_B,same_source_and_nominal_noise_seed_distinct_channel_noise_namespace,QPSK_and_P_fixed_2N
1024,QPSK,13,whole_policy,P1024,semantic_error,-0.0066666666666666515,-0.11,0.09333333333333334,100,300,A_minus_B,same_source_and_nominal_noise_seed_distinct_channel_noise_namespace,QPSK_and_P_fixed_2N
1024,QPSK,19,entropy_policy,P1024,psnr_db,-2.6532671546936033,-2.8845361607869457,-2.4177247497240706,100,300,A_minus_B,same_source_and_nominal_noise_seed_distinct_channel_noise_namespace,QPSK_and_P_fixed_2N
1024,QPSK,19,entropy_policy,P1024,lpips_alex,0.058541305375595896,0.05226959637862941,0.06477056053777534,100,300,A_minus_B,same_source_and_nominal_noise_seed_distinct_channel_noise_namespace,QPSK_and_P_fixed_2N
1024,QPSK,19,entropy_policy,P1024,dino_cosine,0.06925461063782373,0.042075616411864754,0.09755900259812673,100,300,A_minus_B,same_source_and_nominal_noise_seed_distinct_channel_noise_namespace,QPSK_and_P_fixed_2N
1024,QPSK,19,entropy_policy,P1024,dinov2_vitl14_cosine,0.02577135202785332,-0.014661929589385786,0.06630983684894938,100,300,A_minus_B,same_source_and_nominal_noise_seed_distinct_channel_noise_namespace,QPSK_and_P_fixed_2N
1024,QPSK,19,entropy_policy,P1024,clip_image_cosine,0.04385919272899627,0.027823716645439464,0.0597879513055086,100,300,A_minus_B,same_source_and_nominal_noise_seed_distinct_channel_noise_namespace,QPSK_and_P_fixed_2N
1024,QPSK,19,entropy_policy,P1024,dists,-0.02327905436356863,-0.02804857421914736,-0.018736626674731572,100,300,A_minus_B,same_source_and_nominal_noise_seed_distinct_channel_noise_namespace,QPSK_and_P_fixed_2N
1024,QPSK,19,entropy_policy,P1024,dreamsim,-0.02280718684196472,-0.03291986448069414,-0.012999605759978293,100,300,A_minus_B,same_source_and_nominal_noise_seed_distinct_channel_noise_namespace,QPSK_and_P_fixed_2N
1024,QPSK,19,entropy_policy,P1024,ms_ssim,-0.16000194221735,-0.17438090012719232,-0.14580776684482896,100,300,A_minus_B,same_source_and_nominal_noise_seed_distinct_channel_noise_namespace,QPSK_and_P_fixed_2N
1024,QPSK,19,entropy_policy,P1024,dino_specificity,0.06954583438268552,0.042918873893989566,0.09629569588419203,100,300,A_minus_B,same_source_and_nominal_noise_seed_distinct_channel_noise_namespace,QPSK_and_P_fixed_2N
1024,QPSK,19,entropy_policy,P1024,resnet50_top1_label,0.10333333333333333,0.010000000000000007,0.1966666666666667,100,300,A_minus_B,same_source_and_nominal_noise_seed_distinct_channel_noise_namespace,QPSK_and_P_fixed_2N
1024,QPSK,19,entropy_policy,P1024,resnet50_top1_source_prediction,0.14666666666666667,0.04000000000000001,0.25333333333333335,100,300,A_minus_B,same_source_and_nominal_noise_seed_distinct_channel_noise_namespace,QPSK_and_P_fixed_2N
1024,QPSK,19,entropy_policy,P1024,semantic_error,-0.14666666666666667,-0.2533333333333333,-0.039999999999999994,100,300,A_minus_B,same_source_and_nominal_noise_seed_distinct_channel_noise_namespace,QPSK_and_P_fixed_2N
1024,QPSK,19,whole_policy,P1024,psnr_db,-3.8949116230010987,-4.156309830427171,-3.6253522760073342,100,300,A_minus_B,same_source_and_nominal_noise_seed_distinct_channel_noise_namespace,QPSK_and_P_fixed_2N
1024,QPSK,19,whole_policy,P1024,lpips_alex,0.11295117748280367,0.1042939686390261,0.12144210523118575,100,300,A_minus_B,same_source_and_nominal_noise_seed_distinct_channel_noise_namespace,QPSK_and_P_fixed_2N
1024,QPSK,19,whole_policy,P1024,dino_cosine,-0.011424893637498221,-0.04214599021275838,0.01949463830143211,100,300,A_minus_B,same_source_and_nominal_noise_seed_distinct_channel_noise_namespace,QPSK_and_P_fixed_2N
1024,QPSK,19,whole_policy,P1024,dinov2_vitl14_cosine,-0.06418354314441481,-0.10516752750674883,-0.02373364781045046,100,300,A_minus_B,same_source_and_nominal_noise_seed_distinct_channel_noise_namespace,QPSK_and_P_fixed_2N
1024,QPSK,19,whole_policy,P1024,clip_image_cosine,0.02053105741739274,0.005030006388823193,0.03604768125464519,100,300,A_minus_B,same_source_and_nominal_noise_seed_distinct_channel_noise_namespace,QPSK_and_P_fixed_2N
1024,QPSK,19,whole_policy,P1024,dists,-0.0015955843528111776,-0.006908564666906992,0.0036310862898826565,100,300,A_minus_B,same_source_and_nominal_noise_seed_distinct_channel_noise_namespace,QPSK_and_P_fixed_2N
1024,QPSK,19,whole_policy,P1024,dreamsim,0.029619723558425903,0.01693640866378943,0.042292213434974336,100,300,A_minus_B,same_source_and_nominal_noise_seed_distinct_channel_noise_namespace,QPSK_and_P_fixed_2N
1024,QPSK,19,whole_policy,P1024,ms_ssim,-0.2442399102449417,-0.26122096271564554,-0.22719118421524767,100,300,A_minus_B,same_source_and_nominal_noise_seed_distinct_channel_noise_namespace,QPSK_and_P_fixed_2N
1024,QPSK,19,whole_policy,P1024,dino_specificity,-0.015601878662904108,-0.045663290307197416,0.014229531298003459,100,300,A_minus_B,same_source_and_nominal_noise_seed_distinct_channel_noise_namespace,QPSK_and_P_fixed_2N
1024,QPSK,19,whole_policy,P1024,resnet50_top1_label,-0.006666666666666661,-0.09666666666666666,0.08333333333333334,100,300,A_minus_B,same_source_and_nominal_noise_seed_distinct_channel_noise_namespace,QPSK_and_P_fixed_2N
1024,QPSK,19,whole_policy,P1024,resnet50_top1_source_prediction,-0.0033333333333333257,-0.10333333333333333,0.10333333333333333,100,300,A_minus_B,same_source_and_nominal_noise_seed_distinct_channel_noise_namespace,QPSK_and_P_fixed_2N
1024,QPSK,19,whole_policy,P1024,semantic_error,0.0033333333333333435,-0.1033333333333333,0.10333333333333336,100,300,A_minus_B,same_source_and_nominal_noise_seed_distinct_channel_noise_namespace,QPSK_and_P_fixed_2N
1024,16QAM,1,entropy_policy,P1024,psnr_db,-3.8272510941823326,-4.08103085565567,-3.586540188709895,100,300,A_minus_B,same_source_and_nominal_noise_seed_distinct_channel_noise_namespace,16QAM_actual_E_separately_reported
1024,16QAM,1,entropy_policy,P1024,lpips_alex,0.12223466172814368,0.11238730634935203,0.13241942106994492,100,300,A_minus_B,same_source_and_nominal_noise_seed_distinct_channel_noise_namespace,16QAM_actual_E_separately_reported
1024,16QAM,1,entropy_policy,P1024,dino_cosine,0.08499462008476255,0.0560959491978089,0.11423425423322867,100,300,A_minus_B,same_source_and_nominal_noise_seed_distinct_channel_noise_namespace,16QAM_actual_E_separately_reported
1024,16QAM,1,entropy_policy,P1024,dinov2_vitl14_cosine,0.00446726159658283,-0.030792605262521342,0.03895683633202376,100,300,A_minus_B,same_source_and_nominal_noise_seed_distinct_channel_noise_namespace,16QAM_actual_E_separately_reported
1024,16QAM,1,entropy_policy,P1024,clip_image_cosine,0.0476387694478035,0.035358947038650515,0.05979954594622055,100,300,A_minus_B,same_source_and_nominal_noise_seed_distinct_channel_noise_namespace,16QAM_actual_E_separately_reported
1024,16QAM,1,entropy_policy,P1024,dists,0.0003929919004440291,-0.005638713027040165,0.006517119924227397,100,300,A_minus_B,same_source_and_nominal_noise_seed_distinct_channel_noise_namespace,16QAM_actual_E_separately_reported
1024,16QAM,1,entropy_policy,P1024,dreamsim,0.01196893354256948,-0.004296930670738219,0.027915647755066546,100,300,A_minus_B,same_source_and_nominal_noise_seed_distinct_channel_noise_namespace,16QAM_actual_E_separately_reported
1024,16QAM,1,entropy_policy,P1024,ms_ssim,-0.2643530881901582,-0.2793038768203308,-0.24959313418964546,100,300,A_minus_B,same_source_and_nominal_noise_seed_distinct_channel_noise_namespace,16QAM_actual_E_separately_reported
1024,16QAM,1,entropy_policy,P1024,dino_specificity,0.09051675356070822,0.058761420611486134,0.1212273459646191,100,300,A_minus_B,same_source_and_nominal_noise_seed_distinct_channel_noise_namespace,16QAM_actual_E_separately_reported
1024,16QAM,1,entropy_policy,P1024,resnet50_top1_label,-0.006666666666666665,-0.08666666666666666,0.07000000000000002,100,300,A_minus_B,same_source_and_nominal_noise_seed_distinct_channel_noise_namespace,16QAM_actual_E_separately_reported
1024,16QAM,1,entropy_policy,P1024,resnet50_top1_source_prediction,-0.02333333333333333,-0.11,0.06000000000000002,100,300,A_minus_B,same_source_and_nominal_noise_seed_distinct_channel_noise_namespace,16QAM_actual_E_separately_reported
1024,16QAM,1,entropy_policy,P1024,semantic_error,0.023333333333333334,-0.06000000000000002,0.11,100,300,A_minus_B,same_source_and_nominal_noise_seed_distinct_channel_noise_namespace,16QAM_actual_E_separately_reported
1024,16QAM,1,whole_policy,P1024,psnr_db,-3.8272510941823326,-4.08103085565567,-3.586540188709895,100,300,A_minus_B,same_source_and_nominal_noise_seed_distinct_channel_noise_namespace,16QAM_actual_E_separately_reported
1024,16QAM,1,whole_policy,P1024,lpips_alex,0.12223466172814368,0.11238730634935203,0.13241942106994492,100,300,A_minus_B,same_source_and_nominal_noise_seed_distinct_channel_noise_namespace,16QAM_actual_E_separately_reported
1024,16QAM,1,whole_policy,P1024,dino_cosine,0.08499462008476255,0.0560959491978089,0.11423425423322867,100,300,A_minus_B,same_source_and_nominal_noise_seed_distinct_channel_noise_namespace,16QAM_actual_E_separately_reported
1024,16QAM,1,whole_policy,P1024,dinov2_vitl14_cosine,0.00446726159658283,-0.030792605262521342,0.03895683633202376,100,300,A_minus_B,same_source_and_nominal_noise_seed_distinct_channel_noise_namespace,16QAM_actual_E_separately_reported
1024,16QAM,1,whole_policy,P1024,clip_image_cosine,0.0476387694478035,0.035358947038650515,0.05979954594622055,100,300,A_minus_B,same_source_and_nominal_noise_seed_distinct_channel_noise_namespace,16QAM_actual_E_separately_reported
1024,16QAM,1,whole_policy,P1024,dists,0.0003929919004440291,-0.005638713027040165,0.006517119924227397,100,300,A_minus_B,same_source_and_nominal_noise_seed_distinct_channel_noise_namespace,16QAM_actual_E_separately_reported
1024,16QAM,1,whole_policy,P1024,dreamsim,0.01196893354256948,-0.004296930670738219,0.027915647755066546,100,300,A_minus_B,same_source_and_nominal_noise_seed_distinct_channel_noise_namespace,16QAM_actual_E_separately_reported
1024,16QAM,1,whole_policy,P1024,ms_ssim,-0.2643530881901582,-0.2793038768203308,-0.24959313418964546,100,300,A_minus_B,same_source_and_nominal_noise_seed_distinct_channel_noise_namespace,16QAM_actual_E_separately_reported
1024,16QAM,1,whole_policy,P1024,dino_specificity,0.09051675356070822,0.058761420611486134,0.1212273459646191,100,300,A_minus_B,same_source_and_nominal_noise_seed_distinct_channel_noise_namespace,16QAM_actual_E_separately_reported
1024,16QAM,1,whole_policy,P1024,resnet50_top1_label,-0.006666666666666665,-0.08666666666666666,0.07000000000000002,100,300,A_minus_B,same_source_and_nominal_noise_seed_distinct_channel_noise_namespace,16QAM_actual_E_separately_reported
1024,16QAM,1,whole_policy,P1024,resnet50_top1_source_prediction,-0.02333333333333333,-0.11,0.06000000000000002,100,300,A_minus_B,same_source_and_nominal_noise_seed_distinct_channel_noise_namespace,16QAM_actual_E_separately_reported
1024,16QAM,1,whole_policy,P1024,semantic_error,0.023333333333333334,-0.06000000000000002,0.11,100,300,A_minus_B,same_source_and_nominal_noise_seed_distinct_channel_noise_namespace,16QAM_actual_E_separately_reported
1024,16QAM,4,entropy_policy,P1024,psnr_db,-2.958692480723063,-3.1773018211523687,-2.7434446781476334,100,300,A_minus_B,same_source_and_nominal_noise_seed_distinct_channel_noise_namespace,16QAM_actual_E_separately_reported
1024,16QAM,4,entropy_policy,P1024,lpips_alex,0.07143838478873171,0.06366683329393466,0.07941928691913684,100,300,A_minus_B,same_source_and_nominal_noise_seed_distinct_channel_noise_namespace,16QAM_actual_E_separately_reported
1024,16QAM,4,entropy_policy,P1024,dino_cosine,0.11236953397591909,0.08488231127336623,0.1397009110202392,100,300,A_minus_B,same_source_and_nominal_noise_seed_distinct_channel_noise_namespace,16QAM_actual_E_separately_reported
1024,16QAM,4,entropy_policy,P1024,dinov2_vitl14_cosine,0.0687931968892614,0.03268514233858633,0.10369794482520471,100,300,A_minus_B,same_source_and_nominal_noise_seed_distinct_channel_noise_namespace,16QAM_actual_E_separately_reported
1024,16QAM,4,entropy_policy,P1024,clip_image_cosine,0.06972123434146245,0.05664384765426316,0.08301344762494166,100,300,A_minus_B,same_source_and_nominal_noise_seed_distinct_channel_noise_namespace,16QAM_actual_E_separately_reported
1024,16QAM,4,entropy_policy,P1024,dists,-0.020697327852249144,-0.025968646675348286,-0.015470886617898947,100,300,A_minus_B,same_source_and_nominal_noise_seed_distinct_channel_noise_namespace,16QAM_actual_E_separately_reported
1024,16QAM,4,entropy_policy,P1024,dreamsim,-0.028822031021118168,-0.04250874169170857,-0.01497060739000638,100,300,A_minus_B,same_source_and_nominal_noise_seed_distinct_channel_noise_namespace,16QAM_actual_E_separately_reported
1024,16QAM,4,entropy_policy,P1024,ms_ssim,-0.195939112106959,-0.21016759377469613,-0.18164263816177842,100,300,A_minus_B,same_source_and_nominal_noise_seed_distinct_channel_noise_namespace,16QAM_actual_E_separately_reported
1024,16QAM,4,entropy_policy,P1024,dino_specificity,0.11558103633113204,0.0873211498563566,0.14394052622618617,100,300,A_minus_B,same_source_and_nominal_noise_seed_distinct_channel_noise_namespace,16QAM_actual_E_separately_reported
1024,16QAM,4,entropy_policy,P1024,resnet50_top1_label,0.06333333333333332,-0.020000000000000004,0.1466666666666667,100,300,A_minus_B,same_source_and_nominal_noise_seed_distinct_channel_noise_namespace,16QAM_actual_E_separately_reported
1024,16QAM,4,entropy_policy,P1024,resnet50_top1_source_prediction,0.0833333333333333,-0.003333333333333339,0.17333333333333328,100,300,A_minus_B,same_source_and_nominal_noise_seed_distinct_channel_noise_namespace,16QAM_actual_E_separately_reported
1024,16QAM,4,entropy_policy,P1024,semantic_error,-0.08333333333333331,-0.1733333333333333,0.003333333333333329,100,300,A_minus_B,same_source_and_nominal_noise_seed_distinct_channel_noise_namespace,16QAM_actual_E_separately_reported
1024,16QAM,4,whole_policy,P1024,psnr_db,-2.958692480723063,-3.1773018211523687,-2.7434446781476334,100,300,A_minus_B,same_source_and_nominal_noise_seed_distinct_channel_noise_namespace,16QAM_actual_E_separately_reported
1024,16QAM,4,whole_policy,P1024,lpips_alex,0.07143838478873171,0.06366683329393466,0.07941928691913684,100,300,A_minus_B,same_source_and_nominal_noise_seed_distinct_channel_noise_namespace,16QAM_actual_E_separately_reported
1024,16QAM,4,whole_policy,P1024,dino_cosine,0.11236953397591909,0.08488231127336623,0.1397009110202392,100,300,A_minus_B,same_source_and_nominal_noise_seed_distinct_channel_noise_namespace,16QAM_actual_E_separately_reported
1024,16QAM,4,whole_policy,P1024,dinov2_vitl14_cosine,0.0687931968892614,0.03268514233858633,0.10369794482520471,100,300,A_minus_B,same_source_and_nominal_noise_seed_distinct_channel_noise_namespace,16QAM_actual_E_separately_reported
1024,16QAM,4,whole_policy,P1024,clip_image_cosine,0.06972123434146245,0.05664384765426316,0.08301344762494166,100,300,A_minus_B,same_source_and_nominal_noise_seed_distinct_channel_noise_namespace,16QAM_actual_E_separately_reported
1024,16QAM,4,whole_policy,P1024,dists,-0.020697327852249144,-0.025968646675348286,-0.015470886617898947,100,300,A_minus_B,same_source_and_nominal_noise_seed_distinct_channel_noise_namespace,16QAM_actual_E_separately_reported
1024,16QAM,4,whole_policy,P1024,dreamsim,-0.028822031021118168,-0.04250874169170857,-0.01497060739000638,100,300,A_minus_B,same_source_and_nominal_noise_seed_distinct_channel_noise_namespace,16QAM_actual_E_separately_reported
1024,16QAM,4,whole_policy,P1024,ms_ssim,-0.195939112106959,-0.21016759377469613,-0.18164263816177842,100,300,A_minus_B,same_source_and_nominal_noise_seed_distinct_channel_noise_namespace,16QAM_actual_E_separately_reported
1024,16QAM,4,whole_policy,P1024,dino_specificity,0.11558103633113204,0.0873211498563566,0.14394052622618617,100,300,A_minus_B,same_source_and_nominal_noise_seed_distinct_channel_noise_namespace,16QAM_actual_E_separately_reported
1024,16QAM,4,whole_policy,P1024,resnet50_top1_label,0.06333333333333332,-0.020000000000000004,0.1466666666666667,100,300,A_minus_B,same_source_and_nominal_noise_seed_distinct_channel_noise_namespace,16QAM_actual_E_separately_reported
1024,16QAM,4,whole_policy,P1024,resnet50_top1_source_prediction,0.0833333333333333,-0.003333333333333339,0.17333333333333328,100,300,A_minus_B,same_source_and_nominal_noise_seed_distinct_channel_noise_namespace,16QAM_actual_E_separately_reported
1024,16QAM,4,whole_policy,P1024,semantic_error,-0.08333333333333331,-0.1733333333333333,0.003333333333333329,100,300,A_minus_B,same_source_and_nominal_noise_seed_distinct_channel_noise_namespace,16QAM_actual_E_separately_reported
1024,16QAM,7,entropy_policy,P1024,psnr_db,-1.6937120723724366,-1.8783063070774075,-1.507417288382848,100,300,A_minus_B,same_source_and_nominal_noise_seed_distinct_channel_noise_namespace,16QAM_actual_E_separately_reported
1024,16QAM,7,entropy_policy,P1024,lpips_alex,0.023486716561019427,0.01805010329031696,0.028773948843590916,100,300,A_minus_B,same_source_and_nominal_noise_seed_distinct_channel_noise_namespace,16QAM_actual_E_separately_reported
1024,16QAM,7,entropy_policy,P1024,dino_cosine,0.16060777237017948,0.13451075062900786,0.18760990461086235,100,300,A_minus_B,same_source_and_nominal_noise_seed_distinct_channel_noise_namespace,16QAM_actual_E_separately_reported
1024,16QAM,7,entropy_policy,P1024,dinov2_vitl14_cosine,0.13907593140999477,0.1024000277320544,0.17716586926641562,100,300,A_minus_B,same_source_and_nominal_noise_seed_distinct_channel_noise_namespace,16QAM_actual_E_separately_reported
1024,16QAM,7,entropy_policy,P1024,clip_image_cosine,0.08230122099320093,0.06761177125076454,0.09666448610772689,100,300,A_minus_B,same_source_and_nominal_noise_seed_distinct_channel_noise_namespace,16QAM_actual_E_separately_reported
1024,16QAM,7,entropy_policy,P1024,dists,-0.04173808475335439,-0.04576092353959878,-0.03775132276117802,100,300,A_minus_B,same_source_and_nominal_noise_seed_distinct_channel_noise_namespace,16QAM_actual_E_separately_reported
1024,16QAM,7,entropy_policy,P1024,dreamsim,-0.06228147248427073,-0.07254630657037099,-0.05216099797685941,100,300,A_minus_B,same_source_and_nominal_noise_seed_distinct_channel_noise_namespace,16QAM_actual_E_separately_reported
1024,16QAM,7,entropy_policy,P1024,ms_ssim,-0.110283320248127,-0.12187042531122766,-0.0987871741006772,100,300,A_minus_B,same_source_and_nominal_noise_seed_distinct_channel_noise_namespace,16QAM_actual_E_separately_reported
1024,16QAM,7,entropy_policy,P1024,dino_specificity,0.1625708455157777,0.13634095804657168,0.18989834934861086,100,300,A_minus_B,same_source_and_nominal_noise_seed_distinct_channel_noise_namespace,16QAM_actual_E_separately_reported
1024,16QAM,7,entropy_policy,P1024,resnet50_top1_label,0.10666666666666666,0.020000000000000004,0.1966666666666667,100,300,A_minus_B,same_source_and_nominal_noise_seed_distinct_channel_noise_namespace,16QAM_actual_E_separately_reported
1024,16QAM,7,entropy_policy,P1024,resnet50_top1_source_prediction,0.18333333333333332,0.09,0.2766666666666667,100,300,A_minus_B,same_source_and_nominal_noise_seed_distinct_channel_noise_namespace,16QAM_actual_E_separately_reported
1024,16QAM,7,entropy_policy,P1024,semantic_error,-0.18333333333333332,-0.27666666666666667,-0.08999999999999998,100,300,A_minus_B,same_source_and_nominal_noise_seed_distinct_channel_noise_namespace,16QAM_actual_E_separately_reported
1024,16QAM,7,whole_policy,P1024,psnr_db,-1.6937120723724366,-1.8783063070774075,-1.507417288382848,100,300,A_minus_B,same_source_and_nominal_noise_seed_distinct_channel_noise_namespace,16QAM_actual_E_separately_reported
1024,16QAM,7,whole_policy,P1024,lpips_alex,0.023486716561019427,0.01805010329031696,0.028773948843590916,100,300,A_minus_B,same_source_and_nominal_noise_seed_distinct_channel_noise_namespace,16QAM_actual_E_separately_reported
1024,16QAM,7,whole_policy,P1024,dino_cosine,0.16060777237017948,0.13451075062900786,0.18760990461086235,100,300,A_minus_B,same_source_and_nominal_noise_seed_distinct_channel_noise_namespace,16QAM_actual_E_separately_reported
1024,16QAM,7,whole_policy,P1024,dinov2_vitl14_cosine,0.13907593140999477,0.1024000277320544,0.17716586926641562,100,300,A_minus_B,same_source_and_nominal_noise_seed_distinct_channel_noise_namespace,16QAM_actual_E_separately_reported
1024,16QAM,7,whole_policy,P1024,clip_image_cosine,0.08230122099320093,0.06761177125076454,0.09666448610772689,100,300,A_minus_B,same_source_and_nominal_noise_seed_distinct_channel_noise_namespace,16QAM_actual_E_separately_reported
1024,16QAM,7,whole_policy,P1024,dists,-0.04173808475335439,-0.04576092353959878,-0.03775132276117802,100,300,A_minus_B,same_source_and_nominal_noise_seed_distinct_channel_noise_namespace,16QAM_actual_E_separately_reported
1024,16QAM,7,whole_policy,P1024,dreamsim,-0.06228147248427073,-0.07254630657037099,-0.05216099797685941,100,300,A_minus_B,same_source_and_nominal_noise_seed_distinct_channel_noise_namespace,16QAM_actual_E_separately_reported
1024,16QAM,7,whole_policy,P1024,ms_ssim,-0.110283320248127,-0.12187042531122766,-0.0987871741006772,100,300,A_minus_B,same_source_and_nominal_noise_seed_distinct_channel_noise_namespace,16QAM_actual_E_separately_reported
1024,16QAM,7,whole_policy,P1024,dino_specificity,0.1625708455157777,0.13634095804657168,0.18989834934861086,100,300,A_minus_B,same_source_and_nominal_noise_seed_distinct_channel_noise_namespace,16QAM_actual_E_separately_reported
1024,16QAM,7,whole_policy,P1024,resnet50_top1_label,0.10666666666666666,0.020000000000000004,0.1966666666666667,100,300,A_minus_B,same_source_and_nominal_noise_seed_distinct_channel_noise_namespace,16QAM_actual_E_separately_reported
1024,16QAM,7,whole_policy,P1024,resnet50_top1_source_prediction,0.18333333333333332,0.09,0.2766666666666667,100,300,A_minus_B,same_source_and_nominal_noise_seed_distinct_channel_noise_namespace,16QAM_actual_E_separately_reported
1024,16QAM,7,whole_policy,P1024,semantic_error,-0.18333333333333332,-0.27666666666666667,-0.08999999999999998,100,300,A_minus_B,same_source_and_nominal_noise_seed_distinct_channel_noise_namespace,16QAM_actual_E_separately_reported
1024,16QAM,13,entropy_policy,P1024,psnr_db,-0.5982088851928711,-0.8199053368568421,-0.38064987675348927,100,300,A_minus_B,same_source_and_nominal_noise_seed_distinct_channel_noise_namespace,16QAM_actual_E_separately_reported
1024,16QAM,13,entropy_policy,P1024,lpips_alex,-0.011769831453760468,-0.016319807999456926,-0.006875236722330255,100,300,A_minus_B,same_source_and_nominal_noise_seed_distinct_channel_noise_namespace,16QAM_actual_E_separately_reported
1024,16QAM,13,entropy_policy,P1024,dino_cosine,0.1823722580075264,0.15648755217840277,0.20908992722133796,100,300,A_minus_B,same_source_and_nominal_noise_seed_distinct_channel_noise_namespace,16QAM_actual_E_separately_reported
1024,16QAM,13,entropy_policy,P1024,dinov2_vitl14_cosine,0.19341722883284093,0.16136371637818714,0.22742801991291345,100,300,A_minus_B,same_source_and_nominal_noise_seed_distinct_channel_noise_namespace,16QAM_actual_E_separately_reported
1024,16QAM,13,entropy_policy,P1024,clip_image_cosine,0.09814532856146496,0.08426874399681884,0.11229357757667699,100,300,A_minus_B,same_source_and_nominal_noise_seed_distinct_channel_noise_namespace,16QAM_actual_E_separately_reported
1024,16QAM,13,entropy_policy,P1024,dists,-0.05687236885229747,-0.061388051345944404,-0.05227059952914715,100,300,A_minus_B,same_source_and_nominal_noise_seed_distinct_channel_noise_namespace,16QAM_actual_E_separately_reported
1024,16QAM,13,entropy_policy,P1024,dreamsim,-0.08188914597034452,-0.09138685529927414,-0.07267371495564778,100,300,A_minus_B,same_source_and_nominal_noise_seed_distinct_channel_noise_namespace,16QAM_actual_E_separately_reported
1024,16QAM,13,entropy_policy,P1024,ms_ssim,-0.04081040730079016,-0.04895506170143684,-0.03251023901502292,100,300,A_minus_B,same_source_and_nominal_noise_seed_distinct_channel_noise_namespace,16QAM_actual_E_separately_reported
1024,16QAM,13,entropy_policy,P1024,dino_specificity,0.1831068522840118,0.15749993937509132,0.20962990949287388,100,300,A_minus_B,same_source_and_nominal_noise_seed_distinct_channel_noise_namespace,16QAM_actual_E_separately_reported
1024,16QAM,13,entropy_policy,P1024,resnet50_top1_label,0.15000000000000002,0.07333333333333333,0.22999999999999995,100,300,A_minus_B,same_source_and_nominal_noise_seed_distinct_channel_noise_namespace,16QAM_actual_E_separately_reported
1024,16QAM,13,entropy_policy,P1024,resnet50_top1_source_prediction,0.19666666666666668,0.11333333333333333,0.2833333333333333,100,300,A_minus_B,same_source_and_nominal_noise_seed_distinct_channel_noise_namespace,16QAM_actual_E_separately_reported
1024,16QAM,13,entropy_policy,P1024,semantic_error,-0.19666666666666666,-0.2833333333333333,-0.11333333333333333,100,300,A_minus_B,same_source_and_nominal_noise_seed_distinct_channel_noise_namespace,16QAM_actual_E_separately_reported
1024,16QAM,13,whole_policy,P1024,psnr_db,-0.5982088851928711,-0.8199053368568421,-0.38064987675348927,100,300,A_minus_B,same_source_and_nominal_noise_seed_distinct_channel_noise_namespace,16QAM_actual_E_separately_reported
1024,16QAM,13,whole_policy,P1024,lpips_alex,-0.011769831453760468,-0.016319807999456926,-0.006875236722330255,100,300,A_minus_B,same_source_and_nominal_noise_seed_distinct_channel_noise_namespace,16QAM_actual_E_separately_reported
1024,16QAM,13,whole_policy,P1024,dino_cosine,0.1823722580075264,0.15648755217840277,0.20908992722133796,100,300,A_minus_B,same_source_and_nominal_noise_seed_distinct_channel_noise_namespace,16QAM_actual_E_separately_reported
1024,16QAM,13,whole_policy,P1024,dinov2_vitl14_cosine,0.19341722883284093,0.16136371637818714,0.22742801991291345,100,300,A_minus_B,same_source_and_nominal_noise_seed_distinct_channel_noise_namespace,16QAM_actual_E_separately_reported
1024,16QAM,13,whole_policy,P1024,clip_image_cosine,0.09814532856146496,0.08426874399681884,0.11229357757667699,100,300,A_minus_B,same_source_and_nominal_noise_seed_distinct_channel_noise_namespace,16QAM_actual_E_separately_reported
1024,16QAM,13,whole_policy,P1024,dists,-0.05687236885229747,-0.061388051345944404,-0.05227059952914715,100,300,A_minus_B,same_source_and_nominal_noise_seed_distinct_channel_noise_namespace,16QAM_actual_E_separately_reported
1024,16QAM,13,whole_policy,P1024,dreamsim,-0.08188914597034452,-0.09138685529927414,-0.07267371495564778,100,300,A_minus_B,same_source_and_nominal_noise_seed_distinct_channel_noise_namespace,16QAM_actual_E_separately_reported
1024,16QAM,13,whole_policy,P1024,ms_ssim,-0.04081040730079016,-0.04895506170143684,-0.03251023901502292,100,300,A_minus_B,same_source_and_nominal_noise_seed_distinct_channel_noise_namespace,16QAM_actual_E_separately_reported
1024,16QAM,13,whole_policy,P1024,dino_specificity,0.1831068522840118,0.15749993937509132,0.20962990949287388,100,300,A_minus_B,same_source_and_nominal_noise_seed_distinct_channel_noise_namespace,16QAM_actual_E_separately_reported
1024,16QAM,13,whole_policy,P1024,resnet50_top1_label,0.15000000000000002,0.07333333333333333,0.22999999999999995,100,300,A_minus_B,same_source_and_nominal_noise_seed_distinct_channel_noise_namespace,16QAM_actual_E_separately_reported
1024,16QAM,13,whole_policy,P1024,resnet50_top1_source_prediction,0.19666666666666668,0.11333333333333333,0.2833333333333333,100,300,A_minus_B,same_source_and_nominal_noise_seed_distinct_channel_noise_namespace,16QAM_actual_E_separately_reported
1024,16QAM,13,whole_policy,P1024,semantic_error,-0.19666666666666666,-0.2833333333333333,-0.11333333333333333,100,300,A_minus_B,same_source_and_nominal_noise_seed_distinct_channel_noise_namespace,16QAM_actual_E_separately_reported
1024,16QAM,19,entropy_policy,P1024,psnr_db,-0.6016412925720215,-0.788981767574946,-0.39745201587676987,100,300,A_minus_B,same_source_and_nominal_noise_seed_distinct_channel_noise_namespace,16QAM_actual_E_separately_reported
1024,16QAM,19,entropy_policy,P1024,lpips_alex,-0.009936354594926039,-0.014063538437709211,-0.005885673073741297,100,300,A_minus_B,same_source_and_nominal_noise_seed_distinct_channel_noise_namespace,16QAM_actual_E_separately_reported
1024,16QAM,19,entropy_policy,P1024,dino_cosine,0.17123011300961175,0.1459098593443632,0.1980966484025121,100,300,A_minus_B,same_source_and_nominal_noise_seed_distinct_channel_noise_namespace,16QAM_actual_E_separately_reported
1024,16QAM,19,entropy_policy,P1024,dinov2_vitl14_cosine,0.1833026358981927,0.15215081787978607,0.21638537331173816,100,300,A_minus_B,same_source_and_nominal_noise_seed_distinct_channel_noise_namespace,16QAM_actual_E_separately_reported
1024,16QAM,19,entropy_policy,P1024,clip_image_cosine,0.09397078424692155,0.08032600795229276,0.10806196816265583,100,300,A_minus_B,same_source_and_nominal_noise_seed_distinct_channel_noise_namespace,16QAM_actual_E_separately_reported
1024,16QAM,19,entropy_policy,P1024,dists,-0.05686096568902333,-0.0612200958430767,-0.052570922449231144,100,300,A_minus_B,same_source_and_nominal_noise_seed_distinct_channel_noise_namespace,16QAM_actual_E_separately_reported
1024,16QAM,19,entropy_policy,P1024,dreamsim,-0.07887828409671782,-0.08817110119760037,-0.06999452348550161,100,300,A_minus_B,same_source_and_nominal_noise_seed_distinct_channel_noise_namespace,16QAM_actual_E_separately_reported
1024,16QAM,19,entropy_policy,P1024,ms_ssim,-0.04410508304834366,-0.052130313687026496,-0.036060657218098646,100,300,A_minus_B,same_source_and_nominal_noise_seed_distinct_channel_noise_namespace,16QAM_actual_E_separately_reported
1024,16QAM,19,entropy_policy,P1024,dino_specificity,0.17009439764699585,0.1451300104856103,0.19624009329969214,100,300,A_minus_B,same_source_and_nominal_noise_seed_distinct_channel_noise_namespace,16QAM_actual_E_separately_reported
1024,16QAM,19,entropy_policy,P1024,resnet50_top1_label,0.16333333333333336,0.08666666666666668,0.24333333333333335,100,300,A_minus_B,same_source_and_nominal_noise_seed_distinct_channel_noise_namespace,16QAM_actual_E_separately_reported
1024,16QAM,19,entropy_policy,P1024,resnet50_top1_source_prediction,0.19666666666666668,0.11333333333333334,0.2833333333333334,100,300,A_minus_B,same_source_and_nominal_noise_seed_distinct_channel_noise_namespace,16QAM_actual_E_separately_reported
1024,16QAM,19,entropy_policy,P1024,semantic_error,-0.19666666666666668,-0.2833333333333333,-0.11333333333333333,100,300,A_minus_B,same_source_and_nominal_noise_seed_distinct_channel_noise_namespace,16QAM_actual_E_separately_reported
1024,16QAM,19,whole_policy,P1024,psnr_db,-0.6016412925720215,-0.788981767574946,-0.39745201587676987,100,300,A_minus_B,same_source_and_nominal_noise_seed_distinct_channel_noise_namespace,16QAM_actual_E_separately_reported
1024,16QAM,19,whole_policy,P1024,lpips_alex,-0.009936354594926039,-0.014063538437709211,-0.005885673073741297,100,300,A_minus_B,same_source_and_nominal_noise_seed_distinct_channel_noise_namespace,16QAM_actual_E_separately_reported
1024,16QAM,19,whole_policy,P1024,dino_cosine,0.17123011300961175,0.1459098593443632,0.1980966484025121,100,300,A_minus_B,same_source_and_nominal_noise_seed_distinct_channel_noise_namespace,16QAM_actual_E_separately_reported
1024,16QAM,19,whole_policy,P1024,dinov2_vitl14_cosine,0.1833026358981927,0.15215081787978607,0.21638537331173816,100,300,A_minus_B,same_source_and_nominal_noise_seed_distinct_channel_noise_namespace,16QAM_actual_E_separately_reported
1024,16QAM,19,whole_policy,P1024,clip_image_cosine,0.09397078424692155,0.08032600795229276,0.10806196816265583,100,300,A_minus_B,same_source_and_nominal_noise_seed_distinct_channel_noise_namespace,16QAM_actual_E_separately_reported
1024,16QAM,19,whole_policy,P1024,dists,-0.05686096568902333,-0.0612200958430767,-0.052570922449231144,100,300,A_minus_B,same_source_and_nominal_noise_seed_distinct_channel_noise_namespace,16QAM_actual_E_separately_reported
1024,16QAM,19,whole_policy,P1024,dreamsim,-0.07887828409671782,-0.08817110119760037,-0.06999452348550161,100,300,A_minus_B,same_source_and_nominal_noise_seed_distinct_channel_noise_namespace,16QAM_actual_E_separately_reported
1024,16QAM,19,whole_policy,P1024,ms_ssim,-0.04410508304834366,-0.052130313687026496,-0.036060657218098646,100,300,A_minus_B,same_source_and_nominal_noise_seed_distinct_channel_noise_namespace,16QAM_actual_E_separately_reported
1024,16QAM,19,whole_policy,P1024,dino_specificity,0.17009439764699585,0.1451300104856103,0.19624009329969214,100,300,A_minus_B,same_source_and_nominal_noise_seed_distinct_channel_noise_namespace,16QAM_actual_E_separately_reported
1024,16QAM,19,whole_policy,P1024,resnet50_top1_label,0.16333333333333336,0.08666666666666668,0.24333333333333335,100,300,A_minus_B,same_source_and_nominal_noise_seed_distinct_channel_noise_namespace,16QAM_actual_E_separately_reported
1024,16QAM,19,whole_policy,P1024,resnet50_top1_source_prediction,0.19666666666666668,0.11333333333333334,0.2833333333333334,100,300,A_minus_B,same_source_and_nominal_noise_seed_distinct_channel_noise_namespace,16QAM_actual_E_separately_reported
1024,16QAM,19,whole_policy,P1024,semantic_error,-0.19666666666666668,-0.2833333333333333,-0.11333333333333333,100,300,A_minus_B,same_source_and_nominal_noise_seed_distinct_channel_noise_namespace,16QAM_actual_E_separately_reported
2048,QPSK,1,entropy_policy,P2048,psnr_db,-2.7261155001322432,-2.992998174190521,-2.471107410510381,100,300,A_minus_B,same_source_and_nominal_noise_seed_distinct_channel_noise_namespace,QPSK_and_P_fixed_2N
2048,QPSK,1,entropy_policy,P2048,lpips_alex,0.06808971734096607,0.0608770155996705,0.07543989398268361,100,300,A_minus_B,same_source_and_nominal_noise_seed_distinct_channel_noise_namespace,QPSK_and_P_fixed_2N
2048,QPSK,1,entropy_policy,P2048,dino_cosine,0.01277943996091684,-0.008817497599249087,0.034733622739091516,100,300,A_minus_B,same_source_and_nominal_noise_seed_distinct_channel_noise_namespace,QPSK_and_P_fixed_2N
2048,QPSK,1,entropy_policy,P2048,dinov2_vitl14_cosine,-0.02466130318741004,-0.0567592346421443,0.009406812251079808,100,300,A_minus_B,same_source_and_nominal_noise_seed_distinct_channel_noise_namespace,QPSK_and_P_fixed_2N
2048,QPSK,1,entropy_policy,P2048,clip_image_cosine,0.019197321832180033,0.006986756379405661,0.032067401098708315,100,300,A_minus_B,same_source_and_nominal_noise_seed_distinct_channel_noise_namespace,QPSK_and_P_fixed_2N
2048,QPSK,1,entropy_policy,P2048,dists,0.003605590264002484,-0.0004560389369726182,0.007485686863462129,100,300,A_minus_B,same_source_and_nominal_noise_seed_distinct_channel_noise_namespace,QPSK_and_P_fixed_2N
2048,QPSK,1,entropy_policy,P2048,dreamsim,0.016251290837923683,0.00479852026204268,0.027377636075019827,100,300,A_minus_B,same_source_and_nominal_noise_seed_distinct_channel_noise_namespace,QPSK_and_P_fixed_2N
2048,QPSK,1,entropy_policy,P2048,ms_ssim,-0.1665480258067449,-0.17900169306248426,-0.15375857465465864,100,300,A_minus_B,same_source_and_nominal_noise_seed_distinct_channel_noise_namespace,QPSK_and_P_fixed_2N
2048,QPSK,1,entropy_policy,P2048,resnet50_top1_label,-0.05333333333333334,-0.12333333333333334,0.016666666666666663,100,300,A_minus_B,same_source_and_nominal_noise_seed_distinct_channel_noise_namespace,QPSK_and_P_fixed_2N
2048,QPSK,1,entropy_policy,P2048,resnet50_top1_source_prediction,-0.02666666666666667,-0.1066666666666667,0.05666666666666667,100,300,A_minus_B,same_source_and_nominal_noise_seed_distinct_channel_noise_namespace,QPSK_and_P_fixed_2N
2048,QPSK,1,entropy_policy,P2048,semantic_error,0.02666666666666667,-0.05666666666666668,0.10666666666666667,100,300,A_minus_B,same_source_and_nominal_noise_seed_distinct_channel_noise_namespace,QPSK_and_P_fixed_2N
2048,QPSK,1,whole_policy,P2048,psnr_db,-2.7261155001322432,-2.992998174190521,-2.471107410510381,100,300,A_minus_B,same_source_and_nominal_noise_seed_distinct_channel_noise_namespace,QPSK_and_P_fixed_2N
2048,QPSK,1,whole_policy,P2048,lpips_alex,0.06808971734096607,0.0608770155996705,0.07543989398268361,100,300,A_minus_B,same_source_and_nominal_noise_seed_distinct_channel_noise_namespace,QPSK_and_P_fixed_2N
2048,QPSK,1,whole_policy,P2048,dino_cosine,0.01277943996091684,-0.008817497599249087,0.034733622739091516,100,300,A_minus_B,same_source_and_nominal_noise_seed_distinct_channel_noise_namespace,QPSK_and_P_fixed_2N
2048,QPSK,1,whole_policy,P2048,dinov2_vitl14_cosine,-0.02466130318741004,-0.0567592346421443,0.009406812251079808,100,300,A_minus_B,same_source_and_nominal_noise_seed_distinct_channel_noise_namespace,QPSK_and_P_fixed_2N
2048,QPSK,1,whole_policy,P2048,clip_image_cosine,0.019197321832180033,0.006986756379405661,0.032067401098708315,100,300,A_minus_B,same_source_and_nominal_noise_seed_distinct_channel_noise_namespace,QPSK_and_P_fixed_2N
2048,QPSK,1,whole_policy,P2048,dists,0.003605590264002484,-0.0004560389369726182,0.007485686863462129,100,300,A_minus_B,same_source_and_nominal_noise_seed_distinct_channel_noise_namespace,QPSK_and_P_fixed_2N
2048,QPSK,1,whole_policy,P2048,dreamsim,0.016251290837923683,0.00479852026204268,0.027377636075019827,100,300,A_minus_B,same_source_and_nominal_noise_seed_distinct_channel_noise_namespace,QPSK_and_P_fixed_2N
2048,QPSK,1,whole_policy,P2048,ms_ssim,-0.1665480258067449,-0.17900169306248426,-0.15375857465465864,100,300,A_minus_B,same_source_and_nominal_noise_seed_distinct_channel_noise_namespace,QPSK_and_P_fixed_2N
2048,QPSK,1,whole_policy,P2048,resnet50_top1_label,-0.05333333333333334,-0.12333333333333334,0.016666666666666663,100,300,A_minus_B,same_source_and_nominal_noise_seed_distinct_channel_noise_namespace,QPSK_and_P_fixed_2N
2048,QPSK,1,whole_policy,P2048,resnet50_top1_source_prediction,-0.02666666666666667,-0.1066666666666667,0.05666666666666667,100,300,A_minus_B,same_source_and_nominal_noise_seed_distinct_channel_noise_namespace,QPSK_and_P_fixed_2N
2048,QPSK,1,whole_policy,P2048,semantic_error,0.02666666666666667,-0.05666666666666668,0.10666666666666667,100,300,A_minus_B,same_source_and_nominal_noise_seed_distinct_channel_noise_namespace,QPSK_and_P_fixed_2N
2048,QPSK,4,entropy_policy,P2048,psnr_db,-2.0614779599507647,-2.2394324536323547,-1.885278338988622,100,300,A_minus_B,same_source_and_nominal_noise_seed_distinct_channel_noise_namespace,QPSK_and_P_fixed_2N
2048,QPSK,4,entropy_policy,P2048,lpips_alex,0.04628279409060874,0.04158767014121016,0.050952662923062844,100,300,A_minus_B,same_source_and_nominal_noise_seed_distinct_channel_noise_namespace,QPSK_and_P_fixed_2N
2048,QPSK,4,entropy_policy,P2048,dino_cosine,0.010463537077109017,-0.006104363801578684,0.026976095189650846,100,300,A_minus_B,same_source_and_nominal_noise_seed_distinct_channel_noise_namespace,QPSK_and_P_fixed_2N
2048,QPSK,4,entropy_policy,P2048,dinov2_vitl14_cosine,-0.02335443650682767,-0.049015358657886574,0.001501295511921242,100,300,A_minus_B,same_source_and_nominal_noise_seed_distinct_channel_noise_namespace,QPSK_and_P_fixed_2N
2048,QPSK,4,entropy_policy,P2048,clip_image_cosine,0.015583314895629878,0.0053970041275024395,0.02567564898232618,100,300,A_minus_B,same_source_and_nominal_noise_seed_distinct_channel_noise_namespace,QPSK_and_P_fixed_2N
2048,QPSK,4,entropy_policy,P2048,dists,0.00304051657517751,-0.0001647908538579945,0.006248863269885379,100,300,A_minus_B,same_source_and_nominal_noise_seed_distinct_channel_noise_namespace,QPSK_and_P_fixed_2N
2048,QPSK,4,entropy_policy,P2048,dreamsim,0.003780752221743267,-0.002322924996415774,0.009905057296156882,100,300,A_minus_B,same_source_and_nominal_noise_seed_distinct_channel_noise_namespace,QPSK_and_P_fixed_2N
2048,QPSK,4,entropy_policy,P2048,ms_ssim,-0.1369245617588361,-0.14902780914554994,-0.12488778677086036,100,300,A_minus_B,same_source_and_nominal_noise_seed_distinct_channel_noise_namespace,QPSK_and_P_fixed_2N
2048,QPSK,4,entropy_policy,P2048,resnet50_top1_label,0.0033333333333333414,-0.06666666666666667,0.07333333333333335,100,300,A_minus_B,same_source_and_nominal_noise_seed_distinct_channel_noise_namespace,QPSK_and_P_fixed_2N
2048,QPSK,4,entropy_policy,P2048,resnet50_top1_source_prediction,0.03333333333333335,-0.046666666666666655,0.11333333333333334,100,300,A_minus_B,same_source_and_nominal_noise_seed_distinct_channel_noise_namespace,QPSK_and_P_fixed_2N
2048,QPSK,4,entropy_policy,P2048,semantic_error,-0.03333333333333332,-0.11333333333333333,0.046666666666666676,100,300,A_minus_B,same_source_and_nominal_noise_seed_distinct_channel_noise_namespace,QPSK_and_P_fixed_2N
2048,QPSK,4,whole_policy,P2048,psnr_db,-2.53516921043396,-2.741819366375606,-2.332754241625468,100,300,A_minus_B,same_source_and_nominal_noise_seed_distinct_channel_noise_namespace,QPSK_and_P_fixed_2N
2048,QPSK,4,whole_policy,P2048,lpips_alex,0.062556894980371,0.05762398211006075,0.06755409720602136,100,300,A_minus_B,same_source_and_nominal_noise_seed_distinct_channel_noise_namespace,QPSK_and_P_fixed_2N
2048,QPSK,4,whole_policy,P2048,dino_cosine,-0.01826039642095566,-0.0371205192108949,0.0003838727002342407,100,300,A_minus_B,same_source_and_nominal_noise_seed_distinct_channel_noise_namespace,QPSK_and_P_fixed_2N
2048,QPSK,4,whole_policy,P2048,dinov2_vitl14_cosine,-0.06432456220189729,-0.09394597734510898,-0.03550033415853978,100,300,A_minus_B,same_source_and_nominal_noise_seed_distinct_channel_noise_namespace,QPSK_and_P_fixed_2N
2048,QPSK,4,whole_policy,P2048,clip_image_cosine,0.00535810033480326,-0.005464172626535101,0.01604176633059978,100,300,A_minus_B,same_source_and_nominal_noise_seed_distinct_channel_noise_namespace,QPSK_and_P_fixed_2N
2048,QPSK,4,whole_policy,P2048,dists,0.008436460494995118,0.0052886470009883245,0.011587207893530526,100,300,A_minus_B,same_source_and_nominal_noise_seed_distinct_channel_noise_namespace,QPSK_and_P_fixed_2N
2048,QPSK,4,whole_policy,P2048,dreamsim,0.019609699646631878,0.012419585848848025,0.027024221534530317,100,300,A_minus_B,same_source_and_nominal_noise_seed_distinct_channel_noise_namespace,QPSK_and_P_fixed_2N
2048,QPSK,4,whole_policy,P2048,ms_ssim,-0.1619221305847168,-0.17481098234653475,-0.14893088305741553,100,300,A_minus_B,same_source_and_nominal_noise_seed_distinct_channel_noise_namespace,QPSK_and_P_fixed_2N
2048,QPSK,4,whole_policy,P2048,resnet50_top1_label,-0.04333333333333333,-0.12333333333333334,0.03666666666666668,100,300,A_minus_B,same_source_and_nominal_noise_seed_distinct_channel_noise_namespace,QPSK_and_P_fixed_2N
2048,QPSK,4,whole_policy,P2048,resnet50_top1_source_prediction,0.006666666666666679,-0.08333333333333334,0.09666666666666669,100,300,A_minus_B,same_source_and_nominal_noise_seed_distinct_channel_noise_namespace,QPSK_and_P_fixed_2N
2048,QPSK,4,whole_policy,P2048,semantic_error,-0.006666666666666663,-0.09666666666666666,0.08333333333333336,100,300,A_minus_B,same_source_and_nominal_noise_seed_distinct_channel_noise_namespace,QPSK_and_P_fixed_2N
2048,QPSK,7,entropy_policy,P2048,psnr_db,-1.7277741781870524,-1.8848829103310905,-1.5763481791814171,100,300,A_minus_B,same_source_and_nominal_noise_seed_distinct_channel_noise_namespace,QPSK_and_P_fixed_2N
2048,QPSK,7,entropy_policy,P2048,lpips_alex,0.032378660961985585,0.02911535320027421,0.03558716384104142,100,300,A_minus_B,same_source_and_nominal_noise_seed_distinct_channel_noise_namespace,QPSK_and_P_fixed_2N
2048,QPSK,7,entropy_policy,P2048,dino_cosine,0.013102548122406006,-0.0018684381445248878,0.02831839880843957,100,300,A_minus_B,same_source_and_nominal_noise_seed_distinct_channel_noise_namespace,QPSK_and_P_fixed_2N
2048,QPSK,7,entropy_policy,P2048,dinov2_vitl14_cosine,0.006632055193185804,-0.01098522693663836,0.025579444256921602,100,300,A_minus_B,same_source_and_nominal_noise_seed_distinct_channel_noise_namespace,QPSK_and_P_fixed_2N
2048,QPSK,7,entropy_policy,P2048,clip_image_cosine,0.012692512472470599,0.003447719499468802,0.021758519957462936,100,300,A_minus_B,same_source_and_nominal_noise_seed_distinct_channel_noise_namespace,QPSK_and_P_fixed_2N
2048,QPSK,7,entropy_policy,P2048,dists,-0.0009766892592112228,-0.0037982159554958354,0.001780545383691785,100,300,A_minus_B,same_source_and_nominal_noise_seed_distinct_channel_noise_namespace,QPSK_and_P_fixed_2N
2048,QPSK,7,entropy_policy,P2048,dreamsim,-0.0012485398848851527,-0.005587673753499984,0.002878851825992264,100,300,A_minus_B,same_source_and_nominal_noise_seed_distinct_channel_noise_namespace,QPSK_and_P_fixed_2N
2048,QPSK,7,entropy_policy,P2048,ms_ssim,-0.09967990070581437,-0.1084278320769469,-0.09102034260580937,100,300,A_minus_B,same_source_and_nominal_noise_seed_distinct_channel_noise_namespace,QPSK_and_P_fixed_2N
2048,QPSK,7,entropy_policy,P2048,resnet50_top1_label,-0.016666666666666663,-0.07666666666666666,0.04333333333333334,100,300,A_minus_B,same_source_and_nominal_noise_seed_distinct_channel_noise_namespace,QPSK_and_P_fixed_2N
2048,QPSK,7,entropy_policy,P2048,resnet50_top1_source_prediction,0.013333333333333341,-0.056666666666666664,0.08333333333333334,100,300,A_minus_B,same_source_and_nominal_noise_seed_distinct_channel_noise_namespace,QPSK_and_P_fixed_2N
2048,QPSK,7,entropy_policy,P2048,semantic_error,-0.013333333333333326,-0.08333333333333331,0.05666666666666668,100,300,A_minus_B,same_source_and_nominal_noise_seed_distinct_channel_noise_namespace,QPSK_and_P_fixed_2N
2048,QPSK,7,whole_policy,P2048,psnr_db,-1.7277741781870524,-1.8848829103310905,-1.5763481791814171,100,300,A_minus_B,same_source_and_nominal_noise_seed_distinct_channel_noise_namespace,QPSK_and_P_fixed_2N
2048,QPSK,7,whole_policy,P2048,lpips_alex,0.032378660961985585,0.02911535320027421,0.03558716384104142,100,300,A_minus_B,same_source_and_nominal_noise_seed_distinct_channel_noise_namespace,QPSK_and_P_fixed_2N
2048,QPSK,7,whole_policy,P2048,dino_cosine,0.013102548122406006,-0.0018684381445248878,0.02831839880843957,100,300,A_minus_B,same_source_and_nominal_noise_seed_distinct_channel_noise_namespace,QPSK_and_P_fixed_2N
2048,QPSK,7,whole_policy,P2048,dinov2_vitl14_cosine,0.006632055193185804,-0.01098522693663836,0.025579444256921602,100,300,A_minus_B,same_source_and_nominal_noise_seed_distinct_channel_noise_namespace,QPSK_and_P_fixed_2N
2048,QPSK,7,whole_policy,P2048,clip_image_cosine,0.012692512472470599,0.003447719499468802,0.021758519957462936,100,300,A_minus_B,same_source_and_nominal_noise_seed_distinct_channel_noise_namespace,QPSK_and_P_fixed_2N
2048,QPSK,7,whole_policy,P2048,dists,-0.0009766892592112228,-0.0037982159554958354,0.001780545383691785,100,300,A_minus_B,same_source_and_nominal_noise_seed_distinct_channel_noise_namespace,QPSK_and_P_fixed_2N
2048,QPSK,7,whole_policy,P2048,dreamsim,-0.0012485398848851527,-0.005587673753499984,0.002878851825992264,100,300,A_minus_B,same_source_and_nominal_noise_seed_distinct_channel_noise_namespace,QPSK_and_P_fixed_2N
2048,QPSK,7,whole_policy,P2048,ms_ssim,-0.09967990070581437,-0.1084278320769469,-0.09102034260580937,100,300,A_minus_B,same_source_and_nominal_noise_seed_distinct_channel_noise_namespace,QPSK_and_P_fixed_2N
2048,QPSK,7,whole_policy,P2048,resnet50_top1_label,-0.016666666666666663,-0.07666666666666666,0.04333333333333334,100,300,A_minus_B,same_source_and_nominal_noise_seed_distinct_channel_noise_namespace,QPSK_and_P_fixed_2N
2048,QPSK,7,whole_policy,P2048,resnet50_top1_source_prediction,0.013333333333333341,-0.056666666666666664,0.08333333333333334,100,300,A_minus_B,same_source_and_nominal_noise_seed_distinct_channel_noise_namespace,QPSK_and_P_fixed_2N
2048,QPSK,7,whole_policy,P2048,semantic_error,-0.013333333333333326,-0.08333333333333331,0.05666666666666668,100,300,A_minus_B,same_source_and_nominal_noise_seed_distinct_channel_noise_namespace,QPSK_and_P_fixed_2N
2048,QPSK,13,entropy_policy,P2048,psnr_db,-2.4457033602396647,-2.623015662352244,-2.2721079406738283,100,300,A_minus_B,same_source_and_nominal_noise_seed_distinct_channel_noise_namespace,QPSK_and_P_fixed_2N
2048,QPSK,13,entropy_policy,P2048,lpips_alex,0.0517726043673853,0.04788421745908756,0.05560727984458209,100,300,A_minus_B,same_source_and_nominal_noise_seed_distinct_channel_noise_namespace,QPSK_and_P_fixed_2N
2048,QPSK,13,entropy_policy,P2048,dino_cosine,-0.014638399680455527,-0.029729498301943137,0.0002802812059720347,100,300,A_minus_B,same_source_and_nominal_noise_seed_distinct_channel_noise_namespace,QPSK_and_P_fixed_2N
2048,QPSK,13,entropy_policy,P2048,dinov2_vitl14_cosine,-0.026366623193025584,-0.04327382554486394,-0.009315131096790243,100,300,A_minus_B,same_source_and_nominal_noise_seed_distinct_channel_noise_namespace,QPSK_and_P_fixed_2N
2048,QPSK,13,entropy_policy,P2048,clip_image_cosine,-0.007830776373545333,-0.017262911776701608,0.001381495167811702,100,300,A_minus_B,same_source_and_nominal_noise_seed_distinct_channel_noise_namespace,QPSK_and_P_fixed_2N
2048,QPSK,13,entropy_policy,P2048,dists,0.010541255474090579,0.00757680804034074,0.013456211835145952,100,300,A_minus_B,same_source_and_nominal_noise_seed_distinct_channel_noise_namespace,QPSK_and_P_fixed_2N
2048,QPSK,13,entropy_policy,P2048,dreamsim,0.014463842312494915,0.010318170199791594,0.018514513606826467,100,300,A_minus_B,same_source_and_nominal_noise_seed_distinct_channel_noise_namespace,QPSK_and_P_fixed_2N
2048,QPSK,13,entropy_policy,P2048,ms_ssim,-0.12332487245400747,-0.13323804745078088,-0.11349079387634996,100,300,A_minus_B,same_source_and_nominal_noise_seed_distinct_channel_noise_namespace,QPSK_and_P_fixed_2N
2048,QPSK,13,entropy_policy,P2048,resnet50_top1_label,-0.04333333333333333,-0.10333333333333333,0.01666666666666667,100,300,A_minus_B,same_source_and_nominal_noise_seed_distinct_channel_noise_namespace,QPSK_and_P_fixed_2N
2048,QPSK,13,entropy_policy,P2048,resnet50_top1_source_prediction,-0.01999999999999999,-0.09333333333333332,0.05,100,300,A_minus_B,same_source_and_nominal_noise_seed_distinct_channel_noise_namespace,QPSK_and_P_fixed_2N
2048,QPSK,13,entropy_policy,P2048,semantic_error,0.020000000000000004,-0.05,0.09333333333333334,100,300,A_minus_B,same_source_and_nominal_noise_seed_distinct_channel_noise_namespace,QPSK_and_P_fixed_2N
2048,QPSK,13,whole_policy,P2048,psnr_db,-2.4457033602396647,-2.623015662352244,-2.2721079406738283,100,300,A_minus_B,same_source_and_nominal_noise_seed_distinct_channel_noise_namespace,QPSK_and_P_fixed_2N
2048,QPSK,13,whole_policy,P2048,lpips_alex,0.0517726043673853,0.04788421745908756,0.05560727984458209,100,300,A_minus_B,same_source_and_nominal_noise_seed_distinct_channel_noise_namespace,QPSK_and_P_fixed_2N
2048,QPSK,13,whole_policy,P2048,dino_cosine,-0.014638399680455527,-0.029729498301943137,0.0002802812059720347,100,300,A_minus_B,same_source_and_nominal_noise_seed_distinct_channel_noise_namespace,QPSK_and_P_fixed_2N
2048,QPSK,13,whole_policy,P2048,dinov2_vitl14_cosine,-0.026366623193025584,-0.04327382554486394,-0.009315131096790243,100,300,A_minus_B,same_source_and_nominal_noise_seed_distinct_channel_noise_namespace,QPSK_and_P_fixed_2N
2048,QPSK,13,whole_policy,P2048,clip_image_cosine,-0.007830776373545333,-0.017262911776701608,0.001381495167811702,100,300,A_minus_B,same_source_and_nominal_noise_seed_distinct_channel_noise_namespace,QPSK_and_P_fixed_2N
2048,QPSK,13,whole_policy,P2048,dists,0.010541255474090579,0.00757680804034074,0.013456211835145952,100,300,A_minus_B,same_source_and_nominal_noise_seed_distinct_channel_noise_namespace,QPSK_and_P_fixed_2N
2048,QPSK,13,whole_policy,P2048,dreamsim,0.014463842312494915,0.010318170199791594,0.018514513606826467,100,300,A_minus_B,same_source_and_nominal_noise_seed_distinct_channel_noise_namespace,QPSK_and_P_fixed_2N
2048,QPSK,13,whole_policy,P2048,ms_ssim,-0.12332487245400747,-0.13323804745078088,-0.11349079387634996,100,300,A_minus_B,same_source_and_nominal_noise_seed_distinct_channel_noise_namespace,QPSK_and_P_fixed_2N
2048,QPSK,13,whole_policy,P2048,resnet50_top1_label,-0.04333333333333333,-0.10333333333333333,0.01666666666666667,100,300,A_minus_B,same_source_and_nominal_noise_seed_distinct_channel_noise_namespace,QPSK_and_P_fixed_2N
2048,QPSK,13,whole_policy,P2048,resnet50_top1_source_prediction,-0.01999999999999999,-0.09333333333333332,0.05,100,300,A_minus_B,same_source_and_nominal_noise_seed_distinct_channel_noise_namespace,QPSK_and_P_fixed_2N
2048,QPSK,13,whole_policy,P2048,semantic_error,0.020000000000000004,-0.05,0.09333333333333334,100,300,A_minus_B,same_source_and_nominal_noise_seed_distinct_channel_noise_namespace,QPSK_and_P_fixed_2N
2048,QPSK,19,entropy_policy,P2048,psnr_db,-2.6519100189208986,-2.8383479653199513,-2.468258721748988,100,300,A_minus_B,same_source_and_nominal_noise_seed_distinct_channel_noise_namespace,QPSK_and_P_fixed_2N
2048,QPSK,19,entropy_policy,P2048,lpips_alex,0.05674758169179161,0.05262971962026009,0.060818815279752025,100,300,A_minus_B,same_source_and_nominal_noise_seed_distinct_channel_noise_namespace,QPSK_and_P_fixed_2N
2048,QPSK,19,entropy_policy,P2048,dino_cosine,-0.02193696896235148,-0.03685722268124421,-0.00719714107116063,100,300,A_minus_B,same_source_and_nominal_noise_seed_distinct_channel_noise_namespace,QPSK_and_P_fixed_2N
2048,QPSK,19,entropy_policy,P2048,dinov2_vitl14_cosine,-0.03490891675154369,-0.051540930747985846,-0.018460357745488487,100,300,A_minus_B,same_source_and_nominal_noise_seed_distinct_channel_noise_namespace,QPSK_and_P_fixed_2N
2048,QPSK,19,entropy_policy,P2048,clip_image_cosine,-0.013054079810778298,-0.02298793773849805,-0.003407804941137634,100,300,A_minus_B,same_source_and_nominal_noise_seed_distinct_channel_noise_namespace,QPSK_and_P_fixed_2N
2048,QPSK,19,entropy_policy,P2048,dists,0.014262040058771767,0.011315287247300148,0.017148483778039614,100,300,A_minus_B,same_source_and_nominal_noise_seed_distinct_channel_noise_namespace,QPSK_and_P_fixed_2N
2048,QPSK,19,entropy_policy,P2048,dreamsim,0.018430290619532264,0.014173289010922114,0.02253895285725593,100,300,A_minus_B,same_source_and_nominal_noise_seed_distinct_channel_noise_namespace,QPSK_and_P_fixed_2N
2048,QPSK,19,entropy_policy,P2048,ms_ssim,-0.12988366782665253,-0.14013186653951806,-0.11972078390419486,100,300,A_minus_B,same_source_and_nominal_noise_seed_distinct_channel_noise_namespace,QPSK_and_P_fixed_2N
2048,QPSK,19,entropy_policy,P2048,resnet50_top1_label,-0.04999999999999999,-0.11333333333333334,0.013333333333333334,100,300,A_minus_B,same_source_and_nominal_noise_seed_distinct_channel_noise_namespace,QPSK_and_P_fixed_2N
2048,QPSK,19,entropy_policy,P2048,resnet50_top1_source_prediction,0.003333333333333339,-0.0634166666666666,0.07,100,300,A_minus_B,same_source_and_nominal_noise_seed_distinct_channel_noise_namespace,QPSK_and_P_fixed_2N
2048,QPSK,19,entropy_policy,P2048,semantic_error,-0.0033333333333333305,-0.07,0.06341666666666547,100,300,A_minus_B,same_source_and_nominal_noise_seed_distinct_channel_noise_namespace,QPSK_and_P_fixed_2N
2048,QPSK,19,whole_policy,P2048,psnr_db,-2.6519100189208986,-2.8383479653199513,-2.468258721748988,100,300,A_minus_B,same_source_and_nominal_noise_seed_distinct_channel_noise_namespace,QPSK_and_P_fixed_2N
2048,QPSK,19,whole_policy,P2048,lpips_alex,0.05674758169179161,0.05262971962026009,0.060818815279752025,100,300,A_minus_B,same_source_and_nominal_noise_seed_distinct_channel_noise_namespace,QPSK_and_P_fixed_2N
2048,QPSK,19,whole_policy,P2048,dino_cosine,-0.02193696896235148,-0.03685722268124421,-0.00719714107116063,100,300,A_minus_B,same_source_and_nominal_noise_seed_distinct_channel_noise_namespace,QPSK_and_P_fixed_2N
2048,QPSK,19,whole_policy,P2048,dinov2_vitl14_cosine,-0.03490891675154369,-0.051540930747985846,-0.018460357745488487,100,300,A_minus_B,same_source_and_nominal_noise_seed_distinct_channel_noise_namespace,QPSK_and_P_fixed_2N
2048,QPSK,19,whole_policy,P2048,clip_image_cosine,-0.013054079810778298,-0.02298793773849805,-0.003407804941137634,100,300,A_minus_B,same_source_and_nominal_noise_seed_distinct_channel_noise_namespace,QPSK_and_P_fixed_2N
2048,QPSK,19,whole_policy,P2048,dists,0.014262040058771767,0.011315287247300148,0.017148483778039614,100,300,A_minus_B,same_source_and_nominal_noise_seed_distinct_channel_noise_namespace,QPSK_and_P_fixed_2N
2048,QPSK,19,whole_policy,P2048,dreamsim,0.018430290619532264,0.014173289010922114,0.02253895285725593,100,300,A_minus_B,same_source_and_nominal_noise_seed_distinct_channel_noise_namespace,QPSK_and_P_fixed_2N
2048,QPSK,19,whole_policy,P2048,ms_ssim,-0.12988366782665253,-0.14013186653951806,-0.11972078390419486,100,300,A_minus_B,same_source_and_nominal_noise_seed_distinct_channel_noise_namespace,QPSK_and_P_fixed_2N
2048,QPSK,19,whole_policy,P2048,resnet50_top1_label,-0.04999999999999999,-0.11333333333333334,0.013333333333333334,100,300,A_minus_B,same_source_and_nominal_noise_seed_distinct_channel_noise_namespace,QPSK_and_P_fixed_2N
2048,QPSK,19,whole_policy,P2048,resnet50_top1_source_prediction,0.003333333333333339,-0.0634166666666666,0.07,100,300,A_minus_B,same_source_and_nominal_noise_seed_distinct_channel_noise_namespace,QPSK_and_P_fixed_2N
2048,QPSK,19,whole_policy,P2048,semantic_error,-0.0033333333333333305,-0.07,0.06341666666666547,100,300,A_minus_B,same_source_and_nominal_noise_seed_distinct_channel_noise_namespace,QPSK_and_P_fixed_2N
2048,16QAM,1,entropy_policy,P2048,psnr_db,-3.0952122815450043,-3.3008339957396187,-2.893514871199926,100,300,A_minus_B,same_source_and_nominal_noise_seed_distinct_channel_noise_namespace,16QAM_actual_E_separately_reported
2048,16QAM,1,entropy_policy,P2048,lpips_alex,0.0883627926806609,0.08244403452891856,0.09443997580744327,100,300,A_minus_B,same_source_and_nominal_noise_seed_distinct_channel_noise_namespace,16QAM_actual_E_separately_reported
2048,16QAM,1,entropy_policy,P2048,dino_cosine,-0.020810002088546754,-0.04666769945869844,0.005011658084889262,100,300,A_minus_B,same_source_and_nominal_noise_seed_distinct_channel_noise_namespace,16QAM_actual_E_separately_reported
2048,16QAM,1,entropy_policy,P2048,dinov2_vitl14_cosine,-0.06499666200329861,-0.10125315436255185,-0.0288744754722963,100,300,A_minus_B,same_source_and_nominal_noise_seed_distinct_channel_noise_namespace,16QAM_actual_E_separately_reported
2048,16QAM,1,entropy_policy,P2048,clip_image_cosine,0.016097471614678702,0.0015834449703494807,0.03084953002880017,100,300,A_minus_B,same_source_and_nominal_noise_seed_distinct_channel_noise_namespace,16QAM_actual_E_separately_reported
2048,16QAM,1,entropy_policy,P2048,dists,0.014568310181299848,0.010678999915719035,0.018410632039109864,100,300,A_minus_B,same_source_and_nominal_noise_seed_distinct_channel_noise_namespace,16QAM_actual_E_separately_reported
2048,16QAM,1,entropy_policy,P2048,dreamsim,0.02997501393159231,0.017972474485635756,0.041867533807953196,100,300,A_minus_B,same_source_and_nominal_noise_seed_distinct_channel_noise_namespace,16QAM_actual_E_separately_reported
2048,16QAM,1,entropy_policy,P2048,ms_ssim,-0.22545993611216544,-0.2396058153174817,-0.21117700115715468,100,300,A_minus_B,same_source_and_nominal_noise_seed_distinct_channel_noise_namespace,16QAM_actual_E_separately_reported
2048,16QAM,1,entropy_policy,P2048,resnet50_top1_label,-0.06666666666666667,-0.14666666666666667,0.01333333333333333,100,300,A_minus_B,same_source_and_nominal_noise_seed_distinct_channel_noise_namespace,16QAM_actual_E_separately_reported
2048,16QAM,1,entropy_policy,P2048,resnet50_top1_source_prediction,-0.05666666666666667,-0.14333333333333334,0.029999999999999992,100,300,A_minus_B,same_source_and_nominal_noise_seed_distinct_channel_noise_namespace,16QAM_actual_E_separately_reported
2048,16QAM,1,entropy_policy,P2048,semantic_error,0.05666666666666667,-0.029999999999999992,0.14333333333333334,100,300,A_minus_B,same_source_and_nominal_noise_seed_distinct_channel_noise_namespace,16QAM_actual_E_separately_reported
2048,16QAM,1,whole_policy,P2048,psnr_db,-3.0952122815450043,-3.3008339957396187,-2.893514871199926,100,300,A_minus_B,same_source_and_nominal_noise_seed_distinct_channel_noise_namespace,16QAM_actual_E_separately_reported
2048,16QAM,1,whole_policy,P2048,lpips_alex,0.0883627926806609,0.08244403452891856,0.09443997580744327,100,300,A_minus_B,same_source_and_nominal_noise_seed_distinct_channel_noise_namespace,16QAM_actual_E_separately_reported
2048,16QAM,1,whole_policy,P2048,dino_cosine,-0.020810002088546754,-0.04666769945869844,0.005011658084889262,100,300,A_minus_B,same_source_and_nominal_noise_seed_distinct_channel_noise_namespace,16QAM_actual_E_separately_reported
2048,16QAM,1,whole_policy,P2048,dinov2_vitl14_cosine,-0.06499666200329861,-0.10125315436255185,-0.0288744754722963,100,300,A_minus_B,same_source_and_nominal_noise_seed_distinct_channel_noise_namespace,16QAM_actual_E_separately_reported
2048,16QAM,1,whole_policy,P2048,clip_image_cosine,0.016097471614678702,0.0015834449703494807,0.03084953002880017,100,300,A_minus_B,same_source_and_nominal_noise_seed_distinct_channel_noise_namespace,16QAM_actual_E_separately_reported
2048,16QAM,1,whole_policy,P2048,dists,0.014568310181299848,0.010678999915719035,0.018410632039109864,100,300,A_minus_B,same_source_and_nominal_noise_seed_distinct_channel_noise_namespace,16QAM_actual_E_separately_reported
2048,16QAM,1,whole_policy,P2048,dreamsim,0.02997501393159231,0.017972474485635756,0.041867533807953196,100,300,A_minus_B,same_source_and_nominal_noise_seed_distinct_channel_noise_namespace,16QAM_actual_E_separately_reported
2048,16QAM,1,whole_policy,P2048,ms_ssim,-0.22545993611216544,-0.2396058153174817,-0.21117700115715468,100,300,A_minus_B,same_source_and_nominal_noise_seed_distinct_channel_noise_namespace,16QAM_actual_E_separately_reported
2048,16QAM,1,whole_policy,P2048,resnet50_top1_label,-0.06666666666666667,-0.14666666666666667,0.01333333333333333,100,300,A_minus_B,same_source_and_nominal_noise_seed_distinct_channel_noise_namespace,16QAM_actual_E_separately_reported
2048,16QAM,1,whole_policy,P2048,resnet50_top1_source_prediction,-0.05666666666666667,-0.14333333333333334,0.029999999999999992,100,300,A_minus_B,same_source_and_nominal_noise_seed_distinct_channel_noise_namespace,16QAM_actual_E_separately_reported
2048,16QAM,1,whole_policy,P2048,semantic_error,0.05666666666666667,-0.029999999999999992,0.14333333333333334,100,300,A_minus_B,same_source_and_nominal_noise_seed_distinct_channel_noise_namespace,16QAM_actual_E_separately_reported
2048,16QAM,4,entropy_policy,P2048,psnr_db,-2.5569890371958417,-2.7644269127845758,-2.3551824826399486,100,300,A_minus_B,same_source_and_nominal_noise_seed_distinct_channel_noise_namespace,16QAM_actual_E_separately_reported
2048,16QAM,4,entropy_policy,P2048,lpips_alex,0.06354773698995511,0.05851228950855633,0.06855018969190617,100,300,A_minus_B,same_source_and_nominal_noise_seed_distinct_channel_noise_namespace,16QAM_actual_E_separately_reported
2048,16QAM,4,entropy_policy,P2048,dino_cosine,-0.020460959275563555,-0.039771618170042836,-0.0013621224885185512,100,300,A_minus_B,same_source_and_nominal_noise_seed_distinct_channel_noise_namespace,16QAM_actual_E_separately_reported
2048,16QAM,4,entropy_policy,P2048,dinov2_vitl14_cosine,-0.061230445653200155,-0.0892966385347148,-0.034024345460037395,100,300,A_minus_B,same_source_and_nominal_noise_seed_distinct_channel_noise_namespace,16QAM_actual_E_separately_reported
2048,16QAM,4,entropy_policy,P2048,clip_image_cosine,0.0030380439758300724,-0.008030450070897742,0.013897430886824906,100,300,A_minus_B,same_source_and_nominal_noise_seed_distinct_channel_noise_namespace,16QAM_actual_E_separately_reported
2048,16QAM,4,entropy_policy,P2048,dists,0.008422047297159832,0.005295763219396273,0.011553516884644826,100,300,A_minus_B,same_source_and_nominal_noise_seed_distinct_channel_noise_namespace,16QAM_actual_E_separately_reported
2048,16QAM,4,entropy_policy,P2048,dreamsim,0.02028649389743805,0.013144363189737001,0.027464105173945427,100,300,A_minus_B,same_source_and_nominal_noise_seed_distinct_channel_noise_namespace,16QAM_actual_E_separately_reported
2048,16QAM,4,entropy_policy,P2048,ms_ssim,-0.16298548261324566,-0.17600778388977054,-0.14980660628030698,100,300,A_minus_B,same_source_and_nominal_noise_seed_distinct_channel_noise_namespace,16QAM_actual_E_separately_reported
2048,16QAM,4,entropy_policy,P2048,resnet50_top1_label,-0.03666666666666667,-0.11666666666666665,0.04333333333333334,100,300,A_minus_B,same_source_and_nominal_noise_seed_distinct_channel_noise_namespace,16QAM_actual_E_separately_reported
2048,16QAM,4,entropy_policy,P2048,resnet50_top1_source_prediction,0.010000000000000014,-0.07999999999999999,0.10000000000000002,100,300,A_minus_B,same_source_and_nominal_noise_seed_distinct_channel_noise_namespace,16QAM_actual_E_separately_reported
2048,16QAM,4,entropy_policy,P2048,semantic_error,-0.009999999999999992,-0.1,0.08000000000000002,100,300,A_minus_B,same_source_and_nominal_noise_seed_distinct_channel_noise_namespace,16QAM_actual_E_separately_reported
2048,16QAM,4,whole_policy,P2048,psnr_db,-2.5569890371958417,-2.7644269127845758,-2.3551824826399486,100,300,A_minus_B,same_source_and_nominal_noise_seed_distinct_channel_noise_namespace,16QAM_actual_E_separately_reported
2048,16QAM,4,whole_policy,P2048,lpips_alex,0.06354773698995511,0.05851228950855633,0.06855018969190617,100,300,A_minus_B,same_source_and_nominal_noise_seed_distinct_channel_noise_namespace,16QAM_actual_E_separately_reported
2048,16QAM,4,whole_policy,P2048,dino_cosine,-0.020460959275563555,-0.039771618170042836,-0.0013621224885185512,100,300,A_minus_B,same_source_and_nominal_noise_seed_distinct_channel_noise_namespace,16QAM_actual_E_separately_reported
2048,16QAM,4,whole_policy,P2048,dinov2_vitl14_cosine,-0.061230445653200155,-0.0892966385347148,-0.034024345460037395,100,300,A_minus_B,same_source_and_nominal_noise_seed_distinct_channel_noise_namespace,16QAM_actual_E_separately_reported
2048,16QAM,4,whole_policy,P2048,clip_image_cosine,0.0030380439758300724,-0.008030450070897742,0.013897430886824906,100,300,A_minus_B,same_source_and_nominal_noise_seed_distinct_channel_noise_namespace,16QAM_actual_E_separately_reported
2048,16QAM,4,whole_policy,P2048,dists,0.008422047297159832,0.005295763219396273,0.011553516884644826,100,300,A_minus_B,same_source_and_nominal_noise_seed_distinct_channel_noise_namespace,16QAM_actual_E_separately_reported
2048,16QAM,4,whole_policy,P2048,dreamsim,0.02028649389743805,0.013144363189737001,0.027464105173945427,100,300,A_minus_B,same_source_and_nominal_noise_seed_distinct_channel_noise_namespace,16QAM_actual_E_separately_reported
2048,16QAM,4,whole_policy,P2048,ms_ssim,-0.16298548261324566,-0.17600778388977054,-0.14980660628030698,100,300,A_minus_B,same_source_and_nominal_noise_seed_distinct_channel_noise_namespace,16QAM_actual_E_separately_reported
2048,16QAM,4,whole_policy,P2048,resnet50_top1_label,-0.03666666666666667,-0.11666666666666665,0.04333333333333334,100,300,A_minus_B,same_source_and_nominal_noise_seed_distinct_channel_noise_namespace,16QAM_actual_E_separately_reported
2048,16QAM,4,whole_policy,P2048,resnet50_top1_source_prediction,0.010000000000000014,-0.07999999999999999,0.10000000000000002,100,300,A_minus_B,same_source_and_nominal_noise_seed_distinct_channel_noise_namespace,16QAM_actual_E_separately_reported
2048,16QAM,4,whole_policy,P2048,semantic_error,-0.009999999999999992,-0.1,0.08000000000000002,100,300,A_minus_B,same_source_and_nominal_noise_seed_distinct_channel_noise_namespace,16QAM_actual_E_separately_reported
2048,16QAM,7,entropy_policy,P2048,psnr_db,-1.7391851488749186,-1.898137865622838,-1.5848922154903413,100,300,A_minus_B,same_source_and_nominal_noise_seed_distinct_channel_noise_namespace,16QAM_actual_E_separately_reported
2048,16QAM,7,entropy_policy,P2048,lpips_alex,0.03264862503856421,0.02940333648119121,0.035859183275451255,100,300,A_minus_B,same_source_and_nominal_noise_seed_distinct_channel_noise_namespace,16QAM_actual_E_separately_reported
2048,16QAM,7,entropy_policy,P2048,dino_cosine,0.012577036420504254,-0.002373230929176013,0.02779155603547891,100,300,A_minus_B,same_source_and_nominal_noise_seed_distinct_channel_noise_namespace,16QAM_actual_E_separately_reported
2048,16QAM,7,entropy_policy,P2048,dinov2_vitl14_cosine,0.005167282968759537,-0.012634606448312595,0.02424953884383042,100,300,A_minus_B,same_source_and_nominal_noise_seed_distinct_channel_noise_namespace,16QAM_actual_E_separately_reported
2048,16QAM,7,entropy_policy,P2048,clip_image_cosine,0.01227017442385356,0.003203971793254214,0.021232336724797882,100,300,A_minus_B,same_source_and_nominal_noise_seed_distinct_channel_noise_namespace,16QAM_actual_E_separately_reported
2048,16QAM,7,entropy_policy,P2048,dists,-0.000966891845067343,-0.003853228082259496,0.0018530869930982585,100,300,A_minus_B,same_source_and_nominal_noise_seed_distinct_channel_noise_namespace,16QAM_actual_E_separately_reported
2048,16QAM,7,entropy_policy,P2048,dreamsim,-0.0010388096173604329,-0.005417294293642044,0.0031984065175056455,100,300,A_minus_B,same_source_and_nominal_noise_seed_distinct_channel_noise_namespace,16QAM_actual_E_separately_reported
2048,16QAM,7,entropy_policy,P2048,ms_ssim,-0.10002053767442703,-0.10871838519473873,-0.09139018487681946,100,300,A_minus_B,same_source_and_nominal_noise_seed_distinct_channel_noise_namespace,16QAM_actual_E_separately_reported
2048,16QAM,7,entropy_policy,P2048,resnet50_top1_label,-0.01999999999999999,-0.07666666666666667,0.03666666666666667,100,300,A_minus_B,same_source_and_nominal_noise_seed_distinct_channel_noise_namespace,16QAM_actual_E_separately_reported
2048,16QAM,7,entropy_policy,P2048,resnet50_top1_source_prediction,0.010000000000000009,-0.05666666666666667,0.07666666666666667,100,300,A_minus_B,same_source_and_nominal_noise_seed_distinct_channel_noise_namespace,16QAM_actual_E_separately_reported
2048,16QAM,7,entropy_policy,P2048,semantic_error,-0.009999999999999995,-0.07666666666666666,0.05666666666666668,100,300,A_minus_B,same_source_and_nominal_noise_seed_distinct_channel_noise_namespace,16QAM_actual_E_separately_reported
2048,16QAM,7,whole_policy,P2048,psnr_db,-1.7391851488749186,-1.898137865622838,-1.5848922154903413,100,300,A_minus_B,same_source_and_nominal_noise_seed_distinct_channel_noise_namespace,16QAM_actual_E_separately_reported
2048,16QAM,7,whole_policy,P2048,lpips_alex,0.03264862503856421,0.02940333648119121,0.035859183275451255,100,300,A_minus_B,same_source_and_nominal_noise_seed_distinct_channel_noise_namespace,16QAM_actual_E_separately_reported
2048,16QAM,7,whole_policy,P2048,dino_cosine,0.012577036420504254,-0.002373230929176013,0.02779155603547891,100,300,A_minus_B,same_source_and_nominal_noise_seed_distinct_channel_noise_namespace,16QAM_actual_E_separately_reported
2048,16QAM,7,whole_policy,P2048,dinov2_vitl14_cosine,0.005167282968759537,-0.012634606448312595,0.02424953884383042,100,300,A_minus_B,same_source_and_nominal_noise_seed_distinct_channel_noise_namespace,16QAM_actual_E_separately_reported
2048,16QAM,7,whole_policy,P2048,clip_image_cosine,0.01227017442385356,0.003203971793254214,0.021232336724797882,100,300,A_minus_B,same_source_and_nominal_noise_seed_distinct_channel_noise_namespace,16QAM_actual_E_separately_reported
2048,16QAM,7,whole_policy,P2048,dists,-0.000966891845067343,-0.003853228082259496,0.0018530869930982585,100,300,A_minus_B,same_source_and_nominal_noise_seed_distinct_channel_noise_namespace,16QAM_actual_E_separately_reported
2048,16QAM,7,whole_policy,P2048,dreamsim,-0.0010388096173604329,-0.005417294293642044,0.0031984065175056455,100,300,A_minus_B,same_source_and_nominal_noise_seed_distinct_channel_noise_namespace,16QAM_actual_E_separately_reported
2048,16QAM,7,whole_policy,P2048,ms_ssim,-0.10002053767442703,-0.10871838519473873,-0.09139018487681946,100,300,A_minus_B,same_source_and_nominal_noise_seed_distinct_channel_noise_namespace,16QAM_actual_E_separately_reported
2048,16QAM,7,whole_policy,P2048,resnet50_top1_label,-0.01999999999999999,-0.07666666666666667,0.03666666666666667,100,300,A_minus_B,same_source_and_nominal_noise_seed_distinct_channel_noise_namespace,16QAM_actual_E_separately_reported
2048,16QAM,7,whole_policy,P2048,resnet50_top1_source_prediction,0.010000000000000009,-0.05666666666666667,0.07666666666666667,100,300,A_minus_B,same_source_and_nominal_noise_seed_distinct_channel_noise_namespace,16QAM_actual_E_separately_reported
2048,16QAM,7,whole_policy,P2048,semantic_error,-0.009999999999999995,-0.07666666666666666,0.05666666666666668,100,300,A_minus_B,same_source_and_nominal_noise_seed_distinct_channel_noise_namespace,16QAM_actual_E_separately_reported
2048,16QAM,13,entropy_policy,P2048,psnr_db,-2.4457033602396647,-2.623015662352244,-2.2721079406738283,100,300,A_minus_B,same_source_and_nominal_noise_seed_distinct_channel_noise_namespace,16QAM_actual_E_separately_reported
2048,16QAM,13,entropy_policy,P2048,lpips_alex,0.0517726043673853,0.04788421745908756,0.05560727984458209,100,300,A_minus_B,same_source_and_nominal_noise_seed_distinct_channel_noise_namespace,16QAM_actual_E_separately_reported
2048,16QAM,13,entropy_policy,P2048,dino_cosine,-0.014638399680455527,-0.029729498301943137,0.0002802812059720347,100,300,A_minus_B,same_source_and_nominal_noise_seed_distinct_channel_noise_namespace,16QAM_actual_E_separately_reported
2048,16QAM,13,entropy_policy,P2048,dinov2_vitl14_cosine,-0.026366623193025584,-0.04327382554486394,-0.009315131096790243,100,300,A_minus_B,same_source_and_nominal_noise_seed_distinct_channel_noise_namespace,16QAM_actual_E_separately_reported
2048,16QAM,13,entropy_policy,P2048,clip_image_cosine,-0.007830776373545333,-0.017262911776701608,0.001381495167811702,100,300,A_minus_B,same_source_and_nominal_noise_seed_distinct_channel_noise_namespace,16QAM_actual_E_separately_reported
2048,16QAM,13,entropy_policy,P2048,dists,0.010541255474090579,0.00757680804034074,0.013456211835145952,100,300,A_minus_B,same_source_and_nominal_noise_seed_distinct_channel_noise_namespace,16QAM_actual_E_separately_reported
2048,16QAM,13,entropy_policy,P2048,dreamsim,0.014463842312494915,0.010318170199791594,0.018514513606826467,100,300,A_minus_B,same_source_and_nominal_noise_seed_distinct_channel_noise_namespace,16QAM_actual_E_separately_reported
2048,16QAM,13,entropy_policy,P2048,ms_ssim,-0.12332487245400747,-0.13323804745078088,-0.11349079387634996,100,300,A_minus_B,same_source_and_nominal_noise_seed_distinct_channel_noise_namespace,16QAM_actual_E_separately_reported
2048,16QAM,13,entropy_policy,P2048,resnet50_top1_label,-0.04333333333333333,-0.10333333333333333,0.01666666666666667,100,300,A_minus_B,same_source_and_nominal_noise_seed_distinct_channel_noise_namespace,16QAM_actual_E_separately_reported
2048,16QAM,13,entropy_policy,P2048,resnet50_top1_source_prediction,-0.01999999999999999,-0.09333333333333332,0.05,100,300,A_minus_B,same_source_and_nominal_noise_seed_distinct_channel_noise_namespace,16QAM_actual_E_separately_reported
2048,16QAM,13,entropy_policy,P2048,semantic_error,0.020000000000000004,-0.05,0.09333333333333334,100,300,A_minus_B,same_source_and_nominal_noise_seed_distinct_channel_noise_namespace,16QAM_actual_E_separately_reported
2048,16QAM,13,whole_policy,P2048,psnr_db,-2.4457033602396647,-2.623015662352244,-2.2721079406738283,100,300,A_minus_B,same_source_and_nominal_noise_seed_distinct_channel_noise_namespace,16QAM_actual_E_separately_reported
2048,16QAM,13,whole_policy,P2048,lpips_alex,0.0517726043673853,0.04788421745908756,0.05560727984458209,100,300,A_minus_B,same_source_and_nominal_noise_seed_distinct_channel_noise_namespace,16QAM_actual_E_separately_reported
2048,16QAM,13,whole_policy,P2048,dino_cosine,-0.014638399680455527,-0.029729498301943137,0.0002802812059720347,100,300,A_minus_B,same_source_and_nominal_noise_seed_distinct_channel_noise_namespace,16QAM_actual_E_separately_reported
2048,16QAM,13,whole_policy,P2048,dinov2_vitl14_cosine,-0.026366623193025584,-0.04327382554486394,-0.009315131096790243,100,300,A_minus_B,same_source_and_nominal_noise_seed_distinct_channel_noise_namespace,16QAM_actual_E_separately_reported
2048,16QAM,13,whole_policy,P2048,clip_image_cosine,-0.007830776373545333,-0.017262911776701608,0.001381495167811702,100,300,A_minus_B,same_source_and_nominal_noise_seed_distinct_channel_noise_namespace,16QAM_actual_E_separately_reported
2048,16QAM,13,whole_policy,P2048,dists,0.010541255474090579,0.00757680804034074,0.013456211835145952,100,300,A_minus_B,same_source_and_nominal_noise_seed_distinct_channel_noise_namespace,16QAM_actual_E_separately_reported
2048,16QAM,13,whole_policy,P2048,dreamsim,0.014463842312494915,0.010318170199791594,0.018514513606826467,100,300,A_minus_B,same_source_and_nominal_noise_seed_distinct_channel_noise_namespace,16QAM_actual_E_separately_reported
2048,16QAM,13,whole_policy,P2048,ms_ssim,-0.12332487245400747,-0.13323804745078088,-0.11349079387634996,100,300,A_minus_B,same_source_and_nominal_noise_seed_distinct_channel_noise_namespace,16QAM_actual_E_separately_reported
2048,16QAM,13,whole_policy,P2048,resnet50_top1_label,-0.04333333333333333,-0.10333333333333333,0.01666666666666667,100,300,A_minus_B,same_source_and_nominal_noise_seed_distinct_channel_noise_namespace,16QAM_actual_E_separately_reported
2048,16QAM,13,whole_policy,P2048,resnet50_top1_source_prediction,-0.01999999999999999,-0.09333333333333332,0.05,100,300,A_minus_B,same_source_and_nominal_noise_seed_distinct_channel_noise_namespace,16QAM_actual_E_separately_reported
2048,16QAM,13,whole_policy,P2048,semantic_error,0.020000000000000004,-0.05,0.09333333333333334,100,300,A_minus_B,same_source_and_nominal_noise_seed_distinct_channel_noise_namespace,16QAM_actual_E_separately_reported
2048,16QAM,19,entropy_policy,P2048,psnr_db,-2.6519100189208986,-2.8383479653199513,-2.468258721748988,100,300,A_minus_B,same_source_and_nominal_noise_seed_distinct_channel_noise_namespace,16QAM_actual_E_separately_reported
2048,16QAM,19,entropy_policy,P2048,lpips_alex,0.05674758169179161,0.05262971962026009,0.060818815279752025,100,300,A_minus_B,same_source_and_nominal_noise_seed_distinct_channel_noise_namespace,16QAM_actual_E_separately_reported
2048,16QAM,19,entropy_policy,P2048,dino_cosine,-0.02193696896235148,-0.03685722268124421,-0.00719714107116063,100,300,A_minus_B,same_source_and_nominal_noise_seed_distinct_channel_noise_namespace,16QAM_actual_E_separately_reported
2048,16QAM,19,entropy_policy,P2048,dinov2_vitl14_cosine,-0.03490891675154369,-0.051540930747985846,-0.018460357745488487,100,300,A_minus_B,same_source_and_nominal_noise_seed_distinct_channel_noise_namespace,16QAM_actual_E_separately_reported
2048,16QAM,19,entropy_policy,P2048,clip_image_cosine,-0.013054079810778298,-0.02298793773849805,-0.003407804941137634,100,300,A_minus_B,same_source_and_nominal_noise_seed_distinct_channel_noise_namespace,16QAM_actual_E_separately_reported
2048,16QAM,19,entropy_policy,P2048,dists,0.014262040058771767,0.011315287247300148,0.017148483778039614,100,300,A_minus_B,same_source_and_nominal_noise_seed_distinct_channel_noise_namespace,16QAM_actual_E_separately_reported
2048,16QAM,19,entropy_policy,P2048,dreamsim,0.018430290619532264,0.014173289010922114,0.02253895285725593,100,300,A_minus_B,same_source_and_nominal_noise_seed_distinct_channel_noise_namespace,16QAM_actual_E_separately_reported
2048,16QAM,19,entropy_policy,P2048,ms_ssim,-0.12988366782665253,-0.14013186653951806,-0.11972078390419486,100,300,A_minus_B,same_source_and_nominal_noise_seed_distinct_channel_noise_namespace,16QAM_actual_E_separately_reported
2048,16QAM,19,entropy_policy,P2048,resnet50_top1_label,-0.04999999999999999,-0.11333333333333334,0.013333333333333334,100,300,A_minus_B,same_source_and_nominal_noise_seed_distinct_channel_noise_namespace,16QAM_actual_E_separately_reported
2048,16QAM,19,entropy_policy,P2048,resnet50_top1_source_prediction,0.003333333333333339,-0.0634166666666666,0.07,100,300,A_minus_B,same_source_and_nominal_noise_seed_distinct_channel_noise_namespace,16QAM_actual_E_separately_reported
2048,16QAM,19,entropy_policy,P2048,semantic_error,-0.0033333333333333305,-0.07,0.06341666666666547,100,300,A_minus_B,same_source_and_nominal_noise_seed_distinct_channel_noise_namespace,16QAM_actual_E_separately_reported
2048,16QAM,19,whole_policy,P2048,psnr_db,-2.6519100189208986,-2.8383479653199513,-2.468258721748988,100,300,A_minus_B,same_source_and_nominal_noise_seed_distinct_channel_noise_namespace,16QAM_actual_E_separately_reported
2048,16QAM,19,whole_policy,P2048,lpips_alex,0.05674758169179161,0.05262971962026009,0.060818815279752025,100,300,A_minus_B,same_source_and_nominal_noise_seed_distinct_channel_noise_namespace,16QAM_actual_E_separately_reported
2048,16QAM,19,whole_policy,P2048,dino_cosine,-0.02193696896235148,-0.03685722268124421,-0.00719714107116063,100,300,A_minus_B,same_source_and_nominal_noise_seed_distinct_channel_noise_namespace,16QAM_actual_E_separately_reported
2048,16QAM,19,whole_policy,P2048,dinov2_vitl14_cosine,-0.03490891675154369,-0.051540930747985846,-0.018460357745488487,100,300,A_minus_B,same_source_and_nominal_noise_seed_distinct_channel_noise_namespace,16QAM_actual_E_separately_reported
2048,16QAM,19,whole_policy,P2048,clip_image_cosine,-0.013054079810778298,-0.02298793773849805,-0.003407804941137634,100,300,A_minus_B,same_source_and_nominal_noise_seed_distinct_channel_noise_namespace,16QAM_actual_E_separately_reported
2048,16QAM,19,whole_policy,P2048,dists,0.014262040058771767,0.011315287247300148,0.017148483778039614,100,300,A_minus_B,same_source_and_nominal_noise_seed_distinct_channel_noise_namespace,16QAM_actual_E_separately_reported
2048,16QAM,19,whole_policy,P2048,dreamsim,0.018430290619532264,0.014173289010922114,0.02253895285725593,100,300,A_minus_B,same_source_and_nominal_noise_seed_distinct_channel_noise_namespace,16QAM_actual_E_separately_reported
2048,16QAM,19,whole_policy,P2048,ms_ssim,-0.12988366782665253,-0.14013186653951806,-0.11972078390419486,100,300,A_minus_B,same_source_and_nominal_noise_seed_distinct_channel_noise_namespace,16QAM_actual_E_separately_reported
2048,16QAM,19,whole_policy,P2048,resnet50_top1_label,-0.04999999999999999,-0.11333333333333334,0.013333333333333334,100,300,A_minus_B,same_source_and_nominal_noise_seed_distinct_channel_noise_namespace,16QAM_actual_E_separately_reported
2048,16QAM,19,whole_policy,P2048,resnet50_top1_source_prediction,0.003333333333333339,-0.0634166666666666,0.07,100,300,A_minus_B,same_source_and_nominal_noise_seed_distinct_channel_noise_namespace,16QAM_actual_E_separately_reported
2048,16QAM,19,whole_policy,P2048,semantic_error,-0.0033333333333333305,-0.07,0.06341666666666547,100,300,A_minus_B,same_source_and_nominal_noise_seed_distinct_channel_noise_namespace,16QAM_actual_E_separately_reported
