source_index,source_id,level,snr_db,mode,profile,metric,value
0,n01440764/ILSVRC2012_val_00003014_n01440764,target_4dB,4,CL,V_decision,acc_k1,1.0
1,n01601694/ILSVRC2012_val_00021656_n01601694,target_4dB,4,CL,V_decision,acc_k1,1.0
2,n01664065/ILSVRC2012_val_00014316_n01664065,target_4dB,4,CL,V_decision,acc_k1,1.0
3,n01689811/ILSVRC2012_val_00020598_n01689811,target_4dB,4,CL,V_decision,acc_k1,1.0
4,n01735189/ILSVRC2012_val_00006699_n01735189,target_4dB,4,CL,V_decision,acc_k1,1.0
5,n01744401/ILSVRC2012_val_00032663_n01744401,target_4dB,4,CL,V_decision,acc_k1,1.0
6,n01751748/ILSVRC2012_val_00033157_n01751748,target_4dB,4,CL,V_decision,acc_k1,1.0
7,n01775062/ILSVRC2012_val_00036589_n01775062,target_4dB,4,CL,V_decision,acc_k1,1.0
8,n01843383/ILSVRC2012_val_00005901_n01843383,target_4dB,4,CL,V_decision,acc_k1,1.0
9,n01860187/ILSVRC2012_val_00021594_n01860187,target_4dB,4,CL,V_decision,acc_k1,0.3333333333333333
10,n01882714/ILSVRC2012_val_00019996_n01882714,target_4dB,4,CL,V_decision,acc_k1,1.0
11,n01943899/ILSVRC2012_val_00005706_n01943899,target_4dB,4,CL,V_decision,acc_k1,1.0
12,n01955084/ILSVRC2012_val_00001857_n01955084,target_4dB,4,CL,V_decision,acc_k1,0.6666666666666666
13,n01983481/ILSVRC2012_val_00019856_n01983481,target_4dB,4,CL,V_decision,acc_k1,1.0
14,n02013706/ILSVRC2012_val_00003168_n02013706,target_4dB,4,CL,V_decision,acc_k1,1.0
15,n02027492/ILSVRC2012_val_00007524_n02027492,target_4dB,4,CL,V_decision,acc_k1,0.6666666666666666
16,n02088094/ILSVRC2012_val_00005507_n02088094,target_4dB,4,CL,V_decision,acc_k1,1.0
17,n02090622/ILSVRC2012_val_00006265_n02090622,target_4dB,4,CL,V_decision,acc_k1,0.3333333333333333
18,n02096177/ILSVRC2012_val_00019083_n02096177,target_4dB,4,CL,V_decision,acc_k1,1.0
19,n02098286/ILSVRC2012_val_00038253_n02098286,target_4dB,4,CL,V_decision,acc_k1,0.6666666666666666
20,n02102480/ILSVRC2012_val_00010261_n02102480,target_4dB,4,CL,V_decision,acc_k1,0.6666666666666666
21,n02105641/ILSVRC2012_val_00018762_n02105641,target_4dB,4,CL,V_decision,acc_k1,1.0
22,n02106550/ILSVRC2012_val_00014315_n02106550,target_4dB,4,CL,V_decision,acc_k1,1.0
23,n02107683/ILSVRC2012_val_00010786_n02107683,target_4dB,4,CL,V_decision,acc_k1,1.0
24,n02110806/ILSVRC2012_val_00030364_n02110806,target_4dB,4,CL,V_decision,acc_k1,1.0
25,n02113799/ILSVRC2012_val_00007866_n02113799,target_4dB,4,CL,V_decision,acc_k1,1.0
26,n02123159/ILSVRC2012_val_00025723_n02123159,target_4dB,4,CL,V_decision,acc_k1,1.0
27,n02134084/ILSVRC2012_val_00020332_n02134084,target_4dB,4,CL,V_decision,acc_k1,1.0
28,n02168699/ILSVRC2012_val_00040132_n02168699,target_4dB,4,CL,V_decision,acc_k1,1.0
29,n02233338/ILSVRC2012_val_00016160_n02233338,target_4dB,4,CL,V_decision,acc_k1,0.6666666666666666
30,n02264363/ILSVRC2012_val_00027803_n02264363,target_4dB,4,CL,V_decision,acc_k1,1.0
31,n02277742/ILSVRC2012_val_00015608_n02277742,target_4dB,4,CL,V_decision,acc_k1,1.0
32,n02325366/ILSVRC2012_val_00024858_n02325366,target_4dB,4,CL,V_decision,acc_k1,1.0
33,n02398521/ILSVRC2012_val_00018354_n02398521,target_4dB,4,CL,V_decision,acc_k1,1.0
34,n02410509/ILSVRC2012_val_00022568_n02410509,target_4dB,4,CL,V_decision,acc_k1,1.0
35,n02437312/ILSVRC2012_val_00006245_n02437312,target_4dB,4,CL,V_decision,acc_k1,1.0
36,n02486410/ILSVRC2012_val_00009799_n02486410,target_4dB,4,CL,V_decision,acc_k1,0.6666666666666666
37,n02509815/ILSVRC2012_val_00014423_n02509815,target_4dB,4,CL,V_decision,acc_k1,1.0
38,n02708093/ILSVRC2012_val_00024690_n02708093,target_4dB,4,CL,V_decision,acc_k1,1.0
39,n02776631/ILSVRC2012_val_00028186_n02776631,target_4dB,4,CL,V_decision,acc_k1,1.0
40,n02788148/ILSVRC2012_val_00012264_n02788148,target_4dB,4,CL,V_decision,acc_k1,0.3333333333333333
41,n02834397/ILSVRC2012_val_00010741_n02834397,target_4dB,4,CL,V_decision,acc_k1,1.0
42,n02841315/ILSVRC2012_val_00014601_n02841315,target_4dB,4,CL,V_decision,acc_k1,0.3333333333333333
43,n02910353/ILSVRC2012_val_00017543_n02910353,target_4dB,4,CL,V_decision,acc_k1,1.0
44,n02951585/ILSVRC2012_val_00008336_n02951585,target_4dB,4,CL,V_decision,acc_k1,1.0
45,n02980441/ILSVRC2012_val_00023472_n02980441,target_4dB,4,CL,V_decision,acc_k1,1.0
46,n03028079/ILSVRC2012_val_00031446_n03028079,target_4dB,4,CL,V_decision,acc_k1,1.0
47,n03109150/ILSVRC2012_val_00032588_n03109150,target_4dB,4,CL,V_decision,acc_k1,0.6666666666666666
48,n03127747/ILSVRC2012_val_00003732_n03127747,target_4dB,4,CL,V_decision,acc_k1,1.0
49,n03220513/ILSVRC2012_val_00006359_n03220513,target_4dB,4,CL,V_decision,acc_k1,1.0
50,n03372029/ILSVRC2012_val_00034937_n03372029,target_4dB,4,CL,V_decision,acc_k1,1.0
51,n03388549/ILSVRC2012_val_00022928_n03388549,target_4dB,4,CL,V_decision,acc_k1,1.0
52,n03424325/ILSVRC2012_val_00006147_n03424325,target_4dB,4,CL,V_decision,acc_k1,0.6666666666666666
53,n03447721/ILSVRC2012_val_00006942_n03447721,target_4dB,4,CL,V_decision,acc_k1,1.0
54,n03485794/ILSVRC2012_val_00010782_n03485794,target_4dB,4,CL,V_decision,acc_k1,0.3333333333333333
55,n03527444/ILSVRC2012_val_00035251_n03527444,target_4dB,4,CL,V_decision,acc_k1,0.6666666666666666
56,n03584254/ILSVRC2012_val_00016384_n03584254,target_4dB,4,CL,V_decision,acc_k1,0.0
57,n03623198/ILSVRC2012_val_00019928_n03623198,target_4dB,4,CL,V_decision,acc_k1,0.0
58,n03657121/ILSVRC2012_val_00000359_n03657121,target_4dB,4,CL,V_decision,acc_k1,1.0
59,n03706229/ILSVRC2012_val_00017460_n03706229,target_4dB,4,CL,V_decision,acc_k1,1.0
60,n03759954/ILSVRC2012_val_00010804_n03759954,target_4dB,4,CL,V_decision,acc_k1,0.0
61,n03775071/ILSVRC2012_val_00002420_n03775071,target_4dB,4,CL,V_decision,acc_k1,0.6666666666666666
62,n03782006/ILSVRC2012_val_00004758_n03782006,target_4dB,4,CL,V_decision,acc_k1,1.0
63,n03796401/ILSVRC2012_val_00025827_n03796401,target_4dB,4,CL,V_decision,acc_k1,1.0
64,n03866082/ILSVRC2012_val_00003554_n03866082,target_4dB,4,CL,V_decision,acc_k1,0.3333333333333333
65,n03876231/ILSVRC2012_val_00022714_n03876231,target_4dB,4,CL,V_decision,acc_k1,1.0
66,n03929660/ILSVRC2012_val_00012300_n03929660,target_4dB,4,CL,V_decision,acc_k1,1.0
67,n03950228/ILSVRC2012_val_00019039_n03950228,target_4dB,4,CL,V_decision,acc_k1,0.6666666666666666
68,n03977966/ILSVRC2012_val_00027383_n03977966,target_4dB,4,CL,V_decision,acc_k1,1.0
69,n03983396/ILSVRC2012_val_00012891_n03983396,target_4dB,4,CL,V_decision,acc_k1,1.0
70,n04044716/ILSVRC2012_val_00039752_n04044716,target_4dB,4,CL,V_decision,acc_k1,1.0
71,n04067472/ILSVRC2012_val_00007618_n04067472,target_4dB,4,CL,V_decision,acc_k1,1.0
72,n04111531/ILSVRC2012_val_00013982_n04111531,target_4dB,4,CL,V_decision,acc_k1,0.6666666666666666
73,n04131690/ILSVRC2012_val_00002728_n04131690,target_4dB,4,CL,V_decision,acc_k1,1.0
74,n04153751/ILSVRC2012_val_00008426_n04153751,target_4dB,4,CL,V_decision,acc_k1,1.0
75,n04204347/ILSVRC2012_val_00018921_n04204347,target_4dB,4,CL,V_decision,acc_k1,0.0
76,n04235860/ILSVRC2012_val_00004033_n04235860,target_4dB,4,CL,V_decision,acc_k1,1.0
77,n04252077/ILSVRC2012_val_00012989_n04252077,target_4dB,4,CL,V_decision,acc_k1,1.0
78,n04310018/ILSVRC2012_val_00003156_n04310018,target_4dB,4,CL,V_decision,acc_k1,1.0
79,n04328186/ILSVRC2012_val_00014795_n04328186,target_4dB,4,CL,V_decision,acc_k1,0.6666666666666666
80,n04346328/ILSVRC2012_val_00003305_n04346328,target_4dB,4,CL,V_decision,acc_k1,0.6666666666666666
81,n04357314/ILSVRC2012_val_00009430_n04357314,target_4dB,4,CL,V_decision,acc_k1,1.0
82,n04371774/ILSVRC2012_val_00030870_n04371774,target_4dB,4,CL,V_decision,acc_k1,1.0
83,n04392985/ILSVRC2012_val_00029362_n04392985,target_4dB,4,CL,V_decision,acc_k1,1.0
84,n04456115/ILSVRC2012_val_00002331_n04456115,target_4dB,4,CL,V_decision,acc_k1,0.0
85,n04485082/ILSVRC2012_val_00000955_n04485082,target_4dB,4,CL,V_decision,acc_k1,1.0
86,n04515003/ILSVRC2012_val_00002400_n04515003,target_4dB,4,CL,V_decision,acc_k1,0.6666666666666666
87,n04540053/ILSVRC2012_val_00007665_n04540053,target_4dB,4,CL,V_decision,acc_k1,0.3333333333333333
88,n04560804/ILSVRC2012_val_00029830_n04560804,target_4dB,4,CL,V_decision,acc_k1,1.0
89,n04596742/ILSVRC2012_val_00007608_n04596742,target_4dB,4,CL,V_decision,acc_k1,1.0
90,n07583066/ILSVRC2012_val_00001378_n07583066,target_4dB,4,CL,V_decision,acc_k1,1.0
91,n07590611/ILSVRC2012_val_00030972_n07590611,target_4dB,4,CL,V_decision,acc_k1,0.6666666666666666
92,n07714990/ILSVRC2012_val_00008416_n07714990,target_4dB,4,CL,V_decision,acc_k1,0.6666666666666666
93,n07716906/ILSVRC2012_val_00011140_n07716906,target_4dB,4,CL,V_decision,acc_k1,1.0
94,n07720875/ILSVRC2012_val_00000423_n07720875,target_4dB,4,CL,V_decision,acc_k1,0.0
95,n07860988/ILSVRC2012_val_00010848_n07860988,target_4dB,4,CL,V_decision,acc_k1,0.6666666666666666
96,n09288635/ILSVRC2012_val_00001270_n09288635,target_4dB,4,CL,V_decision,acc_k1,1.0
97,n09468604/ILSVRC2012_val_00030741_n09468604,target_4dB,4,CL,V_decision,acc_k1,0.6666666666666666
98,n11939491/ILSVRC2012_val_00034896_n11939491,target_4dB,4,CL,V_decision,acc_k1,0.6666666666666666
99,n15075141/ILSVRC2012_val_00005846_n15075141,target_4dB,4,CL,V_decision,acc_k1,0.6666666666666666
0,n01440764/ILSVRC2012_val_00003014_n01440764,target_4dB,4,CL,V_decision,logp_true_k1,0.0
1,n01601694/ILSVRC2012_val_00021656_n01601694,target_4dB,4,CL,V_decision,logp_true_k1,0.0
2,n01664065/ILSVRC2012_val_00014316_n01664065,target_4dB,4,CL,V_decision,logp_true_k1,0.0
3,n01689811/ILSVRC2012_val_00020598_n01689811,target_4dB,4,CL,V_decision,logp_true_k1,0.0
4,n01735189/ILSVRC2012_val_00006699_n01735189,target_4dB,4,CL,V_decision,logp_true_k1,0.0
5,n01744401/ILSVRC2012_val_00032663_n01744401,target_4dB,4,CL,V_decision,logp_true_k1,-0.0003194469803323348
6,n01751748/ILSVRC2012_val_00033157_n01751748,target_4dB,4,CL,V_decision,logp_true_k1,0.0
7,n01775062/ILSVRC2012_val_00036589_n01775062,target_4dB,4,CL,V_decision,logp_true_k1,0.0
8,n01843383/ILSVRC2012_val_00005901_n01843383,target_4dB,4,CL,V_decision,logp_true_k1,-8.900841445817301e-06
9,n01860187/ILSVRC2012_val_00021594_n01860187,target_4dB,4,CL,V_decision,logp_true_k1,-2.5165630181630454
10,n01882714/ILSVRC2012_val_00019996_n01882714,target_4dB,4,CL,V_decision,logp_true_k1,-0.0010174466297030449
11,n01943899/ILSVRC2012_val_00005706_n01943899,target_4dB,4,CL,V_decision,logp_true_k1,0.0
12,n01955084/ILSVRC2012_val_00001857_n01955084,target_4dB,4,CL,V_decision,logp_true_k1,-11.898917198177363
13,n01983481/ILSVRC2012_val_00019856_n01983481,target_4dB,4,CL,V_decision,logp_true_k1,0.0
14,n02013706/ILSVRC2012_val_00003168_n02013706,target_4dB,4,CL,V_decision,logp_true_k1,0.0
15,n02027492/ILSVRC2012_val_00007524_n02027492,target_4dB,4,CL,V_decision,logp_true_k1,-4.81745237360398
16,n02088094/ILSVRC2012_val_00005507_n02088094,target_4dB,4,CL,V_decision,logp_true_k1,-1.2516792139649624e-05
17,n02090622/ILSVRC2012_val_00006265_n02090622,target_4dB,4,CL,V_decision,logp_true_k1,-6.559641718864441
18,n02096177/ILSVRC2012_val_00019083_n02096177,target_4dB,4,CL,V_decision,logp_true_k1,0.0
19,n02098286/ILSVRC2012_val_00038253_n02098286,target_4dB,4,CL,V_decision,logp_true_k1,-2.612344741821289
20,n02102480/ILSVRC2012_val_00010261_n02102480,target_4dB,4,CL,V_decision,logp_true_k1,-6.523590087890625
21,n02105641/ILSVRC2012_val_00018762_n02105641,target_4dB,4,CL,V_decision,logp_true_k1,-0.0003151595398473243
22,n02106550/ILSVRC2012_val_00014315_n02106550,target_4dB,4,CL,V_decision,logp_true_k1,-0.003928389400243759
23,n02107683/ILSVRC2012_val_00010786_n02107683,target_4dB,4,CL,V_decision,logp_true_k1,-7.735785038676113e-05
24,n02110806/ILSVRC2012_val_00030364_n02110806,target_4dB,4,CL,V_decision,logp_true_k1,0.0
25,n02113799/ILSVRC2012_val_00007866_n02113799,target_4dB,4,CL,V_decision,logp_true_k1,0.0
26,n02123159/ILSVRC2012_val_00025723_n02123159,target_4dB,4,CL,V_decision,logp_true_k1,-9.96440746045361e-05
27,n02134084/ILSVRC2012_val_00020332_n02134084,target_4dB,4,CL,V_decision,logp_true_k1,0.0
28,n02168699/ILSVRC2012_val_00040132_n02168699,target_4dB,4,CL,V_decision,logp_true_k1,0.0
29,n02233338/ILSVRC2012_val_00016160_n02233338,target_4dB,4,CL,V_decision,logp_true_k1,-7.804494222005208
30,n02264363/ILSVRC2012_val_00027803_n02264363,target_4dB,4,CL,V_decision,logp_true_k1,0.0
31,n02277742/ILSVRC2012_val_00015608_n02277742,target_4dB,4,CL,V_decision,logp_true_k1,0.0
32,n02325366/ILSVRC2012_val_00024858_n02325366,target_4dB,4,CL,V_decision,logp_true_k1,0.0
33,n02398521/ILSVRC2012_val_00018354_n02398521,target_4dB,4,CL,V_decision,logp_true_k1,-1.1126185010349825e-06
34,n02410509/ILSVRC2012_val_00022568_n02410509,target_4dB,4,CL,V_decision,logp_true_k1,-0.10140519340833028
35,n02437312/ILSVRC2012_val_00006245_n02437312,target_4dB,4,CL,V_decision,logp_true_k1,-2.5867411750368774e-05
36,n02486410/ILSVRC2012_val_00009799_n02486410,target_4dB,4,CL,V_decision,logp_true_k1,-1.4137758032108347
37,n02509815/ILSVRC2012_val_00014423_n02509815,target_4dB,4,CL,V_decision,logp_true_k1,0.0
38,n02708093/ILSVRC2012_val_00024690_n02708093,target_4dB,4,CL,V_decision,logp_true_k1,-6.3651721518454e-05
39,n02776631/ILSVRC2012_val_00028186_n02776631,target_4dB,4,CL,V_decision,logp_true_k1,-0.03851092358384752
40,n02788148/ILSVRC2012_val_00012264_n02788148,target_4dB,4,CL,V_decision,logp_true_k1,-4.152507305145264
41,n02834397/ILSVRC2012_val_00010741_n02834397,target_4dB,4,CL,V_decision,logp_true_k1,-0.00012578181728173377
42,n02841315/ILSVRC2012_val_00014601_n02841315,target_4dB,4,CL,V_decision,logp_true_k1,-9.003142816286223
43,n02910353/ILSVRC2012_val_00017543_n02910353,target_4dB,4,CL,V_decision,logp_true_k1,0.0
44,n02951585/ILSVRC2012_val_00008336_n02951585,target_4dB,4,CL,V_decision,logp_true_k1,0.0
45,n02980441/ILSVRC2012_val_00023472_n02980441,target_4dB,4,CL,V_decision,logp_true_k1,0.0
46,n03028079/ILSVRC2012_val_00031446_n03028079,target_4dB,4,CL,V_decision,logp_true_k1,0.0
47,n03109150/ILSVRC2012_val_00032588_n03109150,target_4dB,4,CL,V_decision,logp_true_k1,-4.935296084110898
48,n03127747/ILSVRC2012_val_00003732_n03127747,target_4dB,4,CL,V_decision,logp_true_k1,-1.4305084429603692e-06
49,n03220513/ILSVRC2012_val_00006359_n03220513,target_4dB,4,CL,V_decision,logp_true_k1,0.0
50,n03372029/ILSVRC2012_val_00034937_n03372029,target_4dB,4,CL,V_decision,logp_true_k1,-9.536729521641973e-07
51,n03388549/ILSVRC2012_val_00022928_n03388549,target_4dB,4,CL,V_decision,logp_true_k1,0.0
52,n03424325/ILSVRC2012_val_00006147_n03424325,target_4dB,4,CL,V_decision,logp_true_k1,-10.677477878984064
53,n03447721/ILSVRC2012_val_00006942_n03447721,target_4dB,4,CL,V_decision,logp_true_k1,-0.001514288131147623
54,n03485794/ILSVRC2012_val_00010782_n03485794,target_4dB,4,CL,V_decision,logp_true_k1,-10.813054720560709
55,n03527444/ILSVRC2012_val_00035251_n03527444,target_4dB,4,CL,V_decision,logp_true_k1,-0.2980510198904085
56,n03584254/ILSVRC2012_val_00016384_n03584254,target_4dB,4,CL,V_decision,logp_true_k1,-12.173235416412354
57,n03623198/ILSVRC2012_val_00019928_n03623198,target_4dB,4,CL,V_decision,logp_true_k1,-14.029100100199381
58,n03657121/ILSVRC2012_val_00000359_n03657121,target_4dB,4,CL,V_decision,logp_true_k1,-0.0031647570431232452
59,n03706229/ILSVRC2012_val_00017460_n03706229,target_4dB,4,CL,V_decision,logp_true_k1,0.0
60,n03759954/ILSVRC2012_val_00010804_n03759954,target_4dB,4,CL,V_decision,logp_true_k1,-18.840728044509888
61,n03775071/ILSVRC2012_val_00002420_n03775071,target_4dB,4,CL,V_decision,logp_true_k1,-1.5265504519144695
62,n03782006/ILSVRC2012_val_00004758_n03782006,target_4dB,4,CL,V_decision,logp_true_k1,0.0
63,n03796401/ILSVRC2012_val_00025827_n03796401,target_4dB,4,CL,V_decision,logp_true_k1,0.0
64,n03866082/ILSVRC2012_val_00003554_n03866082,target_4dB,4,CL,V_decision,logp_true_k1,-6.984636937578519
65,n03876231/ILSVRC2012_val_00022714_n03876231,target_4dB,4,CL,V_decision,logp_true_k1,0.0
66,n03929660/ILSVRC2012_val_00012300_n03929660,target_4dB,4,CL,V_decision,logp_true_k1,-5.56309563156295e-07
67,n03950228/ILSVRC2012_val_00019039_n03950228,target_4dB,4,CL,V_decision,logp_true_k1,-1.1490650127331417
68,n03977966/ILSVRC2012_val_00027383_n03977966,target_4dB,4,CL,V_decision,logp_true_k1,-7.94728502266177e-08
69,n03983396/ILSVRC2012_val_00012891_n03983396,target_4dB,4,CL,V_decision,logp_true_k1,0.0
70,n04044716/ILSVRC2012_val_00039752_n04044716,target_4dB,4,CL,V_decision,logp_true_k1,0.0
71,n04067472/ILSVRC2012_val_00007618_n04067472,target_4dB,4,CL,V_decision,logp_true_k1,0.0
72,n04111531/ILSVRC2012_val_00013982_n04111531,target_4dB,4,CL,V_decision,logp_true_k1,-2.033010992376641
73,n04131690/ILSVRC2012_val_00002728_n04131690,target_4dB,4,CL,V_decision,logp_true_k1,0.0
74,n04153751/ILSVRC2012_val_00008426_n04153751,target_4dB,4,CL,V_decision,logp_true_k1,0.0
75,n04204347/ILSVRC2012_val_00018921_n04204347,target_4dB,4,CL,V_decision,logp_true_k1,-17.031128485997517
76,n04235860/ILSVRC2012_val_00004033_n04235860,target_4dB,4,CL,V_decision,logp_true_k1,-0.00042447253747468494
77,n04252077/ILSVRC2012_val_00012989_n04252077,target_4dB,4,CL,V_decision,logp_true_k1,0.0
78,n04310018/ILSVRC2012_val_00003156_n04310018,target_4dB,4,CL,V_decision,logp_true_k1,0.0
79,n04328186/ILSVRC2012_val_00014795_n04328186,target_4dB,4,CL,V_decision,logp_true_k1,-8.674733718236212
80,n04346328/ILSVRC2012_val_00003305_n04346328,target_4dB,4,CL,V_decision,logp_true_k1,-3.6006638209025064
81,n04357314/ILSVRC2012_val_00009430_n04357314,target_4dB,4,CL,V_decision,logp_true_k1,0.0
82,n04371774/ILSVRC2012_val_00030870_n04371774,target_4dB,4,CL,V_decision,logp_true_k1,-0.050192743539807815
83,n04392985/ILSVRC2012_val_00029362_n04392985,target_4dB,4,CL,V_decision,logp_true_k1,0.0
84,n04456115/ILSVRC2012_val_00002331_n04456115,target_4dB,4,CL,V_decision,logp_true_k1,-10.70498259862264
85,n04485082/ILSVRC2012_val_00000955_n04485082,target_4dB,4,CL,V_decision,logp_true_k1,0.0
86,n04515003/ILSVRC2012_val_00002400_n04515003,target_4dB,4,CL,V_decision,logp_true_k1,-12.723081628171107
87,n04540053/ILSVRC2012_val_00007665_n04540053,target_4dB,4,CL,V_decision,logp_true_k1,-3.774141617856609
88,n04560804/ILSVRC2012_val_00029830_n04560804,target_4dB,4,CL,V_decision,logp_true_k1,-1.1920927060297497e-07
89,n04596742/ILSVRC2012_val_00007608_n04596742,target_4dB,4,CL,V_decision,logp_true_k1,0.0
90,n07583066/ILSVRC2012_val_00001378_n07583066,target_4dB,4,CL,V_decision,logp_true_k1,-0.16328280309486823
91,n07590611/ILSVRC2012_val_00030972_n07590611,target_4dB,4,CL,V_decision,logp_true_k1,-1.4303310810349406
92,n07714990/ILSVRC2012_val_00008416_n07714990,target_4dB,4,CL,V_decision,logp_true_k1,-10.737328574992716
93,n07716906/ILSVRC2012_val_00011140_n07716906,target_4dB,4,CL,V_decision,logp_true_k1,-2.78154930792122e-07
94,n07720875/ILSVRC2012_val_00000423_n07720875,target_4dB,4,CL,V_decision,logp_true_k1,-18.906731168429058
95,n07860988/ILSVRC2012_val_00010848_n07860988,target_4dB,4,CL,V_decision,logp_true_k1,-0.7442146937052408
96,n09288635/ILSVRC2012_val_00001270_n09288635,target_4dB,4,CL,V_decision,logp_true_k1,0.0
97,n09468604/ILSVRC2012_val_00030741_n09468604,target_4dB,4,CL,V_decision,logp_true_k1,-7.7733227374653024
98,n11939491/ILSVRC2012_val_00034896_n11939491,target_4dB,4,CL,V_decision,logp_true_k1,-6.952183822790782
99,n15075141/ILSVRC2012_val_00005846_n15075141,target_4dB,4,CL,V_decision,logp_true_k1,-5.312387235753704
0,n01440764/ILSVRC2012_val_00003014_n01440764,target_4dB,4,CL,V_decision,entropy_k1,6.844473401046061e-13
1,n01601694/ILSVRC2012_val_00021656_n01601694,target_4dB,4,CL,V_decision,entropy_k1,3.571797112993748e-20
2,n01664065/ILSVRC2012_val_00014316_n01664065,target_4dB,4,CL,V_decision,entropy_k1,2.05563019071641e-28
3,n01689811/ILSVRC2012_val_00020598_n01689811,target_4dB,4,CL,V_decision,entropy_k1,4.238515424101642e-21
4,n01735189/ILSVRC2012_val_00006699_n01735189,target_4dB,4,CL,V_decision,entropy_k1,3.5849766908806866e-22
5,n01744401/ILSVRC2012_val_00032663_n01744401,target_4dB,4,CL,V_decision,entropy_k1,0.0025385401465209986
6,n01751748/ILSVRC2012_val_00033157_n01751748,target_4dB,4,CL,V_decision,entropy_k1,0.0
7,n01775062/ILSVRC2012_val_00036589_n01775062,target_4dB,4,CL,V_decision,entropy_k1,5.236009459347637e-41
8,n01843383/ILSVRC2012_val_00005901_n01843383,target_4dB,4,CL,V_decision,entropy_k1,0.00010273113049674351
9,n01860187/ILSVRC2012_val_00021594_n01860187,target_4dB,4,CL,V_decision,entropy_k1,0.089181050708518
10,n01882714/ILSVRC2012_val_00019996_n01882714,target_4dB,4,CL,V_decision,entropy_k1,0.006900104796927178
11,n01943899/ILSVRC2012_val_00005706_n01943899,target_4dB,4,CL,V_decision,entropy_k1,7.525744207977854e-08
12,n01955084/ILSVRC2012_val_00001857_n01955084,target_4dB,4,CL,V_decision,entropy_k1,2.1362030602024854e-05
13,n01983481/ILSVRC2012_val_00019856_n01983481,target_4dB,4,CL,V_decision,entropy_k1,0.0
14,n02013706/ILSVRC2012_val_00003168_n02013706,target_4dB,4,CL,V_decision,entropy_k1,7.6217351421227e-32
15,n02027492/ILSVRC2012_val_00007524_n02027492,target_4dB,4,CL,V_decision,entropy_k1,0.07176298307657418
16,n02088094/ILSVRC2012_val_00005507_n02088094,target_4dB,4,CL,V_decision,entropy_k1,0.0001534039115667902
17,n02090622/ILSVRC2012_val_00006265_n02090622,target_4dB,4,CL,V_decision,entropy_k1,0.22854680793679072
18,n02096177/ILSVRC2012_val_00019083_n02096177,target_4dB,4,CL,V_decision,entropy_k1,1.2884653374552492e-22
19,n02098286/ILSVRC2012_val_00038253_n02098286,target_4dB,4,CL,V_decision,entropy_k1,0.0011630431796854457
20,n02102480/ILSVRC2012_val_00010261_n02102480,target_4dB,4,CL,V_decision,entropy_k1,2.0654244419078844e-08
21,n02105641/ILSVRC2012_val_00018762_n02105641,target_4dB,4,CL,V_decision,entropy_k1,0.0025087618375351168
22,n02106550/ILSVRC2012_val_00014315_n02106550,target_4dB,4,CL,V_decision,entropy_k1,0.02125602823191668
23,n02107683/ILSVRC2012_val_00010786_n02107683,target_4dB,4,CL,V_decision,entropy_k1,0.0007245400520557014
24,n02110806/ILSVRC2012_val_00030364_n02110806,target_4dB,4,CL,V_decision,entropy_k1,5.014168199387049e-18
25,n02113799/ILSVRC2012_val_00007866_n02113799,target_4dB,4,CL,V_decision,entropy_k1,7.775549264434868e-09
26,n02123159/ILSVRC2012_val_00025723_n02123159,target_4dB,4,CL,V_decision,entropy_k1,0.0009082155222080373
27,n02134084/ILSVRC2012_val_00020332_n02134084,target_4dB,4,CL,V_decision,entropy_k1,1.2420130226547475e-11
28,n02168699/ILSVRC2012_val_00040132_n02168699,target_4dB,4,CL,V_decision,entropy_k1,3.959495443963764e-38
29,n02233338/ILSVRC2012_val_00016160_n02233338,target_4dB,4,CL,V_decision,entropy_k1,2.4151835813212773e-06
30,n02264363/ILSVRC2012_val_00027803_n02264363,target_4dB,4,CL,V_decision,entropy_k1,8.97252578765816e-12
31,n02277742/ILSVRC2012_val_00015608_n02277742,target_4dB,4,CL,V_decision,entropy_k1,5.4083023750129575e-11
32,n02325366/ILSVRC2012_val_00024858_n02325366,target_4dB,4,CL,V_decision,entropy_k1,1.7395131265458755e-10
33,n02398521/ILSVRC2012_val_00018354_n02398521,target_4dB,4,CL,V_decision,entropy_k1,1.643317167531477e-05
34,n02410509/ILSVRC2012_val_00022568_n02410509,target_4dB,4,CL,V_decision,entropy_k1,0.1918157616795343
35,n02437312/ILSVRC2012_val_00006245_n02437312,target_4dB,4,CL,V_decision,entropy_k1,0.00027088602422111846
36,n02486410/ILSVRC2012_val_00009799_n02486410,target_4dB,4,CL,V_decision,entropy_k1,0.2583122022952158
37,n02509815/ILSVRC2012_val_00014423_n02509815,target_4dB,4,CL,V_decision,entropy_k1,1.3961459820534913e-14
38,n02708093/ILSVRC2012_val_00024690_n02708093,target_4dB,4,CL,V_decision,entropy_k1,0.0006101135956283848
39,n02776631/ILSVRC2012_val_00028186_n02776631,target_4dB,4,CL,V_decision,entropy_k1,0.13965847441133847
40,n02788148/ILSVRC2012_val_00012264_n02788148,target_4dB,4,CL,V_decision,entropy_k1,0.08547112396110168
41,n02834397/ILSVRC2012_val_00010741_n02834397,target_4dB,4,CL,V_decision,entropy_k1,0.0011174621853087547
42,n02841315/ILSVRC2012_val_00014601_n02841315,target_4dB,4,CL,V_decision,entropy_k1,0.003627477561198566
43,n02910353/ILSVRC2012_val_00017543_n02910353,target_4dB,4,CL,V_decision,entropy_k1,1.5949073832559585e-23
44,n02951585/ILSVRC2012_val_00008336_n02951585,target_4dB,4,CL,V_decision,entropy_k1,0.0
45,n02980441/ILSVRC2012_val_00023472_n02980441,target_4dB,4,CL,V_decision,entropy_k1,1.1223714446979119e-22
46,n03028079/ILSVRC2012_val_00031446_n03028079,target_4dB,4,CL,V_decision,entropy_k1,0.0
47,n03109150/ILSVRC2012_val_00032588_n03109150,target_4dB,4,CL,V_decision,entropy_k1,0.02758813453664837
48,n03127747/ILSVRC2012_val_00003732_n03127747,target_4dB,4,CL,V_decision,entropy_k1,1.916573162194113e-05
49,n03220513/ILSVRC2012_val_00006359_n03220513,target_4dB,4,CL,V_decision,entropy_k1,0.0
50,n03372029/ILSVRC2012_val_00034937_n03372029,target_4dB,4,CL,V_decision,entropy_k1,1.3271693281743017e-05
51,n03388549/ILSVRC2012_val_00022928_n03388549,target_4dB,4,CL,V_decision,entropy_k1,0.0
52,n03424325/ILSVRC2012_val_00006147_n03424325,target_4dB,4,CL,V_decision,entropy_k1,0.006886078899155625
53,n03447721/ILSVRC2012_val_00006942_n03447721,target_4dB,4,CL,V_decision,entropy_k1,0.009660660653425236
54,n03485794/ILSVRC2012_val_00010782_n03485794,target_4dB,4,CL,V_decision,entropy_k1,0.13428576825320684
55,n03527444/ILSVRC2012_val_00035251_n03527444,target_4dB,4,CL,V_decision,entropy_k1,0.3321101132420519
56,n03584254/ILSVRC2012_val_00016384_n03584254,target_4dB,4,CL,V_decision,entropy_k1,0.020098069157471466
57,n03623198/ILSVRC2012_val_00019928_n03623198,target_4dB,4,CL,V_decision,entropy_k1,0.39590460533583355
58,n03657121/ILSVRC2012_val_00000359_n03657121,target_4dB,4,CL,V_decision,entropy_k1,0.017819948458085735
59,n03706229/ILSVRC2012_val_00017460_n03706229,target_4dB,4,CL,V_decision,entropy_k1,1.3607572918786513e-12
60,n03759954/ILSVRC2012_val_00010804_n03759954,target_4dB,4,CL,V_decision,entropy_k1,0.1307561591675672
61,n03775071/ILSVRC2012_val_00002420_n03775071,target_4dB,4,CL,V_decision,entropy_k1,0.019079184948891492
62,n03782006/ILSVRC2012_val_00004758_n03782006,target_4dB,4,CL,V_decision,entropy_k1,9.211551550230243e-13
63,n03796401/ILSVRC2012_val_00025827_n03796401,target_4dB,4,CL,V_decision,entropy_k1,1.0116780791656108e-29
64,n03866082/ILSVRC2012_val_00003554_n03866082,target_4dB,4,CL,V_decision,entropy_k1,0.175900471906039
65,n03876231/ILSVRC2012_val_00022714_n03876231,target_4dB,4,CL,V_decision,entropy_k1,5.224496675531869e-08
66,n03929660/ILSVRC2012_val_00012300_n03929660,target_4dB,4,CL,V_decision,entropy_k1,7.88007127496498e-06
67,n03950228/ILSVRC2012_val_00019039_n03950228,target_4dB,4,CL,V_decision,entropy_k1,0.4759489245783239
68,n03977966/ILSVRC2012_val_00027383_n03977966,target_4dB,4,CL,V_decision,entropy_k1,1.501683759778911e-06
69,n03983396/ILSVRC2012_val_00012891_n03983396,target_4dB,4,CL,V_decision,entropy_k1,5.62900007690923e-14
70,n04044716/ILSVRC2012_val_00039752_n04044716,target_4dB,4,CL,V_decision,entropy_k1,2.4665079931675217e-08
71,n04067472/ILSVRC2012_val_00007618_n04067472,target_4dB,4,CL,V_decision,entropy_k1,2.3348772253024134e-29
72,n04111531/ILSVRC2012_val_00013982_n04111531,target_4dB,4,CL,V_decision,entropy_k1,0.0364044269578253
73,n04131690/ILSVRC2012_val_00002728_n04131690,target_4dB,4,CL,V_decision,entropy_k1,0.0
74,n04153751/ILSVRC2012_val_00008426_n04153751,target_4dB,4,CL,V_decision,entropy_k1,1.1162018157937141e-10
75,n04204347/ILSVRC2012_val_00018921_n04204347,target_4dB,4,CL,V_decision,entropy_k1,0.1544407546876816
76,n04235860/ILSVRC2012_val_00004033_n04235860,target_4dB,4,CL,V_decision,entropy_k1,0.0035289499818806965
77,n04252077/ILSVRC2012_val_00012989_n04252077,target_4dB,4,CL,V_decision,entropy_k1,1.4935905949353148e-41
78,n04310018/ILSVRC2012_val_00003156_n04310018,target_4dB,4,CL,V_decision,entropy_k1,2.123556069556087e-14
79,n04328186/ILSVRC2012_val_00014795_n04328186,target_4dB,4,CL,V_decision,entropy_k1,3.408457532831261e-06
80,n04346328/ILSVRC2012_val_00003305_n04346328,target_4dB,4,CL,V_decision,entropy_k1,8.010338946486433e-05
81,n04357314/ILSVRC2012_val_00009430_n04357314,target_4dB,4,CL,V_decision,entropy_k1,4.044103691502373e-42
82,n04371774/ILSVRC2012_val_00030870_n04371774,target_4dB,4,CL,V_decision,entropy_k1,0.13714742532898833
83,n04392985/ILSVRC2012_val_00029362_n04392985,target_4dB,4,CL,V_decision,entropy_k1,7.736680342272875e-16
84,n04456115/ILSVRC2012_val_00002331_n04456115,target_4dB,4,CL,V_decision,entropy_k1,0.09042037467746204
85,n04485082/ILSVRC2012_val_00000955_n04485082,target_4dB,4,CL,V_decision,entropy_k1,1.5705971437790828e-07
86,n04515003/ILSVRC2012_val_00002400_n04515003,target_4dB,4,CL,V_decision,entropy_k1,0.025648644282159894
87,n04540053/ILSVRC2012_val_00007665_n04540053,target_4dB,4,CL,V_decision,entropy_k1,0.029164158137003005
88,n04560804/ILSVRC2012_val_00029830_n04560804,target_4dB,4,CL,V_decision,entropy_k1,1.7661824199100846e-06
89,n04596742/ILSVRC2012_val_00007608_n04596742,target_4dB,4,CL,V_decision,entropy_k1,2.4666456481878348e-40
90,n07583066/ILSVRC2012_val_00001378_n07583066,target_4dB,4,CL,V_decision,entropy_k1,0.22367636758123122
91,n07590611/ILSVRC2012_val_00030972_n07590611,target_4dB,4,CL,V_decision,entropy_k1,0.23389718798362413
92,n07714990/ILSVRC2012_val_00008416_n07714990,target_4dB,4,CL,V_decision,entropy_k1,0.01693302303441371
93,n07716906/ILSVRC2012_val_00011140_n07716906,target_4dB,4,CL,V_decision,entropy_k1,4.199592395508943e-06
94,n07720875/ILSVRC2012_val_00000423_n07720875,target_4dB,4,CL,V_decision,entropy_k1,0.32049596057992746
95,n07860988/ILSVRC2012_val_00010848_n07860988,target_4dB,4,CL,V_decision,entropy_k1,0.11357172438275505
96,n09288635/ILSVRC2012_val_00001270_n09288635,target_4dB,4,CL,V_decision,entropy_k1,1.7427670038521456e-30
97,n09468604/ILSVRC2012_val_00030741_n09468604,target_4dB,4,CL,V_decision,entropy_k1,0.06471002386614927
98,n11939491/ILSVRC2012_val_00034896_n11939491,target_4dB,4,CL,V_decision,entropy_k1,0.35339286667487585
99,n15075141/ILSVRC2012_val_00005846_n15075141,target_4dB,4,CL,V_decision,entropy_k1,0.019455389755293612
0,n01440764/ILSVRC2012_val_00003014_n01440764,target_4dB,4,CL,V_decision,path_accuracy_k1,1.0
1,n01601694/ILSVRC2012_val_00021656_n01601694,target_4dB,4,CL,V_decision,path_accuracy_k1,1.0
2,n01664065/ILSVRC2012_val_00014316_n01664065,target_4dB,4,CL,V_decision,path_accuracy_k1,1.0
3,n01689811/ILSVRC2012_val_00020598_n01689811,target_4dB,4,CL,V_decision,path_accuracy_k1,1.0
4,n01735189/ILSVRC2012_val_00006699_n01735189,target_4dB,4,CL,V_decision,path_accuracy_k1,1.0
5,n01744401/ILSVRC2012_val_00032663_n01744401,target_4dB,4,CL,V_decision,path_accuracy_k1,1.0
6,n01751748/ILSVRC2012_val_00033157_n01751748,target_4dB,4,CL,V_decision,path_accuracy_k1,1.0
7,n01775062/ILSVRC2012_val_00036589_n01775062,target_4dB,4,CL,V_decision,path_accuracy_k1,1.0
8,n01843383/ILSVRC2012_val_00005901_n01843383,target_4dB,4,CL,V_decision,path_accuracy_k1,1.0
9,n01860187/ILSVRC2012_val_00021594_n01860187,target_4dB,4,CL,V_decision,path_accuracy_k1,0.3333333333333333
10,n01882714/ILSVRC2012_val_00019996_n01882714,target_4dB,4,CL,V_decision,path_accuracy_k1,1.0
11,n01943899/ILSVRC2012_val_00005706_n01943899,target_4dB,4,CL,V_decision,path_accuracy_k1,1.0
12,n01955084/ILSVRC2012_val_00001857_n01955084,target_4dB,4,CL,V_decision,path_accuracy_k1,0.6666666666666666
13,n01983481/ILSVRC2012_val_00019856_n01983481,target_4dB,4,CL,V_decision,path_accuracy_k1,1.0
14,n02013706/ILSVRC2012_val_00003168_n02013706,target_4dB,4,CL,V_decision,path_accuracy_k1,1.0
15,n02027492/ILSVRC2012_val_00007524_n02027492,target_4dB,4,CL,V_decision,path_accuracy_k1,0.6666666666666666
16,n02088094/ILSVRC2012_val_00005507_n02088094,target_4dB,4,CL,V_decision,path_accuracy_k1,1.0
17,n02090622/ILSVRC2012_val_00006265_n02090622,target_4dB,4,CL,V_decision,path_accuracy_k1,0.3333333333333333
18,n02096177/ILSVRC2012_val_00019083_n02096177,target_4dB,4,CL,V_decision,path_accuracy_k1,1.0
19,n02098286/ILSVRC2012_val_00038253_n02098286,target_4dB,4,CL,V_decision,path_accuracy_k1,0.6666666666666666
20,n02102480/ILSVRC2012_val_00010261_n02102480,target_4dB,4,CL,V_decision,path_accuracy_k1,0.6666666666666666
21,n02105641/ILSVRC2012_val_00018762_n02105641,target_4dB,4,CL,V_decision,path_accuracy_k1,1.0
22,n02106550/ILSVRC2012_val_00014315_n02106550,target_4dB,4,CL,V_decision,path_accuracy_k1,1.0
23,n02107683/ILSVRC2012_val_00010786_n02107683,target_4dB,4,CL,V_decision,path_accuracy_k1,1.0
24,n02110806/ILSVRC2012_val_00030364_n02110806,target_4dB,4,CL,V_decision,path_accuracy_k1,1.0
25,n02113799/ILSVRC2012_val_00007866_n02113799,target_4dB,4,CL,V_decision,path_accuracy_k1,1.0
26,n02123159/ILSVRC2012_val_00025723_n02123159,target_4dB,4,CL,V_decision,path_accuracy_k1,1.0
27,n02134084/ILSVRC2012_val_00020332_n02134084,target_4dB,4,CL,V_decision,path_accuracy_k1,1.0
28,n02168699/ILSVRC2012_val_00040132_n02168699,target_4dB,4,CL,V_decision,path_accuracy_k1,1.0
29,n02233338/ILSVRC2012_val_00016160_n02233338,target_4dB,4,CL,V_decision,path_accuracy_k1,0.6666666666666666
30,n02264363/ILSVRC2012_val_00027803_n02264363,target_4dB,4,CL,V_decision,path_accuracy_k1,1.0
31,n02277742/ILSVRC2012_val_00015608_n02277742,target_4dB,4,CL,V_decision,path_accuracy_k1,1.0
32,n02325366/ILSVRC2012_val_00024858_n02325366,target_4dB,4,CL,V_decision,path_accuracy_k1,1.0
33,n02398521/ILSVRC2012_val_00018354_n02398521,target_4dB,4,CL,V_decision,path_accuracy_k1,1.0
34,n02410509/ILSVRC2012_val_00022568_n02410509,target_4dB,4,CL,V_decision,path_accuracy_k1,1.0
35,n02437312/ILSVRC2012_val_00006245_n02437312,target_4dB,4,CL,V_decision,path_accuracy_k1,1.0
36,n02486410/ILSVRC2012_val_00009799_n02486410,target_4dB,4,CL,V_decision,path_accuracy_k1,0.6666666666666666
37,n02509815/ILSVRC2012_val_00014423_n02509815,target_4dB,4,CL,V_decision,path_accuracy_k1,1.0
38,n02708093/ILSVRC2012_val_00024690_n02708093,target_4dB,4,CL,V_decision,path_accuracy_k1,1.0
39,n02776631/ILSVRC2012_val_00028186_n02776631,target_4dB,4,CL,V_decision,path_accuracy_k1,1.0
40,n02788148/ILSVRC2012_val_00012264_n02788148,target_4dB,4,CL,V_decision,path_accuracy_k1,0.3333333333333333
41,n02834397/ILSVRC2012_val_00010741_n02834397,target_4dB,4,CL,V_decision,path_accuracy_k1,1.0
42,n02841315/ILSVRC2012_val_00014601_n02841315,target_4dB,4,CL,V_decision,path_accuracy_k1,0.3333333333333333
43,n02910353/ILSVRC2012_val_00017543_n02910353,target_4dB,4,CL,V_decision,path_accuracy_k1,1.0
44,n02951585/ILSVRC2012_val_00008336_n02951585,target_4dB,4,CL,V_decision,path_accuracy_k1,1.0
45,n02980441/ILSVRC2012_val_00023472_n02980441,target_4dB,4,CL,V_decision,path_accuracy_k1,1.0
46,n03028079/ILSVRC2012_val_00031446_n03028079,target_4dB,4,CL,V_decision,path_accuracy_k1,1.0
47,n03109150/ILSVRC2012_val_00032588_n03109150,target_4dB,4,CL,V_decision,path_accuracy_k1,0.6666666666666666
48,n03127747/ILSVRC2012_val_00003732_n03127747,target_4dB,4,CL,V_decision,path_accuracy_k1,1.0
49,n03220513/ILSVRC2012_val_00006359_n03220513,target_4dB,4,CL,V_decision,path_accuracy_k1,1.0
50,n03372029/ILSVRC2012_val_00034937_n03372029,target_4dB,4,CL,V_decision,path_accuracy_k1,1.0
51,n03388549/ILSVRC2012_val_00022928_n03388549,target_4dB,4,CL,V_decision,path_accuracy_k1,1.0
52,n03424325/ILSVRC2012_val_00006147_n03424325,target_4dB,4,CL,V_decision,path_accuracy_k1,0.6666666666666666
53,n03447721/ILSVRC2012_val_00006942_n03447721,target_4dB,4,CL,V_decision,path_accuracy_k1,1.0
54,n03485794/ILSVRC2012_val_00010782_n03485794,target_4dB,4,CL,V_decision,path_accuracy_k1,0.3333333333333333
55,n03527444/ILSVRC2012_val_00035251_n03527444,target_4dB,4,CL,V_decision,path_accuracy_k1,0.6666666666666666
56,n03584254/ILSVRC2012_val_00016384_n03584254,target_4dB,4,CL,V_decision,path_accuracy_k1,0.0
57,n03623198/ILSVRC2012_val_00019928_n03623198,target_4dB,4,CL,V_decision,path_accuracy_k1,0.0
58,n03657121/ILSVRC2012_val_00000359_n03657121,target_4dB,4,CL,V_decision,path_accuracy_k1,1.0
59,n03706229/ILSVRC2012_val_00017460_n03706229,target_4dB,4,CL,V_decision,path_accuracy_k1,1.0
60,n03759954/ILSVRC2012_val_00010804_n03759954,target_4dB,4,CL,V_decision,path_accuracy_k1,0.0
61,n03775071/ILSVRC2012_val_00002420_n03775071,target_4dB,4,CL,V_decision,path_accuracy_k1,0.6666666666666666
62,n03782006/ILSVRC2012_val_00004758_n03782006,target_4dB,4,CL,V_decision,path_accuracy_k1,1.0
63,n03796401/ILSVRC2012_val_00025827_n03796401,target_4dB,4,CL,V_decision,path_accuracy_k1,1.0
64,n03866082/ILSVRC2012_val_00003554_n03866082,target_4dB,4,CL,V_decision,path_accuracy_k1,0.3333333333333333
65,n03876231/ILSVRC2012_val_00022714_n03876231,target_4dB,4,CL,V_decision,path_accuracy_k1,1.0
66,n03929660/ILSVRC2012_val_00012300_n03929660,target_4dB,4,CL,V_decision,path_accuracy_k1,1.0
67,n03950228/ILSVRC2012_val_00019039_n03950228,target_4dB,4,CL,V_decision,path_accuracy_k1,0.6666666666666666
68,n03977966/ILSVRC2012_val_00027383_n03977966,target_4dB,4,CL,V_decision,path_accuracy_k1,1.0
69,n03983396/ILSVRC2012_val_00012891_n03983396,target_4dB,4,CL,V_decision,path_accuracy_k1,1.0
70,n04044716/ILSVRC2012_val_00039752_n04044716,target_4dB,4,CL,V_decision,path_accuracy_k1,1.0
71,n04067472/ILSVRC2012_val_00007618_n04067472,target_4dB,4,CL,V_decision,path_accuracy_k1,1.0
72,n04111531/ILSVRC2012_val_00013982_n04111531,target_4dB,4,CL,V_decision,path_accuracy_k1,0.6666666666666666
73,n04131690/ILSVRC2012_val_00002728_n04131690,target_4dB,4,CL,V_decision,path_accuracy_k1,1.0
74,n04153751/ILSVRC2012_val_00008426_n04153751,target_4dB,4,CL,V_decision,path_accuracy_k1,1.0
75,n04204347/ILSVRC2012_val_00018921_n04204347,target_4dB,4,CL,V_decision,path_accuracy_k1,0.0
76,n04235860/ILSVRC2012_val_00004033_n04235860,target_4dB,4,CL,V_decision,path_accuracy_k1,1.0
77,n04252077/ILSVRC2012_val_00012989_n04252077,target_4dB,4,CL,V_decision,path_accuracy_k1,1.0
78,n04310018/ILSVRC2012_val_00003156_n04310018,target_4dB,4,CL,V_decision,path_accuracy_k1,1.0
79,n04328186/ILSVRC2012_val_00014795_n04328186,target_4dB,4,CL,V_decision,path_accuracy_k1,0.6666666666666666
80,n04346328/ILSVRC2012_val_00003305_n04346328,target_4dB,4,CL,V_decision,path_accuracy_k1,0.6666666666666666
81,n04357314/ILSVRC2012_val_00009430_n04357314,target_4dB,4,CL,V_decision,path_accuracy_k1,1.0
82,n04371774/ILSVRC2012_val_00030870_n04371774,target_4dB,4,CL,V_decision,path_accuracy_k1,1.0
83,n04392985/ILSVRC2012_val_00029362_n04392985,target_4dB,4,CL,V_decision,path_accuracy_k1,1.0
84,n04456115/ILSVRC2012_val_00002331_n04456115,target_4dB,4,CL,V_decision,path_accuracy_k1,0.0
85,n04485082/ILSVRC2012_val_00000955_n04485082,target_4dB,4,CL,V_decision,path_accuracy_k1,1.0
86,n04515003/ILSVRC2012_val_00002400_n04515003,target_4dB,4,CL,V_decision,path_accuracy_k1,0.6666666666666666
87,n04540053/ILSVRC2012_val_00007665_n04540053,target_4dB,4,CL,V_decision,path_accuracy_k1,0.3333333333333333
88,n04560804/ILSVRC2012_val_00029830_n04560804,target_4dB,4,CL,V_decision,path_accuracy_k1,1.0
89,n04596742/ILSVRC2012_val_00007608_n04596742,target_4dB,4,CL,V_decision,path_accuracy_k1,1.0
90,n07583066/ILSVRC2012_val_00001378_n07583066,target_4dB,4,CL,V_decision,path_accuracy_k1,1.0
91,n07590611/ILSVRC2012_val_00030972_n07590611,target_4dB,4,CL,V_decision,path_accuracy_k1,0.6666666666666666
92,n07714990/ILSVRC2012_val_00008416_n07714990,target_4dB,4,CL,V_decision,path_accuracy_k1,0.6666666666666666
93,n07716906/ILSVRC2012_val_00011140_n07716906,target_4dB,4,CL,V_decision,path_accuracy_k1,1.0
94,n07720875/ILSVRC2012_val_00000423_n07720875,target_4dB,4,CL,V_decision,path_accuracy_k1,0.0
95,n07860988/ILSVRC2012_val_00010848_n07860988,target_4dB,4,CL,V_decision,path_accuracy_k1,0.6666666666666666
96,n09288635/ILSVRC2012_val_00001270_n09288635,target_4dB,4,CL,V_decision,path_accuracy_k1,1.0
97,n09468604/ILSVRC2012_val_00030741_n09468604,target_4dB,4,CL,V_decision,path_accuracy_k1,0.6666666666666666
98,n11939491/ILSVRC2012_val_00034896_n11939491,target_4dB,4,CL,V_decision,path_accuracy_k1,0.6666666666666666
99,n15075141/ILSVRC2012_val_00005846_n15075141,target_4dB,4,CL,V_decision,path_accuracy_k1,0.6666666666666666
0,n01440764/ILSVRC2012_val_00003014_n01440764,target_4dB,4,CL,V_decision,acc_k2,0.9166666666666666
1,n01601694/ILSVRC2012_val_00021656_n01601694,target_4dB,4,CL,V_decision,acc_k2,0.5
2,n01664065/ILSVRC2012_val_00014316_n01664065,target_4dB,4,CL,V_decision,acc_k2,0.75
3,n01689811/ILSVRC2012_val_00020598_n01689811,target_4dB,4,CL,V_decision,acc_k2,0.5833333333333334
4,n01735189/ILSVRC2012_val_00006699_n01735189,target_4dB,4,CL,V_decision,acc_k2,0.5833333333333334
5,n01744401/ILSVRC2012_val_00032663_n01744401,target_4dB,4,CL,V_decision,acc_k2,0.75
6,n01751748/ILSVRC2012_val_00033157_n01751748,target_4dB,4,CL,V_decision,acc_k2,0.8333333333333334
7,n01775062/ILSVRC2012_val_00036589_n01775062,target_4dB,4,CL,V_decision,acc_k2,0.6666666666666666
8,n01843383/ILSVRC2012_val_00005901_n01843383,target_4dB,4,CL,V_decision,acc_k2,0.4166666666666667
9,n01860187/ILSVRC2012_val_00021594_n01860187,target_4dB,4,CL,V_decision,acc_k2,0.5
10,n01882714/ILSVRC2012_val_00019996_n01882714,target_4dB,4,CL,V_decision,acc_k2,0.5833333333333334
11,n01943899/ILSVRC2012_val_00005706_n01943899,target_4dB,4,CL,V_decision,acc_k2,0.5
12,n01955084/ILSVRC2012_val_00001857_n01955084,target_4dB,4,CL,V_decision,acc_k2,0.3333333333333333
13,n01983481/ILSVRC2012_val_00019856_n01983481,target_4dB,4,CL,V_decision,acc_k2,0.75
14,n02013706/ILSVRC2012_val_00003168_n02013706,target_4dB,4,CL,V_decision,acc_k2,0.75
15,n02027492/ILSVRC2012_val_00007524_n02027492,target_4dB,4,CL,V_decision,acc_k2,0.4166666666666667
16,n02088094/ILSVRC2012_val_00005507_n02088094,target_4dB,4,CL,V_decision,acc_k2,0.5
17,n02090622/ILSVRC2012_val_00006265_n02090622,target_4dB,4,CL,V_decision,acc_k2,0.16666666666666666
18,n02096177/ILSVRC2012_val_00019083_n02096177,target_4dB,4,CL,V_decision,acc_k2,0.75
19,n02098286/ILSVRC2012_val_00038253_n02098286,target_4dB,4,CL,V_decision,acc_k2,0.3333333333333333
20,n02102480/ILSVRC2012_val_00010261_n02102480,target_4dB,4,CL,V_decision,acc_k2,0.75
21,n02105641/ILSVRC2012_val_00018762_n02105641,target_4dB,4,CL,V_decision,acc_k2,0.8333333333333334
22,n02106550/ILSVRC2012_val_00014315_n02106550,target_4dB,4,CL,V_decision,acc_k2,0.6666666666666666
23,n02107683/ILSVRC2012_val_00010786_n02107683,target_4dB,4,CL,V_decision,acc_k2,0.5833333333333334
24,n02110806/ILSVRC2012_val_00030364_n02110806,target_4dB,4,CL,V_decision,acc_k2,0.5
25,n02113799/ILSVRC2012_val_00007866_n02113799,target_4dB,4,CL,V_decision,acc_k2,0.16666666666666666
26,n02123159/ILSVRC2012_val_00025723_n02123159,target_4dB,4,CL,V_decision,acc_k2,0.4166666666666667
27,n02134084/ILSVRC2012_val_00020332_n02134084,target_4dB,4,CL,V_decision,acc_k2,0.16666666666666666
28,n02168699/ILSVRC2012_val_00040132_n02168699,target_4dB,4,CL,V_decision,acc_k2,0.08333333333333333
29,n02233338/ILSVRC2012_val_00016160_n02233338,target_4dB,4,CL,V_decision,acc_k2,0.5
30,n02264363/ILSVRC2012_val_00027803_n02264363,target_4dB,4,CL,V_decision,acc_k2,0.3333333333333333
31,n02277742/ILSVRC2012_val_00015608_n02277742,target_4dB,4,CL,V_decision,acc_k2,0.5833333333333334
32,n02325366/ILSVRC2012_val_00024858_n02325366,target_4dB,4,CL,V_decision,acc_k2,0.9166666666666666
33,n02398521/ILSVRC2012_val_00018354_n02398521,target_4dB,4,CL,V_decision,acc_k2,0.4166666666666667
34,n02410509/ILSVRC2012_val_00022568_n02410509,target_4dB,4,CL,V_decision,acc_k2,0.5833333333333334
35,n02437312/ILSVRC2012_val_00006245_n02437312,target_4dB,4,CL,V_decision,acc_k2,0.5833333333333334
36,n02486410/ILSVRC2012_val_00009799_n02486410,target_4dB,4,CL,V_decision,acc_k2,0.25
37,n02509815/ILSVRC2012_val_00014423_n02509815,target_4dB,4,CL,V_decision,acc_k2,0.5
38,n02708093/ILSVRC2012_val_00024690_n02708093,target_4dB,4,CL,V_decision,acc_k2,0.5833333333333334
39,n02776631/ILSVRC2012_val_00028186_n02776631,target_4dB,4,CL,V_decision,acc_k2,0.25
40,n02788148/ILSVRC2012_val_00012264_n02788148,target_4dB,4,CL,V_decision,acc_k2,0.25
41,n02834397/ILSVRC2012_val_00010741_n02834397,target_4dB,4,CL,V_decision,acc_k2,0.4166666666666667
42,n02841315/ILSVRC2012_val_00014601_n02841315,target_4dB,4,CL,V_decision,acc_k2,0.4166666666666667
43,n02910353/ILSVRC2012_val_00017543_n02910353,target_4dB,4,CL,V_decision,acc_k2,0.5
44,n02951585/ILSVRC2012_val_00008336_n02951585,target_4dB,4,CL,V_decision,acc_k2,0.3333333333333333
45,n02980441/ILSVRC2012_val_00023472_n02980441,target_4dB,4,CL,V_decision,acc_k2,0.4166666666666667
46,n03028079/ILSVRC2012_val_00031446_n03028079,target_4dB,4,CL,V_decision,acc_k2,0.4166666666666667
47,n03109150/ILSVRC2012_val_00032588_n03109150,target_4dB,4,CL,V_decision,acc_k2,0.3333333333333333
48,n03127747/ILSVRC2012_val_00003732_n03127747,target_4dB,4,CL,V_decision,acc_k2,0.3333333333333333
49,n03220513/ILSVRC2012_val_00006359_n03220513,target_4dB,4,CL,V_decision,acc_k2,0.5
50,n03372029/ILSVRC2012_val_00034937_n03372029,target_4dB,4,CL,V_decision,acc_k2,0.3333333333333333
51,n03388549/ILSVRC2012_val_00022928_n03388549,target_4dB,4,CL,V_decision,acc_k2,0.5
52,n03424325/ILSVRC2012_val_00006147_n03424325,target_4dB,4,CL,V_decision,acc_k2,0.25
53,n03447721/ILSVRC2012_val_00006942_n03447721,target_4dB,4,CL,V_decision,acc_k2,0.16666666666666666
54,n03485794/ILSVRC2012_val_00010782_n03485794,target_4dB,4,CL,V_decision,acc_k2,0.3333333333333333
55,n03527444/ILSVRC2012_val_00035251_n03527444,target_4dB,4,CL,V_decision,acc_k2,0.08333333333333333
56,n03584254/ILSVRC2012_val_00016384_n03584254,target_4dB,4,CL,V_decision,acc_k2,0.0
57,n03623198/ILSVRC2012_val_00019928_n03623198,target_4dB,4,CL,V_decision,acc_k2,0.0
58,n03657121/ILSVRC2012_val_00000359_n03657121,target_4dB,4,CL,V_decision,acc_k2,0.8333333333333334
59,n03706229/ILSVRC2012_val_00017460_n03706229,target_4dB,4,CL,V_decision,acc_k2,0.6666666666666666
60,n03759954/ILSVRC2012_val_00010804_n03759954,target_4dB,4,CL,V_decision,acc_k2,0.0
61,n03775071/ILSVRC2012_val_00002420_n03775071,target_4dB,4,CL,V_decision,acc_k2,0.4166666666666667
62,n03782006/ILSVRC2012_val_00004758_n03782006,target_4dB,4,CL,V_decision,acc_k2,0.4166666666666667
63,n03796401/ILSVRC2012_val_00025827_n03796401,target_4dB,4,CL,V_decision,acc_k2,0.16666666666666666
64,n03866082/ILSVRC2012_val_00003554_n03866082,target_4dB,4,CL,V_decision,acc_k2,0.25
65,n03876231/ILSVRC2012_val_00022714_n03876231,target_4dB,4,CL,V_decision,acc_k2,0.6666666666666666
66,n03929660/ILSVRC2012_val_00012300_n03929660,target_4dB,4,CL,V_decision,acc_k2,0.6666666666666666
67,n03950228/ILSVRC2012_val_00019039_n03950228,target_4dB,4,CL,V_decision,acc_k2,0.5833333333333334
68,n03977966/ILSVRC2012_val_00027383_n03977966,target_4dB,4,CL,V_decision,acc_k2,0.9166666666666666
69,n03983396/ILSVRC2012_val_00012891_n03983396,target_4dB,4,CL,V_decision,acc_k2,0.6666666666666666
70,n04044716/ILSVRC2012_val_00039752_n04044716,target_4dB,4,CL,V_decision,acc_k2,0.75
71,n04067472/ILSVRC2012_val_00007618_n04067472,target_4dB,4,CL,V_decision,acc_k2,0.5
72,n04111531/ILSVRC2012_val_00013982_n04111531,target_4dB,4,CL,V_decision,acc_k2,0.3333333333333333
73,n04131690/ILSVRC2012_val_00002728_n04131690,target_4dB,4,CL,V_decision,acc_k2,0.4166666666666667
74,n04153751/ILSVRC2012_val_00008426_n04153751,target_4dB,4,CL,V_decision,acc_k2,0.8333333333333334
75,n04204347/ILSVRC2012_val_00018921_n04204347,target_4dB,4,CL,V_decision,acc_k2,0.25
76,n04235860/ILSVRC2012_val_00004033_n04235860,target_4dB,4,CL,V_decision,acc_k2,0.5833333333333334
77,n04252077/ILSVRC2012_val_00012989_n04252077,target_4dB,4,CL,V_decision,acc_k2,0.6666666666666666
78,n04310018/ILSVRC2012_val_00003156_n04310018,target_4dB,4,CL,V_decision,acc_k2,0.5
79,n04328186/ILSVRC2012_val_00014795_n04328186,target_4dB,4,CL,V_decision,acc_k2,0.6666666666666666
80,n04346328/ILSVRC2012_val_00003305_n04346328,target_4dB,4,CL,V_decision,acc_k2,0.3333333333333333
81,n04357314/ILSVRC2012_val_00009430_n04357314,target_4dB,4,CL,V_decision,acc_k2,0.3333333333333333
82,n04371774/ILSVRC2012_val_00030870_n04371774,target_4dB,4,CL,V_decision,acc_k2,0.3333333333333333
83,n04392985/ILSVRC2012_val_00029362_n04392985,target_4dB,4,CL,V_decision,acc_k2,0.9166666666666666
84,n04456115/ILSVRC2012_val_00002331_n04456115,target_4dB,4,CL,V_decision,acc_k2,0.16666666666666666
85,n04485082/ILSVRC2012_val_00000955_n04485082,target_4dB,4,CL,V_decision,acc_k2,0.5833333333333334
86,n04515003/ILSVRC2012_val_00002400_n04515003,target_4dB,4,CL,V_decision,acc_k2,0.25
87,n04540053/ILSVRC2012_val_00007665_n04540053,target_4dB,4,CL,V_decision,acc_k2,0.08333333333333333
88,n04560804/ILSVRC2012_val_00029830_n04560804,target_4dB,4,CL,V_decision,acc_k2,0.8333333333333334
89,n04596742/ILSVRC2012_val_00007608_n04596742,target_4dB,4,CL,V_decision,acc_k2,0.8333333333333334
90,n07583066/ILSVRC2012_val_00001378_n07583066,target_4dB,4,CL,V_decision,acc_k2,0.4166666666666667
91,n07590611/ILSVRC2012_val_00030972_n07590611,target_4dB,4,CL,V_decision,acc_k2,0.3333333333333333
92,n07714990/ILSVRC2012_val_00008416_n07714990,target_4dB,4,CL,V_decision,acc_k2,0.3333333333333333
93,n07716906/ILSVRC2012_val_00011140_n07716906,target_4dB,4,CL,V_decision,acc_k2,0.5
94,n07720875/ILSVRC2012_val_00000423_n07720875,target_4dB,4,CL,V_decision,acc_k2,0.25
95,n07860988/ILSVRC2012_val_00010848_n07860988,target_4dB,4,CL,V_decision,acc_k2,0.08333333333333333
96,n09288635/ILSVRC2012_val_00001270_n09288635,target_4dB,4,CL,V_decision,acc_k2,0.8333333333333334
97,n09468604/ILSVRC2012_val_00030741_n09468604,target_4dB,4,CL,V_decision,acc_k2,0.3333333333333333
98,n11939491/ILSVRC2012_val_00034896_n11939491,target_4dB,4,CL,V_decision,acc_k2,0.25
99,n15075141/ILSVRC2012_val_00005846_n15075141,target_4dB,4,CL,V_decision,acc_k2,0.3333333333333333
0,n01440764/ILSVRC2012_val_00003014_n01440764,target_4dB,4,CL,V_decision,logp_true_k2,-1.2725431144446968
1,n01601694/ILSVRC2012_val_00021656_n01601694,target_4dB,4,CL,V_decision,logp_true_k2,-3.7611042696362347
2,n01664065/ILSVRC2012_val_00014316_n01664065,target_4dB,4,CL,V_decision,logp_true_k2,-2.621676253666616
3,n01689811/ILSVRC2012_val_00020598_n01689811,target_4dB,4,CL,V_decision,logp_true_k2,-3.598332345262197
4,n01735189/ILSVRC2012_val_00006699_n01735189,target_4dB,4,CL,V_decision,logp_true_k2,-3.9973780326146575
5,n01744401/ILSVRC2012_val_00032663_n01744401,target_4dB,4,CL,V_decision,logp_true_k2,-2.2565584754293013
6,n01751748/ILSVRC2012_val_00033157_n01751748,target_4dB,4,CL,V_decision,logp_true_k2,-0.4379696721633189
7,n01775062/ILSVRC2012_val_00036589_n01775062,target_4dB,4,CL,V_decision,logp_true_k2,-1.3249244941931881
8,n01843383/ILSVRC2012_val_00005901_n01843383,target_4dB,4,CL,V_decision,logp_true_k2,-5.874042560621845
9,n01860187/ILSVRC2012_val_00021594_n01860187,target_4dB,4,CL,V_decision,logp_true_k2,-26.33355580456555
10,n01882714/ILSVRC2012_val_00019996_n01882714,target_4dB,4,CL,V_decision,logp_true_k2,-3.6206278243904912
11,n01943899/ILSVRC2012_val_00005706_n01943899,target_4dB,4,CL,V_decision,logp_true_k2,-6.774915472161335
12,n01955084/ILSVRC2012_val_00001857_n01955084,target_4dB,4,CL,V_decision,logp_true_k2,-22.229189938216525
13,n01983481/ILSVRC2012_val_00019856_n01983481,target_4dB,4,CL,V_decision,logp_true_k2,-6.5951055371375915
14,n02013706/ILSVRC2012_val_00003168_n02013706,target_4dB,4,CL,V_decision,logp_true_k2,-1.670279304641913
15,n02027492/ILSVRC2012_val_00007524_n02027492,target_4dB,4,CL,V_decision,logp_true_k2,-7.939799932976084
16,n02088094/ILSVRC2012_val_00005507_n02088094,target_4dB,4,CL,V_decision,logp_true_k2,-5.242599917022138
17,n02090622/ILSVRC2012_val_00006265_n02090622,target_4dB,4,CL,V_decision,logp_true_k2,-33.446515776022956
18,n02096177/ILSVRC2012_val_00019083_n02096177,target_4dB,4,CL,V_decision,logp_true_k2,-2.0974822624990566
19,n02098286/ILSVRC2012_val_00038253_n02098286,target_4dB,4,CL,V_decision,logp_true_k2,-23.289243549107407
20,n02102480/ILSVRC2012_val_00010261_n02102480,target_4dB,4,CL,V_decision,logp_true_k2,-4.217376998535035
21,n02105641/ILSVRC2012_val_00018762_n02105641,target_4dB,4,CL,V_decision,logp_true_k2,-4.866332306094892
22,n02106550/ILSVRC2012_val_00014315_n02106550,target_4dB,4,CL,V_decision,logp_true_k2,-4.167798617255357
23,n02107683/ILSVRC2012_val_00010786_n02107683,target_4dB,4,CL,V_decision,logp_true_k2,-2.6639961097565283
24,n02110806/ILSVRC2012_val_00030364_n02110806,target_4dB,4,CL,V_decision,logp_true_k2,-3.3441061685977425
25,n02113799/ILSVRC2012_val_00007866_n02113799,target_4dB,4,CL,V_decision,logp_true_k2,-12.619244753266685
26,n02123159/ILSVRC2012_val_00025723_n02123159,target_4dB,4,CL,V_decision,logp_true_k2,-6.340451401420069
27,n02134084/ILSVRC2012_val_00020332_n02134084,target_4dB,4,CL,V_decision,logp_true_k2,-4.748622012867902
28,n02168699/ILSVRC2012_val_00040132_n02168699,target_4dB,4,CL,V_decision,logp_true_k2,-5.567301575404902
29,n02233338/ILSVRC2012_val_00016160_n02233338,target_4dB,4,CL,V_decision,logp_true_k2,-16.19635479107576
30,n02264363/ILSVRC2012_val_00027803_n02264363,target_4dB,4,CL,V_decision,logp_true_k2,-6.019436540475151
31,n02277742/ILSVRC2012_val_00015608_n02277742,target_4dB,4,CL,V_decision,logp_true_k2,-2.9372746893809563
32,n02325366/ILSVRC2012_val_00024858_n02325366,target_4dB,4,CL,V_decision,logp_true_k2,-0.21623354086379956
33,n02398521/ILSVRC2012_val_00018354_n02398521,target_4dB,4,CL,V_decision,logp_true_k2,-9.495481532644286
34,n02410509/ILSVRC2012_val_00022568_n02410509,target_4dB,4,CL,V_decision,logp_true_k2,-4.572371334217905
35,n02437312/ILSVRC2012_val_00006245_n02437312,target_4dB,4,CL,V_decision,logp_true_k2,-3.0511596270601635
36,n02486410/ILSVRC2012_val_00009799_n02486410,target_4dB,4,CL,V_decision,logp_true_k2,-17.994675397074463
37,n02509815/ILSVRC2012_val_00014423_n02509815,target_4dB,4,CL,V_decision,logp_true_k2,-3.508345774333293
38,n02708093/ILSVRC2012_val_00024690_n02708093,target_4dB,4,CL,V_decision,logp_true_k2,-3.8571486938620487
39,n02776631/ILSVRC2012_val_00028186_n02776631,target_4dB,4,CL,V_decision,logp_true_k2,-6.352382101118072
40,n02788148/ILSVRC2012_val_00012264_n02788148,target_4dB,4,CL,V_decision,logp_true_k2,-27.796279046092724
41,n02834397/ILSVRC2012_val_00010741_n02834397,target_4dB,4,CL,V_decision,logp_true_k2,-5.087258570739323
42,n02841315/ILSVRC2012_val_00014601_n02841315,target_4dB,4,CL,V_decision,logp_true_k2,-4.220861790080863
43,n02910353/ILSVRC2012_val_00017543_n02910353,target_4dB,4,CL,V_decision,logp_true_k2,-4.372395309416807
44,n02951585/ILSVRC2012_val_00008336_n02951585,target_4dB,4,CL,V_decision,logp_true_k2,-6.800646868223907
45,n02980441/ILSVRC2012_val_00023472_n02980441,target_4dB,4,CL,V_decision,logp_true_k2,-4.216562371701002
46,n03028079/ILSVRC2012_val_00031446_n03028079,target_4dB,4,CL,V_decision,logp_true_k2,-9.422359115056073
47,n03109150/ILSVRC2012_val_00032588_n03109150,target_4dB,4,CL,V_decision,logp_true_k2,-9.655121230473014
48,n03127747/ILSVRC2012_val_00003732_n03127747,target_4dB,4,CL,V_decision,logp_true_k2,-5.309708165309682
49,n03220513/ILSVRC2012_val_00006359_n03220513,target_4dB,4,CL,V_decision,logp_true_k2,-4.551128320489264
50,n03372029/ILSVRC2012_val_00034937_n03372029,target_4dB,4,CL,V_decision,logp_true_k2,-4.930378858999272
51,n03388549/ILSVRC2012_val_00022928_n03388549,target_4dB,4,CL,V_decision,logp_true_k2,-4.353001655182349
52,n03424325/ILSVRC2012_val_00006147_n03424325,target_4dB,4,CL,V_decision,logp_true_k2,-21.118408256967086
53,n03447721/ILSVRC2012_val_00006942_n03447721,target_4dB,4,CL,V_decision,logp_true_k2,-7.486185509395909
54,n03485794/ILSVRC2012_val_00010782_n03485794,target_4dB,4,CL,V_decision,logp_true_k2,-20.67211024160046
55,n03527444/ILSVRC2012_val_00035251_n03527444,target_4dB,4,CL,V_decision,logp_true_k2,-16.05677969257037
56,n03584254/ILSVRC2012_val_00016384_n03584254,target_4dB,4,CL,V_decision,logp_true_k2,-51.72202841440836
57,n03623198/ILSVRC2012_val_00019928_n03623198,target_4dB,4,CL,V_decision,logp_true_k2,-50.88296492894491
58,n03657121/ILSVRC2012_val_00000359_n03657121,target_4dB,4,CL,V_decision,logp_true_k2,-0.7534357669321322
59,n03706229/ILSVRC2012_val_00017460_n03706229,target_4dB,4,CL,V_decision,logp_true_k2,-4.420996067904976
60,n03759954/ILSVRC2012_val_00010804_n03759954,target_4dB,4,CL,V_decision,logp_true_k2,-36.20619773864746
61,n03775071/ILSVRC2012_val_00002420_n03775071,target_4dB,4,CL,V_decision,logp_true_k2,-16.293538512037458
62,n03782006/ILSVRC2012_val_00004758_n03782006,target_4dB,4,CL,V_decision,logp_true_k2,-4.3398080000612635
63,n03796401/ILSVRC2012_val_00025827_n03796401,target_4dB,4,CL,V_decision,logp_true_k2,-11.177419823749611
64,n03866082/ILSVRC2012_val_00003554_n03866082,target_4dB,4,CL,V_decision,logp_true_k2,-27.857511674364275
65,n03876231/ILSVRC2012_val_00022714_n03876231,target_4dB,4,CL,V_decision,logp_true_k2,-1.8982689111260196
66,n03929660/ILSVRC2012_val_00012300_n03929660,target_4dB,4,CL,V_decision,logp_true_k2,-2.1540574996607984
67,n03950228/ILSVRC2012_val_00019039_n03950228,target_4dB,4,CL,V_decision,logp_true_k2,-7.090975291643415
68,n03977966/ILSVRC2012_val_00027383_n03977966,target_4dB,4,CL,V_decision,logp_true_k2,-1.0768615007602496
69,n03983396/ILSVRC2012_val_00012891_n03983396,target_4dB,4,CL,V_decision,logp_true_k2,-2.942618861363883
70,n04044716/ILSVRC2012_val_00039752_n04044716,target_4dB,4,CL,V_decision,logp_true_k2,-4.245023966141882
71,n04067472/ILSVRC2012_val_00007618_n04067472,target_4dB,4,CL,V_decision,logp_true_k2,-7.426420679102496
72,n04111531/ILSVRC2012_val_00013982_n04111531,target_4dB,4,CL,V_decision,logp_true_k2,-10.216687170165402
73,n04131690/ILSVRC2012_val_00002728_n04131690,target_4dB,4,CL,V_decision,logp_true_k2,-4.649514916770992
74,n04153751/ILSVRC2012_val_00008426_n04153751,target_4dB,4,CL,V_decision,logp_true_k2,-0.5866078780879794
75,n04204347/ILSVRC2012_val_00018921_n04204347,target_4dB,4,CL,V_decision,logp_true_k2,-34.516592025756836
76,n04235860/ILSVRC2012_val_00004033_n04235860,target_4dB,4,CL,V_decision,logp_true_k2,-2.49768807497018
77,n04252077/ILSVRC2012_val_00012989_n04252077,target_4dB,4,CL,V_decision,logp_true_k2,-1.3414659015823343
78,n04310018/ILSVRC2012_val_00003156_n04310018,target_4dB,4,CL,V_decision,logp_true_k2,-4.943516138310693
79,n04328186/ILSVRC2012_val_00014795_n04328186,target_4dB,4,CL,V_decision,logp_true_k2,-10.505448760464759
80,n04346328/ILSVRC2012_val_00003305_n04346328,target_4dB,4,CL,V_decision,logp_true_k2,-20.3297570907442
81,n04357314/ILSVRC2012_val_00009430_n04357314,target_4dB,4,CL,V_decision,logp_true_k2,-5.468179661892762
82,n04371774/ILSVRC2012_val_00030870_n04371774,target_4dB,4,CL,V_decision,logp_true_k2,-5.250999163448057
83,n04392985/ILSVRC2012_val_00029362_n04392985,target_4dB,4,CL,V_decision,logp_true_k2,-0.11011093457371383
84,n04456115/ILSVRC2012_val_00002331_n04456115,target_4dB,4,CL,V_decision,logp_true_k2,-48.12739849090576
85,n04485082/ILSVRC2012_val_00000955_n04485082,target_4dB,4,CL,V_decision,logp_true_k2,-3.6545836652718386
86,n04515003/ILSVRC2012_val_00002400_n04515003,target_4dB,4,CL,V_decision,logp_true_k2,-13.557948291301727
87,n04540053/ILSVRC2012_val_00007665_n04540053,target_4dB,4,CL,V_decision,logp_true_k2,-37.93053503272434
88,n04560804/ILSVRC2012_val_00029830_n04560804,target_4dB,4,CL,V_decision,logp_true_k2,-1.1745478174046724
89,n04596742/ILSVRC2012_val_00007608_n04596742,target_4dB,4,CL,V_decision,logp_true_k2,-1.3652123118904402
90,n07583066/ILSVRC2012_val_00001378_n07583066,target_4dB,4,CL,V_decision,logp_true_k2,-7.430012076908724
91,n07590611/ILSVRC2012_val_00030972_n07590611,target_4dB,4,CL,V_decision,logp_true_k2,-11.786716410139823
92,n07714990/ILSVRC2012_val_00008416_n07714990,target_4dB,4,CL,V_decision,logp_true_k2,-12.61360076619288
93,n07716906/ILSVRC2012_val_00011140_n07716906,target_4dB,4,CL,V_decision,logp_true_k2,-7.647322097526437
94,n07720875/ILSVRC2012_val_00000423_n07720875,target_4dB,4,CL,V_decision,logp_true_k2,-15.997756826063776
95,n07860988/ILSVRC2012_val_00010848_n07860988,target_4dB,4,CL,V_decision,logp_true_k2,-17.425172774586827
96,n09288635/ILSVRC2012_val_00001270_n09288635,target_4dB,4,CL,V_decision,logp_true_k2,-1.4466986716691583
97,n09468604/ILSVRC2012_val_00030741_n09468604,target_4dB,4,CL,V_decision,logp_true_k2,-22.203987215489025
98,n11939491/ILSVRC2012_val_00034896_n11939491,target_4dB,4,CL,V_decision,logp_true_k2,-39.038275474967314
99,n15075141/ILSVRC2012_val_00005846_n15075141,target_4dB,4,CL,V_decision,logp_true_k2,-13.441864048227416
0,n01440764/ILSVRC2012_val_00003014_n01440764,target_4dB,4,CL,V_decision,entropy_k2,0.16798694576343579
1,n01601694/ILSVRC2012_val_00021656_n01601694,target_4dB,4,CL,V_decision,entropy_k2,0.10236761660508976
2,n01664065/ILSVRC2012_val_00014316_n01664065,target_4dB,4,CL,V_decision,entropy_k2,0.10883456037623536
3,n01689811/ILSVRC2012_val_00020598_n01689811,target_4dB,4,CL,V_decision,entropy_k2,0.252425560634411
4,n01735189/ILSVRC2012_val_00006699_n01735189,target_4dB,4,CL,V_decision,entropy_k2,0.1185982229452589
5,n01744401/ILSVRC2012_val_00032663_n01744401,target_4dB,4,CL,V_decision,entropy_k2,0.1858916244431755
6,n01751748/ILSVRC2012_val_00033157_n01751748,target_4dB,4,CL,V_decision,entropy_k2,0.05959429129742763
7,n01775062/ILSVRC2012_val_00036589_n01775062,target_4dB,4,CL,V_decision,entropy_k2,0.188189608575943
8,n01843383/ILSVRC2012_val_00005901_n01843383,target_4dB,4,CL,V_decision,entropy_k2,0.15294305211326717
9,n01860187/ILSVRC2012_val_00021594_n01860187,target_4dB,4,CL,V_decision,entropy_k2,0.158949474466742
10,n01882714/ILSVRC2012_val_00019996_n01882714,target_4dB,4,CL,V_decision,entropy_k2,0.17098460251724093
11,n01943899/ILSVRC2012_val_00005706_n01943899,target_4dB,4,CL,V_decision,entropy_k2,0.2577555429137159
12,n01955084/ILSVRC2012_val_00001857_n01955084,target_4dB,4,CL,V_decision,entropy_k2,0.28495470635252823
13,n01983481/ILSVRC2012_val_00019856_n01983481,target_4dB,4,CL,V_decision,entropy_k2,0.01195585356091086
14,n02013706/ILSVRC2012_val_00003168_n02013706,target_4dB,4,CL,V_decision,entropy_k2,0.0719774948978348
15,n02027492/ILSVRC2012_val_00007524_n02027492,target_4dB,4,CL,V_decision,entropy_k2,0.15859796081756647
16,n02088094/ILSVRC2012_val_00005507_n02088094,target_4dB,4,CL,V_decision,entropy_k2,0.22502283556934896
17,n02090622/ILSVRC2012_val_00006265_n02090622,target_4dB,4,CL,V_decision,entropy_k2,0.17603067910296247
18,n02096177/ILSVRC2012_val_00019083_n02096177,target_4dB,4,CL,V_decision,entropy_k2,0.195168925568186
19,n02098286/ILSVRC2012_val_00038253_n02098286,target_4dB,4,CL,V_decision,entropy_k2,0.16699850782611758
20,n02102480/ILSVRC2012_val_00010261_n02102480,target_4dB,4,CL,V_decision,entropy_k2,0.07302501319152842
21,n02105641/ILSVRC2012_val_00018762_n02105641,target_4dB,4,CL,V_decision,entropy_k2,0.009673566761105003
22,n02106550/ILSVRC2012_val_00014315_n02106550,target_4dB,4,CL,V_decision,entropy_k2,0.15325140421690753
23,n02107683/ILSVRC2012_val_00010786_n02107683,target_4dB,4,CL,V_decision,entropy_k2,0.18482456285929136
24,n02110806/ILSVRC2012_val_00030364_n02110806,target_4dB,4,CL,V_decision,entropy_k2,0.48475434909042564
25,n02113799/ILSVRC2012_val_00007866_n02113799,target_4dB,4,CL,V_decision,entropy_k2,0.15305346577666043
26,n02123159/ILSVRC2012_val_00025723_n02123159,target_4dB,4,CL,V_decision,entropy_k2,0.1441004055257045
27,n02134084/ILSVRC2012_val_00020332_n02134084,target_4dB,4,CL,V_decision,entropy_k2,0.27409006392946605
28,n02168699/ILSVRC2012_val_00040132_n02168699,target_4dB,4,CL,V_decision,entropy_k2,0.4866305443271471
29,n02233338/ILSVRC2012_val_00016160_n02233338,target_4dB,4,CL,V_decision,entropy_k2,0.023266607039375067
30,n02264363/ILSVRC2012_val_00027803_n02264363,target_4dB,4,CL,V_decision,entropy_k2,0.38913841587995385
31,n02277742/ILSVRC2012_val_00015608_n02277742,target_4dB,4,CL,V_decision,entropy_k2,0.09615945300731295
32,n02325366/ILSVRC2012_val_00024858_n02325366,target_4dB,4,CL,V_decision,entropy_k2,0.05229315505952901
33,n02398521/ILSVRC2012_val_00018354_n02398521,target_4dB,4,CL,V_decision,entropy_k2,0.22270893859370297
34,n02410509/ILSVRC2012_val_00022568_n02410509,target_4dB,4,CL,V_decision,entropy_k2,0.20914246557213678
35,n02437312/ILSVRC2012_val_00006245_n02437312,target_4dB,4,CL,V_decision,entropy_k2,0.19523409607715472
36,n02486410/ILSVRC2012_val_00009799_n02486410,target_4dB,4,CL,V_decision,entropy_k2,0.0893056456843061
37,n02509815/ILSVRC2012_val_00014423_n02509815,target_4dB,4,CL,V_decision,entropy_k2,0.23706524155386074
38,n02708093/ILSVRC2012_val_00024690_n02708093,target_4dB,4,CL,V_decision,entropy_k2,0.31327774190119917
39,n02776631/ILSVRC2012_val_00028186_n02776631,target_4dB,4,CL,V_decision,entropy_k2,0.26042064888913546
40,n02788148/ILSVRC2012_val_00012264_n02788148,target_4dB,4,CL,V_decision,entropy_k2,0.2960000083316892
41,n02834397/ILSVRC2012_val_00010741_n02834397,target_4dB,4,CL,V_decision,entropy_k2,0.26590375223407975
42,n02841315/ILSVRC2012_val_00014601_n02841315,target_4dB,4,CL,V_decision,entropy_k2,0.23916233001014434
43,n02910353/ILSVRC2012_val_00017543_n02910353,target_4dB,4,CL,V_decision,entropy_k2,0.32863547537267374
44,n02951585/ILSVRC2012_val_00008336_n02951585,target_4dB,4,CL,V_decision,entropy_k2,0.2964527124728675
45,n02980441/ILSVRC2012_val_00023472_n02980441,target_4dB,4,CL,V_decision,entropy_k2,0.13254415396872746
46,n03028079/ILSVRC2012_val_00031446_n03028079,target_4dB,4,CL,V_decision,entropy_k2,0.1343603476196598
47,n03109150/ILSVRC2012_val_00032588_n03109150,target_4dB,4,CL,V_decision,entropy_k2,0.28705186879312233
48,n03127747/ILSVRC2012_val_00003732_n03127747,target_4dB,4,CL,V_decision,entropy_k2,0.3076926384039651
49,n03220513/ILSVRC2012_val_00006359_n03220513,target_4dB,4,CL,V_decision,entropy_k2,0.37127825038311296
50,n03372029/ILSVRC2012_val_00034937_n03372029,target_4dB,4,CL,V_decision,entropy_k2,0.4513193472940202
51,n03388549/ILSVRC2012_val_00022928_n03388549,target_4dB,4,CL,V_decision,entropy_k2,0.055593333417882196
52,n03424325/ILSVRC2012_val_00006147_n03424325,target_4dB,4,CL,V_decision,entropy_k2,0.25119750089676457
53,n03447721/ILSVRC2012_val_00006942_n03447721,target_4dB,4,CL,V_decision,entropy_k2,0.09981850662019313
54,n03485794/ILSVRC2012_val_00010782_n03485794,target_4dB,4,CL,V_decision,entropy_k2,0.0597138402330871
55,n03527444/ILSVRC2012_val_00035251_n03527444,target_4dB,4,CL,V_decision,entropy_k2,0.25537948263301474
56,n03584254/ILSVRC2012_val_00016384_n03584254,target_4dB,4,CL,V_decision,entropy_k2,0.3081721339649465
57,n03623198/ILSVRC2012_val_00019928_n03623198,target_4dB,4,CL,V_decision,entropy_k2,0.16880060992269783
58,n03657121/ILSVRC2012_val_00000359_n03657121,target_4dB,4,CL,V_decision,entropy_k2,0.0849500899106369
59,n03706229/ILSVRC2012_val_00017460_n03706229,target_4dB,4,CL,V_decision,entropy_k2,0.15215087473667127
60,n03759954/ILSVRC2012_val_00010804_n03759954,target_4dB,4,CL,V_decision,entropy_k2,0.23100431463736157
61,n03775071/ILSVRC2012_val_00002420_n03775071,target_4dB,4,CL,V_decision,entropy_k2,0.18874252232557712
62,n03782006/ILSVRC2012_val_00004758_n03782006,target_4dB,4,CL,V_decision,entropy_k2,0.25019944188363497
63,n03796401/ILSVRC2012_val_00025827_n03796401,target_4dB,4,CL,V_decision,entropy_k2,0.2628362490152149
64,n03866082/ILSVRC2012_val_00003554_n03866082,target_4dB,4,CL,V_decision,entropy_k2,0.23176550039479069
65,n03876231/ILSVRC2012_val_00022714_n03876231,target_4dB,4,CL,V_decision,entropy_k2,0.23791802341594406
66,n03929660/ILSVRC2012_val_00012300_n03929660,target_4dB,4,CL,V_decision,entropy_k2,0.12276881774627281
67,n03950228/ILSVRC2012_val_00019039_n03950228,target_4dB,4,CL,V_decision,entropy_k2,0.07982212619776442
68,n03977966/ILSVRC2012_val_00027383_n03977966,target_4dB,4,CL,V_decision,entropy_k2,0.07529494052830883
69,n03983396/ILSVRC2012_val_00012891_n03983396,target_4dB,4,CL,V_decision,entropy_k2,0.0678983283506638
70,n04044716/ILSVRC2012_val_00039752_n04044716,target_4dB,4,CL,V_decision,entropy_k2,0.19865422871218397
71,n04067472/ILSVRC2012_val_00007618_n04067472,target_4dB,4,CL,V_decision,entropy_k2,0.3253951766119297
72,n04111531/ILSVRC2012_val_00013982_n04111531,target_4dB,4,CL,V_decision,entropy_k2,0.17548873858364863
73,n04131690/ILSVRC2012_val_00002728_n04131690,target_4dB,4,CL,V_decision,entropy_k2,0.09762035041392825
74,n04153751/ILSVRC2012_val_00008426_n04153751,target_4dB,4,CL,V_decision,entropy_k2,0.15828250958388076
75,n04204347/ILSVRC2012_val_00018921_n04204347,target_4dB,4,CL,V_decision,entropy_k2,0.17943062716234812
76,n04235860/ILSVRC2012_val_00004033_n04235860,target_4dB,4,CL,V_decision,entropy_k2,0.20091695859375877
77,n04252077/ILSVRC2012_val_00012989_n04252077,target_4dB,4,CL,V_decision,entropy_k2,0.20766383698106697
78,n04310018/ILSVRC2012_val_00003156_n04310018,target_4dB,4,CL,V_decision,entropy_k2,0.26834643340058345
79,n04328186/ILSVRC2012_val_00014795_n04328186,target_4dB,4,CL,V_decision,entropy_k2,0.1479845780074438
80,n04346328/ILSVRC2012_val_00003305_n04346328,target_4dB,4,CL,V_decision,entropy_k2,0.4154481727777539
81,n04357314/ILSVRC2012_val_00009430_n04357314,target_4dB,4,CL,V_decision,entropy_k2,0.3243260038466566
82,n04371774/ILSVRC2012_val_00030870_n04371774,target_4dB,4,CL,V_decision,entropy_k2,0.30842608738421395
83,n04392985/ILSVRC2012_val_00029362_n04392985,target_4dB,4,CL,V_decision,entropy_k2,0.1624843632339569
84,n04456115/ILSVRC2012_val_00002331_n04456115,target_4dB,4,CL,V_decision,entropy_k2,0.16437354476608254
85,n04485082/ILSVRC2012_val_00000955_n04485082,target_4dB,4,CL,V_decision,entropy_k2,0.16550807153697672
86,n04515003/ILSVRC2012_val_00002400_n04515003,target_4dB,4,CL,V_decision,entropy_k2,0.27962448753699715
87,n04540053/ILSVRC2012_val_00007665_n04540053,target_4dB,4,CL,V_decision,entropy_k2,0.2288116978518401
88,n04560804/ILSVRC2012_val_00029830_n04560804,target_4dB,4,CL,V_decision,entropy_k2,0.1295103437011553
89,n04596742/ILSVRC2012_val_00007608_n04596742,target_4dB,4,CL,V_decision,entropy_k2,0.09397893296852573
90,n07583066/ILSVRC2012_val_00001378_n07583066,target_4dB,4,CL,V_decision,entropy_k2,0.10260498261542983
91,n07590611/ILSVRC2012_val_00030972_n07590611,target_4dB,4,CL,V_decision,entropy_k2,0.13383488457085563
92,n07714990/ILSVRC2012_val_00008416_n07714990,target_4dB,4,CL,V_decision,entropy_k2,0.21444696528211435
93,n07716906/ILSVRC2012_val_00011140_n07716906,target_4dB,4,CL,V_decision,entropy_k2,0.21641977887722416
94,n07720875/ILSVRC2012_val_00000423_n07720875,target_4dB,4,CL,V_decision,entropy_k2,0.34089262556491073
95,n07860988/ILSVRC2012_val_00010848_n07860988,target_4dB,4,CL,V_decision,entropy_k2,0.2930109648262145
96,n09288635/ILSVRC2012_val_00001270_n09288635,target_4dB,4,CL,V_decision,entropy_k2,0.28039748490098954
97,n09468604/ILSVRC2012_val_00030741_n09468604,target_4dB,4,CL,V_decision,entropy_k2,0.10189197188739425
98,n11939491/ILSVRC2012_val_00034896_n11939491,target_4dB,4,CL,V_decision,entropy_k2,0.11237011197094748
99,n15075141/ILSVRC2012_val_00005846_n15075141,target_4dB,4,CL,V_decision,entropy_k2,0.13139893243757725
0,n01440764/ILSVRC2012_val_00003014_n01440764,target_4dB,4,CL,V_decision,path_accuracy_k2,0.9166666666666666
1,n01601694/ILSVRC2012_val_00021656_n01601694,target_4dB,4,CL,V_decision,path_accuracy_k2,0.5
2,n01664065/ILSVRC2012_val_00014316_n01664065,target_4dB,4,CL,V_decision,path_accuracy_k2,0.75
3,n01689811/ILSVRC2012_val_00020598_n01689811,target_4dB,4,CL,V_decision,path_accuracy_k2,0.5833333333333334
4,n01735189/ILSVRC2012_val_00006699_n01735189,target_4dB,4,CL,V_decision,path_accuracy_k2,0.5833333333333334
5,n01744401/ILSVRC2012_val_00032663_n01744401,target_4dB,4,CL,V_decision,path_accuracy_k2,0.75
6,n01751748/ILSVRC2012_val_00033157_n01751748,target_4dB,4,CL,V_decision,path_accuracy_k2,0.8333333333333334
7,n01775062/ILSVRC2012_val_00036589_n01775062,target_4dB,4,CL,V_decision,path_accuracy_k2,0.6666666666666666
8,n01843383/ILSVRC2012_val_00005901_n01843383,target_4dB,4,CL,V_decision,path_accuracy_k2,0.4166666666666667
9,n01860187/ILSVRC2012_val_00021594_n01860187,target_4dB,4,CL,V_decision,path_accuracy_k2,0.75
10,n01882714/ILSVRC2012_val_00019996_n01882714,target_4dB,4,CL,V_decision,path_accuracy_k2,0.5833333333333334
11,n01943899/ILSVRC2012_val_00005706_n01943899,target_4dB,4,CL,V_decision,path_accuracy_k2,0.5
12,n01955084/ILSVRC2012_val_00001857_n01955084,target_4dB,4,CL,V_decision,path_accuracy_k2,0.5833333333333334
13,n01983481/ILSVRC2012_val_00019856_n01983481,target_4dB,4,CL,V_decision,path_accuracy_k2,0.75
14,n02013706/ILSVRC2012_val_00003168_n02013706,target_4dB,4,CL,V_decision,path_accuracy_k2,0.75
15,n02027492/ILSVRC2012_val_00007524_n02027492,target_4dB,4,CL,V_decision,path_accuracy_k2,0.5833333333333334
16,n02088094/ILSVRC2012_val_00005507_n02088094,target_4dB,4,CL,V_decision,path_accuracy_k2,0.5
17,n02090622/ILSVRC2012_val_00006265_n02090622,target_4dB,4,CL,V_decision,path_accuracy_k2,0.4166666666666667
18,n02096177/ILSVRC2012_val_00019083_n02096177,target_4dB,4,CL,V_decision,path_accuracy_k2,0.75
19,n02098286/ILSVRC2012_val_00038253_n02098286,target_4dB,4,CL,V_decision,path_accuracy_k2,0.5
20,n02102480/ILSVRC2012_val_00010261_n02102480,target_4dB,4,CL,V_decision,path_accuracy_k2,0.8333333333333334
21,n02105641/ILSVRC2012_val_00018762_n02105641,target_4dB,4,CL,V_decision,path_accuracy_k2,0.8333333333333334
22,n02106550/ILSVRC2012_val_00014315_n02106550,target_4dB,4,CL,V_decision,path_accuracy_k2,0.6666666666666666
23,n02107683/ILSVRC2012_val_00010786_n02107683,target_4dB,4,CL,V_decision,path_accuracy_k2,0.5833333333333334
24,n02110806/ILSVRC2012_val_00030364_n02110806,target_4dB,4,CL,V_decision,path_accuracy_k2,0.5
25,n02113799/ILSVRC2012_val_00007866_n02113799,target_4dB,4,CL,V_decision,path_accuracy_k2,0.16666666666666666
26,n02123159/ILSVRC2012_val_00025723_n02123159,target_4dB,4,CL,V_decision,path_accuracy_k2,0.4166666666666667
27,n02134084/ILSVRC2012_val_00020332_n02134084,target_4dB,4,CL,V_decision,path_accuracy_k2,0.16666666666666666
28,n02168699/ILSVRC2012_val_00040132_n02168699,target_4dB,4,CL,V_decision,path_accuracy_k2,0.08333333333333333
29,n02233338/ILSVRC2012_val_00016160_n02233338,target_4dB,4,CL,V_decision,path_accuracy_k2,0.6666666666666666
30,n02264363/ILSVRC2012_val_00027803_n02264363,target_4dB,4,CL,V_decision,path_accuracy_k2,0.3333333333333333
31,n02277742/ILSVRC2012_val_00015608_n02277742,target_4dB,4,CL,V_decision,path_accuracy_k2,0.5833333333333334
32,n02325366/ILSVRC2012_val_00024858_n02325366,target_4dB,4,CL,V_decision,path_accuracy_k2,0.9166666666666666
33,n02398521/ILSVRC2012_val_00018354_n02398521,target_4dB,4,CL,V_decision,path_accuracy_k2,0.4166666666666667
34,n02410509/ILSVRC2012_val_00022568_n02410509,target_4dB,4,CL,V_decision,path_accuracy_k2,0.5833333333333334
35,n02437312/ILSVRC2012_val_00006245_n02437312,target_4dB,4,CL,V_decision,path_accuracy_k2,0.5833333333333334
36,n02486410/ILSVRC2012_val_00009799_n02486410,target_4dB,4,CL,V_decision,path_accuracy_k2,0.4166666666666667
37,n02509815/ILSVRC2012_val_00014423_n02509815,target_4dB,4,CL,V_decision,path_accuracy_k2,0.5
38,n02708093/ILSVRC2012_val_00024690_n02708093,target_4dB,4,CL,V_decision,path_accuracy_k2,0.5833333333333334
39,n02776631/ILSVRC2012_val_00028186_n02776631,target_4dB,4,CL,V_decision,path_accuracy_k2,0.25
40,n02788148/ILSVRC2012_val_00012264_n02788148,target_4dB,4,CL,V_decision,path_accuracy_k2,0.5
41,n02834397/ILSVRC2012_val_00010741_n02834397,target_4dB,4,CL,V_decision,path_accuracy_k2,0.4166666666666667
42,n02841315/ILSVRC2012_val_00014601_n02841315,target_4dB,4,CL,V_decision,path_accuracy_k2,0.5833333333333334
43,n02910353/ILSVRC2012_val_00017543_n02910353,target_4dB,4,CL,V_decision,path_accuracy_k2,0.5
44,n02951585/ILSVRC2012_val_00008336_n02951585,target_4dB,4,CL,V_decision,path_accuracy_k2,0.3333333333333333
45,n02980441/ILSVRC2012_val_00023472_n02980441,target_4dB,4,CL,V_decision,path_accuracy_k2,0.4166666666666667
46,n03028079/ILSVRC2012_val_00031446_n03028079,target_4dB,4,CL,V_decision,path_accuracy_k2,0.4166666666666667
47,n03109150/ILSVRC2012_val_00032588_n03109150,target_4dB,4,CL,V_decision,path_accuracy_k2,0.3333333333333333
48,n03127747/ILSVRC2012_val_00003732_n03127747,target_4dB,4,CL,V_decision,path_accuracy_k2,0.3333333333333333
49,n03220513/ILSVRC2012_val_00006359_n03220513,target_4dB,4,CL,V_decision,path_accuracy_k2,0.5
50,n03372029/ILSVRC2012_val_00034937_n03372029,target_4dB,4,CL,V_decision,path_accuracy_k2,0.3333333333333333
51,n03388549/ILSVRC2012_val_00022928_n03388549,target_4dB,4,CL,V_decision,path_accuracy_k2,0.5
52,n03424325/ILSVRC2012_val_00006147_n03424325,target_4dB,4,CL,V_decision,path_accuracy_k2,0.5
53,n03447721/ILSVRC2012_val_00006942_n03447721,target_4dB,4,CL,V_decision,path_accuracy_k2,0.16666666666666666
54,n03485794/ILSVRC2012_val_00010782_n03485794,target_4dB,4,CL,V_decision,path_accuracy_k2,0.6666666666666666
55,n03527444/ILSVRC2012_val_00035251_n03527444,target_4dB,4,CL,V_decision,path_accuracy_k2,0.25
56,n03584254/ILSVRC2012_val_00016384_n03584254,target_4dB,4,CL,V_decision,path_accuracy_k2,0.6666666666666666
57,n03623198/ILSVRC2012_val_00019928_n03623198,target_4dB,4,CL,V_decision,path_accuracy_k2,0.5833333333333334
58,n03657121/ILSVRC2012_val_00000359_n03657121,target_4dB,4,CL,V_decision,path_accuracy_k2,0.8333333333333334
59,n03706229/ILSVRC2012_val_00017460_n03706229,target_4dB,4,CL,V_decision,path_accuracy_k2,0.6666666666666666
60,n03759954/ILSVRC2012_val_00010804_n03759954,target_4dB,4,CL,V_decision,path_accuracy_k2,0.5833333333333334
61,n03775071/ILSVRC2012_val_00002420_n03775071,target_4dB,4,CL,V_decision,path_accuracy_k2,0.5833333333333334
62,n03782006/ILSVRC2012_val_00004758_n03782006,target_4dB,4,CL,V_decision,path_accuracy_k2,0.4166666666666667
63,n03796401/ILSVRC2012_val_00025827_n03796401,target_4dB,4,CL,V_decision,path_accuracy_k2,0.16666666666666666
64,n03866082/ILSVRC2012_val_00003554_n03866082,target_4dB,4,CL,V_decision,path_accuracy_k2,0.6666666666666666
65,n03876231/ILSVRC2012_val_00022714_n03876231,target_4dB,4,CL,V_decision,path_accuracy_k2,0.6666666666666666
66,n03929660/ILSVRC2012_val_00012300_n03929660,target_4dB,4,CL,V_decision,path_accuracy_k2,0.6666666666666666
67,n03950228/ILSVRC2012_val_00019039_n03950228,target_4dB,4,CL,V_decision,path_accuracy_k2,0.6666666666666666
68,n03977966/ILSVRC2012_val_00027383_n03977966,target_4dB,4,CL,V_decision,path_accuracy_k2,0.9166666666666666
69,n03983396/ILSVRC2012_val_00012891_n03983396,target_4dB,4,CL,V_decision,path_accuracy_k2,0.6666666666666666
70,n04044716/ILSVRC2012_val_00039752_n04044716,target_4dB,4,CL,V_decision,path_accuracy_k2,0.75
71,n04067472/ILSVRC2012_val_00007618_n04067472,target_4dB,4,CL,V_decision,path_accuracy_k2,0.5
72,n04111531/ILSVRC2012_val_00013982_n04111531,target_4dB,4,CL,V_decision,path_accuracy_k2,0.4166666666666667
73,n04131690/ILSVRC2012_val_00002728_n04131690,target_4dB,4,CL,V_decision,path_accuracy_k2,0.4166666666666667
74,n04153751/ILSVRC2012_val_00008426_n04153751,target_4dB,4,CL,V_decision,path_accuracy_k2,0.8333333333333334
75,n04204347/ILSVRC2012_val_00018921_n04204347,target_4dB,4,CL,V_decision,path_accuracy_k2,0.8333333333333334
76,n04235860/ILSVRC2012_val_00004033_n04235860,target_4dB,4,CL,V_decision,path_accuracy_k2,0.5833333333333334
77,n04252077/ILSVRC2012_val_00012989_n04252077,target_4dB,4,CL,V_decision,path_accuracy_k2,0.6666666666666666
78,n04310018/ILSVRC2012_val_00003156_n04310018,target_4dB,4,CL,V_decision,path_accuracy_k2,0.5
79,n04328186/ILSVRC2012_val_00014795_n04328186,target_4dB,4,CL,V_decision,path_accuracy_k2,0.6666666666666666
80,n04346328/ILSVRC2012_val_00003305_n04346328,target_4dB,4,CL,V_decision,path_accuracy_k2,0.4166666666666667
81,n04357314/ILSVRC2012_val_00009430_n04357314,target_4dB,4,CL,V_decision,path_accuracy_k2,0.3333333333333333
82,n04371774/ILSVRC2012_val_00030870_n04371774,target_4dB,4,CL,V_decision,path_accuracy_k2,0.3333333333333333
83,n04392985/ILSVRC2012_val_00029362_n04392985,target_4dB,4,CL,V_decision,path_accuracy_k2,0.9166666666666666
84,n04456115/ILSVRC2012_val_00002331_n04456115,target_4dB,4,CL,V_decision,path_accuracy_k2,0.6666666666666666
85,n04485082/ILSVRC2012_val_00000955_n04485082,target_4dB,4,CL,V_decision,path_accuracy_k2,0.5833333333333334
86,n04515003/ILSVRC2012_val_00002400_n04515003,target_4dB,4,CL,V_decision,path_accuracy_k2,0.5833333333333334
87,n04540053/ILSVRC2012_val_00007665_n04540053,target_4dB,4,CL,V_decision,path_accuracy_k2,0.4166666666666667
88,n04560804/ILSVRC2012_val_00029830_n04560804,target_4dB,4,CL,V_decision,path_accuracy_k2,0.8333333333333334
89,n04596742/ILSVRC2012_val_00007608_n04596742,target_4dB,4,CL,V_decision,path_accuracy_k2,0.8333333333333334
90,n07583066/ILSVRC2012_val_00001378_n07583066,target_4dB,4,CL,V_decision,path_accuracy_k2,0.4166666666666667
91,n07590611/ILSVRC2012_val_00030972_n07590611,target_4dB,4,CL,V_decision,path_accuracy_k2,0.4166666666666667
92,n07714990/ILSVRC2012_val_00008416_n07714990,target_4dB,4,CL,V_decision,path_accuracy_k2,0.5833333333333334
93,n07716906/ILSVRC2012_val_00011140_n07716906,target_4dB,4,CL,V_decision,path_accuracy_k2,0.5
94,n07720875/ILSVRC2012_val_00000423_n07720875,target_4dB,4,CL,V_decision,path_accuracy_k2,0.4166666666666667
95,n07860988/ILSVRC2012_val_00010848_n07860988,target_4dB,4,CL,V_decision,path_accuracy_k2,0.4166666666666667
96,n09288635/ILSVRC2012_val_00001270_n09288635,target_4dB,4,CL,V_decision,path_accuracy_k2,0.8333333333333334
97,n09468604/ILSVRC2012_val_00030741_n09468604,target_4dB,4,CL,V_decision,path_accuracy_k2,0.4166666666666667
98,n11939491/ILSVRC2012_val_00034896_n11939491,target_4dB,4,CL,V_decision,path_accuracy_k2,0.5833333333333334
99,n15075141/ILSVRC2012_val_00005846_n15075141,target_4dB,4,CL,V_decision,path_accuracy_k2,0.4166666666666667
0,n01440764/ILSVRC2012_val_00003014_n01440764,target_4dB,4,CL,V_decision,acc_k3,0.48148148148148145
1,n01601694/ILSVRC2012_val_00021656_n01601694,target_4dB,4,CL,V_decision,acc_k3,0.4074074074074074
2,n01664065/ILSVRC2012_val_00014316_n01664065,target_4dB,4,CL,V_decision,acc_k3,0.25925925925925924
3,n01689811/ILSVRC2012_val_00020598_n01689811,target_4dB,4,CL,V_decision,acc_k3,0.2222222222222222
4,n01735189/ILSVRC2012_val_00006699_n01735189,target_4dB,4,CL,V_decision,acc_k3,0.25925925925925924
5,n01744401/ILSVRC2012_val_00032663_n01744401,target_4dB,4,CL,V_decision,acc_k3,0.4074074074074074
6,n01751748/ILSVRC2012_val_00033157_n01751748,target_4dB,4,CL,V_decision,acc_k3,0.3703703703703704
7,n01775062/ILSVRC2012_val_00036589_n01775062,target_4dB,4,CL,V_decision,acc_k3,0.3333333333333333
8,n01843383/ILSVRC2012_val_00005901_n01843383,target_4dB,4,CL,V_decision,acc_k3,0.2222222222222222
9,n01860187/ILSVRC2012_val_00021594_n01860187,target_4dB,4,CL,V_decision,acc_k3,0.2222222222222222
10,n01882714/ILSVRC2012_val_00019996_n01882714,target_4dB,4,CL,V_decision,acc_k3,0.25925925925925924
11,n01943899/ILSVRC2012_val_00005706_n01943899,target_4dB,4,CL,V_decision,acc_k3,0.25925925925925924
12,n01955084/ILSVRC2012_val_00001857_n01955084,target_4dB,4,CL,V_decision,acc_k3,0.1851851851851852
13,n01983481/ILSVRC2012_val_00019856_n01983481,target_4dB,4,CL,V_decision,acc_k3,0.2962962962962963
14,n02013706/ILSVRC2012_val_00003168_n02013706,target_4dB,4,CL,V_decision,acc_k3,0.25925925925925924
15,n02027492/ILSVRC2012_val_00007524_n02027492,target_4dB,4,CL,V_decision,acc_k3,0.1851851851851852
16,n02088094/ILSVRC2012_val_00005507_n02088094,target_4dB,4,CL,V_decision,acc_k3,0.25925925925925924
17,n02090622/ILSVRC2012_val_00006265_n02090622,target_4dB,4,CL,V_decision,acc_k3,0.1111111111111111
18,n02096177/ILSVRC2012_val_00019083_n02096177,target_4dB,4,CL,V_decision,acc_k3,0.2962962962962963
19,n02098286/ILSVRC2012_val_00038253_n02098286,target_4dB,4,CL,V_decision,acc_k3,0.25925925925925924
20,n02102480/ILSVRC2012_val_00010261_n02102480,target_4dB,4,CL,V_decision,acc_k3,0.1851851851851852
21,n02105641/ILSVRC2012_val_00018762_n02105641,target_4dB,4,CL,V_decision,acc_k3,0.22222222222222224
22,n02106550/ILSVRC2012_val_00014315_n02106550,target_4dB,4,CL,V_decision,acc_k3,0.2962962962962963
23,n02107683/ILSVRC2012_val_00010786_n02107683,target_4dB,4,CL,V_decision,acc_k3,0.1111111111111111
24,n02110806/ILSVRC2012_val_00030364_n02110806,target_4dB,4,CL,V_decision,acc_k3,0.25925925925925924
25,n02113799/ILSVRC2012_val_00007866_n02113799,target_4dB,4,CL,V_decision,acc_k3,0.22222222222222224
26,n02123159/ILSVRC2012_val_00025723_n02123159,target_4dB,4,CL,V_decision,acc_k3,0.2962962962962963
27,n02134084/ILSVRC2012_val_00020332_n02134084,target_4dB,4,CL,V_decision,acc_k3,0.14814814814814814
28,n02168699/ILSVRC2012_val_00040132_n02168699,target_4dB,4,CL,V_decision,acc_k3,0.1111111111111111
29,n02233338/ILSVRC2012_val_00016160_n02233338,target_4dB,4,CL,V_decision,acc_k3,0.2962962962962963
30,n02264363/ILSVRC2012_val_00027803_n02264363,target_4dB,4,CL,V_decision,acc_k3,0.22222222222222224
31,n02277742/ILSVRC2012_val_00015608_n02277742,target_4dB,4,CL,V_decision,acc_k3,0.3333333333333333
32,n02325366/ILSVRC2012_val_00024858_n02325366,target_4dB,4,CL,V_decision,acc_k3,0.3703703703703704
33,n02398521/ILSVRC2012_val_00018354_n02398521,target_4dB,4,CL,V_decision,acc_k3,0.2222222222222222
34,n02410509/ILSVRC2012_val_00022568_n02410509,target_4dB,4,CL,V_decision,acc_k3,0.3333333333333333
35,n02437312/ILSVRC2012_val_00006245_n02437312,target_4dB,4,CL,V_decision,acc_k3,0.1851851851851852
36,n02486410/ILSVRC2012_val_00009799_n02486410,target_4dB,4,CL,V_decision,acc_k3,0.3703703703703703
37,n02509815/ILSVRC2012_val_00014423_n02509815,target_4dB,4,CL,V_decision,acc_k3,0.1111111111111111
38,n02708093/ILSVRC2012_val_00024690_n02708093,target_4dB,4,CL,V_decision,acc_k3,0.22222222222222224
39,n02776631/ILSVRC2012_val_00028186_n02776631,target_4dB,4,CL,V_decision,acc_k3,0.14814814814814814
40,n02788148/ILSVRC2012_val_00012264_n02788148,target_4dB,4,CL,V_decision,acc_k3,0.22222222222222224
41,n02834397/ILSVRC2012_val_00010741_n02834397,target_4dB,4,CL,V_decision,acc_k3,0.25925925925925924
42,n02841315/ILSVRC2012_val_00014601_n02841315,target_4dB,4,CL,V_decision,acc_k3,0.1851851851851852
43,n02910353/ILSVRC2012_val_00017543_n02910353,target_4dB,4,CL,V_decision,acc_k3,0.2222222222222222
44,n02951585/ILSVRC2012_val_00008336_n02951585,target_4dB,4,CL,V_decision,acc_k3,0.07407407407407407
45,n02980441/ILSVRC2012_val_00023472_n02980441,target_4dB,4,CL,V_decision,acc_k3,0.1111111111111111
46,n03028079/ILSVRC2012_val_00031446_n03028079,target_4dB,4,CL,V_decision,acc_k3,0.2962962962962963
47,n03109150/ILSVRC2012_val_00032588_n03109150,target_4dB,4,CL,V_decision,acc_k3,0.2962962962962963
48,n03127747/ILSVRC2012_val_00003732_n03127747,target_4dB,4,CL,V_decision,acc_k3,0.1851851851851852
49,n03220513/ILSVRC2012_val_00006359_n03220513,target_4dB,4,CL,V_decision,acc_k3,0.1111111111111111
50,n03372029/ILSVRC2012_val_00034937_n03372029,target_4dB,4,CL,V_decision,acc_k3,0.1851851851851852
51,n03388549/ILSVRC2012_val_00022928_n03388549,target_4dB,4,CL,V_decision,acc_k3,0.2222222222222222
52,n03424325/ILSVRC2012_val_00006147_n03424325,target_4dB,4,CL,V_decision,acc_k3,0.22222222222222224
53,n03447721/ILSVRC2012_val_00006942_n03447721,target_4dB,4,CL,V_decision,acc_k3,0.22222222222222224
54,n03485794/ILSVRC2012_val_00010782_n03485794,target_4dB,4,CL,V_decision,acc_k3,0.25925925925925924
55,n03527444/ILSVRC2012_val_00035251_n03527444,target_4dB,4,CL,V_decision,acc_k3,0.1111111111111111
56,n03584254/ILSVRC2012_val_00016384_n03584254,target_4dB,4,CL,V_decision,acc_k3,0.1851851851851852
57,n03623198/ILSVRC2012_val_00019928_n03623198,target_4dB,4,CL,V_decision,acc_k3,0.3333333333333333
58,n03657121/ILSVRC2012_val_00000359_n03657121,target_4dB,4,CL,V_decision,acc_k3,0.2962962962962963
59,n03706229/ILSVRC2012_val_00017460_n03706229,target_4dB,4,CL,V_decision,acc_k3,0.14814814814814814
60,n03759954/ILSVRC2012_val_00010804_n03759954,target_4dB,4,CL,V_decision,acc_k3,0.0
61,n03775071/ILSVRC2012_val_00002420_n03775071,target_4dB,4,CL,V_decision,acc_k3,0.25925925925925924
62,n03782006/ILSVRC2012_val_00004758_n03782006,target_4dB,4,CL,V_decision,acc_k3,0.14814814814814814
63,n03796401/ILSVRC2012_val_00025827_n03796401,target_4dB,4,CL,V_decision,acc_k3,0.22222222222222224
64,n03866082/ILSVRC2012_val_00003554_n03866082,target_4dB,4,CL,V_decision,acc_k3,0.14814814814814814
65,n03876231/ILSVRC2012_val_00022714_n03876231,target_4dB,4,CL,V_decision,acc_k3,0.48148148148148145
66,n03929660/ILSVRC2012_val_00012300_n03929660,target_4dB,4,CL,V_decision,acc_k3,0.1111111111111111
67,n03950228/ILSVRC2012_val_00019039_n03950228,target_4dB,4,CL,V_decision,acc_k3,0.22222222222222224
68,n03977966/ILSVRC2012_val_00027383_n03977966,target_4dB,4,CL,V_decision,acc_k3,0.5555555555555555
69,n03983396/ILSVRC2012_val_00012891_n03983396,target_4dB,4,CL,V_decision,acc_k3,0.5555555555555556
70,n04044716/ILSVRC2012_val_00039752_n04044716,target_4dB,4,CL,V_decision,acc_k3,0.2222222222222222
71,n04067472/ILSVRC2012_val_00007618_n04067472,target_4dB,4,CL,V_decision,acc_k3,0.3333333333333333
72,n04111531/ILSVRC2012_val_00013982_n04111531,target_4dB,4,CL,V_decision,acc_k3,0.25925925925925924
73,n04131690/ILSVRC2012_val_00002728_n04131690,target_4dB,4,CL,V_decision,acc_k3,0.14814814814814814
74,n04153751/ILSVRC2012_val_00008426_n04153751,target_4dB,4,CL,V_decision,acc_k3,0.1111111111111111
75,n04204347/ILSVRC2012_val_00018921_n04204347,target_4dB,4,CL,V_decision,acc_k3,0.07407407407407407
76,n04235860/ILSVRC2012_val_00004033_n04235860,target_4dB,4,CL,V_decision,acc_k3,0.2962962962962963
77,n04252077/ILSVRC2012_val_00012989_n04252077,target_4dB,4,CL,V_decision,acc_k3,0.07407407407407407
78,n04310018/ILSVRC2012_val_00003156_n04310018,target_4dB,4,CL,V_decision,acc_k3,0.4444444444444444
79,n04328186/ILSVRC2012_val_00014795_n04328186,target_4dB,4,CL,V_decision,acc_k3,0.25925925925925924
80,n04346328/ILSVRC2012_val_00003305_n04346328,target_4dB,4,CL,V_decision,acc_k3,0.25925925925925924
81,n04357314/ILSVRC2012_val_00009430_n04357314,target_4dB,4,CL,V_decision,acc_k3,0.2962962962962963
82,n04371774/ILSVRC2012_val_00030870_n04371774,target_4dB,4,CL,V_decision,acc_k3,0.14814814814814814
83,n04392985/ILSVRC2012_val_00029362_n04392985,target_4dB,4,CL,V_decision,acc_k3,0.3333333333333333
84,n04456115/ILSVRC2012_val_00002331_n04456115,target_4dB,4,CL,V_decision,acc_k3,0.1111111111111111
85,n04485082/ILSVRC2012_val_00000955_n04485082,target_4dB,4,CL,V_decision,acc_k3,0.3333333333333333
86,n04515003/ILSVRC2012_val_00002400_n04515003,target_4dB,4,CL,V_decision,acc_k3,0.1851851851851852
87,n04540053/ILSVRC2012_val_00007665_n04540053,target_4dB,4,CL,V_decision,acc_k3,0.1851851851851852
88,n04560804/ILSVRC2012_val_00029830_n04560804,target_4dB,4,CL,V_decision,acc_k3,0.3333333333333333
89,n04596742/ILSVRC2012_val_00007608_n04596742,target_4dB,4,CL,V_decision,acc_k3,0.25925925925925924
90,n07583066/ILSVRC2012_val_00001378_n07583066,target_4dB,4,CL,V_decision,acc_k3,0.07407407407407407
91,n07590611/ILSVRC2012_val_00030972_n07590611,target_4dB,4,CL,V_decision,acc_k3,0.25925925925925924
92,n07714990/ILSVRC2012_val_00008416_n07714990,target_4dB,4,CL,V_decision,acc_k3,0.25925925925925924
93,n07716906/ILSVRC2012_val_00011140_n07716906,target_4dB,4,CL,V_decision,acc_k3,0.1111111111111111
94,n07720875/ILSVRC2012_val_00000423_n07720875,target_4dB,4,CL,V_decision,acc_k3,0.1111111111111111
95,n07860988/ILSVRC2012_val_00010848_n07860988,target_4dB,4,CL,V_decision,acc_k3,0.2592592592592593
96,n09288635/ILSVRC2012_val_00001270_n09288635,target_4dB,4,CL,V_decision,acc_k3,0.2222222222222222
97,n09468604/ILSVRC2012_val_00030741_n09468604,target_4dB,4,CL,V_decision,acc_k3,0.037037037037037035
98,n11939491/ILSVRC2012_val_00034896_n11939491,target_4dB,4,CL,V_decision,acc_k3,0.14814814814814814
99,n15075141/ILSVRC2012_val_00005846_n15075141,target_4dB,4,CL,V_decision,acc_k3,0.22222222222222224
0,n01440764/ILSVRC2012_val_00003014_n01440764,target_4dB,4,CL,V_decision,logp_true_k3,-6.04012494131193
1,n01601694/ILSVRC2012_val_00021656_n01601694,target_4dB,4,CL,V_decision,logp_true_k3,-11.319572396071399
2,n01664065/ILSVRC2012_val_00014316_n01664065,target_4dB,4,CL,V_decision,logp_true_k3,-8.66436999728278
3,n01689811/ILSVRC2012_val_00020598_n01689811,target_4dB,4,CL,V_decision,logp_true_k3,-13.214210069726809
4,n01735189/ILSVRC2012_val_00006699_n01735189,target_4dB,4,CL,V_decision,logp_true_k3,-12.502921356500842
5,n01744401/ILSVRC2012_val_00032663_n01744401,target_4dB,4,CL,V_decision,logp_true_k3,-5.720964510629561
6,n01751748/ILSVRC2012_val_00033157_n01751748,target_4dB,4,CL,V_decision,logp_true_k3,-8.091039533279753
7,n01775062/ILSVRC2012_val_00036589_n01775062,target_4dB,4,CL,V_decision,logp_true_k3,-8.827031484885891
8,n01843383/ILSVRC2012_val_00005901_n01843383,target_4dB,4,CL,V_decision,logp_true_k3,-12.751877450538208
9,n01860187/ILSVRC2012_val_00021594_n01860187,target_4dB,4,CL,V_decision,logp_true_k3,-15.66315138289976
10,n01882714/ILSVRC2012_val_00019996_n01882714,target_4dB,4,CL,V_decision,logp_true_k3,-9.431719621740415
11,n01943899/ILSVRC2012_val_00005706_n01943899,target_4dB,4,CL,V_decision,logp_true_k3,-9.322509753620478
12,n01955084/ILSVRC2012_val_00001857_n01955084,target_4dB,4,CL,V_decision,logp_true_k3,-11.643862379026864
13,n01983481/ILSVRC2012_val_00019856_n01983481,target_4dB,4,CL,V_decision,logp_true_k3,-9.047498740498094
14,n02013706/ILSVRC2012_val_00003168_n02013706,target_4dB,4,CL,V_decision,logp_true_k3,-7.304625554997578
15,n02027492/ILSVRC2012_val_00007524_n02027492,target_4dB,4,CL,V_decision,logp_true_k3,-17.422729875627272
16,n02088094/ILSVRC2012_val_00005507_n02088094,target_4dB,4,CL,V_decision,logp_true_k3,-7.712302582605776
17,n02090622/ILSVRC2012_val_00006265_n02090622,target_4dB,4,CL,V_decision,logp_true_k3,-19.862627278323526
18,n02096177/ILSVRC2012_val_00019083_n02096177,target_4dB,4,CL,V_decision,logp_true_k3,-9.040706050306282
19,n02098286/ILSVRC2012_val_00038253_n02098286,target_4dB,4,CL,V_decision,logp_true_k3,-10.798721177641406
20,n02102480/ILSVRC2012_val_00010261_n02102480,target_4dB,4,CL,V_decision,logp_true_k3,-13.472562466506602
21,n02105641/ILSVRC2012_val_00018762_n02105641,target_4dB,4,CL,V_decision,logp_true_k3,-6.241524679649349
22,n02106550/ILSVRC2012_val_00014315_n02106550,target_4dB,4,CL,V_decision,logp_true_k3,-11.268649561878258
23,n02107683/ILSVRC2012_val_00010786_n02107683,target_4dB,4,CL,V_decision,logp_true_k3,-10.764034156446044
24,n02110806/ILSVRC2012_val_00030364_n02110806,target_4dB,4,CL,V_decision,logp_true_k3,-7.835263036605291
25,n02113799/ILSVRC2012_val_00007866_n02113799,target_4dB,4,CL,V_decision,logp_true_k3,-16.7350179594424
26,n02123159/ILSVRC2012_val_00025723_n02123159,target_4dB,4,CL,V_decision,logp_true_k3,-9.390566426657003
27,n02134084/ILSVRC2012_val_00020332_n02134084,target_4dB,4,CL,V_decision,logp_true_k3,-19.03269006825414
28,n02168699/ILSVRC2012_val_00040132_n02168699,target_4dB,4,CL,V_decision,logp_true_k3,-11.15046531456971
29,n02233338/ILSVRC2012_val_00016160_n02233338,target_4dB,4,CL,V_decision,logp_true_k3,-12.916678606707592
30,n02264363/ILSVRC2012_val_00027803_n02264363,target_4dB,4,CL,V_decision,logp_true_k3,-14.831874164414499
31,n02277742/ILSVRC2012_val_00015608_n02277742,target_4dB,4,CL,V_decision,logp_true_k3,-10.936078422220474
32,n02325366/ILSVRC2012_val_00024858_n02325366,target_4dB,4,CL,V_decision,logp_true_k3,-6.39722185970243
33,n02398521/ILSVRC2012_val_00018354_n02398521,target_4dB,4,CL,V_decision,logp_true_k3,-12.781448319752664
34,n02410509/ILSVRC2012_val_00022568_n02410509,target_4dB,4,CL,V_decision,logp_true_k3,-8.525417266239957
35,n02437312/ILSVRC2012_val_00006245_n02437312,target_4dB,4,CL,V_decision,logp_true_k3,-11.903386656739473
36,n02486410/ILSVRC2012_val_00009799_n02486410,target_4dB,4,CL,V_decision,logp_true_k3,-10.666800544659685
37,n02509815/ILSVRC2012_val_00014423_n02509815,target_4dB,4,CL,V_decision,logp_true_k3,-12.627539870191228
38,n02708093/ILSVRC2012_val_00024690_n02708093,target_4dB,4,CL,V_decision,logp_true_k3,-11.607110473533893
39,n02776631/ILSVRC2012_val_00028186_n02776631,target_4dB,4,CL,V_decision,logp_true_k3,-12.635803262196497
40,n02788148/ILSVRC2012_val_00012264_n02788148,target_4dB,4,CL,V_decision,logp_true_k3,-16.840805841558364
41,n02834397/ILSVRC2012_val_00010741_n02834397,target_4dB,4,CL,V_decision,logp_true_k3,-10.698012591783751
42,n02841315/ILSVRC2012_val_00014601_n02841315,target_4dB,4,CL,V_decision,logp_true_k3,-11.482176933967855
43,n02910353/ILSVRC2012_val_00017543_n02910353,target_4dB,4,CL,V_decision,logp_true_k3,-11.575913553165487
44,n02951585/ILSVRC2012_val_00008336_n02951585,target_4dB,4,CL,V_decision,logp_true_k3,-13.271910670523843
45,n02980441/ILSVRC2012_val_00023472_n02980441,target_4dB,4,CL,V_decision,logp_true_k3,-14.556395821513702
46,n03028079/ILSVRC2012_val_00031446_n03028079,target_4dB,4,CL,V_decision,logp_true_k3,-6.503875303474396
47,n03109150/ILSVRC2012_val_00032588_n03109150,target_4dB,4,CL,V_decision,logp_true_k3,-12.78979090572828
48,n03127747/ILSVRC2012_val_00003732_n03127747,target_4dB,4,CL,V_decision,logp_true_k3,-9.610108633568593
49,n03220513/ILSVRC2012_val_00006359_n03220513,target_4dB,4,CL,V_decision,logp_true_k3,-10.817638679712722
50,n03372029/ILSVRC2012_val_00034937_n03372029,target_4dB,4,CL,V_decision,logp_true_k3,-11.35223493965574
51,n03388549/ILSVRC2012_val_00022928_n03388549,target_4dB,4,CL,V_decision,logp_true_k3,-15.063748922319737
52,n03424325/ILSVRC2012_val_00006147_n03424325,target_4dB,4,CL,V_decision,logp_true_k3,-13.962536889762339
53,n03447721/ILSVRC2012_val_00006942_n03447721,target_4dB,4,CL,V_decision,logp_true_k3,-10.973771450069082
54,n03485794/ILSVRC2012_val_00010782_n03485794,target_4dB,4,CL,V_decision,logp_true_k3,-16.437539839832255
55,n03527444/ILSVRC2012_val_00035251_n03527444,target_4dB,4,CL,V_decision,logp_true_k3,-17.897210293145395
56,n03584254/ILSVRC2012_val_00016384_n03584254,target_4dB,4,CL,V_decision,logp_true_k3,-15.524531844854613
57,n03623198/ILSVRC2012_val_00019928_n03623198,target_4dB,4,CL,V_decision,logp_true_k3,-11.390001518431687
58,n03657121/ILSVRC2012_val_00000359_n03657121,target_4dB,4,CL,V_decision,logp_true_k3,-6.424636688859512
59,n03706229/ILSVRC2012_val_00017460_n03706229,target_4dB,4,CL,V_decision,logp_true_k3,-9.711193876597529
60,n03759954/ILSVRC2012_val_00010804_n03759954,target_4dB,4,CL,V_decision,logp_true_k3,-24.642590858318187
61,n03775071/ILSVRC2012_val_00002420_n03775071,target_4dB,4,CL,V_decision,logp_true_k3,-16.157132809597964
62,n03782006/ILSVRC2012_val_00004758_n03782006,target_4dB,4,CL,V_decision,logp_true_k3,-14.70000446481572
63,n03796401/ILSVRC2012_val_00025827_n03796401,target_4dB,4,CL,V_decision,logp_true_k3,-16.15006867020296
64,n03866082/ILSVRC2012_val_00003554_n03866082,target_4dB,4,CL,V_decision,logp_true_k3,-17.622304857598564
65,n03876231/ILSVRC2012_val_00022714_n03876231,target_4dB,4,CL,V_decision,logp_true_k3,-4.409929817081085
66,n03929660/ILSVRC2012_val_00012300_n03929660,target_4dB,4,CL,V_decision,logp_true_k3,-13.03607178893354
67,n03950228/ILSVRC2012_val_00019039_n03950228,target_4dB,4,CL,V_decision,logp_true_k3,-15.234784439344088
68,n03977966/ILSVRC2012_val_00027383_n03977966,target_4dB,4,CL,V_decision,logp_true_k3,-4.715510055241692
69,n03983396/ILSVRC2012_val_00012891_n03983396,target_4dB,4,CL,V_decision,logp_true_k3,-6.328600507779524
70,n04044716/ILSVRC2012_val_00039752_n04044716,target_4dB,4,CL,V_decision,logp_true_k3,-7.623312559936191
71,n04067472/ILSVRC2012_val_00007618_n04067472,target_4dB,4,CL,V_decision,logp_true_k3,-9.543822649535684
72,n04111531/ILSVRC2012_val_00013982_n04111531,target_4dB,4,CL,V_decision,logp_true_k3,-10.583579048851048
73,n04131690/ILSVRC2012_val_00002728_n04131690,target_4dB,4,CL,V_decision,logp_true_k3,-14.540811674949643
74,n04153751/ILSVRC2012_val_00008426_n04153751,target_4dB,4,CL,V_decision,logp_true_k3,-9.62527499679062
75,n04204347/ILSVRC2012_val_00018921_n04204347,target_4dB,4,CL,V_decision,logp_true_k3,-20.48904404375288
76,n04235860/ILSVRC2012_val_00004033_n04235860,target_4dB,4,CL,V_decision,logp_true_k3,-16.90818817270863
77,n04252077/ILSVRC2012_val_00012989_n04252077,target_4dB,4,CL,V_decision,logp_true_k3,-14.897798382864698
78,n04310018/ILSVRC2012_val_00003156_n04310018,target_4dB,4,CL,V_decision,logp_true_k3,-5.772641584661634
79,n04328186/ILSVRC2012_val_00014795_n04328186,target_4dB,4,CL,V_decision,logp_true_k3,-14.597242224281217
80,n04346328/ILSVRC2012_val_00003305_n04346328,target_4dB,4,CL,V_decision,logp_true_k3,-13.081270626415533
81,n04357314/ILSVRC2012_val_00009430_n04357314,target_4dB,4,CL,V_decision,logp_true_k3,-9.433152056525142
82,n04371774/ILSVRC2012_val_00030870_n04371774,target_4dB,4,CL,V_decision,logp_true_k3,-11.388952389911367
83,n04392985/ILSVRC2012_val_00029362_n04392985,target_4dB,4,CL,V_decision,logp_true_k3,-7.069191552802295
84,n04456115/ILSVRC2012_val_00002331_n04456115,target_4dB,4,CL,V_decision,logp_true_k3,-19.38039562687347
85,n04485082/ILSVRC2012_val_00000955_n04485082,target_4dB,4,CL,V_decision,logp_true_k3,-7.926119390564659
86,n04515003/ILSVRC2012_val_00002400_n04515003,target_4dB,4,CL,V_decision,logp_true_k3,-12.010332994883422
87,n04540053/ILSVRC2012_val_00007665_n04540053,target_4dB,4,CL,V_decision,logp_true_k3,-16.978848020252936
88,n04560804/ILSVRC2012_val_00029830_n04560804,target_4dB,4,CL,V_decision,logp_true_k3,-4.950920162312858
89,n04596742/ILSVRC2012_val_00007608_n04596742,target_4dB,4,CL,V_decision,logp_true_k3,-8.398964372606887
90,n07583066/ILSVRC2012_val_00001378_n07583066,target_4dB,4,CL,V_decision,logp_true_k3,-14.493444428990458
91,n07590611/ILSVRC2012_val_00030972_n07590611,target_4dB,4,CL,V_decision,logp_true_k3,-10.773565210490402
92,n07714990/ILSVRC2012_val_00008416_n07714990,target_4dB,4,CL,V_decision,logp_true_k3,-11.555520363581039
93,n07716906/ILSVRC2012_val_00011140_n07716906,target_4dB,4,CL,V_decision,logp_true_k3,-14.909212643979657
94,n07720875/ILSVRC2012_val_00000423_n07720875,target_4dB,4,CL,V_decision,logp_true_k3,-15.62217292618381
95,n07860988/ILSVRC2012_val_00010848_n07860988,target_4dB,4,CL,V_decision,logp_true_k3,-14.383977102732445
96,n09288635/ILSVRC2012_val_00001270_n09288635,target_4dB,4,CL,V_decision,logp_true_k3,-9.510542711801396
97,n09468604/ILSVRC2012_val_00030741_n09468604,target_4dB,4,CL,V_decision,logp_true_k3,-15.072509026706769
98,n11939491/ILSVRC2012_val_00034896_n11939491,target_4dB,4,CL,V_decision,logp_true_k3,-17.49483314046153
99,n15075141/ILSVRC2012_val_00005846_n15075141,target_4dB,4,CL,V_decision,logp_true_k3,-11.167003017962827
0,n01440764/ILSVRC2012_val_00003014_n01440764,target_4dB,4,CL,V_decision,entropy_k3,0.28759487826616764
1,n01601694/ILSVRC2012_val_00021656_n01601694,target_4dB,4,CL,V_decision,entropy_k3,0.3186743510044698
2,n01664065/ILSVRC2012_val_00014316_n01664065,target_4dB,4,CL,V_decision,entropy_k3,0.6887451534805842
3,n01689811/ILSVRC2012_val_00020598_n01689811,target_4dB,4,CL,V_decision,entropy_k3,0.4759280377583983
4,n01735189/ILSVRC2012_val_00006699_n01735189,target_4dB,4,CL,V_decision,entropy_k3,0.6019658450221865
5,n01744401/ILSVRC2012_val_00032663_n01744401,target_4dB,4,CL,V_decision,entropy_k3,0.31477363185026574
6,n01751748/ILSVRC2012_val_00033157_n01751748,target_4dB,4,CL,V_decision,entropy_k3,0.38945746645498175
7,n01775062/ILSVRC2012_val_00036589_n01775062,target_4dB,4,CL,V_decision,entropy_k3,0.4336720928295475
8,n01843383/ILSVRC2012_val_00005901_n01843383,target_4dB,4,CL,V_decision,entropy_k3,0.46000180142662445
9,n01860187/ILSVRC2012_val_00021594_n01860187,target_4dB,4,CL,V_decision,entropy_k3,0.4277401386773036
10,n01882714/ILSVRC2012_val_00019996_n01882714,target_4dB,4,CL,V_decision,entropy_k3,0.4826060197682535
11,n01943899/ILSVRC2012_val_00005706_n01943899,target_4dB,4,CL,V_decision,entropy_k3,0.5217780976628625
12,n01955084/ILSVRC2012_val_00001857_n01955084,target_4dB,4,CL,V_decision,entropy_k3,0.4157445346091302
13,n01983481/ILSVRC2012_val_00019856_n01983481,target_4dB,4,CL,V_decision,entropy_k3,0.407441494575816
14,n02013706/ILSVRC2012_val_00003168_n02013706,target_4dB,4,CL,V_decision,entropy_k3,0.3457789942921074
15,n02027492/ILSVRC2012_val_00007524_n02027492,target_4dB,4,CL,V_decision,entropy_k3,0.334908343930683
16,n02088094/ILSVRC2012_val_00005507_n02088094,target_4dB,4,CL,V_decision,entropy_k3,0.25035426728427157
17,n02090622/ILSVRC2012_val_00006265_n02090622,target_4dB,4,CL,V_decision,entropy_k3,0.5864974948226797
18,n02096177/ILSVRC2012_val_00019083_n02096177,target_4dB,4,CL,V_decision,entropy_k3,0.4080244245337558
19,n02098286/ILSVRC2012_val_00038253_n02098286,target_4dB,4,CL,V_decision,entropy_k3,0.44540010008846204
20,n02102480/ILSVRC2012_val_00010261_n02102480,target_4dB,4,CL,V_decision,entropy_k3,0.47108360597583293
21,n02105641/ILSVRC2012_val_00018762_n02105641,target_4dB,4,CL,V_decision,entropy_k3,0.5602369409394657
22,n02106550/ILSVRC2012_val_00014315_n02106550,target_4dB,4,CL,V_decision,entropy_k3,0.5405655959844139
23,n02107683/ILSVRC2012_val_00010786_n02107683,target_4dB,4,CL,V_decision,entropy_k3,0.4934863126228377
24,n02110806/ILSVRC2012_val_00030364_n02110806,target_4dB,4,CL,V_decision,entropy_k3,0.4742570075525913
25,n02113799/ILSVRC2012_val_00007866_n02113799,target_4dB,4,CL,V_decision,entropy_k3,0.386375791799303
26,n02123159/ILSVRC2012_val_00025723_n02123159,target_4dB,4,CL,V_decision,entropy_k3,0.37202080423900236
27,n02134084/ILSVRC2012_val_00020332_n02134084,target_4dB,4,CL,V_decision,entropy_k3,0.5067281145880279
28,n02168699/ILSVRC2012_val_00040132_n02168699,target_4dB,4,CL,V_decision,entropy_k3,0.635106990561587
29,n02233338/ILSVRC2012_val_00016160_n02233338,target_4dB,4,CL,V_decision,entropy_k3,0.2238982063403154
30,n02264363/ILSVRC2012_val_00027803_n02264363,target_4dB,4,CL,V_decision,entropy_k3,0.5565315430829663
31,n02277742/ILSVRC2012_val_00015608_n02277742,target_4dB,4,CL,V_decision,entropy_k3,0.4004131958539922
32,n02325366/ILSVRC2012_val_00024858_n02325366,target_4dB,4,CL,V_decision,entropy_k3,0.5366562987657801
33,n02398521/ILSVRC2012_val_00018354_n02398521,target_4dB,4,CL,V_decision,entropy_k3,0.3359330639633462
34,n02410509/ILSVRC2012_val_00022568_n02410509,target_4dB,4,CL,V_decision,entropy_k3,0.2956678458573825
35,n02437312/ILSVRC2012_val_00006245_n02437312,target_4dB,4,CL,V_decision,entropy_k3,0.503005395307878
36,n02486410/ILSVRC2012_val_00009799_n02486410,target_4dB,4,CL,V_decision,entropy_k3,0.36325739329560097
37,n02509815/ILSVRC2012_val_00014423_n02509815,target_4dB,4,CL,V_decision,entropy_k3,0.7367760280579633
38,n02708093/ILSVRC2012_val_00024690_n02708093,target_4dB,4,CL,V_decision,entropy_k3,0.5378812608757575
39,n02776631/ILSVRC2012_val_00028186_n02776631,target_4dB,4,CL,V_decision,entropy_k3,0.5233666522578285
40,n02788148/ILSVRC2012_val_00012264_n02788148,target_4dB,4,CL,V_decision,entropy_k3,0.3941186005774833
41,n02834397/ILSVRC2012_val_00010741_n02834397,target_4dB,4,CL,V_decision,entropy_k3,0.4936249795330146
42,n02841315/ILSVRC2012_val_00014601_n02841315,target_4dB,4,CL,V_decision,entropy_k3,0.4241180079571589
43,n02910353/ILSVRC2012_val_00017543_n02910353,target_4dB,4,CL,V_decision,entropy_k3,0.581161448056087
44,n02951585/ILSVRC2012_val_00008336_n02951585,target_4dB,4,CL,V_decision,entropy_k3,0.45869809882717444
45,n02980441/ILSVRC2012_val_00023472_n02980441,target_4dB,4,CL,V_decision,entropy_k3,0.3600297744160002
46,n03028079/ILSVRC2012_val_00031446_n03028079,target_4dB,4,CL,V_decision,entropy_k3,0.6421334675643994
47,n03109150/ILSVRC2012_val_00032588_n03109150,target_4dB,4,CL,V_decision,entropy_k3,0.659860014663236
48,n03127747/ILSVRC2012_val_00003732_n03127747,target_4dB,4,CL,V_decision,entropy_k3,0.4857237730054816
49,n03220513/ILSVRC2012_val_00006359_n03220513,target_4dB,4,CL,V_decision,entropy_k3,0.5898455678152041
50,n03372029/ILSVRC2012_val_00034937_n03372029,target_4dB,4,CL,V_decision,entropy_k3,0.3798560868928116
51,n03388549/ILSVRC2012_val_00022928_n03388549,target_4dB,4,CL,V_decision,entropy_k3,0.3864224161583456
52,n03424325/ILSVRC2012_val_00006147_n03424325,target_4dB,4,CL,V_decision,entropy_k3,0.540190078915301
53,n03447721/ILSVRC2012_val_00006942_n03447721,target_4dB,4,CL,V_decision,entropy_k3,0.513831067509036
54,n03485794/ILSVRC2012_val_00010782_n03485794,target_4dB,4,CL,V_decision,entropy_k3,0.4399499997413899
55,n03527444/ILSVRC2012_val_00035251_n03527444,target_4dB,4,CL,V_decision,entropy_k3,0.46695392172888167
56,n03584254/ILSVRC2012_val_00016384_n03584254,target_4dB,4,CL,V_decision,entropy_k3,0.5101410387866848
57,n03623198/ILSVRC2012_val_00019928_n03623198,target_4dB,4,CL,V_decision,entropy_k3,0.31609025102875427
58,n03657121/ILSVRC2012_val_00000359_n03657121,target_4dB,4,CL,V_decision,entropy_k3,0.3964829684278193
59,n03706229/ILSVRC2012_val_00017460_n03706229,target_4dB,4,CL,V_decision,entropy_k3,0.45728436300730824
60,n03759954/ILSVRC2012_val_00010804_n03759954,target_4dB,4,CL,V_decision,entropy_k3,0.2713560096125088
61,n03775071/ILSVRC2012_val_00002420_n03775071,target_4dB,4,CL,V_decision,entropy_k3,0.5752577348178445
62,n03782006/ILSVRC2012_val_00004758_n03782006,target_4dB,4,CL,V_decision,entropy_k3,0.5239388313719577
63,n03796401/ILSVRC2012_val_00025827_n03796401,target_4dB,4,CL,V_decision,entropy_k3,0.4649445014909934
64,n03866082/ILSVRC2012_val_00003554_n03866082,target_4dB,4,CL,V_decision,entropy_k3,0.3856187727068501
65,n03876231/ILSVRC2012_val_00022714_n03876231,target_4dB,4,CL,V_decision,entropy_k3,0.44210543119467977
66,n03929660/ILSVRC2012_val_00012300_n03929660,target_4dB,4,CL,V_decision,entropy_k3,0.6406926244879211
67,n03950228/ILSVRC2012_val_00019039_n03950228,target_4dB,4,CL,V_decision,entropy_k3,0.5249522691306608
68,n03977966/ILSVRC2012_val_00027383_n03977966,target_4dB,4,CL,V_decision,entropy_k3,0.36883666362772366
69,n03983396/ILSVRC2012_val_00012891_n03983396,target_4dB,4,CL,V_decision,entropy_k3,0.4137923287535388
70,n04044716/ILSVRC2012_val_00039752_n04044716,target_4dB,4,CL,V_decision,entropy_k3,0.5701598344471508
71,n04067472/ILSVRC2012_val_00007618_n04067472,target_4dB,4,CL,V_decision,entropy_k3,0.37458731985688787
72,n04111531/ILSVRC2012_val_00013982_n04111531,target_4dB,4,CL,V_decision,entropy_k3,0.3114294118427916
73,n04131690/ILSVRC2012_val_00002728_n04131690,target_4dB,4,CL,V_decision,entropy_k3,0.4733988222879424
74,n04153751/ILSVRC2012_val_00008426_n04153751,target_4dB,4,CL,V_decision,entropy_k3,0.5238414875312747
75,n04204347/ILSVRC2012_val_00018921_n04204347,target_4dB,4,CL,V_decision,entropy_k3,0.39028117153282227
76,n04235860/ILSVRC2012_val_00004033_n04235860,target_4dB,4,CL,V_decision,entropy_k3,0.38637485899903473
77,n04252077/ILSVRC2012_val_00012989_n04252077,target_4dB,4,CL,V_decision,entropy_k3,0.5736000673766252
78,n04310018/ILSVRC2012_val_00003156_n04310018,target_4dB,4,CL,V_decision,entropy_k3,0.2782629568503398
79,n04328186/ILSVRC2012_val_00014795_n04328186,target_4dB,4,CL,V_decision,entropy_k3,0.3042038544482843
80,n04346328/ILSVRC2012_val_00003305_n04346328,target_4dB,4,CL,V_decision,entropy_k3,0.32579410792358593
81,n04357314/ILSVRC2012_val_00009430_n04357314,target_4dB,4,CL,V_decision,entropy_k3,0.48602895694646747
82,n04371774/ILSVRC2012_val_00030870_n04371774,target_4dB,4,CL,V_decision,entropy_k3,0.5012883550203648
83,n04392985/ILSVRC2012_val_00029362_n04392985,target_4dB,4,CL,V_decision,entropy_k3,0.5908110095110684
84,n04456115/ILSVRC2012_val_00002331_n04456115,target_4dB,4,CL,V_decision,entropy_k3,0.33442612144490796
85,n04485082/ILSVRC2012_val_00000955_n04485082,target_4dB,4,CL,V_decision,entropy_k3,0.37569791398775626
86,n04515003/ILSVRC2012_val_00002400_n04515003,target_4dB,4,CL,V_decision,entropy_k3,0.5420793608304283
87,n04540053/ILSVRC2012_val_00007665_n04540053,target_4dB,4,CL,V_decision,entropy_k3,0.41072693834151613
88,n04560804/ILSVRC2012_val_00029830_n04560804,target_4dB,4,CL,V_decision,entropy_k3,0.3800648216626224
89,n04596742/ILSVRC2012_val_00007608_n04596742,target_4dB,4,CL,V_decision,entropy_k3,0.5147272873003638
90,n07583066/ILSVRC2012_val_00001378_n07583066,target_4dB,4,CL,V_decision,entropy_k3,0.46179321101760423
91,n07590611/ILSVRC2012_val_00030972_n07590611,target_4dB,4,CL,V_decision,entropy_k3,0.45926394451663866
92,n07714990/ILSVRC2012_val_00008416_n07714990,target_4dB,4,CL,V_decision,entropy_k3,0.42834386857294043
93,n07716906/ILSVRC2012_val_00011140_n07716906,target_4dB,4,CL,V_decision,entropy_k3,0.44938762620894207
94,n07720875/ILSVRC2012_val_00000423_n07720875,target_4dB,4,CL,V_decision,entropy_k3,0.40249209543631626
95,n07860988/ILSVRC2012_val_00010848_n07860988,target_4dB,4,CL,V_decision,entropy_k3,0.3835607267799957
96,n09288635/ILSVRC2012_val_00001270_n09288635,target_4dB,4,CL,V_decision,entropy_k3,0.6492405195428382
97,n09468604/ILSVRC2012_val_00030741_n09468604,target_4dB,4,CL,V_decision,entropy_k3,0.4463056631408395
98,n11939491/ILSVRC2012_val_00034896_n11939491,target_4dB,4,CL,V_decision,entropy_k3,0.43702030246580054
99,n15075141/ILSVRC2012_val_00005846_n15075141,target_4dB,4,CL,V_decision,entropy_k3,0.3978811327358212
0,n01440764/ILSVRC2012_val_00003014_n01440764,target_4dB,4,CL,V_decision,path_accuracy_k3,0.5925925925925926
1,n01601694/ILSVRC2012_val_00021656_n01601694,target_4dB,4,CL,V_decision,path_accuracy_k3,0.5555555555555555
2,n01664065/ILSVRC2012_val_00014316_n01664065,target_4dB,4,CL,V_decision,path_accuracy_k3,0.3333333333333333
3,n01689811/ILSVRC2012_val_00020598_n01689811,target_4dB,4,CL,V_decision,path_accuracy_k3,0.3703703703703704
4,n01735189/ILSVRC2012_val_00006699_n01735189,target_4dB,4,CL,V_decision,path_accuracy_k3,0.4444444444444445
5,n01744401/ILSVRC2012_val_00032663_n01744401,target_4dB,4,CL,V_decision,path_accuracy_k3,0.3703703703703704
6,n01751748/ILSVRC2012_val_00033157_n01751748,target_4dB,4,CL,V_decision,path_accuracy_k3,0.4444444444444444
7,n01775062/ILSVRC2012_val_00036589_n01775062,target_4dB,4,CL,V_decision,path_accuracy_k3,0.4444444444444445
8,n01843383/ILSVRC2012_val_00005901_n01843383,target_4dB,4,CL,V_decision,path_accuracy_k3,0.3333333333333333
9,n01860187/ILSVRC2012_val_00021594_n01860187,target_4dB,4,CL,V_decision,path_accuracy_k3,0.4074074074074074
10,n01882714/ILSVRC2012_val_00019996_n01882714,target_4dB,4,CL,V_decision,path_accuracy_k3,0.3703703703703704
11,n01943899/ILSVRC2012_val_00005706_n01943899,target_4dB,4,CL,V_decision,path_accuracy_k3,0.48148148148148145
12,n01955084/ILSVRC2012_val_00001857_n01955084,target_4dB,4,CL,V_decision,path_accuracy_k3,0.25925925925925924
13,n01983481/ILSVRC2012_val_00019856_n01983481,target_4dB,4,CL,V_decision,path_accuracy_k3,0.4444444444444445
14,n02013706/ILSVRC2012_val_00003168_n02013706,target_4dB,4,CL,V_decision,path_accuracy_k3,0.2962962962962963
15,n02027492/ILSVRC2012_val_00007524_n02027492,target_4dB,4,CL,V_decision,path_accuracy_k3,0.2222222222222222
16,n02088094/ILSVRC2012_val_00005507_n02088094,target_4dB,4,CL,V_decision,path_accuracy_k3,0.4074074074074074
17,n02090622/ILSVRC2012_val_00006265_n02090622,target_4dB,4,CL,V_decision,path_accuracy_k3,0.2962962962962963
18,n02096177/ILSVRC2012_val_00019083_n02096177,target_4dB,4,CL,V_decision,path_accuracy_k3,0.40740740740740744
19,n02098286/ILSVRC2012_val_00038253_n02098286,target_4dB,4,CL,V_decision,path_accuracy_k3,0.22222222222222224
20,n02102480/ILSVRC2012_val_00010261_n02102480,target_4dB,4,CL,V_decision,path_accuracy_k3,0.3703703703703703
21,n02105641/ILSVRC2012_val_00018762_n02105641,target_4dB,4,CL,V_decision,path_accuracy_k3,0.2962962962962963
22,n02106550/ILSVRC2012_val_00014315_n02106550,target_4dB,4,CL,V_decision,path_accuracy_k3,0.3333333333333333
23,n02107683/ILSVRC2012_val_00010786_n02107683,target_4dB,4,CL,V_decision,path_accuracy_k3,0.2962962962962963
24,n02110806/ILSVRC2012_val_00030364_n02110806,target_4dB,4,CL,V_decision,path_accuracy_k3,0.3333333333333333
25,n02113799/ILSVRC2012_val_00007866_n02113799,target_4dB,4,CL,V_decision,path_accuracy_k3,0.4444444444444444
26,n02123159/ILSVRC2012_val_00025723_n02123159,target_4dB,4,CL,V_decision,path_accuracy_k3,0.22222222222222224
27,n02134084/ILSVRC2012_val_00020332_n02134084,target_4dB,4,CL,V_decision,path_accuracy_k3,0.3333333333333333
28,n02168699/ILSVRC2012_val_00040132_n02168699,target_4dB,4,CL,V_decision,path_accuracy_k3,0.1851851851851852
29,n02233338/ILSVRC2012_val_00016160_n02233338,target_4dB,4,CL,V_decision,path_accuracy_k3,0.5185185185185185
30,n02264363/ILSVRC2012_val_00027803_n02264363,target_4dB,4,CL,V_decision,path_accuracy_k3,0.3703703703703704
31,n02277742/ILSVRC2012_val_00015608_n02277742,target_4dB,4,CL,V_decision,path_accuracy_k3,0.4444444444444445
32,n02325366/ILSVRC2012_val_00024858_n02325366,target_4dB,4,CL,V_decision,path_accuracy_k3,0.40740740740740744
33,n02398521/ILSVRC2012_val_00018354_n02398521,target_4dB,4,CL,V_decision,path_accuracy_k3,0.4444444444444444
34,n02410509/ILSVRC2012_val_00022568_n02410509,target_4dB,4,CL,V_decision,path_accuracy_k3,0.3703703703703703
35,n02437312/ILSVRC2012_val_00006245_n02437312,target_4dB,4,CL,V_decision,path_accuracy_k3,0.4074074074074074
36,n02486410/ILSVRC2012_val_00009799_n02486410,target_4dB,4,CL,V_decision,path_accuracy_k3,0.5185185185185185
37,n02509815/ILSVRC2012_val_00014423_n02509815,target_4dB,4,CL,V_decision,path_accuracy_k3,0.2962962962962963
38,n02708093/ILSVRC2012_val_00024690_n02708093,target_4dB,4,CL,V_decision,path_accuracy_k3,0.22222222222222224
39,n02776631/ILSVRC2012_val_00028186_n02776631,target_4dB,4,CL,V_decision,path_accuracy_k3,0.2962962962962963
40,n02788148/ILSVRC2012_val_00012264_n02788148,target_4dB,4,CL,V_decision,path_accuracy_k3,0.3703703703703704
41,n02834397/ILSVRC2012_val_00010741_n02834397,target_4dB,4,CL,V_decision,path_accuracy_k3,0.2962962962962963
42,n02841315/ILSVRC2012_val_00014601_n02841315,target_4dB,4,CL,V_decision,path_accuracy_k3,0.3333333333333333
43,n02910353/ILSVRC2012_val_00017543_n02910353,target_4dB,4,CL,V_decision,path_accuracy_k3,0.48148148148148145
44,n02951585/ILSVRC2012_val_00008336_n02951585,target_4dB,4,CL,V_decision,path_accuracy_k3,0.3703703703703704
45,n02980441/ILSVRC2012_val_00023472_n02980441,target_4dB,4,CL,V_decision,path_accuracy_k3,0.2222222222222222
46,n03028079/ILSVRC2012_val_00031446_n03028079,target_4dB,4,CL,V_decision,path_accuracy_k3,0.3333333333333333
47,n03109150/ILSVRC2012_val_00032588_n03109150,target_4dB,4,CL,V_decision,path_accuracy_k3,0.4074074074074074
48,n03127747/ILSVRC2012_val_00003732_n03127747,target_4dB,4,CL,V_decision,path_accuracy_k3,0.29629629629629634
49,n03220513/ILSVRC2012_val_00006359_n03220513,target_4dB,4,CL,V_decision,path_accuracy_k3,0.3333333333333333
50,n03372029/ILSVRC2012_val_00034937_n03372029,target_4dB,4,CL,V_decision,path_accuracy_k3,0.2222222222222222
51,n03388549/ILSVRC2012_val_00022928_n03388549,target_4dB,4,CL,V_decision,path_accuracy_k3,0.2222222222222222
52,n03424325/ILSVRC2012_val_00006147_n03424325,target_4dB,4,CL,V_decision,path_accuracy_k3,0.25925925925925924
53,n03447721/ILSVRC2012_val_00006942_n03447721,target_4dB,4,CL,V_decision,path_accuracy_k3,0.4444444444444444
54,n03485794/ILSVRC2012_val_00010782_n03485794,target_4dB,4,CL,V_decision,path_accuracy_k3,0.4074074074074074
55,n03527444/ILSVRC2012_val_00035251_n03527444,target_4dB,4,CL,V_decision,path_accuracy_k3,0.2962962962962963
56,n03584254/ILSVRC2012_val_00016384_n03584254,target_4dB,4,CL,V_decision,path_accuracy_k3,0.4074074074074074
57,n03623198/ILSVRC2012_val_00019928_n03623198,target_4dB,4,CL,V_decision,path_accuracy_k3,0.5925925925925927
58,n03657121/ILSVRC2012_val_00000359_n03657121,target_4dB,4,CL,V_decision,path_accuracy_k3,0.3703703703703704
59,n03706229/ILSVRC2012_val_00017460_n03706229,target_4dB,4,CL,V_decision,path_accuracy_k3,0.25925925925925924
60,n03759954/ILSVRC2012_val_00010804_n03759954,target_4dB,4,CL,V_decision,path_accuracy_k3,0.3333333333333333
61,n03775071/ILSVRC2012_val_00002420_n03775071,target_4dB,4,CL,V_decision,path_accuracy_k3,0.25925925925925924
62,n03782006/ILSVRC2012_val_00004758_n03782006,target_4dB,4,CL,V_decision,path_accuracy_k3,0.25925925925925924
63,n03796401/ILSVRC2012_val_00025827_n03796401,target_4dB,4,CL,V_decision,path_accuracy_k3,0.4074074074074074
64,n03866082/ILSVRC2012_val_00003554_n03866082,target_4dB,4,CL,V_decision,path_accuracy_k3,0.2962962962962963
65,n03876231/ILSVRC2012_val_00022714_n03876231,target_4dB,4,CL,V_decision,path_accuracy_k3,0.48148148148148145
66,n03929660/ILSVRC2012_val_00012300_n03929660,target_4dB,4,CL,V_decision,path_accuracy_k3,0.2962962962962963
67,n03950228/ILSVRC2012_val_00019039_n03950228,target_4dB,4,CL,V_decision,path_accuracy_k3,0.25925925925925924
68,n03977966/ILSVRC2012_val_00027383_n03977966,target_4dB,4,CL,V_decision,path_accuracy_k3,0.5555555555555555
69,n03983396/ILSVRC2012_val_00012891_n03983396,target_4dB,4,CL,V_decision,path_accuracy_k3,0.6666666666666666
70,n04044716/ILSVRC2012_val_00039752_n04044716,target_4dB,4,CL,V_decision,path_accuracy_k3,0.2962962962962963
71,n04067472/ILSVRC2012_val_00007618_n04067472,target_4dB,4,CL,V_decision,path_accuracy_k3,0.5185185185185185
72,n04111531/ILSVRC2012_val_00013982_n04111531,target_4dB,4,CL,V_decision,path_accuracy_k3,0.48148148148148145
73,n04131690/ILSVRC2012_val_00002728_n04131690,target_4dB,4,CL,V_decision,path_accuracy_k3,0.48148148148148145
74,n04153751/ILSVRC2012_val_00008426_n04153751,target_4dB,4,CL,V_decision,path_accuracy_k3,0.2222222222222222
75,n04204347/ILSVRC2012_val_00018921_n04204347,target_4dB,4,CL,V_decision,path_accuracy_k3,0.4074074074074074
76,n04235860/ILSVRC2012_val_00004033_n04235860,target_4dB,4,CL,V_decision,path_accuracy_k3,0.5555555555555556
77,n04252077/ILSVRC2012_val_00012989_n04252077,target_4dB,4,CL,V_decision,path_accuracy_k3,0.3333333333333333
78,n04310018/ILSVRC2012_val_00003156_n04310018,target_4dB,4,CL,V_decision,path_accuracy_k3,0.4444444444444444
79,n04328186/ILSVRC2012_val_00014795_n04328186,target_4dB,4,CL,V_decision,path_accuracy_k3,0.5555555555555555
80,n04346328/ILSVRC2012_val_00003305_n04346328,target_4dB,4,CL,V_decision,path_accuracy_k3,0.48148148148148145
81,n04357314/ILSVRC2012_val_00009430_n04357314,target_4dB,4,CL,V_decision,path_accuracy_k3,0.40740740740740744
82,n04371774/ILSVRC2012_val_00030870_n04371774,target_4dB,4,CL,V_decision,path_accuracy_k3,0.3333333333333333
83,n04392985/ILSVRC2012_val_00029362_n04392985,target_4dB,4,CL,V_decision,path_accuracy_k3,0.3703703703703704
84,n04456115/ILSVRC2012_val_00002331_n04456115,target_4dB,4,CL,V_decision,path_accuracy_k3,0.5925925925925924
85,n04485082/ILSVRC2012_val_00000955_n04485082,target_4dB,4,CL,V_decision,path_accuracy_k3,0.2962962962962963
86,n04515003/ILSVRC2012_val_00002400_n04515003,target_4dB,4,CL,V_decision,path_accuracy_k3,0.3333333333333333
87,n04540053/ILSVRC2012_val_00007665_n04540053,target_4dB,4,CL,V_decision,path_accuracy_k3,0.4074074074074074
88,n04560804/ILSVRC2012_val_00029830_n04560804,target_4dB,4,CL,V_decision,path_accuracy_k3,0.40740740740740744
89,n04596742/ILSVRC2012_val_00007608_n04596742,target_4dB,4,CL,V_decision,path_accuracy_k3,0.3333333333333333
90,n07583066/ILSVRC2012_val_00001378_n07583066,target_4dB,4,CL,V_decision,path_accuracy_k3,0.3703703703703704
91,n07590611/ILSVRC2012_val_00030972_n07590611,target_4dB,4,CL,V_decision,path_accuracy_k3,0.48148148148148145
92,n07714990/ILSVRC2012_val_00008416_n07714990,target_4dB,4,CL,V_decision,path_accuracy_k3,0.3333333333333333
93,n07716906/ILSVRC2012_val_00011140_n07716906,target_4dB,4,CL,V_decision,path_accuracy_k3,0.4074074074074074
94,n07720875/ILSVRC2012_val_00000423_n07720875,target_4dB,4,CL,V_decision,path_accuracy_k3,0.25925925925925924
95,n07860988/ILSVRC2012_val_00010848_n07860988,target_4dB,4,CL,V_decision,path_accuracy_k3,0.4444444444444444
96,n09288635/ILSVRC2012_val_00001270_n09288635,target_4dB,4,CL,V_decision,path_accuracy_k3,0.25925925925925924
97,n09468604/ILSVRC2012_val_00030741_n09468604,target_4dB,4,CL,V_decision,path_accuracy_k3,0.3703703703703704
98,n11939491/ILSVRC2012_val_00034896_n11939491,target_4dB,4,CL,V_decision,path_accuracy_k3,0.5185185185185185
99,n15075141/ILSVRC2012_val_00005846_n15075141,target_4dB,4,CL,V_decision,path_accuracy_k3,0.5555555555555556
0,n01440764/ILSVRC2012_val_00003014_n01440764,target_4dB,4,CL,V_decision,acc_k4,0.1875
1,n01601694/ILSVRC2012_val_00021656_n01601694,target_4dB,4,CL,V_decision,acc_k4,0.10416666666666667
2,n01664065/ILSVRC2012_val_00014316_n01664065,target_4dB,4,CL,V_decision,acc_k4,0.10416666666666667
3,n01689811/ILSVRC2012_val_00020598_n01689811,target_4dB,4,CL,V_decision,acc_k4,0.1875
4,n01735189/ILSVRC2012_val_00006699_n01735189,target_4dB,4,CL,V_decision,acc_k4,0.08333333333333333
5,n01744401/ILSVRC2012_val_00032663_n01744401,target_4dB,4,CL,V_decision,acc_k4,0.14583333333333334
6,n01751748/ILSVRC2012_val_00033157_n01751748,target_4dB,4,CL,V_decision,acc_k4,0.10416666666666667
7,n01775062/ILSVRC2012_val_00036589_n01775062,target_4dB,4,CL,V_decision,acc_k4,0.10416666666666667
8,n01843383/ILSVRC2012_val_00005901_n01843383,target_4dB,4,CL,V_decision,acc_k4,0.16666666666666666
9,n01860187/ILSVRC2012_val_00021594_n01860187,target_4dB,4,CL,V_decision,acc_k4,0.125
10,n01882714/ILSVRC2012_val_00019996_n01882714,target_4dB,4,CL,V_decision,acc_k4,0.2708333333333333
11,n01943899/ILSVRC2012_val_00005706_n01943899,target_4dB,4,CL,V_decision,acc_k4,0.1875
12,n01955084/ILSVRC2012_val_00001857_n01955084,target_4dB,4,CL,V_decision,acc_k4,0.20833333333333334
13,n01983481/ILSVRC2012_val_00019856_n01983481,target_4dB,4,CL,V_decision,acc_k4,0.22916666666666666
14,n02013706/ILSVRC2012_val_00003168_n02013706,target_4dB,4,CL,V_decision,acc_k4,0.08333333333333333
15,n02027492/ILSVRC2012_val_00007524_n02027492,target_4dB,4,CL,V_decision,acc_k4,0.14583333333333334
16,n02088094/ILSVRC2012_val_00005507_n02088094,target_4dB,4,CL,V_decision,acc_k4,0.08333333333333333
17,n02090622/ILSVRC2012_val_00006265_n02090622,target_4dB,4,CL,V_decision,acc_k4,0.16666666666666666
18,n02096177/ILSVRC2012_val_00019083_n02096177,target_4dB,4,CL,V_decision,acc_k4,0.08333333333333333
19,n02098286/ILSVRC2012_val_00038253_n02098286,target_4dB,4,CL,V_decision,acc_k4,0.14583333333333334
20,n02102480/ILSVRC2012_val_00010261_n02102480,target_4dB,4,CL,V_decision,acc_k4,0.10416666666666667
21,n02105641/ILSVRC2012_val_00018762_n02105641,target_4dB,4,CL,V_decision,acc_k4,0.14583333333333334
22,n02106550/ILSVRC2012_val_00014315_n02106550,target_4dB,4,CL,V_decision,acc_k4,0.08333333333333333
23,n02107683/ILSVRC2012_val_00010786_n02107683,target_4dB,4,CL,V_decision,acc_k4,0.14583333333333334
24,n02110806/ILSVRC2012_val_00030364_n02110806,target_4dB,4,CL,V_decision,acc_k4,0.10416666666666667
25,n02113799/ILSVRC2012_val_00007866_n02113799,target_4dB,4,CL,V_decision,acc_k4,0.16666666666666666
26,n02123159/ILSVRC2012_val_00025723_n02123159,target_4dB,4,CL,V_decision,acc_k4,0.125
27,n02134084/ILSVRC2012_val_00020332_n02134084,target_4dB,4,CL,V_decision,acc_k4,0.08333333333333333
28,n02168699/ILSVRC2012_val_00040132_n02168699,target_4dB,4,CL,V_decision,acc_k4,0.10416666666666667
29,n02233338/ILSVRC2012_val_00016160_n02233338,target_4dB,4,CL,V_decision,acc_k4,0.10416666666666667
30,n02264363/ILSVRC2012_val_00027803_n02264363,target_4dB,4,CL,V_decision,acc_k4,0.10416666666666667
31,n02277742/ILSVRC2012_val_00015608_n02277742,target_4dB,4,CL,V_decision,acc_k4,0.125
32,n02325366/ILSVRC2012_val_00024858_n02325366,target_4dB,4,CL,V_decision,acc_k4,0.16666666666666666
33,n02398521/ILSVRC2012_val_00018354_n02398521,target_4dB,4,CL,V_decision,acc_k4,0.041666666666666664
34,n02410509/ILSVRC2012_val_00022568_n02410509,target_4dB,4,CL,V_decision,acc_k4,0.16666666666666666
35,n02437312/ILSVRC2012_val_00006245_n02437312,target_4dB,4,CL,V_decision,acc_k4,0.22916666666666666
36,n02486410/ILSVRC2012_val_00009799_n02486410,target_4dB,4,CL,V_decision,acc_k4,0.14583333333333334
37,n02509815/ILSVRC2012_val_00014423_n02509815,target_4dB,4,CL,V_decision,acc_k4,0.125
38,n02708093/ILSVRC2012_val_00024690_n02708093,target_4dB,4,CL,V_decision,acc_k4,0.20833333333333334
39,n02776631/ILSVRC2012_val_00028186_n02776631,target_4dB,4,CL,V_decision,acc_k4,0.041666666666666664
40,n02788148/ILSVRC2012_val_00012264_n02788148,target_4dB,4,CL,V_decision,acc_k4,0.125
41,n02834397/ILSVRC2012_val_00010741_n02834397,target_4dB,4,CL,V_decision,acc_k4,0.10416666666666667
42,n02841315/ILSVRC2012_val_00014601_n02841315,target_4dB,4,CL,V_decision,acc_k4,0.10416666666666667
43,n02910353/ILSVRC2012_val_00017543_n02910353,target_4dB,4,CL,V_decision,acc_k4,0.2916666666666667
44,n02951585/ILSVRC2012_val_00008336_n02951585,target_4dB,4,CL,V_decision,acc_k4,0.16666666666666666
45,n02980441/ILSVRC2012_val_00023472_n02980441,target_4dB,4,CL,V_decision,acc_k4,0.10416666666666667
46,n03028079/ILSVRC2012_val_00031446_n03028079,target_4dB,4,CL,V_decision,acc_k4,0.08333333333333333
47,n03109150/ILSVRC2012_val_00032588_n03109150,target_4dB,4,CL,V_decision,acc_k4,0.14583333333333334
48,n03127747/ILSVRC2012_val_00003732_n03127747,target_4dB,4,CL,V_decision,acc_k4,0.125
49,n03220513/ILSVRC2012_val_00006359_n03220513,target_4dB,4,CL,V_decision,acc_k4,0.125
50,n03372029/ILSVRC2012_val_00034937_n03372029,target_4dB,4,CL,V_decision,acc_k4,0.16666666666666666
51,n03388549/ILSVRC2012_val_00022928_n03388549,target_4dB,4,CL,V_decision,acc_k4,0.16666666666666666
52,n03424325/ILSVRC2012_val_00006147_n03424325,target_4dB,4,CL,V_decision,acc_k4,0.25
53,n03447721/ILSVRC2012_val_00006942_n03447721,target_4dB,4,CL,V_decision,acc_k4,0.14583333333333334
54,n03485794/ILSVRC2012_val_00010782_n03485794,target_4dB,4,CL,V_decision,acc_k4,0.16666666666666666
55,n03527444/ILSVRC2012_val_00035251_n03527444,target_4dB,4,CL,V_decision,acc_k4,0.2916666666666667
56,n03584254/ILSVRC2012_val_00016384_n03584254,target_4dB,4,CL,V_decision,acc_k4,0.041666666666666664
57,n03623198/ILSVRC2012_val_00019928_n03623198,target_4dB,4,CL,V_decision,acc_k4,0.041666666666666664
58,n03657121/ILSVRC2012_val_00000359_n03657121,target_4dB,4,CL,V_decision,acc_k4,0.0625
59,n03706229/ILSVRC2012_val_00017460_n03706229,target_4dB,4,CL,V_decision,acc_k4,0.10416666666666667
60,n03759954/ILSVRC2012_val_00010804_n03759954,target_4dB,4,CL,V_decision,acc_k4,0.20833333333333334
61,n03775071/ILSVRC2012_val_00002420_n03775071,target_4dB,4,CL,V_decision,acc_k4,0.08333333333333333
62,n03782006/ILSVRC2012_val_00004758_n03782006,target_4dB,4,CL,V_decision,acc_k4,0.125
63,n03796401/ILSVRC2012_val_00025827_n03796401,target_4dB,4,CL,V_decision,acc_k4,0.0625
64,n03866082/ILSVRC2012_val_00003554_n03866082,target_4dB,4,CL,V_decision,acc_k4,0.125
65,n03876231/ILSVRC2012_val_00022714_n03876231,target_4dB,4,CL,V_decision,acc_k4,0.125
66,n03929660/ILSVRC2012_val_00012300_n03929660,target_4dB,4,CL,V_decision,acc_k4,0.0625
67,n03950228/ILSVRC2012_val_00019039_n03950228,target_4dB,4,CL,V_decision,acc_k4,0.22916666666666666
68,n03977966/ILSVRC2012_val_00027383_n03977966,target_4dB,4,CL,V_decision,acc_k4,0.2708333333333333
69,n03983396/ILSVRC2012_val_00012891_n03983396,target_4dB,4,CL,V_decision,acc_k4,0.08333333333333333
70,n04044716/ILSVRC2012_val_00039752_n04044716,target_4dB,4,CL,V_decision,acc_k4,0.125
71,n04067472/ILSVRC2012_val_00007618_n04067472,target_4dB,4,CL,V_decision,acc_k4,0.20833333333333334
72,n04111531/ILSVRC2012_val_00013982_n04111531,target_4dB,4,CL,V_decision,acc_k4,0.16666666666666666
73,n04131690/ILSVRC2012_val_00002728_n04131690,target_4dB,4,CL,V_decision,acc_k4,0.20833333333333334
74,n04153751/ILSVRC2012_val_00008426_n04153751,target_4dB,4,CL,V_decision,acc_k4,0.08333333333333333
75,n04204347/ILSVRC2012_val_00018921_n04204347,target_4dB,4,CL,V_decision,acc_k4,0.041666666666666664
76,n04235860/ILSVRC2012_val_00004033_n04235860,target_4dB,4,CL,V_decision,acc_k4,0.16666666666666666
77,n04252077/ILSVRC2012_val_00012989_n04252077,target_4dB,4,CL,V_decision,acc_k4,0.20833333333333334
78,n04310018/ILSVRC2012_val_00003156_n04310018,target_4dB,4,CL,V_decision,acc_k4,0.16666666666666666
79,n04328186/ILSVRC2012_val_00014795_n04328186,target_4dB,4,CL,V_decision,acc_k4,0.0
80,n04346328/ILSVRC2012_val_00003305_n04346328,target_4dB,4,CL,V_decision,acc_k4,0.041666666666666664
81,n04357314/ILSVRC2012_val_00009430_n04357314,target_4dB,4,CL,V_decision,acc_k4,0.3333333333333333
82,n04371774/ILSVRC2012_val_00030870_n04371774,target_4dB,4,CL,V_decision,acc_k4,0.10416666666666667
83,n04392985/ILSVRC2012_val_00029362_n04392985,target_4dB,4,CL,V_decision,acc_k4,0.16666666666666666
84,n04456115/ILSVRC2012_val_00002331_n04456115,target_4dB,4,CL,V_decision,acc_k4,0.041666666666666664
85,n04485082/ILSVRC2012_val_00000955_n04485082,target_4dB,4,CL,V_decision,acc_k4,0.125
86,n04515003/ILSVRC2012_val_00002400_n04515003,target_4dB,4,CL,V_decision,acc_k4,0.125
87,n04540053/ILSVRC2012_val_00007665_n04540053,target_4dB,4,CL,V_decision,acc_k4,0.16666666666666666
88,n04560804/ILSVRC2012_val_00029830_n04560804,target_4dB,4,CL,V_decision,acc_k4,0.14583333333333334
89,n04596742/ILSVRC2012_val_00007608_n04596742,target_4dB,4,CL,V_decision,acc_k4,0.22916666666666666
90,n07583066/ILSVRC2012_val_00001378_n07583066,target_4dB,4,CL,V_decision,acc_k4,0.125
91,n07590611/ILSVRC2012_val_00030972_n07590611,target_4dB,4,CL,V_decision,acc_k4,0.14583333333333334
92,n07714990/ILSVRC2012_val_00008416_n07714990,target_4dB,4,CL,V_decision,acc_k4,0.10416666666666667
93,n07716906/ILSVRC2012_val_00011140_n07716906,target_4dB,4,CL,V_decision,acc_k4,0.1875
94,n07720875/ILSVRC2012_val_00000423_n07720875,target_4dB,4,CL,V_decision,acc_k4,0.08333333333333333
95,n07860988/ILSVRC2012_val_00010848_n07860988,target_4dB,4,CL,V_decision,acc_k4,0.041666666666666664
96,n09288635/ILSVRC2012_val_00001270_n09288635,target_4dB,4,CL,V_decision,acc_k4,0.125
97,n09468604/ILSVRC2012_val_00030741_n09468604,target_4dB,4,CL,V_decision,acc_k4,0.16666666666666666
98,n11939491/ILSVRC2012_val_00034896_n11939491,target_4dB,4,CL,V_decision,acc_k4,0.22916666666666666
99,n15075141/ILSVRC2012_val_00005846_n15075141,target_4dB,4,CL,V_decision,acc_k4,0.14583333333333334
0,n01440764/ILSVRC2012_val_00003014_n01440764,target_4dB,4,CL,V_decision,logp_true_k4,-10.028042205829166
1,n01601694/ILSVRC2012_val_00021656_n01601694,target_4dB,4,CL,V_decision,logp_true_k4,-10.650284759172791
2,n01664065/ILSVRC2012_val_00014316_n01664065,target_4dB,4,CL,V_decision,logp_true_k4,-11.63307568137922
3,n01689811/ILSVRC2012_val_00020598_n01689811,target_4dB,4,CL,V_decision,logp_true_k4,-9.208550690582038
4,n01735189/ILSVRC2012_val_00006699_n01735189,target_4dB,4,CL,V_decision,logp_true_k4,-10.133578065152202
5,n01744401/ILSVRC2012_val_00032663_n01744401,target_4dB,4,CL,V_decision,logp_true_k4,-11.9134721167599
6,n01751748/ILSVRC2012_val_00033157_n01751748,target_4dB,4,CL,V_decision,logp_true_k4,-11.554496000744015
7,n01775062/ILSVRC2012_val_00036589_n01775062,target_4dB,4,CL,V_decision,logp_true_k4,-10.732488300928404
8,n01843383/ILSVRC2012_val_00005901_n01843383,target_4dB,4,CL,V_decision,logp_true_k4,-8.72041307244505
9,n01860187/ILSVRC2012_val_00021594_n01860187,target_4dB,4,CL,V_decision,logp_true_k4,-11.143228680935863
10,n01882714/ILSVRC2012_val_00019996_n01882714,target_4dB,4,CL,V_decision,logp_true_k4,-9.525029343718037
11,n01943899/ILSVRC2012_val_00005706_n01943899,target_4dB,4,CL,V_decision,logp_true_k4,-9.638609645053267
12,n01955084/ILSVRC2012_val_00001857_n01955084,target_4dB,4,CL,V_decision,logp_true_k4,-9.546616508767892
13,n01983481/ILSVRC2012_val_00019856_n01983481,target_4dB,4,CL,V_decision,logp_true_k4,-9.391836606696112
14,n02013706/ILSVRC2012_val_00003168_n02013706,target_4dB,4,CL,V_decision,logp_true_k4,-11.060795879624493
15,n02027492/ILSVRC2012_val_00007524_n02027492,target_4dB,4,CL,V_decision,logp_true_k4,-12.298651068840021
16,n02088094/ILSVRC2012_val_00005507_n02088094,target_4dB,4,CL,V_decision,logp_true_k4,-9.725319537586378
17,n02090622/ILSVRC2012_val_00006265_n02090622,target_4dB,4,CL,V_decision,logp_true_k4,-10.078809212722263
18,n02096177/ILSVRC2012_val_00019083_n02096177,target_4dB,4,CL,V_decision,logp_true_k4,-8.188359223121855
19,n02098286/ILSVRC2012_val_00038253_n02098286,target_4dB,4,CL,V_decision,logp_true_k4,-9.667458216263489
20,n02102480/ILSVRC2012_val_00010261_n02102480,target_4dB,4,CL,V_decision,logp_true_k4,-14.449872515299916
21,n02105641/ILSVRC2012_val_00018762_n02105641,target_4dB,4,CL,V_decision,logp_true_k4,-10.017497002729208
22,n02106550/ILSVRC2012_val_00014315_n02106550,target_4dB,4,CL,V_decision,logp_true_k4,-10.1361944399517
23,n02107683/ILSVRC2012_val_00010786_n02107683,target_4dB,4,CL,V_decision,logp_true_k4,-10.642777994275093
24,n02110806/ILSVRC2012_val_00030364_n02110806,target_4dB,4,CL,V_decision,logp_true_k4,-10.567346154876455
25,n02113799/ILSVRC2012_val_00007866_n02113799,target_4dB,4,CL,V_decision,logp_true_k4,-10.99888759342548
26,n02123159/ILSVRC2012_val_00025723_n02123159,target_4dB,4,CL,V_decision,logp_true_k4,-12.12432420347856
27,n02134084/ILSVRC2012_val_00020332_n02134084,target_4dB,4,CL,V_decision,logp_true_k4,-12.761746517791835
28,n02168699/ILSVRC2012_val_00040132_n02168699,target_4dB,4,CL,V_decision,logp_true_k4,-11.97695720956265
29,n02233338/ILSVRC2012_val_00016160_n02233338,target_4dB,4,CL,V_decision,logp_true_k4,-10.423586420904009
30,n02264363/ILSVRC2012_val_00027803_n02264363,target_4dB,4,CL,V_decision,logp_true_k4,-12.043170049243296
31,n02277742/ILSVRC2012_val_00015608_n02277742,target_4dB,4,CL,V_decision,logp_true_k4,-11.344013307449131
32,n02325366/ILSVRC2012_val_00024858_n02325366,target_4dB,4,CL,V_decision,logp_true_k4,-10.175318457130743
33,n02398521/ILSVRC2012_val_00018354_n02398521,target_4dB,4,CL,V_decision,logp_true_k4,-9.818136790277398
34,n02410509/ILSVRC2012_val_00022568_n02410509,target_4dB,4,CL,V_decision,logp_true_k4,-8.782547235920282
35,n02437312/ILSVRC2012_val_00006245_n02437312,target_4dB,4,CL,V_decision,logp_true_k4,-8.907357746656999
36,n02486410/ILSVRC2012_val_00009799_n02486410,target_4dB,4,CL,V_decision,logp_true_k4,-7.140460648903779
37,n02509815/ILSVRC2012_val_00014423_n02509815,target_4dB,4,CL,V_decision,logp_true_k4,-10.040964657984054
38,n02708093/ILSVRC2012_val_00024690_n02708093,target_4dB,4,CL,V_decision,logp_true_k4,-9.90914773440939
39,n02776631/ILSVRC2012_val_00028186_n02776631,target_4dB,4,CL,V_decision,logp_true_k4,-15.532423774362542
40,n02788148/ILSVRC2012_val_00012264_n02788148,target_4dB,4,CL,V_decision,logp_true_k4,-10.948752251844175
41,n02834397/ILSVRC2012_val_00010741_n02834397,target_4dB,4,CL,V_decision,logp_true_k4,-9.687203801076066
42,n02841315/ILSVRC2012_val_00014601_n02841315,target_4dB,4,CL,V_decision,logp_true_k4,-8.972559098309526
43,n02910353/ILSVRC2012_val_00017543_n02910353,target_4dB,4,CL,V_decision,logp_true_k4,-7.491685448185194
44,n02951585/ILSVRC2012_val_00008336_n02951585,target_4dB,4,CL,V_decision,logp_true_k4,-11.767902759968516
45,n02980441/ILSVRC2012_val_00023472_n02980441,target_4dB,4,CL,V_decision,logp_true_k4,-12.21861429450316
46,n03028079/ILSVRC2012_val_00031446_n03028079,target_4dB,4,CL,V_decision,logp_true_k4,-9.712641762909092
47,n03109150/ILSVRC2012_val_00032588_n03109150,target_4dB,4,CL,V_decision,logp_true_k4,-10.74173182528466
48,n03127747/ILSVRC2012_val_00003732_n03127747,target_4dB,4,CL,V_decision,logp_true_k4,-12.348992873646745
49,n03220513/ILSVRC2012_val_00006359_n03220513,target_4dB,4,CL,V_decision,logp_true_k4,-8.540539441883993
50,n03372029/ILSVRC2012_val_00034937_n03372029,target_4dB,4,CL,V_decision,logp_true_k4,-9.746442382757474
51,n03388549/ILSVRC2012_val_00022928_n03388549,target_4dB,4,CL,V_decision,logp_true_k4,-10.167443416090938
52,n03424325/ILSVRC2012_val_00006147_n03424325,target_4dB,4,CL,V_decision,logp_true_k4,-7.231734146012362
53,n03447721/ILSVRC2012_val_00006942_n03447721,target_4dB,4,CL,V_decision,logp_true_k4,-11.718902716420303
54,n03485794/ILSVRC2012_val_00010782_n03485794,target_4dB,4,CL,V_decision,logp_true_k4,-11.472702482648401
55,n03527444/ILSVRC2012_val_00035251_n03527444,target_4dB,4,CL,V_decision,logp_true_k4,-9.157749634542288
56,n03584254/ILSVRC2012_val_00016384_n03584254,target_4dB,4,CL,V_decision,logp_true_k4,-12.190037989523262
57,n03623198/ILSVRC2012_val_00019928_n03623198,target_4dB,4,CL,V_decision,logp_true_k4,-11.36225989425293
58,n03657121/ILSVRC2012_val_00000359_n03657121,target_4dB,4,CL,V_decision,logp_true_k4,-12.191244421837231
59,n03706229/ILSVRC2012_val_00017460_n03706229,target_4dB,4,CL,V_decision,logp_true_k4,-11.127738000827472
60,n03759954/ILSVRC2012_val_00010804_n03759954,target_4dB,4,CL,V_decision,logp_true_k4,-9.546639819129874
61,n03775071/ILSVRC2012_val_00002420_n03775071,target_4dB,4,CL,V_decision,logp_true_k4,-12.644265972828483
62,n03782006/ILSVRC2012_val_00004758_n03782006,target_4dB,4,CL,V_decision,logp_true_k4,-12.00406151123328
63,n03796401/ILSVRC2012_val_00025827_n03796401,target_4dB,4,CL,V_decision,logp_true_k4,-10.663539283908904
64,n03866082/ILSVRC2012_val_00003554_n03866082,target_4dB,4,CL,V_decision,logp_true_k4,-12.085989074076982
65,n03876231/ILSVRC2012_val_00022714_n03876231,target_4dB,4,CL,V_decision,logp_true_k4,-9.209031891368795
66,n03929660/ILSVRC2012_val_00012300_n03929660,target_4dB,4,CL,V_decision,logp_true_k4,-11.586780948874852
67,n03950228/ILSVRC2012_val_00019039_n03950228,target_4dB,4,CL,V_decision,logp_true_k4,-9.546296778993565
68,n03977966/ILSVRC2012_val_00027383_n03977966,target_4dB,4,CL,V_decision,logp_true_k4,-7.710648800693018
69,n03983396/ILSVRC2012_val_00012891_n03983396,target_4dB,4,CL,V_decision,logp_true_k4,-9.190365212269171
70,n04044716/ILSVRC2012_val_00039752_n04044716,target_4dB,4,CL,V_decision,logp_true_k4,-9.44164340190279
71,n04067472/ILSVRC2012_val_00007618_n04067472,target_4dB,4,CL,V_decision,logp_true_k4,-9.366596740818446
72,n04111531/ILSVRC2012_val_00013982_n04111531,target_4dB,4,CL,V_decision,logp_true_k4,-8.723624569202721
73,n04131690/ILSVRC2012_val_00002728_n04131690,target_4dB,4,CL,V_decision,logp_true_k4,-11.410474275642628
74,n04153751/ILSVRC2012_val_00008426_n04153751,target_4dB,4,CL,V_decision,logp_true_k4,-10.575495881959796
75,n04204347/ILSVRC2012_val_00018921_n04204347,target_4dB,4,CL,V_decision,logp_true_k4,-12.791941920761019
76,n04235860/ILSVRC2012_val_00004033_n04235860,target_4dB,4,CL,V_decision,logp_true_k4,-13.096417647049137
77,n04252077/ILSVRC2012_val_00012989_n04252077,target_4dB,4,CL,V_decision,logp_true_k4,-9.427021701808068
78,n04310018/ILSVRC2012_val_00003156_n04310018,target_4dB,4,CL,V_decision,logp_true_k4,-11.044539409683543
79,n04328186/ILSVRC2012_val_00014795_n04328186,target_4dB,4,CL,V_decision,logp_true_k4,-13.038206731279692
80,n04346328/ILSVRC2012_val_00003305_n04346328,target_4dB,4,CL,V_decision,logp_true_k4,-11.441130592953414
81,n04357314/ILSVRC2012_val_00009430_n04357314,target_4dB,4,CL,V_decision,logp_true_k4,-10.478372256722196
82,n04371774/ILSVRC2012_val_00030870_n04371774,target_4dB,4,CL,V_decision,logp_true_k4,-12.311819263578096
83,n04392985/ILSVRC2012_val_00029362_n04392985,target_4dB,4,CL,V_decision,logp_true_k4,-8.675713530852931
84,n04456115/ILSVRC2012_val_00002331_n04456115,target_4dB,4,CL,V_decision,logp_true_k4,-13.470677509903444
85,n04485082/ILSVRC2012_val_00000955_n04485082,target_4dB,4,CL,V_decision,logp_true_k4,-9.853687724270761
86,n04515003/ILSVRC2012_val_00002400_n04515003,target_4dB,4,CL,V_decision,logp_true_k4,-12.572444364477027
87,n04540053/ILSVRC2012_val_00007665_n04540053,target_4dB,4,CL,V_decision,logp_true_k4,-10.505749691583333
88,n04560804/ILSVRC2012_val_00029830_n04560804,target_4dB,4,CL,V_decision,logp_true_k4,-9.678134236913516
89,n04596742/ILSVRC2012_val_00007608_n04596742,target_4dB,4,CL,V_decision,logp_true_k4,-8.138627894601086
90,n07583066/ILSVRC2012_val_00001378_n07583066,target_4dB,4,CL,V_decision,logp_true_k4,-11.265832198116792
91,n07590611/ILSVRC2012_val_00030972_n07590611,target_4dB,4,CL,V_decision,logp_true_k4,-10.139904642914795
92,n07714990/ILSVRC2012_val_00008416_n07714990,target_4dB,4,CL,V_decision,logp_true_k4,-9.220105007287202
93,n07716906/ILSVRC2012_val_00011140_n07716906,target_4dB,4,CL,V_decision,logp_true_k4,-9.387606453761691
94,n07720875/ILSVRC2012_val_00000423_n07720875,target_4dB,4,CL,V_decision,logp_true_k4,-11.09965422907347
95,n07860988/ILSVRC2012_val_00010848_n07860988,target_4dB,4,CL,V_decision,logp_true_k4,-10.79040205575681
96,n09288635/ILSVRC2012_val_00001270_n09288635,target_4dB,4,CL,V_decision,logp_true_k4,-8.781081863058148
97,n09468604/ILSVRC2012_val_00030741_n09468604,target_4dB,4,CL,V_decision,logp_true_k4,-11.560429479092514
98,n11939491/ILSVRC2012_val_00034896_n11939491,target_4dB,4,CL,V_decision,logp_true_k4,-10.267976506812658
99,n15075141/ILSVRC2012_val_00005846_n15075141,target_4dB,4,CL,V_decision,logp_true_k4,-9.452446967276652
0,n01440764/ILSVRC2012_val_00003014_n01440764,target_4dB,4,CL,V_decision,entropy_k4,0.6978099672857031
1,n01601694/ILSVRC2012_val_00021656_n01601694,target_4dB,4,CL,V_decision,entropy_k4,0.8335747642181243
2,n01664065/ILSVRC2012_val_00014316_n01664065,target_4dB,4,CL,V_decision,entropy_k4,0.7556125924251917
3,n01689811/ILSVRC2012_val_00020598_n01689811,target_4dB,4,CL,V_decision,entropy_k4,0.8288610765478491
4,n01735189/ILSVRC2012_val_00006699_n01735189,target_4dB,4,CL,V_decision,entropy_k4,0.8419356346325565
5,n01744401/ILSVRC2012_val_00032663_n01744401,target_4dB,4,CL,V_decision,entropy_k4,1.0553888371130367
6,n01751748/ILSVRC2012_val_00033157_n01751748,target_4dB,4,CL,V_decision,entropy_k4,1.1675734758313312
7,n01775062/ILSVRC2012_val_00036589_n01775062,target_4dB,4,CL,V_decision,entropy_k4,0.9430887419838542
8,n01843383/ILSVRC2012_val_00005901_n01843383,target_4dB,4,CL,V_decision,entropy_k4,0.6607542350242213
9,n01860187/ILSVRC2012_val_00021594_n01860187,target_4dB,4,CL,V_decision,entropy_k4,0.7132371039728355
10,n01882714/ILSVRC2012_val_00019996_n01882714,target_4dB,4,CL,V_decision,entropy_k4,0.6561429707516507
11,n01943899/ILSVRC2012_val_00005706_n01943899,target_4dB,4,CL,V_decision,entropy_k4,0.7851670375239258
12,n01955084/ILSVRC2012_val_00001857_n01955084,target_4dB,4,CL,V_decision,entropy_k4,0.5648693817716712
13,n01983481/ILSVRC2012_val_00019856_n01983481,target_4dB,4,CL,V_decision,entropy_k4,0.7188400942524146
14,n02013706/ILSVRC2012_val_00003168_n02013706,target_4dB,4,CL,V_decision,entropy_k4,0.8204214349024047
15,n02027492/ILSVRC2012_val_00007524_n02027492,target_4dB,4,CL,V_decision,entropy_k4,0.6832552452108325
16,n02088094/ILSVRC2012_val_00005507_n02088094,target_4dB,4,CL,V_decision,entropy_k4,0.7573535787688642
17,n02090622/ILSVRC2012_val_00006265_n02090622,target_4dB,4,CL,V_decision,entropy_k4,0.9578317813104013
18,n02096177/ILSVRC2012_val_00019083_n02096177,target_4dB,4,CL,V_decision,entropy_k4,0.859633041722433
19,n02098286/ILSVRC2012_val_00038253_n02098286,target_4dB,4,CL,V_decision,entropy_k4,0.7846561298896964
20,n02102480/ILSVRC2012_val_00010261_n02102480,target_4dB,4,CL,V_decision,entropy_k4,0.8340014413237874
21,n02105641/ILSVRC2012_val_00018762_n02105641,target_4dB,4,CL,V_decision,entropy_k4,0.7248537807191516
22,n02106550/ILSVRC2012_val_00014315_n02106550,target_4dB,4,CL,V_decision,entropy_k4,0.7070747536894159
23,n02107683/ILSVRC2012_val_00010786_n02107683,target_4dB,4,CL,V_decision,entropy_k4,0.9657264669726908
24,n02110806/ILSVRC2012_val_00030364_n02110806,target_4dB,4,CL,V_decision,entropy_k4,0.7033441307231879
25,n02113799/ILSVRC2012_val_00007866_n02113799,target_4dB,4,CL,V_decision,entropy_k4,0.729168010378872
26,n02123159/ILSVRC2012_val_00025723_n02123159,target_4dB,4,CL,V_decision,entropy_k4,0.5569075297825509
27,n02134084/ILSVRC2012_val_00020332_n02134084,target_4dB,4,CL,V_decision,entropy_k4,0.7119400461908608
28,n02168699/ILSVRC2012_val_00040132_n02168699,target_4dB,4,CL,V_decision,entropy_k4,0.9512109533578624
29,n02233338/ILSVRC2012_val_00016160_n02233338,target_4dB,4,CL,V_decision,entropy_k4,0.7728522751097046
30,n02264363/ILSVRC2012_val_00027803_n02264363,target_4dB,4,CL,V_decision,entropy_k4,1.141061923605887
31,n02277742/ILSVRC2012_val_00015608_n02277742,target_4dB,4,CL,V_decision,entropy_k4,0.8534902077461041
32,n02325366/ILSVRC2012_val_00024858_n02325366,target_4dB,4,CL,V_decision,entropy_k4,0.6092884884573078
33,n02398521/ILSVRC2012_val_00018354_n02398521,target_4dB,4,CL,V_decision,entropy_k4,0.990508904373332
34,n02410509/ILSVRC2012_val_00022568_n02410509,target_4dB,4,CL,V_decision,entropy_k4,0.8072194516134394
35,n02437312/ILSVRC2012_val_00006245_n02437312,target_4dB,4,CL,V_decision,entropy_k4,0.8738676266190852
36,n02486410/ILSVRC2012_val_00009799_n02486410,target_4dB,4,CL,V_decision,entropy_k4,0.9487123145654947
37,n02509815/ILSVRC2012_val_00014423_n02509815,target_4dB,4,CL,V_decision,entropy_k4,0.7776575669997782
38,n02708093/ILSVRC2012_val_00024690_n02708093,target_4dB,4,CL,V_decision,entropy_k4,0.6431055214123228
39,n02776631/ILSVRC2012_val_00028186_n02776631,target_4dB,4,CL,V_decision,entropy_k4,0.6626799159909845
40,n02788148/ILSVRC2012_val_00012264_n02788148,target_4dB,4,CL,V_decision,entropy_k4,0.7542995260412432
41,n02834397/ILSVRC2012_val_00010741_n02834397,target_4dB,4,CL,V_decision,entropy_k4,0.9004046781062591
42,n02841315/ILSVRC2012_val_00014601_n02841315,target_4dB,4,CL,V_decision,entropy_k4,0.8011308158371945
43,n02910353/ILSVRC2012_val_00017543_n02910353,target_4dB,4,CL,V_decision,entropy_k4,0.7848932957184179
44,n02951585/ILSVRC2012_val_00008336_n02951585,target_4dB,4,CL,V_decision,entropy_k4,0.7921943244485575
45,n02980441/ILSVRC2012_val_00023472_n02980441,target_4dB,4,CL,V_decision,entropy_k4,0.9000498306266582
46,n03028079/ILSVRC2012_val_00031446_n03028079,target_4dB,4,CL,V_decision,entropy_k4,0.7888935252815982
47,n03109150/ILSVRC2012_val_00032588_n03109150,target_4dB,4,CL,V_decision,entropy_k4,1.0631131478231926
48,n03127747/ILSVRC2012_val_00003732_n03127747,target_4dB,4,CL,V_decision,entropy_k4,0.7944557683559917
49,n03220513/ILSVRC2012_val_00006359_n03220513,target_4dB,4,CL,V_decision,entropy_k4,0.8352432243554947
50,n03372029/ILSVRC2012_val_00034937_n03372029,target_4dB,4,CL,V_decision,entropy_k4,0.7535730923357399
51,n03388549/ILSVRC2012_val_00022928_n03388549,target_4dB,4,CL,V_decision,entropy_k4,0.6950639692132641
52,n03424325/ILSVRC2012_val_00006147_n03424325,target_4dB,4,CL,V_decision,entropy_k4,0.6755295491348271
53,n03447721/ILSVRC2012_val_00006942_n03447721,target_4dB,4,CL,V_decision,entropy_k4,0.5838221954650445
54,n03485794/ILSVRC2012_val_00010782_n03485794,target_4dB,4,CL,V_decision,entropy_k4,0.9547757844755728
55,n03527444/ILSVRC2012_val_00035251_n03527444,target_4dB,4,CL,V_decision,entropy_k4,0.7085620519352963
56,n03584254/ILSVRC2012_val_00016384_n03584254,target_4dB,4,CL,V_decision,entropy_k4,1.0441770782887552
57,n03623198/ILSVRC2012_val_00019928_n03623198,target_4dB,4,CL,V_decision,entropy_k4,0.8459341683380693
58,n03657121/ILSVRC2012_val_00000359_n03657121,target_4dB,4,CL,V_decision,entropy_k4,1.1294792867881631
59,n03706229/ILSVRC2012_val_00017460_n03706229,target_4dB,4,CL,V_decision,entropy_k4,0.9356642755874266
60,n03759954/ILSVRC2012_val_00010804_n03759954,target_4dB,4,CL,V_decision,entropy_k4,0.6733788399133108
61,n03775071/ILSVRC2012_val_00002420_n03775071,target_4dB,4,CL,V_decision,entropy_k4,0.9238285233760225
62,n03782006/ILSVRC2012_val_00004758_n03782006,target_4dB,4,CL,V_decision,entropy_k4,0.8318553150752193
63,n03796401/ILSVRC2012_val_00025827_n03796401,target_4dB,4,CL,V_decision,entropy_k4,0.8711181485243041
64,n03866082/ILSVRC2012_val_00003554_n03866082,target_4dB,4,CL,V_decision,entropy_k4,0.7163885586608426
65,n03876231/ILSVRC2012_val_00022714_n03876231,target_4dB,4,CL,V_decision,entropy_k4,0.8393243166374093
66,n03929660/ILSVRC2012_val_00012300_n03929660,target_4dB,4,CL,V_decision,entropy_k4,1.193016198049468
67,n03950228/ILSVRC2012_val_00019039_n03950228,target_4dB,4,CL,V_decision,entropy_k4,0.8073146323878787
68,n03977966/ILSVRC2012_val_00027383_n03977966,target_4dB,4,CL,V_decision,entropy_k4,0.7436246702922769
69,n03983396/ILSVRC2012_val_00012891_n03983396,target_4dB,4,CL,V_decision,entropy_k4,0.6596983337553374
70,n04044716/ILSVRC2012_val_00039752_n04044716,target_4dB,4,CL,V_decision,entropy_k4,1.2105147672947822
71,n04067472/ILSVRC2012_val_00007618_n04067472,target_4dB,4,CL,V_decision,entropy_k4,0.7079776722201826
72,n04111531/ILSVRC2012_val_00013982_n04111531,target_4dB,4,CL,V_decision,entropy_k4,0.732255779406224
73,n04131690/ILSVRC2012_val_00002728_n04131690,target_4dB,4,CL,V_decision,entropy_k4,0.856084589127875
74,n04153751/ILSVRC2012_val_00008426_n04153751,target_4dB,4,CL,V_decision,entropy_k4,1.2335856292086897
75,n04204347/ILSVRC2012_val_00018921_n04204347,target_4dB,4,CL,V_decision,entropy_k4,0.9633099893738996
76,n04235860/ILSVRC2012_val_00004033_n04235860,target_4dB,4,CL,V_decision,entropy_k4,0.7084917017332638
77,n04252077/ILSVRC2012_val_00012989_n04252077,target_4dB,4,CL,V_decision,entropy_k4,0.7766926452455826
78,n04310018/ILSVRC2012_val_00003156_n04310018,target_4dB,4,CL,V_decision,entropy_k4,0.8441148547742352
79,n04328186/ILSVRC2012_val_00014795_n04328186,target_4dB,4,CL,V_decision,entropy_k4,0.9814771666518172
80,n04346328/ILSVRC2012_val_00003305_n04346328,target_4dB,4,CL,V_decision,entropy_k4,0.7911389872941855
81,n04357314/ILSVRC2012_val_00009430_n04357314,target_4dB,4,CL,V_decision,entropy_k4,0.7073174362536073
82,n04371774/ILSVRC2012_val_00030870_n04371774,target_4dB,4,CL,V_decision,entropy_k4,0.8645354978726149
83,n04392985/ILSVRC2012_val_00029362_n04392985,target_4dB,4,CL,V_decision,entropy_k4,0.9637499932465223
84,n04456115/ILSVRC2012_val_00002331_n04456115,target_4dB,4,CL,V_decision,entropy_k4,0.7309471552649575
85,n04485082/ILSVRC2012_val_00000955_n04485082,target_4dB,4,CL,V_decision,entropy_k4,0.628495565869039
86,n04515003/ILSVRC2012_val_00002400_n04515003,target_4dB,4,CL,V_decision,entropy_k4,0.9397812939982626
87,n04540053/ILSVRC2012_val_00007665_n04540053,target_4dB,4,CL,V_decision,entropy_k4,0.6189574542505946
88,n04560804/ILSVRC2012_val_00029830_n04560804,target_4dB,4,CL,V_decision,entropy_k4,0.5832660378957645
89,n04596742/ILSVRC2012_val_00007608_n04596742,target_4dB,4,CL,V_decision,entropy_k4,0.6816217723262102
90,n07583066/ILSVRC2012_val_00001378_n07583066,target_4dB,4,CL,V_decision,entropy_k4,0.7697705153696109
91,n07590611/ILSVRC2012_val_00030972_n07590611,target_4dB,4,CL,V_decision,entropy_k4,0.7395847001471983
92,n07714990/ILSVRC2012_val_00008416_n07714990,target_4dB,4,CL,V_decision,entropy_k4,0.7869953395985977
93,n07716906/ILSVRC2012_val_00011140_n07716906,target_4dB,4,CL,V_decision,entropy_k4,0.7119934881283062
94,n07720875/ILSVRC2012_val_00000423_n07720875,target_4dB,4,CL,V_decision,entropy_k4,0.7300080311266147
95,n07860988/ILSVRC2012_val_00010848_n07860988,target_4dB,4,CL,V_decision,entropy_k4,0.8276693926752333
96,n09288635/ILSVRC2012_val_00001270_n09288635,target_4dB,4,CL,V_decision,entropy_k4,1.0307113543206183
97,n09468604/ILSVRC2012_val_00030741_n09468604,target_4dB,4,CL,V_decision,entropy_k4,0.6144668052737797
98,n11939491/ILSVRC2012_val_00034896_n11939491,target_4dB,4,CL,V_decision,entropy_k4,0.7672519033063975
99,n15075141/ILSVRC2012_val_00005846_n15075141,target_4dB,4,CL,V_decision,entropy_k4,0.6900383824653948
0,n01440764/ILSVRC2012_val_00003014_n01440764,target_4dB,4,CL,V_decision,path_accuracy_k4,0.375
1,n01601694/ILSVRC2012_val_00021656_n01601694,target_4dB,4,CL,V_decision,path_accuracy_k4,0.25
2,n01664065/ILSVRC2012_val_00014316_n01664065,target_4dB,4,CL,V_decision,path_accuracy_k4,0.3958333333333333
3,n01689811/ILSVRC2012_val_00020598_n01689811,target_4dB,4,CL,V_decision,path_accuracy_k4,0.3333333333333333
4,n01735189/ILSVRC2012_val_00006699_n01735189,target_4dB,4,CL,V_decision,path_accuracy_k4,0.20833333333333334
5,n01744401/ILSVRC2012_val_00032663_n01744401,target_4dB,4,CL,V_decision,path_accuracy_k4,0.125
6,n01751748/ILSVRC2012_val_00033157_n01751748,target_4dB,4,CL,V_decision,path_accuracy_k4,0.125
7,n01775062/ILSVRC2012_val_00036589_n01775062,target_4dB,4,CL,V_decision,path_accuracy_k4,0.22916666666666666
8,n01843383/ILSVRC2012_val_00005901_n01843383,target_4dB,4,CL,V_decision,path_accuracy_k4,0.2708333333333333
9,n01860187/ILSVRC2012_val_00021594_n01860187,target_4dB,4,CL,V_decision,path_accuracy_k4,0.3333333333333333
10,n01882714/ILSVRC2012_val_00019996_n01882714,target_4dB,4,CL,V_decision,path_accuracy_k4,0.375
11,n01943899/ILSVRC2012_val_00005706_n01943899,target_4dB,4,CL,V_decision,path_accuracy_k4,0.22916666666666666
12,n01955084/ILSVRC2012_val_00001857_n01955084,target_4dB,4,CL,V_decision,path_accuracy_k4,0.2708333333333333
13,n01983481/ILSVRC2012_val_00019856_n01983481,target_4dB,4,CL,V_decision,path_accuracy_k4,0.22916666666666666
14,n02013706/ILSVRC2012_val_00003168_n02013706,target_4dB,4,CL,V_decision,path_accuracy_k4,0.1875
15,n02027492/ILSVRC2012_val_00007524_n02027492,target_4dB,4,CL,V_decision,path_accuracy_k4,0.2916666666666667
16,n02088094/ILSVRC2012_val_00005507_n02088094,target_4dB,4,CL,V_decision,path_accuracy_k4,0.22916666666666666
17,n02090622/ILSVRC2012_val_00006265_n02090622,target_4dB,4,CL,V_decision,path_accuracy_k4,0.20833333333333334
18,n02096177/ILSVRC2012_val_00019083_n02096177,target_4dB,4,CL,V_decision,path_accuracy_k4,0.22916666666666666
19,n02098286/ILSVRC2012_val_00038253_n02098286,target_4dB,4,CL,V_decision,path_accuracy_k4,0.2708333333333333
20,n02102480/ILSVRC2012_val_00010261_n02102480,target_4dB,4,CL,V_decision,path_accuracy_k4,0.3125
21,n02105641/ILSVRC2012_val_00018762_n02105641,target_4dB,4,CL,V_decision,path_accuracy_k4,0.25
22,n02106550/ILSVRC2012_val_00014315_n02106550,target_4dB,4,CL,V_decision,path_accuracy_k4,0.125
23,n02107683/ILSVRC2012_val_00010786_n02107683,target_4dB,4,CL,V_decision,path_accuracy_k4,0.1875
24,n02110806/ILSVRC2012_val_00030364_n02110806,target_4dB,4,CL,V_decision,path_accuracy_k4,0.3541666666666667
25,n02113799/ILSVRC2012_val_00007866_n02113799,target_4dB,4,CL,V_decision,path_accuracy_k4,0.3125
26,n02123159/ILSVRC2012_val_00025723_n02123159,target_4dB,4,CL,V_decision,path_accuracy_k4,0.3125
27,n02134084/ILSVRC2012_val_00020332_n02134084,target_4dB,4,CL,V_decision,path_accuracy_k4,0.25
28,n02168699/ILSVRC2012_val_00040132_n02168699,target_4dB,4,CL,V_decision,path_accuracy_k4,0.22916666666666666
29,n02233338/ILSVRC2012_val_00016160_n02233338,target_4dB,4,CL,V_decision,path_accuracy_k4,0.20833333333333334
30,n02264363/ILSVRC2012_val_00027803_n02264363,target_4dB,4,CL,V_decision,path_accuracy_k4,0.1875
31,n02277742/ILSVRC2012_val_00015608_n02277742,target_4dB,4,CL,V_decision,path_accuracy_k4,0.22916666666666666
32,n02325366/ILSVRC2012_val_00024858_n02325366,target_4dB,4,CL,V_decision,path_accuracy_k4,0.25
33,n02398521/ILSVRC2012_val_00018354_n02398521,target_4dB,4,CL,V_decision,path_accuracy_k4,0.16666666666666666
34,n02410509/ILSVRC2012_val_00022568_n02410509,target_4dB,4,CL,V_decision,path_accuracy_k4,0.3333333333333333
35,n02437312/ILSVRC2012_val_00006245_n02437312,target_4dB,4,CL,V_decision,path_accuracy_k4,0.20833333333333334
36,n02486410/ILSVRC2012_val_00009799_n02486410,target_4dB,4,CL,V_decision,path_accuracy_k4,0.22916666666666666
37,n02509815/ILSVRC2012_val_00014423_n02509815,target_4dB,4,CL,V_decision,path_accuracy_k4,0.2916666666666667
38,n02708093/ILSVRC2012_val_00024690_n02708093,target_4dB,4,CL,V_decision,path_accuracy_k4,0.20833333333333334
39,n02776631/ILSVRC2012_val_00028186_n02776631,target_4dB,4,CL,V_decision,path_accuracy_k4,0.14583333333333334
40,n02788148/ILSVRC2012_val_00012264_n02788148,target_4dB,4,CL,V_decision,path_accuracy_k4,0.3125
41,n02834397/ILSVRC2012_val_00010741_n02834397,target_4dB,4,CL,V_decision,path_accuracy_k4,0.3541666666666667
42,n02841315/ILSVRC2012_val_00014601_n02841315,target_4dB,4,CL,V_decision,path_accuracy_k4,0.3541666666666667
43,n02910353/ILSVRC2012_val_00017543_n02910353,target_4dB,4,CL,V_decision,path_accuracy_k4,0.3333333333333333
44,n02951585/ILSVRC2012_val_00008336_n02951585,target_4dB,4,CL,V_decision,path_accuracy_k4,0.1875
45,n02980441/ILSVRC2012_val_00023472_n02980441,target_4dB,4,CL,V_decision,path_accuracy_k4,0.3541666666666667
46,n03028079/ILSVRC2012_val_00031446_n03028079,target_4dB,4,CL,V_decision,path_accuracy_k4,0.20833333333333334
47,n03109150/ILSVRC2012_val_00032588_n03109150,target_4dB,4,CL,V_decision,path_accuracy_k4,0.14583333333333334
48,n03127747/ILSVRC2012_val_00003732_n03127747,target_4dB,4,CL,V_decision,path_accuracy_k4,0.1875
49,n03220513/ILSVRC2012_val_00006359_n03220513,target_4dB,4,CL,V_decision,path_accuracy_k4,0.1875
50,n03372029/ILSVRC2012_val_00034937_n03372029,target_4dB,4,CL,V_decision,path_accuracy_k4,0.2916666666666667
51,n03388549/ILSVRC2012_val_00022928_n03388549,target_4dB,4,CL,V_decision,path_accuracy_k4,0.4375
52,n03424325/ILSVRC2012_val_00006147_n03424325,target_4dB,4,CL,V_decision,path_accuracy_k4,0.3125
53,n03447721/ILSVRC2012_val_00006942_n03447721,target_4dB,4,CL,V_decision,path_accuracy_k4,0.25
54,n03485794/ILSVRC2012_val_00010782_n03485794,target_4dB,4,CL,V_decision,path_accuracy_k4,0.20833333333333334
55,n03527444/ILSVRC2012_val_00035251_n03527444,target_4dB,4,CL,V_decision,path_accuracy_k4,0.2708333333333333
56,n03584254/ILSVRC2012_val_00016384_n03584254,target_4dB,4,CL,V_decision,path_accuracy_k4,0.125
57,n03623198/ILSVRC2012_val_00019928_n03623198,target_4dB,4,CL,V_decision,path_accuracy_k4,0.2708333333333333
58,n03657121/ILSVRC2012_val_00000359_n03657121,target_4dB,4,CL,V_decision,path_accuracy_k4,0.20833333333333334
59,n03706229/ILSVRC2012_val_00017460_n03706229,target_4dB,4,CL,V_decision,path_accuracy_k4,0.1875
60,n03759954/ILSVRC2012_val_00010804_n03759954,target_4dB,4,CL,V_decision,path_accuracy_k4,0.3125
61,n03775071/ILSVRC2012_val_00002420_n03775071,target_4dB,4,CL,V_decision,path_accuracy_k4,0.1875
62,n03782006/ILSVRC2012_val_00004758_n03782006,target_4dB,4,CL,V_decision,path_accuracy_k4,0.1875
63,n03796401/ILSVRC2012_val_00025827_n03796401,target_4dB,4,CL,V_decision,path_accuracy_k4,0.16666666666666666
64,n03866082/ILSVRC2012_val_00003554_n03866082,target_4dB,4,CL,V_decision,path_accuracy_k4,0.2916666666666667
65,n03876231/ILSVRC2012_val_00022714_n03876231,target_4dB,4,CL,V_decision,path_accuracy_k4,0.125
66,n03929660/ILSVRC2012_val_00012300_n03929660,target_4dB,4,CL,V_decision,path_accuracy_k4,0.20833333333333334
67,n03950228/ILSVRC2012_val_00019039_n03950228,target_4dB,4,CL,V_decision,path_accuracy_k4,0.2708333333333333
68,n03977966/ILSVRC2012_val_00027383_n03977966,target_4dB,4,CL,V_decision,path_accuracy_k4,0.375
69,n03983396/ILSVRC2012_val_00012891_n03983396,target_4dB,4,CL,V_decision,path_accuracy_k4,0.14583333333333334
70,n04044716/ILSVRC2012_val_00039752_n04044716,target_4dB,4,CL,V_decision,path_accuracy_k4,0.25
71,n04067472/ILSVRC2012_val_00007618_n04067472,target_4dB,4,CL,V_decision,path_accuracy_k4,0.3333333333333333
72,n04111531/ILSVRC2012_val_00013982_n04111531,target_4dB,4,CL,V_decision,path_accuracy_k4,0.3541666666666667
73,n04131690/ILSVRC2012_val_00002728_n04131690,target_4dB,4,CL,V_decision,path_accuracy_k4,0.2708333333333333
74,n04153751/ILSVRC2012_val_00008426_n04153751,target_4dB,4,CL,V_decision,path_accuracy_k4,0.20833333333333334
75,n04204347/ILSVRC2012_val_00018921_n04204347,target_4dB,4,CL,V_decision,path_accuracy_k4,0.1875
76,n04235860/ILSVRC2012_val_00004033_n04235860,target_4dB,4,CL,V_decision,path_accuracy_k4,0.2708333333333333
77,n04252077/ILSVRC2012_val_00012989_n04252077,target_4dB,4,CL,V_decision,path_accuracy_k4,0.22916666666666666
78,n04310018/ILSVRC2012_val_00003156_n04310018,target_4dB,4,CL,V_decision,path_accuracy_k4,0.3541666666666667
79,n04328186/ILSVRC2012_val_00014795_n04328186,target_4dB,4,CL,V_decision,path_accuracy_k4,0.20833333333333334
80,n04346328/ILSVRC2012_val_00003305_n04346328,target_4dB,4,CL,V_decision,path_accuracy_k4,0.2916666666666667
81,n04357314/ILSVRC2012_val_00009430_n04357314,target_4dB,4,CL,V_decision,path_accuracy_k4,0.2708333333333333
82,n04371774/ILSVRC2012_val_00030870_n04371774,target_4dB,4,CL,V_decision,path_accuracy_k4,0.20833333333333334
83,n04392985/ILSVRC2012_val_00029362_n04392985,target_4dB,4,CL,V_decision,path_accuracy_k4,0.25
84,n04456115/ILSVRC2012_val_00002331_n04456115,target_4dB,4,CL,V_decision,path_accuracy_k4,0.1875
85,n04485082/ILSVRC2012_val_00000955_n04485082,target_4dB,4,CL,V_decision,path_accuracy_k4,0.2708333333333333
86,n04515003/ILSVRC2012_val_00002400_n04515003,target_4dB,4,CL,V_decision,path_accuracy_k4,0.2708333333333333
87,n04540053/ILSVRC2012_val_00007665_n04540053,target_4dB,4,CL,V_decision,path_accuracy_k4,0.3125
88,n04560804/ILSVRC2012_val_00029830_n04560804,target_4dB,4,CL,V_decision,path_accuracy_k4,0.3333333333333333
89,n04596742/ILSVRC2012_val_00007608_n04596742,target_4dB,4,CL,V_decision,path_accuracy_k4,0.2916666666666667
90,n07583066/ILSVRC2012_val_00001378_n07583066,target_4dB,4,CL,V_decision,path_accuracy_k4,0.1875
91,n07590611/ILSVRC2012_val_00030972_n07590611,target_4dB,4,CL,V_decision,path_accuracy_k4,0.2708333333333333
92,n07714990/ILSVRC2012_val_00008416_n07714990,target_4dB,4,CL,V_decision,path_accuracy_k4,0.3125
93,n07716906/ILSVRC2012_val_00011140_n07716906,target_4dB,4,CL,V_decision,path_accuracy_k4,0.25
94,n07720875/ILSVRC2012_val_00000423_n07720875,target_4dB,4,CL,V_decision,path_accuracy_k4,0.16666666666666666
95,n07860988/ILSVRC2012_val_00010848_n07860988,target_4dB,4,CL,V_decision,path_accuracy_k4,0.22916666666666666
96,n09288635/ILSVRC2012_val_00001270_n09288635,target_4dB,4,CL,V_decision,path_accuracy_k4,0.20833333333333334
97,n09468604/ILSVRC2012_val_00030741_n09468604,target_4dB,4,CL,V_decision,path_accuracy_k4,0.3125
98,n11939491/ILSVRC2012_val_00034896_n11939491,target_4dB,4,CL,V_decision,path_accuracy_k4,0.25
99,n15075141/ILSVRC2012_val_00005846_n15075141,target_4dB,4,CL,V_decision,path_accuracy_k4,0.3125
0,n01440764/ILSVRC2012_val_00003014_n01440764,target_4dB,4,CL,V_decision,acc_k5,0.08
1,n01601694/ILSVRC2012_val_00021656_n01601694,target_4dB,4,CL,V_decision,acc_k5,0.04
2,n01664065/ILSVRC2012_val_00014316_n01664065,target_4dB,4,CL,V_decision,acc_k5,0.05333333333333334
3,n01689811/ILSVRC2012_val_00020598_n01689811,target_4dB,4,CL,V_decision,acc_k5,0.10666666666666667
4,n01735189/ILSVRC2012_val_00006699_n01735189,target_4dB,4,CL,V_decision,acc_k5,0.06666666666666667
5,n01744401/ILSVRC2012_val_00032663_n01744401,target_4dB,4,CL,V_decision,acc_k5,0.05333333333333334
6,n01751748/ILSVRC2012_val_00033157_n01751748,target_4dB,4,CL,V_decision,acc_k5,0.04
7,n01775062/ILSVRC2012_val_00036589_n01775062,target_4dB,4,CL,V_decision,acc_k5,0.05333333333333334
8,n01843383/ILSVRC2012_val_00005901_n01843383,target_4dB,4,CL,V_decision,acc_k5,0.08
9,n01860187/ILSVRC2012_val_00021594_n01860187,target_4dB,4,CL,V_decision,acc_k5,0.09333333333333334
10,n01882714/ILSVRC2012_val_00019996_n01882714,target_4dB,4,CL,V_decision,acc_k5,0.05333333333333334
11,n01943899/ILSVRC2012_val_00005706_n01943899,target_4dB,4,CL,V_decision,acc_k5,0.08
12,n01955084/ILSVRC2012_val_00001857_n01955084,target_4dB,4,CL,V_decision,acc_k5,0.06666666666666667
13,n01983481/ILSVRC2012_val_00019856_n01983481,target_4dB,4,CL,V_decision,acc_k5,0.09333333333333334
14,n02013706/ILSVRC2012_val_00003168_n02013706,target_4dB,4,CL,V_decision,acc_k5,0.06666666666666667
15,n02027492/ILSVRC2012_val_00007524_n02027492,target_4dB,4,CL,V_decision,acc_k5,0.09333333333333334
16,n02088094/ILSVRC2012_val_00005507_n02088094,target_4dB,4,CL,V_decision,acc_k5,0.04
17,n02090622/ILSVRC2012_val_00006265_n02090622,target_4dB,4,CL,V_decision,acc_k5,0.06666666666666667
18,n02096177/ILSVRC2012_val_00019083_n02096177,target_4dB,4,CL,V_decision,acc_k5,0.08
19,n02098286/ILSVRC2012_val_00038253_n02098286,target_4dB,4,CL,V_decision,acc_k5,0.05333333333333334
20,n02102480/ILSVRC2012_val_00010261_n02102480,target_4dB,4,CL,V_decision,acc_k5,0.06666666666666667
21,n02105641/ILSVRC2012_val_00018762_n02105641,target_4dB,4,CL,V_decision,acc_k5,0.10666666666666667
22,n02106550/ILSVRC2012_val_00014315_n02106550,target_4dB,4,CL,V_decision,acc_k5,0.08
23,n02107683/ILSVRC2012_val_00010786_n02107683,target_4dB,4,CL,V_decision,acc_k5,0.013333333333333334
24,n02110806/ILSVRC2012_val_00030364_n02110806,target_4dB,4,CL,V_decision,acc_k5,0.05333333333333334
25,n02113799/ILSVRC2012_val_00007866_n02113799,target_4dB,4,CL,V_decision,acc_k5,0.10666666666666667
26,n02123159/ILSVRC2012_val_00025723_n02123159,target_4dB,4,CL,V_decision,acc_k5,0.05333333333333334
27,n02134084/ILSVRC2012_val_00020332_n02134084,target_4dB,4,CL,V_decision,acc_k5,0.04
28,n02168699/ILSVRC2012_val_00040132_n02168699,target_4dB,4,CL,V_decision,acc_k5,0.02666666666666667
29,n02233338/ILSVRC2012_val_00016160_n02233338,target_4dB,4,CL,V_decision,acc_k5,0.08
30,n02264363/ILSVRC2012_val_00027803_n02264363,target_4dB,4,CL,V_decision,acc_k5,0.05333333333333334
31,n02277742/ILSVRC2012_val_00015608_n02277742,target_4dB,4,CL,V_decision,acc_k5,0.06666666666666667
32,n02325366/ILSVRC2012_val_00024858_n02325366,target_4dB,4,CL,V_decision,acc_k5,0.12
33,n02398521/ILSVRC2012_val_00018354_n02398521,target_4dB,4,CL,V_decision,acc_k5,0.04
34,n02410509/ILSVRC2012_val_00022568_n02410509,target_4dB,4,CL,V_decision,acc_k5,0.08
35,n02437312/ILSVRC2012_val_00006245_n02437312,target_4dB,4,CL,V_decision,acc_k5,0.04
36,n02486410/ILSVRC2012_val_00009799_n02486410,target_4dB,4,CL,V_decision,acc_k5,0.04
37,n02509815/ILSVRC2012_val_00014423_n02509815,target_4dB,4,CL,V_decision,acc_k5,0.013333333333333334
38,n02708093/ILSVRC2012_val_00024690_n02708093,target_4dB,4,CL,V_decision,acc_k5,0.02666666666666667
39,n02776631/ILSVRC2012_val_00028186_n02776631,target_4dB,4,CL,V_decision,acc_k5,0.05333333333333334
40,n02788148/ILSVRC2012_val_00012264_n02788148,target_4dB,4,CL,V_decision,acc_k5,0.09333333333333334
41,n02834397/ILSVRC2012_val_00010741_n02834397,target_4dB,4,CL,V_decision,acc_k5,0.09333333333333334
42,n02841315/ILSVRC2012_val_00014601_n02841315,target_4dB,4,CL,V_decision,acc_k5,0.04
43,n02910353/ILSVRC2012_val_00017543_n02910353,target_4dB,4,CL,V_decision,acc_k5,0.10666666666666667
44,n02951585/ILSVRC2012_val_00008336_n02951585,target_4dB,4,CL,V_decision,acc_k5,0.06666666666666667
45,n02980441/ILSVRC2012_val_00023472_n02980441,target_4dB,4,CL,V_decision,acc_k5,0.04
46,n03028079/ILSVRC2012_val_00031446_n03028079,target_4dB,4,CL,V_decision,acc_k5,0.17333333333333334
47,n03109150/ILSVRC2012_val_00032588_n03109150,target_4dB,4,CL,V_decision,acc_k5,0.013333333333333334
48,n03127747/ILSVRC2012_val_00003732_n03127747,target_4dB,4,CL,V_decision,acc_k5,0.06666666666666667
49,n03220513/ILSVRC2012_val_00006359_n03220513,target_4dB,4,CL,V_decision,acc_k5,0.02666666666666667
50,n03372029/ILSVRC2012_val_00034937_n03372029,target_4dB,4,CL,V_decision,acc_k5,0.06666666666666667
51,n03388549/ILSVRC2012_val_00022928_n03388549,target_4dB,4,CL,V_decision,acc_k5,0.04
52,n03424325/ILSVRC2012_val_00006147_n03424325,target_4dB,4,CL,V_decision,acc_k5,0.04
53,n03447721/ILSVRC2012_val_00006942_n03447721,target_4dB,4,CL,V_decision,acc_k5,0.05333333333333334
54,n03485794/ILSVRC2012_val_00010782_n03485794,target_4dB,4,CL,V_decision,acc_k5,0.05333333333333334
55,n03527444/ILSVRC2012_val_00035251_n03527444,target_4dB,4,CL,V_decision,acc_k5,0.04
56,n03584254/ILSVRC2012_val_00016384_n03584254,target_4dB,4,CL,V_decision,acc_k5,0.05333333333333334
57,n03623198/ILSVRC2012_val_00019928_n03623198,target_4dB,4,CL,V_decision,acc_k5,0.05333333333333334
58,n03657121/ILSVRC2012_val_00000359_n03657121,target_4dB,4,CL,V_decision,acc_k5,0.06666666666666667
59,n03706229/ILSVRC2012_val_00017460_n03706229,target_4dB,4,CL,V_decision,acc_k5,0.05333333333333334
60,n03759954/ILSVRC2012_val_00010804_n03759954,target_4dB,4,CL,V_decision,acc_k5,0.02666666666666667
61,n03775071/ILSVRC2012_val_00002420_n03775071,target_4dB,4,CL,V_decision,acc_k5,0.013333333333333334
62,n03782006/ILSVRC2012_val_00004758_n03782006,target_4dB,4,CL,V_decision,acc_k5,0.02666666666666667
63,n03796401/ILSVRC2012_val_00025827_n03796401,target_4dB,4,CL,V_decision,acc_k5,0.12
64,n03866082/ILSVRC2012_val_00003554_n03866082,target_4dB,4,CL,V_decision,acc_k5,0.08
65,n03876231/ILSVRC2012_val_00022714_n03876231,target_4dB,4,CL,V_decision,acc_k5,0.013333333333333334
66,n03929660/ILSVRC2012_val_00012300_n03929660,target_4dB,4,CL,V_decision,acc_k5,0.013333333333333334
67,n03950228/ILSVRC2012_val_00019039_n03950228,target_4dB,4,CL,V_decision,acc_k5,0.06666666666666667
68,n03977966/ILSVRC2012_val_00027383_n03977966,target_4dB,4,CL,V_decision,acc_k5,0.14666666666666667
69,n03983396/ILSVRC2012_val_00012891_n03983396,target_4dB,4,CL,V_decision,acc_k5,0.08
70,n04044716/ILSVRC2012_val_00039752_n04044716,target_4dB,4,CL,V_decision,acc_k5,0.04
71,n04067472/ILSVRC2012_val_00007618_n04067472,target_4dB,4,CL,V_decision,acc_k5,0.02666666666666667
72,n04111531/ILSVRC2012_val_00013982_n04111531,target_4dB,4,CL,V_decision,acc_k5,0.02666666666666667
73,n04131690/ILSVRC2012_val_00002728_n04131690,target_4dB,4,CL,V_decision,acc_k5,0.05333333333333334
74,n04153751/ILSVRC2012_val_00008426_n04153751,target_4dB,4,CL,V_decision,acc_k5,0.04
75,n04204347/ILSVRC2012_val_00018921_n04204347,target_4dB,4,CL,V_decision,acc_k5,0.06666666666666667
76,n04235860/ILSVRC2012_val_00004033_n04235860,target_4dB,4,CL,V_decision,acc_k5,0.13333333333333333
77,n04252077/ILSVRC2012_val_00012989_n04252077,target_4dB,4,CL,V_decision,acc_k5,0.05333333333333334
78,n04310018/ILSVRC2012_val_00003156_n04310018,target_4dB,4,CL,V_decision,acc_k5,0.06666666666666667
79,n04328186/ILSVRC2012_val_00014795_n04328186,target_4dB,4,CL,V_decision,acc_k5,0.04
80,n04346328/ILSVRC2012_val_00003305_n04346328,target_4dB,4,CL,V_decision,acc_k5,0.04
81,n04357314/ILSVRC2012_val_00009430_n04357314,target_4dB,4,CL,V_decision,acc_k5,0.12
82,n04371774/ILSVRC2012_val_00030870_n04371774,target_4dB,4,CL,V_decision,acc_k5,0.02666666666666667
83,n04392985/ILSVRC2012_val_00029362_n04392985,target_4dB,4,CL,V_decision,acc_k5,0.09333333333333332
84,n04456115/ILSVRC2012_val_00002331_n04456115,target_4dB,4,CL,V_decision,acc_k5,0.08
85,n04485082/ILSVRC2012_val_00000955_n04485082,target_4dB,4,CL,V_decision,acc_k5,0.08
86,n04515003/ILSVRC2012_val_00002400_n04515003,target_4dB,4,CL,V_decision,acc_k5,0.013333333333333334
87,n04540053/ILSVRC2012_val_00007665_n04540053,target_4dB,4,CL,V_decision,acc_k5,0.08
88,n04560804/ILSVRC2012_val_00029830_n04560804,target_4dB,4,CL,V_decision,acc_k5,0.14666666666666667
89,n04596742/ILSVRC2012_val_00007608_n04596742,target_4dB,4,CL,V_decision,acc_k5,0.12
90,n07583066/ILSVRC2012_val_00001378_n07583066,target_4dB,4,CL,V_decision,acc_k5,0.10666666666666667
91,n07590611/ILSVRC2012_val_00030972_n07590611,target_4dB,4,CL,V_decision,acc_k5,0.09333333333333334
92,n07714990/ILSVRC2012_val_00008416_n07714990,target_4dB,4,CL,V_decision,acc_k5,0.08
93,n07716906/ILSVRC2012_val_00011140_n07716906,target_4dB,4,CL,V_decision,acc_k5,0.02666666666666667
94,n07720875/ILSVRC2012_val_00000423_n07720875,target_4dB,4,CL,V_decision,acc_k5,0.04
95,n07860988/ILSVRC2012_val_00010848_n07860988,target_4dB,4,CL,V_decision,acc_k5,0.09333333333333334
96,n09288635/ILSVRC2012_val_00001270_n09288635,target_4dB,4,CL,V_decision,acc_k5,0.04
97,n09468604/ILSVRC2012_val_00030741_n09468604,target_4dB,4,CL,V_decision,acc_k5,0.02666666666666667
98,n11939491/ILSVRC2012_val_00034896_n11939491,target_4dB,4,CL,V_decision,acc_k5,0.06666666666666667
99,n15075141/ILSVRC2012_val_00005846_n15075141,target_4dB,4,CL,V_decision,acc_k5,0.05333333333333334
0,n01440764/ILSVRC2012_val_00003014_n01440764,target_4dB,4,CL,V_decision,logp_true_k5,-10.710639163602416
1,n01601694/ILSVRC2012_val_00021656_n01601694,target_4dB,4,CL,V_decision,logp_true_k5,-12.12112192372481
2,n01664065/ILSVRC2012_val_00014316_n01664065,target_4dB,4,CL,V_decision,logp_true_k5,-13.17394799699386
3,n01689811/ILSVRC2012_val_00020598_n01689811,target_4dB,4,CL,V_decision,logp_true_k5,-10.910783277223992
4,n01735189/ILSVRC2012_val_00006699_n01735189,target_4dB,4,CL,V_decision,logp_true_k5,-11.848566967960798
5,n01744401/ILSVRC2012_val_00032663_n01744401,target_4dB,4,CL,V_decision,logp_true_k5,-11.403062737683456
6,n01751748/ILSVRC2012_val_00033157_n01751748,target_4dB,4,CL,V_decision,logp_true_k5,-12.347103069225946
7,n01775062/ILSVRC2012_val_00036589_n01775062,target_4dB,4,CL,V_decision,logp_true_k5,-13.624851200183231
8,n01843383/ILSVRC2012_val_00005901_n01843383,target_4dB,4,CL,V_decision,logp_true_k5,-13.481240693169141
9,n01860187/ILSVRC2012_val_00021594_n01860187,target_4dB,4,CL,V_decision,logp_true_k5,-13.762131960419937
10,n01882714/ILSVRC2012_val_00019996_n01882714,target_4dB,4,CL,V_decision,logp_true_k5,-14.39868926813205
11,n01943899/ILSVRC2012_val_00005706_n01943899,target_4dB,4,CL,V_decision,logp_true_k5,-13.497835688988369
12,n01955084/ILSVRC2012_val_00001857_n01955084,target_4dB,4,CL,V_decision,logp_true_k5,-13.69817660164709
13,n01983481/ILSVRC2012_val_00019856_n01983481,target_4dB,4,CL,V_decision,logp_true_k5,-12.351145167062398
14,n02013706/ILSVRC2012_val_00003168_n02013706,target_4dB,4,CL,V_decision,logp_true_k5,-11.15292489277199
15,n02027492/ILSVRC2012_val_00007524_n02027492,target_4dB,4,CL,V_decision,logp_true_k5,-12.42120682569337
16,n02088094/ILSVRC2012_val_00005507_n02088094,target_4dB,4,CL,V_decision,logp_true_k5,-14.058113953247668
17,n02090622/ILSVRC2012_val_00006265_n02090622,target_4dB,4,CL,V_decision,logp_true_k5,-13.210000843970727
18,n02096177/ILSVRC2012_val_00019083_n02096177,target_4dB,4,CL,V_decision,logp_true_k5,-12.485846008424415
19,n02098286/ILSVRC2012_val_00038253_n02098286,target_4dB,4,CL,V_decision,logp_true_k5,-14.147180698360316
20,n02102480/ILSVRC2012_val_00010261_n02102480,target_4dB,4,CL,V_decision,logp_true_k5,-13.327296988516272
21,n02105641/ILSVRC2012_val_00018762_n02105641,target_4dB,4,CL,V_decision,logp_true_k5,-10.666157541473707
22,n02106550/ILSVRC2012_val_00014315_n02106550,target_4dB,4,CL,V_decision,logp_true_k5,-12.587841055002064
23,n02107683/ILSVRC2012_val_00010786_n02107683,target_4dB,4,CL,V_decision,logp_true_k5,-12.827891637484234
24,n02110806/ILSVRC2012_val_00030364_n02110806,target_4dB,4,CL,V_decision,logp_true_k5,-11.684258427777579
25,n02113799/ILSVRC2012_val_00007866_n02113799,target_4dB,4,CL,V_decision,logp_true_k5,-11.091812606469356
26,n02123159/ILSVRC2012_val_00025723_n02123159,target_4dB,4,CL,V_decision,logp_true_k5,-13.825612301838897
27,n02134084/ILSVRC2012_val_00020332_n02134084,target_4dB,4,CL,V_decision,logp_true_k5,-14.269282319545745
28,n02168699/ILSVRC2012_val_00040132_n02168699,target_4dB,4,CL,V_decision,logp_true_k5,-12.675800080299377
29,n02233338/ILSVRC2012_val_00016160_n02233338,target_4dB,4,CL,V_decision,logp_true_k5,-13.086842719440659
30,n02264363/ILSVRC2012_val_00027803_n02264363,target_4dB,4,CL,V_decision,logp_true_k5,-12.340160775364687
31,n02277742/ILSVRC2012_val_00015608_n02277742,target_4dB,4,CL,V_decision,logp_true_k5,-12.934398185014695
32,n02325366/ILSVRC2012_val_00024858_n02325366,target_4dB,4,CL,V_decision,logp_true_k5,-11.469857084496132
33,n02398521/ILSVRC2012_val_00018354_n02398521,target_4dB,4,CL,V_decision,logp_true_k5,-13.262379035133248
34,n02410509/ILSVRC2012_val_00022568_n02410509,target_4dB,4,CL,V_decision,logp_true_k5,-13.300849571208673
35,n02437312/ILSVRC2012_val_00006245_n02437312,target_4dB,4,CL,V_decision,logp_true_k5,-13.767572855899731
36,n02486410/ILSVRC2012_val_00009799_n02486410,target_4dB,4,CL,V_decision,logp_true_k5,-11.604681826159359
37,n02509815/ILSVRC2012_val_00014423_n02509815,target_4dB,4,CL,V_decision,logp_true_k5,-12.072125121031425
38,n02708093/ILSVRC2012_val_00024690_n02708093,target_4dB,4,CL,V_decision,logp_true_k5,-14.953018969308275
39,n02776631/ILSVRC2012_val_00028186_n02776631,target_4dB,4,CL,V_decision,logp_true_k5,-14.061058756982286
40,n02788148/ILSVRC2012_val_00012264_n02788148,target_4dB,4,CL,V_decision,logp_true_k5,-12.02080157113572
41,n02834397/ILSVRC2012_val_00010741_n02834397,target_4dB,4,CL,V_decision,logp_true_k5,-11.483808248595645
42,n02841315/ILSVRC2012_val_00014601_n02841315,target_4dB,4,CL,V_decision,logp_true_k5,-13.591246998325852
43,n02910353/ILSVRC2012_val_00017543_n02910353,target_4dB,4,CL,V_decision,logp_true_k5,-12.979716477493445
44,n02951585/ILSVRC2012_val_00008336_n02951585,target_4dB,4,CL,V_decision,logp_true_k5,-11.481871342658996
45,n02980441/ILSVRC2012_val_00023472_n02980441,target_4dB,4,CL,V_decision,logp_true_k5,-14.235536492150858
46,n03028079/ILSVRC2012_val_00031446_n03028079,target_4dB,4,CL,V_decision,logp_true_k5,-9.553721745355032
47,n03109150/ILSVRC2012_val_00032588_n03109150,target_4dB,4,CL,V_decision,logp_true_k5,-15.624853298664094
48,n03127747/ILSVRC2012_val_00003732_n03127747,target_4dB,4,CL,V_decision,logp_true_k5,-12.83659674094369
49,n03220513/ILSVRC2012_val_00006359_n03220513,target_4dB,4,CL,V_decision,logp_true_k5,-11.966900782982508
50,n03372029/ILSVRC2012_val_00034937_n03372029,target_4dB,4,CL,V_decision,logp_true_k5,-13.385730733076732
51,n03388549/ILSVRC2012_val_00022928_n03388549,target_4dB,4,CL,V_decision,logp_true_k5,-13.290779131477079
52,n03424325/ILSVRC2012_val_00006147_n03424325,target_4dB,4,CL,V_decision,logp_true_k5,-12.324848848904173
53,n03447721/ILSVRC2012_val_00006942_n03447721,target_4dB,4,CL,V_decision,logp_true_k5,-13.569236614188801
54,n03485794/ILSVRC2012_val_00010782_n03485794,target_4dB,4,CL,V_decision,logp_true_k5,-13.08037619133565
55,n03527444/ILSVRC2012_val_00035251_n03527444,target_4dB,4,CL,V_decision,logp_true_k5,-11.03863044877847
56,n03584254/ILSVRC2012_val_00016384_n03584254,target_4dB,4,CL,V_decision,logp_true_k5,-9.761910215616226
57,n03623198/ILSVRC2012_val_00019928_n03623198,target_4dB,4,CL,V_decision,logp_true_k5,-13.32133453348962
58,n03657121/ILSVRC2012_val_00000359_n03657121,target_4dB,4,CL,V_decision,logp_true_k5,-9.852985109488168
59,n03706229/ILSVRC2012_val_00017460_n03706229,target_4dB,4,CL,V_decision,logp_true_k5,-12.717839666089665
60,n03759954/ILSVRC2012_val_00010804_n03759954,target_4dB,4,CL,V_decision,logp_true_k5,-14.21006487627824
61,n03775071/ILSVRC2012_val_00002420_n03775071,target_4dB,4,CL,V_decision,logp_true_k5,-10.020838546821226
62,n03782006/ILSVRC2012_val_00004758_n03782006,target_4dB,4,CL,V_decision,logp_true_k5,-15.168097295660216
63,n03796401/ILSVRC2012_val_00025827_n03796401,target_4dB,4,CL,V_decision,logp_true_k5,-10.583513287514386
64,n03866082/ILSVRC2012_val_00003554_n03866082,target_4dB,4,CL,V_decision,logp_true_k5,-11.802220934083065
65,n03876231/ILSVRC2012_val_00022714_n03876231,target_4dB,4,CL,V_decision,logp_true_k5,-14.23256856409212
66,n03929660/ILSVRC2012_val_00012300_n03929660,target_4dB,4,CL,V_decision,logp_true_k5,-13.413968152999878
67,n03950228/ILSVRC2012_val_00019039_n03950228,target_4dB,4,CL,V_decision,logp_true_k5,-11.660753080441113
68,n03977966/ILSVRC2012_val_00027383_n03977966,target_4dB,4,CL,V_decision,logp_true_k5,-8.343022971385507
69,n03983396/ILSVRC2012_val_00012891_n03983396,target_4dB,4,CL,V_decision,logp_true_k5,-12.51474844980364
70,n04044716/ILSVRC2012_val_00039752_n04044716,target_4dB,4,CL,V_decision,logp_true_k5,-12.73947409066682
71,n04067472/ILSVRC2012_val_00007618_n04067472,target_4dB,4,CL,V_decision,logp_true_k5,-13.11891105008622
72,n04111531/ILSVRC2012_val_00013982_n04111531,target_4dB,4,CL,V_decision,logp_true_k5,-13.501589059233666
73,n04131690/ILSVRC2012_val_00002728_n04131690,target_4dB,4,CL,V_decision,logp_true_k5,-12.165712976612559
74,n04153751/ILSVRC2012_val_00008426_n04153751,target_4dB,4,CL,V_decision,logp_true_k5,-13.830503240823745
75,n04204347/ILSVRC2012_val_00018921_n04204347,target_4dB,4,CL,V_decision,logp_true_k5,-12.189950097718295
76,n04235860/ILSVRC2012_val_00004033_n04235860,target_4dB,4,CL,V_decision,logp_true_k5,-11.4908790566974
77,n04252077/ILSVRC2012_val_00012989_n04252077,target_4dB,4,CL,V_decision,logp_true_k5,-13.712895917750624
78,n04310018/ILSVRC2012_val_00003156_n04310018,target_4dB,4,CL,V_decision,logp_true_k5,-11.432527200596718
79,n04328186/ILSVRC2012_val_00014795_n04328186,target_4dB,4,CL,V_decision,logp_true_k5,-10.591284486055374
80,n04346328/ILSVRC2012_val_00003305_n04346328,target_4dB,4,CL,V_decision,logp_true_k5,-13.522873601627845
81,n04357314/ILSVRC2012_val_00009430_n04357314,target_4dB,4,CL,V_decision,logp_true_k5,-12.73231897386412
82,n04371774/ILSVRC2012_val_00030870_n04371774,target_4dB,4,CL,V_decision,logp_true_k5,-13.52010251045227
83,n04392985/ILSVRC2012_val_00029362_n04392985,target_4dB,4,CL,V_decision,logp_true_k5,-12.697381889944177
84,n04456115/ILSVRC2012_val_00002331_n04456115,target_4dB,4,CL,V_decision,logp_true_k5,-12.00493507768959
85,n04485082/ILSVRC2012_val_00000955_n04485082,target_4dB,4,CL,V_decision,logp_true_k5,-12.536435406415647
86,n04515003/ILSVRC2012_val_00002400_n04515003,target_4dB,4,CL,V_decision,logp_true_k5,-14.592852186659973
87,n04540053/ILSVRC2012_val_00007665_n04540053,target_4dB,4,CL,V_decision,logp_true_k5,-14.753425046751898
88,n04560804/ILSVRC2012_val_00029830_n04560804,target_4dB,4,CL,V_decision,logp_true_k5,-12.162162176117805
89,n04596742/ILSVRC2012_val_00007608_n04596742,target_4dB,4,CL,V_decision,logp_true_k5,-12.227171544467177
90,n07583066/ILSVRC2012_val_00001378_n07583066,target_4dB,4,CL,V_decision,logp_true_k5,-11.066957517711804
91,n07590611/ILSVRC2012_val_00030972_n07590611,target_4dB,4,CL,V_decision,logp_true_k5,-11.86747709364623
92,n07714990/ILSVRC2012_val_00008416_n07714990,target_4dB,4,CL,V_decision,logp_true_k5,-11.196897532362492
93,n07716906/ILSVRC2012_val_00011140_n07716906,target_4dB,4,CL,V_decision,logp_true_k5,-12.218488070766133
94,n07720875/ILSVRC2012_val_00000423_n07720875,target_4dB,4,CL,V_decision,logp_true_k5,-14.623449967006842
95,n07860988/ILSVRC2012_val_00010848_n07860988,target_4dB,4,CL,V_decision,logp_true_k5,-12.434229147514174
96,n09288635/ILSVRC2012_val_00001270_n09288635,target_4dB,4,CL,V_decision,logp_true_k5,-13.072587074935436
97,n09468604/ILSVRC2012_val_00030741_n09468604,target_4dB,4,CL,V_decision,logp_true_k5,-14.511365481701992
98,n11939491/ILSVRC2012_val_00034896_n11939491,target_4dB,4,CL,V_decision,logp_true_k5,-13.796492098829864
99,n15075141/ILSVRC2012_val_00005846_n15075141,target_4dB,4,CL,V_decision,logp_true_k5,-14.537941326166717
0,n01440764/ILSVRC2012_val_00003014_n01440764,target_4dB,4,CL,V_decision,entropy_k5,0.9110721423938569
1,n01601694/ILSVRC2012_val_00021656_n01601694,target_4dB,4,CL,V_decision,entropy_k5,1.2019003536476445
2,n01664065/ILSVRC2012_val_00014316_n01664065,target_4dB,4,CL,V_decision,entropy_k5,0.9588734948245653
3,n01689811/ILSVRC2012_val_00020598_n01689811,target_4dB,4,CL,V_decision,entropy_k5,1.097591488343552
4,n01735189/ILSVRC2012_val_00006699_n01735189,target_4dB,4,CL,V_decision,entropy_k5,1.0737654503576062
5,n01744401/ILSVRC2012_val_00032663_n01744401,target_4dB,4,CL,V_decision,entropy_k5,1.438026486437284
6,n01751748/ILSVRC2012_val_00033157_n01751748,target_4dB,4,CL,V_decision,entropy_k5,1.177685741250561
7,n01775062/ILSVRC2012_val_00036589_n01775062,target_4dB,4,CL,V_decision,entropy_k5,0.9739589041400634
8,n01843383/ILSVRC2012_val_00005901_n01843383,target_4dB,4,CL,V_decision,entropy_k5,0.923449762005228
9,n01860187/ILSVRC2012_val_00021594_n01860187,target_4dB,4,CL,V_decision,entropy_k5,0.8101440439792552
10,n01882714/ILSVRC2012_val_00019996_n01882714,target_4dB,4,CL,V_decision,entropy_k5,0.8735764968697524
11,n01943899/ILSVRC2012_val_00005706_n01943899,target_4dB,4,CL,V_decision,entropy_k5,1.0631285604049172
12,n01955084/ILSVRC2012_val_00001857_n01955084,target_4dB,4,CL,V_decision,entropy_k5,0.9860068391480041
13,n01983481/ILSVRC2012_val_00019856_n01983481,target_4dB,4,CL,V_decision,entropy_k5,0.769312806913363
14,n02013706/ILSVRC2012_val_00003168_n02013706,target_4dB,4,CL,V_decision,entropy_k5,0.9516285035358593
15,n02027492/ILSVRC2012_val_00007524_n02027492,target_4dB,4,CL,V_decision,entropy_k5,0.989601179794561
16,n02088094/ILSVRC2012_val_00005507_n02088094,target_4dB,4,CL,V_decision,entropy_k5,0.8593292205096779
17,n02090622/ILSVRC2012_val_00006265_n02090622,target_4dB,4,CL,V_decision,entropy_k5,0.9712462417625408
18,n02096177/ILSVRC2012_val_00019083_n02096177,target_4dB,4,CL,V_decision,entropy_k5,1.0739240271607216
19,n02098286/ILSVRC2012_val_00038253_n02098286,target_4dB,4,CL,V_decision,entropy_k5,1.07295597153877
20,n02102480/ILSVRC2012_val_00010261_n02102480,target_4dB,4,CL,V_decision,entropy_k5,1.1086399378263103
21,n02105641/ILSVRC2012_val_00018762_n02105641,target_4dB,4,CL,V_decision,entropy_k5,1.0323562010673983
22,n02106550/ILSVRC2012_val_00014315_n02106550,target_4dB,4,CL,V_decision,entropy_k5,0.880958876952305
23,n02107683/ILSVRC2012_val_00010786_n02107683,target_4dB,4,CL,V_decision,entropy_k5,1.2158087292393762
24,n02110806/ILSVRC2012_val_00030364_n02110806,target_4dB,4,CL,V_decision,entropy_k5,0.869119029810411
25,n02113799/ILSVRC2012_val_00007866_n02113799,target_4dB,4,CL,V_decision,entropy_k5,0.8658695532097104
26,n02123159/ILSVRC2012_val_00025723_n02123159,target_4dB,4,CL,V_decision,entropy_k5,0.8817898587825548
27,n02134084/ILSVRC2012_val_00020332_n02134084,target_4dB,4,CL,V_decision,entropy_k5,1.207842649265679
28,n02168699/ILSVRC2012_val_00040132_n02168699,target_4dB,4,CL,V_decision,entropy_k5,1.3759800889435072
29,n02233338/ILSVRC2012_val_00016160_n02233338,target_4dB,4,CL,V_decision,entropy_k5,1.0256887569263802
30,n02264363/ILSVRC2012_val_00027803_n02264363,target_4dB,4,CL,V_decision,entropy_k5,1.3497883727733824
31,n02277742/ILSVRC2012_val_00015608_n02277742,target_4dB,4,CL,V_decision,entropy_k5,0.933729602256096
32,n02325366/ILSVRC2012_val_00024858_n02325366,target_4dB,4,CL,V_decision,entropy_k5,0.8539193052857458
33,n02398521/ILSVRC2012_val_00018354_n02398521,target_4dB,4,CL,V_decision,entropy_k5,1.0069926350882337
34,n02410509/ILSVRC2012_val_00022568_n02410509,target_4dB,4,CL,V_decision,entropy_k5,0.9790397750840656
35,n02437312/ILSVRC2012_val_00006245_n02437312,target_4dB,4,CL,V_decision,entropy_k5,1.0961396058351507
36,n02486410/ILSVRC2012_val_00009799_n02486410,target_4dB,4,CL,V_decision,entropy_k5,1.0248237159622697
37,n02509815/ILSVRC2012_val_00014423_n02509815,target_4dB,4,CL,V_decision,entropy_k5,1.1943697067861654
38,n02708093/ILSVRC2012_val_00024690_n02708093,target_4dB,4,CL,V_decision,entropy_k5,0.9841284024632695
39,n02776631/ILSVRC2012_val_00028186_n02776631,target_4dB,4,CL,V_decision,entropy_k5,1.020422431853395
40,n02788148/ILSVRC2012_val_00012264_n02788148,target_4dB,4,CL,V_decision,entropy_k5,0.8797005135839782
41,n02834397/ILSVRC2012_val_00010741_n02834397,target_4dB,4,CL,V_decision,entropy_k5,1.1933070375648394
42,n02841315/ILSVRC2012_val_00014601_n02841315,target_4dB,4,CL,V_decision,entropy_k5,0.9918397737139083
43,n02910353/ILSVRC2012_val_00017543_n02910353,target_4dB,4,CL,V_decision,entropy_k5,0.89240811251153
44,n02951585/ILSVRC2012_val_00008336_n02951585,target_4dB,4,CL,V_decision,entropy_k5,1.1641842037143348
45,n02980441/ILSVRC2012_val_00023472_n02980441,target_4dB,4,CL,V_decision,entropy_k5,1.0593601849260577
46,n03028079/ILSVRC2012_val_00031446_n03028079,target_4dB,4,CL,V_decision,entropy_k5,1.1533791271141989
47,n03109150/ILSVRC2012_val_00032588_n03109150,target_4dB,4,CL,V_decision,entropy_k5,1.2933009251315764
48,n03127747/ILSVRC2012_val_00003732_n03127747,target_4dB,4,CL,V_decision,entropy_k5,0.9822504973692782
49,n03220513/ILSVRC2012_val_00006359_n03220513,target_4dB,4,CL,V_decision,entropy_k5,1.1862186299614488
50,n03372029/ILSVRC2012_val_00034937_n03372029,target_4dB,4,CL,V_decision,entropy_k5,0.9189102576012846
51,n03388549/ILSVRC2012_val_00022928_n03388549,target_4dB,4,CL,V_decision,entropy_k5,0.89917333360972
52,n03424325/ILSVRC2012_val_00006147_n03424325,target_4dB,4,CL,V_decision,entropy_k5,1.0037658556735678
53,n03447721/ILSVRC2012_val_00006942_n03447721,target_4dB,4,CL,V_decision,entropy_k5,0.8428569891217969
54,n03485794/ILSVRC2012_val_00010782_n03485794,target_4dB,4,CL,V_decision,entropy_k5,1.2301405225949527
55,n03527444/ILSVRC2012_val_00035251_n03527444,target_4dB,4,CL,V_decision,entropy_k5,1.1207410941771905
56,n03584254/ILSVRC2012_val_00016384_n03584254,target_4dB,4,CL,V_decision,entropy_k5,1.3216458715923152
57,n03623198/ILSVRC2012_val_00019928_n03623198,target_4dB,4,CL,V_decision,entropy_k5,0.9749731482097554
58,n03657121/ILSVRC2012_val_00000359_n03657121,target_4dB,4,CL,V_decision,entropy_k5,1.228246179317904
59,n03706229/ILSVRC2012_val_00017460_n03706229,target_4dB,4,CL,V_decision,entropy_k5,1.2323435769218472
60,n03759954/ILSVRC2012_val_00010804_n03759954,target_4dB,4,CL,V_decision,entropy_k5,0.841920331512951
61,n03775071/ILSVRC2012_val_00002420_n03775071,target_4dB,4,CL,V_decision,entropy_k5,1.302064475004003
62,n03782006/ILSVRC2012_val_00004758_n03782006,target_4dB,4,CL,V_decision,entropy_k5,0.8139021130682488
63,n03796401/ILSVRC2012_val_00025827_n03796401,target_4dB,4,CL,V_decision,entropy_k5,1.0721452716133768
64,n03866082/ILSVRC2012_val_00003554_n03866082,target_4dB,4,CL,V_decision,entropy_k5,0.9113676416647284
65,n03876231/ILSVRC2012_val_00022714_n03876231,target_4dB,4,CL,V_decision,entropy_k5,1.00755171857
66,n03929660/ILSVRC2012_val_00012300_n03929660,target_4dB,4,CL,V_decision,entropy_k5,1.2273335909496932
67,n03950228/ILSVRC2012_val_00019039_n03950228,target_4dB,4,CL,V_decision,entropy_k5,1.045201267328273
68,n03977966/ILSVRC2012_val_00027383_n03977966,target_4dB,4,CL,V_decision,entropy_k5,0.8801863823808408
69,n03983396/ILSVRC2012_val_00012891_n03983396,target_4dB,4,CL,V_decision,entropy_k5,1.1245975334368994
70,n04044716/ILSVRC2012_val_00039752_n04044716,target_4dB,4,CL,V_decision,entropy_k5,1.5074296120801849
71,n04067472/ILSVRC2012_val_00007618_n04067472,target_4dB,4,CL,V_decision,entropy_k5,0.915767972703836
72,n04111531/ILSVRC2012_val_00013982_n04111531,target_4dB,4,CL,V_decision,entropy_k5,0.9566713484034609
73,n04131690/ILSVRC2012_val_00002728_n04131690,target_4dB,4,CL,V_decision,entropy_k5,1.1107553829055894
74,n04153751/ILSVRC2012_val_00008426_n04153751,target_4dB,4,CL,V_decision,entropy_k5,1.290480939234577
75,n04204347/ILSVRC2012_val_00018921_n04204347,target_4dB,4,CL,V_decision,entropy_k5,1.1425344972649032
76,n04235860/ILSVRC2012_val_00004033_n04235860,target_4dB,4,CL,V_decision,entropy_k5,0.9370601473984118
77,n04252077/ILSVRC2012_val_00012989_n04252077,target_4dB,4,CL,V_decision,entropy_k5,1.2375449746150073
78,n04310018/ILSVRC2012_val_00003156_n04310018,target_4dB,4,CL,V_decision,entropy_k5,0.9613585770494559
79,n04328186/ILSVRC2012_val_00014795_n04328186,target_4dB,4,CL,V_decision,entropy_k5,1.150872948105582
80,n04346328/ILSVRC2012_val_00003305_n04346328,target_4dB,4,CL,V_decision,entropy_k5,1.016013801387423
81,n04357314/ILSVRC2012_val_00009430_n04357314,target_4dB,4,CL,V_decision,entropy_k5,0.9055850141459522
82,n04371774/ILSVRC2012_val_00030870_n04371774,target_4dB,4,CL,V_decision,entropy_k5,1.142471297646823
83,n04392985/ILSVRC2012_val_00029362_n04392985,target_4dB,4,CL,V_decision,entropy_k5,0.938375471854041
84,n04456115/ILSVRC2012_val_00002331_n04456115,target_4dB,4,CL,V_decision,entropy_k5,1.0479780060696313
85,n04485082/ILSVRC2012_val_00000955_n04485082,target_4dB,4,CL,V_decision,entropy_k5,0.7800513582619572
86,n04515003/ILSVRC2012_val_00002400_n04515003,target_4dB,4,CL,V_decision,entropy_k5,0.9611681318369909
87,n04540053/ILSVRC2012_val_00007665_n04540053,target_4dB,4,CL,V_decision,entropy_k5,0.9785959960073493
88,n04560804/ILSVRC2012_val_00029830_n04560804,target_4dB,4,CL,V_decision,entropy_k5,0.6482108560612212
89,n04596742/ILSVRC2012_val_00007608_n04596742,target_4dB,4,CL,V_decision,entropy_k5,1.0019932077862597
90,n07583066/ILSVRC2012_val_00001378_n07583066,target_4dB,4,CL,V_decision,entropy_k5,0.7860914868095298
91,n07590611/ILSVRC2012_val_00030972_n07590611,target_4dB,4,CL,V_decision,entropy_k5,0.9390150321733702
92,n07714990/ILSVRC2012_val_00008416_n07714990,target_4dB,4,CL,V_decision,entropy_k5,0.8930587210649414
93,n07716906/ILSVRC2012_val_00011140_n07716906,target_4dB,4,CL,V_decision,entropy_k5,1.0254453109153125
94,n07720875/ILSVRC2012_val_00000423_n07720875,target_4dB,4,CL,V_decision,entropy_k5,1.0746611015918288
95,n07860988/ILSVRC2012_val_00010848_n07860988,target_4dB,4,CL,V_decision,entropy_k5,0.8797037843747849
96,n09288635/ILSVRC2012_val_00001270_n09288635,target_4dB,4,CL,V_decision,entropy_k5,1.1265555297486327
97,n09468604/ILSVRC2012_val_00030741_n09468604,target_4dB,4,CL,V_decision,entropy_k5,1.1994706710732235
98,n11939491/ILSVRC2012_val_00034896_n11939491,target_4dB,4,CL,V_decision,entropy_k5,0.9161069298987042
99,n15075141/ILSVRC2012_val_00005846_n15075141,target_4dB,4,CL,V_decision,entropy_k5,1.0247427316033457
0,n01440764/ILSVRC2012_val_00003014_n01440764,target_4dB,4,CL,V_decision,path_accuracy_k5,0.26666666666666666
1,n01601694/ILSVRC2012_val_00021656_n01601694,target_4dB,4,CL,V_decision,path_accuracy_k5,0.22666666666666668
2,n01664065/ILSVRC2012_val_00014316_n01664065,target_4dB,4,CL,V_decision,path_accuracy_k5,0.18666666666666668
3,n01689811/ILSVRC2012_val_00020598_n01689811,target_4dB,4,CL,V_decision,path_accuracy_k5,0.18666666666666668
4,n01735189/ILSVRC2012_val_00006699_n01735189,target_4dB,4,CL,V_decision,path_accuracy_k5,0.14666666666666667
5,n01744401/ILSVRC2012_val_00032663_n01744401,target_4dB,4,CL,V_decision,path_accuracy_k5,0.12
6,n01751748/ILSVRC2012_val_00033157_n01751748,target_4dB,4,CL,V_decision,path_accuracy_k5,0.16
7,n01775062/ILSVRC2012_val_00036589_n01775062,target_4dB,4,CL,V_decision,path_accuracy_k5,0.21333333333333335
8,n01843383/ILSVRC2012_val_00005901_n01843383,target_4dB,4,CL,V_decision,path_accuracy_k5,0.19999999999999998
9,n01860187/ILSVRC2012_val_00021594_n01860187,target_4dB,4,CL,V_decision,path_accuracy_k5,0.21333333333333335
10,n01882714/ILSVRC2012_val_00019996_n01882714,target_4dB,4,CL,V_decision,path_accuracy_k5,0.2933333333333334
11,n01943899/ILSVRC2012_val_00005706_n01943899,target_4dB,4,CL,V_decision,path_accuracy_k5,0.22666666666666666
12,n01955084/ILSVRC2012_val_00001857_n01955084,target_4dB,4,CL,V_decision,path_accuracy_k5,0.14666666666666667
13,n01983481/ILSVRC2012_val_00019856_n01983481,target_4dB,4,CL,V_decision,path_accuracy_k5,0.17333333333333334
14,n02013706/ILSVRC2012_val_00003168_n02013706,target_4dB,4,CL,V_decision,path_accuracy_k5,0.22666666666666666
15,n02027492/ILSVRC2012_val_00007524_n02027492,target_4dB,4,CL,V_decision,path_accuracy_k5,0.22666666666666668
16,n02088094/ILSVRC2012_val_00005507_n02088094,target_4dB,4,CL,V_decision,path_accuracy_k5,0.25333333333333335
17,n02090622/ILSVRC2012_val_00006265_n02090622,target_4dB,4,CL,V_decision,path_accuracy_k5,0.22666666666666668
18,n02096177/ILSVRC2012_val_00019083_n02096177,target_4dB,4,CL,V_decision,path_accuracy_k5,0.16
19,n02098286/ILSVRC2012_val_00038253_n02098286,target_4dB,4,CL,V_decision,path_accuracy_k5,0.13333333333333333
20,n02102480/ILSVRC2012_val_00010261_n02102480,target_4dB,4,CL,V_decision,path_accuracy_k5,0.20000000000000004
21,n02105641/ILSVRC2012_val_00018762_n02105641,target_4dB,4,CL,V_decision,path_accuracy_k5,0.18666666666666668
22,n02106550/ILSVRC2012_val_00014315_n02106550,target_4dB,4,CL,V_decision,path_accuracy_k5,0.25333333333333335
23,n02107683/ILSVRC2012_val_00010786_n02107683,target_4dB,4,CL,V_decision,path_accuracy_k5,0.22666666666666666
24,n02110806/ILSVRC2012_val_00030364_n02110806,target_4dB,4,CL,V_decision,path_accuracy_k5,0.22666666666666668
25,n02113799/ILSVRC2012_val_00007866_n02113799,target_4dB,4,CL,V_decision,path_accuracy_k5,0.26666666666666666
26,n02123159/ILSVRC2012_val_00025723_n02123159,target_4dB,4,CL,V_decision,path_accuracy_k5,0.22666666666666666
27,n02134084/ILSVRC2012_val_00020332_n02134084,target_4dB,4,CL,V_decision,path_accuracy_k5,0.12
28,n02168699/ILSVRC2012_val_00040132_n02168699,target_4dB,4,CL,V_decision,path_accuracy_k5,0.16
29,n02233338/ILSVRC2012_val_00016160_n02233338,target_4dB,4,CL,V_decision,path_accuracy_k5,0.13333333333333333
30,n02264363/ILSVRC2012_val_00027803_n02264363,target_4dB,4,CL,V_decision,path_accuracy_k5,0.16
31,n02277742/ILSVRC2012_val_00015608_n02277742,target_4dB,4,CL,V_decision,path_accuracy_k5,0.22666666666666668
32,n02325366/ILSVRC2012_val_00024858_n02325366,target_4dB,4,CL,V_decision,path_accuracy_k5,0.24
33,n02398521/ILSVRC2012_val_00018354_n02398521,target_4dB,4,CL,V_decision,path_accuracy_k5,0.17333333333333334
34,n02410509/ILSVRC2012_val_00022568_n02410509,target_4dB,4,CL,V_decision,path_accuracy_k5,0.22666666666666668
35,n02437312/ILSVRC2012_val_00006245_n02437312,target_4dB,4,CL,V_decision,path_accuracy_k5,0.19999999999999998
36,n02486410/ILSVRC2012_val_00009799_n02486410,target_4dB,4,CL,V_decision,path_accuracy_k5,0.24
37,n02509815/ILSVRC2012_val_00014423_n02509815,target_4dB,4,CL,V_decision,path_accuracy_k5,0.20000000000000004
38,n02708093/ILSVRC2012_val_00024690_n02708093,target_4dB,4,CL,V_decision,path_accuracy_k5,0.18666666666666668
39,n02776631/ILSVRC2012_val_00028186_n02776631,target_4dB,4,CL,V_decision,path_accuracy_k5,0.16
40,n02788148/ILSVRC2012_val_00012264_n02788148,target_4dB,4,CL,V_decision,path_accuracy_k5,0.26666666666666666
41,n02834397/ILSVRC2012_val_00010741_n02834397,target_4dB,4,CL,V_decision,path_accuracy_k5,0.24
42,n02841315/ILSVRC2012_val_00014601_n02841315,target_4dB,4,CL,V_decision,path_accuracy_k5,0.12
43,n02910353/ILSVRC2012_val_00017543_n02910353,target_4dB,4,CL,V_decision,path_accuracy_k5,0.16
44,n02951585/ILSVRC2012_val_00008336_n02951585,target_4dB,4,CL,V_decision,path_accuracy_k5,0.17333333333333334
45,n02980441/ILSVRC2012_val_00023472_n02980441,target_4dB,4,CL,V_decision,path_accuracy_k5,0.12
46,n03028079/ILSVRC2012_val_00031446_n03028079,target_4dB,4,CL,V_decision,path_accuracy_k5,0.28
47,n03109150/ILSVRC2012_val_00032588_n03109150,target_4dB,4,CL,V_decision,path_accuracy_k5,0.16
48,n03127747/ILSVRC2012_val_00003732_n03127747,target_4dB,4,CL,V_decision,path_accuracy_k5,0.21333333333333335
49,n03220513/ILSVRC2012_val_00006359_n03220513,target_4dB,4,CL,V_decision,path_accuracy_k5,0.20000000000000004
50,n03372029/ILSVRC2012_val_00034937_n03372029,target_4dB,4,CL,V_decision,path_accuracy_k5,0.19999999999999998
51,n03388549/ILSVRC2012_val_00022928_n03388549,target_4dB,4,CL,V_decision,path_accuracy_k5,0.19999999999999998
52,n03424325/ILSVRC2012_val_00006147_n03424325,target_4dB,4,CL,V_decision,path_accuracy_k5,0.1466666666666667
53,n03447721/ILSVRC2012_val_00006942_n03447721,target_4dB,4,CL,V_decision,path_accuracy_k5,0.2133333333333333
54,n03485794/ILSVRC2012_val_00010782_n03485794,target_4dB,4,CL,V_decision,path_accuracy_k5,0.17333333333333334
55,n03527444/ILSVRC2012_val_00035251_n03527444,target_4dB,4,CL,V_decision,path_accuracy_k5,0.18666666666666668
56,n03584254/ILSVRC2012_val_00016384_n03584254,target_4dB,4,CL,V_decision,path_accuracy_k5,0.12000000000000001
57,n03623198/ILSVRC2012_val_00019928_n03623198,target_4dB,4,CL,V_decision,path_accuracy_k5,0.26666666666666666
58,n03657121/ILSVRC2012_val_00000359_n03657121,target_4dB,4,CL,V_decision,path_accuracy_k5,0.18666666666666668
59,n03706229/ILSVRC2012_val_00017460_n03706229,target_4dB,4,CL,V_decision,path_accuracy_k5,0.14666666666666667
60,n03759954/ILSVRC2012_val_00010804_n03759954,target_4dB,4,CL,V_decision,path_accuracy_k5,0.20000000000000004
61,n03775071/ILSVRC2012_val_00002420_n03775071,target_4dB,4,CL,V_decision,path_accuracy_k5,0.18666666666666665
62,n03782006/ILSVRC2012_val_00004758_n03782006,target_4dB,4,CL,V_decision,path_accuracy_k5,0.18666666666666668
63,n03796401/ILSVRC2012_val_00025827_n03796401,target_4dB,4,CL,V_decision,path_accuracy_k5,0.22666666666666668
64,n03866082/ILSVRC2012_val_00003554_n03866082,target_4dB,4,CL,V_decision,path_accuracy_k5,0.22666666666666668
65,n03876231/ILSVRC2012_val_00022714_n03876231,target_4dB,4,CL,V_decision,path_accuracy_k5,0.12000000000000001
66,n03929660/ILSVRC2012_val_00012300_n03929660,target_4dB,4,CL,V_decision,path_accuracy_k5,0.06666666666666667
67,n03950228/ILSVRC2012_val_00019039_n03950228,target_4dB,4,CL,V_decision,path_accuracy_k5,0.09333333333333334
68,n03977966/ILSVRC2012_val_00027383_n03977966,target_4dB,4,CL,V_decision,path_accuracy_k5,0.21333333333333335
69,n03983396/ILSVRC2012_val_00012891_n03983396,target_4dB,4,CL,V_decision,path_accuracy_k5,0.18666666666666665
70,n04044716/ILSVRC2012_val_00039752_n04044716,target_4dB,4,CL,V_decision,path_accuracy_k5,0.09333333333333334
71,n04067472/ILSVRC2012_val_00007618_n04067472,target_4dB,4,CL,V_decision,path_accuracy_k5,0.25333333333333335
72,n04111531/ILSVRC2012_val_00013982_n04111531,target_4dB,4,CL,V_decision,path_accuracy_k5,0.18666666666666668
73,n04131690/ILSVRC2012_val_00002728_n04131690,target_4dB,4,CL,V_decision,path_accuracy_k5,0.14666666666666667
74,n04153751/ILSVRC2012_val_00008426_n04153751,target_4dB,4,CL,V_decision,path_accuracy_k5,0.21333333333333335
75,n04204347/ILSVRC2012_val_00018921_n04204347,target_4dB,4,CL,V_decision,path_accuracy_k5,0.10666666666666667
76,n04235860/ILSVRC2012_val_00004033_n04235860,target_4dB,4,CL,V_decision,path_accuracy_k5,0.24
77,n04252077/ILSVRC2012_val_00012989_n04252077,target_4dB,4,CL,V_decision,path_accuracy_k5,0.21333333333333335
78,n04310018/ILSVRC2012_val_00003156_n04310018,target_4dB,4,CL,V_decision,path_accuracy_k5,0.25333333333333335
79,n04328186/ILSVRC2012_val_00014795_n04328186,target_4dB,4,CL,V_decision,path_accuracy_k5,0.10666666666666667
80,n04346328/ILSVRC2012_val_00003305_n04346328,target_4dB,4,CL,V_decision,path_accuracy_k5,0.18666666666666668
81,n04357314/ILSVRC2012_val_00009430_n04357314,target_4dB,4,CL,V_decision,path_accuracy_k5,0.26666666666666666
82,n04371774/ILSVRC2012_val_00030870_n04371774,target_4dB,4,CL,V_decision,path_accuracy_k5,0.12
83,n04392985/ILSVRC2012_val_00029362_n04392985,target_4dB,4,CL,V_decision,path_accuracy_k5,0.25333333333333335
84,n04456115/ILSVRC2012_val_00002331_n04456115,target_4dB,4,CL,V_decision,path_accuracy_k5,0.21333333333333337
85,n04485082/ILSVRC2012_val_00000955_n04485082,target_4dB,4,CL,V_decision,path_accuracy_k5,0.17333333333333334
86,n04515003/ILSVRC2012_val_00002400_n04515003,target_4dB,4,CL,V_decision,path_accuracy_k5,0.21333333333333335
87,n04540053/ILSVRC2012_val_00007665_n04540053,target_4dB,4,CL,V_decision,path_accuracy_k5,0.13333333333333333
88,n04560804/ILSVRC2012_val_00029830_n04560804,target_4dB,4,CL,V_decision,path_accuracy_k5,0.29333333333333333
89,n04596742/ILSVRC2012_val_00007608_n04596742,target_4dB,4,CL,V_decision,path_accuracy_k5,0.25333333333333335
90,n07583066/ILSVRC2012_val_00001378_n07583066,target_4dB,4,CL,V_decision,path_accuracy_k5,0.20000000000000004
91,n07590611/ILSVRC2012_val_00030972_n07590611,target_4dB,4,CL,V_decision,path_accuracy_k5,0.26666666666666666
92,n07714990/ILSVRC2012_val_00008416_n07714990,target_4dB,4,CL,V_decision,path_accuracy_k5,0.21333333333333335
93,n07716906/ILSVRC2012_val_00011140_n07716906,target_4dB,4,CL,V_decision,path_accuracy_k5,0.18666666666666668
94,n07720875/ILSVRC2012_val_00000423_n07720875,target_4dB,4,CL,V_decision,path_accuracy_k5,0.12
95,n07860988/ILSVRC2012_val_00010848_n07860988,target_4dB,4,CL,V_decision,path_accuracy_k5,0.3066666666666667
96,n09288635/ILSVRC2012_val_00001270_n09288635,target_4dB,4,CL,V_decision,path_accuracy_k5,0.18666666666666668
97,n09468604/ILSVRC2012_val_00030741_n09468604,target_4dB,4,CL,V_decision,path_accuracy_k5,0.13333333333333333
98,n11939491/ILSVRC2012_val_00034896_n11939491,target_4dB,4,CL,V_decision,path_accuracy_k5,0.22666666666666668
99,n15075141/ILSVRC2012_val_00005846_n15075141,target_4dB,4,CL,V_decision,path_accuracy_k5,0.13333333333333333
0,n01440764/ILSVRC2012_val_00003014_n01440764,target_4dB,4,CL,V_decision,acc_k6,0.0462962962962963
1,n01601694/ILSVRC2012_val_00021656_n01601694,target_4dB,4,CL,V_decision,acc_k6,0.027777777777777776
2,n01664065/ILSVRC2012_val_00014316_n01664065,target_4dB,4,CL,V_decision,acc_k6,0.10185185185185186
3,n01689811/ILSVRC2012_val_00020598_n01689811,target_4dB,4,CL,V_decision,acc_k6,0.037037037037037035
4,n01735189/ILSVRC2012_val_00006699_n01735189,target_4dB,4,CL,V_decision,acc_k6,0.07407407407407407
5,n01744401/ILSVRC2012_val_00032663_n01744401,target_4dB,4,CL,V_decision,acc_k6,0.05555555555555555
6,n01751748/ILSVRC2012_val_00033157_n01751748,target_4dB,4,CL,V_decision,acc_k6,0.009259259259259259
7,n01775062/ILSVRC2012_val_00036589_n01775062,target_4dB,4,CL,V_decision,acc_k6,0.12962962962962962
8,n01843383/ILSVRC2012_val_00005901_n01843383,target_4dB,4,CL,V_decision,acc_k6,0.12037037037037036
9,n01860187/ILSVRC2012_val_00021594_n01860187,target_4dB,4,CL,V_decision,acc_k6,0.0462962962962963
10,n01882714/ILSVRC2012_val_00019996_n01882714,target_4dB,4,CL,V_decision,acc_k6,0.05555555555555556
11,n01943899/ILSVRC2012_val_00005706_n01943899,target_4dB,4,CL,V_decision,acc_k6,0.07407407407407407
12,n01955084/ILSVRC2012_val_00001857_n01955084,target_4dB,4,CL,V_decision,acc_k6,0.06481481481481481
13,n01983481/ILSVRC2012_val_00019856_n01983481,target_4dB,4,CL,V_decision,acc_k6,0.10185185185185186
14,n02013706/ILSVRC2012_val_00003168_n02013706,target_4dB,4,CL,V_decision,acc_k6,0.10185185185185185
15,n02027492/ILSVRC2012_val_00007524_n02027492,target_4dB,4,CL,V_decision,acc_k6,0.0462962962962963
16,n02088094/ILSVRC2012_val_00005507_n02088094,target_4dB,4,CL,V_decision,acc_k6,0.037037037037037035
17,n02090622/ILSVRC2012_val_00006265_n02090622,target_4dB,4,CL,V_decision,acc_k6,0.07407407407407407
18,n02096177/ILSVRC2012_val_00019083_n02096177,target_4dB,4,CL,V_decision,acc_k6,0.037037037037037035
19,n02098286/ILSVRC2012_val_00038253_n02098286,target_4dB,4,CL,V_decision,acc_k6,0.0462962962962963
20,n02102480/ILSVRC2012_val_00010261_n02102480,target_4dB,4,CL,V_decision,acc_k6,0.06481481481481481
21,n02105641/ILSVRC2012_val_00018762_n02105641,target_4dB,4,CL,V_decision,acc_k6,0.07407407407407407
22,n02106550/ILSVRC2012_val_00014315_n02106550,target_4dB,4,CL,V_decision,acc_k6,0.14814814814814814
23,n02107683/ILSVRC2012_val_00010786_n02107683,target_4dB,4,CL,V_decision,acc_k6,0.027777777777777776
24,n02110806/ILSVRC2012_val_00030364_n02110806,target_4dB,4,CL,V_decision,acc_k6,0.1111111111111111
25,n02113799/ILSVRC2012_val_00007866_n02113799,target_4dB,4,CL,V_decision,acc_k6,0.10185185185185186
26,n02123159/ILSVRC2012_val_00025723_n02123159,target_4dB,4,CL,V_decision,acc_k6,0.0925925925925926
27,n02134084/ILSVRC2012_val_00020332_n02134084,target_4dB,4,CL,V_decision,acc_k6,0.037037037037037035
28,n02168699/ILSVRC2012_val_00040132_n02168699,target_4dB,4,CL,V_decision,acc_k6,0.018518518518518517
29,n02233338/ILSVRC2012_val_00016160_n02233338,target_4dB,4,CL,V_decision,acc_k6,0.08333333333333333
30,n02264363/ILSVRC2012_val_00027803_n02264363,target_4dB,4,CL,V_decision,acc_k6,0.037037037037037035
31,n02277742/ILSVRC2012_val_00015608_n02277742,target_4dB,4,CL,V_decision,acc_k6,0.0925925925925926
32,n02325366/ILSVRC2012_val_00024858_n02325366,target_4dB,4,CL,V_decision,acc_k6,0.0925925925925926
33,n02398521/ILSVRC2012_val_00018354_n02398521,target_4dB,4,CL,V_decision,acc_k6,0.05555555555555556
34,n02410509/ILSVRC2012_val_00022568_n02410509,target_4dB,4,CL,V_decision,acc_k6,0.027777777777777776
35,n02437312/ILSVRC2012_val_00006245_n02437312,target_4dB,4,CL,V_decision,acc_k6,0.08333333333333333
36,n02486410/ILSVRC2012_val_00009799_n02486410,target_4dB,4,CL,V_decision,acc_k6,0.018518518518518517
37,n02509815/ILSVRC2012_val_00014423_n02509815,target_4dB,4,CL,V_decision,acc_k6,0.05555555555555555
38,n02708093/ILSVRC2012_val_00024690_n02708093,target_4dB,4,CL,V_decision,acc_k6,0.11111111111111112
39,n02776631/ILSVRC2012_val_00028186_n02776631,target_4dB,4,CL,V_decision,acc_k6,0.07407407407407407
40,n02788148/ILSVRC2012_val_00012264_n02788148,target_4dB,4,CL,V_decision,acc_k6,0.07407407407407407
41,n02834397/ILSVRC2012_val_00010741_n02834397,target_4dB,4,CL,V_decision,acc_k6,0.06481481481481481
42,n02841315/ILSVRC2012_val_00014601_n02841315,target_4dB,4,CL,V_decision,acc_k6,0.06481481481481481
43,n02910353/ILSVRC2012_val_00017543_n02910353,target_4dB,4,CL,V_decision,acc_k6,0.05555555555555556
44,n02951585/ILSVRC2012_val_00008336_n02951585,target_4dB,4,CL,V_decision,acc_k6,0.037037037037037035
45,n02980441/ILSVRC2012_val_00023472_n02980441,target_4dB,4,CL,V_decision,acc_k6,0.05555555555555555
46,n03028079/ILSVRC2012_val_00031446_n03028079,target_4dB,4,CL,V_decision,acc_k6,0.08333333333333333
47,n03109150/ILSVRC2012_val_00032588_n03109150,target_4dB,4,CL,V_decision,acc_k6,0.027777777777777776
48,n03127747/ILSVRC2012_val_00003732_n03127747,target_4dB,4,CL,V_decision,acc_k6,0.05555555555555555
49,n03220513/ILSVRC2012_val_00006359_n03220513,target_4dB,4,CL,V_decision,acc_k6,0.037037037037037035
50,n03372029/ILSVRC2012_val_00034937_n03372029,target_4dB,4,CL,V_decision,acc_k6,0.06481481481481481
51,n03388549/ILSVRC2012_val_00022928_n03388549,target_4dB,4,CL,V_decision,acc_k6,0.0462962962962963
52,n03424325/ILSVRC2012_val_00006147_n03424325,target_4dB,4,CL,V_decision,acc_k6,0.037037037037037035
53,n03447721/ILSVRC2012_val_00006942_n03447721,target_4dB,4,CL,V_decision,acc_k6,0.07407407407407407
54,n03485794/ILSVRC2012_val_00010782_n03485794,target_4dB,4,CL,V_decision,acc_k6,0.08333333333333333
55,n03527444/ILSVRC2012_val_00035251_n03527444,target_4dB,4,CL,V_decision,acc_k6,0.06481481481481481
56,n03584254/ILSVRC2012_val_00016384_n03584254,target_4dB,4,CL,V_decision,acc_k6,0.027777777777777776
57,n03623198/ILSVRC2012_val_00019928_n03623198,target_4dB,4,CL,V_decision,acc_k6,0.027777777777777776
58,n03657121/ILSVRC2012_val_00000359_n03657121,target_4dB,4,CL,V_decision,acc_k6,0.009259259259259259
59,n03706229/ILSVRC2012_val_00017460_n03706229,target_4dB,4,CL,V_decision,acc_k6,0.0462962962962963
60,n03759954/ILSVRC2012_val_00010804_n03759954,target_4dB,4,CL,V_decision,acc_k6,0.12962962962962962
61,n03775071/ILSVRC2012_val_00002420_n03775071,target_4dB,4,CL,V_decision,acc_k6,0.009259259259259259
62,n03782006/ILSVRC2012_val_00004758_n03782006,target_4dB,4,CL,V_decision,acc_k6,0.05555555555555555
63,n03796401/ILSVRC2012_val_00025827_n03796401,target_4dB,4,CL,V_decision,acc_k6,0.0925925925925926
64,n03866082/ILSVRC2012_val_00003554_n03866082,target_4dB,4,CL,V_decision,acc_k6,0.07407407407407407
65,n03876231/ILSVRC2012_val_00022714_n03876231,target_4dB,4,CL,V_decision,acc_k6,0.09259259259259257
66,n03929660/ILSVRC2012_val_00012300_n03929660,target_4dB,4,CL,V_decision,acc_k6,0.0462962962962963
67,n03950228/ILSVRC2012_val_00019039_n03950228,target_4dB,4,CL,V_decision,acc_k6,0.027777777777777776
68,n03977966/ILSVRC2012_val_00027383_n03977966,target_4dB,4,CL,V_decision,acc_k6,0.0925925925925926
69,n03983396/ILSVRC2012_val_00012891_n03983396,target_4dB,4,CL,V_decision,acc_k6,0.037037037037037035
70,n04044716/ILSVRC2012_val_00039752_n04044716,target_4dB,4,CL,V_decision,acc_k6,0.05555555555555555
71,n04067472/ILSVRC2012_val_00007618_n04067472,target_4dB,4,CL,V_decision,acc_k6,0.1111111111111111
72,n04111531/ILSVRC2012_val_00013982_n04111531,target_4dB,4,CL,V_decision,acc_k6,0.08333333333333333
73,n04131690/ILSVRC2012_val_00002728_n04131690,target_4dB,4,CL,V_decision,acc_k6,0.05555555555555555
74,n04153751/ILSVRC2012_val_00008426_n04153751,target_4dB,4,CL,V_decision,acc_k6,0.0
75,n04204347/ILSVRC2012_val_00018921_n04204347,target_4dB,4,CL,V_decision,acc_k6,0.05555555555555555
76,n04235860/ILSVRC2012_val_00004033_n04235860,target_4dB,4,CL,V_decision,acc_k6,0.0462962962962963
77,n04252077/ILSVRC2012_val_00012989_n04252077,target_4dB,4,CL,V_decision,acc_k6,0.07407407407407407
78,n04310018/ILSVRC2012_val_00003156_n04310018,target_4dB,4,CL,V_decision,acc_k6,0.08333333333333333
79,n04328186/ILSVRC2012_val_00014795_n04328186,target_4dB,4,CL,V_decision,acc_k6,0.0462962962962963
80,n04346328/ILSVRC2012_val_00003305_n04346328,target_4dB,4,CL,V_decision,acc_k6,0.05555555555555555
81,n04357314/ILSVRC2012_val_00009430_n04357314,target_4dB,4,CL,V_decision,acc_k6,0.12037037037037036
82,n04371774/ILSVRC2012_val_00030870_n04371774,target_4dB,4,CL,V_decision,acc_k6,0.07407407407407407
83,n04392985/ILSVRC2012_val_00029362_n04392985,target_4dB,4,CL,V_decision,acc_k6,0.08333333333333333
84,n04456115/ILSVRC2012_val_00002331_n04456115,target_4dB,4,CL,V_decision,acc_k6,0.10185185185185186
85,n04485082/ILSVRC2012_val_00000955_n04485082,target_4dB,4,CL,V_decision,acc_k6,0.10185185185185185
86,n04515003/ILSVRC2012_val_00002400_n04515003,target_4dB,4,CL,V_decision,acc_k6,0.018518518518518517
87,n04540053/ILSVRC2012_val_00007665_n04540053,target_4dB,4,CL,V_decision,acc_k6,0.06481481481481481
88,n04560804/ILSVRC2012_val_00029830_n04560804,target_4dB,4,CL,V_decision,acc_k6,0.05555555555555555
89,n04596742/ILSVRC2012_val_00007608_n04596742,target_4dB,4,CL,V_decision,acc_k6,0.06481481481481481
90,n07583066/ILSVRC2012_val_00001378_n07583066,target_4dB,4,CL,V_decision,acc_k6,0.10185185185185186
91,n07590611/ILSVRC2012_val_00030972_n07590611,target_4dB,4,CL,V_decision,acc_k6,0.13888888888888887
92,n07714990/ILSVRC2012_val_00008416_n07714990,target_4dB,4,CL,V_decision,acc_k6,0.06481481481481481
93,n07716906/ILSVRC2012_val_00011140_n07716906,target_4dB,4,CL,V_decision,acc_k6,0.07407407407407407
94,n07720875/ILSVRC2012_val_00000423_n07720875,target_4dB,4,CL,V_decision,acc_k6,0.0462962962962963
95,n07860988/ILSVRC2012_val_00010848_n07860988,target_4dB,4,CL,V_decision,acc_k6,0.06481481481481481
96,n09288635/ILSVRC2012_val_00001270_n09288635,target_4dB,4,CL,V_decision,acc_k6,0.06481481481481481
97,n09468604/ILSVRC2012_val_00030741_n09468604,target_4dB,4,CL,V_decision,acc_k6,0.05555555555555555
98,n11939491/ILSVRC2012_val_00034896_n11939491,target_4dB,4,CL,V_decision,acc_k6,0.0925925925925926
99,n15075141/ILSVRC2012_val_00005846_n15075141,target_4dB,4,CL,V_decision,acc_k6,0.0462962962962963
0,n01440764/ILSVRC2012_val_00003014_n01440764,target_4dB,4,CL,V_decision,logp_true_k6,-9.912121164609237
1,n01601694/ILSVRC2012_val_00021656_n01601694,target_4dB,4,CL,V_decision,logp_true_k6,-10.189410720500206
2,n01664065/ILSVRC2012_val_00014316_n01664065,target_4dB,4,CL,V_decision,logp_true_k6,-9.104958502864639
3,n01689811/ILSVRC2012_val_00020598_n01689811,target_4dB,4,CL,V_decision,logp_true_k6,-11.013772637945495
4,n01735189/ILSVRC2012_val_00006699_n01735189,target_4dB,4,CL,V_decision,logp_true_k6,-11.02855376234004
5,n01744401/ILSVRC2012_val_00032663_n01744401,target_4dB,4,CL,V_decision,logp_true_k6,-9.313483750930539
6,n01751748/ILSVRC2012_val_00033157_n01751748,target_4dB,4,CL,V_decision,logp_true_k6,-9.364265505224465
7,n01775062/ILSVRC2012_val_00036589_n01775062,target_4dB,4,CL,V_decision,logp_true_k6,-8.720893308865252
8,n01843383/ILSVRC2012_val_00005901_n01843383,target_4dB,4,CL,V_decision,logp_true_k6,-8.847845596274324
9,n01860187/ILSVRC2012_val_00021594_n01860187,target_4dB,4,CL,V_decision,logp_true_k6,-10.341930872495544
10,n01882714/ILSVRC2012_val_00019996_n01882714,target_4dB,4,CL,V_decision,logp_true_k6,-9.814648036620822
11,n01943899/ILSVRC2012_val_00005706_n01943899,target_4dB,4,CL,V_decision,logp_true_k6,-9.542394831865009
12,n01955084/ILSVRC2012_val_00001857_n01955084,target_4dB,4,CL,V_decision,logp_true_k6,-10.62783720978984
13,n01983481/ILSVRC2012_val_00019856_n01983481,target_4dB,4,CL,V_decision,logp_true_k6,-9.08869460115528
14,n02013706/ILSVRC2012_val_00003168_n02013706,target_4dB,4,CL,V_decision,logp_true_k6,-10.927061662371097
15,n02027492/ILSVRC2012_val_00007524_n02027492,target_4dB,4,CL,V_decision,logp_true_k6,-10.451687858267514
16,n02088094/ILSVRC2012_val_00005507_n02088094,target_4dB,4,CL,V_decision,logp_true_k6,-11.131997758246683
17,n02090622/ILSVRC2012_val_00006265_n02090622,target_4dB,4,CL,V_decision,logp_true_k6,-10.413981416909438
18,n02096177/ILSVRC2012_val_00019083_n02096177,target_4dB,4,CL,V_decision,logp_true_k6,-10.370442149953709
19,n02098286/ILSVRC2012_val_00038253_n02098286,target_4dB,4,CL,V_decision,logp_true_k6,-10.27661196931041
20,n02102480/ILSVRC2012_val_00010261_n02102480,target_4dB,4,CL,V_decision,logp_true_k6,-9.749041008172314
21,n02105641/ILSVRC2012_val_00018762_n02105641,target_4dB,4,CL,V_decision,logp_true_k6,-9.73544609312106
22,n02106550/ILSVRC2012_val_00014315_n02106550,target_4dB,4,CL,V_decision,logp_true_k6,-8.500301762637077
23,n02107683/ILSVRC2012_val_00010786_n02107683,target_4dB,4,CL,V_decision,logp_true_k6,-10.005212899987344
24,n02110806/ILSVRC2012_val_00030364_n02110806,target_4dB,4,CL,V_decision,logp_true_k6,-9.374849897656262
25,n02113799/ILSVRC2012_val_00007866_n02113799,target_4dB,4,CL,V_decision,logp_true_k6,-10.396143096193015
26,n02123159/ILSVRC2012_val_00025723_n02123159,target_4dB,4,CL,V_decision,logp_true_k6,-11.059032074391359
27,n02134084/ILSVRC2012_val_00020332_n02134084,target_4dB,4,CL,V_decision,logp_true_k6,-12.912646946255807
28,n02168699/ILSVRC2012_val_00040132_n02168699,target_4dB,4,CL,V_decision,logp_true_k6,-11.060060132432866
29,n02233338/ILSVRC2012_val_00016160_n02233338,target_4dB,4,CL,V_decision,logp_true_k6,-10.273344432279742
30,n02264363/ILSVRC2012_val_00027803_n02264363,target_4dB,4,CL,V_decision,logp_true_k6,-10.85987139624302
31,n02277742/ILSVRC2012_val_00015608_n02277742,target_4dB,4,CL,V_decision,logp_true_k6,-9.810477888280595
32,n02325366/ILSVRC2012_val_00024858_n02325366,target_4dB,4,CL,V_decision,logp_true_k6,-9.514429544426902
33,n02398521/ILSVRC2012_val_00018354_n02398521,target_4dB,4,CL,V_decision,logp_true_k6,-8.931952851307061
34,n02410509/ILSVRC2012_val_00022568_n02410509,target_4dB,4,CL,V_decision,logp_true_k6,-10.51518000545049
35,n02437312/ILSVRC2012_val_00006245_n02437312,target_4dB,4,CL,V_decision,logp_true_k6,-10.3245812178141
36,n02486410/ILSVRC2012_val_00009799_n02486410,target_4dB,4,CL,V_decision,logp_true_k6,-11.151168499228163
37,n02509815/ILSVRC2012_val_00014423_n02509815,target_4dB,4,CL,V_decision,logp_true_k6,-9.626532531308907
38,n02708093/ILSVRC2012_val_00024690_n02708093,target_4dB,4,CL,V_decision,logp_true_k6,-10.450619497336445
39,n02776631/ILSVRC2012_val_00028186_n02776631,target_4dB,4,CL,V_decision,logp_true_k6,-11.129339693909666
40,n02788148/ILSVRC2012_val_00012264_n02788148,target_4dB,4,CL,V_decision,logp_true_k6,-9.817213694303064
41,n02834397/ILSVRC2012_val_00010741_n02834397,target_4dB,4,CL,V_decision,logp_true_k6,-11.099165812272716
42,n02841315/ILSVRC2012_val_00014601_n02841315,target_4dB,4,CL,V_decision,logp_true_k6,-10.964887953544448
43,n02910353/ILSVRC2012_val_00017543_n02910353,target_4dB,4,CL,V_decision,logp_true_k6,-10.465507825004385
44,n02951585/ILSVRC2012_val_00008336_n02951585,target_4dB,4,CL,V_decision,logp_true_k6,-10.626326574633518
45,n02980441/ILSVRC2012_val_00023472_n02980441,target_4dB,4,CL,V_decision,logp_true_k6,-10.317687376346266
46,n03028079/ILSVRC2012_val_00031446_n03028079,target_4dB,4,CL,V_decision,logp_true_k6,-9.695130318437736
47,n03109150/ILSVRC2012_val_00032588_n03109150,target_4dB,4,CL,V_decision,logp_true_k6,-10.260618244349542
48,n03127747/ILSVRC2012_val_00003732_n03127747,target_4dB,4,CL,V_decision,logp_true_k6,-11.119008041616459
49,n03220513/ILSVRC2012_val_00006359_n03220513,target_4dB,4,CL,V_decision,logp_true_k6,-10.484665508088828
50,n03372029/ILSVRC2012_val_00034937_n03372029,target_4dB,4,CL,V_decision,logp_true_k6,-11.272560657482783
51,n03388549/ILSVRC2012_val_00022928_n03388549,target_4dB,4,CL,V_decision,logp_true_k6,-10.479593055853103
52,n03424325/ILSVRC2012_val_00006147_n03424325,target_4dB,4,CL,V_decision,logp_true_k6,-12.158569245944143
53,n03447721/ILSVRC2012_val_00006942_n03447721,target_4dB,4,CL,V_decision,logp_true_k6,-10.046249228796114
54,n03485794/ILSVRC2012_val_00010782_n03485794,target_4dB,4,CL,V_decision,logp_true_k6,-10.84497424925643
55,n03527444/ILSVRC2012_val_00035251_n03527444,target_4dB,4,CL,V_decision,logp_true_k6,-10.374448891163746
56,n03584254/ILSVRC2012_val_00016384_n03584254,target_4dB,4,CL,V_decision,logp_true_k6,-11.303132730501668
57,n03623198/ILSVRC2012_val_00019928_n03623198,target_4dB,4,CL,V_decision,logp_true_k6,-10.930926805482832
58,n03657121/ILSVRC2012_val_00000359_n03657121,target_4dB,4,CL,V_decision,logp_true_k6,-11.818223908129665
59,n03706229/ILSVRC2012_val_00017460_n03706229,target_4dB,4,CL,V_decision,logp_true_k6,-9.874866655924253
60,n03759954/ILSVRC2012_val_00010804_n03759954,target_4dB,4,CL,V_decision,logp_true_k6,-9.870370283790786
61,n03775071/ILSVRC2012_val_00002420_n03775071,target_4dB,4,CL,V_decision,logp_true_k6,-9.56209336110839
62,n03782006/ILSVRC2012_val_00004758_n03782006,target_4dB,4,CL,V_decision,logp_true_k6,-10.968806383738949
63,n03796401/ILSVRC2012_val_00025827_n03796401,target_4dB,4,CL,V_decision,logp_true_k6,-9.990775056256636
64,n03866082/ILSVRC2012_val_00003554_n03866082,target_4dB,4,CL,V_decision,logp_true_k6,-9.761056974806166
65,n03876231/ILSVRC2012_val_00022714_n03876231,target_4dB,4,CL,V_decision,logp_true_k6,-8.883498460744265
66,n03929660/ILSVRC2012_val_00012300_n03929660,target_4dB,4,CL,V_decision,logp_true_k6,-11.297503023097912
67,n03950228/ILSVRC2012_val_00019039_n03950228,target_4dB,4,CL,V_decision,logp_true_k6,-10.442139794774073
68,n03977966/ILSVRC2012_val_00027383_n03977966,target_4dB,4,CL,V_decision,logp_true_k6,-9.203502792123428
69,n03983396/ILSVRC2012_val_00012891_n03983396,target_4dB,4,CL,V_decision,logp_true_k6,-11.08342578013738
70,n04044716/ILSVRC2012_val_00039752_n04044716,target_4dB,4,CL,V_decision,logp_true_k6,-11.719118400856297
71,n04067472/ILSVRC2012_val_00007618_n04067472,target_4dB,4,CL,V_decision,logp_true_k6,-8.723202259154208
72,n04111531/ILSVRC2012_val_00013982_n04111531,target_4dB,4,CL,V_decision,logp_true_k6,-10.414844356739195
73,n04131690/ILSVRC2012_val_00002728_n04131690,target_4dB,4,CL,V_decision,logp_true_k6,-9.6870273240428
74,n04153751/ILSVRC2012_val_00008426_n04153751,target_4dB,4,CL,V_decision,logp_true_k6,-12.625431873180247
75,n04204347/ILSVRC2012_val_00018921_n04204347,target_4dB,4,CL,V_decision,logp_true_k6,-9.686232076474914
76,n04235860/ILSVRC2012_val_00004033_n04235860,target_4dB,4,CL,V_decision,logp_true_k6,-11.701101126949718
77,n04252077/ILSVRC2012_val_00012989_n04252077,target_4dB,4,CL,V_decision,logp_true_k6,-9.978978418262193
78,n04310018/ILSVRC2012_val_00003156_n04310018,target_4dB,4,CL,V_decision,logp_true_k6,-10.887935027182989
79,n04328186/ILSVRC2012_val_00014795_n04328186,target_4dB,4,CL,V_decision,logp_true_k6,-10.762049456502103
80,n04346328/ILSVRC2012_val_00003305_n04346328,target_4dB,4,CL,V_decision,logp_true_k6,-10.08374221071049
81,n04357314/ILSVRC2012_val_00009430_n04357314,target_4dB,4,CL,V_decision,logp_true_k6,-9.419635108732647
82,n04371774/ILSVRC2012_val_00030870_n04371774,target_4dB,4,CL,V_decision,logp_true_k6,-11.245691980580213
83,n04392985/ILSVRC2012_val_00029362_n04392985,target_4dB,4,CL,V_decision,logp_true_k6,-9.526142569941527
84,n04456115/ILSVRC2012_val_00002331_n04456115,target_4dB,4,CL,V_decision,logp_true_k6,-10.936570940640564
85,n04485082/ILSVRC2012_val_00000955_n04485082,target_4dB,4,CL,V_decision,logp_true_k6,-10.119535177514921
86,n04515003/ILSVRC2012_val_00002400_n04515003,target_4dB,4,CL,V_decision,logp_true_k6,-10.954124530156454
87,n04540053/ILSVRC2012_val_00007665_n04540053,target_4dB,4,CL,V_decision,logp_true_k6,-9.687979716044572
88,n04560804/ILSVRC2012_val_00029830_n04560804,target_4dB,4,CL,V_decision,logp_true_k6,-9.740235470726878
89,n04596742/ILSVRC2012_val_00007608_n04596742,target_4dB,4,CL,V_decision,logp_true_k6,-11.858305111182508
90,n07583066/ILSVRC2012_val_00001378_n07583066,target_4dB,4,CL,V_decision,logp_true_k6,-9.081595115047742
91,n07590611/ILSVRC2012_val_00030972_n07590611,target_4dB,4,CL,V_decision,logp_true_k6,-9.33394180222459
92,n07714990/ILSVRC2012_val_00008416_n07714990,target_4dB,4,CL,V_decision,logp_true_k6,-10.774460940789949
93,n07716906/ILSVRC2012_val_00011140_n07716906,target_4dB,4,CL,V_decision,logp_true_k6,-9.7795735147385
94,n07720875/ILSVRC2012_val_00000423_n07720875,target_4dB,4,CL,V_decision,logp_true_k6,-11.192033852847224
95,n07860988/ILSVRC2012_val_00010848_n07860988,target_4dB,4,CL,V_decision,logp_true_k6,-11.120551612683977
96,n09288635/ILSVRC2012_val_00001270_n09288635,target_4dB,4,CL,V_decision,logp_true_k6,-10.708966713398695
97,n09468604/ILSVRC2012_val_00030741_n09468604,target_4dB,4,CL,V_decision,logp_true_k6,-10.958027457887376
98,n11939491/ILSVRC2012_val_00034896_n11939491,target_4dB,4,CL,V_decision,logp_true_k6,-9.59941928792331
99,n15075141/ILSVRC2012_val_00005846_n15075141,target_4dB,4,CL,V_decision,logp_true_k6,-11.681018549634176
0,n01440764/ILSVRC2012_val_00003014_n01440764,target_4dB,4,CL,V_decision,entropy_k6,1.0230506639102233
1,n01601694/ILSVRC2012_val_00021656_n01601694,target_4dB,4,CL,V_decision,entropy_k6,1.624414870947426
2,n01664065/ILSVRC2012_val_00014316_n01664065,target_4dB,4,CL,V_decision,entropy_k6,1.0993949537039265
3,n01689811/ILSVRC2012_val_00020598_n01689811,target_4dB,4,CL,V_decision,entropy_k6,1.3370198382435616
4,n01735189/ILSVRC2012_val_00006699_n01735189,target_4dB,4,CL,V_decision,entropy_k6,1.378056686487071
5,n01744401/ILSVRC2012_val_00032663_n01744401,target_4dB,4,CL,V_decision,entropy_k6,2.0454195450239347
6,n01751748/ILSVRC2012_val_00033157_n01751748,target_4dB,4,CL,V_decision,entropy_k6,1.9250817438107244
7,n01775062/ILSVRC2012_val_00036589_n01775062,target_4dB,4,CL,V_decision,entropy_k6,1.3195993499896117
8,n01843383/ILSVRC2012_val_00005901_n01843383,target_4dB,4,CL,V_decision,entropy_k6,1.1701606237854179
9,n01860187/ILSVRC2012_val_00021594_n01860187,target_4dB,4,CL,V_decision,entropy_k6,1.1810919212243827
10,n01882714/ILSVRC2012_val_00019996_n01882714,target_4dB,4,CL,V_decision,entropy_k6,1.2312486597719579
11,n01943899/ILSVRC2012_val_00005706_n01943899,target_4dB,4,CL,V_decision,entropy_k6,1.5303027125305835
12,n01955084/ILSVRC2012_val_00001857_n01955084,target_4dB,4,CL,V_decision,entropy_k6,1.3188132037512053
13,n01983481/ILSVRC2012_val_00019856_n01983481,target_4dB,4,CL,V_decision,entropy_k6,1.1814675919323294
14,n02013706/ILSVRC2012_val_00003168_n02013706,target_4dB,4,CL,V_decision,entropy_k6,1.098550223404503
15,n02027492/ILSVRC2012_val_00007524_n02027492,target_4dB,4,CL,V_decision,entropy_k6,1.4028643378184433
16,n02088094/ILSVRC2012_val_00005507_n02088094,target_4dB,4,CL,V_decision,entropy_k6,1.4443178657807596
17,n02090622/ILSVRC2012_val_00006265_n02090622,target_4dB,4,CL,V_decision,entropy_k6,1.2492952858656832
18,n02096177/ILSVRC2012_val_00019083_n02096177,target_4dB,4,CL,V_decision,entropy_k6,1.442666949450991
19,n02098286/ILSVRC2012_val_00038253_n02098286,target_4dB,4,CL,V_decision,entropy_k6,1.3541018935716267
20,n02102480/ILSVRC2012_val_00010261_n02102480,target_4dB,4,CL,V_decision,entropy_k6,1.6610418654701418
21,n02105641/ILSVRC2012_val_00018762_n02105641,target_4dB,4,CL,V_decision,entropy_k6,1.208171265205753
22,n02106550/ILSVRC2012_val_00014315_n02106550,target_4dB,4,CL,V_decision,entropy_k6,1.195413771570889
23,n02107683/ILSVRC2012_val_00010786_n02107683,target_4dB,4,CL,V_decision,entropy_k6,1.6607430394653686
24,n02110806/ILSVRC2012_val_00030364_n02110806,target_4dB,4,CL,V_decision,entropy_k6,1.205470021653021
25,n02113799/ILSVRC2012_val_00007866_n02113799,target_4dB,4,CL,V_decision,entropy_k6,1.2777798107633724
26,n02123159/ILSVRC2012_val_00025723_n02123159,target_4dB,4,CL,V_decision,entropy_k6,1.2385781448769961
27,n02134084/ILSVRC2012_val_00020332_n02134084,target_4dB,4,CL,V_decision,entropy_k6,1.5287349214735781
28,n02168699/ILSVRC2012_val_00040132_n02168699,target_4dB,4,CL,V_decision,entropy_k6,1.6735247380248757
29,n02233338/ILSVRC2012_val_00016160_n02233338,target_4dB,4,CL,V_decision,entropy_k6,1.2314064306443533
30,n02264363/ILSVRC2012_val_00027803_n02264363,target_4dB,4,CL,V_decision,entropy_k6,1.8450223811719517
31,n02277742/ILSVRC2012_val_00015608_n02277742,target_4dB,4,CL,V_decision,entropy_k6,1.3122698328324733
32,n02325366/ILSVRC2012_val_00024858_n02325366,target_4dB,4,CL,V_decision,entropy_k6,1.086532832110896
33,n02398521/ILSVRC2012_val_00018354_n02398521,target_4dB,4,CL,V_decision,entropy_k6,1.3719306030397949
34,n02410509/ILSVRC2012_val_00022568_n02410509,target_4dB,4,CL,V_decision,entropy_k6,1.5251677785671207
35,n02437312/ILSVRC2012_val_00006245_n02437312,target_4dB,4,CL,V_decision,entropy_k6,1.3774769590621674
36,n02486410/ILSVRC2012_val_00009799_n02486410,target_4dB,4,CL,V_decision,entropy_k6,1.4720995063766995
37,n02509815/ILSVRC2012_val_00014423_n02509815,target_4dB,4,CL,V_decision,entropy_k6,1.4834875841606665
38,n02708093/ILSVRC2012_val_00024690_n02708093,target_4dB,4,CL,V_decision,entropy_k6,1.437824019068378
39,n02776631/ILSVRC2012_val_00028186_n02776631,target_4dB,4,CL,V_decision,entropy_k6,1.2152701457856372
40,n02788148/ILSVRC2012_val_00012264_n02788148,target_4dB,4,CL,V_decision,entropy_k6,1.3938861130924565
41,n02834397/ILSVRC2012_val_00010741_n02834397,target_4dB,4,CL,V_decision,entropy_k6,1.4509818216311832
42,n02841315/ILSVRC2012_val_00014601_n02841315,target_4dB,4,CL,V_decision,entropy_k6,1.3755188161820797
43,n02910353/ILSVRC2012_val_00017543_n02910353,target_4dB,4,CL,V_decision,entropy_k6,1.2249366268142214
44,n02951585/ILSVRC2012_val_00008336_n02951585,target_4dB,4,CL,V_decision,entropy_k6,1.7159122967545446
45,n02980441/ILSVRC2012_val_00023472_n02980441,target_4dB,4,CL,V_decision,entropy_k6,1.4784284303043778
46,n03028079/ILSVRC2012_val_00031446_n03028079,target_4dB,4,CL,V_decision,entropy_k6,1.4255068728942177
47,n03109150/ILSVRC2012_val_00032588_n03109150,target_4dB,4,CL,V_decision,entropy_k6,1.7295107095686422
48,n03127747/ILSVRC2012_val_00003732_n03127747,target_4dB,4,CL,V_decision,entropy_k6,1.3389713389785036
49,n03220513/ILSVRC2012_val_00006359_n03220513,target_4dB,4,CL,V_decision,entropy_k6,1.4990864157563148
50,n03372029/ILSVRC2012_val_00034937_n03372029,target_4dB,4,CL,V_decision,entropy_k6,1.2998831251200331
51,n03388549/ILSVRC2012_val_00022928_n03388549,target_4dB,4,CL,V_decision,entropy_k6,1.2465896356985078
52,n03424325/ILSVRC2012_val_00006147_n03424325,target_4dB,4,CL,V_decision,entropy_k6,1.4728198206982086
53,n03447721/ILSVRC2012_val_00006942_n03447721,target_4dB,4,CL,V_decision,entropy_k6,1.0113895415427276
54,n03485794/ILSVRC2012_val_00010782_n03485794,target_4dB,4,CL,V_decision,entropy_k6,1.6254162264380791
55,n03527444/ILSVRC2012_val_00035251_n03527444,target_4dB,4,CL,V_decision,entropy_k6,1.2547509287540657
56,n03584254/ILSVRC2012_val_00016384_n03584254,target_4dB,4,CL,V_decision,entropy_k6,1.802286993583161
57,n03623198/ILSVRC2012_val_00019928_n03623198,target_4dB,4,CL,V_decision,entropy_k6,1.5229707215828032
58,n03657121/ILSVRC2012_val_00000359_n03657121,target_4dB,4,CL,V_decision,entropy_k6,1.581138434150595
59,n03706229/ILSVRC2012_val_00017460_n03706229,target_4dB,4,CL,V_decision,entropy_k6,1.5603076337909687
60,n03759954/ILSVRC2012_val_00010804_n03759954,target_4dB,4,CL,V_decision,entropy_k6,0.8813790521588457
61,n03775071/ILSVRC2012_val_00002420_n03775071,target_4dB,4,CL,V_decision,entropy_k6,1.7555213833545862
62,n03782006/ILSVRC2012_val_00004758_n03782006,target_4dB,4,CL,V_decision,entropy_k6,1.2454108430598725
63,n03796401/ILSVRC2012_val_00025827_n03796401,target_4dB,4,CL,V_decision,entropy_k6,1.2631102757079848
64,n03866082/ILSVRC2012_val_00003554_n03866082,target_4dB,4,CL,V_decision,entropy_k6,1.4160013626534695
65,n03876231/ILSVRC2012_val_00022714_n03876231,target_4dB,4,CL,V_decision,entropy_k6,1.6793294601494742
66,n03929660/ILSVRC2012_val_00012300_n03929660,target_4dB,4,CL,V_decision,entropy_k6,1.7276400802365153
67,n03950228/ILSVRC2012_val_00019039_n03950228,target_4dB,4,CL,V_decision,entropy_k6,1.6504153268154222
68,n03977966/ILSVRC2012_val_00027383_n03977966,target_4dB,4,CL,V_decision,entropy_k6,1.2448451654839174
69,n03983396/ILSVRC2012_val_00012891_n03983396,target_4dB,4,CL,V_decision,entropy_k6,1.3500435688691923
70,n04044716/ILSVRC2012_val_00039752_n04044716,target_4dB,4,CL,V_decision,entropy_k6,1.9434466413832274
71,n04067472/ILSVRC2012_val_00007618_n04067472,target_4dB,4,CL,V_decision,entropy_k6,1.2200830036704504
72,n04111531/ILSVRC2012_val_00013982_n04111531,target_4dB,4,CL,V_decision,entropy_k6,1.300300408075212
73,n04131690/ILSVRC2012_val_00002728_n04131690,target_4dB,4,CL,V_decision,entropy_k6,1.4806451857112573
74,n04153751/ILSVRC2012_val_00008426_n04153751,target_4dB,4,CL,V_decision,entropy_k6,1.6816433277100478
75,n04204347/ILSVRC2012_val_00018921_n04204347,target_4dB,4,CL,V_decision,entropy_k6,1.4142005798278452
76,n04235860/ILSVRC2012_val_00004033_n04235860,target_4dB,4,CL,V_decision,entropy_k6,1.1724881872070174
77,n04252077/ILSVRC2012_val_00012989_n04252077,target_4dB,4,CL,V_decision,entropy_k6,1.327371362391336
78,n04310018/ILSVRC2012_val_00003156_n04310018,target_4dB,4,CL,V_decision,entropy_k6,1.186705607360794
79,n04328186/ILSVRC2012_val_00014795_n04328186,target_4dB,4,CL,V_decision,entropy_k6,1.578015720566822
80,n04346328/ILSVRC2012_val_00003305_n04346328,target_4dB,4,CL,V_decision,entropy_k6,1.2895438907540784
81,n04357314/ILSVRC2012_val_00009430_n04357314,target_4dB,4,CL,V_decision,entropy_k6,1.2223463316861798
82,n04371774/ILSVRC2012_val_00030870_n04371774,target_4dB,4,CL,V_decision,entropy_k6,1.4805686464427172
83,n04392985/ILSVRC2012_val_00029362_n04392985,target_4dB,4,CL,V_decision,entropy_k6,1.4050204085761593
84,n04456115/ILSVRC2012_val_00002331_n04456115,target_4dB,4,CL,V_decision,entropy_k6,1.3767838799330894
85,n04485082/ILSVRC2012_val_00000955_n04485082,target_4dB,4,CL,V_decision,entropy_k6,1.2334883226237279
86,n04515003/ILSVRC2012_val_00002400_n04515003,target_4dB,4,CL,V_decision,entropy_k6,1.345702652150128
87,n04540053/ILSVRC2012_val_00007665_n04540053,target_4dB,4,CL,V_decision,entropy_k6,1.2266211052139788
88,n04560804/ILSVRC2012_val_00029830_n04560804,target_4dB,4,CL,V_decision,entropy_k6,0.8592223904150652
89,n04596742/ILSVRC2012_val_00007608_n04596742,target_4dB,4,CL,V_decision,entropy_k6,1.3941286978827294
90,n07583066/ILSVRC2012_val_00001378_n07583066,target_4dB,4,CL,V_decision,entropy_k6,1.1895765689963615
91,n07590611/ILSVRC2012_val_00030972_n07590611,target_4dB,4,CL,V_decision,entropy_k6,0.8978743801887692
92,n07714990/ILSVRC2012_val_00008416_n07714990,target_4dB,4,CL,V_decision,entropy_k6,1.177263128738126
93,n07716906/ILSVRC2012_val_00011140_n07716906,target_4dB,4,CL,V_decision,entropy_k6,1.5319686923546012
94,n07720875/ILSVRC2012_val_00000423_n07720875,target_4dB,4,CL,V_decision,entropy_k6,1.3373351033006957
95,n07860988/ILSVRC2012_val_00010848_n07860988,target_4dB,4,CL,V_decision,entropy_k6,1.1645911309379435
96,n09288635/ILSVRC2012_val_00001270_n09288635,target_4dB,4,CL,V_decision,entropy_k6,1.5239081830121617
97,n09468604/ILSVRC2012_val_00030741_n09468604,target_4dB,4,CL,V_decision,entropy_k6,1.4593756442127257
98,n11939491/ILSVRC2012_val_00034896_n11939491,target_4dB,4,CL,V_decision,entropy_k6,1.2207164627680676
99,n15075141/ILSVRC2012_val_00005846_n15075141,target_4dB,4,CL,V_decision,entropy_k6,1.3128089742964044
0,n01440764/ILSVRC2012_val_00003014_n01440764,target_4dB,4,CL,V_decision,path_accuracy_k6,0.21296296296296294
1,n01601694/ILSVRC2012_val_00021656_n01601694,target_4dB,4,CL,V_decision,path_accuracy_k6,0.10185185185185185
2,n01664065/ILSVRC2012_val_00014316_n01664065,target_4dB,4,CL,V_decision,path_accuracy_k6,0.25925925925925924
3,n01689811/ILSVRC2012_val_00020598_n01689811,target_4dB,4,CL,V_decision,path_accuracy_k6,0.15740740740740738
4,n01735189/ILSVRC2012_val_00006699_n01735189,target_4dB,4,CL,V_decision,path_accuracy_k6,0.1574074074074074
5,n01744401/ILSVRC2012_val_00032663_n01744401,target_4dB,4,CL,V_decision,path_accuracy_k6,0.08333333333333333
6,n01751748/ILSVRC2012_val_00033157_n01751748,target_4dB,4,CL,V_decision,path_accuracy_k6,0.08333333333333333
7,n01775062/ILSVRC2012_val_00036589_n01775062,target_4dB,4,CL,V_decision,path_accuracy_k6,0.1851851851851852
8,n01843383/ILSVRC2012_val_00005901_n01843383,target_4dB,4,CL,V_decision,path_accuracy_k6,0.25925925925925924
9,n01860187/ILSVRC2012_val_00021594_n01860187,target_4dB,4,CL,V_decision,path_accuracy_k6,0.1111111111111111
10,n01882714/ILSVRC2012_val_00019996_n01882714,target_4dB,4,CL,V_decision,path_accuracy_k6,0.17592592592592593
11,n01943899/ILSVRC2012_val_00005706_n01943899,target_4dB,4,CL,V_decision,path_accuracy_k6,0.10185185185185186
12,n01955084/ILSVRC2012_val_00001857_n01955084,target_4dB,4,CL,V_decision,path_accuracy_k6,0.12962962962962962
13,n01983481/ILSVRC2012_val_00019856_n01983481,target_4dB,4,CL,V_decision,path_accuracy_k6,0.1574074074074074
14,n02013706/ILSVRC2012_val_00003168_n02013706,target_4dB,4,CL,V_decision,path_accuracy_k6,0.2222222222222222
15,n02027492/ILSVRC2012_val_00007524_n02027492,target_4dB,4,CL,V_decision,path_accuracy_k6,0.12962962962962962
16,n02088094/ILSVRC2012_val_00005507_n02088094,target_4dB,4,CL,V_decision,path_accuracy_k6,0.12037037037037036
17,n02090622/ILSVRC2012_val_00006265_n02090622,target_4dB,4,CL,V_decision,path_accuracy_k6,0.1574074074074074
18,n02096177/ILSVRC2012_val_00019083_n02096177,target_4dB,4,CL,V_decision,path_accuracy_k6,0.12037037037037036
19,n02098286/ILSVRC2012_val_00038253_n02098286,target_4dB,4,CL,V_decision,path_accuracy_k6,0.08333333333333333
20,n02102480/ILSVRC2012_val_00010261_n02102480,target_4dB,4,CL,V_decision,path_accuracy_k6,0.12962962962962962
21,n02105641/ILSVRC2012_val_00018762_n02105641,target_4dB,4,CL,V_decision,path_accuracy_k6,0.16666666666666666
22,n02106550/ILSVRC2012_val_00014315_n02106550,target_4dB,4,CL,V_decision,path_accuracy_k6,0.22222222222222224
23,n02107683/ILSVRC2012_val_00010786_n02107683,target_4dB,4,CL,V_decision,path_accuracy_k6,0.12962962962962962
24,n02110806/ILSVRC2012_val_00030364_n02110806,target_4dB,4,CL,V_decision,path_accuracy_k6,0.1851851851851852
25,n02113799/ILSVRC2012_val_00007866_n02113799,target_4dB,4,CL,V_decision,path_accuracy_k6,0.2037037037037037
26,n02123159/ILSVRC2012_val_00025723_n02123159,target_4dB,4,CL,V_decision,path_accuracy_k6,0.14814814814814817
27,n02134084/ILSVRC2012_val_00020332_n02134084,target_4dB,4,CL,V_decision,path_accuracy_k6,0.19444444444444442
28,n02168699/ILSVRC2012_val_00040132_n02168699,target_4dB,4,CL,V_decision,path_accuracy_k6,0.1111111111111111
29,n02233338/ILSVRC2012_val_00016160_n02233338,target_4dB,4,CL,V_decision,path_accuracy_k6,0.13888888888888887
30,n02264363/ILSVRC2012_val_00027803_n02264363,target_4dB,4,CL,V_decision,path_accuracy_k6,0.07407407407407407
31,n02277742/ILSVRC2012_val_00015608_n02277742,target_4dB,4,CL,V_decision,path_accuracy_k6,0.14814814814814814
32,n02325366/ILSVRC2012_val_00024858_n02325366,target_4dB,4,CL,V_decision,path_accuracy_k6,0.2037037037037037
33,n02398521/ILSVRC2012_val_00018354_n02398521,target_4dB,4,CL,V_decision,path_accuracy_k6,0.12962962962962962
34,n02410509/ILSVRC2012_val_00022568_n02410509,target_4dB,4,CL,V_decision,path_accuracy_k6,0.0925925925925926
35,n02437312/ILSVRC2012_val_00006245_n02437312,target_4dB,4,CL,V_decision,path_accuracy_k6,0.2222222222222222
36,n02486410/ILSVRC2012_val_00009799_n02486410,target_4dB,4,CL,V_decision,path_accuracy_k6,0.1759259259259259
37,n02509815/ILSVRC2012_val_00014423_n02509815,target_4dB,4,CL,V_decision,path_accuracy_k6,0.1111111111111111
38,n02708093/ILSVRC2012_val_00024690_n02708093,target_4dB,4,CL,V_decision,path_accuracy_k6,0.12037037037037036
39,n02776631/ILSVRC2012_val_00028186_n02776631,target_4dB,4,CL,V_decision,path_accuracy_k6,0.17592592592592593
40,n02788148/ILSVRC2012_val_00012264_n02788148,target_4dB,4,CL,V_decision,path_accuracy_k6,0.08333333333333333
41,n02834397/ILSVRC2012_val_00010741_n02834397,target_4dB,4,CL,V_decision,path_accuracy_k6,0.13888888888888887
42,n02841315/ILSVRC2012_val_00014601_n02841315,target_4dB,4,CL,V_decision,path_accuracy_k6,0.1759259259259259
43,n02910353/ILSVRC2012_val_00017543_n02910353,target_4dB,4,CL,V_decision,path_accuracy_k6,0.13888888888888887
44,n02951585/ILSVRC2012_val_00008336_n02951585,target_4dB,4,CL,V_decision,path_accuracy_k6,0.10185185185185185
45,n02980441/ILSVRC2012_val_00023472_n02980441,target_4dB,4,CL,V_decision,path_accuracy_k6,0.14814814814814817
46,n03028079/ILSVRC2012_val_00031446_n03028079,target_4dB,4,CL,V_decision,path_accuracy_k6,0.1388888888888889
47,n03109150/ILSVRC2012_val_00032588_n03109150,target_4dB,4,CL,V_decision,path_accuracy_k6,0.1111111111111111
48,n03127747/ILSVRC2012_val_00003732_n03127747,target_4dB,4,CL,V_decision,path_accuracy_k6,0.0925925925925926
49,n03220513/ILSVRC2012_val_00006359_n03220513,target_4dB,4,CL,V_decision,path_accuracy_k6,0.16666666666666666
50,n03372029/ILSVRC2012_val_00034937_n03372029,target_4dB,4,CL,V_decision,path_accuracy_k6,0.1574074074074074
51,n03388549/ILSVRC2012_val_00022928_n03388549,target_4dB,4,CL,V_decision,path_accuracy_k6,0.08333333333333333
52,n03424325/ILSVRC2012_val_00006147_n03424325,target_4dB,4,CL,V_decision,path_accuracy_k6,0.13888888888888887
53,n03447721/ILSVRC2012_val_00006942_n03447721,target_4dB,4,CL,V_decision,path_accuracy_k6,0.25
54,n03485794/ILSVRC2012_val_00010782_n03485794,target_4dB,4,CL,V_decision,path_accuracy_k6,0.17592592592592593
55,n03527444/ILSVRC2012_val_00035251_n03527444,target_4dB,4,CL,V_decision,path_accuracy_k6,0.16666666666666666
56,n03584254/ILSVRC2012_val_00016384_n03584254,target_4dB,4,CL,V_decision,path_accuracy_k6,0.13888888888888887
57,n03623198/ILSVRC2012_val_00019928_n03623198,target_4dB,4,CL,V_decision,path_accuracy_k6,0.1111111111111111
58,n03657121/ILSVRC2012_val_00000359_n03657121,target_4dB,4,CL,V_decision,path_accuracy_k6,0.14814814814814814
59,n03706229/ILSVRC2012_val_00017460_n03706229,target_4dB,4,CL,V_decision,path_accuracy_k6,0.10185185185185186
60,n03759954/ILSVRC2012_val_00010804_n03759954,target_4dB,4,CL,V_decision,path_accuracy_k6,0.1851851851851852
61,n03775071/ILSVRC2012_val_00002420_n03775071,target_4dB,4,CL,V_decision,path_accuracy_k6,0.0925925925925926
62,n03782006/ILSVRC2012_val_00004758_n03782006,target_4dB,4,CL,V_decision,path_accuracy_k6,0.12962962962962962
63,n03796401/ILSVRC2012_val_00025827_n03796401,target_4dB,4,CL,V_decision,path_accuracy_k6,0.21296296296296294
64,n03866082/ILSVRC2012_val_00003554_n03866082,target_4dB,4,CL,V_decision,path_accuracy_k6,0.13888888888888887
65,n03876231/ILSVRC2012_val_00022714_n03876231,target_4dB,4,CL,V_decision,path_accuracy_k6,0.12962962962962962
66,n03929660/ILSVRC2012_val_00012300_n03929660,target_4dB,4,CL,V_decision,path_accuracy_k6,0.10185185185185185
67,n03950228/ILSVRC2012_val_00019039_n03950228,target_4dB,4,CL,V_decision,path_accuracy_k6,0.12037037037037036
68,n03977966/ILSVRC2012_val_00027383_n03977966,target_4dB,4,CL,V_decision,path_accuracy_k6,0.14814814814814814
69,n03983396/ILSVRC2012_val_00012891_n03983396,target_4dB,4,CL,V_decision,path_accuracy_k6,0.1574074074074074
70,n04044716/ILSVRC2012_val_00039752_n04044716,target_4dB,4,CL,V_decision,path_accuracy_k6,0.07407407407407407
71,n04067472/ILSVRC2012_val_00007618_n04067472,target_4dB,4,CL,V_decision,path_accuracy_k6,0.1851851851851852
72,n04111531/ILSVRC2012_val_00013982_n04111531,target_4dB,4,CL,V_decision,path_accuracy_k6,0.16666666666666666
73,n04131690/ILSVRC2012_val_00002728_n04131690,target_4dB,4,CL,V_decision,path_accuracy_k6,0.1574074074074074
74,n04153751/ILSVRC2012_val_00008426_n04153751,target_4dB,4,CL,V_decision,path_accuracy_k6,0.13888888888888887
75,n04204347/ILSVRC2012_val_00018921_n04204347,target_4dB,4,CL,V_decision,path_accuracy_k6,0.11111111111111112
76,n04235860/ILSVRC2012_val_00004033_n04235860,target_4dB,4,CL,V_decision,path_accuracy_k6,0.17592592592592593
77,n04252077/ILSVRC2012_val_00012989_n04252077,target_4dB,4,CL,V_decision,path_accuracy_k6,0.1574074074074074
78,n04310018/ILSVRC2012_val_00003156_n04310018,target_4dB,4,CL,V_decision,path_accuracy_k6,0.16666666666666666
79,n04328186/ILSVRC2012_val_00014795_n04328186,target_4dB,4,CL,V_decision,path_accuracy_k6,0.10185185185185185
80,n04346328/ILSVRC2012_val_00003305_n04346328,target_4dB,4,CL,V_decision,path_accuracy_k6,0.1388888888888889
81,n04357314/ILSVRC2012_val_00009430_n04357314,target_4dB,4,CL,V_decision,path_accuracy_k6,0.1481481481481481
82,n04371774/ILSVRC2012_val_00030870_n04371774,target_4dB,4,CL,V_decision,path_accuracy_k6,0.08333333333333333
83,n04392985/ILSVRC2012_val_00029362_n04392985,target_4dB,4,CL,V_decision,path_accuracy_k6,0.17592592592592593
84,n04456115/ILSVRC2012_val_00002331_n04456115,target_4dB,4,CL,V_decision,path_accuracy_k6,0.21296296296296294
85,n04485082/ILSVRC2012_val_00000955_n04485082,target_4dB,4,CL,V_decision,path_accuracy_k6,0.28703703703703703
86,n04515003/ILSVRC2012_val_00002400_n04515003,target_4dB,4,CL,V_decision,path_accuracy_k6,0.10185185185185186
87,n04540053/ILSVRC2012_val_00007665_n04540053,target_4dB,4,CL,V_decision,path_accuracy_k6,0.1111111111111111
88,n04560804/ILSVRC2012_val_00029830_n04560804,target_4dB,4,CL,V_decision,path_accuracy_k6,0.27777777777777773
89,n04596742/ILSVRC2012_val_00007608_n04596742,target_4dB,4,CL,V_decision,path_accuracy_k6,0.21296296296296294
90,n07583066/ILSVRC2012_val_00001378_n07583066,target_4dB,4,CL,V_decision,path_accuracy_k6,0.23148148148148148
91,n07590611/ILSVRC2012_val_00030972_n07590611,target_4dB,4,CL,V_decision,path_accuracy_k6,0.24074074074074073
92,n07714990/ILSVRC2012_val_00008416_n07714990,target_4dB,4,CL,V_decision,path_accuracy_k6,0.15740740740740738
93,n07716906/ILSVRC2012_val_00011140_n07716906,target_4dB,4,CL,V_decision,path_accuracy_k6,0.13888888888888887
94,n07720875/ILSVRC2012_val_00000423_n07720875,target_4dB,4,CL,V_decision,path_accuracy_k6,0.1574074074074074
95,n07860988/ILSVRC2012_val_00010848_n07860988,target_4dB,4,CL,V_decision,path_accuracy_k6,0.25
96,n09288635/ILSVRC2012_val_00001270_n09288635,target_4dB,4,CL,V_decision,path_accuracy_k6,0.10185185185185186
97,n09468604/ILSVRC2012_val_00030741_n09468604,target_4dB,4,CL,V_decision,path_accuracy_k6,0.1851851851851852
98,n11939491/ILSVRC2012_val_00034896_n11939491,target_4dB,4,CL,V_decision,path_accuracy_k6,0.1574074074074074
99,n15075141/ILSVRC2012_val_00005846_n15075141,target_4dB,4,CL,V_decision,path_accuracy_k6,0.1574074074074074
0,n01440764/ILSVRC2012_val_00003014_n01440764,target_4dB,4,CL,V_decision,acc_k7,0.17708333333333334
1,n01601694/ILSVRC2012_val_00021656_n01601694,target_4dB,4,CL,V_decision,acc_k7,0.036458333333333336
2,n01664065/ILSVRC2012_val_00014316_n01664065,target_4dB,4,CL,V_decision,acc_k7,0.16145833333333334
3,n01689811/ILSVRC2012_val_00020598_n01689811,target_4dB,4,CL,V_decision,acc_k7,0.10416666666666667
4,n01735189/ILSVRC2012_val_00006699_n01735189,target_4dB,4,CL,V_decision,acc_k7,0.07291666666666667
5,n01744401/ILSVRC2012_val_00032663_n01744401,target_4dB,4,CL,V_decision,acc_k7,0.036458333333333336
6,n01751748/ILSVRC2012_val_00033157_n01751748,target_4dB,4,CL,V_decision,acc_k7,0.0625
7,n01775062/ILSVRC2012_val_00036589_n01775062,target_4dB,4,CL,V_decision,acc_k7,0.11979166666666667
8,n01843383/ILSVRC2012_val_00005901_n01843383,target_4dB,4,CL,V_decision,acc_k7,0.09895833333333333
9,n01860187/ILSVRC2012_val_00021594_n01860187,target_4dB,4,CL,V_decision,acc_k7,0.07291666666666667
10,n01882714/ILSVRC2012_val_00019996_n01882714,target_4dB,4,CL,V_decision,acc_k7,0.11458333333333333
11,n01943899/ILSVRC2012_val_00005706_n01943899,target_4dB,4,CL,V_decision,acc_k7,0.109375
12,n01955084/ILSVRC2012_val_00001857_n01955084,target_4dB,4,CL,V_decision,acc_k7,0.08333333333333333
13,n01983481/ILSVRC2012_val_00019856_n01983481,target_4dB,4,CL,V_decision,acc_k7,0.11979166666666667
14,n02013706/ILSVRC2012_val_00003168_n02013706,target_4dB,4,CL,V_decision,acc_k7,0.13541666666666666
15,n02027492/ILSVRC2012_val_00007524_n02027492,target_4dB,4,CL,V_decision,acc_k7,0.0625
16,n02088094/ILSVRC2012_val_00005507_n02088094,target_4dB,4,CL,V_decision,acc_k7,0.06770833333333333
17,n02090622/ILSVRC2012_val_00006265_n02090622,target_4dB,4,CL,V_decision,acc_k7,0.057291666666666664
18,n02096177/ILSVRC2012_val_00019083_n02096177,target_4dB,4,CL,V_decision,acc_k7,0.057291666666666664
19,n02098286/ILSVRC2012_val_00038253_n02098286,target_4dB,4,CL,V_decision,acc_k7,0.057291666666666664
20,n02102480/ILSVRC2012_val_00010261_n02102480,target_4dB,4,CL,V_decision,acc_k7,0.036458333333333336
21,n02105641/ILSVRC2012_val_00018762_n02105641,target_4dB,4,CL,V_decision,acc_k7,0.09895833333333333
22,n02106550/ILSVRC2012_val_00014315_n02106550,target_4dB,4,CL,V_decision,acc_k7,0.109375
23,n02107683/ILSVRC2012_val_00010786_n02107683,target_4dB,4,CL,V_decision,acc_k7,0.057291666666666664
24,n02110806/ILSVRC2012_val_00030364_n02110806,target_4dB,4,CL,V_decision,acc_k7,0.13020833333333334
25,n02113799/ILSVRC2012_val_00007866_n02113799,target_4dB,4,CL,V_decision,acc_k7,0.08854166666666667
26,n02123159/ILSVRC2012_val_00025723_n02123159,target_4dB,4,CL,V_decision,acc_k7,0.125
27,n02134084/ILSVRC2012_val_00020332_n02134084,target_4dB,4,CL,V_decision,acc_k7,0.057291666666666664
28,n02168699/ILSVRC2012_val_00040132_n02168699,target_4dB,4,CL,V_decision,acc_k7,0.020833333333333332
29,n02233338/ILSVRC2012_val_00016160_n02233338,target_4dB,4,CL,V_decision,acc_k7,0.11979166666666667
30,n02264363/ILSVRC2012_val_00027803_n02264363,target_4dB,4,CL,V_decision,acc_k7,0.041666666666666664
31,n02277742/ILSVRC2012_val_00015608_n02277742,target_4dB,4,CL,V_decision,acc_k7,0.10416666666666667
32,n02325366/ILSVRC2012_val_00024858_n02325366,target_4dB,4,CL,V_decision,acc_k7,0.13541666666666666
33,n02398521/ILSVRC2012_val_00018354_n02398521,target_4dB,4,CL,V_decision,acc_k7,0.057291666666666664
34,n02410509/ILSVRC2012_val_00022568_n02410509,target_4dB,4,CL,V_decision,acc_k7,0.036458333333333336
35,n02437312/ILSVRC2012_val_00006245_n02437312,target_4dB,4,CL,V_decision,acc_k7,0.11458333333333333
36,n02486410/ILSVRC2012_val_00009799_n02486410,target_4dB,4,CL,V_decision,acc_k7,0.078125
37,n02509815/ILSVRC2012_val_00014423_n02509815,target_4dB,4,CL,V_decision,acc_k7,0.07291666666666667
38,n02708093/ILSVRC2012_val_00024690_n02708093,target_4dB,4,CL,V_decision,acc_k7,0.07291666666666667
39,n02776631/ILSVRC2012_val_00028186_n02776631,target_4dB,4,CL,V_decision,acc_k7,0.10416666666666667
40,n02788148/ILSVRC2012_val_00012264_n02788148,target_4dB,4,CL,V_decision,acc_k7,0.078125
41,n02834397/ILSVRC2012_val_00010741_n02834397,target_4dB,4,CL,V_decision,acc_k7,0.0625
42,n02841315/ILSVRC2012_val_00014601_n02841315,target_4dB,4,CL,V_decision,acc_k7,0.09895833333333333
43,n02910353/ILSVRC2012_val_00017543_n02910353,target_4dB,4,CL,V_decision,acc_k7,0.052083333333333336
44,n02951585/ILSVRC2012_val_00008336_n02951585,target_4dB,4,CL,V_decision,acc_k7,0.052083333333333336
45,n02980441/ILSVRC2012_val_00023472_n02980441,target_4dB,4,CL,V_decision,acc_k7,0.06770833333333333
46,n03028079/ILSVRC2012_val_00031446_n03028079,target_4dB,4,CL,V_decision,acc_k7,0.09895833333333333
47,n03109150/ILSVRC2012_val_00032588_n03109150,target_4dB,4,CL,V_decision,acc_k7,0.041666666666666664
48,n03127747/ILSVRC2012_val_00003732_n03127747,target_4dB,4,CL,V_decision,acc_k7,0.09375
49,n03220513/ILSVRC2012_val_00006359_n03220513,target_4dB,4,CL,V_decision,acc_k7,0.078125
50,n03372029/ILSVRC2012_val_00034937_n03372029,target_4dB,4,CL,V_decision,acc_k7,0.09375
51,n03388549/ILSVRC2012_val_00022928_n03388549,target_4dB,4,CL,V_decision,acc_k7,0.13020833333333334
52,n03424325/ILSVRC2012_val_00006147_n03424325,target_4dB,4,CL,V_decision,acc_k7,0.0625
53,n03447721/ILSVRC2012_val_00006942_n03447721,target_4dB,4,CL,V_decision,acc_k7,0.16145833333333334
54,n03485794/ILSVRC2012_val_00010782_n03485794,target_4dB,4,CL,V_decision,acc_k7,0.08333333333333333
55,n03527444/ILSVRC2012_val_00035251_n03527444,target_4dB,4,CL,V_decision,acc_k7,0.06770833333333333
56,n03584254/ILSVRC2012_val_00016384_n03584254,target_4dB,4,CL,V_decision,acc_k7,0.015625
57,n03623198/ILSVRC2012_val_00019928_n03623198,target_4dB,4,CL,V_decision,acc_k7,0.015625
58,n03657121/ILSVRC2012_val_00000359_n03657121,target_4dB,4,CL,V_decision,acc_k7,0.020833333333333332
59,n03706229/ILSVRC2012_val_00017460_n03706229,target_4dB,4,CL,V_decision,acc_k7,0.041666666666666664
60,n03759954/ILSVRC2012_val_00010804_n03759954,target_4dB,4,CL,V_decision,acc_k7,0.16145833333333334
61,n03775071/ILSVRC2012_val_00002420_n03775071,target_4dB,4,CL,V_decision,acc_k7,0.015625
62,n03782006/ILSVRC2012_val_00004758_n03782006,target_4dB,4,CL,V_decision,acc_k7,0.026041666666666668
63,n03796401/ILSVRC2012_val_00025827_n03796401,target_4dB,4,CL,V_decision,acc_k7,0.09375
64,n03866082/ILSVRC2012_val_00003554_n03866082,target_4dB,4,CL,V_decision,acc_k7,0.08333333333333333
65,n03876231/ILSVRC2012_val_00022714_n03876231,target_4dB,4,CL,V_decision,acc_k7,0.026041666666666668
66,n03929660/ILSVRC2012_val_00012300_n03929660,target_4dB,4,CL,V_decision,acc_k7,0.020833333333333332
67,n03950228/ILSVRC2012_val_00019039_n03950228,target_4dB,4,CL,V_decision,acc_k7,0.03125
68,n03977966/ILSVRC2012_val_00027383_n03977966,target_4dB,4,CL,V_decision,acc_k7,0.09375
69,n03983396/ILSVRC2012_val_00012891_n03983396,target_4dB,4,CL,V_decision,acc_k7,0.08333333333333333
70,n04044716/ILSVRC2012_val_00039752_n04044716,target_4dB,4,CL,V_decision,acc_k7,0.036458333333333336
71,n04067472/ILSVRC2012_val_00007618_n04067472,target_4dB,4,CL,V_decision,acc_k7,0.109375
72,n04111531/ILSVRC2012_val_00013982_n04111531,target_4dB,4,CL,V_decision,acc_k7,0.06770833333333333
73,n04131690/ILSVRC2012_val_00002728_n04131690,target_4dB,4,CL,V_decision,acc_k7,0.03125
74,n04153751/ILSVRC2012_val_00008426_n04153751,target_4dB,4,CL,V_decision,acc_k7,0.005208333333333333
75,n04204347/ILSVRC2012_val_00018921_n04204347,target_4dB,4,CL,V_decision,acc_k7,0.046875
76,n04235860/ILSVRC2012_val_00004033_n04235860,target_4dB,4,CL,V_decision,acc_k7,0.09375
77,n04252077/ILSVRC2012_val_00012989_n04252077,target_4dB,4,CL,V_decision,acc_k7,0.06770833333333333
78,n04310018/ILSVRC2012_val_00003156_n04310018,target_4dB,4,CL,V_decision,acc_k7,0.09895833333333333
79,n04328186/ILSVRC2012_val_00014795_n04328186,target_4dB,4,CL,V_decision,acc_k7,0.052083333333333336
80,n04346328/ILSVRC2012_val_00003305_n04346328,target_4dB,4,CL,V_decision,acc_k7,0.052083333333333336
81,n04357314/ILSVRC2012_val_00009430_n04357314,target_4dB,4,CL,V_decision,acc_k7,0.0625
82,n04371774/ILSVRC2012_val_00030870_n04371774,target_4dB,4,CL,V_decision,acc_k7,0.0625
83,n04392985/ILSVRC2012_val_00029362_n04392985,target_4dB,4,CL,V_decision,acc_k7,0.07291666666666667
84,n04456115/ILSVRC2012_val_00002331_n04456115,target_4dB,4,CL,V_decision,acc_k7,0.08854166666666667
85,n04485082/ILSVRC2012_val_00000955_n04485082,target_4dB,4,CL,V_decision,acc_k7,0.109375
86,n04515003/ILSVRC2012_val_00002400_n04515003,target_4dB,4,CL,V_decision,acc_k7,0.08854166666666667
87,n04540053/ILSVRC2012_val_00007665_n04540053,target_4dB,4,CL,V_decision,acc_k7,0.10416666666666667
88,n04560804/ILSVRC2012_val_00029830_n04560804,target_4dB,4,CL,V_decision,acc_k7,0.09895833333333333
89,n04596742/ILSVRC2012_val_00007608_n04596742,target_4dB,4,CL,V_decision,acc_k7,0.10416666666666667
90,n07583066/ILSVRC2012_val_00001378_n07583066,target_4dB,4,CL,V_decision,acc_k7,0.08854166666666667
91,n07590611/ILSVRC2012_val_00030972_n07590611,target_4dB,4,CL,V_decision,acc_k7,0.171875
92,n07714990/ILSVRC2012_val_00008416_n07714990,target_4dB,4,CL,V_decision,acc_k7,0.0625
93,n07716906/ILSVRC2012_val_00011140_n07716906,target_4dB,4,CL,V_decision,acc_k7,0.046875
94,n07720875/ILSVRC2012_val_00000423_n07720875,target_4dB,4,CL,V_decision,acc_k7,0.057291666666666664
95,n07860988/ILSVRC2012_val_00010848_n07860988,target_4dB,4,CL,V_decision,acc_k7,0.13541666666666666
96,n09288635/ILSVRC2012_val_00001270_n09288635,target_4dB,4,CL,V_decision,acc_k7,0.020833333333333332
97,n09468604/ILSVRC2012_val_00030741_n09468604,target_4dB,4,CL,V_decision,acc_k7,0.0625
98,n11939491/ILSVRC2012_val_00034896_n11939491,target_4dB,4,CL,V_decision,acc_k7,0.057291666666666664
99,n15075141/ILSVRC2012_val_00005846_n15075141,target_4dB,4,CL,V_decision,acc_k7,0.10416666666666667
0,n01440764/ILSVRC2012_val_00003014_n01440764,target_4dB,4,CL,V_decision,logp_true_k7,-6.42046730262723
1,n01601694/ILSVRC2012_val_00021656_n01601694,target_4dB,4,CL,V_decision,logp_true_k7,-8.700747714339135
2,n01664065/ILSVRC2012_val_00014316_n01664065,target_4dB,4,CL,V_decision,logp_true_k7,-6.287881555080465
3,n01689811/ILSVRC2012_val_00020598_n01689811,target_4dB,4,CL,V_decision,logp_true_k7,-7.034947463529534
4,n01735189/ILSVRC2012_val_00006699_n01735189,target_4dB,4,CL,V_decision,logp_true_k7,-7.280014981005176
5,n01744401/ILSVRC2012_val_00032663_n01744401,target_4dB,4,CL,V_decision,logp_true_k7,-9.291990474021683
6,n01751748/ILSVRC2012_val_00033157_n01751748,target_4dB,4,CL,V_decision,logp_true_k7,-8.228214204738228
7,n01775062/ILSVRC2012_val_00036589_n01775062,target_4dB,4,CL,V_decision,logp_true_k7,-6.353801964354467
8,n01843383/ILSVRC2012_val_00005901_n01843383,target_4dB,4,CL,V_decision,logp_true_k7,-6.385093800706575
9,n01860187/ILSVRC2012_val_00021594_n01860187,target_4dB,4,CL,V_decision,logp_true_k7,-6.895445167897075
10,n01882714/ILSVRC2012_val_00019996_n01882714,target_4dB,4,CL,V_decision,logp_true_k7,-6.247166649366894
11,n01943899/ILSVRC2012_val_00005706_n01943899,target_4dB,4,CL,V_decision,logp_true_k7,-6.779289725656175
12,n01955084/ILSVRC2012_val_00001857_n01955084,target_4dB,4,CL,V_decision,logp_true_k7,-7.6992342378895655
13,n01983481/ILSVRC2012_val_00019856_n01983481,target_4dB,4,CL,V_decision,logp_true_k7,-6.71636873682534
14,n02013706/ILSVRC2012_val_00003168_n02013706,target_4dB,4,CL,V_decision,logp_true_k7,-6.7840468878869915
15,n02027492/ILSVRC2012_val_00007524_n02027492,target_4dB,4,CL,V_decision,logp_true_k7,-8.54094186204899
16,n02088094/ILSVRC2012_val_00005507_n02088094,target_4dB,4,CL,V_decision,logp_true_k7,-6.621749585601113
17,n02090622/ILSVRC2012_val_00006265_n02090622,target_4dB,4,CL,V_decision,logp_true_k7,-7.875158000659819
18,n02096177/ILSVRC2012_val_00019083_n02096177,target_4dB,4,CL,V_decision,logp_true_k7,-8.405184247375777
19,n02098286/ILSVRC2012_val_00038253_n02098286,target_4dB,4,CL,V_decision,logp_true_k7,-9.0807023026476
20,n02102480/ILSVRC2012_val_00010261_n02102480,target_4dB,4,CL,V_decision,logp_true_k7,-9.698610222898424
21,n02105641/ILSVRC2012_val_00018762_n02105641,target_4dB,4,CL,V_decision,logp_true_k7,-6.734357303163658
22,n02106550/ILSVRC2012_val_00014315_n02106550,target_4dB,4,CL,V_decision,logp_true_k7,-7.084717775282722
23,n02107683/ILSVRC2012_val_00010786_n02107683,target_4dB,4,CL,V_decision,logp_true_k7,-7.88817699997647
24,n02110806/ILSVRC2012_val_00030364_n02110806,target_4dB,4,CL,V_decision,logp_true_k7,-6.536811339043197
25,n02113799/ILSVRC2012_val_00007866_n02113799,target_4dB,4,CL,V_decision,logp_true_k7,-7.385403511088498
26,n02123159/ILSVRC2012_val_00025723_n02123159,target_4dB,4,CL,V_decision,logp_true_k7,-6.222051257898177
27,n02134084/ILSVRC2012_val_00020332_n02134084,target_4dB,4,CL,V_decision,logp_true_k7,-8.466870135763505
28,n02168699/ILSVRC2012_val_00040132_n02168699,target_4dB,4,CL,V_decision,logp_true_k7,-8.294355798823139
29,n02233338/ILSVRC2012_val_00016160_n02233338,target_4dB,4,CL,V_decision,logp_true_k7,-6.847841726882507
30,n02264363/ILSVRC2012_val_00027803_n02264363,target_4dB,4,CL,V_decision,logp_true_k7,-9.890079734381288
31,n02277742/ILSVRC2012_val_00015608_n02277742,target_4dB,4,CL,V_decision,logp_true_k7,-7.009360787128874
32,n02325366/ILSVRC2012_val_00024858_n02325366,target_4dB,4,CL,V_decision,logp_true_k7,-6.383537147815029
33,n02398521/ILSVRC2012_val_00018354_n02398521,target_4dB,4,CL,V_decision,logp_true_k7,-7.255354664636646
34,n02410509/ILSVRC2012_val_00022568_n02410509,target_4dB,4,CL,V_decision,logp_true_k7,-8.770962328456031
35,n02437312/ILSVRC2012_val_00006245_n02437312,target_4dB,4,CL,V_decision,logp_true_k7,-7.240273054660065
36,n02486410/ILSVRC2012_val_00009799_n02486410,target_4dB,4,CL,V_decision,logp_true_k7,-8.118080226116945
37,n02509815/ILSVRC2012_val_00014423_n02509815,target_4dB,4,CL,V_decision,logp_true_k7,-7.591126402025111
38,n02708093/ILSVRC2012_val_00024690_n02708093,target_4dB,4,CL,V_decision,logp_true_k7,-8.346936684531101
39,n02776631/ILSVRC2012_val_00028186_n02776631,target_4dB,4,CL,V_decision,logp_true_k7,-6.806809617298616
40,n02788148/ILSVRC2012_val_00012264_n02788148,target_4dB,4,CL,V_decision,logp_true_k7,-7.334258883793761
41,n02834397/ILSVRC2012_val_00010741_n02834397,target_4dB,4,CL,V_decision,logp_true_k7,-8.07330063621824
42,n02841315/ILSVRC2012_val_00014601_n02841315,target_4dB,4,CL,V_decision,logp_true_k7,-7.045891735760961
43,n02910353/ILSVRC2012_val_00017543_n02910353,target_4dB,4,CL,V_decision,logp_true_k7,-8.189748301869258
44,n02951585/ILSVRC2012_val_00008336_n02951585,target_4dB,4,CL,V_decision,logp_true_k7,-8.517520645203755
45,n02980441/ILSVRC2012_val_00023472_n02980441,target_4dB,4,CL,V_decision,logp_true_k7,-7.540993713409989
46,n03028079/ILSVRC2012_val_00031446_n03028079,target_4dB,4,CL,V_decision,logp_true_k7,-7.732619750497785
47,n03109150/ILSVRC2012_val_00032588_n03109150,target_4dB,4,CL,V_decision,logp_true_k7,-8.315317934184955
48,n03127747/ILSVRC2012_val_00003732_n03127747,target_4dB,4,CL,V_decision,logp_true_k7,-8.046417800947287
49,n03220513/ILSVRC2012_val_00006359_n03220513,target_4dB,4,CL,V_decision,logp_true_k7,-7.50305996426808
50,n03372029/ILSVRC2012_val_00034937_n03372029,target_4dB,4,CL,V_decision,logp_true_k7,-6.932738728714564
51,n03388549/ILSVRC2012_val_00022928_n03388549,target_4dB,4,CL,V_decision,logp_true_k7,-7.125694434656907
52,n03424325/ILSVRC2012_val_00006147_n03424325,target_4dB,4,CL,V_decision,logp_true_k7,-8.817358230492877
53,n03447721/ILSVRC2012_val_00006942_n03447721,target_4dB,4,CL,V_decision,logp_true_k7,-6.225802169470701
54,n03485794/ILSVRC2012_val_00010782_n03485794,target_4dB,4,CL,V_decision,logp_true_k7,-7.914463569642976
55,n03527444/ILSVRC2012_val_00035251_n03527444,target_4dB,4,CL,V_decision,logp_true_k7,-7.588647697392541
56,n03584254/ILSVRC2012_val_00016384_n03584254,target_4dB,4,CL,V_decision,logp_true_k7,-11.102582508698106
57,n03623198/ILSVRC2012_val_00019928_n03623198,target_4dB,4,CL,V_decision,logp_true_k7,-11.745972375695905
58,n03657121/ILSVRC2012_val_00000359_n03657121,target_4dB,4,CL,V_decision,logp_true_k7,-11.525535210967064
59,n03706229/ILSVRC2012_val_00017460_n03706229,target_4dB,4,CL,V_decision,logp_true_k7,-9.827967760773996
60,n03759954/ILSVRC2012_val_00010804_n03759954,target_4dB,4,CL,V_decision,logp_true_k7,-5.995063242111883
61,n03775071/ILSVRC2012_val_00002420_n03775071,target_4dB,4,CL,V_decision,logp_true_k7,-9.27414909323367
62,n03782006/ILSVRC2012_val_00004758_n03782006,target_4dB,4,CL,V_decision,logp_true_k7,-8.953524810339635
63,n03796401/ILSVRC2012_val_00025827_n03796401,target_4dB,4,CL,V_decision,logp_true_k7,-7.7874446775119095
64,n03866082/ILSVRC2012_val_00003554_n03866082,target_4dB,4,CL,V_decision,logp_true_k7,-7.539887183074218
65,n03876231/ILSVRC2012_val_00022714_n03876231,target_4dB,4,CL,V_decision,logp_true_k7,-8.735356061156685
66,n03929660/ILSVRC2012_val_00012300_n03929660,target_4dB,4,CL,V_decision,logp_true_k7,-9.253119084984064
67,n03950228/ILSVRC2012_val_00019039_n03950228,target_4dB,4,CL,V_decision,logp_true_k7,-8.581451307749376
68,n03977966/ILSVRC2012_val_00027383_n03977966,target_4dB,4,CL,V_decision,logp_true_k7,-6.72012914066363
69,n03983396/ILSVRC2012_val_00012891_n03983396,target_4dB,4,CL,V_decision,logp_true_k7,-6.935531260077066
70,n04044716/ILSVRC2012_val_00039752_n04044716,target_4dB,4,CL,V_decision,logp_true_k7,-9.232032154686749
71,n04067472/ILSVRC2012_val_00007618_n04067472,target_4dB,4,CL,V_decision,logp_true_k7,-7.02423351710119
72,n04111531/ILSVRC2012_val_00013982_n04111531,target_4dB,4,CL,V_decision,logp_true_k7,-7.2528507213767925
73,n04131690/ILSVRC2012_val_00002728_n04131690,target_4dB,4,CL,V_decision,logp_true_k7,-9.257445818201328
74,n04153751/ILSVRC2012_val_00008426_n04153751,target_4dB,4,CL,V_decision,logp_true_k7,-9.603999007182816
75,n04204347/ILSVRC2012_val_00018921_n04204347,target_4dB,4,CL,V_decision,logp_true_k7,-8.667043406225275
76,n04235860/ILSVRC2012_val_00004033_n04235860,target_4dB,4,CL,V_decision,logp_true_k7,-7.361919423332438
77,n04252077/ILSVRC2012_val_00012989_n04252077,target_4dB,4,CL,V_decision,logp_true_k7,-7.68951366673961
78,n04310018/ILSVRC2012_val_00003156_n04310018,target_4dB,4,CL,V_decision,logp_true_k7,-6.775631912557098
79,n04328186/ILSVRC2012_val_00014795_n04328186,target_4dB,4,CL,V_decision,logp_true_k7,-9.086621775641106
80,n04346328/ILSVRC2012_val_00003305_n04346328,target_4dB,4,CL,V_decision,logp_true_k7,-7.4378701611616025
81,n04357314/ILSVRC2012_val_00009430_n04357314,target_4dB,4,CL,V_decision,logp_true_k7,-7.437489791336702
82,n04371774/ILSVRC2012_val_00030870_n04371774,target_4dB,4,CL,V_decision,logp_true_k7,-7.4209097261967445
83,n04392985/ILSVRC2012_val_00029362_n04392985,target_4dB,4,CL,V_decision,logp_true_k7,-7.618774428924856
84,n04456115/ILSVRC2012_val_00002331_n04456115,target_4dB,4,CL,V_decision,logp_true_k7,-8.296923401474487
85,n04485082/ILSVRC2012_val_00000955_n04485082,target_4dB,4,CL,V_decision,logp_true_k7,-6.4909338274710535
86,n04515003/ILSVRC2012_val_00002400_n04515003,target_4dB,4,CL,V_decision,logp_true_k7,-8.70385011278025
87,n04540053/ILSVRC2012_val_00007665_n04540053,target_4dB,4,CL,V_decision,logp_true_k7,-7.225037500548448
88,n04560804/ILSVRC2012_val_00029830_n04560804,target_4dB,4,CL,V_decision,logp_true_k7,-7.2102114676721
89,n04596742/ILSVRC2012_val_00007608_n04596742,target_4dB,4,CL,V_decision,logp_true_k7,-7.220498911687173
90,n07583066/ILSVRC2012_val_00001378_n07583066,target_4dB,4,CL,V_decision,logp_true_k7,-7.167563962527008
91,n07590611/ILSVRC2012_val_00030972_n07590611,target_4dB,4,CL,V_decision,logp_true_k7,-5.930179856570855
92,n07714990/ILSVRC2012_val_00008416_n07714990,target_4dB,4,CL,V_decision,logp_true_k7,-8.09720542524398
93,n07716906/ILSVRC2012_val_00011140_n07716906,target_4dB,4,CL,V_decision,logp_true_k7,-8.06392802845221
94,n07720875/ILSVRC2012_val_00000423_n07720875,target_4dB,4,CL,V_decision,logp_true_k7,-9.221645379206166
95,n07860988/ILSVRC2012_val_00010848_n07860988,target_4dB,4,CL,V_decision,logp_true_k7,-6.297002799537343
96,n09288635/ILSVRC2012_val_00001270_n09288635,target_4dB,4,CL,V_decision,logp_true_k7,-7.8769102763609835
97,n09468604/ILSVRC2012_val_00030741_n09468604,target_4dB,4,CL,V_decision,logp_true_k7,-7.433251581145062
98,n11939491/ILSVRC2012_val_00034896_n11939491,target_4dB,4,CL,V_decision,logp_true_k7,-7.845826095707404
99,n15075141/ILSVRC2012_val_00005846_n15075141,target_4dB,4,CL,V_decision,logp_true_k7,-7.214063378786705
0,n01440764/ILSVRC2012_val_00003014_n01440764,target_4dB,4,CL,V_decision,entropy_k7,1.6274808276440471
1,n01601694/ILSVRC2012_val_00021656_n01601694,target_4dB,4,CL,V_decision,entropy_k7,2.7597481948363085
2,n01664065/ILSVRC2012_val_00014316_n01664065,target_4dB,4,CL,V_decision,entropy_k7,1.821651668537319
3,n01689811/ILSVRC2012_val_00020598_n01689811,target_4dB,4,CL,V_decision,entropy_k7,1.8000740003543856
4,n01735189/ILSVRC2012_val_00006699_n01735189,target_4dB,4,CL,V_decision,entropy_k7,1.9391043826927874
5,n01744401/ILSVRC2012_val_00032663_n01744401,target_4dB,4,CL,V_decision,entropy_k7,3.0773481327044556
6,n01751748/ILSVRC2012_val_00033157_n01751748,target_4dB,4,CL,V_decision,entropy_k7,2.6800553450929576
7,n01775062/ILSVRC2012_val_00036589_n01775062,target_4dB,4,CL,V_decision,entropy_k7,1.9757283592088253
8,n01843383/ILSVRC2012_val_00005901_n01843383,target_4dB,4,CL,V_decision,entropy_k7,1.7932698284788984
9,n01860187/ILSVRC2012_val_00021594_n01860187,target_4dB,4,CL,V_decision,entropy_k7,1.9243413661261304
10,n01882714/ILSVRC2012_val_00019996_n01882714,target_4dB,4,CL,V_decision,entropy_k7,1.8254749210774337
11,n01943899/ILSVRC2012_val_00005706_n01943899,target_4dB,4,CL,V_decision,entropy_k7,2.1904617696509363
12,n01955084/ILSVRC2012_val_00001857_n01955084,target_4dB,4,CL,V_decision,entropy_k7,2.080497932081249
13,n01983481/ILSVRC2012_val_00019856_n01983481,target_4dB,4,CL,V_decision,entropy_k7,1.9314639381276946
14,n02013706/ILSVRC2012_val_00003168_n02013706,target_4dB,4,CL,V_decision,entropy_k7,1.7854786025577685
15,n02027492/ILSVRC2012_val_00007524_n02027492,target_4dB,4,CL,V_decision,entropy_k7,2.0169452839260114
16,n02088094/ILSVRC2012_val_00005507_n02088094,target_4dB,4,CL,V_decision,entropy_k7,2.0239334383398973
17,n02090622/ILSVRC2012_val_00006265_n02090622,target_4dB,4,CL,V_decision,entropy_k7,2.0378535668820597
18,n02096177/ILSVRC2012_val_00019083_n02096177,target_4dB,4,CL,V_decision,entropy_k7,2.307740278897961
19,n02098286/ILSVRC2012_val_00038253_n02098286,target_4dB,4,CL,V_decision,entropy_k7,2.2319772666159934
20,n02102480/ILSVRC2012_val_00010261_n02102480,target_4dB,4,CL,V_decision,entropy_k7,2.5229824562821412
21,n02105641/ILSVRC2012_val_00018762_n02105641,target_4dB,4,CL,V_decision,entropy_k7,1.8120019550599142
22,n02106550/ILSVRC2012_val_00014315_n02106550,target_4dB,4,CL,V_decision,entropy_k7,1.8227567138634175
23,n02107683/ILSVRC2012_val_00010786_n02107683,target_4dB,4,CL,V_decision,entropy_k7,2.5833483468484335
24,n02110806/ILSVRC2012_val_00030364_n02110806,target_4dB,4,CL,V_decision,entropy_k7,1.6992410484280083
25,n02113799/ILSVRC2012_val_00007866_n02113799,target_4dB,4,CL,V_decision,entropy_k7,1.9067538362880867
26,n02123159/ILSVRC2012_val_00025723_n02123159,target_4dB,4,CL,V_decision,entropy_k7,1.7629596210763159
27,n02134084/ILSVRC2012_val_00020332_n02134084,target_4dB,4,CL,V_decision,entropy_k7,2.626394682829577
28,n02168699/ILSVRC2012_val_00040132_n02168699,target_4dB,4,CL,V_decision,entropy_k7,2.6886628801103996
29,n02233338/ILSVRC2012_val_00016160_n02233338,target_4dB,4,CL,V_decision,entropy_k7,2.09113222461554
30,n02264363/ILSVRC2012_val_00027803_n02264363,target_4dB,4,CL,V_decision,entropy_k7,2.7315677883896967
31,n02277742/ILSVRC2012_val_00015608_n02277742,target_4dB,4,CL,V_decision,entropy_k7,2.006785757775157
32,n02325366/ILSVRC2012_val_00024858_n02325366,target_4dB,4,CL,V_decision,entropy_k7,1.734260291506821
33,n02398521/ILSVRC2012_val_00018354_n02398521,target_4dB,4,CL,V_decision,entropy_k7,2.2480616835959624
34,n02410509/ILSVRC2012_val_00022568_n02410509,target_4dB,4,CL,V_decision,entropy_k7,2.408649157727114
35,n02437312/ILSVRC2012_val_00006245_n02437312,target_4dB,4,CL,V_decision,entropy_k7,1.9609492618454958
36,n02486410/ILSVRC2012_val_00009799_n02486410,target_4dB,4,CL,V_decision,entropy_k7,2.241927612066313
37,n02509815/ILSVRC2012_val_00014423_n02509815,target_4dB,4,CL,V_decision,entropy_k7,2.070016643395425
38,n02708093/ILSVRC2012_val_00024690_n02708093,target_4dB,4,CL,V_decision,entropy_k7,2.083404084367294
39,n02776631/ILSVRC2012_val_00028186_n02776631,target_4dB,4,CL,V_decision,entropy_k7,1.7707033195353121
40,n02788148/ILSVRC2012_val_00012264_n02788148,target_4dB,4,CL,V_decision,entropy_k7,2.1678311954139304
41,n02834397/ILSVRC2012_val_00010741_n02834397,target_4dB,4,CL,V_decision,entropy_k7,2.308929741608478
42,n02841315/ILSVRC2012_val_00014601_n02841315,target_4dB,4,CL,V_decision,entropy_k7,2.0366034069159684
43,n02910353/ILSVRC2012_val_00017543_n02910353,target_4dB,4,CL,V_decision,entropy_k7,2.0242371727086943
44,n02951585/ILSVRC2012_val_00008336_n02951585,target_4dB,4,CL,V_decision,entropy_k7,2.527050524333132
45,n02980441/ILSVRC2012_val_00023472_n02980441,target_4dB,4,CL,V_decision,entropy_k7,2.2942382803928028
46,n03028079/ILSVRC2012_val_00031446_n03028079,target_4dB,4,CL,V_decision,entropy_k7,2.1840626625823107
47,n03109150/ILSVRC2012_val_00032588_n03109150,target_4dB,4,CL,V_decision,entropy_k7,2.5741832418088166
48,n03127747/ILSVRC2012_val_00003732_n03127747,target_4dB,4,CL,V_decision,entropy_k7,1.9907909454162087
49,n03220513/ILSVRC2012_val_00006359_n03220513,target_4dB,4,CL,V_decision,entropy_k7,2.2829754862824956
50,n03372029/ILSVRC2012_val_00034937_n03372029,target_4dB,4,CL,V_decision,entropy_k7,1.9542827364833855
51,n03388549/ILSVRC2012_val_00022928_n03388549,target_4dB,4,CL,V_decision,entropy_k7,1.8269911820984894
52,n03424325/ILSVRC2012_val_00006147_n03424325,target_4dB,4,CL,V_decision,entropy_k7,1.9787985732909803
53,n03447721/ILSVRC2012_val_00006942_n03447721,target_4dB,4,CL,V_decision,entropy_k7,1.5959511323711293
54,n03485794/ILSVRC2012_val_00010782_n03485794,target_4dB,4,CL,V_decision,entropy_k7,2.502937086335833
55,n03527444/ILSVRC2012_val_00035251_n03527444,target_4dB,4,CL,V_decision,entropy_k7,2.0313115099289387
56,n03584254/ILSVRC2012_val_00016384_n03584254,target_4dB,4,CL,V_decision,entropy_k7,2.6388742266894787
57,n03623198/ILSVRC2012_val_00019928_n03623198,target_4dB,4,CL,V_decision,entropy_k7,2.473887625588659
58,n03657121/ILSVRC2012_val_00000359_n03657121,target_4dB,4,CL,V_decision,entropy_k7,2.154774062753624
59,n03706229/ILSVRC2012_val_00017460_n03706229,target_4dB,4,CL,V_decision,entropy_k7,2.41262698033403
60,n03759954/ILSVRC2012_val_00010804_n03759954,target_4dB,4,CL,V_decision,entropy_k7,1.5416295977868872
61,n03775071/ILSVRC2012_val_00002420_n03775071,target_4dB,4,CL,V_decision,entropy_k7,2.838413947938309
62,n03782006/ILSVRC2012_val_00004758_n03782006,target_4dB,4,CL,V_decision,entropy_k7,1.9552121798489868
63,n03796401/ILSVRC2012_val_00025827_n03796401,target_4dB,4,CL,V_decision,entropy_k7,2.1107921979553432
64,n03866082/ILSVRC2012_val_00003554_n03866082,target_4dB,4,CL,V_decision,entropy_k7,2.096090344644724
65,n03876231/ILSVRC2012_val_00022714_n03876231,target_4dB,4,CL,V_decision,entropy_k7,2.4281953567172097
66,n03929660/ILSVRC2012_val_00012300_n03929660,target_4dB,4,CL,V_decision,entropy_k7,2.944036790882287
67,n03950228/ILSVRC2012_val_00019039_n03950228,target_4dB,4,CL,V_decision,entropy_k7,2.366667207643714
68,n03977966/ILSVRC2012_val_00027383_n03977966,target_4dB,4,CL,V_decision,entropy_k7,1.8705853848371685
69,n03983396/ILSVRC2012_val_00012891_n03983396,target_4dB,4,CL,V_decision,entropy_k7,2.038037637121328
70,n04044716/ILSVRC2012_val_00039752_n04044716,target_4dB,4,CL,V_decision,entropy_k7,2.930334647233121
71,n04067472/ILSVRC2012_val_00007618_n04067472,target_4dB,4,CL,V_decision,entropy_k7,1.875495631477395
72,n04111531/ILSVRC2012_val_00013982_n04111531,target_4dB,4,CL,V_decision,entropy_k7,2.1416884832095175
73,n04131690/ILSVRC2012_val_00002728_n04131690,target_4dB,4,CL,V_decision,entropy_k7,2.469122916856551
74,n04153751/ILSVRC2012_val_00008426_n04153751,target_4dB,4,CL,V_decision,entropy_k7,2.932785333192564
75,n04204347/ILSVRC2012_val_00018921_n04204347,target_4dB,4,CL,V_decision,entropy_k7,2.346363630317738
76,n04235860/ILSVRC2012_val_00004033_n04235860,target_4dB,4,CL,V_decision,entropy_k7,2.089974426014575
77,n04252077/ILSVRC2012_val_00012989_n04252077,target_4dB,4,CL,V_decision,entropy_k7,2.009183520281887
78,n04310018/ILSVRC2012_val_00003156_n04310018,target_4dB,4,CL,V_decision,entropy_k7,1.8851305285427584
79,n04328186/ILSVRC2012_val_00014795_n04328186,target_4dB,4,CL,V_decision,entropy_k7,2.515933910269405
80,n04346328/ILSVRC2012_val_00003305_n04346328,target_4dB,4,CL,V_decision,entropy_k7,1.978661073348946
81,n04357314/ILSVRC2012_val_00009430_n04357314,target_4dB,4,CL,V_decision,entropy_k7,2.049008499320331
82,n04371774/ILSVRC2012_val_00030870_n04371774,target_4dB,4,CL,V_decision,entropy_k7,2.1763724874455375
83,n04392985/ILSVRC2012_val_00029362_n04392985,target_4dB,4,CL,V_decision,entropy_k7,2.226683106815603
84,n04456115/ILSVRC2012_val_00002331_n04456115,target_4dB,4,CL,V_decision,entropy_k7,2.131597183139413
85,n04485082/ILSVRC2012_val_00000955_n04485082,target_4dB,4,CL,V_decision,entropy_k7,1.8655942438716593
86,n04515003/ILSVRC2012_val_00002400_n04515003,target_4dB,4,CL,V_decision,entropy_k7,2.1299941977307673
87,n04540053/ILSVRC2012_val_00007665_n04540053,target_4dB,4,CL,V_decision,entropy_k7,1.847798992333085
88,n04560804/ILSVRC2012_val_00029830_n04560804,target_4dB,4,CL,V_decision,entropy_k7,1.5939539245188536
89,n04596742/ILSVRC2012_val_00007608_n04596742,target_4dB,4,CL,V_decision,entropy_k7,2.080942446059092
90,n07583066/ILSVRC2012_val_00001378_n07583066,target_4dB,4,CL,V_decision,entropy_k7,1.8324804298427069
91,n07590611/ILSVRC2012_val_00030972_n07590611,target_4dB,4,CL,V_decision,entropy_k7,1.7066891850355173
92,n07714990/ILSVRC2012_val_00008416_n07714990,target_4dB,4,CL,V_decision,entropy_k7,1.8666272120373992
93,n07716906/ILSVRC2012_val_00011140_n07716906,target_4dB,4,CL,V_decision,entropy_k7,2.339273012670843
94,n07720875/ILSVRC2012_val_00000423_n07720875,target_4dB,4,CL,V_decision,entropy_k7,2.2199604725326916
95,n07860988/ILSVRC2012_val_00010848_n07860988,target_4dB,4,CL,V_decision,entropy_k7,1.851262311031275
96,n09288635/ILSVRC2012_val_00001270_n09288635,target_4dB,4,CL,V_decision,entropy_k7,2.451040835993092
97,n09468604/ILSVRC2012_val_00030741_n09468604,target_4dB,4,CL,V_decision,entropy_k7,2.37696402015106
98,n11939491/ILSVRC2012_val_00034896_n11939491,target_4dB,4,CL,V_decision,entropy_k7,1.7108394696718474
99,n15075141/ILSVRC2012_val_00005846_n15075141,target_4dB,4,CL,V_decision,entropy_k7,1.9877919502141095
0,n01440764/ILSVRC2012_val_00003014_n01440764,target_4dB,4,CL,V_decision,path_accuracy_k7,0.17708333333333334
1,n01601694/ILSVRC2012_val_00021656_n01601694,target_4dB,4,CL,V_decision,path_accuracy_k7,0.08854166666666667
2,n01664065/ILSVRC2012_val_00014316_n01664065,target_4dB,4,CL,V_decision,path_accuracy_k7,0.140625
3,n01689811/ILSVRC2012_val_00020598_n01689811,target_4dB,4,CL,V_decision,path_accuracy_k7,0.203125
4,n01735189/ILSVRC2012_val_00006699_n01735189,target_4dB,4,CL,V_decision,path_accuracy_k7,0.13020833333333334
5,n01744401/ILSVRC2012_val_00032663_n01744401,target_4dB,4,CL,V_decision,path_accuracy_k7,0.078125
6,n01751748/ILSVRC2012_val_00033157_n01751748,target_4dB,4,CL,V_decision,path_accuracy_k7,0.11458333333333333
7,n01775062/ILSVRC2012_val_00036589_n01775062,target_4dB,4,CL,V_decision,path_accuracy_k7,0.19270833333333334
8,n01843383/ILSVRC2012_val_00005901_n01843383,target_4dB,4,CL,V_decision,path_accuracy_k7,0.19791666666666666
9,n01860187/ILSVRC2012_val_00021594_n01860187,target_4dB,4,CL,V_decision,path_accuracy_k7,0.13020833333333334
10,n01882714/ILSVRC2012_val_00019996_n01882714,target_4dB,4,CL,V_decision,path_accuracy_k7,0.15104166666666666
11,n01943899/ILSVRC2012_val_00005706_n01943899,target_4dB,4,CL,V_decision,path_accuracy_k7,0.08854166666666667
12,n01955084/ILSVRC2012_val_00001857_n01955084,target_4dB,4,CL,V_decision,path_accuracy_k7,0.13020833333333334
13,n01983481/ILSVRC2012_val_00019856_n01983481,target_4dB,4,CL,V_decision,path_accuracy_k7,0.140625
14,n02013706/ILSVRC2012_val_00003168_n02013706,target_4dB,4,CL,V_decision,path_accuracy_k7,0.19270833333333334
15,n02027492/ILSVRC2012_val_00007524_n02027492,target_4dB,4,CL,V_decision,path_accuracy_k7,0.11979166666666667
16,n02088094/ILSVRC2012_val_00005507_n02088094,target_4dB,4,CL,V_decision,path_accuracy_k7,0.11458333333333333
17,n02090622/ILSVRC2012_val_00006265_n02090622,target_4dB,4,CL,V_decision,path_accuracy_k7,0.11458333333333333
18,n02096177/ILSVRC2012_val_00019083_n02096177,target_4dB,4,CL,V_decision,path_accuracy_k7,0.07291666666666667
19,n02098286/ILSVRC2012_val_00038253_n02098286,target_4dB,4,CL,V_decision,path_accuracy_k7,0.078125
20,n02102480/ILSVRC2012_val_00010261_n02102480,target_4dB,4,CL,V_decision,path_accuracy_k7,0.052083333333333336
21,n02105641/ILSVRC2012_val_00018762_n02105641,target_4dB,4,CL,V_decision,path_accuracy_k7,0.17708333333333334
22,n02106550/ILSVRC2012_val_00014315_n02106550,target_4dB,4,CL,V_decision,path_accuracy_k7,0.203125
23,n02107683/ILSVRC2012_val_00010786_n02107683,target_4dB,4,CL,V_decision,path_accuracy_k7,0.08854166666666667
24,n02110806/ILSVRC2012_val_00030364_n02110806,target_4dB,4,CL,V_decision,path_accuracy_k7,0.16666666666666666
25,n02113799/ILSVRC2012_val_00007866_n02113799,target_4dB,4,CL,V_decision,path_accuracy_k7,0.10416666666666667
26,n02123159/ILSVRC2012_val_00025723_n02123159,target_4dB,4,CL,V_decision,path_accuracy_k7,0.16145833333333334
27,n02134084/ILSVRC2012_val_00020332_n02134084,target_4dB,4,CL,V_decision,path_accuracy_k7,0.09895833333333333
28,n02168699/ILSVRC2012_val_00040132_n02168699,target_4dB,4,CL,V_decision,path_accuracy_k7,0.057291666666666664
29,n02233338/ILSVRC2012_val_00016160_n02233338,target_4dB,4,CL,V_decision,path_accuracy_k7,0.109375
30,n02264363/ILSVRC2012_val_00027803_n02264363,target_4dB,4,CL,V_decision,path_accuracy_k7,0.057291666666666664
31,n02277742/ILSVRC2012_val_00015608_n02277742,target_4dB,4,CL,V_decision,path_accuracy_k7,0.15104166666666666
32,n02325366/ILSVRC2012_val_00024858_n02325366,target_4dB,4,CL,V_decision,path_accuracy_k7,0.20833333333333334
33,n02398521/ILSVRC2012_val_00018354_n02398521,target_4dB,4,CL,V_decision,path_accuracy_k7,0.10416666666666667
34,n02410509/ILSVRC2012_val_00022568_n02410509,target_4dB,4,CL,V_decision,path_accuracy_k7,0.09895833333333333
35,n02437312/ILSVRC2012_val_00006245_n02437312,target_4dB,4,CL,V_decision,path_accuracy_k7,0.11979166666666667
36,n02486410/ILSVRC2012_val_00009799_n02486410,target_4dB,4,CL,V_decision,path_accuracy_k7,0.140625
37,n02509815/ILSVRC2012_val_00014423_n02509815,target_4dB,4,CL,V_decision,path_accuracy_k7,0.11979166666666667
38,n02708093/ILSVRC2012_val_00024690_n02708093,target_4dB,4,CL,V_decision,path_accuracy_k7,0.14583333333333334
39,n02776631/ILSVRC2012_val_00028186_n02776631,target_4dB,4,CL,V_decision,path_accuracy_k7,0.14583333333333334
40,n02788148/ILSVRC2012_val_00012264_n02788148,target_4dB,4,CL,V_decision,path_accuracy_k7,0.11458333333333333
41,n02834397/ILSVRC2012_val_00010741_n02834397,target_4dB,4,CL,V_decision,path_accuracy_k7,0.09895833333333333
42,n02841315/ILSVRC2012_val_00014601_n02841315,target_4dB,4,CL,V_decision,path_accuracy_k7,0.125
43,n02910353/ILSVRC2012_val_00017543_n02910353,target_4dB,4,CL,V_decision,path_accuracy_k7,0.11458333333333333
44,n02951585/ILSVRC2012_val_00008336_n02951585,target_4dB,4,CL,V_decision,path_accuracy_k7,0.07291666666666667
45,n02980441/ILSVRC2012_val_00023472_n02980441,target_4dB,4,CL,V_decision,path_accuracy_k7,0.125
46,n03028079/ILSVRC2012_val_00031446_n03028079,target_4dB,4,CL,V_decision,path_accuracy_k7,0.16666666666666666
47,n03109150/ILSVRC2012_val_00032588_n03109150,target_4dB,4,CL,V_decision,path_accuracy_k7,0.057291666666666664
48,n03127747/ILSVRC2012_val_00003732_n03127747,target_4dB,4,CL,V_decision,path_accuracy_k7,0.15625
49,n03220513/ILSVRC2012_val_00006359_n03220513,target_4dB,4,CL,V_decision,path_accuracy_k7,0.10416666666666667
50,n03372029/ILSVRC2012_val_00034937_n03372029,target_4dB,4,CL,V_decision,path_accuracy_k7,0.15625
51,n03388549/ILSVRC2012_val_00022928_n03388549,target_4dB,4,CL,V_decision,path_accuracy_k7,0.1875
52,n03424325/ILSVRC2012_val_00006147_n03424325,target_4dB,4,CL,V_decision,path_accuracy_k7,0.06770833333333333
53,n03447721/ILSVRC2012_val_00006942_n03447721,target_4dB,4,CL,V_decision,path_accuracy_k7,0.16145833333333334
54,n03485794/ILSVRC2012_val_00010782_n03485794,target_4dB,4,CL,V_decision,path_accuracy_k7,0.07291666666666667
55,n03527444/ILSVRC2012_val_00035251_n03527444,target_4dB,4,CL,V_decision,path_accuracy_k7,0.13541666666666666
56,n03584254/ILSVRC2012_val_00016384_n03584254,target_4dB,4,CL,V_decision,path_accuracy_k7,0.057291666666666664
57,n03623198/ILSVRC2012_val_00019928_n03623198,target_4dB,4,CL,V_decision,path_accuracy_k7,0.052083333333333336
58,n03657121/ILSVRC2012_val_00000359_n03657121,target_4dB,4,CL,V_decision,path_accuracy_k7,0.13020833333333334
59,n03706229/ILSVRC2012_val_00017460_n03706229,target_4dB,4,CL,V_decision,path_accuracy_k7,0.078125
60,n03759954/ILSVRC2012_val_00010804_n03759954,target_4dB,4,CL,V_decision,path_accuracy_k7,0.21875
61,n03775071/ILSVRC2012_val_00002420_n03775071,target_4dB,4,CL,V_decision,path_accuracy_k7,0.06770833333333333
62,n03782006/ILSVRC2012_val_00004758_n03782006,target_4dB,4,CL,V_decision,path_accuracy_k7,0.13020833333333334
63,n03796401/ILSVRC2012_val_00025827_n03796401,target_4dB,4,CL,V_decision,path_accuracy_k7,0.13020833333333334
64,n03866082/ILSVRC2012_val_00003554_n03866082,target_4dB,4,CL,V_decision,path_accuracy_k7,0.11979166666666667
65,n03876231/ILSVRC2012_val_00022714_n03876231,target_4dB,4,CL,V_decision,path_accuracy_k7,0.078125
66,n03929660/ILSVRC2012_val_00012300_n03929660,target_4dB,4,CL,V_decision,path_accuracy_k7,0.052083333333333336
67,n03950228/ILSVRC2012_val_00019039_n03950228,target_4dB,4,CL,V_decision,path_accuracy_k7,0.109375
68,n03977966/ILSVRC2012_val_00027383_n03977966,target_4dB,4,CL,V_decision,path_accuracy_k7,0.16666666666666666
69,n03983396/ILSVRC2012_val_00012891_n03983396,target_4dB,4,CL,V_decision,path_accuracy_k7,0.14583333333333334
70,n04044716/ILSVRC2012_val_00039752_n04044716,target_4dB,4,CL,V_decision,path_accuracy_k7,0.07291666666666667
71,n04067472/ILSVRC2012_val_00007618_n04067472,target_4dB,4,CL,V_decision,path_accuracy_k7,0.15625
72,n04111531/ILSVRC2012_val_00013982_n04111531,target_4dB,4,CL,V_decision,path_accuracy_k7,0.15104166666666666
73,n04131690/ILSVRC2012_val_00002728_n04131690,target_4dB,4,CL,V_decision,path_accuracy_k7,0.026041666666666668
74,n04153751/ILSVRC2012_val_00008426_n04153751,target_4dB,4,CL,V_decision,path_accuracy_k7,0.09375
75,n04204347/ILSVRC2012_val_00018921_n04204347,target_4dB,4,CL,V_decision,path_accuracy_k7,0.09375
76,n04235860/ILSVRC2012_val_00004033_n04235860,target_4dB,4,CL,V_decision,path_accuracy_k7,0.140625
77,n04252077/ILSVRC2012_val_00012989_n04252077,target_4dB,4,CL,V_decision,path_accuracy_k7,0.15104166666666666
78,n04310018/ILSVRC2012_val_00003156_n04310018,target_4dB,4,CL,V_decision,path_accuracy_k7,0.11458333333333333
79,n04328186/ILSVRC2012_val_00014795_n04328186,target_4dB,4,CL,V_decision,path_accuracy_k7,0.11458333333333333
80,n04346328/ILSVRC2012_val_00003305_n04346328,target_4dB,4,CL,V_decision,path_accuracy_k7,0.16145833333333334
81,n04357314/ILSVRC2012_val_00009430_n04357314,target_4dB,4,CL,V_decision,path_accuracy_k7,0.14583333333333334
82,n04371774/ILSVRC2012_val_00030870_n04371774,target_4dB,4,CL,V_decision,path_accuracy_k7,0.125
83,n04392985/ILSVRC2012_val_00029362_n04392985,target_4dB,4,CL,V_decision,path_accuracy_k7,0.125
84,n04456115/ILSVRC2012_val_00002331_n04456115,target_4dB,4,CL,V_decision,path_accuracy_k7,0.140625
85,n04485082/ILSVRC2012_val_00000955_n04485082,target_4dB,4,CL,V_decision,path_accuracy_k7,0.13020833333333334
86,n04515003/ILSVRC2012_val_00002400_n04515003,target_4dB,4,CL,V_decision,path_accuracy_k7,0.13020833333333334
87,n04540053/ILSVRC2012_val_00007665_n04540053,target_4dB,4,CL,V_decision,path_accuracy_k7,0.16145833333333334
88,n04560804/ILSVRC2012_val_00029830_n04560804,target_4dB,4,CL,V_decision,path_accuracy_k7,0.1875
89,n04596742/ILSVRC2012_val_00007608_n04596742,target_4dB,4,CL,V_decision,path_accuracy_k7,0.16145833333333334
90,n07583066/ILSVRC2012_val_00001378_n07583066,target_4dB,4,CL,V_decision,path_accuracy_k7,0.17708333333333334
91,n07590611/ILSVRC2012_val_00030972_n07590611,target_4dB,4,CL,V_decision,path_accuracy_k7,0.2604166666666667
92,n07714990/ILSVRC2012_val_00008416_n07714990,target_4dB,4,CL,V_decision,path_accuracy_k7,0.140625
93,n07716906/ILSVRC2012_val_00011140_n07716906,target_4dB,4,CL,V_decision,path_accuracy_k7,0.10416666666666667
94,n07720875/ILSVRC2012_val_00000423_n07720875,target_4dB,4,CL,V_decision,path_accuracy_k7,0.10416666666666667
95,n07860988/ILSVRC2012_val_00010848_n07860988,target_4dB,4,CL,V_decision,path_accuracy_k7,0.16666666666666666
96,n09288635/ILSVRC2012_val_00001270_n09288635,target_4dB,4,CL,V_decision,path_accuracy_k7,0.08333333333333333
97,n09468604/ILSVRC2012_val_00030741_n09468604,target_4dB,4,CL,V_decision,path_accuracy_k7,0.13020833333333334
98,n11939491/ILSVRC2012_val_00034896_n11939491,target_4dB,4,CL,V_decision,path_accuracy_k7,0.109375
99,n15075141/ILSVRC2012_val_00005846_n15075141,target_4dB,4,CL,V_decision,path_accuracy_k7,0.15625
0,n01440764/ILSVRC2012_val_00003014_n01440764,target_4dB,4,CL,V_decision,acc_k8,0.06666666666666667
1,n01601694/ILSVRC2012_val_00021656_n01601694,target_4dB,4,CL,V_decision,acc_k8,0.02
2,n01664065/ILSVRC2012_val_00014316_n01664065,target_4dB,4,CL,V_decision,acc_k8,0.07333333333333335
3,n01689811/ILSVRC2012_val_00020598_n01689811,target_4dB,4,CL,V_decision,acc_k8,0.05000000000000001
4,n01735189/ILSVRC2012_val_00006699_n01735189,target_4dB,4,CL,V_decision,acc_k8,0.03333333333333333
5,n01744401/ILSVRC2012_val_00032663_n01744401,target_4dB,4,CL,V_decision,acc_k8,0.006666666666666667
6,n01751748/ILSVRC2012_val_00033157_n01751748,target_4dB,4,CL,V_decision,acc_k8,0.02
7,n01775062/ILSVRC2012_val_00036589_n01775062,target_4dB,4,CL,V_decision,acc_k8,0.05000000000000001
8,n01843383/ILSVRC2012_val_00005901_n01843383,target_4dB,4,CL,V_decision,acc_k8,0.08333333333333333
9,n01860187/ILSVRC2012_val_00021594_n01860187,target_4dB,4,CL,V_decision,acc_k8,0.05333333333333334
10,n01882714/ILSVRC2012_val_00019996_n01882714,target_4dB,4,CL,V_decision,acc_k8,0.05333333333333334
11,n01943899/ILSVRC2012_val_00005706_n01943899,target_4dB,4,CL,V_decision,acc_k8,0.023333333333333334
12,n01955084/ILSVRC2012_val_00001857_n01955084,target_4dB,4,CL,V_decision,acc_k8,0.05000000000000001
13,n01983481/ILSVRC2012_val_00019856_n01983481,target_4dB,4,CL,V_decision,acc_k8,0.06
14,n02013706/ILSVRC2012_val_00003168_n02013706,target_4dB,4,CL,V_decision,acc_k8,0.06333333333333334
15,n02027492/ILSVRC2012_val_00007524_n02027492,target_4dB,4,CL,V_decision,acc_k8,0.023333333333333334
16,n02088094/ILSVRC2012_val_00005507_n02088094,target_4dB,4,CL,V_decision,acc_k8,0.03666666666666667
17,n02090622/ILSVRC2012_val_00006265_n02090622,target_4dB,4,CL,V_decision,acc_k8,0.06
18,n02096177/ILSVRC2012_val_00019083_n02096177,target_4dB,4,CL,V_decision,acc_k8,0.013333333333333334
19,n02098286/ILSVRC2012_val_00038253_n02098286,target_4dB,4,CL,V_decision,acc_k8,0.016666666666666666
20,n02102480/ILSVRC2012_val_00010261_n02102480,target_4dB,4,CL,V_decision,acc_k8,0.016666666666666666
21,n02105641/ILSVRC2012_val_00018762_n02105641,target_4dB,4,CL,V_decision,acc_k8,0.07333333333333333
22,n02106550/ILSVRC2012_val_00014315_n02106550,target_4dB,4,CL,V_decision,acc_k8,0.06666666666666667
23,n02107683/ILSVRC2012_val_00010786_n02107683,target_4dB,4,CL,V_decision,acc_k8,0.04
24,n02110806/ILSVRC2012_val_00030364_n02110806,target_4dB,4,CL,V_decision,acc_k8,0.06333333333333334
25,n02113799/ILSVRC2012_val_00007866_n02113799,target_4dB,4,CL,V_decision,acc_k8,0.03666666666666667
26,n02123159/ILSVRC2012_val_00025723_n02123159,target_4dB,4,CL,V_decision,acc_k8,0.08
27,n02134084/ILSVRC2012_val_00020332_n02134084,target_4dB,4,CL,V_decision,acc_k8,0.02666666666666667
28,n02168699/ILSVRC2012_val_00040132_n02168699,target_4dB,4,CL,V_decision,acc_k8,0.013333333333333334
29,n02233338/ILSVRC2012_val_00016160_n02233338,target_4dB,4,CL,V_decision,acc_k8,0.03333333333333333
30,n02264363/ILSVRC2012_val_00027803_n02264363,target_4dB,4,CL,V_decision,acc_k8,0.016666666666666666
31,n02277742/ILSVRC2012_val_00015608_n02277742,target_4dB,4,CL,V_decision,acc_k8,0.04666666666666667
32,n02325366/ILSVRC2012_val_00024858_n02325366,target_4dB,4,CL,V_decision,acc_k8,0.060000000000000005
33,n02398521/ILSVRC2012_val_00018354_n02398521,target_4dB,4,CL,V_decision,acc_k8,0.02
34,n02410509/ILSVRC2012_val_00022568_n02410509,target_4dB,4,CL,V_decision,acc_k8,0.02333333333333333
35,n02437312/ILSVRC2012_val_00006245_n02437312,target_4dB,4,CL,V_decision,acc_k8,0.03
36,n02486410/ILSVRC2012_val_00009799_n02486410,target_4dB,4,CL,V_decision,acc_k8,0.04
37,n02509815/ILSVRC2012_val_00014423_n02509815,target_4dB,4,CL,V_decision,acc_k8,0.023333333333333334
38,n02708093/ILSVRC2012_val_00024690_n02708093,target_4dB,4,CL,V_decision,acc_k8,0.04666666666666667
39,n02776631/ILSVRC2012_val_00028186_n02776631,target_4dB,4,CL,V_decision,acc_k8,0.06
40,n02788148/ILSVRC2012_val_00012264_n02788148,target_4dB,4,CL,V_decision,acc_k8,0.02
41,n02834397/ILSVRC2012_val_00010741_n02834397,target_4dB,4,CL,V_decision,acc_k8,0.023333333333333334
42,n02841315/ILSVRC2012_val_00014601_n02841315,target_4dB,4,CL,V_decision,acc_k8,0.04
43,n02910353/ILSVRC2012_val_00017543_n02910353,target_4dB,4,CL,V_decision,acc_k8,0.04666666666666667
44,n02951585/ILSVRC2012_val_00008336_n02951585,target_4dB,4,CL,V_decision,acc_k8,0.016666666666666666
45,n02980441/ILSVRC2012_val_00023472_n02980441,target_4dB,4,CL,V_decision,acc_k8,0.04
46,n03028079/ILSVRC2012_val_00031446_n03028079,target_4dB,4,CL,V_decision,acc_k8,0.03333333333333333
47,n03109150/ILSVRC2012_val_00032588_n03109150,target_4dB,4,CL,V_decision,acc_k8,0.01
48,n03127747/ILSVRC2012_val_00003732_n03127747,target_4dB,4,CL,V_decision,acc_k8,0.03666666666666667
49,n03220513/ILSVRC2012_val_00006359_n03220513,target_4dB,4,CL,V_decision,acc_k8,0.02
50,n03372029/ILSVRC2012_val_00034937_n03372029,target_4dB,4,CL,V_decision,acc_k8,0.05000000000000001
51,n03388549/ILSVRC2012_val_00022928_n03388549,target_4dB,4,CL,V_decision,acc_k8,0.06
52,n03424325/ILSVRC2012_val_00006147_n03424325,target_4dB,4,CL,V_decision,acc_k8,0.043333333333333335
53,n03447721/ILSVRC2012_val_00006942_n03447721,target_4dB,4,CL,V_decision,acc_k8,0.09666666666666666
54,n03485794/ILSVRC2012_val_00010782_n03485794,target_4dB,4,CL,V_decision,acc_k8,0.043333333333333335
55,n03527444/ILSVRC2012_val_00035251_n03527444,target_4dB,4,CL,V_decision,acc_k8,0.030000000000000002
56,n03584254/ILSVRC2012_val_00016384_n03584254,target_4dB,4,CL,V_decision,acc_k8,0.03
57,n03623198/ILSVRC2012_val_00019928_n03623198,target_4dB,4,CL,V_decision,acc_k8,0.03
58,n03657121/ILSVRC2012_val_00000359_n03657121,target_4dB,4,CL,V_decision,acc_k8,0.013333333333333334
59,n03706229/ILSVRC2012_val_00017460_n03706229,target_4dB,4,CL,V_decision,acc_k8,0.02
60,n03759954/ILSVRC2012_val_00010804_n03759954,target_4dB,4,CL,V_decision,acc_k8,0.08
61,n03775071/ILSVRC2012_val_00002420_n03775071,target_4dB,4,CL,V_decision,acc_k8,0.023333333333333334
62,n03782006/ILSVRC2012_val_00004758_n03782006,target_4dB,4,CL,V_decision,acc_k8,0.04666666666666667
63,n03796401/ILSVRC2012_val_00025827_n03796401,target_4dB,4,CL,V_decision,acc_k8,0.023333333333333334
64,n03866082/ILSVRC2012_val_00003554_n03866082,target_4dB,4,CL,V_decision,acc_k8,0.04
65,n03876231/ILSVRC2012_val_00022714_n03876231,target_4dB,4,CL,V_decision,acc_k8,0.02
66,n03929660/ILSVRC2012_val_00012300_n03929660,target_4dB,4,CL,V_decision,acc_k8,0.02
67,n03950228/ILSVRC2012_val_00019039_n03950228,target_4dB,4,CL,V_decision,acc_k8,0.02666666666666667
68,n03977966/ILSVRC2012_val_00027383_n03977966,target_4dB,4,CL,V_decision,acc_k8,0.05000000000000001
69,n03983396/ILSVRC2012_val_00012891_n03983396,target_4dB,4,CL,V_decision,acc_k8,0.04
70,n04044716/ILSVRC2012_val_00039752_n04044716,target_4dB,4,CL,V_decision,acc_k8,0.013333333333333334
71,n04067472/ILSVRC2012_val_00007618_n04067472,target_4dB,4,CL,V_decision,acc_k8,0.04
72,n04111531/ILSVRC2012_val_00013982_n04111531,target_4dB,4,CL,V_decision,acc_k8,0.03
73,n04131690/ILSVRC2012_val_00002728_n04131690,target_4dB,4,CL,V_decision,acc_k8,0.02
74,n04153751/ILSVRC2012_val_00008426_n04153751,target_4dB,4,CL,V_decision,acc_k8,0.016666666666666666
75,n04204347/ILSVRC2012_val_00018921_n04204347,target_4dB,4,CL,V_decision,acc_k8,0.023333333333333334
76,n04235860/ILSVRC2012_val_00004033_n04235860,target_4dB,4,CL,V_decision,acc_k8,0.049999999999999996
77,n04252077/ILSVRC2012_val_00012989_n04252077,target_4dB,4,CL,V_decision,acc_k8,0.05666666666666667
78,n04310018/ILSVRC2012_val_00003156_n04310018,target_4dB,4,CL,V_decision,acc_k8,0.07333333333333335
79,n04328186/ILSVRC2012_val_00014795_n04328186,target_4dB,4,CL,V_decision,acc_k8,0.0033333333333333335
80,n04346328/ILSVRC2012_val_00003305_n04346328,target_4dB,4,CL,V_decision,acc_k8,0.043333333333333335
81,n04357314/ILSVRC2012_val_00009430_n04357314,target_4dB,4,CL,V_decision,acc_k8,0.043333333333333335
82,n04371774/ILSVRC2012_val_00030870_n04371774,target_4dB,4,CL,V_decision,acc_k8,0.043333333333333335
83,n04392985/ILSVRC2012_val_00029362_n04392985,target_4dB,4,CL,V_decision,acc_k8,0.016666666666666666
84,n04456115/ILSVRC2012_val_00002331_n04456115,target_4dB,4,CL,V_decision,acc_k8,0.03
85,n04485082/ILSVRC2012_val_00000955_n04485082,target_4dB,4,CL,V_decision,acc_k8,0.03666666666666667
86,n04515003/ILSVRC2012_val_00002400_n04515003,target_4dB,4,CL,V_decision,acc_k8,0.03
87,n04540053/ILSVRC2012_val_00007665_n04540053,target_4dB,4,CL,V_decision,acc_k8,0.05000000000000001
88,n04560804/ILSVRC2012_val_00029830_n04560804,target_4dB,4,CL,V_decision,acc_k8,0.05666666666666667
89,n04596742/ILSVRC2012_val_00007608_n04596742,target_4dB,4,CL,V_decision,acc_k8,0.043333333333333335
90,n07583066/ILSVRC2012_val_00001378_n07583066,target_4dB,4,CL,V_decision,acc_k8,0.08
91,n07590611/ILSVRC2012_val_00030972_n07590611,target_4dB,4,CL,V_decision,acc_k8,0.06333333333333334
92,n07714990/ILSVRC2012_val_00008416_n07714990,target_4dB,4,CL,V_decision,acc_k8,0.06666666666666667
93,n07716906/ILSVRC2012_val_00011140_n07716906,target_4dB,4,CL,V_decision,acc_k8,0.03
94,n07720875/ILSVRC2012_val_00000423_n07720875,target_4dB,4,CL,V_decision,acc_k8,0.02
95,n07860988/ILSVRC2012_val_00010848_n07860988,target_4dB,4,CL,V_decision,acc_k8,0.049999999999999996
96,n09288635/ILSVRC2012_val_00001270_n09288635,target_4dB,4,CL,V_decision,acc_k8,0.02666666666666667
97,n09468604/ILSVRC2012_val_00030741_n09468604,target_4dB,4,CL,V_decision,acc_k8,0.023333333333333334
98,n11939491/ILSVRC2012_val_00034896_n11939491,target_4dB,4,CL,V_decision,acc_k8,0.03666666666666667
99,n15075141/ILSVRC2012_val_00005846_n15075141,target_4dB,4,CL,V_decision,acc_k8,0.05333333333333334
0,n01440764/ILSVRC2012_val_00003014_n01440764,target_4dB,4,CL,V_decision,logp_true_k8,-9.244154302545551
1,n01601694/ILSVRC2012_val_00021656_n01601694,target_4dB,4,CL,V_decision,logp_true_k8,-11.297295710047086
2,n01664065/ILSVRC2012_val_00014316_n01664065,target_4dB,4,CL,V_decision,logp_true_k8,-8.717406249093669
3,n01689811/ILSVRC2012_val_00020598_n01689811,target_4dB,4,CL,V_decision,logp_true_k8,-8.958269605636596
4,n01735189/ILSVRC2012_val_00006699_n01735189,target_4dB,4,CL,V_decision,logp_true_k8,-9.66810990012212
5,n01744401/ILSVRC2012_val_00032663_n01744401,target_4dB,4,CL,V_decision,logp_true_k8,-10.768367922703426
6,n01751748/ILSVRC2012_val_00033157_n01751748,target_4dB,4,CL,V_decision,logp_true_k8,-10.362361143951615
7,n01775062/ILSVRC2012_val_00036589_n01775062,target_4dB,4,CL,V_decision,logp_true_k8,-8.844606028720737
8,n01843383/ILSVRC2012_val_00005901_n01843383,target_4dB,4,CL,V_decision,logp_true_k8,-8.526247924885054
9,n01860187/ILSVRC2012_val_00021594_n01860187,target_4dB,4,CL,V_decision,logp_true_k8,-9.947445228794095
10,n01882714/ILSVRC2012_val_00019996_n01882714,target_4dB,4,CL,V_decision,logp_true_k8,-9.188205378037335
11,n01943899/ILSVRC2012_val_00005706_n01943899,target_4dB,4,CL,V_decision,logp_true_k8,-10.260420122899426
12,n01955084/ILSVRC2012_val_00001857_n01955084,target_4dB,4,CL,V_decision,logp_true_k8,-10.468893571356311
13,n01983481/ILSVRC2012_val_00019856_n01983481,target_4dB,4,CL,V_decision,logp_true_k8,-8.919836286380887
14,n02013706/ILSVRC2012_val_00003168_n02013706,target_4dB,4,CL,V_decision,logp_true_k8,-9.734354837183188
15,n02027492/ILSVRC2012_val_00007524_n02027492,target_4dB,4,CL,V_decision,logp_true_k8,-11.158904382400214
16,n02088094/ILSVRC2012_val_00005507_n02088094,target_4dB,4,CL,V_decision,logp_true_k8,-9.994835850099722
17,n02090622/ILSVRC2012_val_00006265_n02090622,target_4dB,4,CL,V_decision,logp_true_k8,-9.500998696247114
18,n02096177/ILSVRC2012_val_00019083_n02096177,target_4dB,4,CL,V_decision,logp_true_k8,-10.993040445360045
19,n02098286/ILSVRC2012_val_00038253_n02098286,target_4dB,4,CL,V_decision,logp_true_k8,-12.1386288874348
20,n02102480/ILSVRC2012_val_00010261_n02102480,target_4dB,4,CL,V_decision,logp_true_k8,-11.393421023549358
21,n02105641/ILSVRC2012_val_00018762_n02105641,target_4dB,4,CL,V_decision,logp_true_k8,-9.356865920661948
22,n02106550/ILSVRC2012_val_00014315_n02106550,target_4dB,4,CL,V_decision,logp_true_k8,-9.644989624683125
23,n02107683/ILSVRC2012_val_00010786_n02107683,target_4dB,4,CL,V_decision,logp_true_k8,-11.01610883908424
24,n02110806/ILSVRC2012_val_00030364_n02110806,target_4dB,4,CL,V_decision,logp_true_k8,-9.061362822561835
25,n02113799/ILSVRC2012_val_00007866_n02113799,target_4dB,4,CL,V_decision,logp_true_k8,-9.481101125975451
26,n02123159/ILSVRC2012_val_00025723_n02123159,target_4dB,4,CL,V_decision,logp_true_k8,-9.440299075893128
27,n02134084/ILSVRC2012_val_00020332_n02134084,target_4dB,4,CL,V_decision,logp_true_k8,-11.237400173066804
28,n02168699/ILSVRC2012_val_00040132_n02168699,target_4dB,4,CL,V_decision,logp_true_k8,-11.507189301848411
29,n02233338/ILSVRC2012_val_00016160_n02233338,target_4dB,4,CL,V_decision,logp_true_k8,-9.496307852123865
30,n02264363/ILSVRC2012_val_00027803_n02264363,target_4dB,4,CL,V_decision,logp_true_k8,-12.153807789683341
31,n02277742/ILSVRC2012_val_00015608_n02277742,target_4dB,4,CL,V_decision,logp_true_k8,-9.550495774770775
32,n02325366/ILSVRC2012_val_00024858_n02325366,target_4dB,4,CL,V_decision,logp_true_k8,-9.060874039811702
33,n02398521/ILSVRC2012_val_00018354_n02398521,target_4dB,4,CL,V_decision,logp_true_k8,-9.850192100405692
34,n02410509/ILSVRC2012_val_00022568_n02410509,target_4dB,4,CL,V_decision,logp_true_k8,-10.453102542593067
35,n02437312/ILSVRC2012_val_00006245_n02437312,target_4dB,4,CL,V_decision,logp_true_k8,-9.956272067057096
36,n02486410/ILSVRC2012_val_00009799_n02486410,target_4dB,4,CL,V_decision,logp_true_k8,-10.084993222206831
37,n02509815/ILSVRC2012_val_00014423_n02509815,target_4dB,4,CL,V_decision,logp_true_k8,-11.469339758455753
38,n02708093/ILSVRC2012_val_00024690_n02708093,target_4dB,4,CL,V_decision,logp_true_k8,-10.503746052718974
39,n02776631/ILSVRC2012_val_00028186_n02776631,target_4dB,4,CL,V_decision,logp_true_k8,-9.953184189355623
40,n02788148/ILSVRC2012_val_00012264_n02788148,target_4dB,4,CL,V_decision,logp_true_k8,-11.07184996187687
41,n02834397/ILSVRC2012_val_00010741_n02834397,target_4dB,4,CL,V_decision,logp_true_k8,-11.133751922075946
42,n02841315/ILSVRC2012_val_00014601_n02841315,target_4dB,4,CL,V_decision,logp_true_k8,-10.433940671070985
43,n02910353/ILSVRC2012_val_00017543_n02910353,target_4dB,4,CL,V_decision,logp_true_k8,-10.2667713586598
44,n02951585/ILSVRC2012_val_00008336_n02951585,target_4dB,4,CL,V_decision,logp_true_k8,-11.109068821718296
45,n02980441/ILSVRC2012_val_00023472_n02980441,target_4dB,4,CL,V_decision,logp_true_k8,-10.873228846725846
46,n03028079/ILSVRC2012_val_00031446_n03028079,target_4dB,4,CL,V_decision,logp_true_k8,-11.19061244216437
47,n03109150/ILSVRC2012_val_00032588_n03109150,target_4dB,4,CL,V_decision,logp_true_k8,-12.505787668650349
48,n03127747/ILSVRC2012_val_00003732_n03127747,target_4dB,4,CL,V_decision,logp_true_k8,-11.653901074284223
49,n03220513/ILSVRC2012_val_00006359_n03220513,target_4dB,4,CL,V_decision,logp_true_k8,-11.166226939857006
50,n03372029/ILSVRC2012_val_00034937_n03372029,target_4dB,4,CL,V_decision,logp_true_k8,-10.051398574089012
51,n03388549/ILSVRC2012_val_00022928_n03388549,target_4dB,4,CL,V_decision,logp_true_k8,-9.883309727483622
52,n03424325/ILSVRC2012_val_00006147_n03424325,target_4dB,4,CL,V_decision,logp_true_k8,-10.952934686324248
53,n03447721/ILSVRC2012_val_00006942_n03447721,target_4dB,4,CL,V_decision,logp_true_k8,-8.663285588514798
54,n03485794/ILSVRC2012_val_00010782_n03485794,target_4dB,4,CL,V_decision,logp_true_k8,-11.147259755500903
55,n03527444/ILSVRC2012_val_00035251_n03527444,target_4dB,4,CL,V_decision,logp_true_k8,-11.213254029974342
56,n03584254/ILSVRC2012_val_00016384_n03584254,target_4dB,4,CL,V_decision,logp_true_k8,-11.630288412670296
57,n03623198/ILSVRC2012_val_00019928_n03623198,target_4dB,4,CL,V_decision,logp_true_k8,-12.234402526815733
58,n03657121/ILSVRC2012_val_00000359_n03657121,target_4dB,4,CL,V_decision,logp_true_k8,-13.774181922848024
59,n03706229/ILSVRC2012_val_00017460_n03706229,target_4dB,4,CL,V_decision,logp_true_k8,-13.324726613759994
60,n03759954/ILSVRC2012_val_00010804_n03759954,target_4dB,4,CL,V_decision,logp_true_k8,-8.362394341489223
61,n03775071/ILSVRC2012_val_00002420_n03775071,target_4dB,4,CL,V_decision,logp_true_k8,-11.348219763040541
62,n03782006/ILSVRC2012_val_00004758_n03782006,target_4dB,4,CL,V_decision,logp_true_k8,-11.010545800055068
63,n03796401/ILSVRC2012_val_00025827_n03796401,target_4dB,4,CL,V_decision,logp_true_k8,-10.798726760372523
64,n03866082/ILSVRC2012_val_00003554_n03866082,target_4dB,4,CL,V_decision,logp_true_k8,-9.612080241267881
65,n03876231/ILSVRC2012_val_00022714_n03876231,target_4dB,4,CL,V_decision,logp_true_k8,-11.00202062015732
66,n03929660/ILSVRC2012_val_00012300_n03929660,target_4dB,4,CL,V_decision,logp_true_k8,-11.708018737236658
67,n03950228/ILSVRC2012_val_00019039_n03950228,target_4dB,4,CL,V_decision,logp_true_k8,-10.844296463082236
68,n03977966/ILSVRC2012_val_00027383_n03977966,target_4dB,4,CL,V_decision,logp_true_k8,-10.113507871634017
69,n03983396/ILSVRC2012_val_00012891_n03983396,target_4dB,4,CL,V_decision,logp_true_k8,-10.619914879178006
70,n04044716/ILSVRC2012_val_00039752_n04044716,target_4dB,4,CL,V_decision,logp_true_k8,-11.824467848141987
71,n04067472/ILSVRC2012_val_00007618_n04067472,target_4dB,4,CL,V_decision,logp_true_k8,-9.32540537564705
72,n04111531/ILSVRC2012_val_00013982_n04111531,target_4dB,4,CL,V_decision,logp_true_k8,-10.426178086847067
73,n04131690/ILSVRC2012_val_00002728_n04131690,target_4dB,4,CL,V_decision,logp_true_k8,-11.918908909062544
74,n04153751/ILSVRC2012_val_00008426_n04153751,target_4dB,4,CL,V_decision,logp_true_k8,-12.269835539658866
75,n04204347/ILSVRC2012_val_00018921_n04204347,target_4dB,4,CL,V_decision,logp_true_k8,-10.962121108031523
76,n04235860/ILSVRC2012_val_00004033_n04235860,target_4dB,4,CL,V_decision,logp_true_k8,-9.130711202212455
77,n04252077/ILSVRC2012_val_00012989_n04252077,target_4dB,4,CL,V_decision,logp_true_k8,-9.646477265874855
78,n04310018/ILSVRC2012_val_00003156_n04310018,target_4dB,4,CL,V_decision,logp_true_k8,-9.70204397346844
79,n04328186/ILSVRC2012_val_00014795_n04328186,target_4dB,4,CL,V_decision,logp_true_k8,-11.034800063172975
80,n04346328/ILSVRC2012_val_00003305_n04346328,target_4dB,4,CL,V_decision,logp_true_k8,-9.514194717793337
81,n04357314/ILSVRC2012_val_00009430_n04357314,target_4dB,4,CL,V_decision,logp_true_k8,-10.127293257070221
82,n04371774/ILSVRC2012_val_00030870_n04371774,target_4dB,4,CL,V_decision,logp_true_k8,-9.821597144541641
83,n04392985/ILSVRC2012_val_00029362_n04392985,target_4dB,4,CL,V_decision,logp_true_k8,-10.795247130791346
84,n04456115/ILSVRC2012_val_00002331_n04456115,target_4dB,4,CL,V_decision,logp_true_k8,-10.465796246131262
85,n04485082/ILSVRC2012_val_00000955_n04485082,target_4dB,4,CL,V_decision,logp_true_k8,-9.713167860386895
86,n04515003/ILSVRC2012_val_00002400_n04515003,target_4dB,4,CL,V_decision,logp_true_k8,-11.121753118416917
87,n04540053/ILSVRC2012_val_00007665_n04540053,target_4dB,4,CL,V_decision,logp_true_k8,-10.013071900860716
88,n04560804/ILSVRC2012_val_00029830_n04560804,target_4dB,4,CL,V_decision,logp_true_k8,-9.479886021601658
89,n04596742/ILSVRC2012_val_00007608_n04596742,target_4dB,4,CL,V_decision,logp_true_k8,-10.176969592377914
90,n07583066/ILSVRC2012_val_00001378_n07583066,target_4dB,4,CL,V_decision,logp_true_k8,-9.94372094153737
91,n07590611/ILSVRC2012_val_00030972_n07590611,target_4dB,4,CL,V_decision,logp_true_k8,-8.746320484746247
92,n07714990/ILSVRC2012_val_00008416_n07714990,target_4dB,4,CL,V_decision,logp_true_k8,-10.061873164990295
93,n07716906/ILSVRC2012_val_00011140_n07716906,target_4dB,4,CL,V_decision,logp_true_k8,-10.29696551002562
94,n07720875/ILSVRC2012_val_00000423_n07720875,target_4dB,4,CL,V_decision,logp_true_k8,-11.733659811937251
95,n07860988/ILSVRC2012_val_00010848_n07860988,target_4dB,4,CL,V_decision,logp_true_k8,-9.462806425290182
96,n09288635/ILSVRC2012_val_00001270_n09288635,target_4dB,4,CL,V_decision,logp_true_k8,-11.329805353929599
97,n09468604/ILSVRC2012_val_00030741_n09468604,target_4dB,4,CL,V_decision,logp_true_k8,-10.204158341555546
98,n11939491/ILSVRC2012_val_00034896_n11939491,target_4dB,4,CL,V_decision,logp_true_k8,-9.846192716759008
99,n15075141/ILSVRC2012_val_00005846_n15075141,target_4dB,4,CL,V_decision,logp_true_k8,-10.513084013077119
0,n01440764/ILSVRC2012_val_00003014_n01440764,target_4dB,4,CL,V_decision,entropy_k8,1.790174077743174
1,n01601694/ILSVRC2012_val_00021656_n01601694,target_4dB,4,CL,V_decision,entropy_k8,2.6895270506727535
2,n01664065/ILSVRC2012_val_00014316_n01664065,target_4dB,4,CL,V_decision,entropy_k8,1.9766972057216534
3,n01689811/ILSVRC2012_val_00020598_n01689811,target_4dB,4,CL,V_decision,entropy_k8,2.143893068267118
4,n01735189/ILSVRC2012_val_00006699_n01735189,target_4dB,4,CL,V_decision,entropy_k8,2.15957042465673
5,n01744401/ILSVRC2012_val_00032663_n01744401,target_4dB,4,CL,V_decision,entropy_k8,2.845805857740441
6,n01751748/ILSVRC2012_val_00033157_n01751748,target_4dB,4,CL,V_decision,entropy_k8,2.899892326219801
7,n01775062/ILSVRC2012_val_00036589_n01775062,target_4dB,4,CL,V_decision,entropy_k8,2.050033607771848
8,n01843383/ILSVRC2012_val_00005901_n01843383,target_4dB,4,CL,V_decision,entropy_k8,1.9193872445324818
9,n01860187/ILSVRC2012_val_00021594_n01860187,target_4dB,4,CL,V_decision,entropy_k8,2.1846871369992242
10,n01882714/ILSVRC2012_val_00019996_n01882714,target_4dB,4,CL,V_decision,entropy_k8,1.8226802310047991
11,n01943899/ILSVRC2012_val_00005706_n01943899,target_4dB,4,CL,V_decision,entropy_k8,2.438729002293472
12,n01955084/ILSVRC2012_val_00001857_n01955084,target_4dB,4,CL,V_decision,entropy_k8,2.161331949254063
13,n01983481/ILSVRC2012_val_00019856_n01983481,target_4dB,4,CL,V_decision,entropy_k8,2.070342728690297
14,n02013706/ILSVRC2012_val_00003168_n02013706,target_4dB,4,CL,V_decision,entropy_k8,1.7227212480633722
15,n02027492/ILSVRC2012_val_00007524_n02027492,target_4dB,4,CL,V_decision,entropy_k8,2.2056574418123507
16,n02088094/ILSVRC2012_val_00005507_n02088094,target_4dB,4,CL,V_decision,entropy_k8,2.0602884016340117
17,n02090622/ILSVRC2012_val_00006265_n02090622,target_4dB,4,CL,V_decision,entropy_k8,2.2167673165617967
18,n02096177/ILSVRC2012_val_00019083_n02096177,target_4dB,4,CL,V_decision,entropy_k8,2.372339377122826
19,n02098286/ILSVRC2012_val_00038253_n02098286,target_4dB,4,CL,V_decision,entropy_k8,2.3332309854123774
20,n02102480/ILSVRC2012_val_00010261_n02102480,target_4dB,4,CL,V_decision,entropy_k8,2.431771665751573
21,n02105641/ILSVRC2012_val_00018762_n02105641,target_4dB,4,CL,V_decision,entropy_k8,2.016971775370973
22,n02106550/ILSVRC2012_val_00014315_n02106550,target_4dB,4,CL,V_decision,entropy_k8,1.926228084237729
23,n02107683/ILSVRC2012_val_00010786_n02107683,target_4dB,4,CL,V_decision,entropy_k8,2.510961166647908
24,n02110806/ILSVRC2012_val_00030364_n02110806,target_4dB,4,CL,V_decision,entropy_k8,1.85548070414883
25,n02113799/ILSVRC2012_val_00007866_n02113799,target_4dB,4,CL,V_decision,entropy_k8,2.27753331948688
26,n02123159/ILSVRC2012_val_00025723_n02123159,target_4dB,4,CL,V_decision,entropy_k8,1.8471326177810636
27,n02134084/ILSVRC2012_val_00020332_n02134084,target_4dB,4,CL,V_decision,entropy_k8,2.5083475662117567
28,n02168699/ILSVRC2012_val_00040132_n02168699,target_4dB,4,CL,V_decision,entropy_k8,2.6330901100058033
29,n02233338/ILSVRC2012_val_00016160_n02233338,target_4dB,4,CL,V_decision,entropy_k8,2.393169649468718
30,n02264363/ILSVRC2012_val_00027803_n02264363,target_4dB,4,CL,V_decision,entropy_k8,2.4252867517415737
31,n02277742/ILSVRC2012_val_00015608_n02277742,target_4dB,4,CL,V_decision,entropy_k8,2.2025011659202622
32,n02325366/ILSVRC2012_val_00024858_n02325366,target_4dB,4,CL,V_decision,entropy_k8,1.8871023305072037
33,n02398521/ILSVRC2012_val_00018354_n02398521,target_4dB,4,CL,V_decision,entropy_k8,2.3092065664591095
34,n02410509/ILSVRC2012_val_00022568_n02410509,target_4dB,4,CL,V_decision,entropy_k8,2.4909677279133375
35,n02437312/ILSVRC2012_val_00006245_n02437312,target_4dB,4,CL,V_decision,entropy_k8,2.174251966899106
36,n02486410/ILSVRC2012_val_00009799_n02486410,target_4dB,4,CL,V_decision,entropy_k8,2.3686443589235657
37,n02509815/ILSVRC2012_val_00014423_n02509815,target_4dB,4,CL,V_decision,entropy_k8,2.240442495090887
38,n02708093/ILSVRC2012_val_00024690_n02708093,target_4dB,4,CL,V_decision,entropy_k8,2.1757583360120023
39,n02776631/ILSVRC2012_val_00028186_n02776631,target_4dB,4,CL,V_decision,entropy_k8,1.7758142433031991
40,n02788148/ILSVRC2012_val_00012264_n02788148,target_4dB,4,CL,V_decision,entropy_k8,2.195411360555235
41,n02834397/ILSVRC2012_val_00010741_n02834397,target_4dB,4,CL,V_decision,entropy_k8,2.399742891378503
42,n02841315/ILSVRC2012_val_00014601_n02841315,target_4dB,4,CL,V_decision,entropy_k8,2.2497125894803713
43,n02910353/ILSVRC2012_val_00017543_n02910353,target_4dB,4,CL,V_decision,entropy_k8,2.283753242878788
44,n02951585/ILSVRC2012_val_00008336_n02951585,target_4dB,4,CL,V_decision,entropy_k8,2.460543288301876
45,n02980441/ILSVRC2012_val_00023472_n02980441,target_4dB,4,CL,V_decision,entropy_k8,2.4002413906575244
46,n03028079/ILSVRC2012_val_00031446_n03028079,target_4dB,4,CL,V_decision,entropy_k8,2.164927595539316
47,n03109150/ILSVRC2012_val_00032588_n03109150,target_4dB,4,CL,V_decision,entropy_k8,2.462701017010756
48,n03127747/ILSVRC2012_val_00003732_n03127747,target_4dB,4,CL,V_decision,entropy_k8,2.1874898505014095
49,n03220513/ILSVRC2012_val_00006359_n03220513,target_4dB,4,CL,V_decision,entropy_k8,2.199693502086291
50,n03372029/ILSVRC2012_val_00034937_n03372029,target_4dB,4,CL,V_decision,entropy_k8,2.0873196153500366
51,n03388549/ILSVRC2012_val_00022928_n03388549,target_4dB,4,CL,V_decision,entropy_k8,2.042702431204297
52,n03424325/ILSVRC2012_val_00006147_n03424325,target_4dB,4,CL,V_decision,entropy_k8,1.9232415349125611
53,n03447721/ILSVRC2012_val_00006942_n03447721,target_4dB,4,CL,V_decision,entropy_k8,1.6510972318757762
54,n03485794/ILSVRC2012_val_00010782_n03485794,target_4dB,4,CL,V_decision,entropy_k8,2.4878958411835885
55,n03527444/ILSVRC2012_val_00035251_n03527444,target_4dB,4,CL,V_decision,entropy_k8,2.114319987002004
56,n03584254/ILSVRC2012_val_00016384_n03584254,target_4dB,4,CL,V_decision,entropy_k8,1.8557975667550417
57,n03623198/ILSVRC2012_val_00019928_n03623198,target_4dB,4,CL,V_decision,entropy_k8,2.0510512733586554
58,n03657121/ILSVRC2012_val_00000359_n03657121,target_4dB,4,CL,V_decision,entropy_k8,1.7768732927629245
59,n03706229/ILSVRC2012_val_00017460_n03706229,target_4dB,4,CL,V_decision,entropy_k8,2.2522511508007717
60,n03759954/ILSVRC2012_val_00010804_n03759954,target_4dB,4,CL,V_decision,entropy_k8,1.5608423359409584
61,n03775071/ILSVRC2012_val_00002420_n03775071,target_4dB,4,CL,V_decision,entropy_k8,2.715336894967711
62,n03782006/ILSVRC2012_val_00004758_n03782006,target_4dB,4,CL,V_decision,entropy_k8,2.1244284238040714
63,n03796401/ILSVRC2012_val_00025827_n03796401,target_4dB,4,CL,V_decision,entropy_k8,2.144848748658916
64,n03866082/ILSVRC2012_val_00003554_n03866082,target_4dB,4,CL,V_decision,entropy_k8,2.3420378763104943
65,n03876231/ILSVRC2012_val_00022714_n03876231,target_4dB,4,CL,V_decision,entropy_k8,2.3535685482420146
66,n03929660/ILSVRC2012_val_00012300_n03929660,target_4dB,4,CL,V_decision,entropy_k8,2.4776471211539173
67,n03950228/ILSVRC2012_val_00019039_n03950228,target_4dB,4,CL,V_decision,entropy_k8,2.562252894009156
68,n03977966/ILSVRC2012_val_00027383_n03977966,target_4dB,4,CL,V_decision,entropy_k8,1.8969373525376831
69,n03983396/ILSVRC2012_val_00012891_n03983396,target_4dB,4,CL,V_decision,entropy_k8,2.1334677115784157
70,n04044716/ILSVRC2012_val_00039752_n04044716,target_4dB,4,CL,V_decision,entropy_k8,2.698159391977524
71,n04067472/ILSVRC2012_val_00007618_n04067472,target_4dB,4,CL,V_decision,entropy_k8,2.0416035492829594
72,n04111531/ILSVRC2012_val_00013982_n04111531,target_4dB,4,CL,V_decision,entropy_k8,2.3260588774451385
73,n04131690/ILSVRC2012_val_00002728_n04131690,target_4dB,4,CL,V_decision,entropy_k8,2.453145073711743
74,n04153751/ILSVRC2012_val_00008426_n04153751,target_4dB,4,CL,V_decision,entropy_k8,2.269326565506699
75,n04204347/ILSVRC2012_val_00018921_n04204347,target_4dB,4,CL,V_decision,entropy_k8,2.1760161535418825
76,n04235860/ILSVRC2012_val_00004033_n04235860,target_4dB,4,CL,V_decision,entropy_k8,2.2574005935082657
77,n04252077/ILSVRC2012_val_00012989_n04252077,target_4dB,4,CL,V_decision,entropy_k8,2.2012563232534905
78,n04310018/ILSVRC2012_val_00003156_n04310018,target_4dB,4,CL,V_decision,entropy_k8,1.9482077247519485
79,n04328186/ILSVRC2012_val_00014795_n04328186,target_4dB,4,CL,V_decision,entropy_k8,2.4470502027078087
80,n04346328/ILSVRC2012_val_00003305_n04346328,target_4dB,4,CL,V_decision,entropy_k8,2.269883388735481
81,n04357314/ILSVRC2012_val_00009430_n04357314,target_4dB,4,CL,V_decision,entropy_k8,2.002478213823759
82,n04371774/ILSVRC2012_val_00030870_n04371774,target_4dB,4,CL,V_decision,entropy_k8,2.3734816496076987
83,n04392985/ILSVRC2012_val_00029362_n04392985,target_4dB,4,CL,V_decision,entropy_k8,2.295516080707175
84,n04456115/ILSVRC2012_val_00002331_n04456115,target_4dB,4,CL,V_decision,entropy_k8,2.0401437902089543
85,n04485082/ILSVRC2012_val_00000955_n04485082,target_4dB,4,CL,V_decision,entropy_k8,2.070222670952497
86,n04515003/ILSVRC2012_val_00002400_n04515003,target_4dB,4,CL,V_decision,entropy_k8,2.0532230949614703
87,n04540053/ILSVRC2012_val_00007665_n04540053,target_4dB,4,CL,V_decision,entropy_k8,1.908950853765333
88,n04560804/ILSVRC2012_val_00029830_n04560804,target_4dB,4,CL,V_decision,entropy_k8,1.6540734025783008
89,n04596742/ILSVRC2012_val_00007608_n04596742,target_4dB,4,CL,V_decision,entropy_k8,2.1130141998290974
90,n07583066/ILSVRC2012_val_00001378_n07583066,target_4dB,4,CL,V_decision,entropy_k8,1.9235963731783727
91,n07590611/ILSVRC2012_val_00030972_n07590611,target_4dB,4,CL,V_decision,entropy_k8,1.6914001108908032
92,n07714990/ILSVRC2012_val_00008416_n07714990,target_4dB,4,CL,V_decision,entropy_k8,2.0234951350539347
93,n07716906/ILSVRC2012_val_00011140_n07716906,target_4dB,4,CL,V_decision,entropy_k8,2.4303326372787057
94,n07720875/ILSVRC2012_val_00000423_n07720875,target_4dB,4,CL,V_decision,entropy_k8,2.2867198436081995
95,n07860988/ILSVRC2012_val_00010848_n07860988,target_4dB,4,CL,V_decision,entropy_k8,1.9441891632771913
96,n09288635/ILSVRC2012_val_00001270_n09288635,target_4dB,4,CL,V_decision,entropy_k8,2.6201359521386247
97,n09468604/ILSVRC2012_val_00030741_n09468604,target_4dB,4,CL,V_decision,entropy_k8,2.433944506288148
98,n11939491/ILSVRC2012_val_00034896_n11939491,target_4dB,4,CL,V_decision,entropy_k8,2.094037923376762
99,n15075141/ILSVRC2012_val_00005846_n15075141,target_4dB,4,CL,V_decision,entropy_k8,1.989553339315527
0,n01440764/ILSVRC2012_val_00003014_n01440764,target_4dB,4,CL,V_decision,path_accuracy_k8,0.14333333333333334
1,n01601694/ILSVRC2012_val_00021656_n01601694,target_4dB,4,CL,V_decision,path_accuracy_k8,0.05666666666666667
2,n01664065/ILSVRC2012_val_00014316_n01664065,target_4dB,4,CL,V_decision,path_accuracy_k8,0.17666666666666667
3,n01689811/ILSVRC2012_val_00020598_n01689811,target_4dB,4,CL,V_decision,path_accuracy_k8,0.10333333333333333
4,n01735189/ILSVRC2012_val_00006699_n01735189,target_4dB,4,CL,V_decision,path_accuracy_k8,0.10333333333333333
5,n01744401/ILSVRC2012_val_00032663_n01744401,target_4dB,4,CL,V_decision,path_accuracy_k8,0.023333333333333334
6,n01751748/ILSVRC2012_val_00033157_n01751748,target_4dB,4,CL,V_decision,path_accuracy_k8,0.06
7,n01775062/ILSVRC2012_val_00036589_n01775062,target_4dB,4,CL,V_decision,path_accuracy_k8,0.13999999999999999
8,n01843383/ILSVRC2012_val_00005901_n01843383,target_4dB,4,CL,V_decision,path_accuracy_k8,0.15000000000000002
9,n01860187/ILSVRC2012_val_00021594_n01860187,target_4dB,4,CL,V_decision,path_accuracy_k8,0.12
10,n01882714/ILSVRC2012_val_00019996_n01882714,target_4dB,4,CL,V_decision,path_accuracy_k8,0.15000000000000002
11,n01943899/ILSVRC2012_val_00005706_n01943899,target_4dB,4,CL,V_decision,path_accuracy_k8,0.09666666666666666
12,n01955084/ILSVRC2012_val_00001857_n01955084,target_4dB,4,CL,V_decision,path_accuracy_k8,0.12
13,n01983481/ILSVRC2012_val_00019856_n01983481,target_4dB,4,CL,V_decision,path_accuracy_k8,0.12333333333333335
14,n02013706/ILSVRC2012_val_00003168_n02013706,target_4dB,4,CL,V_decision,path_accuracy_k8,0.1466666666666667
15,n02027492/ILSVRC2012_val_00007524_n02027492,target_4dB,4,CL,V_decision,path_accuracy_k8,0.15
16,n02088094/ILSVRC2012_val_00005507_n02088094,target_4dB,4,CL,V_decision,path_accuracy_k8,0.13
17,n02090622/ILSVRC2012_val_00006265_n02090622,target_4dB,4,CL,V_decision,path_accuracy_k8,0.10333333333333333
18,n02096177/ILSVRC2012_val_00019083_n02096177,target_4dB,4,CL,V_decision,path_accuracy_k8,0.09666666666666666
19,n02098286/ILSVRC2012_val_00038253_n02098286,target_4dB,4,CL,V_decision,path_accuracy_k8,0.036666666666666674
20,n02102480/ILSVRC2012_val_00010261_n02102480,target_4dB,4,CL,V_decision,path_accuracy_k8,0.10000000000000002
21,n02105641/ILSVRC2012_val_00018762_n02105641,target_4dB,4,CL,V_decision,path_accuracy_k8,0.13
22,n02106550/ILSVRC2012_val_00014315_n02106550,target_4dB,4,CL,V_decision,path_accuracy_k8,0.16
23,n02107683/ILSVRC2012_val_00010786_n02107683,target_4dB,4,CL,V_decision,path_accuracy_k8,0.08333333333333333
24,n02110806/ILSVRC2012_val_00030364_n02110806,target_4dB,4,CL,V_decision,path_accuracy_k8,0.13333333333333333
25,n02113799/ILSVRC2012_val_00007866_n02113799,target_4dB,4,CL,V_decision,path_accuracy_k8,0.11666666666666665
26,n02123159/ILSVRC2012_val_00025723_n02123159,target_4dB,4,CL,V_decision,path_accuracy_k8,0.1466666666666667
27,n02134084/ILSVRC2012_val_00020332_n02134084,target_4dB,4,CL,V_decision,path_accuracy_k8,0.08666666666666667
28,n02168699/ILSVRC2012_val_00040132_n02168699,target_4dB,4,CL,V_decision,path_accuracy_k8,0.06666666666666667
29,n02233338/ILSVRC2012_val_00016160_n02233338,target_4dB,4,CL,V_decision,path_accuracy_k8,0.11333333333333333
30,n02264363/ILSVRC2012_val_00027803_n02264363,target_4dB,4,CL,V_decision,path_accuracy_k8,0.08333333333333333
31,n02277742/ILSVRC2012_val_00015608_n02277742,target_4dB,4,CL,V_decision,path_accuracy_k8,0.13333333333333333
32,n02325366/ILSVRC2012_val_00024858_n02325366,target_4dB,4,CL,V_decision,path_accuracy_k8,0.11333333333333334
33,n02398521/ILSVRC2012_val_00018354_n02398521,target_4dB,4,CL,V_decision,path_accuracy_k8,0.10000000000000002
34,n02410509/ILSVRC2012_val_00022568_n02410509,target_4dB,4,CL,V_decision,path_accuracy_k8,0.09333333333333332
35,n02437312/ILSVRC2012_val_00006245_n02437312,target_4dB,4,CL,V_decision,path_accuracy_k8,0.12666666666666668
36,n02486410/ILSVRC2012_val_00009799_n02486410,target_4dB,4,CL,V_decision,path_accuracy_k8,0.06666666666666667
37,n02509815/ILSVRC2012_val_00014423_n02509815,target_4dB,4,CL,V_decision,path_accuracy_k8,0.04
38,n02708093/ILSVRC2012_val_00024690_n02708093,target_4dB,4,CL,V_decision,path_accuracy_k8,0.09999999999999999
39,n02776631/ILSVRC2012_val_00028186_n02776631,target_4dB,4,CL,V_decision,path_accuracy_k8,0.12666666666666668
40,n02788148/ILSVRC2012_val_00012264_n02788148,target_4dB,4,CL,V_decision,path_accuracy_k8,0.09666666666666668
41,n02834397/ILSVRC2012_val_00010741_n02834397,target_4dB,4,CL,V_decision,path_accuracy_k8,0.08666666666666667
42,n02841315/ILSVRC2012_val_00014601_n02841315,target_4dB,4,CL,V_decision,path_accuracy_k8,0.13333333333333333
43,n02910353/ILSVRC2012_val_00017543_n02910353,target_4dB,4,CL,V_decision,path_accuracy_k8,0.08
44,n02951585/ILSVRC2012_val_00008336_n02951585,target_4dB,4,CL,V_decision,path_accuracy_k8,0.06666666666666667
45,n02980441/ILSVRC2012_val_00023472_n02980441,target_4dB,4,CL,V_decision,path_accuracy_k8,0.11666666666666665
46,n03028079/ILSVRC2012_val_00031446_n03028079,target_4dB,4,CL,V_decision,path_accuracy_k8,0.07333333333333335
47,n03109150/ILSVRC2012_val_00032588_n03109150,target_4dB,4,CL,V_decision,path_accuracy_k8,0.06333333333333334
48,n03127747/ILSVRC2012_val_00003732_n03127747,target_4dB,4,CL,V_decision,path_accuracy_k8,0.09333333333333332
49,n03220513/ILSVRC2012_val_00006359_n03220513,target_4dB,4,CL,V_decision,path_accuracy_k8,0.09000000000000001
50,n03372029/ILSVRC2012_val_00034937_n03372029,target_4dB,4,CL,V_decision,path_accuracy_k8,0.11
51,n03388549/ILSVRC2012_val_00022928_n03388549,target_4dB,4,CL,V_decision,path_accuracy_k8,0.13
52,n03424325/ILSVRC2012_val_00006147_n03424325,target_4dB,4,CL,V_decision,path_accuracy_k8,0.08333333333333333
53,n03447721/ILSVRC2012_val_00006942_n03447721,target_4dB,4,CL,V_decision,path_accuracy_k8,0.15000000000000002
54,n03485794/ILSVRC2012_val_00010782_n03485794,target_4dB,4,CL,V_decision,path_accuracy_k8,0.07
55,n03527444/ILSVRC2012_val_00035251_n03527444,target_4dB,4,CL,V_decision,path_accuracy_k8,0.08
56,n03584254/ILSVRC2012_val_00016384_n03584254,target_4dB,4,CL,V_decision,path_accuracy_k8,0.036666666666666674
57,n03623198/ILSVRC2012_val_00019928_n03623198,target_4dB,4,CL,V_decision,path_accuracy_k8,0.07666666666666667
58,n03657121/ILSVRC2012_val_00000359_n03657121,target_4dB,4,CL,V_decision,path_accuracy_k8,0.12666666666666668
59,n03706229/ILSVRC2012_val_00017460_n03706229,target_4dB,4,CL,V_decision,path_accuracy_k8,0.05333333333333334
60,n03759954/ILSVRC2012_val_00010804_n03759954,target_4dB,4,CL,V_decision,path_accuracy_k8,0.22666666666666666
61,n03775071/ILSVRC2012_val_00002420_n03775071,target_4dB,4,CL,V_decision,path_accuracy_k8,0.05666666666666667
62,n03782006/ILSVRC2012_val_00004758_n03782006,target_4dB,4,CL,V_decision,path_accuracy_k8,0.07333333333333335
63,n03796401/ILSVRC2012_val_00025827_n03796401,target_4dB,4,CL,V_decision,path_accuracy_k8,0.08666666666666667
64,n03866082/ILSVRC2012_val_00003554_n03866082,target_4dB,4,CL,V_decision,path_accuracy_k8,0.09000000000000001
65,n03876231/ILSVRC2012_val_00022714_n03876231,target_4dB,4,CL,V_decision,path_accuracy_k8,0.053333333333333344
66,n03929660/ILSVRC2012_val_00012300_n03929660,target_4dB,4,CL,V_decision,path_accuracy_k8,0.043333333333333335
67,n03950228/ILSVRC2012_val_00019039_n03950228,target_4dB,4,CL,V_decision,path_accuracy_k8,0.06333333333333334
68,n03977966/ILSVRC2012_val_00027383_n03977966,target_4dB,4,CL,V_decision,path_accuracy_k8,0.17666666666666667
69,n03983396/ILSVRC2012_val_00012891_n03983396,target_4dB,4,CL,V_decision,path_accuracy_k8,0.10666666666666667
70,n04044716/ILSVRC2012_val_00039752_n04044716,target_4dB,4,CL,V_decision,path_accuracy_k8,0.056666666666666664
71,n04067472/ILSVRC2012_val_00007618_n04067472,target_4dB,4,CL,V_decision,path_accuracy_k8,0.09666666666666668
72,n04111531/ILSVRC2012_val_00013982_n04111531,target_4dB,4,CL,V_decision,path_accuracy_k8,0.10000000000000002
73,n04131690/ILSVRC2012_val_00002728_n04131690,target_4dB,4,CL,V_decision,path_accuracy_k8,0.06666666666666667
74,n04153751/ILSVRC2012_val_00008426_n04153751,target_4dB,4,CL,V_decision,path_accuracy_k8,0.05666666666666667
75,n04204347/ILSVRC2012_val_00018921_n04204347,target_4dB,4,CL,V_decision,path_accuracy_k8,0.06666666666666667
76,n04235860/ILSVRC2012_val_00004033_n04235860,target_4dB,4,CL,V_decision,path_accuracy_k8,0.11666666666666665
77,n04252077/ILSVRC2012_val_00012989_n04252077,target_4dB,4,CL,V_decision,path_accuracy_k8,0.13
78,n04310018/ILSVRC2012_val_00003156_n04310018,target_4dB,4,CL,V_decision,path_accuracy_k8,0.11333333333333333
79,n04328186/ILSVRC2012_val_00014795_n04328186,target_4dB,4,CL,V_decision,path_accuracy_k8,0.05666666666666667
80,n04346328/ILSVRC2012_val_00003305_n04346328,target_4dB,4,CL,V_decision,path_accuracy_k8,0.09666666666666668
81,n04357314/ILSVRC2012_val_00009430_n04357314,target_4dB,4,CL,V_decision,path_accuracy_k8,0.10666666666666667
82,n04371774/ILSVRC2012_val_00030870_n04371774,target_4dB,4,CL,V_decision,path_accuracy_k8,0.08666666666666667
83,n04392985/ILSVRC2012_val_00029362_n04392985,target_4dB,4,CL,V_decision,path_accuracy_k8,0.07
84,n04456115/ILSVRC2012_val_00002331_n04456115,target_4dB,4,CL,V_decision,path_accuracy_k8,0.11666666666666665
85,n04485082/ILSVRC2012_val_00000955_n04485082,target_4dB,4,CL,V_decision,path_accuracy_k8,0.11
86,n04515003/ILSVRC2012_val_00002400_n04515003,target_4dB,4,CL,V_decision,path_accuracy_k8,0.09999999999999999
87,n04540053/ILSVRC2012_val_00007665_n04540053,target_4dB,4,CL,V_decision,path_accuracy_k8,0.11666666666666665
88,n04560804/ILSVRC2012_val_00029830_n04560804,target_4dB,4,CL,V_decision,path_accuracy_k8,0.16666666666666666
89,n04596742/ILSVRC2012_val_00007608_n04596742,target_4dB,4,CL,V_decision,path_accuracy_k8,0.11666666666666665
90,n07583066/ILSVRC2012_val_00001378_n07583066,target_4dB,4,CL,V_decision,path_accuracy_k8,0.12666666666666668
91,n07590611/ILSVRC2012_val_00030972_n07590611,target_4dB,4,CL,V_decision,path_accuracy_k8,0.13
92,n07714990/ILSVRC2012_val_00008416_n07714990,target_4dB,4,CL,V_decision,path_accuracy_k8,0.12333333333333334
93,n07716906/ILSVRC2012_val_00011140_n07716906,target_4dB,4,CL,V_decision,path_accuracy_k8,0.09666666666666668
94,n07720875/ILSVRC2012_val_00000423_n07720875,target_4dB,4,CL,V_decision,path_accuracy_k8,0.09666666666666666
95,n07860988/ILSVRC2012_val_00010848_n07860988,target_4dB,4,CL,V_decision,path_accuracy_k8,0.13
96,n09288635/ILSVRC2012_val_00001270_n09288635,target_4dB,4,CL,V_decision,path_accuracy_k8,0.07
97,n09468604/ILSVRC2012_val_00030741_n09468604,target_4dB,4,CL,V_decision,path_accuracy_k8,0.08333333333333333
98,n11939491/ILSVRC2012_val_00034896_n11939491,target_4dB,4,CL,V_decision,path_accuracy_k8,0.11333333333333333
99,n15075141/ILSVRC2012_val_00005846_n15075141,target_4dB,4,CL,V_decision,path_accuracy_k8,0.11
0,n01440764/ILSVRC2012_val_00003014_n01440764,target_4dB,4,CL,V_decision,acc_k9,0.05325443786982248
1,n01601694/ILSVRC2012_val_00021656_n01601694,target_4dB,4,CL,V_decision,acc_k9,0.015779092702169626
2,n01664065/ILSVRC2012_val_00014316_n01664065,target_4dB,4,CL,V_decision,acc_k9,0.0631163708086785
3,n01689811/ILSVRC2012_val_00020598_n01689811,target_4dB,4,CL,V_decision,acc_k9,0.05128205128205129
4,n01735189/ILSVRC2012_val_00006699_n01735189,target_4dB,4,CL,V_decision,acc_k9,0.03155818540433925
5,n01744401/ILSVRC2012_val_00032663_n01744401,target_4dB,4,CL,V_decision,acc_k9,0.01775147928994083
6,n01751748/ILSVRC2012_val_00033157_n01751748,target_4dB,4,CL,V_decision,acc_k9,0.01972386587771203
7,n01775062/ILSVRC2012_val_00036589_n01775062,target_4dB,4,CL,V_decision,acc_k9,0.057199211045364885
8,n01843383/ILSVRC2012_val_00005901_n01843383,target_4dB,4,CL,V_decision,acc_k9,0.0710059171597633
9,n01860187/ILSVRC2012_val_00021594_n01860187,target_4dB,4,CL,V_decision,acc_k9,0.03747534516765286
10,n01882714/ILSVRC2012_val_00019996_n01882714,target_4dB,4,CL,V_decision,acc_k9,0.03550295857988165
11,n01943899/ILSVRC2012_val_00005706_n01943899,target_4dB,4,CL,V_decision,acc_k9,0.025641025641025644
12,n01955084/ILSVRC2012_val_00001857_n01955084,target_4dB,4,CL,V_decision,acc_k9,0.03550295857988166
13,n01983481/ILSVRC2012_val_00019856_n01983481,target_4dB,4,CL,V_decision,acc_k9,0.04339250493096647
14,n02013706/ILSVRC2012_val_00003168_n02013706,target_4dB,4,CL,V_decision,acc_k9,0.05522682445759369
15,n02027492/ILSVRC2012_val_00007524_n02027492,target_4dB,4,CL,V_decision,acc_k9,0.029585798816568046
16,n02088094/ILSVRC2012_val_00005507_n02088094,target_4dB,4,CL,V_decision,acc_k9,0.04142011834319526
17,n02090622/ILSVRC2012_val_00006265_n02090622,target_4dB,4,CL,V_decision,acc_k9,0.023668639053254437
18,n02096177/ILSVRC2012_val_00019083_n02096177,target_4dB,4,CL,V_decision,acc_k9,0.027613412228796846
19,n02098286/ILSVRC2012_val_00038253_n02098286,target_4dB,4,CL,V_decision,acc_k9,0.009861932938856016
20,n02102480/ILSVRC2012_val_00010261_n02102480,target_4dB,4,CL,V_decision,acc_k9,0.009861932938856016
21,n02105641/ILSVRC2012_val_00018762_n02105641,target_4dB,4,CL,V_decision,acc_k9,0.0611439842209073
22,n02106550/ILSVRC2012_val_00014315_n02106550,target_4dB,4,CL,V_decision,acc_k9,0.05522682445759369
23,n02107683/ILSVRC2012_val_00010786_n02107683,target_4dB,4,CL,V_decision,acc_k9,0.01972386587771203
24,n02110806/ILSVRC2012_val_00030364_n02110806,target_4dB,4,CL,V_decision,acc_k9,0.03944773175542406
25,n02113799/ILSVRC2012_val_00007866_n02113799,target_4dB,4,CL,V_decision,acc_k9,0.027613412228796843
26,n02123159/ILSVRC2012_val_00025723_n02123159,target_4dB,4,CL,V_decision,acc_k9,0.04930966469428008
27,n02134084/ILSVRC2012_val_00020332_n02134084,target_4dB,4,CL,V_decision,acc_k9,0.03550295857988165
28,n02168699/ILSVRC2012_val_00040132_n02168699,target_4dB,4,CL,V_decision,acc_k9,0.023668639053254437
29,n02233338/ILSVRC2012_val_00016160_n02233338,target_4dB,4,CL,V_decision,acc_k9,0.045364891518737675
30,n02264363/ILSVRC2012_val_00027803_n02264363,target_4dB,4,CL,V_decision,acc_k9,0.01775147928994083
31,n02277742/ILSVRC2012_val_00015608_n02277742,target_4dB,4,CL,V_decision,acc_k9,0.03944773175542406
32,n02325366/ILSVRC2012_val_00024858_n02325366,target_4dB,4,CL,V_decision,acc_k9,0.06903353057199212
33,n02398521/ILSVRC2012_val_00018354_n02398521,target_4dB,4,CL,V_decision,acc_k9,0.021696252465483234
34,n02410509/ILSVRC2012_val_00022568_n02410509,target_4dB,4,CL,V_decision,acc_k9,0.025641025641025644
35,n02437312/ILSVRC2012_val_00006245_n02437312,target_4dB,4,CL,V_decision,acc_k9,0.047337278106508875
36,n02486410/ILSVRC2012_val_00009799_n02486410,target_4dB,4,CL,V_decision,acc_k9,0.03550295857988165
37,n02509815/ILSVRC2012_val_00014423_n02509815,target_4dB,4,CL,V_decision,acc_k9,0.015779092702169626
38,n02708093/ILSVRC2012_val_00024690_n02708093,target_4dB,4,CL,V_decision,acc_k9,0.01972386587771203
39,n02776631/ILSVRC2012_val_00028186_n02776631,target_4dB,4,CL,V_decision,acc_k9,0.05128205128205129
40,n02788148/ILSVRC2012_val_00012264_n02788148,target_4dB,4,CL,V_decision,acc_k9,0.03155818540433925
41,n02834397/ILSVRC2012_val_00010741_n02834397,target_4dB,4,CL,V_decision,acc_k9,0.007889546351084813
42,n02841315/ILSVRC2012_val_00014601_n02841315,target_4dB,4,CL,V_decision,acc_k9,0.02958579881656805
43,n02910353/ILSVRC2012_val_00017543_n02910353,target_4dB,4,CL,V_decision,acc_k9,0.029585798816568046
44,n02951585/ILSVRC2012_val_00008336_n02951585,target_4dB,4,CL,V_decision,acc_k9,0.021696252465483234
45,n02980441/ILSVRC2012_val_00023472_n02980441,target_4dB,4,CL,V_decision,acc_k9,0.03353057199211045
46,n03028079/ILSVRC2012_val_00031446_n03028079,target_4dB,4,CL,V_decision,acc_k9,0.013806706114398423
47,n03109150/ILSVRC2012_val_00032588_n03109150,target_4dB,4,CL,V_decision,acc_k9,0.015779092702169626
48,n03127747/ILSVRC2012_val_00003732_n03127747,target_4dB,4,CL,V_decision,acc_k9,0.03155818540433925
49,n03220513/ILSVRC2012_val_00006359_n03220513,target_4dB,4,CL,V_decision,acc_k9,0.04339250493096647
50,n03372029/ILSVRC2012_val_00034937_n03372029,target_4dB,4,CL,V_decision,acc_k9,0.03353057199211045
51,n03388549/ILSVRC2012_val_00022928_n03388549,target_4dB,4,CL,V_decision,acc_k9,0.04339250493096647
52,n03424325/ILSVRC2012_val_00006147_n03424325,target_4dB,4,CL,V_decision,acc_k9,0.03353057199211046
53,n03447721/ILSVRC2012_val_00006942_n03447721,target_4dB,4,CL,V_decision,acc_k9,0.0650887573964497
54,n03485794/ILSVRC2012_val_00010782_n03485794,target_4dB,4,CL,V_decision,acc_k9,0.015779092702169626
55,n03527444/ILSVRC2012_val_00035251_n03527444,target_4dB,4,CL,V_decision,acc_k9,0.029585798816568046
56,n03584254/ILSVRC2012_val_00016384_n03584254,target_4dB,4,CL,V_decision,acc_k9,0.025641025641025644
57,n03623198/ILSVRC2012_val_00019928_n03623198,target_4dB,4,CL,V_decision,acc_k9,0.021696252465483234
58,n03657121/ILSVRC2012_val_00000359_n03657121,target_4dB,4,CL,V_decision,acc_k9,0.031558185404339245
59,n03706229/ILSVRC2012_val_00017460_n03706229,target_4dB,4,CL,V_decision,acc_k9,0.009861932938856016
60,n03759954/ILSVRC2012_val_00010804_n03759954,target_4dB,4,CL,V_decision,acc_k9,0.10059171597633136
61,n03775071/ILSVRC2012_val_00002420_n03775071,target_4dB,4,CL,V_decision,acc_k9,0.009861932938856016
62,n03782006/ILSVRC2012_val_00004758_n03782006,target_4dB,4,CL,V_decision,acc_k9,0.01775147928994083
63,n03796401/ILSVRC2012_val_00025827_n03796401,target_4dB,4,CL,V_decision,acc_k9,0.027613412228796843
64,n03866082/ILSVRC2012_val_00003554_n03866082,target_4dB,4,CL,V_decision,acc_k9,0.03747534516765286
65,n03876231/ILSVRC2012_val_00022714_n03876231,target_4dB,4,CL,V_decision,acc_k9,0.009861932938856016
66,n03929660/ILSVRC2012_val_00012300_n03929660,target_4dB,4,CL,V_decision,acc_k9,0.007889546351084813
67,n03950228/ILSVRC2012_val_00019039_n03950228,target_4dB,4,CL,V_decision,acc_k9,0.013806706114398423
68,n03977966/ILSVRC2012_val_00027383_n03977966,target_4dB,4,CL,V_decision,acc_k9,0.0670611439842209
69,n03983396/ILSVRC2012_val_00012891_n03983396,target_4dB,4,CL,V_decision,acc_k9,0.023668639053254437
70,n04044716/ILSVRC2012_val_00039752_n04044716,target_4dB,4,CL,V_decision,acc_k9,0.011834319526627219
71,n04067472/ILSVRC2012_val_00007618_n04067472,target_4dB,4,CL,V_decision,acc_k9,0.07889546351084813
72,n04111531/ILSVRC2012_val_00013982_n04111531,target_4dB,4,CL,V_decision,acc_k9,0.03155818540433925
73,n04131690/ILSVRC2012_val_00002728_n04131690,target_4dB,4,CL,V_decision,acc_k9,0.015779092702169626
74,n04153751/ILSVRC2012_val_00008426_n04153751,target_4dB,4,CL,V_decision,acc_k9,0.013806706114398421
75,n04204347/ILSVRC2012_val_00018921_n04204347,target_4dB,4,CL,V_decision,acc_k9,0.015779092702169626
76,n04235860/ILSVRC2012_val_00004033_n04235860,target_4dB,4,CL,V_decision,acc_k9,0.03550295857988165
77,n04252077/ILSVRC2012_val_00012989_n04252077,target_4dB,4,CL,V_decision,acc_k9,0.045364891518737675
78,n04310018/ILSVRC2012_val_00003156_n04310018,target_4dB,4,CL,V_decision,acc_k9,0.047337278106508875
79,n04328186/ILSVRC2012_val_00014795_n04328186,target_4dB,4,CL,V_decision,acc_k9,0.01972386587771203
80,n04346328/ILSVRC2012_val_00003305_n04346328,target_4dB,4,CL,V_decision,acc_k9,0.03550295857988166
81,n04357314/ILSVRC2012_val_00009430_n04357314,target_4dB,4,CL,V_decision,acc_k9,0.04339250493096647
82,n04371774/ILSVRC2012_val_00030870_n04371774,target_4dB,4,CL,V_decision,acc_k9,0.021696252465483234
83,n04392985/ILSVRC2012_val_00029362_n04392985,target_4dB,4,CL,V_decision,acc_k9,0.01972386587771203
84,n04456115/ILSVRC2012_val_00002331_n04456115,target_4dB,4,CL,V_decision,acc_k9,0.029585798816568046
85,n04485082/ILSVRC2012_val_00000955_n04485082,target_4dB,4,CL,V_decision,acc_k9,0.03353057199211045
86,n04515003/ILSVRC2012_val_00002400_n04515003,target_4dB,4,CL,V_decision,acc_k9,0.023668639053254437
87,n04540053/ILSVRC2012_val_00007665_n04540053,target_4dB,4,CL,V_decision,acc_k9,0.04339250493096647
88,n04560804/ILSVRC2012_val_00029830_n04560804,target_4dB,4,CL,V_decision,acc_k9,0.05917159763313609
89,n04596742/ILSVRC2012_val_00007608_n04596742,target_4dB,4,CL,V_decision,acc_k9,0.027613412228796843
90,n07583066/ILSVRC2012_val_00001378_n07583066,target_4dB,4,CL,V_decision,acc_k9,0.04339250493096647
91,n07590611/ILSVRC2012_val_00030972_n07590611,target_4dB,4,CL,V_decision,acc_k9,0.06508875739644969
92,n07714990/ILSVRC2012_val_00008416_n07714990,target_4dB,4,CL,V_decision,acc_k9,0.04339250493096647
93,n07716906/ILSVRC2012_val_00011140_n07716906,target_4dB,4,CL,V_decision,acc_k9,0.021696252465483234
94,n07720875/ILSVRC2012_val_00000423_n07720875,target_4dB,4,CL,V_decision,acc_k9,0.027613412228796843
95,n07860988/ILSVRC2012_val_00010848_n07860988,target_4dB,4,CL,V_decision,acc_k9,0.045364891518737675
96,n09288635/ILSVRC2012_val_00001270_n09288635,target_4dB,4,CL,V_decision,acc_k9,0.013806706114398423
97,n09468604/ILSVRC2012_val_00030741_n09468604,target_4dB,4,CL,V_decision,acc_k9,0.029585798816568046
98,n11939491/ILSVRC2012_val_00034896_n11939491,target_4dB,4,CL,V_decision,acc_k9,0.023668639053254437
99,n15075141/ILSVRC2012_val_00005846_n15075141,target_4dB,4,CL,V_decision,acc_k9,0.027613412228796843
0,n01440764/ILSVRC2012_val_00003014_n01440764,target_4dB,4,CL,V_decision,logp_true_k9,-8.891870158366537
1,n01601694/ILSVRC2012_val_00021656_n01601694,target_4dB,4,CL,V_decision,logp_true_k9,-10.166449730389218
2,n01664065/ILSVRC2012_val_00014316_n01664065,target_4dB,4,CL,V_decision,logp_true_k9,-9.02747800592627
3,n01689811/ILSVRC2012_val_00020598_n01689811,target_4dB,4,CL,V_decision,logp_true_k9,-8.8021817871832
4,n01735189/ILSVRC2012_val_00006699_n01735189,target_4dB,4,CL,V_decision,logp_true_k9,-9.685404848843868
5,n01744401/ILSVRC2012_val_00032663_n01744401,target_4dB,4,CL,V_decision,logp_true_k9,-10.025466583830836
6,n01751748/ILSVRC2012_val_00033157_n01751748,target_4dB,4,CL,V_decision,logp_true_k9,-9.99197244737481
7,n01775062/ILSVRC2012_val_00036589_n01775062,target_4dB,4,CL,V_decision,logp_true_k9,-8.534904565048087
8,n01843383/ILSVRC2012_val_00005901_n01843383,target_4dB,4,CL,V_decision,logp_true_k9,-7.953703421174623
9,n01860187/ILSVRC2012_val_00021594_n01860187,target_4dB,4,CL,V_decision,logp_true_k9,-9.243077601986379
10,n01882714/ILSVRC2012_val_00019996_n01882714,target_4dB,4,CL,V_decision,logp_true_k9,-9.86764568752835
11,n01943899/ILSVRC2012_val_00005706_n01943899,target_4dB,4,CL,V_decision,logp_true_k9,-9.819229925150525
12,n01955084/ILSVRC2012_val_00001857_n01955084,target_4dB,4,CL,V_decision,logp_true_k9,-9.744744311242398
13,n01983481/ILSVRC2012_val_00019856_n01983481,target_4dB,4,CL,V_decision,logp_true_k9,-9.053268471861434
14,n02013706/ILSVRC2012_val_00003168_n02013706,target_4dB,4,CL,V_decision,logp_true_k9,-10.0335268462784
15,n02027492/ILSVRC2012_val_00007524_n02027492,target_4dB,4,CL,V_decision,logp_true_k9,-10.697256740585155
16,n02088094/ILSVRC2012_val_00005507_n02088094,target_4dB,4,CL,V_decision,logp_true_k9,-9.516121555598932
17,n02090622/ILSVRC2012_val_00006265_n02090622,target_4dB,4,CL,V_decision,logp_true_k9,-9.94443441792235
18,n02096177/ILSVRC2012_val_00019083_n02096177,target_4dB,4,CL,V_decision,logp_true_k9,-10.317136315103523
19,n02098286/ILSVRC2012_val_00038253_n02098286,target_4dB,4,CL,V_decision,logp_true_k9,-11.624828511867415
20,n02102480/ILSVRC2012_val_00010261_n02102480,target_4dB,4,CL,V_decision,logp_true_k9,-12.173539971062064
21,n02105641/ILSVRC2012_val_00018762_n02105641,target_4dB,4,CL,V_decision,logp_true_k9,-9.35502282895046
22,n02106550/ILSVRC2012_val_00014315_n02106550,target_4dB,4,CL,V_decision,logp_true_k9,-10.048045790227059
23,n02107683/ILSVRC2012_val_00010786_n02107683,target_4dB,4,CL,V_decision,logp_true_k9,-10.794566160754925
24,n02110806/ILSVRC2012_val_00030364_n02110806,target_4dB,4,CL,V_decision,logp_true_k9,-9.10347000164158
25,n02113799/ILSVRC2012_val_00007866_n02113799,target_4dB,4,CL,V_decision,logp_true_k9,-10.48998190032748
26,n02123159/ILSVRC2012_val_00025723_n02123159,target_4dB,4,CL,V_decision,logp_true_k9,-9.353387689537781
27,n02134084/ILSVRC2012_val_00020332_n02134084,target_4dB,4,CL,V_decision,logp_true_k9,-10.637418116574658
28,n02168699/ILSVRC2012_val_00040132_n02168699,target_4dB,4,CL,V_decision,logp_true_k9,-10.816518860411714
29,n02233338/ILSVRC2012_val_00016160_n02233338,target_4dB,4,CL,V_decision,logp_true_k9,-9.084894482834924
30,n02264363/ILSVRC2012_val_00027803_n02264363,target_4dB,4,CL,V_decision,logp_true_k9,-10.712031379136343
31,n02277742/ILSVRC2012_val_00015608_n02277742,target_4dB,4,CL,V_decision,logp_true_k9,-9.035226609476124
32,n02325366/ILSVRC2012_val_00024858_n02325366,target_4dB,4,CL,V_decision,logp_true_k9,-8.795497498261703
33,n02398521/ILSVRC2012_val_00018354_n02398521,target_4dB,4,CL,V_decision,logp_true_k9,-10.246766137506599
34,n02410509/ILSVRC2012_val_00022568_n02410509,target_4dB,4,CL,V_decision,logp_true_k9,-11.119227051845138
35,n02437312/ILSVRC2012_val_00006245_n02437312,target_4dB,4,CL,V_decision,logp_true_k9,-8.757458737082489
36,n02486410/ILSVRC2012_val_00009799_n02486410,target_4dB,4,CL,V_decision,logp_true_k9,-10.533516593499032
37,n02509815/ILSVRC2012_val_00014423_n02509815,target_4dB,4,CL,V_decision,logp_true_k9,-10.746767187081424
38,n02708093/ILSVRC2012_val_00024690_n02708093,target_4dB,4,CL,V_decision,logp_true_k9,-11.205209019386322
39,n02776631/ILSVRC2012_val_00028186_n02776631,target_4dB,4,CL,V_decision,logp_true_k9,-9.74893763457164
40,n02788148/ILSVRC2012_val_00012264_n02788148,target_4dB,4,CL,V_decision,logp_true_k9,-10.425254132326772
41,n02834397/ILSVRC2012_val_00010741_n02834397,target_4dB,4,CL,V_decision,logp_true_k9,-10.947060684421828
42,n02841315/ILSVRC2012_val_00014601_n02841315,target_4dB,4,CL,V_decision,logp_true_k9,-10.735360486126604
43,n02910353/ILSVRC2012_val_00017543_n02910353,target_4dB,4,CL,V_decision,logp_true_k9,-9.674760956750703
44,n02951585/ILSVRC2012_val_00008336_n02951585,target_4dB,4,CL,V_decision,logp_true_k9,-10.244983001213512
45,n02980441/ILSVRC2012_val_00023472_n02980441,target_4dB,4,CL,V_decision,logp_true_k9,-10.01618188732401
46,n03028079/ILSVRC2012_val_00031446_n03028079,target_4dB,4,CL,V_decision,logp_true_k9,-10.746189265443965
47,n03109150/ILSVRC2012_val_00032588_n03109150,target_4dB,4,CL,V_decision,logp_true_k9,-11.174361812057347
48,n03127747/ILSVRC2012_val_00003732_n03127747,target_4dB,4,CL,V_decision,logp_true_k9,-10.909209132951332
49,n03220513/ILSVRC2012_val_00006359_n03220513,target_4dB,4,CL,V_decision,logp_true_k9,-10.093212775733365
50,n03372029/ILSVRC2012_val_00034937_n03372029,target_4dB,4,CL,V_decision,logp_true_k9,-10.2684452922687
51,n03388549/ILSVRC2012_val_00022928_n03388549,target_4dB,4,CL,V_decision,logp_true_k9,-9.754569536902531
52,n03424325/ILSVRC2012_val_00006147_n03424325,target_4dB,4,CL,V_decision,logp_true_k9,-10.41360642804929
53,n03447721/ILSVRC2012_val_00006942_n03447721,target_4dB,4,CL,V_decision,logp_true_k9,-8.380996135363725
54,n03485794/ILSVRC2012_val_00010782_n03485794,target_4dB,4,CL,V_decision,logp_true_k9,-10.675038081861084
55,n03527444/ILSVRC2012_val_00035251_n03527444,target_4dB,4,CL,V_decision,logp_true_k9,-10.304902249745128
56,n03584254/ILSVRC2012_val_00016384_n03584254,target_4dB,4,CL,V_decision,logp_true_k9,-11.809847405588132
57,n03623198/ILSVRC2012_val_00019928_n03623198,target_4dB,4,CL,V_decision,logp_true_k9,-12.25082496275916
58,n03657121/ILSVRC2012_val_00000359_n03657121,target_4dB,4,CL,V_decision,logp_true_k9,-12.19364295910522
59,n03706229/ILSVRC2012_val_00017460_n03706229,target_4dB,4,CL,V_decision,logp_true_k9,-12.980086309434862
60,n03759954/ILSVRC2012_val_00010804_n03759954,target_4dB,4,CL,V_decision,logp_true_k9,-8.18428758008049
61,n03775071/ILSVRC2012_val_00002420_n03775071,target_4dB,4,CL,V_decision,logp_true_k9,-11.378881063128597
62,n03782006/ILSVRC2012_val_00004758_n03782006,target_4dB,4,CL,V_decision,logp_true_k9,-11.209436116369048
63,n03796401/ILSVRC2012_val_00025827_n03796401,target_4dB,4,CL,V_decision,logp_true_k9,-10.257755573188676
64,n03866082/ILSVRC2012_val_00003554_n03866082,target_4dB,4,CL,V_decision,logp_true_k9,-9.795870544802199
65,n03876231/ILSVRC2012_val_00022714_n03876231,target_4dB,4,CL,V_decision,logp_true_k9,-11.76211044381885
66,n03929660/ILSVRC2012_val_00012300_n03929660,target_4dB,4,CL,V_decision,logp_true_k9,-11.7112935488746
67,n03950228/ILSVRC2012_val_00019039_n03950228,target_4dB,4,CL,V_decision,logp_true_k9,-10.759927232244605
68,n03977966/ILSVRC2012_val_00027383_n03977966,target_4dB,4,CL,V_decision,logp_true_k9,-10.095537505863318
69,n03983396/ILSVRC2012_val_00012891_n03983396,target_4dB,4,CL,V_decision,logp_true_k9,-10.708016265386439
70,n04044716/ILSVRC2012_val_00039752_n04044716,target_4dB,4,CL,V_decision,logp_true_k9,-11.38452001395075
71,n04067472/ILSVRC2012_val_00007618_n04067472,target_4dB,4,CL,V_decision,logp_true_k9,-8.612606438942658
72,n04111531/ILSVRC2012_val_00013982_n04111531,target_4dB,4,CL,V_decision,logp_true_k9,-9.840632806842526
73,n04131690/ILSVRC2012_val_00002728_n04131690,target_4dB,4,CL,V_decision,logp_true_k9,-11.186801234621157
74,n04153751/ILSVRC2012_val_00008426_n04153751,target_4dB,4,CL,V_decision,logp_true_k9,-11.78490340874275
75,n04204347/ILSVRC2012_val_00018921_n04204347,target_4dB,4,CL,V_decision,logp_true_k9,-10.964525679034537
76,n04235860/ILSVRC2012_val_00004033_n04235860,target_4dB,4,CL,V_decision,logp_true_k9,-9.340591707180531
77,n04252077/ILSVRC2012_val_00012989_n04252077,target_4dB,4,CL,V_decision,logp_true_k9,-9.958212087174951
78,n04310018/ILSVRC2012_val_00003156_n04310018,target_4dB,4,CL,V_decision,logp_true_k9,-9.244281077941169
79,n04328186/ILSVRC2012_val_00014795_n04328186,target_4dB,4,CL,V_decision,logp_true_k9,-11.336435480113096
80,n04346328/ILSVRC2012_val_00003305_n04346328,target_4dB,4,CL,V_decision,logp_true_k9,-9.439881206467367
81,n04357314/ILSVRC2012_val_00009430_n04357314,target_4dB,4,CL,V_decision,logp_true_k9,-10.001232784380127
82,n04371774/ILSVRC2012_val_00030870_n04371774,target_4dB,4,CL,V_decision,logp_true_k9,-10.29480047646682
83,n04392985/ILSVRC2012_val_00029362_n04392985,target_4dB,4,CL,V_decision,logp_true_k9,-10.35904704122501
84,n04456115/ILSVRC2012_val_00002331_n04456115,target_4dB,4,CL,V_decision,logp_true_k9,-10.524082486521861
85,n04485082/ILSVRC2012_val_00000955_n04485082,target_4dB,4,CL,V_decision,logp_true_k9,-10.35336637907605
86,n04515003/ILSVRC2012_val_00002400_n04515003,target_4dB,4,CL,V_decision,logp_true_k9,-11.901703629069603
87,n04540053/ILSVRC2012_val_00007665_n04540053,target_4dB,4,CL,V_decision,logp_true_k9,-10.035698956418672
88,n04560804/ILSVRC2012_val_00029830_n04560804,target_4dB,4,CL,V_decision,logp_true_k9,-9.541777664920255
89,n04596742/ILSVRC2012_val_00007608_n04596742,target_4dB,4,CL,V_decision,logp_true_k9,-10.057182514378745
90,n07583066/ILSVRC2012_val_00001378_n07583066,target_4dB,4,CL,V_decision,logp_true_k9,-9.363560696957261
91,n07590611/ILSVRC2012_val_00030972_n07590611,target_4dB,4,CL,V_decision,logp_true_k9,-8.784754246924047
92,n07714990/ILSVRC2012_val_00008416_n07714990,target_4dB,4,CL,V_decision,logp_true_k9,-10.077267666294054
93,n07716906/ILSVRC2012_val_00011140_n07716906,target_4dB,4,CL,V_decision,logp_true_k9,-10.638109397135777
94,n07720875/ILSVRC2012_val_00000423_n07720875,target_4dB,4,CL,V_decision,logp_true_k9,-11.146675639596623
95,n07860988/ILSVRC2012_val_00010848_n07860988,target_4dB,4,CL,V_decision,logp_true_k9,-9.51100683336778
96,n09288635/ILSVRC2012_val_00001270_n09288635,target_4dB,4,CL,V_decision,logp_true_k9,-11.135122932423883
97,n09468604/ILSVRC2012_val_00030741_n09468604,target_4dB,4,CL,V_decision,logp_true_k9,-9.748076841429876
98,n11939491/ILSVRC2012_val_00034896_n11939491,target_4dB,4,CL,V_decision,logp_true_k9,-10.068316237686874
99,n15075141/ILSVRC2012_val_00005846_n15075141,target_4dB,4,CL,V_decision,logp_true_k9,-10.749772261694089
0,n01440764/ILSVRC2012_val_00003014_n01440764,target_4dB,4,CL,V_decision,entropy_k9,2.080412887617771
1,n01601694/ILSVRC2012_val_00021656_n01601694,target_4dB,4,CL,V_decision,entropy_k9,2.988904642913525
2,n01664065/ILSVRC2012_val_00014316_n01664065,target_4dB,4,CL,V_decision,entropy_k9,2.254849867159822
3,n01689811/ILSVRC2012_val_00020598_n01689811,target_4dB,4,CL,V_decision,entropy_k9,2.2394673437225414
4,n01735189/ILSVRC2012_val_00006699_n01735189,target_4dB,4,CL,V_decision,entropy_k9,2.4661799660525947
5,n01744401/ILSVRC2012_val_00032663_n01744401,target_4dB,4,CL,V_decision,entropy_k9,3.268820397774436
6,n01751748/ILSVRC2012_val_00033157_n01751748,target_4dB,4,CL,V_decision,entropy_k9,3.2130025807644214
7,n01775062/ILSVRC2012_val_00036589_n01775062,target_4dB,4,CL,V_decision,entropy_k9,2.402814969257284
8,n01843383/ILSVRC2012_val_00005901_n01843383,target_4dB,4,CL,V_decision,entropy_k9,2.135509977031275
9,n01860187/ILSVRC2012_val_00021594_n01860187,target_4dB,4,CL,V_decision,entropy_k9,2.4125673545232846
10,n01882714/ILSVRC2012_val_00019996_n01882714,target_4dB,4,CL,V_decision,entropy_k9,2.2626941367295093
11,n01943899/ILSVRC2012_val_00005706_n01943899,target_4dB,4,CL,V_decision,entropy_k9,2.7543926403574748
12,n01955084/ILSVRC2012_val_00001857_n01955084,target_4dB,4,CL,V_decision,entropy_k9,2.328886741224828
13,n01983481/ILSVRC2012_val_00019856_n01983481,target_4dB,4,CL,V_decision,entropy_k9,2.170629339800737
14,n02013706/ILSVRC2012_val_00003168_n02013706,target_4dB,4,CL,V_decision,entropy_k9,1.8574523600820536
15,n02027492/ILSVRC2012_val_00007524_n02027492,target_4dB,4,CL,V_decision,entropy_k9,2.4640084643263127
16,n02088094/ILSVRC2012_val_00005507_n02088094,target_4dB,4,CL,V_decision,entropy_k9,2.3126345549540903
17,n02090622/ILSVRC2012_val_00006265_n02090622,target_4dB,4,CL,V_decision,entropy_k9,2.5058460812487025
18,n02096177/ILSVRC2012_val_00019083_n02096177,target_4dB,4,CL,V_decision,entropy_k9,2.5809696859739577
19,n02098286/ILSVRC2012_val_00038253_n02098286,target_4dB,4,CL,V_decision,entropy_k9,2.464896652878132
20,n02102480/ILSVRC2012_val_00010261_n02102480,target_4dB,4,CL,V_decision,entropy_k9,2.7075667475969443
21,n02105641/ILSVRC2012_val_00018762_n02105641,target_4dB,4,CL,V_decision,entropy_k9,2.3171540310890815
22,n02106550/ILSVRC2012_val_00014315_n02106550,target_4dB,4,CL,V_decision,entropy_k9,2.037831279356484
23,n02107683/ILSVRC2012_val_00010786_n02107683,target_4dB,4,CL,V_decision,entropy_k9,2.693424491886791
24,n02110806/ILSVRC2012_val_00030364_n02110806,target_4dB,4,CL,V_decision,entropy_k9,2.070002626364966
25,n02113799/ILSVRC2012_val_00007866_n02113799,target_4dB,4,CL,V_decision,entropy_k9,2.4259181066403226
26,n02123159/ILSVRC2012_val_00025723_n02123159,target_4dB,4,CL,V_decision,entropy_k9,2.1607491665973666
27,n02134084/ILSVRC2012_val_00020332_n02134084,target_4dB,4,CL,V_decision,entropy_k9,2.7729347891714475
28,n02168699/ILSVRC2012_val_00040132_n02168699,target_4dB,4,CL,V_decision,entropy_k9,2.9015726402169726
29,n02233338/ILSVRC2012_val_00016160_n02233338,target_4dB,4,CL,V_decision,entropy_k9,2.7244707093218508
30,n02264363/ILSVRC2012_val_00027803_n02264363,target_4dB,4,CL,V_decision,entropy_k9,2.6498398518398827
31,n02277742/ILSVRC2012_val_00015608_n02277742,target_4dB,4,CL,V_decision,entropy_k9,2.4746103222662708
32,n02325366/ILSVRC2012_val_00024858_n02325366,target_4dB,4,CL,V_decision,entropy_k9,2.0734623191472457
33,n02398521/ILSVRC2012_val_00018354_n02398521,target_4dB,4,CL,V_decision,entropy_k9,2.7330530069730927
34,n02410509/ILSVRC2012_val_00022568_n02410509,target_4dB,4,CL,V_decision,entropy_k9,2.7045935623118544
35,n02437312/ILSVRC2012_val_00006245_n02437312,target_4dB,4,CL,V_decision,entropy_k9,2.38905484799682
36,n02486410/ILSVRC2012_val_00009799_n02486410,target_4dB,4,CL,V_decision,entropy_k9,2.545707843902008
37,n02509815/ILSVRC2012_val_00014423_n02509815,target_4dB,4,CL,V_decision,entropy_k9,2.465402323000387
38,n02708093/ILSVRC2012_val_00024690_n02708093,target_4dB,4,CL,V_decision,entropy_k9,2.3510386321131236
39,n02776631/ILSVRC2012_val_00028186_n02776631,target_4dB,4,CL,V_decision,entropy_k9,1.9648772417560634
40,n02788148/ILSVRC2012_val_00012264_n02788148,target_4dB,4,CL,V_decision,entropy_k9,2.3145933411605095
41,n02834397/ILSVRC2012_val_00010741_n02834397,target_4dB,4,CL,V_decision,entropy_k9,2.659073359667992
42,n02841315/ILSVRC2012_val_00014601_n02841315,target_4dB,4,CL,V_decision,entropy_k9,2.454122122523114
43,n02910353/ILSVRC2012_val_00017543_n02910353,target_4dB,4,CL,V_decision,entropy_k9,2.4698730684678947
44,n02951585/ILSVRC2012_val_00008336_n02951585,target_4dB,4,CL,V_decision,entropy_k9,2.9402209467556655
45,n02980441/ILSVRC2012_val_00023472_n02980441,target_4dB,4,CL,V_decision,entropy_k9,2.698846063179422
46,n03028079/ILSVRC2012_val_00031446_n03028079,target_4dB,4,CL,V_decision,entropy_k9,2.5161585740635686
47,n03109150/ILSVRC2012_val_00032588_n03109150,target_4dB,4,CL,V_decision,entropy_k9,2.7051428813213168
48,n03127747/ILSVRC2012_val_00003732_n03127747,target_4dB,4,CL,V_decision,entropy_k9,2.328044258597423
49,n03220513/ILSVRC2012_val_00006359_n03220513,target_4dB,4,CL,V_decision,entropy_k9,2.5655961278496737
50,n03372029/ILSVRC2012_val_00034937_n03372029,target_4dB,4,CL,V_decision,entropy_k9,2.299073445781986
51,n03388549/ILSVRC2012_val_00022928_n03388549,target_4dB,4,CL,V_decision,entropy_k9,2.322222456390864
52,n03424325/ILSVRC2012_val_00006147_n03424325,target_4dB,4,CL,V_decision,entropy_k9,2.1531234205091803
53,n03447721/ILSVRC2012_val_00006942_n03447721,target_4dB,4,CL,V_decision,entropy_k9,2.0190933560958233
54,n03485794/ILSVRC2012_val_00010782_n03485794,target_4dB,4,CL,V_decision,entropy_k9,2.7494583276023223
55,n03527444/ILSVRC2012_val_00035251_n03527444,target_4dB,4,CL,V_decision,entropy_k9,2.4757191541994286
56,n03584254/ILSVRC2012_val_00016384_n03584254,target_4dB,4,CL,V_decision,entropy_k9,1.8772096518810546
57,n03623198/ILSVRC2012_val_00019928_n03623198,target_4dB,4,CL,V_decision,entropy_k9,2.077946553794139
58,n03657121/ILSVRC2012_val_00000359_n03657121,target_4dB,4,CL,V_decision,entropy_k9,1.8096616466380897
59,n03706229/ILSVRC2012_val_00017460_n03706229,target_4dB,4,CL,V_decision,entropy_k9,2.338997179604339
60,n03759954/ILSVRC2012_val_00010804_n03759954,target_4dB,4,CL,V_decision,entropy_k9,1.793306605019586
61,n03775071/ILSVRC2012_val_00002420_n03775071,target_4dB,4,CL,V_decision,entropy_k9,2.7888983850198588
62,n03782006/ILSVRC2012_val_00004758_n03782006,target_4dB,4,CL,V_decision,entropy_k9,2.5529877980233286
63,n03796401/ILSVRC2012_val_00025827_n03796401,target_4dB,4,CL,V_decision,entropy_k9,2.518210231118785
64,n03866082/ILSVRC2012_val_00003554_n03866082,target_4dB,4,CL,V_decision,entropy_k9,2.597454047658411
65,n03876231/ILSVRC2012_val_00022714_n03876231,target_4dB,4,CL,V_decision,entropy_k9,2.580696954996483
66,n03929660/ILSVRC2012_val_00012300_n03929660,target_4dB,4,CL,V_decision,entropy_k9,2.645234298416145
67,n03950228/ILSVRC2012_val_00019039_n03950228,target_4dB,4,CL,V_decision,entropy_k9,2.8114627959651575
68,n03977966/ILSVRC2012_val_00027383_n03977966,target_4dB,4,CL,V_decision,entropy_k9,2.0245560709581
69,n03983396/ILSVRC2012_val_00012891_n03983396,target_4dB,4,CL,V_decision,entropy_k9,2.3727539553001358
70,n04044716/ILSVRC2012_val_00039752_n04044716,target_4dB,4,CL,V_decision,entropy_k9,2.642533377346838
71,n04067472/ILSVRC2012_val_00007618_n04067472,target_4dB,4,CL,V_decision,entropy_k9,2.2509436244206333
72,n04111531/ILSVRC2012_val_00013982_n04111531,target_4dB,4,CL,V_decision,entropy_k9,2.7170222604665253
73,n04131690/ILSVRC2012_val_00002728_n04131690,target_4dB,4,CL,V_decision,entropy_k9,2.6419320895234777
74,n04153751/ILSVRC2012_val_00008426_n04153751,target_4dB,4,CL,V_decision,entropy_k9,2.4336911442399827
75,n04204347/ILSVRC2012_val_00018921_n04204347,target_4dB,4,CL,V_decision,entropy_k9,2.3664727340036995
76,n04235860/ILSVRC2012_val_00004033_n04235860,target_4dB,4,CL,V_decision,entropy_k9,2.488723834338345
77,n04252077/ILSVRC2012_val_00012989_n04252077,target_4dB,4,CL,V_decision,entropy_k9,2.356967240989312
78,n04310018/ILSVRC2012_val_00003156_n04310018,target_4dB,4,CL,V_decision,entropy_k9,2.154159956522524
79,n04328186/ILSVRC2012_val_00014795_n04328186,target_4dB,4,CL,V_decision,entropy_k9,2.534810086539321
80,n04346328/ILSVRC2012_val_00003305_n04346328,target_4dB,4,CL,V_decision,entropy_k9,2.4796257974639717
81,n04357314/ILSVRC2012_val_00009430_n04357314,target_4dB,4,CL,V_decision,entropy_k9,2.25741388209826
82,n04371774/ILSVRC2012_val_00030870_n04371774,target_4dB,4,CL,V_decision,entropy_k9,2.5631648180717876
83,n04392985/ILSVRC2012_val_00029362_n04392985,target_4dB,4,CL,V_decision,entropy_k9,2.4314637986697387
84,n04456115/ILSVRC2012_val_00002331_n04456115,target_4dB,4,CL,V_decision,entropy_k9,2.339798186054321
85,n04485082/ILSVRC2012_val_00000955_n04485082,target_4dB,4,CL,V_decision,entropy_k9,2.261930145497375
86,n04515003/ILSVRC2012_val_00002400_n04515003,target_4dB,4,CL,V_decision,entropy_k9,2.1615485051655905
87,n04540053/ILSVRC2012_val_00007665_n04540053,target_4dB,4,CL,V_decision,entropy_k9,2.182746600124332
88,n04560804/ILSVRC2012_val_00029830_n04560804,target_4dB,4,CL,V_decision,entropy_k9,1.8049557088477457
89,n04596742/ILSVRC2012_val_00007608_n04596742,target_4dB,4,CL,V_decision,entropy_k9,2.2406076848035177
90,n07583066/ILSVRC2012_val_00001378_n07583066,target_4dB,4,CL,V_decision,entropy_k9,2.274730049103889
91,n07590611/ILSVRC2012_val_00030972_n07590611,target_4dB,4,CL,V_decision,entropy_k9,1.977537715729466
92,n07714990/ILSVRC2012_val_00008416_n07714990,target_4dB,4,CL,V_decision,entropy_k9,2.3642106646033265
93,n07716906/ILSVRC2012_val_00011140_n07716906,target_4dB,4,CL,V_decision,entropy_k9,2.6726282964740498
94,n07720875/ILSVRC2012_val_00000423_n07720875,target_4dB,4,CL,V_decision,entropy_k9,2.5125411077381785
95,n07860988/ILSVRC2012_val_00010848_n07860988,target_4dB,4,CL,V_decision,entropy_k9,2.135110017008636
96,n09288635/ILSVRC2012_val_00001270_n09288635,target_4dB,4,CL,V_decision,entropy_k9,2.9297202058059226
97,n09468604/ILSVRC2012_val_00030741_n09468604,target_4dB,4,CL,V_decision,entropy_k9,2.7019418839454006
98,n11939491/ILSVRC2012_val_00034896_n11939491,target_4dB,4,CL,V_decision,entropy_k9,2.359533925179862
99,n15075141/ILSVRC2012_val_00005846_n15075141,target_4dB,4,CL,V_decision,entropy_k9,2.2378590000318455
0,n01440764/ILSVRC2012_val_00003014_n01440764,target_4dB,4,CL,V_decision,path_accuracy_k9,0.09467455621301775
1,n01601694/ILSVRC2012_val_00021656_n01601694,target_4dB,4,CL,V_decision,path_accuracy_k9,0.025641025641025644
2,n01664065/ILSVRC2012_val_00014316_n01664065,target_4dB,4,CL,V_decision,path_accuracy_k9,0.10848126232741617
3,n01689811/ILSVRC2012_val_00020598_n01689811,target_4dB,4,CL,V_decision,path_accuracy_k9,0.09861932938856015
4,n01735189/ILSVRC2012_val_00006699_n01735189,target_4dB,4,CL,V_decision,path_accuracy_k9,0.0650887573964497
5,n01744401/ILSVRC2012_val_00032663_n01744401,target_4dB,4,CL,V_decision,path_accuracy_k9,0.029585798816568046
6,n01751748/ILSVRC2012_val_00033157_n01751748,target_4dB,4,CL,V_decision,path_accuracy_k9,0.047337278106508875
7,n01775062/ILSVRC2012_val_00036589_n01775062,target_4dB,4,CL,V_decision,path_accuracy_k9,0.10059171597633136
8,n01843383/ILSVRC2012_val_00005901_n01843383,target_4dB,4,CL,V_decision,path_accuracy_k9,0.11834319526627218
9,n01860187/ILSVRC2012_val_00021594_n01860187,target_4dB,4,CL,V_decision,path_accuracy_k9,0.07495069033530573
10,n01882714/ILSVRC2012_val_00019996_n01882714,target_4dB,4,CL,V_decision,path_accuracy_k9,0.07889546351084813
11,n01943899/ILSVRC2012_val_00005706_n01943899,target_4dB,4,CL,V_decision,path_accuracy_k9,0.0650887573964497
12,n01955084/ILSVRC2012_val_00001857_n01955084,target_4dB,4,CL,V_decision,path_accuracy_k9,0.08678500986193294
13,n01983481/ILSVRC2012_val_00019856_n01983481,target_4dB,4,CL,V_decision,path_accuracy_k9,0.1222879684418146
14,n02013706/ILSVRC2012_val_00003168_n02013706,target_4dB,4,CL,V_decision,path_accuracy_k9,0.09270216962524654
15,n02027492/ILSVRC2012_val_00007524_n02027492,target_4dB,4,CL,V_decision,path_accuracy_k9,0.05128205128205129
16,n02088094/ILSVRC2012_val_00005507_n02088094,target_4dB,4,CL,V_decision,path_accuracy_k9,0.07889546351084813
17,n02090622/ILSVRC2012_val_00006265_n02090622,target_4dB,4,CL,V_decision,path_accuracy_k9,0.07495069033530573
18,n02096177/ILSVRC2012_val_00019083_n02096177,target_4dB,4,CL,V_decision,path_accuracy_k9,0.05917159763313609
19,n02098286/ILSVRC2012_val_00038253_n02098286,target_4dB,4,CL,V_decision,path_accuracy_k9,0.03550295857988165
20,n02102480/ILSVRC2012_val_00010261_n02102480,target_4dB,4,CL,V_decision,path_accuracy_k9,0.03550295857988166
21,n02105641/ILSVRC2012_val_00018762_n02105641,target_4dB,4,CL,V_decision,path_accuracy_k9,0.11242603550295859
22,n02106550/ILSVRC2012_val_00014315_n02106550,target_4dB,4,CL,V_decision,path_accuracy_k9,0.08481262327416172
23,n02107683/ILSVRC2012_val_00010786_n02107683,target_4dB,4,CL,V_decision,path_accuracy_k9,0.0650887573964497
24,n02110806/ILSVRC2012_val_00030364_n02110806,target_4dB,4,CL,V_decision,path_accuracy_k9,0.07692307692307693
25,n02113799/ILSVRC2012_val_00007866_n02113799,target_4dB,4,CL,V_decision,path_accuracy_k9,0.07495069033530573
26,n02123159/ILSVRC2012_val_00025723_n02123159,target_4dB,4,CL,V_decision,path_accuracy_k9,0.1203155818540434
27,n02134084/ILSVRC2012_val_00020332_n02134084,target_4dB,4,CL,V_decision,path_accuracy_k9,0.03550295857988166
28,n02168699/ILSVRC2012_val_00040132_n02168699,target_4dB,4,CL,V_decision,path_accuracy_k9,0.047337278106508875
29,n02233338/ILSVRC2012_val_00016160_n02233338,target_4dB,4,CL,V_decision,path_accuracy_k9,0.07100591715976332
30,n02264363/ILSVRC2012_val_00027803_n02264363,target_4dB,4,CL,V_decision,path_accuracy_k9,0.027613412228796843
31,n02277742/ILSVRC2012_val_00015608_n02277742,target_4dB,4,CL,V_decision,path_accuracy_k9,0.10848126232741617
32,n02325366/ILSVRC2012_val_00024858_n02325366,target_4dB,4,CL,V_decision,path_accuracy_k9,0.10256410256410255
33,n02398521/ILSVRC2012_val_00018354_n02398521,target_4dB,4,CL,V_decision,path_accuracy_k9,0.0650887573964497
34,n02410509/ILSVRC2012_val_00022568_n02410509,target_4dB,4,CL,V_decision,path_accuracy_k9,0.04930966469428008
35,n02437312/ILSVRC2012_val_00006245_n02437312,target_4dB,4,CL,V_decision,path_accuracy_k9,0.10256410256410255
36,n02486410/ILSVRC2012_val_00009799_n02486410,target_4dB,4,CL,V_decision,path_accuracy_k9,0.0650887573964497
37,n02509815/ILSVRC2012_val_00014423_n02509815,target_4dB,4,CL,V_decision,path_accuracy_k9,0.05128205128205129
38,n02708093/ILSVRC2012_val_00024690_n02708093,target_4dB,4,CL,V_decision,path_accuracy_k9,0.06903353057199212
39,n02776631/ILSVRC2012_val_00028186_n02776631,target_4dB,4,CL,V_decision,path_accuracy_k9,0.07495069033530571
40,n02788148/ILSVRC2012_val_00012264_n02788148,target_4dB,4,CL,V_decision,path_accuracy_k9,0.07692307692307691
41,n02834397/ILSVRC2012_val_00010741_n02834397,target_4dB,4,CL,V_decision,path_accuracy_k9,0.023668639053254437
42,n02841315/ILSVRC2012_val_00014601_n02841315,target_4dB,4,CL,V_decision,path_accuracy_k9,0.07297830374753451
43,n02910353/ILSVRC2012_val_00017543_n02910353,target_4dB,4,CL,V_decision,path_accuracy_k9,0.08086785009861934
44,n02951585/ILSVRC2012_val_00008336_n02951585,target_4dB,4,CL,V_decision,path_accuracy_k9,0.04142011834319526
45,n02980441/ILSVRC2012_val_00023472_n02980441,target_4dB,4,CL,V_decision,path_accuracy_k9,0.04733727810650887
46,n03028079/ILSVRC2012_val_00031446_n03028079,target_4dB,4,CL,V_decision,path_accuracy_k9,0.057199211045364885
47,n03109150/ILSVRC2012_val_00032588_n03109150,target_4dB,4,CL,V_decision,path_accuracy_k9,0.01775147928994083
48,n03127747/ILSVRC2012_val_00003732_n03127747,target_4dB,4,CL,V_decision,path_accuracy_k9,0.07889546351084813
49,n03220513/ILSVRC2012_val_00006359_n03220513,target_4dB,4,CL,V_decision,path_accuracy_k9,0.045364891518737675
50,n03372029/ILSVRC2012_val_00034937_n03372029,target_4dB,4,CL,V_decision,path_accuracy_k9,0.09467455621301775
51,n03388549/ILSVRC2012_val_00022928_n03388549,target_4dB,4,CL,V_decision,path_accuracy_k9,0.08481262327416174
52,n03424325/ILSVRC2012_val_00006147_n03424325,target_4dB,4,CL,V_decision,path_accuracy_k9,0.0670611439842209
53,n03447721/ILSVRC2012_val_00006942_n03447721,target_4dB,4,CL,V_decision,path_accuracy_k9,0.11834319526627218
54,n03485794/ILSVRC2012_val_00010782_n03485794,target_4dB,4,CL,V_decision,path_accuracy_k9,0.04930966469428008
55,n03527444/ILSVRC2012_val_00035251_n03527444,target_4dB,4,CL,V_decision,path_accuracy_k9,0.07889546351084813
56,n03584254/ILSVRC2012_val_00016384_n03584254,target_4dB,4,CL,V_decision,path_accuracy_k9,0.01972386587771203
57,n03623198/ILSVRC2012_val_00019928_n03623198,target_4dB,4,CL,V_decision,path_accuracy_k9,0.0670611439842209
58,n03657121/ILSVRC2012_val_00000359_n03657121,target_4dB,4,CL,V_decision,path_accuracy_k9,0.09664694280078896
59,n03706229/ILSVRC2012_val_00017460_n03706229,target_4dB,4,CL,V_decision,path_accuracy_k9,0.025641025641025644
60,n03759954/ILSVRC2012_val_00010804_n03759954,target_4dB,4,CL,V_decision,path_accuracy_k9,0.15581854043392504
61,n03775071/ILSVRC2012_val_00002420_n03775071,target_4dB,4,CL,V_decision,path_accuracy_k9,0.03550295857988166
62,n03782006/ILSVRC2012_val_00004758_n03782006,target_4dB,4,CL,V_decision,path_accuracy_k9,0.0650887573964497
63,n03796401/ILSVRC2012_val_00025827_n03796401,target_4dB,4,CL,V_decision,path_accuracy_k9,0.04536489151873766
64,n03866082/ILSVRC2012_val_00003554_n03866082,target_4dB,4,CL,V_decision,path_accuracy_k9,0.08086785009861934
65,n03876231/ILSVRC2012_val_00022714_n03876231,target_4dB,4,CL,V_decision,path_accuracy_k9,0.029585798816568046
66,n03929660/ILSVRC2012_val_00012300_n03929660,target_4dB,4,CL,V_decision,path_accuracy_k9,0.01972386587771203
67,n03950228/ILSVRC2012_val_00019039_n03950228,target_4dB,4,CL,V_decision,path_accuracy_k9,0.05325443786982248
68,n03977966/ILSVRC2012_val_00027383_n03977966,target_4dB,4,CL,V_decision,path_accuracy_k9,0.09664694280078895
69,n03983396/ILSVRC2012_val_00012891_n03983396,target_4dB,4,CL,V_decision,path_accuracy_k9,0.07692307692307693
70,n04044716/ILSVRC2012_val_00039752_n04044716,target_4dB,4,CL,V_decision,path_accuracy_k9,0.025641025641025644
71,n04067472/ILSVRC2012_val_00007618_n04067472,target_4dB,4,CL,V_decision,path_accuracy_k9,0.09270216962524654
72,n04111531/ILSVRC2012_val_00013982_n04111531,target_4dB,4,CL,V_decision,path_accuracy_k9,0.04339250493096647
73,n04131690/ILSVRC2012_val_00002728_n04131690,target_4dB,4,CL,V_decision,path_accuracy_k9,0.029585798816568046
74,n04153751/ILSVRC2012_val_00008426_n04153751,target_4dB,4,CL,V_decision,path_accuracy_k9,0.03550295857988165
75,n04204347/ILSVRC2012_val_00018921_n04204347,target_4dB,4,CL,V_decision,path_accuracy_k9,0.049309664694280074
76,n04235860/ILSVRC2012_val_00004033_n04235860,target_4dB,4,CL,V_decision,path_accuracy_k9,0.10256410256410257
77,n04252077/ILSVRC2012_val_00012989_n04252077,target_4dB,4,CL,V_decision,path_accuracy_k9,0.08481262327416172
78,n04310018/ILSVRC2012_val_00003156_n04310018,target_4dB,4,CL,V_decision,path_accuracy_k9,0.10453648915187376
79,n04328186/ILSVRC2012_val_00014795_n04328186,target_4dB,4,CL,V_decision,path_accuracy_k9,0.037475345167652864
80,n04346328/ILSVRC2012_val_00003305_n04346328,target_4dB,4,CL,V_decision,path_accuracy_k9,0.08086785009861934
81,n04357314/ILSVRC2012_val_00009430_n04357314,target_4dB,4,CL,V_decision,path_accuracy_k9,0.08086785009861933
82,n04371774/ILSVRC2012_val_00030870_n04371774,target_4dB,4,CL,V_decision,path_accuracy_k9,0.055226824457593686
83,n04392985/ILSVRC2012_val_00029362_n04392985,target_4dB,4,CL,V_decision,path_accuracy_k9,0.0611439842209073
84,n04456115/ILSVRC2012_val_00002331_n04456115,target_4dB,4,CL,V_decision,path_accuracy_k9,0.07297830374753451
85,n04485082/ILSVRC2012_val_00000955_n04485082,target_4dB,4,CL,V_decision,path_accuracy_k9,0.0631163708086785
86,n04515003/ILSVRC2012_val_00002400_n04515003,target_4dB,4,CL,V_decision,path_accuracy_k9,0.045364891518737675
87,n04540053/ILSVRC2012_val_00007665_n04540053,target_4dB,4,CL,V_decision,path_accuracy_k9,0.0670611439842209
88,n04560804/ILSVRC2012_val_00029830_n04560804,target_4dB,4,CL,V_decision,path_accuracy_k9,0.1321499013806706
89,n04596742/ILSVRC2012_val_00007608_n04596742,target_4dB,4,CL,V_decision,path_accuracy_k9,0.0670611439842209
90,n07583066/ILSVRC2012_val_00001378_n07583066,target_4dB,4,CL,V_decision,path_accuracy_k9,0.08481262327416172
91,n07590611/ILSVRC2012_val_00030972_n07590611,target_4dB,4,CL,V_decision,path_accuracy_k9,0.126232741617357
92,n07714990/ILSVRC2012_val_00008416_n07714990,target_4dB,4,CL,V_decision,path_accuracy_k9,0.09072978303747535
93,n07716906/ILSVRC2012_val_00011140_n07716906,target_4dB,4,CL,V_decision,path_accuracy_k9,0.047337278106508875
94,n07720875/ILSVRC2012_val_00000423_n07720875,target_4dB,4,CL,V_decision,path_accuracy_k9,0.0631163708086785
95,n07860988/ILSVRC2012_val_00010848_n07860988,target_4dB,4,CL,V_decision,path_accuracy_k9,0.08875739644970415
96,n09288635/ILSVRC2012_val_00001270_n09288635,target_4dB,4,CL,V_decision,path_accuracy_k9,0.03550295857988166
97,n09468604/ILSVRC2012_val_00030741_n09468604,target_4dB,4,CL,V_decision,path_accuracy_k9,0.07889546351084813
98,n11939491/ILSVRC2012_val_00034896_n11939491,target_4dB,4,CL,V_decision,path_accuracy_k9,0.07297830374753451
99,n15075141/ILSVRC2012_val_00005846_n15075141,target_4dB,4,CL,V_decision,path_accuracy_k9,0.07297830374753451
0,n01440764/ILSVRC2012_val_00003014_n01440764,target_4dB,4,CL,V_decision,acc_k10,0.11848958333333333
1,n01601694/ILSVRC2012_val_00021656_n01601694,target_4dB,4,CL,V_decision,acc_k10,0.028645833333333332
2,n01664065/ILSVRC2012_val_00014316_n01664065,target_4dB,4,CL,V_decision,acc_k10,0.11067708333333333
3,n01689811/ILSVRC2012_val_00020598_n01689811,target_4dB,4,CL,V_decision,acc_k10,0.109375
4,n01735189/ILSVRC2012_val_00006699_n01735189,target_4dB,4,CL,V_decision,acc_k10,0.057291666666666664
5,n01744401/ILSVRC2012_val_00032663_n01744401,target_4dB,4,CL,V_decision,acc_k10,0.0234375
6,n01751748/ILSVRC2012_val_00033157_n01751748,target_4dB,4,CL,V_decision,acc_k10,0.029947916666666668
7,n01775062/ILSVRC2012_val_00036589_n01775062,target_4dB,4,CL,V_decision,acc_k10,0.11328125
8,n01843383/ILSVRC2012_val_00005901_n01843383,target_4dB,4,CL,V_decision,acc_k10,0.10677083333333333
9,n01860187/ILSVRC2012_val_00021594_n01860187,target_4dB,4,CL,V_decision,acc_k10,0.09505208333333333
10,n01882714/ILSVRC2012_val_00019996_n01882714,target_4dB,4,CL,V_decision,acc_k10,0.06640625
11,n01943899/ILSVRC2012_val_00005706_n01943899,target_4dB,4,CL,V_decision,acc_k10,0.05859375
12,n01955084/ILSVRC2012_val_00001857_n01955084,target_4dB,4,CL,V_decision,acc_k10,0.07942708333333333
13,n01983481/ILSVRC2012_val_00019856_n01983481,target_4dB,4,CL,V_decision,acc_k10,0.10677083333333333
14,n02013706/ILSVRC2012_val_00003168_n02013706,target_4dB,4,CL,V_decision,acc_k10,0.10026041666666667
15,n02027492/ILSVRC2012_val_00007524_n02027492,target_4dB,4,CL,V_decision,acc_k10,0.05859375
16,n02088094/ILSVRC2012_val_00005507_n02088094,target_4dB,4,CL,V_decision,acc_k10,0.07291666666666667
17,n02090622/ILSVRC2012_val_00006265_n02090622,target_4dB,4,CL,V_decision,acc_k10,0.08723958333333333
18,n02096177/ILSVRC2012_val_00019083_n02096177,target_4dB,4,CL,V_decision,acc_k10,0.033854166666666664
19,n02098286/ILSVRC2012_val_00038253_n02098286,target_4dB,4,CL,V_decision,acc_k10,0.026041666666666668
20,n02102480/ILSVRC2012_val_00010261_n02102480,target_4dB,4,CL,V_decision,acc_k10,0.02734375
21,n02105641/ILSVRC2012_val_00018762_n02105641,target_4dB,4,CL,V_decision,acc_k10,0.07682291666666667
22,n02106550/ILSVRC2012_val_00014315_n02106550,target_4dB,4,CL,V_decision,acc_k10,0.10546875
23,n02107683/ILSVRC2012_val_00010786_n02107683,target_4dB,4,CL,V_decision,acc_k10,0.03125
24,n02110806/ILSVRC2012_val_00030364_n02110806,target_4dB,4,CL,V_decision,acc_k10,0.09895833333333333
25,n02113799/ILSVRC2012_val_00007866_n02113799,target_4dB,4,CL,V_decision,acc_k10,0.0703125
26,n02123159/ILSVRC2012_val_00025723_n02123159,target_4dB,4,CL,V_decision,acc_k10,0.08723958333333333
27,n02134084/ILSVRC2012_val_00020332_n02134084,target_4dB,4,CL,V_decision,acc_k10,0.03125
28,n02168699/ILSVRC2012_val_00040132_n02168699,target_4dB,4,CL,V_decision,acc_k10,0.032552083333333336
29,n02233338/ILSVRC2012_val_00016160_n02233338,target_4dB,4,CL,V_decision,acc_k10,0.05859375
30,n02264363/ILSVRC2012_val_00027803_n02264363,target_4dB,4,CL,V_decision,acc_k10,0.018229166666666668
31,n02277742/ILSVRC2012_val_00015608_n02277742,target_4dB,4,CL,V_decision,acc_k10,0.1015625
32,n02325366/ILSVRC2012_val_00024858_n02325366,target_4dB,4,CL,V_decision,acc_k10,0.08854166666666667
33,n02398521/ILSVRC2012_val_00018354_n02398521,target_4dB,4,CL,V_decision,acc_k10,0.07291666666666667
34,n02410509/ILSVRC2012_val_00022568_n02410509,target_4dB,4,CL,V_decision,acc_k10,0.03515625
35,n02437312/ILSVRC2012_val_00006245_n02437312,target_4dB,4,CL,V_decision,acc_k10,0.08333333333333333
36,n02486410/ILSVRC2012_val_00009799_n02486410,target_4dB,4,CL,V_decision,acc_k10,0.048177083333333336
37,n02509815/ILSVRC2012_val_00014423_n02509815,target_4dB,4,CL,V_decision,acc_k10,0.036458333333333336
38,n02708093/ILSVRC2012_val_00024690_n02708093,target_4dB,4,CL,V_decision,acc_k10,0.05078125
39,n02776631/ILSVRC2012_val_00028186_n02776631,target_4dB,4,CL,V_decision,acc_k10,0.07942708333333333
40,n02788148/ILSVRC2012_val_00012264_n02788148,target_4dB,4,CL,V_decision,acc_k10,0.0546875
41,n02834397/ILSVRC2012_val_00010741_n02834397,target_4dB,4,CL,V_decision,acc_k10,0.029947916666666668
42,n02841315/ILSVRC2012_val_00014601_n02841315,target_4dB,4,CL,V_decision,acc_k10,0.06901041666666667
43,n02910353/ILSVRC2012_val_00017543_n02910353,target_4dB,4,CL,V_decision,acc_k10,0.0625
44,n02951585/ILSVRC2012_val_00008336_n02951585,target_4dB,4,CL,V_decision,acc_k10,0.036458333333333336
45,n02980441/ILSVRC2012_val_00023472_n02980441,target_4dB,4,CL,V_decision,acc_k10,0.05078125
46,n03028079/ILSVRC2012_val_00031446_n03028079,target_4dB,4,CL,V_decision,acc_k10,0.048177083333333336
47,n03109150/ILSVRC2012_val_00032588_n03109150,target_4dB,4,CL,V_decision,acc_k10,0.022135416666666668
48,n03127747/ILSVRC2012_val_00003732_n03127747,target_4dB,4,CL,V_decision,acc_k10,0.055989583333333336
49,n03220513/ILSVRC2012_val_00006359_n03220513,target_4dB,4,CL,V_decision,acc_k10,0.0546875
50,n03372029/ILSVRC2012_val_00034937_n03372029,target_4dB,4,CL,V_decision,acc_k10,0.078125
51,n03388549/ILSVRC2012_val_00022928_n03388549,target_4dB,4,CL,V_decision,acc_k10,0.06510416666666667
52,n03424325/ILSVRC2012_val_00006147_n03424325,target_4dB,4,CL,V_decision,acc_k10,0.0703125
53,n03447721/ILSVRC2012_val_00006942_n03447721,target_4dB,4,CL,V_decision,acc_k10,0.13671875
54,n03485794/ILSVRC2012_val_00010782_n03485794,target_4dB,4,CL,V_decision,acc_k10,0.04296875
55,n03527444/ILSVRC2012_val_00035251_n03527444,target_4dB,4,CL,V_decision,acc_k10,0.0546875
56,n03584254/ILSVRC2012_val_00016384_n03584254,target_4dB,4,CL,V_decision,acc_k10,0.0026041666666666665
57,n03623198/ILSVRC2012_val_00019928_n03623198,target_4dB,4,CL,V_decision,acc_k10,0.005208333333333333
58,n03657121/ILSVRC2012_val_00000359_n03657121,target_4dB,4,CL,V_decision,acc_k10,0.0078125
59,n03706229/ILSVRC2012_val_00017460_n03706229,target_4dB,4,CL,V_decision,acc_k10,0.013020833333333334
60,n03759954/ILSVRC2012_val_00010804_n03759954,target_4dB,4,CL,V_decision,acc_k10,0.15885416666666666
61,n03775071/ILSVRC2012_val_00002420_n03775071,target_4dB,4,CL,V_decision,acc_k10,0.0078125
62,n03782006/ILSVRC2012_val_00004758_n03782006,target_4dB,4,CL,V_decision,acc_k10,0.02734375
63,n03796401/ILSVRC2012_val_00025827_n03796401,target_4dB,4,CL,V_decision,acc_k10,0.049479166666666664
64,n03866082/ILSVRC2012_val_00003554_n03866082,target_4dB,4,CL,V_decision,acc_k10,0.061197916666666664
65,n03876231/ILSVRC2012_val_00022714_n03876231,target_4dB,4,CL,V_decision,acc_k10,0.028645833333333332
66,n03929660/ILSVRC2012_val_00012300_n03929660,target_4dB,4,CL,V_decision,acc_k10,0.005208333333333333
67,n03950228/ILSVRC2012_val_00019039_n03950228,target_4dB,4,CL,V_decision,acc_k10,0.029947916666666668
68,n03977966/ILSVRC2012_val_00027383_n03977966,target_4dB,4,CL,V_decision,acc_k10,0.08072916666666667
69,n03983396/ILSVRC2012_val_00012891_n03983396,target_4dB,4,CL,V_decision,acc_k10,0.06380208333333333
70,n04044716/ILSVRC2012_val_00039752_n04044716,target_4dB,4,CL,V_decision,acc_k10,0.006510416666666667
71,n04067472/ILSVRC2012_val_00007618_n04067472,target_4dB,4,CL,V_decision,acc_k10,0.10416666666666667
72,n04111531/ILSVRC2012_val_00013982_n04111531,target_4dB,4,CL,V_decision,acc_k10,0.046875
73,n04131690/ILSVRC2012_val_00002728_n04131690,target_4dB,4,CL,V_decision,acc_k10,0.020833333333333332
74,n04153751/ILSVRC2012_val_00008426_n04153751,target_4dB,4,CL,V_decision,acc_k10,0.006510416666666667
75,n04204347/ILSVRC2012_val_00018921_n04204347,target_4dB,4,CL,V_decision,acc_k10,0.024739583333333332
76,n04235860/ILSVRC2012_val_00004033_n04235860,target_4dB,4,CL,V_decision,acc_k10,0.078125
77,n04252077/ILSVRC2012_val_00012989_n04252077,target_4dB,4,CL,V_decision,acc_k10,0.0859375
78,n04310018/ILSVRC2012_val_00003156_n04310018,target_4dB,4,CL,V_decision,acc_k10,0.08463541666666667
79,n04328186/ILSVRC2012_val_00014795_n04328186,target_4dB,4,CL,V_decision,acc_k10,0.0234375
80,n04346328/ILSVRC2012_val_00003305_n04346328,target_4dB,4,CL,V_decision,acc_k10,0.048177083333333336
81,n04357314/ILSVRC2012_val_00009430_n04357314,target_4dB,4,CL,V_decision,acc_k10,0.0546875
82,n04371774/ILSVRC2012_val_00030870_n04371774,target_4dB,4,CL,V_decision,acc_k10,0.049479166666666664
83,n04392985/ILSVRC2012_val_00029362_n04392985,target_4dB,4,CL,V_decision,acc_k10,0.046875
84,n04456115/ILSVRC2012_val_00002331_n04456115,target_4dB,4,CL,V_decision,acc_k10,0.08072916666666667
85,n04485082/ILSVRC2012_val_00000955_n04485082,target_4dB,4,CL,V_decision,acc_k10,0.0546875
86,n04515003/ILSVRC2012_val_00002400_n04515003,target_4dB,4,CL,V_decision,acc_k10,0.040364583333333336
87,n04540053/ILSVRC2012_val_00007665_n04540053,target_4dB,4,CL,V_decision,acc_k10,0.09375
88,n04560804/ILSVRC2012_val_00029830_n04560804,target_4dB,4,CL,V_decision,acc_k10,0.12239583333333333
89,n04596742/ILSVRC2012_val_00007608_n04596742,target_4dB,4,CL,V_decision,acc_k10,0.06770833333333333
90,n07583066/ILSVRC2012_val_00001378_n07583066,target_4dB,4,CL,V_decision,acc_k10,0.07682291666666667
91,n07590611/ILSVRC2012_val_00030972_n07590611,target_4dB,4,CL,V_decision,acc_k10,0.13671875
92,n07714990/ILSVRC2012_val_00008416_n07714990,target_4dB,4,CL,V_decision,acc_k10,0.078125
93,n07716906/ILSVRC2012_val_00011140_n07716906,target_4dB,4,CL,V_decision,acc_k10,0.045572916666666664
94,n07720875/ILSVRC2012_val_00000423_n07720875,target_4dB,4,CL,V_decision,acc_k10,0.029947916666666668
95,n07860988/ILSVRC2012_val_00010848_n07860988,target_4dB,4,CL,V_decision,acc_k10,0.078125
96,n09288635/ILSVRC2012_val_00001270_n09288635,target_4dB,4,CL,V_decision,acc_k10,0.036458333333333336
97,n09468604/ILSVRC2012_val_00030741_n09468604,target_4dB,4,CL,V_decision,acc_k10,0.05078125
98,n11939491/ILSVRC2012_val_00034896_n11939491,target_4dB,4,CL,V_decision,acc_k10,0.08203125
99,n15075141/ILSVRC2012_val_00005846_n15075141,target_4dB,4,CL,V_decision,acc_k10,0.06901041666666667
0,n01440764/ILSVRC2012_val_00003014_n01440764,target_4dB,4,CL,V_decision,logp_true_k10,-6.18587606976386
1,n01601694/ILSVRC2012_val_00021656_n01601694,target_4dB,4,CL,V_decision,logp_true_k10,-8.358076989900534
2,n01664065/ILSVRC2012_val_00014316_n01664065,target_4dB,4,CL,V_decision,logp_true_k10,-5.824475259875423
3,n01689811/ILSVRC2012_val_00020598_n01689811,target_4dB,4,CL,V_decision,logp_true_k10,-6.101544552561488
4,n01735189/ILSVRC2012_val_00006699_n01735189,target_4dB,4,CL,V_decision,logp_true_k10,-7.242501860537838
5,n01744401/ILSVRC2012_val_00032663_n01744401,target_4dB,4,CL,V_decision,logp_true_k10,-8.74665375011197
6,n01751748/ILSVRC2012_val_00033157_n01751748,target_4dB,4,CL,V_decision,logp_true_k10,-8.304593560901898
7,n01775062/ILSVRC2012_val_00036589_n01775062,target_4dB,4,CL,V_decision,logp_true_k10,-5.931180143723395
8,n01843383/ILSVRC2012_val_00005901_n01843383,target_4dB,4,CL,V_decision,logp_true_k10,-6.2149086059950305
9,n01860187/ILSVRC2012_val_00021594_n01860187,target_4dB,4,CL,V_decision,logp_true_k10,-6.461177680888795
10,n01882714/ILSVRC2012_val_00019996_n01882714,target_4dB,4,CL,V_decision,logp_true_k10,-7.338902942710168
11,n01943899/ILSVRC2012_val_00005706_n01943899,target_4dB,4,CL,V_decision,logp_true_k10,-7.308488018773157
12,n01955084/ILSVRC2012_val_00001857_n01955084,target_4dB,4,CL,V_decision,logp_true_k10,-7.00079074581663
13,n01983481/ILSVRC2012_val_00019856_n01983481,target_4dB,4,CL,V_decision,logp_true_k10,-6.21148746485657
14,n02013706/ILSVRC2012_val_00003168_n02013706,target_4dB,4,CL,V_decision,logp_true_k10,-8.869834311544158
15,n02027492/ILSVRC2012_val_00007524_n02027492,target_4dB,4,CL,V_decision,logp_true_k10,-7.870196038478753
16,n02088094/ILSVRC2012_val_00005507_n02088094,target_4dB,4,CL,V_decision,logp_true_k10,-7.1770079264679225
17,n02090622/ILSVRC2012_val_00006265_n02090622,target_4dB,4,CL,V_decision,logp_true_k10,-6.698587939603992
18,n02096177/ILSVRC2012_val_00019083_n02096177,target_4dB,4,CL,V_decision,logp_true_k10,-8.560386114518527
19,n02098286/ILSVRC2012_val_00038253_n02098286,target_4dB,4,CL,V_decision,logp_true_k10,-9.792515248176642
20,n02102480/ILSVRC2012_val_00010261_n02102480,target_4dB,4,CL,V_decision,logp_true_k10,-9.67320258387675
21,n02105641/ILSVRC2012_val_00018762_n02105641,target_4dB,4,CL,V_decision,logp_true_k10,-6.7206056842260296
22,n02106550/ILSVRC2012_val_00014315_n02106550,target_4dB,4,CL,V_decision,logp_true_k10,-6.599716563032416
23,n02107683/ILSVRC2012_val_00010786_n02107683,target_4dB,4,CL,V_decision,logp_true_k10,-8.063243391923606
24,n02110806/ILSVRC2012_val_00030364_n02110806,target_4dB,4,CL,V_decision,logp_true_k10,-6.946459149147813
25,n02113799/ILSVRC2012_val_00007866_n02113799,target_4dB,4,CL,V_decision,logp_true_k10,-7.521511226286141
26,n02123159/ILSVRC2012_val_00025723_n02123159,target_4dB,4,CL,V_decision,logp_true_k10,-6.651815418845217
27,n02134084/ILSVRC2012_val_00020332_n02134084,target_4dB,4,CL,V_decision,logp_true_k10,-8.14952823169248
28,n02168699/ILSVRC2012_val_00040132_n02168699,target_4dB,4,CL,V_decision,logp_true_k10,-8.487547352716016
29,n02233338/ILSVRC2012_val_00016160_n02233338,target_4dB,4,CL,V_decision,logp_true_k10,-6.7973637600953225
30,n02264363/ILSVRC2012_val_00027803_n02264363,target_4dB,4,CL,V_decision,logp_true_k10,-10.806624317813354
31,n02277742/ILSVRC2012_val_00015608_n02277742,target_4dB,4,CL,V_decision,logp_true_k10,-6.2237280066862395
32,n02325366/ILSVRC2012_val_00024858_n02325366,target_4dB,4,CL,V_decision,logp_true_k10,-6.09372690189745
33,n02398521/ILSVRC2012_val_00018354_n02398521,target_4dB,4,CL,V_decision,logp_true_k10,-6.916143975720236
34,n02410509/ILSVRC2012_val_00022568_n02410509,target_4dB,4,CL,V_decision,logp_true_k10,-8.849155486949408
35,n02437312/ILSVRC2012_val_00006245_n02437312,target_4dB,4,CL,V_decision,logp_true_k10,-6.424566156683189
36,n02486410/ILSVRC2012_val_00009799_n02486410,target_4dB,4,CL,V_decision,logp_true_k10,-8.221983358695676
37,n02509815/ILSVRC2012_val_00014423_n02509815,target_4dB,4,CL,V_decision,logp_true_k10,-8.99749848475282
38,n02708093/ILSVRC2012_val_00024690_n02708093,target_4dB,4,CL,V_decision,logp_true_k10,-9.114844670068123
39,n02776631/ILSVRC2012_val_00028186_n02776631,target_4dB,4,CL,V_decision,logp_true_k10,-6.8028574720992765
40,n02788148/ILSVRC2012_val_00012264_n02788148,target_4dB,4,CL,V_decision,logp_true_k10,-8.111618325730282
41,n02834397/ILSVRC2012_val_00010741_n02834397,target_4dB,4,CL,V_decision,logp_true_k10,-9.772778598514074
42,n02841315/ILSVRC2012_val_00014601_n02841315,target_4dB,4,CL,V_decision,logp_true_k10,-7.684234660698469
43,n02910353/ILSVRC2012_val_00017543_n02910353,target_4dB,4,CL,V_decision,logp_true_k10,-7.381178086565342
44,n02951585/ILSVRC2012_val_00008336_n02951585,target_4dB,4,CL,V_decision,logp_true_k10,-8.202666553498906
45,n02980441/ILSVRC2012_val_00023472_n02980441,target_4dB,4,CL,V_decision,logp_true_k10,-7.904012251189367
46,n03028079/ILSVRC2012_val_00031446_n03028079,target_4dB,4,CL,V_decision,logp_true_k10,-8.562537204462084
47,n03109150/ILSVRC2012_val_00032588_n03109150,target_4dB,4,CL,V_decision,logp_true_k10,-9.7843345369353
48,n03127747/ILSVRC2012_val_00003732_n03127747,target_4dB,4,CL,V_decision,logp_true_k10,-8.170914033949279
49,n03220513/ILSVRC2012_val_00006359_n03220513,target_4dB,4,CL,V_decision,logp_true_k10,-9.737314161422546
50,n03372029/ILSVRC2012_val_00034937_n03372029,target_4dB,4,CL,V_decision,logp_true_k10,-7.553983336765668
51,n03388549/ILSVRC2012_val_00022928_n03388549,target_4dB,4,CL,V_decision,logp_true_k10,-7.469234312722013
52,n03424325/ILSVRC2012_val_00006147_n03424325,target_4dB,4,CL,V_decision,logp_true_k10,-9.38900900672767
53,n03447721/ILSVRC2012_val_00006942_n03447721,target_4dB,4,CL,V_decision,logp_true_k10,-6.067040321261402
54,n03485794/ILSVRC2012_val_00010782_n03485794,target_4dB,4,CL,V_decision,logp_true_k10,-8.49566818641324
55,n03527444/ILSVRC2012_val_00035251_n03527444,target_4dB,4,CL,V_decision,logp_true_k10,-8.20034660383923
56,n03584254/ILSVRC2012_val_00016384_n03584254,target_4dB,4,CL,V_decision,logp_true_k10,-16.700473959712934
57,n03623198/ILSVRC2012_val_00019928_n03623198,target_4dB,4,CL,V_decision,logp_true_k10,-15.085547071609957
58,n03657121/ILSVRC2012_val_00000359_n03657121,target_4dB,4,CL,V_decision,logp_true_k10,-16.38172231061617
59,n03706229/ILSVRC2012_val_00017460_n03706229,target_4dB,4,CL,V_decision,logp_true_k10,-14.575326444697566
60,n03759954/ILSVRC2012_val_00010804_n03759954,target_4dB,4,CL,V_decision,logp_true_k10,-5.438679029385942
61,n03775071/ILSVRC2012_val_00002420_n03775071,target_4dB,4,CL,V_decision,logp_true_k10,-12.032370385791486
62,n03782006/ILSVRC2012_val_00004758_n03782006,target_4dB,4,CL,V_decision,logp_true_k10,-9.026476240547103
63,n03796401/ILSVRC2012_val_00025827_n03796401,target_4dB,4,CL,V_decision,logp_true_k10,-8.85246918887909
64,n03866082/ILSVRC2012_val_00003554_n03866082,target_4dB,4,CL,V_decision,logp_true_k10,-7.3617192354383105
65,n03876231/ILSVRC2012_val_00022714_n03876231,target_4dB,4,CL,V_decision,logp_true_k10,-10.67860907165838
66,n03929660/ILSVRC2012_val_00012300_n03929660,target_4dB,4,CL,V_decision,logp_true_k10,-11.677585799479857
67,n03950228/ILSVRC2012_val_00019039_n03950228,target_4dB,4,CL,V_decision,logp_true_k10,-9.584500035251645
68,n03977966/ILSVRC2012_val_00027383_n03977966,target_4dB,4,CL,V_decision,logp_true_k10,-8.077043672490012
69,n03983396/ILSVRC2012_val_00012891_n03983396,target_4dB,4,CL,V_decision,logp_true_k10,-7.902487828121896
70,n04044716/ILSVRC2012_val_00039752_n04044716,target_4dB,4,CL,V_decision,logp_true_k10,-12.587427109499307
71,n04067472/ILSVRC2012_val_00007618_n04067472,target_4dB,4,CL,V_decision,logp_true_k10,-6.065367216695449
72,n04111531/ILSVRC2012_val_00013982_n04111531,target_4dB,4,CL,V_decision,logp_true_k10,-8.07552852275694
73,n04131690/ILSVRC2012_val_00002728_n04131690,target_4dB,4,CL,V_decision,logp_true_k10,-11.334305486515708
74,n04153751/ILSVRC2012_val_00008426_n04153751,target_4dB,4,CL,V_decision,logp_true_k10,-11.859342363692122
75,n04204347/ILSVRC2012_val_00018921_n04204347,target_4dB,4,CL,V_decision,logp_true_k10,-11.497932332121612
76,n04235860/ILSVRC2012_val_00004033_n04235860,target_4dB,4,CL,V_decision,logp_true_k10,-6.547037509929699
77,n04252077/ILSVRC2012_val_00012989_n04252077,target_4dB,4,CL,V_decision,logp_true_k10,-7.100152677471972
78,n04310018/ILSVRC2012_val_00003156_n04310018,target_4dB,4,CL,V_decision,logp_true_k10,-6.703049294833666
79,n04328186/ILSVRC2012_val_00014795_n04328186,target_4dB,4,CL,V_decision,logp_true_k10,-11.39543089287084
80,n04346328/ILSVRC2012_val_00003305_n04346328,target_4dB,4,CL,V_decision,logp_true_k10,-7.239614115871518
81,n04357314/ILSVRC2012_val_00009430_n04357314,target_4dB,4,CL,V_decision,logp_true_k10,-7.8028904191887705
82,n04371774/ILSVRC2012_val_00030870_n04371774,target_4dB,4,CL,V_decision,logp_true_k10,-7.452070104947779
83,n04392985/ILSVRC2012_val_00029362_n04392985,target_4dB,4,CL,V_decision,logp_true_k10,-8.91102647082395
84,n04456115/ILSVRC2012_val_00002331_n04456115,target_4dB,4,CL,V_decision,logp_true_k10,-9.03790263541911
85,n04485082/ILSVRC2012_val_00000955_n04485082,target_4dB,4,CL,V_decision,logp_true_k10,-7.854518283890987
86,n04515003/ILSVRC2012_val_00002400_n04515003,target_4dB,4,CL,V_decision,logp_true_k10,-9.69575416439026
87,n04540053/ILSVRC2012_val_00007665_n04540053,target_4dB,4,CL,V_decision,logp_true_k10,-7.864240933025333
88,n04560804/ILSVRC2012_val_00029830_n04560804,target_4dB,4,CL,V_decision,logp_true_k10,-6.167543329986984
89,n04596742/ILSVRC2012_val_00007608_n04596742,target_4dB,4,CL,V_decision,logp_true_k10,-8.113571859146154
90,n07583066/ILSVRC2012_val_00001378_n07583066,target_4dB,4,CL,V_decision,logp_true_k10,-7.0261475874437265
91,n07590611/ILSVRC2012_val_00030972_n07590611,target_4dB,4,CL,V_decision,logp_true_k10,-6.0193469501039845
92,n07714990/ILSVRC2012_val_00008416_n07714990,target_4dB,4,CL,V_decision,logp_true_k10,-7.816014684533002
93,n07716906/ILSVRC2012_val_00011140_n07716906,target_4dB,4,CL,V_decision,logp_true_k10,-8.644045243461733
94,n07720875/ILSVRC2012_val_00000423_n07720875,target_4dB,4,CL,V_decision,logp_true_k10,-9.678393432754092
95,n07860988/ILSVRC2012_val_00010848_n07860988,target_4dB,4,CL,V_decision,logp_true_k10,-6.841708957001781
96,n09288635/ILSVRC2012_val_00001270_n09288635,target_4dB,4,CL,V_decision,logp_true_k10,-9.377915828355375
97,n09468604/ILSVRC2012_val_00030741_n09468604,target_4dB,4,CL,V_decision,logp_true_k10,-7.18508076802694
98,n11939491/ILSVRC2012_val_00034896_n11939491,target_4dB,4,CL,V_decision,logp_true_k10,-7.5116924188182566
99,n15075141/ILSVRC2012_val_00005846_n15075141,target_4dB,4,CL,V_decision,logp_true_k10,-8.264989580286056
0,n01440764/ILSVRC2012_val_00003014_n01440764,target_4dB,4,CL,V_decision,entropy_k10,2.3643340986650534
1,n01601694/ILSVRC2012_val_00021656_n01601694,target_4dB,4,CL,V_decision,entropy_k10,3.334460037774855
2,n01664065/ILSVRC2012_val_00014316_n01664065,target_4dB,4,CL,V_decision,entropy_k10,2.658700423277159
3,n01689811/ILSVRC2012_val_00020598_n01689811,target_4dB,4,CL,V_decision,entropy_k10,2.4881884684406006
4,n01735189/ILSVRC2012_val_00006699_n01735189,target_4dB,4,CL,V_decision,entropy_k10,2.7324529816676133
5,n01744401/ILSVRC2012_val_00032663_n01744401,target_4dB,4,CL,V_decision,entropy_k10,3.848150381820212
6,n01751748/ILSVRC2012_val_00033157_n01751748,target_4dB,4,CL,V_decision,entropy_k10,3.559403556879096
7,n01775062/ILSVRC2012_val_00036589_n01775062,target_4dB,4,CL,V_decision,entropy_k10,2.4989509196071764
8,n01843383/ILSVRC2012_val_00005901_n01843383,target_4dB,4,CL,V_decision,entropy_k10,2.396558814411534
9,n01860187/ILSVRC2012_val_00021594_n01860187,target_4dB,4,CL,V_decision,entropy_k10,2.7268866422353892
10,n01882714/ILSVRC2012_val_00019996_n01882714,target_4dB,4,CL,V_decision,entropy_k10,2.632470756999595
11,n01943899/ILSVRC2012_val_00005706_n01943899,target_4dB,4,CL,V_decision,entropy_k10,2.952808825465256
12,n01955084/ILSVRC2012_val_00001857_n01955084,target_4dB,4,CL,V_decision,entropy_k10,2.3639772836588695
13,n01983481/ILSVRC2012_val_00019856_n01983481,target_4dB,4,CL,V_decision,entropy_k10,2.3307113808135047
14,n02013706/ILSVRC2012_val_00003168_n02013706,target_4dB,4,CL,V_decision,entropy_k10,2.152468238130676
15,n02027492/ILSVRC2012_val_00007524_n02027492,target_4dB,4,CL,V_decision,entropy_k10,2.7821370700017205
16,n02088094/ILSVRC2012_val_00005507_n02088094,target_4dB,4,CL,V_decision,entropy_k10,2.553263994907556
17,n02090622/ILSVRC2012_val_00006265_n02090622,target_4dB,4,CL,V_decision,entropy_k10,2.757422257399755
18,n02096177/ILSVRC2012_val_00019083_n02096177,target_4dB,4,CL,V_decision,entropy_k10,3.0536701843117755
19,n02098286/ILSVRC2012_val_00038253_n02098286,target_4dB,4,CL,V_decision,entropy_k10,2.81015651582667
20,n02102480/ILSVRC2012_val_00010261_n02102480,target_4dB,4,CL,V_decision,entropy_k10,3.1479383395305445
21,n02105641/ILSVRC2012_val_00018762_n02105641,target_4dB,4,CL,V_decision,entropy_k10,2.6391851681654668
22,n02106550/ILSVRC2012_val_00014315_n02106550,target_4dB,4,CL,V_decision,entropy_k10,2.2300279311495332
23,n02107683/ILSVRC2012_val_00010786_n02107683,target_4dB,4,CL,V_decision,entropy_k10,3.1014092707909042
24,n02110806/ILSVRC2012_val_00030364_n02110806,target_4dB,4,CL,V_decision,entropy_k10,2.2890314472017326
25,n02113799/ILSVRC2012_val_00007866_n02113799,target_4dB,4,CL,V_decision,entropy_k10,2.7854201698896053
26,n02123159/ILSVRC2012_val_00025723_n02123159,target_4dB,4,CL,V_decision,entropy_k10,2.542710108359423
27,n02134084/ILSVRC2012_val_00020332_n02134084,target_4dB,4,CL,V_decision,entropy_k10,3.2881365049229463
28,n02168699/ILSVRC2012_val_00040132_n02168699,target_4dB,4,CL,V_decision,entropy_k10,3.4554052534144755
29,n02233338/ILSVRC2012_val_00016160_n02233338,target_4dB,4,CL,V_decision,entropy_k10,2.8285208412297096
30,n02264363/ILSVRC2012_val_00027803_n02264363,target_4dB,4,CL,V_decision,entropy_k10,3.4403477493244856
31,n02277742/ILSVRC2012_val_00015608_n02277742,target_4dB,4,CL,V_decision,entropy_k10,2.6799975465377357
32,n02325366/ILSVRC2012_val_00024858_n02325366,target_4dB,4,CL,V_decision,entropy_k10,2.303678798572567
33,n02398521/ILSVRC2012_val_00018354_n02398521,target_4dB,4,CL,V_decision,entropy_k10,3.030341408248797
34,n02410509/ILSVRC2012_val_00022568_n02410509,target_4dB,4,CL,V_decision,entropy_k10,2.9401557529853775
35,n02437312/ILSVRC2012_val_00006245_n02437312,target_4dB,4,CL,V_decision,entropy_k10,2.8231218859584772
36,n02486410/ILSVRC2012_val_00009799_n02486410,target_4dB,4,CL,V_decision,entropy_k10,2.9827764334520404
37,n02509815/ILSVRC2012_val_00014423_n02509815,target_4dB,4,CL,V_decision,entropy_k10,2.7966806153071833
38,n02708093/ILSVRC2012_val_00024690_n02708093,target_4dB,4,CL,V_decision,entropy_k10,2.502445686197028
39,n02776631/ILSVRC2012_val_00028186_n02776631,target_4dB,4,CL,V_decision,entropy_k10,2.257373675676904
40,n02788148/ILSVRC2012_val_00012264_n02788148,target_4dB,4,CL,V_decision,entropy_k10,2.4060513636508385
41,n02834397/ILSVRC2012_val_00010741_n02834397,target_4dB,4,CL,V_decision,entropy_k10,3.013422656723545
42,n02841315/ILSVRC2012_val_00014601_n02841315,target_4dB,4,CL,V_decision,entropy_k10,2.599041130485561
43,n02910353/ILSVRC2012_val_00017543_n02910353,target_4dB,4,CL,V_decision,entropy_k10,2.751046824836267
44,n02951585/ILSVRC2012_val_00008336_n02951585,target_4dB,4,CL,V_decision,entropy_k10,3.4204709854889987
45,n02980441/ILSVRC2012_val_00023472_n02980441,target_4dB,4,CL,V_decision,entropy_k10,2.926135126236803
46,n03028079/ILSVRC2012_val_00031446_n03028079,target_4dB,4,CL,V_decision,entropy_k10,2.750937630505066
47,n03109150/ILSVRC2012_val_00032588_n03109150,target_4dB,4,CL,V_decision,entropy_k10,3.131773235036968
48,n03127747/ILSVRC2012_val_00003732_n03127747,target_4dB,4,CL,V_decision,entropy_k10,2.5697239488017964
49,n03220513/ILSVRC2012_val_00006359_n03220513,target_4dB,4,CL,V_decision,entropy_k10,2.8583650585889906
50,n03372029/ILSVRC2012_val_00034937_n03372029,target_4dB,4,CL,V_decision,entropy_k10,2.317177696412501
51,n03388549/ILSVRC2012_val_00022928_n03388549,target_4dB,4,CL,V_decision,entropy_k10,2.582433020918986
52,n03424325/ILSVRC2012_val_00006147_n03424325,target_4dB,4,CL,V_decision,entropy_k10,2.2505028608407116
53,n03447721/ILSVRC2012_val_00006942_n03447721,target_4dB,4,CL,V_decision,entropy_k10,2.1091821346622157
54,n03485794/ILSVRC2012_val_00010782_n03485794,target_4dB,4,CL,V_decision,entropy_k10,3.033590839736561
55,n03527444/ILSVRC2012_val_00035251_n03527444,target_4dB,4,CL,V_decision,entropy_k10,2.7265760912429484
56,n03584254/ILSVRC2012_val_00016384_n03584254,target_4dB,4,CL,V_decision,entropy_k10,2.854948260298361
57,n03623198/ILSVRC2012_val_00019928_n03623198,target_4dB,4,CL,V_decision,entropy_k10,2.656351281349337
58,n03657121/ILSVRC2012_val_00000359_n03657121,target_4dB,4,CL,V_decision,entropy_k10,2.460040249117645
59,n03706229/ILSVRC2012_val_00017460_n03706229,target_4dB,4,CL,V_decision,entropy_k10,2.3354480508066677
60,n03759954/ILSVRC2012_val_00010804_n03759954,target_4dB,4,CL,V_decision,entropy_k10,2.050283451151224
61,n03775071/ILSVRC2012_val_00002420_n03775071,target_4dB,4,CL,V_decision,entropy_k10,3.232594215255267
62,n03782006/ILSVRC2012_val_00004758_n03782006,target_4dB,4,CL,V_decision,entropy_k10,2.687379721023472
63,n03796401/ILSVRC2012_val_00025827_n03796401,target_4dB,4,CL,V_decision,entropy_k10,2.6101626697830915
64,n03866082/ILSVRC2012_val_00003554_n03866082,target_4dB,4,CL,V_decision,entropy_k10,2.7592371368561284
65,n03876231/ILSVRC2012_val_00022714_n03876231,target_4dB,4,CL,V_decision,entropy_k10,2.675192473259757
66,n03929660/ILSVRC2012_val_00012300_n03929660,target_4dB,4,CL,V_decision,entropy_k10,3.707515384486534
67,n03950228/ILSVRC2012_val_00019039_n03950228,target_4dB,4,CL,V_decision,entropy_k10,3.1430465601137585
68,n03977966/ILSVRC2012_val_00027383_n03977966,target_4dB,4,CL,V_decision,entropy_k10,2.246890691132483
69,n03983396/ILSVRC2012_val_00012891_n03983396,target_4dB,4,CL,V_decision,entropy_k10,2.6858282531878483
70,n04044716/ILSVRC2012_val_00039752_n04044716,target_4dB,4,CL,V_decision,entropy_k10,3.076841095757228
71,n04067472/ILSVRC2012_val_00007618_n04067472,target_4dB,4,CL,V_decision,entropy_k10,2.4278023207067583
72,n04111531/ILSVRC2012_val_00013982_n04111531,target_4dB,4,CL,V_decision,entropy_k10,2.948834034709614
73,n04131690/ILSVRC2012_val_00002728_n04131690,target_4dB,4,CL,V_decision,entropy_k10,2.783497266713931
74,n04153751/ILSVRC2012_val_00008426_n04153751,target_4dB,4,CL,V_decision,entropy_k10,3.6629009800762957
75,n04204347/ILSVRC2012_val_00018921_n04204347,target_4dB,4,CL,V_decision,entropy_k10,2.9979775856850357
76,n04235860/ILSVRC2012_val_00004033_n04235860,target_4dB,4,CL,V_decision,entropy_k10,2.6714755816196303
77,n04252077/ILSVRC2012_val_00012989_n04252077,target_4dB,4,CL,V_decision,entropy_k10,2.7206419819940706
78,n04310018/ILSVRC2012_val_00003156_n04310018,target_4dB,4,CL,V_decision,entropy_k10,2.508572127190267
79,n04328186/ILSVRC2012_val_00014795_n04328186,target_4dB,4,CL,V_decision,entropy_k10,2.9525213433750133
80,n04346328/ILSVRC2012_val_00003305_n04346328,target_4dB,4,CL,V_decision,entropy_k10,2.7382314824819574
81,n04357314/ILSVRC2012_val_00009430_n04357314,target_4dB,4,CL,V_decision,entropy_k10,2.5301798183761846
82,n04371774/ILSVRC2012_val_00030870_n04371774,target_4dB,4,CL,V_decision,entropy_k10,2.8277034168708544
83,n04392985/ILSVRC2012_val_00029362_n04392985,target_4dB,4,CL,V_decision,entropy_k10,2.707887311289229
84,n04456115/ILSVRC2012_val_00002331_n04456115,target_4dB,4,CL,V_decision,entropy_k10,2.6023036695137183
85,n04485082/ILSVRC2012_val_00000955_n04485082,target_4dB,4,CL,V_decision,entropy_k10,2.3440901236213345
86,n04515003/ILSVRC2012_val_00002400_n04515003,target_4dB,4,CL,V_decision,entropy_k10,2.1058139979225
87,n04540053/ILSVRC2012_val_00007665_n04540053,target_4dB,4,CL,V_decision,entropy_k10,2.1625230050584054
88,n04560804/ILSVRC2012_val_00029830_n04560804,target_4dB,4,CL,V_decision,entropy_k10,1.9223103530464376
89,n04596742/ILSVRC2012_val_00007608_n04596742,target_4dB,4,CL,V_decision,entropy_k10,2.4496615702140203
90,n07583066/ILSVRC2012_val_00001378_n07583066,target_4dB,4,CL,V_decision,entropy_k10,2.546968389397209
91,n07590611/ILSVRC2012_val_00030972_n07590611,target_4dB,4,CL,V_decision,entropy_k10,2.1215751275141277
92,n07714990/ILSVRC2012_val_00008416_n07714990,target_4dB,4,CL,V_decision,entropy_k10,2.5715909830388974
93,n07716906/ILSVRC2012_val_00011140_n07716906,target_4dB,4,CL,V_decision,entropy_k10,2.8568269841259113
94,n07720875/ILSVRC2012_val_00000423_n07720875,target_4dB,4,CL,V_decision,entropy_k10,2.8434018338050713
95,n07860988/ILSVRC2012_val_00010848_n07860988,target_4dB,4,CL,V_decision,entropy_k10,2.4337903416320894
96,n09288635/ILSVRC2012_val_00001270_n09288635,target_4dB,4,CL,V_decision,entropy_k10,3.286163361856097
97,n09468604/ILSVRC2012_val_00030741_n09468604,target_4dB,4,CL,V_decision,entropy_k10,3.0256787232514832
98,n11939491/ILSVRC2012_val_00034896_n11939491,target_4dB,4,CL,V_decision,entropy_k10,2.38264969569462
99,n15075141/ILSVRC2012_val_00005846_n15075141,target_4dB,4,CL,V_decision,entropy_k10,2.7272633412552025
0,n01440764/ILSVRC2012_val_00003014_n01440764,target_4dB,4,CL,V_decision,path_accuracy_k10,0.12630208333333334
1,n01601694/ILSVRC2012_val_00021656_n01601694,target_4dB,4,CL,V_decision,path_accuracy_k10,0.06770833333333333
2,n01664065/ILSVRC2012_val_00014316_n01664065,target_4dB,4,CL,V_decision,path_accuracy_k10,0.1171875
3,n01689811/ILSVRC2012_val_00020598_n01689811,target_4dB,4,CL,V_decision,path_accuracy_k10,0.140625
4,n01735189/ILSVRC2012_val_00006699_n01735189,target_4dB,4,CL,V_decision,path_accuracy_k10,0.109375
5,n01744401/ILSVRC2012_val_00032663_n01744401,target_4dB,4,CL,V_decision,path_accuracy_k10,0.044270833333333336
6,n01751748/ILSVRC2012_val_00033157_n01751748,target_4dB,4,CL,V_decision,path_accuracy_k10,0.049479166666666664
7,n01775062/ILSVRC2012_val_00036589_n01775062,target_4dB,4,CL,V_decision,path_accuracy_k10,0.12239583333333333
8,n01843383/ILSVRC2012_val_00005901_n01843383,target_4dB,4,CL,V_decision,path_accuracy_k10,0.12239583333333333
9,n01860187/ILSVRC2012_val_00021594_n01860187,target_4dB,4,CL,V_decision,path_accuracy_k10,0.10546875
10,n01882714/ILSVRC2012_val_00019996_n01882714,target_4dB,4,CL,V_decision,path_accuracy_k10,0.061197916666666664
11,n01943899/ILSVRC2012_val_00005706_n01943899,target_4dB,4,CL,V_decision,path_accuracy_k10,0.09244791666666667
12,n01955084/ILSVRC2012_val_00001857_n01955084,target_4dB,4,CL,V_decision,path_accuracy_k10,0.10807291666666667
13,n01983481/ILSVRC2012_val_00019856_n01983481,target_4dB,4,CL,V_decision,path_accuracy_k10,0.12109375
14,n02013706/ILSVRC2012_val_00003168_n02013706,target_4dB,4,CL,V_decision,path_accuracy_k10,0.13020833333333334
15,n02027492/ILSVRC2012_val_00007524_n02027492,target_4dB,4,CL,V_decision,path_accuracy_k10,0.0859375
16,n02088094/ILSVRC2012_val_00005507_n02088094,target_4dB,4,CL,V_decision,path_accuracy_k10,0.09895833333333333
17,n02090622/ILSVRC2012_val_00006265_n02090622,target_4dB,4,CL,V_decision,path_accuracy_k10,0.10286458333333333
18,n02096177/ILSVRC2012_val_00019083_n02096177,target_4dB,4,CL,V_decision,path_accuracy_k10,0.0546875
19,n02098286/ILSVRC2012_val_00038253_n02098286,target_4dB,4,CL,V_decision,path_accuracy_k10,0.0625
20,n02102480/ILSVRC2012_val_00010261_n02102480,target_4dB,4,CL,V_decision,path_accuracy_k10,0.041666666666666664
21,n02105641/ILSVRC2012_val_00018762_n02105641,target_4dB,4,CL,V_decision,path_accuracy_k10,0.11328125
22,n02106550/ILSVRC2012_val_00014315_n02106550,target_4dB,4,CL,V_decision,path_accuracy_k10,0.12239583333333333
23,n02107683/ILSVRC2012_val_00010786_n02107683,target_4dB,4,CL,V_decision,path_accuracy_k10,0.0703125
24,n02110806/ILSVRC2012_val_00030364_n02110806,target_4dB,4,CL,V_decision,path_accuracy_k10,0.12239583333333333
25,n02113799/ILSVRC2012_val_00007866_n02113799,target_4dB,4,CL,V_decision,path_accuracy_k10,0.08072916666666667
26,n02123159/ILSVRC2012_val_00025723_n02123159,target_4dB,4,CL,V_decision,path_accuracy_k10,0.11067708333333333
27,n02134084/ILSVRC2012_val_00020332_n02134084,target_4dB,4,CL,V_decision,path_accuracy_k10,0.0546875
28,n02168699/ILSVRC2012_val_00040132_n02168699,target_4dB,4,CL,V_decision,path_accuracy_k10,0.06510416666666667
29,n02233338/ILSVRC2012_val_00016160_n02233338,target_4dB,4,CL,V_decision,path_accuracy_k10,0.07161458333333333
30,n02264363/ILSVRC2012_val_00027803_n02264363,target_4dB,4,CL,V_decision,path_accuracy_k10,0.033854166666666664
31,n02277742/ILSVRC2012_val_00015608_n02277742,target_4dB,4,CL,V_decision,path_accuracy_k10,0.12630208333333334
32,n02325366/ILSVRC2012_val_00024858_n02325366,target_4dB,4,CL,V_decision,path_accuracy_k10,0.13151041666666666
33,n02398521/ILSVRC2012_val_00018354_n02398521,target_4dB,4,CL,V_decision,path_accuracy_k10,0.08723958333333333
34,n02410509/ILSVRC2012_val_00022568_n02410509,target_4dB,4,CL,V_decision,path_accuracy_k10,0.055989583333333336
35,n02437312/ILSVRC2012_val_00006245_n02437312,target_4dB,4,CL,V_decision,path_accuracy_k10,0.1015625
36,n02486410/ILSVRC2012_val_00009799_n02486410,target_4dB,4,CL,V_decision,path_accuracy_k10,0.08463541666666667
37,n02509815/ILSVRC2012_val_00014423_n02509815,target_4dB,4,CL,V_decision,path_accuracy_k10,0.07161458333333333
38,n02708093/ILSVRC2012_val_00024690_n02708093,target_4dB,4,CL,V_decision,path_accuracy_k10,0.08984375
39,n02776631/ILSVRC2012_val_00028186_n02776631,target_4dB,4,CL,V_decision,path_accuracy_k10,0.10416666666666667
40,n02788148/ILSVRC2012_val_00012264_n02788148,target_4dB,4,CL,V_decision,path_accuracy_k10,0.08072916666666667
41,n02834397/ILSVRC2012_val_00010741_n02834397,target_4dB,4,CL,V_decision,path_accuracy_k10,0.048177083333333336
42,n02841315/ILSVRC2012_val_00014601_n02841315,target_4dB,4,CL,V_decision,path_accuracy_k10,0.08984375
43,n02910353/ILSVRC2012_val_00017543_n02910353,target_4dB,4,CL,V_decision,path_accuracy_k10,0.08723958333333333
44,n02951585/ILSVRC2012_val_00008336_n02951585,target_4dB,4,CL,V_decision,path_accuracy_k10,0.052083333333333336
45,n02980441/ILSVRC2012_val_00023472_n02980441,target_4dB,4,CL,V_decision,path_accuracy_k10,0.07942708333333333
46,n03028079/ILSVRC2012_val_00031446_n03028079,target_4dB,4,CL,V_decision,path_accuracy_k10,0.08984375
47,n03109150/ILSVRC2012_val_00032588_n03109150,target_4dB,4,CL,V_decision,path_accuracy_k10,0.048177083333333336
48,n03127747/ILSVRC2012_val_00003732_n03127747,target_4dB,4,CL,V_decision,path_accuracy_k10,0.08463541666666667
49,n03220513/ILSVRC2012_val_00006359_n03220513,target_4dB,4,CL,V_decision,path_accuracy_k10,0.07291666666666667
50,n03372029/ILSVRC2012_val_00034937_n03372029,target_4dB,4,CL,V_decision,path_accuracy_k10,0.10546875
51,n03388549/ILSVRC2012_val_00022928_n03388549,target_4dB,4,CL,V_decision,path_accuracy_k10,0.07552083333333333
52,n03424325/ILSVRC2012_val_00006147_n03424325,target_4dB,4,CL,V_decision,path_accuracy_k10,0.09895833333333333
53,n03447721/ILSVRC2012_val_00006942_n03447721,target_4dB,4,CL,V_decision,path_accuracy_k10,0.17317708333333334
54,n03485794/ILSVRC2012_val_00010782_n03485794,target_4dB,4,CL,V_decision,path_accuracy_k10,0.061197916666666664
55,n03527444/ILSVRC2012_val_00035251_n03527444,target_4dB,4,CL,V_decision,path_accuracy_k10,0.07291666666666667
56,n03584254/ILSVRC2012_val_00016384_n03584254,target_4dB,4,CL,V_decision,path_accuracy_k10,0.022135416666666668
57,n03623198/ILSVRC2012_val_00019928_n03623198,target_4dB,4,CL,V_decision,path_accuracy_k10,0.036458333333333336
58,n03657121/ILSVRC2012_val_00000359_n03657121,target_4dB,4,CL,V_decision,path_accuracy_k10,0.0703125
59,n03706229/ILSVRC2012_val_00017460_n03706229,target_4dB,4,CL,V_decision,path_accuracy_k10,0.015625
60,n03759954/ILSVRC2012_val_00010804_n03759954,target_4dB,4,CL,V_decision,path_accuracy_k10,0.17057291666666666
61,n03775071/ILSVRC2012_val_00002420_n03775071,target_4dB,4,CL,V_decision,path_accuracy_k10,0.020833333333333332
62,n03782006/ILSVRC2012_val_00004758_n03782006,target_4dB,4,CL,V_decision,path_accuracy_k10,0.08203125
63,n03796401/ILSVRC2012_val_00025827_n03796401,target_4dB,4,CL,V_decision,path_accuracy_k10,0.06510416666666667
64,n03866082/ILSVRC2012_val_00003554_n03866082,target_4dB,4,CL,V_decision,path_accuracy_k10,0.08463541666666667
65,n03876231/ILSVRC2012_val_00022714_n03876231,target_4dB,4,CL,V_decision,path_accuracy_k10,0.049479166666666664
66,n03929660/ILSVRC2012_val_00012300_n03929660,target_4dB,4,CL,V_decision,path_accuracy_k10,0.0234375
67,n03950228/ILSVRC2012_val_00019039_n03950228,target_4dB,4,CL,V_decision,path_accuracy_k10,0.052083333333333336
68,n03977966/ILSVRC2012_val_00027383_n03977966,target_4dB,4,CL,V_decision,path_accuracy_k10,0.1015625
69,n03983396/ILSVRC2012_val_00012891_n03983396,target_4dB,4,CL,V_decision,path_accuracy_k10,0.1015625
70,n04044716/ILSVRC2012_val_00039752_n04044716,target_4dB,4,CL,V_decision,path_accuracy_k10,0.040364583333333336
71,n04067472/ILSVRC2012_val_00007618_n04067472,target_4dB,4,CL,V_decision,path_accuracy_k10,0.12890625
72,n04111531/ILSVRC2012_val_00013982_n04111531,target_4dB,4,CL,V_decision,path_accuracy_k10,0.06901041666666667
73,n04131690/ILSVRC2012_val_00002728_n04131690,target_4dB,4,CL,V_decision,path_accuracy_k10,0.052083333333333336
74,n04153751/ILSVRC2012_val_00008426_n04153751,target_4dB,4,CL,V_decision,path_accuracy_k10,0.041666666666666664
75,n04204347/ILSVRC2012_val_00018921_n04204347,target_4dB,4,CL,V_decision,path_accuracy_k10,0.05078125
76,n04235860/ILSVRC2012_val_00004033_n04235860,target_4dB,4,CL,V_decision,path_accuracy_k10,0.09635416666666667
77,n04252077/ILSVRC2012_val_00012989_n04252077,target_4dB,4,CL,V_decision,path_accuracy_k10,0.08854166666666667
78,n04310018/ILSVRC2012_val_00003156_n04310018,target_4dB,4,CL,V_decision,path_accuracy_k10,0.11197916666666667
79,n04328186/ILSVRC2012_val_00014795_n04328186,target_4dB,4,CL,V_decision,path_accuracy_k10,0.048177083333333336
80,n04346328/ILSVRC2012_val_00003305_n04346328,target_4dB,4,CL,V_decision,path_accuracy_k10,0.08333333333333333
81,n04357314/ILSVRC2012_val_00009430_n04357314,target_4dB,4,CL,V_decision,path_accuracy_k10,0.09244791666666667
82,n04371774/ILSVRC2012_val_00030870_n04371774,target_4dB,4,CL,V_decision,path_accuracy_k10,0.08723958333333333
83,n04392985/ILSVRC2012_val_00029362_n04392985,target_4dB,4,CL,V_decision,path_accuracy_k10,0.06640625
84,n04456115/ILSVRC2012_val_00002331_n04456115,target_4dB,4,CL,V_decision,path_accuracy_k10,0.08333333333333333
85,n04485082/ILSVRC2012_val_00000955_n04485082,target_4dB,4,CL,V_decision,path_accuracy_k10,0.09114583333333333
86,n04515003/ILSVRC2012_val_00002400_n04515003,target_4dB,4,CL,V_decision,path_accuracy_k10,0.09895833333333333
87,n04540053/ILSVRC2012_val_00007665_n04540053,target_4dB,4,CL,V_decision,path_accuracy_k10,0.11067708333333333
88,n04560804/ILSVRC2012_val_00029830_n04560804,target_4dB,4,CL,V_decision,path_accuracy_k10,0.17708333333333334
89,n04596742/ILSVRC2012_val_00007608_n04596742,target_4dB,4,CL,V_decision,path_accuracy_k10,0.09635416666666667
90,n07583066/ILSVRC2012_val_00001378_n07583066,target_4dB,4,CL,V_decision,path_accuracy_k10,0.08984375
91,n07590611/ILSVRC2012_val_00030972_n07590611,target_4dB,4,CL,V_decision,path_accuracy_k10,0.15885416666666666
92,n07714990/ILSVRC2012_val_00008416_n07714990,target_4dB,4,CL,V_decision,path_accuracy_k10,0.10286458333333333
93,n07716906/ILSVRC2012_val_00011140_n07716906,target_4dB,4,CL,V_decision,path_accuracy_k10,0.05078125
94,n07720875/ILSVRC2012_val_00000423_n07720875,target_4dB,4,CL,V_decision,path_accuracy_k10,0.05859375
95,n07860988/ILSVRC2012_val_00010848_n07860988,target_4dB,4,CL,V_decision,path_accuracy_k10,0.11067708333333333
96,n09288635/ILSVRC2012_val_00001270_n09288635,target_4dB,4,CL,V_decision,path_accuracy_k10,0.053385416666666664
97,n09468604/ILSVRC2012_val_00030741_n09468604,target_4dB,4,CL,V_decision,path_accuracy_k10,0.0703125
98,n11939491/ILSVRC2012_val_00034896_n11939491,target_4dB,4,CL,V_decision,path_accuracy_k10,0.10286458333333333
99,n15075141/ILSVRC2012_val_00005846_n15075141,target_4dB,4,CL,V_decision,path_accuracy_k10,0.09765625
0,n01440764/ILSVRC2012_val_00003014_n01440764,target_4dB,4,CL,V_decision,latent_squared_error,4812.131562273118
1,n01601694/ILSVRC2012_val_00021656_n01601694,target_4dB,4,CL,V_decision,latent_squared_error,2538.308102137944
2,n01664065/ILSVRC2012_val_00014316_n01664065,target_4dB,4,CL,V_decision,latent_squared_error,4724.918935368213
3,n01689811/ILSVRC2012_val_00020598_n01689811,target_4dB,4,CL,V_decision,latent_squared_error,4317.823409808233
4,n01735189/ILSVRC2012_val_00006699_n01735189,target_4dB,4,CL,V_decision,latent_squared_error,3415.430552359349
5,n01744401/ILSVRC2012_val_00032663_n01744401,target_4dB,4,CL,V_decision,latent_squared_error,1984.2635597509177
6,n01751748/ILSVRC2012_val_00033157_n01751748,target_4dB,4,CL,V_decision,latent_squared_error,2511.9479377891316
7,n01775062/ILSVRC2012_val_00036589_n01775062,target_4dB,4,CL,V_decision,latent_squared_error,4671.497664425658
8,n01843383/ILSVRC2012_val_00005901_n01843383,target_4dB,4,CL,V_decision,latent_squared_error,5340.099682228324
9,n01860187/ILSVRC2012_val_00021594_n01860187,target_4dB,4,CL,V_decision,latent_squared_error,3936.6025796955823
10,n01882714/ILSVRC2012_val_00019996_n01882714,target_4dB,4,CL,V_decision,latent_squared_error,3316.674436593817
11,n01943899/ILSVRC2012_val_00005706_n01943899,target_4dB,4,CL,V_decision,latent_squared_error,2959.6043879005556
12,n01955084/ILSVRC2012_val_00001857_n01955084,target_4dB,4,CL,V_decision,latent_squared_error,3950.5200296883245
13,n01983481/ILSVRC2012_val_00019856_n01983481,target_4dB,4,CL,V_decision,latent_squared_error,4328.876863592128
14,n02013706/ILSVRC2012_val_00003168_n02013706,target_4dB,4,CL,V_decision,latent_squared_error,4473.00844789677
15,n02027492/ILSVRC2012_val_00007524_n02027492,target_4dB,4,CL,V_decision,latent_squared_error,2734.431205834599
16,n02088094/ILSVRC2012_val_00005507_n02088094,target_4dB,4,CL,V_decision,latent_squared_error,3482.4421274320753
17,n02090622/ILSVRC2012_val_00006265_n02090622,target_4dB,4,CL,V_decision,latent_squared_error,3626.3895122052922
18,n02096177/ILSVRC2012_val_00019083_n02096177,target_4dB,4,CL,V_decision,latent_squared_error,2497.436845172469
19,n02098286/ILSVRC2012_val_00038253_n02098286,target_4dB,4,CL,V_decision,latent_squared_error,2287.739066644051
20,n02102480/ILSVRC2012_val_00010261_n02102480,target_4dB,4,CL,V_decision,latent_squared_error,1980.6655911064754
21,n02105641/ILSVRC2012_val_00018762_n02105641,target_4dB,4,CL,V_decision,latent_squared_error,3552.107093011105
22,n02106550/ILSVRC2012_val_00014315_n02106550,target_4dB,4,CL,V_decision,latent_squared_error,4136.145960346949
23,n02107683/ILSVRC2012_val_00010786_n02107683,target_4dB,4,CL,V_decision,latent_squared_error,2460.467331395435
24,n02110806/ILSVRC2012_val_00030364_n02110806,target_4dB,4,CL,V_decision,latent_squared_error,4367.360879812885
25,n02113799/ILSVRC2012_val_00007866_n02113799,target_4dB,4,CL,V_decision,latent_squared_error,3072.894551755268
26,n02123159/ILSVRC2012_val_00025723_n02123159,target_4dB,4,CL,V_decision,latent_squared_error,4106.058247092189
27,n02134084/ILSVRC2012_val_00020332_n02134084,target_4dB,4,CL,V_decision,latent_squared_error,2578.165465499693
28,n02168699/ILSVRC2012_val_00040132_n02168699,target_4dB,4,CL,V_decision,latent_squared_error,2390.900342606567
29,n02233338/ILSVRC2012_val_00016160_n02233338,target_4dB,4,CL,V_decision,latent_squared_error,3545.0794193835986
30,n02264363/ILSVRC2012_val_00027803_n02264363,target_4dB,4,CL,V_decision,latent_squared_error,1795.249177934791
31,n02277742/ILSVRC2012_val_00015608_n02277742,target_4dB,4,CL,V_decision,latent_squared_error,4633.718650943593
32,n02325366/ILSVRC2012_val_00024858_n02325366,target_4dB,4,CL,V_decision,latent_squared_error,4748.383375896402
33,n02398521/ILSVRC2012_val_00018354_n02398521,target_4dB,4,CL,V_decision,latent_squared_error,3181.190168210274
34,n02410509/ILSVRC2012_val_00022568_n02410509,target_4dB,4,CL,V_decision,latent_squared_error,2457.5574374416638
35,n02437312/ILSVRC2012_val_00006245_n02437312,target_4dB,4,CL,V_decision,latent_squared_error,3658.984930483386
36,n02486410/ILSVRC2012_val_00009799_n02486410,target_4dB,4,CL,V_decision,latent_squared_error,2725.7030329812223
37,n02509815/ILSVRC2012_val_00014423_n02509815,target_4dB,4,CL,V_decision,latent_squared_error,2749.217263960203
38,n02708093/ILSVRC2012_val_00024690_n02708093,target_4dB,4,CL,V_decision,latent_squared_error,2424.0246228452556
39,n02776631/ILSVRC2012_val_00028186_n02776631,target_4dB,4,CL,V_decision,latent_squared_error,3518.203615720045
40,n02788148/ILSVRC2012_val_00012264_n02788148,target_4dB,4,CL,V_decision,latent_squared_error,2787.040767776376
41,n02834397/ILSVRC2012_val_00010741_n02834397,target_4dB,4,CL,V_decision,latent_squared_error,2250.076682367168
42,n02841315/ILSVRC2012_val_00014601_n02841315,target_4dB,4,CL,V_decision,latent_squared_error,2863.643340225192
43,n02910353/ILSVRC2012_val_00017543_n02910353,target_4dB,4,CL,V_decision,latent_squared_error,3349.190018248423
44,n02951585/ILSVRC2012_val_00008336_n02951585,target_4dB,4,CL,V_decision,latent_squared_error,2372.7893590442923
45,n02980441/ILSVRC2012_val_00023472_n02980441,target_4dB,4,CL,V_decision,latent_squared_error,2529.8617686126463
46,n03028079/ILSVRC2012_val_00031446_n03028079,target_4dB,4,CL,V_decision,latent_squared_error,2904.842498220592
47,n03109150/ILSVRC2012_val_00032588_n03109150,target_4dB,4,CL,V_decision,latent_squared_error,2192.614219848109
48,n03127747/ILSVRC2012_val_00003732_n03127747,target_4dB,4,CL,V_decision,latent_squared_error,3156.9634276760057
49,n03220513/ILSVRC2012_val_00006359_n03220513,target_4dB,4,CL,V_decision,latent_squared_error,2645.7507604730895
50,n03372029/ILSVRC2012_val_00034937_n03372029,target_4dB,4,CL,V_decision,latent_squared_error,3611.356699181293
51,n03388549/ILSVRC2012_val_00022928_n03388549,target_4dB,4,CL,V_decision,latent_squared_error,3027.655497144214
52,n03424325/ILSVRC2012_val_00006147_n03424325,target_4dB,4,CL,V_decision,latent_squared_error,3397.405330114956
53,n03447721/ILSVRC2012_val_00006942_n03447721,target_4dB,4,CL,V_decision,latent_squared_error,5047.015365144137
54,n03485794/ILSVRC2012_val_00010782_n03485794,target_4dB,4,CL,V_decision,latent_squared_error,2532.1260015281373
55,n03527444/ILSVRC2012_val_00035251_n03527444,target_4dB,4,CL,V_decision,latent_squared_error,3135.4827500120196
56,n03584254/ILSVRC2012_val_00016384_n03584254,target_4dB,4,CL,V_decision,latent_squared_error,925.2015793901406
57,n03623198/ILSVRC2012_val_00019928_n03623198,target_4dB,4,CL,V_decision,latent_squared_error,1216.466650531738
58,n03657121/ILSVRC2012_val_00000359_n03657121,target_4dB,4,CL,V_decision,latent_squared_error,1081.868050633336
59,n03706229/ILSVRC2012_val_00017460_n03706229,target_4dB,4,CL,V_decision,latent_squared_error,1666.0438511522968
60,n03759954/ILSVRC2012_val_00010804_n03759954,target_4dB,4,CL,V_decision,latent_squared_error,6623.796268941477
61,n03775071/ILSVRC2012_val_00002420_n03775071,target_4dB,4,CL,V_decision,latent_squared_error,1762.9261042453406
62,n03782006/ILSVRC2012_val_00004758_n03782006,target_4dB,4,CL,V_decision,latent_squared_error,2282.4381862626637
63,n03796401/ILSVRC2012_val_00025827_n03796401,target_4dB,4,CL,V_decision,latent_squared_error,3149.8768892665744
64,n03866082/ILSVRC2012_val_00003554_n03866082,target_4dB,4,CL,V_decision,latent_squared_error,3142.128500853065
65,n03876231/ILSVRC2012_val_00022714_n03876231,target_4dB,4,CL,V_decision,latent_squared_error,2073.4122519583448
66,n03929660/ILSVRC2012_val_00012300_n03929660,target_4dB,4,CL,V_decision,latent_squared_error,1588.0068763150182
67,n03950228/ILSVRC2012_val_00019039_n03950228,target_4dB,4,CL,V_decision,latent_squared_error,2321.0845448653895
68,n03977966/ILSVRC2012_val_00027383_n03977966,target_4dB,4,CL,V_decision,latent_squared_error,3676.922416729849
69,n03983396/ILSVRC2012_val_00012891_n03983396,target_4dB,4,CL,V_decision,latent_squared_error,3012.8413839375376
70,n04044716/ILSVRC2012_val_00039752_n04044716,target_4dB,4,CL,V_decision,latent_squared_error,1595.387549256745
71,n04067472/ILSVRC2012_val_00007618_n04067472,target_4dB,4,CL,V_decision,latent_squared_error,4427.862992257097
72,n04111531/ILSVRC2012_val_00013982_n04111531,target_4dB,4,CL,V_decision,latent_squared_error,2900.7602842993897
73,n04131690/ILSVRC2012_val_00002728_n04131690,target_4dB,4,CL,V_decision,latent_squared_error,2267.546970470053
74,n04153751/ILSVRC2012_val_00008426_n04153751,target_4dB,4,CL,V_decision,latent_squared_error,1277.849911374428
75,n04204347/ILSVRC2012_val_00018921_n04204347,target_4dB,4,CL,V_decision,latent_squared_error,2089.661352166253
76,n04235860/ILSVRC2012_val_00004033_n04235860,target_4dB,4,CL,V_decision,latent_squared_error,3665.514228921944
77,n04252077/ILSVRC2012_val_00012989_n04252077,target_4dB,4,CL,V_decision,latent_squared_error,3766.1311049980472
78,n04310018/ILSVRC2012_val_00003156_n04310018,target_4dB,4,CL,V_decision,latent_squared_error,4185.791507040671
79,n04328186/ILSVRC2012_val_00014795_n04328186,target_4dB,4,CL,V_decision,latent_squared_error,1976.9316815568798
80,n04346328/ILSVRC2012_val_00003305_n04346328,target_4dB,4,CL,V_decision,latent_squared_error,3531.801808989398
81,n04357314/ILSVRC2012_val_00009430_n04357314,target_4dB,4,CL,V_decision,latent_squared_error,3115.105176127514
82,n04371774/ILSVRC2012_val_00030870_n04371774,target_4dB,4,CL,V_decision,latent_squared_error,3153.4868991942517
83,n04392985/ILSVRC2012_val_00029362_n04392985,target_4dB,4,CL,V_decision,latent_squared_error,2907.9816214532652
84,n04456115/ILSVRC2012_val_00002331_n04456115,target_4dB,4,CL,V_decision,latent_squared_error,3850.709522981944
85,n04485082/ILSVRC2012_val_00000955_n04485082,target_4dB,4,CL,V_decision,latent_squared_error,3589.9626346521636
86,n04515003/ILSVRC2012_val_00002400_n04515003,target_4dB,4,CL,V_decision,latent_squared_error,2276.217196136198
87,n04540053/ILSVRC2012_val_00007665_n04540053,target_4dB,4,CL,V_decision,latent_squared_error,3784.716068694493
88,n04560804/ILSVRC2012_val_00029830_n04560804,target_4dB,4,CL,V_decision,latent_squared_error,4883.683741794706
89,n04596742/ILSVRC2012_val_00007608_n04596742,target_4dB,4,CL,V_decision,latent_squared_error,3364.8723980823997
90,n07583066/ILSVRC2012_val_00001378_n07583066,target_4dB,4,CL,V_decision,latent_squared_error,3825.771071951458
91,n07590611/ILSVRC2012_val_00030972_n07590611,target_4dB,4,CL,V_decision,latent_squared_error,5292.261865863856
92,n07714990/ILSVRC2012_val_00008416_n07714990,target_4dB,4,CL,V_decision,latent_squared_error,3351.082681471022
93,n07716906/ILSVRC2012_val_00011140_n07716906,target_4dB,4,CL,V_decision,latent_squared_error,2506.2936414952733
94,n07720875/ILSVRC2012_val_00000423_n07720875,target_4dB,4,CL,V_decision,latent_squared_error,2415.4560305558302
95,n07860988/ILSVRC2012_val_00010848_n07860988,target_4dB,4,CL,V_decision,latent_squared_error,3716.9083577196398
96,n09288635/ILSVRC2012_val_00001270_n09288635,target_4dB,4,CL,V_decision,latent_squared_error,2338.2499146317587
97,n09468604/ILSVRC2012_val_00030741_n09468604,target_4dB,4,CL,V_decision,latent_squared_error,3058.625639037394
98,n11939491/ILSVRC2012_val_00034896_n11939491,target_4dB,4,CL,V_decision,latent_squared_error,3472.119230248547
99,n15075141/ILSVRC2012_val_00005846_n15075141,target_4dB,4,CL,V_decision,latent_squared_error,3434.4198883457607
0,n01440764/ILSVRC2012_val_00003014_n01440764,target_4dB,4,CL,V_decision,fused_latent_squared_error,1807.3633882967451
1,n01601694/ILSVRC2012_val_00021656_n01601694,target_4dB,4,CL,V_decision,fused_latent_squared_error,1452.2149918941748
2,n01664065/ILSVRC2012_val_00014316_n01664065,target_4dB,4,CL,V_decision,fused_latent_squared_error,1838.9270921394818
3,n01689811/ILSVRC2012_val_00020598_n01689811,target_4dB,4,CL,V_decision,fused_latent_squared_error,1775.3639368187469
4,n01735189/ILSVRC2012_val_00006699_n01735189,target_4dB,4,CL,V_decision,fused_latent_squared_error,1648.3886279556475
5,n01744401/ILSVRC2012_val_00032663_n01744401,target_4dB,4,CL,V_decision,fused_latent_squared_error,1398.3491742058286
6,n01751748/ILSVRC2012_val_00033157_n01751748,target_4dB,4,CL,V_decision,fused_latent_squared_error,1497.2587013344457
7,n01775062/ILSVRC2012_val_00036589_n01775062,target_4dB,4,CL,V_decision,fused_latent_squared_error,1817.7255620278722
8,n01843383/ILSVRC2012_val_00005901_n01843383,target_4dB,4,CL,V_decision,fused_latent_squared_error,1895.580622716044
9,n01860187/ILSVRC2012_val_00021594_n01860187,target_4dB,4,CL,V_decision,fused_latent_squared_error,1712.7870080795594
10,n01882714/ILSVRC2012_val_00019996_n01882714,target_4dB,4,CL,V_decision,fused_latent_squared_error,1578.3623498954937
11,n01943899/ILSVRC2012_val_00005706_n01943899,target_4dB,4,CL,V_decision,fused_latent_squared_error,1544.6216343775313
12,n01955084/ILSVRC2012_val_00001857_n01955084,target_4dB,4,CL,V_decision,fused_latent_squared_error,1652.389505627876
13,n01983481/ILSVRC2012_val_00019856_n01983481,target_4dB,4,CL,V_decision,fused_latent_squared_error,1763.9387778206217
14,n02013706/ILSVRC2012_val_00003168_n02013706,target_4dB,4,CL,V_decision,fused_latent_squared_error,1663.300151868142
15,n02027492/ILSVRC2012_val_00007524_n02027492,target_4dB,4,CL,V_decision,fused_latent_squared_error,1470.9242396230366
16,n02088094/ILSVRC2012_val_00005507_n02088094,target_4dB,4,CL,V_decision,fused_latent_squared_error,1604.7337318972056
17,n02090622/ILSVRC2012_val_00006265_n02090622,target_4dB,4,CL,V_decision,fused_latent_squared_error,1652.8780552982596
18,n02096177/ILSVRC2012_val_00019083_n02096177,target_4dB,4,CL,V_decision,fused_latent_squared_error,1444.0144787553834
19,n02098286/ILSVRC2012_val_00038253_n02098286,target_4dB,4,CL,V_decision,fused_latent_squared_error,1382.5430235958793
20,n02102480/ILSVRC2012_val_00010261_n02102480,target_4dB,4,CL,V_decision,fused_latent_squared_error,1345.6676092186142
21,n02105641/ILSVRC2012_val_00018762_n02105641,target_4dB,4,CL,V_decision,fused_latent_squared_error,1618.3948114581278
22,n02106550/ILSVRC2012_val_00014315_n02106550,target_4dB,4,CL,V_decision,fused_latent_squared_error,1701.4621740839782
23,n02107683/ILSVRC2012_val_00010786_n02107683,target_4dB,4,CL,V_decision,fused_latent_squared_error,1450.8588191801803
24,n02110806/ILSVRC2012_val_00030364_n02110806,target_4dB,4,CL,V_decision,fused_latent_squared_error,1758.038208969143
25,n02113799/ILSVRC2012_val_00007866_n02113799,target_4dB,4,CL,V_decision,fused_latent_squared_error,1524.722515989455
26,n02123159/ILSVRC2012_val_00025723_n02123159,target_4dB,4,CL,V_decision,fused_latent_squared_error,1717.2256501144338
27,n02134084/ILSVRC2012_val_00020332_n02134084,target_4dB,4,CL,V_decision,fused_latent_squared_error,1480.4054459972751
28,n02168699/ILSVRC2012_val_00040132_n02168699,target_4dB,4,CL,V_decision,fused_latent_squared_error,1444.4220634297292
29,n02233338/ILSVRC2012_val_00016160_n02233338,target_4dB,4,CL,V_decision,fused_latent_squared_error,1653.9838722008078
30,n02264363/ILSVRC2012_val_00027803_n02264363,target_4dB,4,CL,V_decision,fused_latent_squared_error,1300.2728836777792
31,n02277742/ILSVRC2012_val_00015608_n02277742,target_4dB,4,CL,V_decision,fused_latent_squared_error,1794.2124760538338
32,n02325366/ILSVRC2012_val_00024858_n02325366,target_4dB,4,CL,V_decision,fused_latent_squared_error,1803.3122969385686
33,n02398521/ILSVRC2012_val_00018354_n02398521,target_4dB,4,CL,V_decision,fused_latent_squared_error,1600.0775383096104
34,n02410509/ILSVRC2012_val_00022568_n02410509,target_4dB,4,CL,V_decision,fused_latent_squared_error,1433.1324897627153
35,n02437312/ILSVRC2012_val_00006245_n02437312,target_4dB,4,CL,V_decision,fused_latent_squared_error,1660.3380783608693
36,n02486410/ILSVRC2012_val_00009799_n02486410,target_4dB,4,CL,V_decision,fused_latent_squared_error,1468.5443394833128
37,n02509815/ILSVRC2012_val_00014423_n02509815,target_4dB,4,CL,V_decision,fused_latent_squared_error,1496.2103845851882
38,n02708093/ILSVRC2012_val_00024690_n02708093,target_4dB,4,CL,V_decision,fused_latent_squared_error,1419.8756753420055
39,n02776631/ILSVRC2012_val_00028186_n02776631,target_4dB,4,CL,V_decision,fused_latent_squared_error,1609.6559567096854
40,n02788148/ILSVRC2012_val_00012264_n02788148,target_4dB,4,CL,V_decision,fused_latent_squared_error,1490.648143286113
41,n02834397/ILSVRC2012_val_00010741_n02834397,target_4dB,4,CL,V_decision,fused_latent_squared_error,1394.418990970161
42,n02841315/ILSVRC2012_val_00014601_n02841315,target_4dB,4,CL,V_decision,fused_latent_squared_error,1515.2493519109228
43,n02910353/ILSVRC2012_val_00017543_n02910353,target_4dB,4,CL,V_decision,fused_latent_squared_error,1602.353139659306
44,n02951585/ILSVRC2012_val_00008336_n02951585,target_4dB,4,CL,V_decision,fused_latent_squared_error,1478.5016595315574
45,n02980441/ILSVRC2012_val_00023472_n02980441,target_4dB,4,CL,V_decision,fused_latent_squared_error,1457.105583641923
46,n03028079/ILSVRC2012_val_00031446_n03028079,target_4dB,4,CL,V_decision,fused_latent_squared_error,1493.4850852054176
47,n03109150/ILSVRC2012_val_00032588_n03109150,target_4dB,4,CL,V_decision,fused_latent_squared_error,1388.9308983008316
48,n03127747/ILSVRC2012_val_00003732_n03127747,target_4dB,4,CL,V_decision,fused_latent_squared_error,1532.389122237358
49,n03220513/ILSVRC2012_val_00006359_n03220513,target_4dB,4,CL,V_decision,fused_latent_squared_error,1458.9061844268192
50,n03372029/ILSVRC2012_val_00034937_n03372029,target_4dB,4,CL,V_decision,fused_latent_squared_error,1644.171058027261
51,n03388549/ILSVRC2012_val_00022928_n03388549,target_4dB,4,CL,V_decision,fused_latent_squared_error,1537.6376057881937
52,n03424325/ILSVRC2012_val_00006147_n03424325,target_4dB,4,CL,V_decision,fused_latent_squared_error,1554.264015763854
53,n03447721/ILSVRC2012_val_00006942_n03447721,target_4dB,4,CL,V_decision,fused_latent_squared_error,1833.8815141152038
54,n03485794/ILSVRC2012_val_00010782_n03485794,target_4dB,4,CL,V_decision,fused_latent_squared_error,1427.7218312166872
55,n03527444/ILSVRC2012_val_00035251_n03527444,target_4dB,4,CL,V_decision,fused_latent_squared_error,1516.1681688779147
56,n03584254/ILSVRC2012_val_00016384_n03584254,target_4dB,4,CL,V_decision,fused_latent_squared_error,1038.4364182713643
57,n03623198/ILSVRC2012_val_00019928_n03623198,target_4dB,4,CL,V_decision,fused_latent_squared_error,1135.8422464208913
58,n03657121/ILSVRC2012_val_00000359_n03657121,target_4dB,4,CL,V_decision,fused_latent_squared_error,1084.834285928108
59,n03706229/ILSVRC2012_val_00017460_n03706229,target_4dB,4,CL,V_decision,fused_latent_squared_error,1235.4718905056468
60,n03759954/ILSVRC2012_val_00010804_n03759954,target_4dB,4,CL,V_decision,fused_latent_squared_error,2094.4719508439725
61,n03775071/ILSVRC2012_val_00002420_n03775071,target_4dB,4,CL,V_decision,fused_latent_squared_error,1307.6627665927338
62,n03782006/ILSVRC2012_val_00004758_n03782006,target_4dB,4,CL,V_decision,fused_latent_squared_error,1409.1791826400192
63,n03796401/ILSVRC2012_val_00025827_n03796401,target_4dB,4,CL,V_decision,fused_latent_squared_error,1542.8806060751003
64,n03866082/ILSVRC2012_val_00003554_n03866082,target_4dB,4,CL,V_decision,fused_latent_squared_error,1558.8492281845472
65,n03876231/ILSVRC2012_val_00022714_n03876231,target_4dB,4,CL,V_decision,fused_latent_squared_error,1357.8399341328789
66,n03929660/ILSVRC2012_val_00012300_n03929660,target_4dB,4,CL,V_decision,fused_latent_squared_error,1265.2624735643976
67,n03950228/ILSVRC2012_val_00019039_n03950228,target_4dB,4,CL,V_decision,fused_latent_squared_error,1432.0887454165925
68,n03977966/ILSVRC2012_val_00027383_n03977966,target_4dB,4,CL,V_decision,fused_latent_squared_error,1586.4766153190867
69,n03983396/ILSVRC2012_val_00012891_n03983396,target_4dB,4,CL,V_decision,fused_latent_squared_error,1542.0247205295134
70,n04044716/ILSVRC2012_val_00039752_n04044716,target_4dB,4,CL,V_decision,fused_latent_squared_error,1256.9192533347316
71,n04067472/ILSVRC2012_val_00007618_n04067472,target_4dB,4,CL,V_decision,fused_latent_squared_error,1741.6669052367488
72,n04111531/ILSVRC2012_val_00013982_n04111531,target_4dB,4,CL,V_decision,fused_latent_squared_error,1527.0622610943276
73,n04131690/ILSVRC2012_val_00002728_n04131690,target_4dB,4,CL,V_decision,fused_latent_squared_error,1395.8394216804234
74,n04153751/ILSVRC2012_val_00008426_n04153751,target_4dB,4,CL,V_decision,fused_latent_squared_error,1178.452350630452
75,n04204347/ILSVRC2012_val_00018921_n04204347,target_4dB,4,CL,V_decision,fused_latent_squared_error,1329.2259070011817
76,n04235860/ILSVRC2012_val_00004033_n04235860,target_4dB,4,CL,V_decision,fused_latent_squared_error,1657.5095965321989
77,n04252077/ILSVRC2012_val_00012989_n04252077,target_4dB,4,CL,V_decision,fused_latent_squared_error,1642.242724885941
78,n04310018/ILSVRC2012_val_00003156_n04310018,target_4dB,4,CL,V_decision,fused_latent_squared_error,1725.8847671238402
79,n04328186/ILSVRC2012_val_00014795_n04328186,target_4dB,4,CL,V_decision,fused_latent_squared_error,1319.1357938725941
80,n04346328/ILSVRC2012_val_00003305_n04346328,target_4dB,4,CL,V_decision,fused_latent_squared_error,1622.0351257623272
81,n04357314/ILSVRC2012_val_00009430_n04357314,target_4dB,4,CL,V_decision,fused_latent_squared_error,1542.7344446150555
82,n04371774/ILSVRC2012_val_00030870_n04371774,target_4dB,4,CL,V_decision,fused_latent_squared_error,1576.648204977712
83,n04392985/ILSVRC2012_val_00029362_n04392985,target_4dB,4,CL,V_decision,fused_latent_squared_error,1508.0877799483071
84,n04456115/ILSVRC2012_val_00002331_n04456115,target_4dB,4,CL,V_decision,fused_latent_squared_error,1611.5549619032845
85,n04485082/ILSVRC2012_val_00000955_n04485082,target_4dB,4,CL,V_decision,fused_latent_squared_error,1610.36866064725
86,n04515003/ILSVRC2012_val_00002400_n04515003,target_4dB,4,CL,V_decision,fused_latent_squared_error,1354.3962918159548
87,n04540053/ILSVRC2012_val_00007665_n04540053,target_4dB,4,CL,V_decision,fused_latent_squared_error,1619.128240279123
88,n04560804/ILSVRC2012_val_00029830_n04560804,target_4dB,4,CL,V_decision,fused_latent_squared_error,1786.781785448243
89,n04596742/ILSVRC2012_val_00007608_n04596742,target_4dB,4,CL,V_decision,fused_latent_squared_error,1581.3677571004255
90,n07583066/ILSVRC2012_val_00001378_n07583066,target_4dB,4,CL,V_decision,fused_latent_squared_error,1693.1792947437868
91,n07590611/ILSVRC2012_val_00030972_n07590611,target_4dB,4,CL,V_decision,fused_latent_squared_error,1887.1269746657533
92,n07714990/ILSVRC2012_val_00008416_n07714990,target_4dB,4,CL,V_decision,fused_latent_squared_error,1585.5813900632022
93,n07716906/ILSVRC2012_val_00011140_n07716906,target_4dB,4,CL,V_decision,fused_latent_squared_error,1459.5626888545676
94,n07720875/ILSVRC2012_val_00000423_n07720875,target_4dB,4,CL,V_decision,fused_latent_squared_error,1432.6115704989404
95,n07860988/ILSVRC2012_val_00010848_n07860988,target_4dB,4,CL,V_decision,fused_latent_squared_error,1657.5399026836876
96,n09288635/ILSVRC2012_val_00001270_n09288635,target_4dB,4,CL,V_decision,fused_latent_squared_error,1439.9335506261625
97,n09468604/ILSVRC2012_val_00030741_n09468604,target_4dB,4,CL,V_decision,fused_latent_squared_error,1573.4677823538489
98,n11939491/ILSVRC2012_val_00034896_n11939491,target_4dB,4,CL,V_decision,fused_latent_squared_error,1587.3269976717838
99,n15075141/ILSVRC2012_val_00005846_n15075141,target_4dB,4,CL,V_decision,fused_latent_squared_error,1582.6481679968044
0,n01440764/ILSVRC2012_val_00003014_n01440764,target_4dB,4,CL,V_decision,token_image_psnr_db,15.151182174682617
1,n01601694/ILSVRC2012_val_00021656_n01601694,target_4dB,4,CL,V_decision,token_image_psnr_db,20.85846455891927
2,n01664065/ILSVRC2012_val_00014316_n01664065,target_4dB,4,CL,V_decision,token_image_psnr_db,17.15914471944173
3,n01689811/ILSVRC2012_val_00020598_n01689811,target_4dB,4,CL,V_decision,token_image_psnr_db,16.125153223673504
4,n01735189/ILSVRC2012_val_00006699_n01735189,target_4dB,4,CL,V_decision,token_image_psnr_db,17.905677795410156
5,n01744401/ILSVRC2012_val_00032663_n01744401,target_4dB,4,CL,V_decision,token_image_psnr_db,22.591454188028973
6,n01751748/ILSVRC2012_val_00033157_n01751748,target_4dB,4,CL,V_decision,token_image_psnr_db,22.38012631734212
7,n01775062/ILSVRC2012_val_00036589_n01775062,target_4dB,4,CL,V_decision,token_image_psnr_db,15.655265808105469
8,n01843383/ILSVRC2012_val_00005901_n01843383,target_4dB,4,CL,V_decision,token_image_psnr_db,16.33892758687337
9,n01860187/ILSVRC2012_val_00021594_n01860187,target_4dB,4,CL,V_decision,token_image_psnr_db,17.164167404174805
10,n01882714/ILSVRC2012_val_00019996_n01882714,target_4dB,4,CL,V_decision,token_image_psnr_db,18.357659657796223
11,n01943899/ILSVRC2012_val_00005706_n01943899,target_4dB,4,CL,V_decision,token_image_psnr_db,17.56371561686198
12,n01955084/ILSVRC2012_val_00001857_n01955084,target_4dB,4,CL,V_decision,token_image_psnr_db,19.42836634318034
13,n01983481/ILSVRC2012_val_00019856_n01983481,target_4dB,4,CL,V_decision,token_image_psnr_db,18.98834482828776
14,n02013706/ILSVRC2012_val_00003168_n02013706,target_4dB,4,CL,V_decision,token_image_psnr_db,16.131184895833332
15,n02027492/ILSVRC2012_val_00007524_n02027492,target_4dB,4,CL,V_decision,token_image_psnr_db,24.095298131306965
16,n02088094/ILSVRC2012_val_00005507_n02088094,target_4dB,4,CL,V_decision,token_image_psnr_db,17.533196131388348
17,n02090622/ILSVRC2012_val_00006265_n02090622,target_4dB,4,CL,V_decision,token_image_psnr_db,16.224667231241863
18,n02096177/ILSVRC2012_val_00019083_n02096177,target_4dB,4,CL,V_decision,token_image_psnr_db,20.71312967936198
19,n02098286/ILSVRC2012_val_00038253_n02098286,target_4dB,4,CL,V_decision,token_image_psnr_db,20.424975713094074
20,n02102480/ILSVRC2012_val_00010261_n02102480,target_4dB,4,CL,V_decision,token_image_psnr_db,21.383434295654297
21,n02105641/ILSVRC2012_val_00018762_n02105641,target_4dB,4,CL,V_decision,token_image_psnr_db,18.501736958821613
22,n02106550/ILSVRC2012_val_00014315_n02106550,target_4dB,4,CL,V_decision,token_image_psnr_db,18.269447962443035
23,n02107683/ILSVRC2012_val_00010786_n02107683,target_4dB,4,CL,V_decision,token_image_psnr_db,22.876605987548828
24,n02110806/ILSVRC2012_val_00030364_n02110806,target_4dB,4,CL,V_decision,token_image_psnr_db,18.081836064656574
25,n02113799/ILSVRC2012_val_00007866_n02113799,target_4dB,4,CL,V_decision,token_image_psnr_db,19.0387700398763
26,n02123159/ILSVRC2012_val_00025723_n02123159,target_4dB,4,CL,V_decision,token_image_psnr_db,16.84895960489909
27,n02134084/ILSVRC2012_val_00020332_n02134084,target_4dB,4,CL,V_decision,token_image_psnr_db,22.18767738342285
28,n02168699/ILSVRC2012_val_00040132_n02168699,target_4dB,4,CL,V_decision,token_image_psnr_db,19.407166798909504
29,n02233338/ILSVRC2012_val_00016160_n02233338,target_4dB,4,CL,V_decision,token_image_psnr_db,20.362677256266277
30,n02264363/ILSVRC2012_val_00027803_n02264363,target_4dB,4,CL,V_decision,token_image_psnr_db,26.006296157836914
31,n02277742/ILSVRC2012_val_00015608_n02277742,target_4dB,4,CL,V_decision,token_image_psnr_db,16.323462804158527
32,n02325366/ILSVRC2012_val_00024858_n02325366,target_4dB,4,CL,V_decision,token_image_psnr_db,19.61807123819987
33,n02398521/ILSVRC2012_val_00018354_n02398521,target_4dB,4,CL,V_decision,token_image_psnr_db,19.676156997680664
34,n02410509/ILSVRC2012_val_00022568_n02410509,target_4dB,4,CL,V_decision,token_image_psnr_db,18.990467071533203
35,n02437312/ILSVRC2012_val_00006245_n02437312,target_4dB,4,CL,V_decision,token_image_psnr_db,16.331615447998047
36,n02486410/ILSVRC2012_val_00009799_n02486410,target_4dB,4,CL,V_decision,token_image_psnr_db,20.98448435465495
37,n02509815/ILSVRC2012_val_00014423_n02509815,target_4dB,4,CL,V_decision,token_image_psnr_db,20.001059850056965
38,n02708093/ILSVRC2012_val_00024690_n02708093,target_4dB,4,CL,V_decision,token_image_psnr_db,19.574167887369793
39,n02776631/ILSVRC2012_val_00028186_n02776631,target_4dB,4,CL,V_decision,token_image_psnr_db,17.207979202270508
40,n02788148/ILSVRC2012_val_00012264_n02788148,target_4dB,4,CL,V_decision,token_image_psnr_db,19.978549321492512
41,n02834397/ILSVRC2012_val_00010741_n02834397,target_4dB,4,CL,V_decision,token_image_psnr_db,20.37190310160319
42,n02841315/ILSVRC2012_val_00014601_n02841315,target_4dB,4,CL,V_decision,token_image_psnr_db,18.065890630086262
43,n02910353/ILSVRC2012_val_00017543_n02910353,target_4dB,4,CL,V_decision,token_image_psnr_db,17.388529459635418
44,n02951585/ILSVRC2012_val_00008336_n02951585,target_4dB,4,CL,V_decision,token_image_psnr_db,22.821537653605144
45,n02980441/ILSVRC2012_val_00023472_n02980441,target_4dB,4,CL,V_decision,token_image_psnr_db,22.261773427327473
46,n03028079/ILSVRC2012_val_00031446_n03028079,target_4dB,4,CL,V_decision,token_image_psnr_db,22.958581288655598
47,n03109150/ILSVRC2012_val_00032588_n03109150,target_4dB,4,CL,V_decision,token_image_psnr_db,19.456039428710938
48,n03127747/ILSVRC2012_val_00003732_n03127747,target_4dB,4,CL,V_decision,token_image_psnr_db,17.823877334594727
49,n03220513/ILSVRC2012_val_00006359_n03220513,target_4dB,4,CL,V_decision,token_image_psnr_db,19.167404810587566
50,n03372029/ILSVRC2012_val_00034937_n03372029,target_4dB,4,CL,V_decision,token_image_psnr_db,18.156462987263996
51,n03388549/ILSVRC2012_val_00022928_n03388549,target_4dB,4,CL,V_decision,token_image_psnr_db,20.11252212524414
52,n03424325/ILSVRC2012_val_00006147_n03424325,target_4dB,4,CL,V_decision,token_image_psnr_db,17.772106806437176
53,n03447721/ILSVRC2012_val_00006942_n03447721,target_4dB,4,CL,V_decision,token_image_psnr_db,18.75167401631673
54,n03485794/ILSVRC2012_val_00010782_n03485794,target_4dB,4,CL,V_decision,token_image_psnr_db,21.119415918986004
55,n03527444/ILSVRC2012_val_00035251_n03527444,target_4dB,4,CL,V_decision,token_image_psnr_db,18.17184321085612
56,n03584254/ILSVRC2012_val_00016384_n03584254,target_4dB,4,CL,V_decision,token_image_psnr_db,15.864582697550455
57,n03623198/ILSVRC2012_val_00019928_n03623198,target_4dB,4,CL,V_decision,token_image_psnr_db,21.017031987508137
58,n03657121/ILSVRC2012_val_00000359_n03657121,target_4dB,4,CL,V_decision,token_image_psnr_db,18.550886154174805
59,n03706229/ILSVRC2012_val_00017460_n03706229,target_4dB,4,CL,V_decision,token_image_psnr_db,15.1545623143514
60,n03759954/ILSVRC2012_val_00010804_n03759954,target_4dB,4,CL,V_decision,token_image_psnr_db,16.32456398010254
61,n03775071/ILSVRC2012_val_00002420_n03775071,target_4dB,4,CL,V_decision,token_image_psnr_db,19.041587829589844
62,n03782006/ILSVRC2012_val_00004758_n03782006,target_4dB,4,CL,V_decision,token_image_psnr_db,20.792523701985676
63,n03796401/ILSVRC2012_val_00025827_n03796401,target_4dB,4,CL,V_decision,token_image_psnr_db,20.12981351216634
64,n03866082/ILSVRC2012_val_00003554_n03866082,target_4dB,4,CL,V_decision,token_image_psnr_db,22.81580098470052
65,n03876231/ILSVRC2012_val_00022714_n03876231,target_4dB,4,CL,V_decision,token_image_psnr_db,21.85166358947754
66,n03929660/ILSVRC2012_val_00012300_n03929660,target_4dB,4,CL,V_decision,token_image_psnr_db,23.176515579223633
67,n03950228/ILSVRC2012_val_00019039_n03950228,target_4dB,4,CL,V_decision,token_image_psnr_db,21.792111078898113
68,n03977966/ILSVRC2012_val_00027383_n03977966,target_4dB,4,CL,V_decision,token_image_psnr_db,18.327407836914062
69,n03983396/ILSVRC2012_val_00012891_n03983396,target_4dB,4,CL,V_decision,token_image_psnr_db,21.954456329345703
70,n04044716/ILSVRC2012_val_00039752_n04044716,target_4dB,4,CL,V_decision,token_image_psnr_db,25.98250452677409
71,n04067472/ILSVRC2012_val_00007618_n04067472,target_4dB,4,CL,V_decision,token_image_psnr_db,18.009005864461262
72,n04111531/ILSVRC2012_val_00013982_n04111531,target_4dB,4,CL,V_decision,token_image_psnr_db,19.697799682617188
73,n04131690/ILSVRC2012_val_00002728_n04131690,target_4dB,4,CL,V_decision,token_image_psnr_db,22.346284866333008
74,n04153751/ILSVRC2012_val_00008426_n04153751,target_4dB,4,CL,V_decision,token_image_psnr_db,25.40911102294922
75,n04204347/ILSVRC2012_val_00018921_n04204347,target_4dB,4,CL,V_decision,token_image_psnr_db,17.770418167114258
76,n04235860/ILSVRC2012_val_00004033_n04235860,target_4dB,4,CL,V_decision,token_image_psnr_db,19.398595809936523
77,n04252077/ILSVRC2012_val_00012989_n04252077,target_4dB,4,CL,V_decision,token_image_psnr_db,19.56042544047038
78,n04310018/ILSVRC2012_val_00003156_n04310018,target_4dB,4,CL,V_decision,token_image_psnr_db,17.753999710083008
79,n04328186/ILSVRC2012_val_00014795_n04328186,target_4dB,4,CL,V_decision,token_image_psnr_db,15.055018107096354
80,n04346328/ILSVRC2012_val_00003305_n04346328,target_4dB,4,CL,V_decision,token_image_psnr_db,18.675947189331055
81,n04357314/ILSVRC2012_val_00009430_n04357314,target_4dB,4,CL,V_decision,token_image_psnr_db,19.46250279744466
82,n04371774/ILSVRC2012_val_00030870_n04371774,target_4dB,4,CL,V_decision,token_image_psnr_db,18.932596842447918
83,n04392985/ILSVRC2012_val_00029362_n04392985,target_4dB,4,CL,V_decision,token_image_psnr_db,20.195804595947266
84,n04456115/ILSVRC2012_val_00002331_n04456115,target_4dB,4,CL,V_decision,token_image_psnr_db,19.58731524149577
85,n04485082/ILSVRC2012_val_00000955_n04485082,target_4dB,4,CL,V_decision,token_image_psnr_db,18.158877690633137
86,n04515003/ILSVRC2012_val_00002400_n04515003,target_4dB,4,CL,V_decision,token_image_psnr_db,19.778900782267254
87,n04540053/ILSVRC2012_val_00007665_n04540053,target_4dB,4,CL,V_decision,token_image_psnr_db,19.372594197591145
88,n04560804/ILSVRC2012_val_00029830_n04560804,target_4dB,4,CL,V_decision,token_image_psnr_db,18.45113182067871
89,n04596742/ILSVRC2012_val_00007608_n04596742,target_4dB,4,CL,V_decision,token_image_psnr_db,19.827266693115234
90,n07583066/ILSVRC2012_val_00001378_n07583066,target_4dB,4,CL,V_decision,token_image_psnr_db,18.653467178344727
91,n07590611/ILSVRC2012_val_00030972_n07590611,target_4dB,4,CL,V_decision,token_image_psnr_db,18.752660751342773
92,n07714990/ILSVRC2012_val_00008416_n07714990,target_4dB,4,CL,V_decision,token_image_psnr_db,17.643932978312176
93,n07716906/ILSVRC2012_val_00011140_n07716906,target_4dB,4,CL,V_decision,token_image_psnr_db,22.354110717773438
94,n07720875/ILSVRC2012_val_00000423_n07720875,target_4dB,4,CL,V_decision,token_image_psnr_db,19.639609654744465
95,n07860988/ILSVRC2012_val_00010848_n07860988,target_4dB,4,CL,V_decision,token_image_psnr_db,18.346647262573242
96,n09288635/ILSVRC2012_val_00001270_n09288635,target_4dB,4,CL,V_decision,token_image_psnr_db,22.532833735148113
97,n09468604/ILSVRC2012_val_00030741_n09468604,target_4dB,4,CL,V_decision,token_image_psnr_db,17.621265411376953
98,n11939491/ILSVRC2012_val_00034896_n11939491,target_4dB,4,CL,V_decision,token_image_psnr_db,18.920647939046223
99,n15075141/ILSVRC2012_val_00005846_n15075141,target_4dB,4,CL,V_decision,token_image_psnr_db,18.386027654012043
0,n01440764/ILSVRC2012_val_00003014_n01440764,target_4dB,4,CL,V_decision,token_image_lpips_alex,0.18470499416192374
1,n01601694/ILSVRC2012_val_00021656_n01601694,target_4dB,4,CL,V_decision,token_image_lpips_alex,0.16323308646678925
2,n01664065/ILSVRC2012_val_00014316_n01664065,target_4dB,4,CL,V_decision,token_image_lpips_alex,0.27075857917467755
3,n01689811/ILSVRC2012_val_00020598_n01689811,target_4dB,4,CL,V_decision,token_image_lpips_alex,0.1943012277285258
4,n01735189/ILSVRC2012_val_00006699_n01735189,target_4dB,4,CL,V_decision,token_image_lpips_alex,0.23496890564759573
5,n01744401/ILSVRC2012_val_00032663_n01744401,target_4dB,4,CL,V_decision,token_image_lpips_alex,0.20631889005502066
6,n01751748/ILSVRC2012_val_00033157_n01751748,target_4dB,4,CL,V_decision,token_image_lpips_alex,0.24674164752165476
7,n01775062/ILSVRC2012_val_00036589_n01775062,target_4dB,4,CL,V_decision,token_image_lpips_alex,0.25164321064949036
8,n01843383/ILSVRC2012_val_00005901_n01843383,target_4dB,4,CL,V_decision,token_image_lpips_alex,0.21340354780356088
9,n01860187/ILSVRC2012_val_00021594_n01860187,target_4dB,4,CL,V_decision,token_image_lpips_alex,0.19563338160514832
10,n01882714/ILSVRC2012_val_00019996_n01882714,target_4dB,4,CL,V_decision,token_image_lpips_alex,0.2102875163157781
11,n01943899/ILSVRC2012_val_00005706_n01943899,target_4dB,4,CL,V_decision,token_image_lpips_alex,0.22198724746704102
12,n01955084/ILSVRC2012_val_00001857_n01955084,target_4dB,4,CL,V_decision,token_image_lpips_alex,0.24267914394537607
13,n01983481/ILSVRC2012_val_00019856_n01983481,target_4dB,4,CL,V_decision,token_image_lpips_alex,0.21306427816549936
14,n02013706/ILSVRC2012_val_00003168_n02013706,target_4dB,4,CL,V_decision,token_image_lpips_alex,0.1822297622760137
15,n02027492/ILSVRC2012_val_00007524_n02027492,target_4dB,4,CL,V_decision,token_image_lpips_alex,0.15817010402679443
16,n02088094/ILSVRC2012_val_00005507_n02088094,target_4dB,4,CL,V_decision,token_image_lpips_alex,0.21446339786052704
17,n02090622/ILSVRC2012_val_00006265_n02090622,target_4dB,4,CL,V_decision,token_image_lpips_alex,0.20038404067357382
18,n02096177/ILSVRC2012_val_00019083_n02096177,target_4dB,4,CL,V_decision,token_image_lpips_alex,0.17809918026129404
19,n02098286/ILSVRC2012_val_00038253_n02098286,target_4dB,4,CL,V_decision,token_image_lpips_alex,0.1573715110619863
20,n02102480/ILSVRC2012_val_00010261_n02102480,target_4dB,4,CL,V_decision,token_image_lpips_alex,0.11712905516227086
21,n02105641/ILSVRC2012_val_00018762_n02105641,target_4dB,4,CL,V_decision,token_image_lpips_alex,0.21077082057793936
22,n02106550/ILSVRC2012_val_00014315_n02106550,target_4dB,4,CL,V_decision,token_image_lpips_alex,0.1911967694759369
23,n02107683/ILSVRC2012_val_00010786_n02107683,target_4dB,4,CL,V_decision,token_image_lpips_alex,0.19058218598365784
24,n02110806/ILSVRC2012_val_00030364_n02110806,target_4dB,4,CL,V_decision,token_image_lpips_alex,0.1919951985279719
25,n02113799/ILSVRC2012_val_00007866_n02113799,target_4dB,4,CL,V_decision,token_image_lpips_alex,0.21857606867949167
26,n02123159/ILSVRC2012_val_00025723_n02123159,target_4dB,4,CL,V_decision,token_image_lpips_alex,0.22971055408318838
27,n02134084/ILSVRC2012_val_00020332_n02134084,target_4dB,4,CL,V_decision,token_image_lpips_alex,0.1746268073717753
28,n02168699/ILSVRC2012_val_00040132_n02168699,target_4dB,4,CL,V_decision,token_image_lpips_alex,0.1877539704243342
29,n02233338/ILSVRC2012_val_00016160_n02233338,target_4dB,4,CL,V_decision,token_image_lpips_alex,0.18909890949726105
30,n02264363/ILSVRC2012_val_00027803_n02264363,target_4dB,4,CL,V_decision,token_image_lpips_alex,0.1740612785021464
31,n02277742/ILSVRC2012_val_00015608_n02277742,target_4dB,4,CL,V_decision,token_image_lpips_alex,0.20065497358640036
32,n02325366/ILSVRC2012_val_00024858_n02325366,target_4dB,4,CL,V_decision,token_image_lpips_alex,0.18634708722432455
33,n02398521/ILSVRC2012_val_00018354_n02398521,target_4dB,4,CL,V_decision,token_image_lpips_alex,0.1814387838045756
34,n02410509/ILSVRC2012_val_00022568_n02410509,target_4dB,4,CL,V_decision,token_image_lpips_alex,0.18401828408241272
35,n02437312/ILSVRC2012_val_00006245_n02437312,target_4dB,4,CL,V_decision,token_image_lpips_alex,0.2561972935994466
36,n02486410/ILSVRC2012_val_00009799_n02486410,target_4dB,4,CL,V_decision,token_image_lpips_alex,0.15615152815977731
37,n02509815/ILSVRC2012_val_00014423_n02509815,target_4dB,4,CL,V_decision,token_image_lpips_alex,0.19147370755672455
38,n02708093/ILSVRC2012_val_00024690_n02708093,target_4dB,4,CL,V_decision,token_image_lpips_alex,0.22256392240524292
39,n02776631/ILSVRC2012_val_00028186_n02776631,target_4dB,4,CL,V_decision,token_image_lpips_alex,0.21561922629674277
40,n02788148/ILSVRC2012_val_00012264_n02788148,target_4dB,4,CL,V_decision,token_image_lpips_alex,0.1978773126999537
41,n02834397/ILSVRC2012_val_00010741_n02834397,target_4dB,4,CL,V_decision,token_image_lpips_alex,0.19259289900461832
42,n02841315/ILSVRC2012_val_00014601_n02841315,target_4dB,4,CL,V_decision,token_image_lpips_alex,0.19593961040178934
43,n02910353/ILSVRC2012_val_00017543_n02910353,target_4dB,4,CL,V_decision,token_image_lpips_alex,0.20310660700003305
44,n02951585/ILSVRC2012_val_00008336_n02951585,target_4dB,4,CL,V_decision,token_image_lpips_alex,0.16991429527600607
45,n02980441/ILSVRC2012_val_00023472_n02980441,target_4dB,4,CL,V_decision,token_image_lpips_alex,0.19341384371121725
46,n03028079/ILSVRC2012_val_00031446_n03028079,target_4dB,4,CL,V_decision,token_image_lpips_alex,0.1778761794169744
47,n03109150/ILSVRC2012_val_00032588_n03109150,target_4dB,4,CL,V_decision,token_image_lpips_alex,0.19809527695178986
48,n03127747/ILSVRC2012_val_00003732_n03127747,target_4dB,4,CL,V_decision,token_image_lpips_alex,0.15951055785020193
49,n03220513/ILSVRC2012_val_00006359_n03220513,target_4dB,4,CL,V_decision,token_image_lpips_alex,0.20344993472099304
50,n03372029/ILSVRC2012_val_00034937_n03372029,target_4dB,4,CL,V_decision,token_image_lpips_alex,0.19016375641028085
51,n03388549/ILSVRC2012_val_00022928_n03388549,target_4dB,4,CL,V_decision,token_image_lpips_alex,0.2119932323694229
52,n03424325/ILSVRC2012_val_00006147_n03424325,target_4dB,4,CL,V_decision,token_image_lpips_alex,0.19270254174868265
53,n03447721/ILSVRC2012_val_00006942_n03447721,target_4dB,4,CL,V_decision,token_image_lpips_alex,0.1867484450340271
54,n03485794/ILSVRC2012_val_00010782_n03485794,target_4dB,4,CL,V_decision,token_image_lpips_alex,0.1431418110926946
55,n03527444/ILSVRC2012_val_00035251_n03527444,target_4dB,4,CL,V_decision,token_image_lpips_alex,0.20975063741207123
56,n03584254/ILSVRC2012_val_00016384_n03584254,target_4dB,4,CL,V_decision,token_image_lpips_alex,0.24757149815559387
57,n03623198/ILSVRC2012_val_00019928_n03623198,target_4dB,4,CL,V_decision,token_image_lpips_alex,0.14593852559725443
58,n03657121/ILSVRC2012_val_00000359_n03657121,target_4dB,4,CL,V_decision,token_image_lpips_alex,0.15636563549439111
59,n03706229/ILSVRC2012_val_00017460_n03706229,target_4dB,4,CL,V_decision,token_image_lpips_alex,0.20088342825571695
60,n03759954/ILSVRC2012_val_00010804_n03759954,target_4dB,4,CL,V_decision,token_image_lpips_alex,0.19886700809001923
61,n03775071/ILSVRC2012_val_00002420_n03775071,target_4dB,4,CL,V_decision,token_image_lpips_alex,0.19174896677335104
62,n03782006/ILSVRC2012_val_00004758_n03782006,target_4dB,4,CL,V_decision,token_image_lpips_alex,0.17080550889174143
63,n03796401/ILSVRC2012_val_00025827_n03796401,target_4dB,4,CL,V_decision,token_image_lpips_alex,0.19672786196072897
64,n03866082/ILSVRC2012_val_00003554_n03866082,target_4dB,4,CL,V_decision,token_image_lpips_alex,0.17875204980373383
65,n03876231/ILSVRC2012_val_00022714_n03876231,target_4dB,4,CL,V_decision,token_image_lpips_alex,0.16164517402648926
66,n03929660/ILSVRC2012_val_00012300_n03929660,target_4dB,4,CL,V_decision,token_image_lpips_alex,0.1835281898578008
67,n03950228/ILSVRC2012_val_00019039_n03950228,target_4dB,4,CL,V_decision,token_image_lpips_alex,0.21819191674391428
68,n03977966/ILSVRC2012_val_00027383_n03977966,target_4dB,4,CL,V_decision,token_image_lpips_alex,0.18377397457758585
69,n03983396/ILSVRC2012_val_00012891_n03983396,target_4dB,4,CL,V_decision,token_image_lpips_alex,0.18877063194910684
70,n04044716/ILSVRC2012_val_00039752_n04044716,target_4dB,4,CL,V_decision,token_image_lpips_alex,0.18823049465815225
71,n04067472/ILSVRC2012_val_00007618_n04067472,target_4dB,4,CL,V_decision,token_image_lpips_alex,0.20565161108970642
72,n04111531/ILSVRC2012_val_00013982_n04111531,target_4dB,4,CL,V_decision,token_image_lpips_alex,0.23274385929107666
73,n04131690/ILSVRC2012_val_00002728_n04131690,target_4dB,4,CL,V_decision,token_image_lpips_alex,0.21679829557736716
74,n04153751/ILSVRC2012_val_00008426_n04153751,target_4dB,4,CL,V_decision,token_image_lpips_alex,0.0655633807182312
75,n04204347/ILSVRC2012_val_00018921_n04204347,target_4dB,4,CL,V_decision,token_image_lpips_alex,0.21473557750384012
76,n04235860/ILSVRC2012_val_00004033_n04235860,target_4dB,4,CL,V_decision,token_image_lpips_alex,0.19228983422120413
77,n04252077/ILSVRC2012_val_00012989_n04252077,target_4dB,4,CL,V_decision,token_image_lpips_alex,0.2047524700562159
78,n04310018/ILSVRC2012_val_00003156_n04310018,target_4dB,4,CL,V_decision,token_image_lpips_alex,0.21332052846749625
79,n04328186/ILSVRC2012_val_00014795_n04328186,target_4dB,4,CL,V_decision,token_image_lpips_alex,0.18998213609059653
80,n04346328/ILSVRC2012_val_00003305_n04346328,target_4dB,4,CL,V_decision,token_image_lpips_alex,0.21756431460380554
81,n04357314/ILSVRC2012_val_00009430_n04357314,target_4dB,4,CL,V_decision,token_image_lpips_alex,0.20755974451700845
82,n04371774/ILSVRC2012_val_00030870_n04371774,target_4dB,4,CL,V_decision,token_image_lpips_alex,0.21711790561676025
83,n04392985/ILSVRC2012_val_00029362_n04392985,target_4dB,4,CL,V_decision,token_image_lpips_alex,0.19638170301914215
84,n04456115/ILSVRC2012_val_00002331_n04456115,target_4dB,4,CL,V_decision,token_image_lpips_alex,0.23723369340101877
85,n04485082/ILSVRC2012_val_00000955_n04485082,target_4dB,4,CL,V_decision,token_image_lpips_alex,0.18367785712083182
86,n04515003/ILSVRC2012_val_00002400_n04515003,target_4dB,4,CL,V_decision,token_image_lpips_alex,0.1895983169476191
87,n04540053/ILSVRC2012_val_00007665_n04540053,target_4dB,4,CL,V_decision,token_image_lpips_alex,0.15303904811541238
88,n04560804/ILSVRC2012_val_00029830_n04560804,target_4dB,4,CL,V_decision,token_image_lpips_alex,0.1865863800048828
89,n04596742/ILSVRC2012_val_00007608_n04596742,target_4dB,4,CL,V_decision,token_image_lpips_alex,0.1991190860668818
90,n07583066/ILSVRC2012_val_00001378_n07583066,target_4dB,4,CL,V_decision,token_image_lpips_alex,0.21343372265497842
91,n07590611/ILSVRC2012_val_00030972_n07590611,target_4dB,4,CL,V_decision,token_image_lpips_alex,0.1806110292673111
92,n07714990/ILSVRC2012_val_00008416_n07714990,target_4dB,4,CL,V_decision,token_image_lpips_alex,0.2476369341214498
93,n07716906/ILSVRC2012_val_00011140_n07716906,target_4dB,4,CL,V_decision,token_image_lpips_alex,0.1571135570605596
94,n07720875/ILSVRC2012_val_00000423_n07720875,target_4dB,4,CL,V_decision,token_image_lpips_alex,0.1919002185265223
95,n07860988/ILSVRC2012_val_00010848_n07860988,target_4dB,4,CL,V_decision,token_image_lpips_alex,0.16261320312817892
96,n09288635/ILSVRC2012_val_00001270_n09288635,target_4dB,4,CL,V_decision,token_image_lpips_alex,0.18634966015815735
97,n09468604/ILSVRC2012_val_00030741_n09468604,target_4dB,4,CL,V_decision,token_image_lpips_alex,0.28627488017082214
98,n11939491/ILSVRC2012_val_00034896_n11939491,target_4dB,4,CL,V_decision,token_image_lpips_alex,0.15134043991565704
99,n15075141/ILSVRC2012_val_00005846_n15075141,target_4dB,4,CL,V_decision,token_image_lpips_alex,0.21500341594219208
0,n01440764/ILSVRC2012_val_00003014_n01440764,target_4dB,4,CL,V_decision,token_image_dino_cosine,0.6878676414489746
1,n01601694/ILSVRC2012_val_00021656_n01601694,target_4dB,4,CL,V_decision,token_image_dino_cosine,0.554258386294047
2,n01664065/ILSVRC2012_val_00014316_n01664065,target_4dB,4,CL,V_decision,token_image_dino_cosine,0.7570592761039734
3,n01689811/ILSVRC2012_val_00020598_n01689811,target_4dB,4,CL,V_decision,token_image_dino_cosine,0.8227416475613912
4,n01735189/ILSVRC2012_val_00006699_n01735189,target_4dB,4,CL,V_decision,token_image_dino_cosine,0.7299925088882446
5,n01744401/ILSVRC2012_val_00032663_n01744401,target_4dB,4,CL,V_decision,token_image_dino_cosine,0.3881458838780721
6,n01751748/ILSVRC2012_val_00033157_n01751748,target_4dB,4,CL,V_decision,token_image_dino_cosine,0.7752495805422465
7,n01775062/ILSVRC2012_val_00036589_n01775062,target_4dB,4,CL,V_decision,token_image_dino_cosine,0.7781813542048136
8,n01843383/ILSVRC2012_val_00005901_n01843383,target_4dB,4,CL,V_decision,token_image_dino_cosine,0.841645618279775
9,n01860187/ILSVRC2012_val_00021594_n01860187,target_4dB,4,CL,V_decision,token_image_dino_cosine,0.8380194902420044
10,n01882714/ILSVRC2012_val_00019996_n01882714,target_4dB,4,CL,V_decision,token_image_dino_cosine,0.9060422976811727
11,n01943899/ILSVRC2012_val_00005706_n01943899,target_4dB,4,CL,V_decision,token_image_dino_cosine,0.78615270058314
12,n01955084/ILSVRC2012_val_00001857_n01955084,target_4dB,4,CL,V_decision,token_image_dino_cosine,0.8703147371610006
13,n01983481/ILSVRC2012_val_00019856_n01983481,target_4dB,4,CL,V_decision,token_image_dino_cosine,0.8110427260398865
14,n02013706/ILSVRC2012_val_00003168_n02013706,target_4dB,4,CL,V_decision,token_image_dino_cosine,0.8053646882375082
15,n02027492/ILSVRC2012_val_00007524_n02027492,target_4dB,4,CL,V_decision,token_image_dino_cosine,0.8785867691040039
16,n02088094/ILSVRC2012_val_00005507_n02088094,target_4dB,4,CL,V_decision,token_image_dino_cosine,0.8554140528043112
17,n02090622/ILSVRC2012_val_00006265_n02090622,target_4dB,4,CL,V_decision,token_image_dino_cosine,0.8301551342010498
18,n02096177/ILSVRC2012_val_00019083_n02096177,target_4dB,4,CL,V_decision,token_image_dino_cosine,0.8640734752019247
19,n02098286/ILSVRC2012_val_00038253_n02098286,target_4dB,4,CL,V_decision,token_image_dino_cosine,0.8702121575673422
20,n02102480/ILSVRC2012_val_00010261_n02102480,target_4dB,4,CL,V_decision,token_image_dino_cosine,0.8644153078397115
21,n02105641/ILSVRC2012_val_00018762_n02105641,target_4dB,4,CL,V_decision,token_image_dino_cosine,0.8373670180638632
22,n02106550/ILSVRC2012_val_00014315_n02106550,target_4dB,4,CL,V_decision,token_image_dino_cosine,0.9466726183891296
23,n02107683/ILSVRC2012_val_00010786_n02107683,target_4dB,4,CL,V_decision,token_image_dino_cosine,0.8834875822067261
24,n02110806/ILSVRC2012_val_00030364_n02110806,target_4dB,4,CL,V_decision,token_image_dino_cosine,0.81904004017512
25,n02113799/ILSVRC2012_val_00007866_n02113799,target_4dB,4,CL,V_decision,token_image_dino_cosine,0.7164651950200399
26,n02123159/ILSVRC2012_val_00025723_n02123159,target_4dB,4,CL,V_decision,token_image_dino_cosine,0.8775549530982971
27,n02134084/ILSVRC2012_val_00020332_n02134084,target_4dB,4,CL,V_decision,token_image_dino_cosine,0.506089061498642
28,n02168699/ILSVRC2012_val_00040132_n02168699,target_4dB,4,CL,V_decision,token_image_dino_cosine,0.7950635353724161
29,n02233338/ILSVRC2012_val_00016160_n02233338,target_4dB,4,CL,V_decision,token_image_dino_cosine,0.7376529375712076
30,n02264363/ILSVRC2012_val_00027803_n02264363,target_4dB,4,CL,V_decision,token_image_dino_cosine,0.9017682870229086
31,n02277742/ILSVRC2012_val_00015608_n02277742,target_4dB,4,CL,V_decision,token_image_dino_cosine,0.8269957900047302
32,n02325366/ILSVRC2012_val_00024858_n02325366,target_4dB,4,CL,V_decision,token_image_dino_cosine,0.9034339189529419
33,n02398521/ILSVRC2012_val_00018354_n02398521,target_4dB,4,CL,V_decision,token_image_dino_cosine,0.8496725161870321
34,n02410509/ILSVRC2012_val_00022568_n02410509,target_4dB,4,CL,V_decision,token_image_dino_cosine,0.8042479356129965
35,n02437312/ILSVRC2012_val_00006245_n02437312,target_4dB,4,CL,V_decision,token_image_dino_cosine,0.7898961106936137
36,n02486410/ILSVRC2012_val_00009799_n02486410,target_4dB,4,CL,V_decision,token_image_dino_cosine,0.8234775066375732
37,n02509815/ILSVRC2012_val_00014423_n02509815,target_4dB,4,CL,V_decision,token_image_dino_cosine,0.8761214017868042
38,n02708093/ILSVRC2012_val_00024690_n02708093,target_4dB,4,CL,V_decision,token_image_dino_cosine,0.9044886827468872
39,n02776631/ILSVRC2012_val_00028186_n02776631,target_4dB,4,CL,V_decision,token_image_dino_cosine,0.8379524151484171
40,n02788148/ILSVRC2012_val_00012264_n02788148,target_4dB,4,CL,V_decision,token_image_dino_cosine,0.9255853891372681
41,n02834397/ILSVRC2012_val_00010741_n02834397,target_4dB,4,CL,V_decision,token_image_dino_cosine,0.8639498353004456
42,n02841315/ILSVRC2012_val_00014601_n02841315,target_4dB,4,CL,V_decision,token_image_dino_cosine,0.857098122437795
43,n02910353/ILSVRC2012_val_00017543_n02910353,target_4dB,4,CL,V_decision,token_image_dino_cosine,0.7281476457913717
44,n02951585/ILSVRC2012_val_00008336_n02951585,target_4dB,4,CL,V_decision,token_image_dino_cosine,0.6742217342058817
45,n02980441/ILSVRC2012_val_00023472_n02980441,target_4dB,4,CL,V_decision,token_image_dino_cosine,0.826413075129191
46,n03028079/ILSVRC2012_val_00031446_n03028079,target_4dB,4,CL,V_decision,token_image_dino_cosine,0.803296168645223
47,n03109150/ILSVRC2012_val_00032588_n03109150,target_4dB,4,CL,V_decision,token_image_dino_cosine,0.5758068462212881
48,n03127747/ILSVRC2012_val_00003732_n03127747,target_4dB,4,CL,V_decision,token_image_dino_cosine,0.8765482306480408
49,n03220513/ILSVRC2012_val_00006359_n03220513,target_4dB,4,CL,V_decision,token_image_dino_cosine,0.6958468953768412
50,n03372029/ILSVRC2012_val_00034937_n03372029,target_4dB,4,CL,V_decision,token_image_dino_cosine,0.7161690394083658
51,n03388549/ILSVRC2012_val_00022928_n03388549,target_4dB,4,CL,V_decision,token_image_dino_cosine,0.7584614555040995
52,n03424325/ILSVRC2012_val_00006147_n03424325,target_4dB,4,CL,V_decision,token_image_dino_cosine,0.9388767679532369
53,n03447721/ILSVRC2012_val_00006942_n03447721,target_4dB,4,CL,V_decision,token_image_dino_cosine,0.7531273166338602
54,n03485794/ILSVRC2012_val_00010782_n03485794,target_4dB,4,CL,V_decision,token_image_dino_cosine,0.8748247623443604
55,n03527444/ILSVRC2012_val_00035251_n03527444,target_4dB,4,CL,V_decision,token_image_dino_cosine,0.8425570925076803
56,n03584254/ILSVRC2012_val_00016384_n03584254,target_4dB,4,CL,V_decision,token_image_dino_cosine,0.5701074997584025
57,n03623198/ILSVRC2012_val_00019928_n03623198,target_4dB,4,CL,V_decision,token_image_dino_cosine,0.766911784807841
58,n03657121/ILSVRC2012_val_00000359_n03657121,target_4dB,4,CL,V_decision,token_image_dino_cosine,0.5481068094571432
59,n03706229/ILSVRC2012_val_00017460_n03706229,target_4dB,4,CL,V_decision,token_image_dino_cosine,0.6476103266080221
60,n03759954/ILSVRC2012_val_00010804_n03759954,target_4dB,4,CL,V_decision,token_image_dino_cosine,0.8468571702639262
61,n03775071/ILSVRC2012_val_00002420_n03775071,target_4dB,4,CL,V_decision,token_image_dino_cosine,0.8571847279866537
62,n03782006/ILSVRC2012_val_00004758_n03782006,target_4dB,4,CL,V_decision,token_image_dino_cosine,0.9128163655598959
63,n03796401/ILSVRC2012_val_00025827_n03796401,target_4dB,4,CL,V_decision,token_image_dino_cosine,0.8996456861495972
64,n03866082/ILSVRC2012_val_00003554_n03866082,target_4dB,4,CL,V_decision,token_image_dino_cosine,0.8262413938840231
65,n03876231/ILSVRC2012_val_00022714_n03876231,target_4dB,4,CL,V_decision,token_image_dino_cosine,0.8701788783073425
66,n03929660/ILSVRC2012_val_00012300_n03929660,target_4dB,4,CL,V_decision,token_image_dino_cosine,0.8372281789779663
67,n03950228/ILSVRC2012_val_00019039_n03950228,target_4dB,4,CL,V_decision,token_image_dino_cosine,0.7953814466794332
68,n03977966/ILSVRC2012_val_00027383_n03977966,target_4dB,4,CL,V_decision,token_image_dino_cosine,0.8187336723009745
69,n03983396/ILSVRC2012_val_00012891_n03983396,target_4dB,4,CL,V_decision,token_image_dino_cosine,0.8434369961420695
70,n04044716/ILSVRC2012_val_00039752_n04044716,target_4dB,4,CL,V_decision,token_image_dino_cosine,0.8834572235743204
71,n04067472/ILSVRC2012_val_00007618_n04067472,target_4dB,4,CL,V_decision,token_image_dino_cosine,0.8107991019884745
72,n04111531/ILSVRC2012_val_00013982_n04111531,target_4dB,4,CL,V_decision,token_image_dino_cosine,0.8224700291951498
73,n04131690/ILSVRC2012_val_00002728_n04131690,target_4dB,4,CL,V_decision,token_image_dino_cosine,0.8306042154630026
74,n04153751/ILSVRC2012_val_00008426_n04153751,target_4dB,4,CL,V_decision,token_image_dino_cosine,0.9089790185292562
75,n04204347/ILSVRC2012_val_00018921_n04204347,target_4dB,4,CL,V_decision,token_image_dino_cosine,0.8139703671137491
76,n04235860/ILSVRC2012_val_00004033_n04235860,target_4dB,4,CL,V_decision,token_image_dino_cosine,0.8812781771024069
77,n04252077/ILSVRC2012_val_00012989_n04252077,target_4dB,4,CL,V_decision,token_image_dino_cosine,0.7769101659456888
78,n04310018/ILSVRC2012_val_00003156_n04310018,target_4dB,4,CL,V_decision,token_image_dino_cosine,0.8711020151774088
79,n04328186/ILSVRC2012_val_00014795_n04328186,target_4dB,4,CL,V_decision,token_image_dino_cosine,0.7970183293024699
80,n04346328/ILSVRC2012_val_00003305_n04346328,target_4dB,4,CL,V_decision,token_image_dino_cosine,0.8760480086008707
81,n04357314/ILSVRC2012_val_00009430_n04357314,target_4dB,4,CL,V_decision,token_image_dino_cosine,0.8096151351928711
82,n04371774/ILSVRC2012_val_00030870_n04371774,target_4dB,4,CL,V_decision,token_image_dino_cosine,0.6907631754875183
83,n04392985/ILSVRC2012_val_00029362_n04392985,target_4dB,4,CL,V_decision,token_image_dino_cosine,0.8563519517580668
84,n04456115/ILSVRC2012_val_00002331_n04456115,target_4dB,4,CL,V_decision,token_image_dino_cosine,0.6396119594573975
85,n04485082/ILSVRC2012_val_00000955_n04485082,target_4dB,4,CL,V_decision,token_image_dino_cosine,0.8981337745984396
86,n04515003/ILSVRC2012_val_00002400_n04515003,target_4dB,4,CL,V_decision,token_image_dino_cosine,0.9165429274241129
87,n04540053/ILSVRC2012_val_00007665_n04540053,target_4dB,4,CL,V_decision,token_image_dino_cosine,0.9029970367749532
88,n04560804/ILSVRC2012_val_00029830_n04560804,target_4dB,4,CL,V_decision,token_image_dino_cosine,0.8996700247128805
89,n04596742/ILSVRC2012_val_00007608_n04596742,target_4dB,4,CL,V_decision,token_image_dino_cosine,0.8633129000663757
90,n07583066/ILSVRC2012_val_00001378_n07583066,target_4dB,4,CL,V_decision,token_image_dino_cosine,0.8173021872838339
91,n07590611/ILSVRC2012_val_00030972_n07590611,target_4dB,4,CL,V_decision,token_image_dino_cosine,0.7832637031873068
92,n07714990/ILSVRC2012_val_00008416_n07714990,target_4dB,4,CL,V_decision,token_image_dino_cosine,0.788854718208313
93,n07716906/ILSVRC2012_val_00011140_n07716906,target_4dB,4,CL,V_decision,token_image_dino_cosine,0.9133864442507426
94,n07720875/ILSVRC2012_val_00000423_n07720875,target_4dB,4,CL,V_decision,token_image_dino_cosine,0.8547036250432333
95,n07860988/ILSVRC2012_val_00010848_n07860988,target_4dB,4,CL,V_decision,token_image_dino_cosine,0.8788696726163229
96,n09288635/ILSVRC2012_val_00001270_n09288635,target_4dB,4,CL,V_decision,token_image_dino_cosine,0.8650805155436198
97,n09468604/ILSVRC2012_val_00030741_n09468604,target_4dB,4,CL,V_decision,token_image_dino_cosine,0.6671006282170614
98,n11939491/ILSVRC2012_val_00034896_n11939491,target_4dB,4,CL,V_decision,token_image_dino_cosine,0.8451492389043173
99,n15075141/ILSVRC2012_val_00005846_n15075141,target_4dB,4,CL,V_decision,token_image_dino_cosine,0.7217864394187927
0,n01440764/ILSVRC2012_val_00003014_n01440764,target_4dB,4,CL,V_decision,fused_image_psnr_db,17.740651448567707
1,n01601694/ILSVRC2012_val_00021656_n01601694,target_4dB,4,CL,V_decision,fused_image_psnr_db,22.176289240519207
2,n01664065/ILSVRC2012_val_00014316_n01664065,target_4dB,4,CL,V_decision,fused_image_psnr_db,18.708405176798504
3,n01689811/ILSVRC2012_val_00020598_n01689811,target_4dB,4,CL,V_decision,fused_image_psnr_db,18.34885597229004
4,n01735189/ILSVRC2012_val_00006699_n01735189,target_4dB,4,CL,V_decision,fused_image_psnr_db,19.507561365763348
5,n01744401/ILSVRC2012_val_00032663_n01744401,target_4dB,4,CL,V_decision,fused_image_psnr_db,23.698882420857746
6,n01751748/ILSVRC2012_val_00033157_n01751748,target_4dB,4,CL,V_decision,fused_image_psnr_db,23.400182088216145
7,n01775062/ILSVRC2012_val_00036589_n01775062,target_4dB,4,CL,V_decision,fused_image_psnr_db,17.23380470275879
8,n01843383/ILSVRC2012_val_00005901_n01843383,target_4dB,4,CL,V_decision,fused_image_psnr_db,18.672216415405273
9,n01860187/ILSVRC2012_val_00021594_n01860187,target_4dB,4,CL,V_decision,fused_image_psnr_db,18.722285588582356
10,n01882714/ILSVRC2012_val_00019996_n01882714,target_4dB,4,CL,V_decision,fused_image_psnr_db,20.84575017293294
11,n01943899/ILSVRC2012_val_00005706_n01943899,target_4dB,4,CL,V_decision,fused_image_psnr_db,19.886980692545574
12,n01955084/ILSVRC2012_val_00001857_n01955084,target_4dB,4,CL,V_decision,fused_image_psnr_db,23.206631342569988
13,n01983481/ILSVRC2012_val_00019856_n01983481,target_4dB,4,CL,V_decision,fused_image_psnr_db,22.48347345987956
14,n02013706/ILSVRC2012_val_00003168_n02013706,target_4dB,4,CL,V_decision,fused_image_psnr_db,20.110015233357746
15,n02027492/ILSVRC2012_val_00007524_n02027492,target_4dB,4,CL,V_decision,fused_image_psnr_db,26.530005137125652
16,n02088094/ILSVRC2012_val_00005507_n02088094,target_4dB,4,CL,V_decision,fused_image_psnr_db,21.629546483357746
17,n02090622/ILSVRC2012_val_00006265_n02090622,target_4dB,4,CL,V_decision,fused_image_psnr_db,18.03588104248047
18,n02096177/ILSVRC2012_val_00019083_n02096177,target_4dB,4,CL,V_decision,fused_image_psnr_db,22.744943618774414
19,n02098286/ILSVRC2012_val_00038253_n02098286,target_4dB,4,CL,V_decision,fused_image_psnr_db,24.03070004781087
20,n02102480/ILSVRC2012_val_00010261_n02102480,target_4dB,4,CL,V_decision,fused_image_psnr_db,24.883357365926106
21,n02105641/ILSVRC2012_val_00018762_n02105641,target_4dB,4,CL,V_decision,fused_image_psnr_db,20.876623153686523
22,n02106550/ILSVRC2012_val_00014315_n02106550,target_4dB,4,CL,V_decision,fused_image_psnr_db,22.335471471150715
23,n02107683/ILSVRC2012_val_00010786_n02107683,target_4dB,4,CL,V_decision,fused_image_psnr_db,25.344112396240234
24,n02110806/ILSVRC2012_val_00030364_n02110806,target_4dB,4,CL,V_decision,fused_image_psnr_db,22.144025166829426
25,n02113799/ILSVRC2012_val_00007866_n02113799,target_4dB,4,CL,V_decision,fused_image_psnr_db,22.29098637898763
26,n02123159/ILSVRC2012_val_00025723_n02123159,target_4dB,4,CL,V_decision,fused_image_psnr_db,18.621213912963867
27,n02134084/ILSVRC2012_val_00020332_n02134084,target_4dB,4,CL,V_decision,fused_image_psnr_db,24.591211954752605
28,n02168699/ILSVRC2012_val_00040132_n02168699,target_4dB,4,CL,V_decision,fused_image_psnr_db,21.669614791870117
29,n02233338/ILSVRC2012_val_00016160_n02233338,target_4dB,4,CL,V_decision,fused_image_psnr_db,22.640214284261067
30,n02264363/ILSVRC2012_val_00027803_n02264363,target_4dB,4,CL,V_decision,fused_image_psnr_db,28.267597198486328
31,n02277742/ILSVRC2012_val_00015608_n02277742,target_4dB,4,CL,V_decision,fused_image_psnr_db,17.968411127726238
32,n02325366/ILSVRC2012_val_00024858_n02325366,target_4dB,4,CL,V_decision,fused_image_psnr_db,23.541669845581055
33,n02398521/ILSVRC2012_val_00018354_n02398521,target_4dB,4,CL,V_decision,fused_image_psnr_db,21.568247477213543
34,n02410509/ILSVRC2012_val_00022568_n02410509,target_4dB,4,CL,V_decision,fused_image_psnr_db,24.566274007161457
35,n02437312/ILSVRC2012_val_00006245_n02437312,target_4dB,4,CL,V_decision,fused_image_psnr_db,17.5833002726237
36,n02486410/ILSVRC2012_val_00009799_n02486410,target_4dB,4,CL,V_decision,fused_image_psnr_db,24.90114911397298
37,n02509815/ILSVRC2012_val_00014423_n02509815,target_4dB,4,CL,V_decision,fused_image_psnr_db,23.987366994222004
38,n02708093/ILSVRC2012_val_00024690_n02708093,target_4dB,4,CL,V_decision,fused_image_psnr_db,22.741276423136394
39,n02776631/ILSVRC2012_val_00028186_n02776631,target_4dB,4,CL,V_decision,fused_image_psnr_db,19.848904291788738
40,n02788148/ILSVRC2012_val_00012264_n02788148,target_4dB,4,CL,V_decision,fused_image_psnr_db,22.81512514750163
41,n02834397/ILSVRC2012_val_00010741_n02834397,target_4dB,4,CL,V_decision,fused_image_psnr_db,23.43379783630371
42,n02841315/ILSVRC2012_val_00014601_n02841315,target_4dB,4,CL,V_decision,fused_image_psnr_db,21.131667455037434
43,n02910353/ILSVRC2012_val_00017543_n02910353,target_4dB,4,CL,V_decision,fused_image_psnr_db,20.984137217203777
44,n02951585/ILSVRC2012_val_00008336_n02951585,target_4dB,4,CL,V_decision,fused_image_psnr_db,25.025144577026367
45,n02980441/ILSVRC2012_val_00023472_n02980441,target_4dB,4,CL,V_decision,fused_image_psnr_db,24.0316104888916
46,n03028079/ILSVRC2012_val_00031446_n03028079,target_4dB,4,CL,V_decision,fused_image_psnr_db,25.37445640563965
47,n03109150/ILSVRC2012_val_00032588_n03109150,target_4dB,4,CL,V_decision,fused_image_psnr_db,22.98570442199707
48,n03127747/ILSVRC2012_val_00003732_n03127747,target_4dB,4,CL,V_decision,fused_image_psnr_db,20.823985417683918
49,n03220513/ILSVRC2012_val_00006359_n03220513,target_4dB,4,CL,V_decision,fused_image_psnr_db,21.890960693359375
50,n03372029/ILSVRC2012_val_00034937_n03372029,target_4dB,4,CL,V_decision,fused_image_psnr_db,21.80813725789388
51,n03388549/ILSVRC2012_val_00022928_n03388549,target_4dB,4,CL,V_decision,fused_image_psnr_db,23.1021785736084
52,n03424325/ILSVRC2012_val_00006147_n03424325,target_4dB,4,CL,V_decision,fused_image_psnr_db,20.237292607625324
53,n03447721/ILSVRC2012_val_00006942_n03447721,target_4dB,4,CL,V_decision,fused_image_psnr_db,22.316452026367188
54,n03485794/ILSVRC2012_val_00010782_n03485794,target_4dB,4,CL,V_decision,fused_image_psnr_db,24.79321225484212
55,n03527444/ILSVRC2012_val_00035251_n03527444,target_4dB,4,CL,V_decision,fused_image_psnr_db,21.741079330444336
56,n03584254/ILSVRC2012_val_00016384_n03584254,target_4dB,4,CL,V_decision,fused_image_psnr_db,21.42918586730957
57,n03623198/ILSVRC2012_val_00019928_n03623198,target_4dB,4,CL,V_decision,fused_image_psnr_db,24.647764841715496
58,n03657121/ILSVRC2012_val_00000359_n03657121,target_4dB,4,CL,V_decision,fused_image_psnr_db,22.405394236246746
59,n03706229/ILSVRC2012_val_00017460_n03706229,target_4dB,4,CL,V_decision,fused_image_psnr_db,22.340723037719727
60,n03759954/ILSVRC2012_val_00010804_n03759954,target_4dB,4,CL,V_decision,fused_image_psnr_db,19.581967035929363
61,n03775071/ILSVRC2012_val_00002420_n03775071,target_4dB,4,CL,V_decision,fused_image_psnr_db,22.26490592956543
62,n03782006/ILSVRC2012_val_00004758_n03782006,target_4dB,4,CL,V_decision,fused_image_psnr_db,22.76915740966797
63,n03796401/ILSVRC2012_val_00025827_n03796401,target_4dB,4,CL,V_decision,fused_image_psnr_db,23.391915639241535
64,n03866082/ILSVRC2012_val_00003554_n03866082,target_4dB,4,CL,V_decision,fused_image_psnr_db,25.15635108947754
65,n03876231/ILSVRC2012_val_00022714_n03876231,target_4dB,4,CL,V_decision,fused_image_psnr_db,25.14543342590332
66,n03929660/ILSVRC2012_val_00012300_n03929660,target_4dB,4,CL,V_decision,fused_image_psnr_db,25.65977605183919
67,n03950228/ILSVRC2012_val_00019039_n03950228,target_4dB,4,CL,V_decision,fused_image_psnr_db,25.673688252766926
68,n03977966/ILSVRC2012_val_00027383_n03977966,target_4dB,4,CL,V_decision,fused_image_psnr_db,21.158157348632812
69,n03983396/ILSVRC2012_val_00012891_n03983396,target_4dB,4,CL,V_decision,fused_image_psnr_db,24.825252532958984
70,n04044716/ILSVRC2012_val_00039752_n04044716,target_4dB,4,CL,V_decision,fused_image_psnr_db,27.924306869506836
71,n04067472/ILSVRC2012_val_00007618_n04067472,target_4dB,4,CL,V_decision,fused_image_psnr_db,20.876986821492512
72,n04111531/ILSVRC2012_val_00013982_n04111531,target_4dB,4,CL,V_decision,fused_image_psnr_db,22.14525032043457
73,n04131690/ILSVRC2012_val_00002728_n04131690,target_4dB,4,CL,V_decision,fused_image_psnr_db,26.711747487386067
74,n04153751/ILSVRC2012_val_00008426_n04153751,target_4dB,4,CL,V_decision,fused_image_psnr_db,27.391748428344727
75,n04204347/ILSVRC2012_val_00018921_n04204347,target_4dB,4,CL,V_decision,fused_image_psnr_db,19.268871943155926
76,n04235860/ILSVRC2012_val_00004033_n04235860,target_4dB,4,CL,V_decision,fused_image_psnr_db,21.728472391764324
77,n04252077/ILSVRC2012_val_00012989_n04252077,target_4dB,4,CL,V_decision,fused_image_psnr_db,22.16059939066569
78,n04310018/ILSVRC2012_val_00003156_n04310018,target_4dB,4,CL,V_decision,fused_image_psnr_db,20.947110493977863
79,n04328186/ILSVRC2012_val_00014795_n04328186,target_4dB,4,CL,V_decision,fused_image_psnr_db,22.822736740112305
80,n04346328/ILSVRC2012_val_00003305_n04346328,target_4dB,4,CL,V_decision,fused_image_psnr_db,21.206796010335285
81,n04357314/ILSVRC2012_val_00009430_n04357314,target_4dB,4,CL,V_decision,fused_image_psnr_db,23.033687591552734
82,n04371774/ILSVRC2012_val_00030870_n04371774,target_4dB,4,CL,V_decision,fused_image_psnr_db,20.94048245747884
83,n04392985/ILSVRC2012_val_00029362_n04392985,target_4dB,4,CL,V_decision,fused_image_psnr_db,22.59013493855794
84,n04456115/ILSVRC2012_val_00002331_n04456115,target_4dB,4,CL,V_decision,fused_image_psnr_db,23.17504119873047
85,n04485082/ILSVRC2012_val_00000955_n04485082,target_4dB,4,CL,V_decision,fused_image_psnr_db,22.60833740234375
86,n04515003/ILSVRC2012_val_00002400_n04515003,target_4dB,4,CL,V_decision,fused_image_psnr_db,23.879907608032227
87,n04540053/ILSVRC2012_val_00007665_n04540053,target_4dB,4,CL,V_decision,fused_image_psnr_db,23.77666982014974
88,n04560804/ILSVRC2012_val_00029830_n04560804,target_4dB,4,CL,V_decision,fused_image_psnr_db,21.633996963500977
89,n04596742/ILSVRC2012_val_00007608_n04596742,target_4dB,4,CL,V_decision,fused_image_psnr_db,22.957926432291668
90,n07583066/ILSVRC2012_val_00001378_n07583066,target_4dB,4,CL,V_decision,fused_image_psnr_db,22.418975194295246
91,n07590611/ILSVRC2012_val_00030972_n07590611,target_4dB,4,CL,V_decision,fused_image_psnr_db,22.26425615946452
92,n07714990/ILSVRC2012_val_00008416_n07714990,target_4dB,4,CL,V_decision,fused_image_psnr_db,19.239810307820637
93,n07716906/ILSVRC2012_val_00011140_n07716906,target_4dB,4,CL,V_decision,fused_image_psnr_db,25.4112491607666
94,n07720875/ILSVRC2012_val_00000423_n07720875,target_4dB,4,CL,V_decision,fused_image_psnr_db,23.89990234375
95,n07860988/ILSVRC2012_val_00010848_n07860988,target_4dB,4,CL,V_decision,fused_image_psnr_db,22.15390904744466
96,n09288635/ILSVRC2012_val_00001270_n09288635,target_4dB,4,CL,V_decision,fused_image_psnr_db,25.534442901611328
97,n09468604/ILSVRC2012_val_00030741_n09468604,target_4dB,4,CL,V_decision,fused_image_psnr_db,18.785512288411457
98,n11939491/ILSVRC2012_val_00034896_n11939491,target_4dB,4,CL,V_decision,fused_image_psnr_db,23.130032221476238
99,n15075141/ILSVRC2012_val_00005846_n15075141,target_4dB,4,CL,V_decision,fused_image_psnr_db,21.46490987141927
0,n01440764/ILSVRC2012_val_00003014_n01440764,target_4dB,4,CL,V_decision,fused_image_lpips_alex,0.10107168803612392
1,n01601694/ILSVRC2012_val_00021656_n01601694,target_4dB,4,CL,V_decision,fused_image_lpips_alex,0.10828008502721786
2,n01664065/ILSVRC2012_val_00014316_n01664065,target_4dB,4,CL,V_decision,fused_image_lpips_alex,0.19349324703216553
3,n01689811/ILSVRC2012_val_00020598_n01689811,target_4dB,4,CL,V_decision,fused_image_lpips_alex,0.1362247367699941
4,n01735189/ILSVRC2012_val_00006699_n01735189,target_4dB,4,CL,V_decision,fused_image_lpips_alex,0.16520934303601584
5,n01744401/ILSVRC2012_val_00032663_n01744401,target_4dB,4,CL,V_decision,fused_image_lpips_alex,0.16057723263899484
6,n01751748/ILSVRC2012_val_00033157_n01751748,target_4dB,4,CL,V_decision,fused_image_lpips_alex,0.1884420563777288
7,n01775062/ILSVRC2012_val_00036589_n01775062,target_4dB,4,CL,V_decision,fused_image_lpips_alex,0.18233412007490793
8,n01843383/ILSVRC2012_val_00005901_n01843383,target_4dB,4,CL,V_decision,fused_image_lpips_alex,0.13750979801019034
9,n01860187/ILSVRC2012_val_00021594_n01860187,target_4dB,4,CL,V_decision,fused_image_lpips_alex,0.12972155213356018
10,n01882714/ILSVRC2012_val_00019996_n01882714,target_4dB,4,CL,V_decision,fused_image_lpips_alex,0.11655011524756749
11,n01943899/ILSVRC2012_val_00005706_n01943899,target_4dB,4,CL,V_decision,fused_image_lpips_alex,0.1487296223640442
12,n01955084/ILSVRC2012_val_00001857_n01955084,target_4dB,4,CL,V_decision,fused_image_lpips_alex,0.14874834815661112
13,n01983481/ILSVRC2012_val_00019856_n01983481,target_4dB,4,CL,V_decision,fused_image_lpips_alex,0.10717111577590306
14,n02013706/ILSVRC2012_val_00003168_n02013706,target_4dB,4,CL,V_decision,fused_image_lpips_alex,0.08028727273146312
15,n02027492/ILSVRC2012_val_00007524_n02027492,target_4dB,4,CL,V_decision,fused_image_lpips_alex,0.1001729816198349
16,n02088094/ILSVRC2012_val_00005507_n02088094,target_4dB,4,CL,V_decision,fused_image_lpips_alex,0.10576862593491872
17,n02090622/ILSVRC2012_val_00006265_n02090622,target_4dB,4,CL,V_decision,fused_image_lpips_alex,0.13743518789609274
18,n02096177/ILSVRC2012_val_00019083_n02096177,target_4dB,4,CL,V_decision,fused_image_lpips_alex,0.11717534313599269
19,n02098286/ILSVRC2012_val_00038253_n02098286,target_4dB,4,CL,V_decision,fused_image_lpips_alex,0.09117216616868973
20,n02102480/ILSVRC2012_val_00010261_n02102480,target_4dB,4,CL,V_decision,fused_image_lpips_alex,0.06653831899166107
21,n02105641/ILSVRC2012_val_00018762_n02105641,target_4dB,4,CL,V_decision,fused_image_lpips_alex,0.14141703148682913
22,n02106550/ILSVRC2012_val_00014315_n02106550,target_4dB,4,CL,V_decision,fused_image_lpips_alex,0.08780271063248317
23,n02107683/ILSVRC2012_val_00010786_n02107683,target_4dB,4,CL,V_decision,fused_image_lpips_alex,0.13352969785531363
24,n02110806/ILSVRC2012_val_00030364_n02110806,target_4dB,4,CL,V_decision,fused_image_lpips_alex,0.09964951624472936
25,n02113799/ILSVRC2012_val_00007866_n02113799,target_4dB,4,CL,V_decision,fused_image_lpips_alex,0.12328788141409557
26,n02123159/ILSVRC2012_val_00025723_n02123159,target_4dB,4,CL,V_decision,fused_image_lpips_alex,0.164895032842954
27,n02134084/ILSVRC2012_val_00020332_n02134084,target_4dB,4,CL,V_decision,fused_image_lpips_alex,0.10443493972222011
28,n02168699/ILSVRC2012_val_00040132_n02168699,target_4dB,4,CL,V_decision,fused_image_lpips_alex,0.12376279135545094
29,n02233338/ILSVRC2012_val_00016160_n02233338,target_4dB,4,CL,V_decision,fused_image_lpips_alex,0.11922519405682881
30,n02264363/ILSVRC2012_val_00027803_n02264363,target_4dB,4,CL,V_decision,fused_image_lpips_alex,0.10309987018505733
31,n02277742/ILSVRC2012_val_00015608_n02277742,target_4dB,4,CL,V_decision,fused_image_lpips_alex,0.13946777085463205
32,n02325366/ILSVRC2012_val_00024858_n02325366,target_4dB,4,CL,V_decision,fused_image_lpips_alex,0.10976179440816243
33,n02398521/ILSVRC2012_val_00018354_n02398521,target_4dB,4,CL,V_decision,fused_image_lpips_alex,0.13024472693602243
34,n02410509/ILSVRC2012_val_00022568_n02410509,target_4dB,4,CL,V_decision,fused_image_lpips_alex,0.09706066300471623
35,n02437312/ILSVRC2012_val_00006245_n02437312,target_4dB,4,CL,V_decision,fused_image_lpips_alex,0.1880903442700704
36,n02486410/ILSVRC2012_val_00009799_n02486410,target_4dB,4,CL,V_decision,fused_image_lpips_alex,0.08526376634836197
37,n02509815/ILSVRC2012_val_00014423_n02509815,target_4dB,4,CL,V_decision,fused_image_lpips_alex,0.11007966597874959
38,n02708093/ILSVRC2012_val_00024690_n02708093,target_4dB,4,CL,V_decision,fused_image_lpips_alex,0.10163132101297379
39,n02776631/ILSVRC2012_val_00028186_n02776631,target_4dB,4,CL,V_decision,fused_image_lpips_alex,0.13092790047327676
40,n02788148/ILSVRC2012_val_00012264_n02788148,target_4dB,4,CL,V_decision,fused_image_lpips_alex,0.12116947273413341
41,n02834397/ILSVRC2012_val_00010741_n02834397,target_4dB,4,CL,V_decision,fused_image_lpips_alex,0.1027107834815979
42,n02841315/ILSVRC2012_val_00014601_n02841315,target_4dB,4,CL,V_decision,fused_image_lpips_alex,0.10865255693594615
43,n02910353/ILSVRC2012_val_00017543_n02910353,target_4dB,4,CL,V_decision,fused_image_lpips_alex,0.11758968730767567
44,n02951585/ILSVRC2012_val_00008336_n02951585,target_4dB,4,CL,V_decision,fused_image_lpips_alex,0.12141001224517822
45,n02980441/ILSVRC2012_val_00023472_n02980441,target_4dB,4,CL,V_decision,fused_image_lpips_alex,0.13574237128098807
46,n03028079/ILSVRC2012_val_00031446_n03028079,target_4dB,4,CL,V_decision,fused_image_lpips_alex,0.10647858679294586
47,n03109150/ILSVRC2012_val_00032588_n03109150,target_4dB,4,CL,V_decision,fused_image_lpips_alex,0.10488000512123108
48,n03127747/ILSVRC2012_val_00003732_n03127747,target_4dB,4,CL,V_decision,fused_image_lpips_alex,0.0956561913092931
49,n03220513/ILSVRC2012_val_00006359_n03220513,target_4dB,4,CL,V_decision,fused_image_lpips_alex,0.12423855563004811
50,n03372029/ILSVRC2012_val_00034937_n03372029,target_4dB,4,CL,V_decision,fused_image_lpips_alex,0.09397344787915547
51,n03388549/ILSVRC2012_val_00022928_n03388549,target_4dB,4,CL,V_decision,fused_image_lpips_alex,0.12402243912220001
52,n03424325/ILSVRC2012_val_00006147_n03424325,target_4dB,4,CL,V_decision,fused_image_lpips_alex,0.11342551559209824
53,n03447721/ILSVRC2012_val_00006942_n03447721,target_4dB,4,CL,V_decision,fused_image_lpips_alex,0.10027251889308293
54,n03485794/ILSVRC2012_val_00010782_n03485794,target_4dB,4,CL,V_decision,fused_image_lpips_alex,0.07561451693375905
55,n03527444/ILSVRC2012_val_00035251_n03527444,target_4dB,4,CL,V_decision,fused_image_lpips_alex,0.09563829004764557
56,n03584254/ILSVRC2012_val_00016384_n03584254,target_4dB,4,CL,V_decision,fused_image_lpips_alex,0.09180780996878941
57,n03623198/ILSVRC2012_val_00019928_n03623198,target_4dB,4,CL,V_decision,fused_image_lpips_alex,0.07041974365711212
58,n03657121/ILSVRC2012_val_00000359_n03657121,target_4dB,4,CL,V_decision,fused_image_lpips_alex,0.06998276710510254
59,n03706229/ILSVRC2012_val_00017460_n03706229,target_4dB,4,CL,V_decision,fused_image_lpips_alex,0.05907106647888819
60,n03759954/ILSVRC2012_val_00010804_n03759954,target_4dB,4,CL,V_decision,fused_image_lpips_alex,0.11835972468058269
61,n03775071/ILSVRC2012_val_00002420_n03775071,target_4dB,4,CL,V_decision,fused_image_lpips_alex,0.10622866451740265
62,n03782006/ILSVRC2012_val_00004758_n03782006,target_4dB,4,CL,V_decision,fused_image_lpips_alex,0.10791837920745213
63,n03796401/ILSVRC2012_val_00025827_n03796401,target_4dB,4,CL,V_decision,fused_image_lpips_alex,0.1090263898173968
64,n03866082/ILSVRC2012_val_00003554_n03866082,target_4dB,4,CL,V_decision,fused_image_lpips_alex,0.1121903012196223
65,n03876231/ILSVRC2012_val_00022714_n03876231,target_4dB,4,CL,V_decision,fused_image_lpips_alex,0.08319176981846492
66,n03929660/ILSVRC2012_val_00012300_n03929660,target_4dB,4,CL,V_decision,fused_image_lpips_alex,0.08955921481053035
67,n03950228/ILSVRC2012_val_00019039_n03950228,target_4dB,4,CL,V_decision,fused_image_lpips_alex,0.1321022386352221
68,n03977966/ILSVRC2012_val_00027383_n03977966,target_4dB,4,CL,V_decision,fused_image_lpips_alex,0.1118910014629364
69,n03983396/ILSVRC2012_val_00012891_n03983396,target_4dB,4,CL,V_decision,fused_image_lpips_alex,0.11280417690674464
70,n04044716/ILSVRC2012_val_00039752_n04044716,target_4dB,4,CL,V_decision,fused_image_lpips_alex,0.10452943543593089
71,n04067472/ILSVRC2012_val_00007618_n04067472,target_4dB,4,CL,V_decision,fused_image_lpips_alex,0.12381103883186977
72,n04111531/ILSVRC2012_val_00013982_n04111531,target_4dB,4,CL,V_decision,fused_image_lpips_alex,0.1550211360057195
73,n04131690/ILSVRC2012_val_00002728_n04131690,target_4dB,4,CL,V_decision,fused_image_lpips_alex,0.09706507871548335
74,n04153751/ILSVRC2012_val_00008426_n04153751,target_4dB,4,CL,V_decision,fused_image_lpips_alex,0.04858257994055748
75,n04204347/ILSVRC2012_val_00018921_n04204347,target_4dB,4,CL,V_decision,fused_image_lpips_alex,0.13739828765392303
76,n04235860/ILSVRC2012_val_00004033_n04235860,target_4dB,4,CL,V_decision,fused_image_lpips_alex,0.11905680100123088
77,n04252077/ILSVRC2012_val_00012989_n04252077,target_4dB,4,CL,V_decision,fused_image_lpips_alex,0.11872281382481258
78,n04310018/ILSVRC2012_val_00003156_n04310018,target_4dB,4,CL,V_decision,fused_image_lpips_alex,0.12159904340902965
79,n04328186/ILSVRC2012_val_00014795_n04328186,target_4dB,4,CL,V_decision,fused_image_lpips_alex,0.07126276940107346
80,n04346328/ILSVRC2012_val_00003305_n04346328,target_4dB,4,CL,V_decision,fused_image_lpips_alex,0.14700853824615479
81,n04357314/ILSVRC2012_val_00009430_n04357314,target_4dB,4,CL,V_decision,fused_image_lpips_alex,0.1185366486509641
82,n04371774/ILSVRC2012_val_00030870_n04371774,target_4dB,4,CL,V_decision,fused_image_lpips_alex,0.14584068457285562
83,n04392985/ILSVRC2012_val_00029362_n04392985,target_4dB,4,CL,V_decision,fused_image_lpips_alex,0.11439141134421031
84,n04456115/ILSVRC2012_val_00002331_n04456115,target_4dB,4,CL,V_decision,fused_image_lpips_alex,0.10947566976149876
85,n04485082/ILSVRC2012_val_00000955_n04485082,target_4dB,4,CL,V_decision,fused_image_lpips_alex,0.09022526691357295
86,n04515003/ILSVRC2012_val_00002400_n04515003,target_4dB,4,CL,V_decision,fused_image_lpips_alex,0.08665606627861659
87,n04540053/ILSVRC2012_val_00007665_n04540053,target_4dB,4,CL,V_decision,fused_image_lpips_alex,0.07453739146391551
88,n04560804/ILSVRC2012_val_00029830_n04560804,target_4dB,4,CL,V_decision,fused_image_lpips_alex,0.10385334243377049
89,n04596742/ILSVRC2012_val_00007608_n04596742,target_4dB,4,CL,V_decision,fused_image_lpips_alex,0.11605214824279149
90,n07583066/ILSVRC2012_val_00001378_n07583066,target_4dB,4,CL,V_decision,fused_image_lpips_alex,0.11846500138441722
91,n07590611/ILSVRC2012_val_00030972_n07590611,target_4dB,4,CL,V_decision,fused_image_lpips_alex,0.09798029313484828
92,n07714990/ILSVRC2012_val_00008416_n07714990,target_4dB,4,CL,V_decision,fused_image_lpips_alex,0.16418603559335074
93,n07716906/ILSVRC2012_val_00011140_n07716906,target_4dB,4,CL,V_decision,fused_image_lpips_alex,0.08233431975046794
94,n07720875/ILSVRC2012_val_00000423_n07720875,target_4dB,4,CL,V_decision,fused_image_lpips_alex,0.0907912477850914
95,n07860988/ILSVRC2012_val_00010848_n07860988,target_4dB,4,CL,V_decision,fused_image_lpips_alex,0.08984313905239105
96,n09288635/ILSVRC2012_val_00001270_n09288635,target_4dB,4,CL,V_decision,fused_image_lpips_alex,0.10811213155587514
97,n09468604/ILSVRC2012_val_00030741_n09468604,target_4dB,4,CL,V_decision,fused_image_lpips_alex,0.21851751705010733
98,n11939491/ILSVRC2012_val_00034896_n11939491,target_4dB,4,CL,V_decision,fused_image_lpips_alex,0.07417976607879002
99,n15075141/ILSVRC2012_val_00005846_n15075141,target_4dB,4,CL,V_decision,fused_image_lpips_alex,0.11579740047454834
0,n01440764/ILSVRC2012_val_00003014_n01440764,target_4dB,4,CL,V_decision,fused_image_dino_cosine,0.898541251818339
1,n01601694/ILSVRC2012_val_00021656_n01601694,target_4dB,4,CL,V_decision,fused_image_dino_cosine,0.7770768404006958
2,n01664065/ILSVRC2012_val_00014316_n01664065,target_4dB,4,CL,V_decision,fused_image_dino_cosine,0.8796736598014832
3,n01689811/ILSVRC2012_val_00020598_n01689811,target_4dB,4,CL,V_decision,fused_image_dino_cosine,0.9152577718098959
4,n01735189/ILSVRC2012_val_00006699_n01735189,target_4dB,4,CL,V_decision,fused_image_dino_cosine,0.8181965549786886
5,n01744401/ILSVRC2012_val_00032663_n01744401,target_4dB,4,CL,V_decision,fused_image_dino_cosine,0.7359386086463928
6,n01751748/ILSVRC2012_val_00033157_n01751748,target_4dB,4,CL,V_decision,fused_image_dino_cosine,0.8916754523913065
7,n01775062/ILSVRC2012_val_00036589_n01775062,target_4dB,4,CL,V_decision,fused_image_dino_cosine,0.8580845991770426
8,n01843383/ILSVRC2012_val_00005901_n01843383,target_4dB,4,CL,V_decision,fused_image_dino_cosine,0.9533988436063131
9,n01860187/ILSVRC2012_val_00021594_n01860187,target_4dB,4,CL,V_decision,fused_image_dino_cosine,0.9140584866205851
10,n01882714/ILSVRC2012_val_00019996_n01882714,target_4dB,4,CL,V_decision,fused_image_dino_cosine,0.9644946058591207
11,n01943899/ILSVRC2012_val_00005706_n01943899,target_4dB,4,CL,V_decision,fused_image_dino_cosine,0.852585236231486
12,n01955084/ILSVRC2012_val_00001857_n01955084,target_4dB,4,CL,V_decision,fused_image_dino_cosine,0.9485058983167013
13,n01983481/ILSVRC2012_val_00019856_n01983481,target_4dB,4,CL,V_decision,fused_image_dino_cosine,0.9365387956301371
14,n02013706/ILSVRC2012_val_00003168_n02013706,target_4dB,4,CL,V_decision,fused_image_dino_cosine,0.897704005241394
15,n02027492/ILSVRC2012_val_00007524_n02027492,target_4dB,4,CL,V_decision,fused_image_dino_cosine,0.9181145429611206
16,n02088094/ILSVRC2012_val_00005507_n02088094,target_4dB,4,CL,V_decision,fused_image_dino_cosine,0.9333054423332214
17,n02090622/ILSVRC2012_val_00006265_n02090622,target_4dB,4,CL,V_decision,fused_image_dino_cosine,0.9018833438555399
18,n02096177/ILSVRC2012_val_00019083_n02096177,target_4dB,4,CL,V_decision,fused_image_dino_cosine,0.9183535575866699
19,n02098286/ILSVRC2012_val_00038253_n02098286,target_4dB,4,CL,V_decision,fused_image_dino_cosine,0.9294318358103434
20,n02102480/ILSVRC2012_val_00010261_n02102480,target_4dB,4,CL,V_decision,fused_image_dino_cosine,0.9412368933359782
21,n02105641/ILSVRC2012_val_00018762_n02105641,target_4dB,4,CL,V_decision,fused_image_dino_cosine,0.9261532227198283
22,n02106550/ILSVRC2012_val_00014315_n02106550,target_4dB,4,CL,V_decision,fused_image_dino_cosine,0.9705473780632019
23,n02107683/ILSVRC2012_val_00010786_n02107683,target_4dB,4,CL,V_decision,fused_image_dino_cosine,0.9318276047706604
24,n02110806/ILSVRC2012_val_00030364_n02110806,target_4dB,4,CL,V_decision,fused_image_dino_cosine,0.910555879275004
25,n02113799/ILSVRC2012_val_00007866_n02113799,target_4dB,4,CL,V_decision,fused_image_dino_cosine,0.8754873474438986
26,n02123159/ILSVRC2012_val_00025723_n02123159,target_4dB,4,CL,V_decision,fused_image_dino_cosine,0.9212506214777628
27,n02134084/ILSVRC2012_val_00020332_n02134084,target_4dB,4,CL,V_decision,fused_image_dino_cosine,0.8270958662033081
28,n02168699/ILSVRC2012_val_00040132_n02168699,target_4dB,4,CL,V_decision,fused_image_dino_cosine,0.9115574558575948
29,n02233338/ILSVRC2012_val_00016160_n02233338,target_4dB,4,CL,V_decision,fused_image_dino_cosine,0.8997765978177389
30,n02264363/ILSVRC2012_val_00027803_n02264363,target_4dB,4,CL,V_decision,fused_image_dino_cosine,0.9366175333658854
31,n02277742/ILSVRC2012_val_00015608_n02277742,target_4dB,4,CL,V_decision,fused_image_dino_cosine,0.9279757738113403
32,n02325366/ILSVRC2012_val_00024858_n02325366,target_4dB,4,CL,V_decision,fused_image_dino_cosine,0.9569535056749979
33,n02398521/ILSVRC2012_val_00018354_n02398521,target_4dB,4,CL,V_decision,fused_image_dino_cosine,0.902601440747579
34,n02410509/ILSVRC2012_val_00022568_n02410509,target_4dB,4,CL,V_decision,fused_image_dino_cosine,0.8917944431304932
35,n02437312/ILSVRC2012_val_00006245_n02437312,target_4dB,4,CL,V_decision,fused_image_dino_cosine,0.907052238782247
36,n02486410/ILSVRC2012_val_00009799_n02486410,target_4dB,4,CL,V_decision,fused_image_dino_cosine,0.9260267217954
37,n02509815/ILSVRC2012_val_00014423_n02509815,target_4dB,4,CL,V_decision,fused_image_dino_cosine,0.9376017451286316
38,n02708093/ILSVRC2012_val_00024690_n02708093,target_4dB,4,CL,V_decision,fused_image_dino_cosine,0.9583353201548258
39,n02776631/ILSVRC2012_val_00028186_n02776631,target_4dB,4,CL,V_decision,fused_image_dino_cosine,0.9106776913007101
40,n02788148/ILSVRC2012_val_00012264_n02788148,target_4dB,4,CL,V_decision,fused_image_dino_cosine,0.9661564429601034
41,n02834397/ILSVRC2012_val_00010741_n02834397,target_4dB,4,CL,V_decision,fused_image_dino_cosine,0.9177961548169454
42,n02841315/ILSVRC2012_val_00014601_n02841315,target_4dB,4,CL,V_decision,fused_image_dino_cosine,0.9317329923311869
43,n02910353/ILSVRC2012_val_00017543_n02910353,target_4dB,4,CL,V_decision,fused_image_dino_cosine,0.9001769423484802
44,n02951585/ILSVRC2012_val_00008336_n02951585,target_4dB,4,CL,V_decision,fused_image_dino_cosine,0.8059848546981812
45,n02980441/ILSVRC2012_val_00023472_n02980441,target_4dB,4,CL,V_decision,fused_image_dino_cosine,0.915946900844574
46,n03028079/ILSVRC2012_val_00031446_n03028079,target_4dB,4,CL,V_decision,fused_image_dino_cosine,0.8916343450546265
47,n03109150/ILSVRC2012_val_00032588_n03109150,target_4dB,4,CL,V_decision,fused_image_dino_cosine,0.8753879268964132
48,n03127747/ILSVRC2012_val_00003732_n03127747,target_4dB,4,CL,V_decision,fused_image_dino_cosine,0.9412305355072021
49,n03220513/ILSVRC2012_val_00006359_n03220513,target_4dB,4,CL,V_decision,fused_image_dino_cosine,0.8336159586906433
50,n03372029/ILSVRC2012_val_00034937_n03372029,target_4dB,4,CL,V_decision,fused_image_dino_cosine,0.8948386510213217
51,n03388549/ILSVRC2012_val_00022928_n03388549,target_4dB,4,CL,V_decision,fused_image_dino_cosine,0.9061998128890991
52,n03424325/ILSVRC2012_val_00006147_n03424325,target_4dB,4,CL,V_decision,fused_image_dino_cosine,0.9692650039990743
53,n03447721/ILSVRC2012_val_00006942_n03447721,target_4dB,4,CL,V_decision,fused_image_dino_cosine,0.9291947682698568
54,n03485794/ILSVRC2012_val_00010782_n03485794,target_4dB,4,CL,V_decision,fused_image_dino_cosine,0.9385980168978373
55,n03527444/ILSVRC2012_val_00035251_n03527444,target_4dB,4,CL,V_decision,fused_image_dino_cosine,0.9558192690213522
56,n03584254/ILSVRC2012_val_00016384_n03584254,target_4dB,4,CL,V_decision,fused_image_dino_cosine,0.8721534411112467
57,n03623198/ILSVRC2012_val_00019928_n03623198,target_4dB,4,CL,V_decision,fused_image_dino_cosine,0.9526186982790629
58,n03657121/ILSVRC2012_val_00000359_n03657121,target_4dB,4,CL,V_decision,fused_image_dino_cosine,0.9223882754643759
59,n03706229/ILSVRC2012_val_00017460_n03706229,target_4dB,4,CL,V_decision,fused_image_dino_cosine,0.9061595996220907
60,n03759954/ILSVRC2012_val_00010804_n03759954,target_4dB,4,CL,V_decision,fused_image_dino_cosine,0.9384823044141134
61,n03775071/ILSVRC2012_val_00002420_n03775071,target_4dB,4,CL,V_decision,fused_image_dino_cosine,0.8865735530853271
62,n03782006/ILSVRC2012_val_00004758_n03782006,target_4dB,4,CL,V_decision,fused_image_dino_cosine,0.9568815430005392
63,n03796401/ILSVRC2012_val_00025827_n03796401,target_4dB,4,CL,V_decision,fused_image_dino_cosine,0.9381536245346069
64,n03866082/ILSVRC2012_val_00003554_n03866082,target_4dB,4,CL,V_decision,fused_image_dino_cosine,0.922283947467804
65,n03876231/ILSVRC2012_val_00022714_n03876231,target_4dB,4,CL,V_decision,fused_image_dino_cosine,0.9468131264050802
66,n03929660/ILSVRC2012_val_00012300_n03929660,target_4dB,4,CL,V_decision,fused_image_dino_cosine,0.9153955380121866
67,n03950228/ILSVRC2012_val_00019039_n03950228,target_4dB,4,CL,V_decision,fused_image_dino_cosine,0.9143179456392924
68,n03977966/ILSVRC2012_val_00027383_n03977966,target_4dB,4,CL,V_decision,fused_image_dino_cosine,0.8989258408546448
69,n03983396/ILSVRC2012_val_00012891_n03983396,target_4dB,4,CL,V_decision,fused_image_dino_cosine,0.9396940271059672
70,n04044716/ILSVRC2012_val_00039752_n04044716,target_4dB,4,CL,V_decision,fused_image_dino_cosine,0.9374282757441202
71,n04067472/ILSVRC2012_val_00007618_n04067472,target_4dB,4,CL,V_decision,fused_image_dino_cosine,0.9311297138532003
72,n04111531/ILSVRC2012_val_00013982_n04111531,target_4dB,4,CL,V_decision,fused_image_dino_cosine,0.9023913939793905
73,n04131690/ILSVRC2012_val_00002728_n04131690,target_4dB,4,CL,V_decision,fused_image_dino_cosine,0.9273966948191324
74,n04153751/ILSVRC2012_val_00008426_n04153751,target_4dB,4,CL,V_decision,fused_image_dino_cosine,0.9428753058115641
75,n04204347/ILSVRC2012_val_00018921_n04204347,target_4dB,4,CL,V_decision,fused_image_dino_cosine,0.869384785493215
76,n04235860/ILSVRC2012_val_00004033_n04235860,target_4dB,4,CL,V_decision,fused_image_dino_cosine,0.8674702048301697
77,n04252077/ILSVRC2012_val_00012989_n04252077,target_4dB,4,CL,V_decision,fused_image_dino_cosine,0.9068713585535685
78,n04310018/ILSVRC2012_val_00003156_n04310018,target_4dB,4,CL,V_decision,fused_image_dino_cosine,0.9536566535631815
79,n04328186/ILSVRC2012_val_00014795_n04328186,target_4dB,4,CL,V_decision,fused_image_dino_cosine,0.9028311570485433
80,n04346328/ILSVRC2012_val_00003305_n04346328,target_4dB,4,CL,V_decision,fused_image_dino_cosine,0.9117045005162557
81,n04357314/ILSVRC2012_val_00009430_n04357314,target_4dB,4,CL,V_decision,fused_image_dino_cosine,0.9207043250401815
82,n04371774/ILSVRC2012_val_00030870_n04371774,target_4dB,4,CL,V_decision,fused_image_dino_cosine,0.8619614640871683
83,n04392985/ILSVRC2012_val_00029362_n04392985,target_4dB,4,CL,V_decision,fused_image_dino_cosine,0.9141281843185425
84,n04456115/ILSVRC2012_val_00002331_n04456115,target_4dB,4,CL,V_decision,fused_image_dino_cosine,0.7936631242434183
85,n04485082/ILSVRC2012_val_00000955_n04485082,target_4dB,4,CL,V_decision,fused_image_dino_cosine,0.9644691745440165
86,n04515003/ILSVRC2012_val_00002400_n04515003,target_4dB,4,CL,V_decision,fused_image_dino_cosine,0.9705282847086588
87,n04540053/ILSVRC2012_val_00007665_n04540053,target_4dB,4,CL,V_decision,fused_image_dino_cosine,0.9519451459248861
88,n04560804/ILSVRC2012_val_00029830_n04560804,target_4dB,4,CL,V_decision,fused_image_dino_cosine,0.9555606444676717
89,n04596742/ILSVRC2012_val_00007608_n04596742,target_4dB,4,CL,V_decision,fused_image_dino_cosine,0.9325195550918579
90,n07583066/ILSVRC2012_val_00001378_n07583066,target_4dB,4,CL,V_decision,fused_image_dino_cosine,0.8726528882980347
91,n07590611/ILSVRC2012_val_00030972_n07590611,target_4dB,4,CL,V_decision,fused_image_dino_cosine,0.882238507270813
92,n07714990/ILSVRC2012_val_00008416_n07714990,target_4dB,4,CL,V_decision,fused_image_dino_cosine,0.9325557152430216
93,n07716906/ILSVRC2012_val_00011140_n07716906,target_4dB,4,CL,V_decision,fused_image_dino_cosine,0.9468172192573547
94,n07720875/ILSVRC2012_val_00000423_n07720875,target_4dB,4,CL,V_decision,fused_image_dino_cosine,0.9273389975229899
95,n07860988/ILSVRC2012_val_00010848_n07860988,target_4dB,4,CL,V_decision,fused_image_dino_cosine,0.9357278943061829
96,n09288635/ILSVRC2012_val_00001270_n09288635,target_4dB,4,CL,V_decision,fused_image_dino_cosine,0.9152905742327372
97,n09468604/ILSVRC2012_val_00030741_n09468604,target_4dB,4,CL,V_decision,fused_image_dino_cosine,0.7044438123703003
98,n11939491/ILSVRC2012_val_00034896_n11939491,target_4dB,4,CL,V_decision,fused_image_dino_cosine,0.9137876431147257
99,n15075141/ILSVRC2012_val_00005846_n15075141,target_4dB,4,CL,V_decision,fused_image_dino_cosine,0.8911343216896057
0,n01440764/ILSVRC2012_val_00003014_n01440764,target_4dB,4,CL,V_decision,path_accuracy,0.3905282195101907
1,n01601694/ILSVRC2012_val_00021656_n01601694,target_4dB,4,CL,V_decision,path_accuracy,0.28726317663817663
2,n01664065/ILSVRC2012_val_00014316_n01664065,target_4dB,4,CL,V_decision,path_accuracy,0.3468053021586675
3,n01689811/ILSVRC2012_val_00020598_n01689811,target_4dB,4,CL,V_decision,path_accuracy,0.3176813773833005
4,n01735189/ILSVRC2012_val_00006699_n01735189,target_4dB,4,CL,V_decision,path_accuracy,0.2948190609248302
5,n01744401/ILSVRC2012_val_00032663_n01744401,target_4dB,4,CL,V_decision,path_accuracy,0.2624018669186939
6,n01751748/ILSVRC2012_val_00033157_n01751748,target_4dB,4,CL,V_decision,path_accuracy,0.291751088921762
7,n01775062/ILSVRC2012_val_00036589_n01775062,target_4dB,4,CL,V_decision,path_accuracy,0.32944921789392945
8,n01843383/ILSVRC2012_val_00005901_n01843383,target_4dB,4,CL,V_decision,path_accuracy,0.30687482878588646
9,n01860187/ILSVRC2012_val_00021594_n01860187,target_4dB,4,CL,V_decision,path_accuracy,0.2579146292187157
10,n01882714/ILSVRC2012_val_00019996_n01882714,target_4dB,4,CL,V_decision,path_accuracy,0.3239098009807145
11,n01943899/ILSVRC2012_val_00005706_n01943899,target_4dB,4,CL,V_decision,path_accuracy,0.2881911674063116
12,n01955084/ILSVRC2012_val_00001857_n01955084,target_4dB,4,CL,V_decision,path_accuracy,0.25014551487508213
13,n01983481/ILSVRC2012_val_00019856_n01983481,target_4dB,4,CL,V_decision,path_accuracy,0.3261691903627
14,n02013706/ILSVRC2012_val_00003168_n02013706,target_4dB,4,CL,V_decision,path_accuracy,0.3244970688143765
15,n02027492/ILSVRC2012_val_00007524_n02027492,target_4dB,4,CL,V_decision,path_accuracy,0.25271964031339034
16,n02088094/ILSVRC2012_val_00005507_n02088094,target_4dB,4,CL,V_decision,path_accuracy,0.2932714907955293
17,n02090622/ILSVRC2012_val_00006265_n02090622,target_4dB,4,CL,V_decision,path_accuracy,0.20344356440390096
18,n02096177/ILSVRC2012_val_00019083_n02096177,target_4dB,4,CL,V_decision,path_accuracy,0.29503868754109136
19,n02098286/ILSVRC2012_val_00038253_n02098286,target_4dB,4,CL,V_decision,path_accuracy,0.20891835141354367
20,n02102480/ILSVRC2012_val_00010261_n02102480,target_4dB,4,CL,V_decision,path_accuracy,0.2741752958579881
21,n02105641/ILSVRC2012_val_00018762_n02105641,target_4dB,4,CL,V_decision,path_accuracy,0.3265753581799255
22,n02106550/ILSVRC2012_val_00014315_n02106550,target_4dB,4,CL,V_decision,path_accuracy,0.317088901216305
23,n02107683/ILSVRC2012_val_00010786_n02107683,target_4dB,4,CL,V_decision,path_accuracy,0.27307021833223755
24,n02110806/ILSVRC2012_val_00030364_n02110806,target_4dB,4,CL,V_decision,path_accuracy,0.3098670762108262
25,n02113799/ILSVRC2012_val_00007866_n02113799,target_4dB,4,CL,V_decision,path_accuracy,0.2770494671816787
26,n02123159/ILSVRC2012_val_00025723_n02123159,target_4dB,4,CL,V_decision,path_accuracy,0.28653213688910806
27,n02134084/ILSVRC2012_val_00020332_n02134084,target_4dB,4,CL,V_decision,path_accuracy,0.23402599030243257
28,n02168699/ILSVRC2012_val_00040132_n02168699,target_4dB,4,CL,V_decision,path_accuracy,0.20051960744028052
29,n02233338/ILSVRC2012_val_00016160_n02233338,target_4dB,4,CL,V_decision,path_accuracy,0.26977362412338374
30,n02264363/ILSVRC2012_val_00027803_n02264363,target_4dB,4,CL,V_decision,path_accuracy,0.2327370356673241
31,n02277742/ILSVRC2012_val_00015608_n02277742,target_4dB,4,CL,V_decision,path_accuracy,0.3150917604920009
32,n02325366/ILSVRC2012_val_00024858_n02325366,target_4dB,4,CL,V_decision,path_accuracy,0.35735189636752135
33,n02398521/ILSVRC2012_val_00018354_n02398521,target_4dB,4,CL,V_decision,path_accuracy,0.26872357481371906
34,n02410509/ILSVRC2012_val_00022568_n02410509,target_4dB,4,CL,V_decision,path_accuracy,0.2903887210990576
35,n02437312/ILSVRC2012_val_00006245_n02437312,target_4dB,4,CL,V_decision,path_accuracy,0.3071881232193732
36,n02486410/ILSVRC2012_val_00009799_n02486410,target_4dB,4,CL,V_decision,path_accuracy,0.2603960285174227
37,n02509815/ILSVRC2012_val_00014423_n02509815,target_4dB,4,CL,V_decision,path_accuracy,0.2681762375356125
38,n02708093/ILSVRC2012_val_00024690_n02708093,target_4dB,4,CL,V_decision,path_accuracy,0.27256365398312515
39,n02776631/ILSVRC2012_val_00028186_n02776631,target_4dB,4,CL,V_decision,path_accuracy,0.24796729125575276
40,n02788148/ILSVRC2012_val_00012264_n02788148,target_4dB,4,CL,V_decision,path_accuracy,0.22351059472934476
41,n02834397/ILSVRC2012_val_00010741_n02834397,target_4dB,4,CL,V_decision,path_accuracy,0.27034892409051064
42,n02841315/ILSVRC2012_val_00014601_n02841315,target_4dB,4,CL,V_decision,path_accuracy,0.232124797967346
43,n02910353/ILSVRC2012_val_00017543_n02910353,target_4dB,4,CL,V_decision,path_accuracy,0.297639447046899
44,n02951585/ILSVRC2012_val_00008336_n02951585,target_4dB,4,CL,V_decision,path_accuracy,0.23994756738987508
45,n02980441/ILSVRC2012_val_00023472_n02980441,target_4dB,4,CL,V_decision,path_accuracy,0.26296347318102126
46,n03028079/ILSVRC2012_val_00031446_n03028079,target_4dB,4,CL,V_decision,path_accuracy,0.27642651832675874
47,n03109150/ILSVRC2012_val_00032588_n03109150,target_4dB,4,CL,V_decision,path_accuracy,0.2010905414475126
48,n03127747/ILSVRC2012_val_00003732_n03127747,target_4dB,4,CL,V_decision,path_accuracy,0.25361697690664037
49,n03220513/ILSVRC2012_val_00006359_n03220513,target_4dB,4,CL,V_decision,path_accuracy,0.2699948224852071
50,n03372029/ILSVRC2012_val_00034937_n03372029,target_4dB,4,CL,V_decision,path_accuracy,0.26710229358426474
51,n03388549/ILSVRC2012_val_00022928_n03388549,target_4dB,4,CL,V_decision,path_accuracy,0.29208890121630504
52,n03424325/ILSVRC2012_val_00006147_n03424325,target_4dB,4,CL,V_decision,path_accuracy,0.23410426254657024
53,n03447721/ILSVRC2012_val_00006942_n03447721,target_4dB,4,CL,V_decision,path_accuracy,0.29274230563773834
54,n03485794/ILSVRC2012_val_00010782_n03485794,target_4dB,4,CL,V_decision,path_accuracy,0.22184242480276137
55,n03527444/ILSVRC2012_val_00035251_n03527444,target_4dB,4,CL,V_decision,path_accuracy,0.22043584264738106
56,n03584254/ILSVRC2012_val_00016384_n03584254,target_4dB,4,CL,V_decision,path_accuracy,0.1593780578840675
57,n03623198/ILSVRC2012_val_00019928_n03623198,target_4dB,4,CL,V_decision,path_accuracy,0.20568065143545913
58,n03657121/ILSVRC2012_val_00000359_n03657121,target_4dB,4,CL,V_decision,path_accuracy,0.3170686294652641
59,n03706229/ILSVRC2012_val_00017460_n03706229,target_4dB,4,CL,V_decision,path_accuracy,0.2534668803418803
60,n03759954/ILSVRC2012_val_00010804_n03759954,target_4dB,4,CL,V_decision,path_accuracy,0.23861599756191101
61,n03775071/ILSVRC2012_val_00002420_n03775071,target_4dB,4,CL,V_decision,path_accuracy,0.21567298104317337
62,n03782006/ILSVRC2012_val_00004758_n03782006,target_4dB,4,CL,V_decision,path_accuracy,0.2530383896285338
63,n03796401/ILSVRC2012_val_00025827_n03796401,target_4dB,4,CL,V_decision,path_accuracy,0.25077144285557745
64,n03866082/ILSVRC2012_val_00003554_n03866082,target_4dB,4,CL,V_decision,path_accuracy,0.2328813451950471
65,n03876231/ILSVRC2012_val_00022714_n03876231,target_4dB,4,CL,V_decision,path_accuracy,0.2733301076594346
66,n03929660/ILSVRC2012_val_00012300_n03929660,target_4dB,4,CL,V_decision,path_accuracy,0.24783928473591932
67,n03950228/ILSVRC2012_val_00019039_n03950228,target_4dB,4,CL,V_decision,path_accuracy,0.23551757341661186
68,n03977966/ILSVRC2012_val_00027383_n03977966,target_4dB,4,CL,V_decision,path_accuracy,0.3750246479837826
69,n03983396/ILSVRC2012_val_00012891_n03983396,target_4dB,4,CL,V_decision,path_accuracy,0.32542263176638175
70,n04044716/ILSVRC2012_val_00039752_n04044716,target_4dB,4,CL,V_decision,path_accuracy,0.2659292646011396
71,n04067472/ILSVRC2012_val_00007618_n04067472,target_4dB,4,CL,V_decision,path_accuracy,0.32648954566622834
72,n04111531/ILSVRC2012_val_00013982_n04111531,target_4dB,4,CL,V_decision,path_accuracy,0.2635759403079115
73,n04131690/ILSVRC2012_val_00002728_n04131690,target_4dB,4,CL,V_decision,path_accuracy,0.264743302103879
74,n04153751/ILSVRC2012_val_00008426_n04153751,target_4dB,4,CL,V_decision,path_accuracy,0.2843697403024326
75,n04204347/ILSVRC2012_val_00018921_n04204347,target_4dB,4,CL,V_decision,path_accuracy,0.19065260998794653
76,n04235860/ILSVRC2012_val_00004033_n04235860,target_4dB,4,CL,V_decision,path_accuracy,0.3281858084045584
77,n04252077/ILSVRC2012_val_00012989_n04252077,target_4dB,4,CL,V_decision,path_accuracy,0.30543033640149025
78,n04310018/ILSVRC2012_val_00003156_n04310018,target_4dB,4,CL,V_decision,path_accuracy,0.3163043433596318
79,n04328186/ILSVRC2012_val_00014795_n04328186,target_4dB,4,CL,V_decision,path_accuracy,0.2562643169241727
80,n04346328/ILSVRC2012_val_00003305_n04346328,target_4dB,4,CL,V_decision,path_accuracy,0.260436322046899
81,n04357314/ILSVRC2012_val_00009430_n04357314,target_4dB,4,CL,V_decision,path_accuracy,0.2852204655654175
82,n04371774/ILSVRC2012_val_00030870_n04371774,target_4dB,4,CL,V_decision,path_accuracy,0.24324664077909267
83,n04392985/ILSVRC2012_val_00029362_n04392985,target_4dB,4,CL,V_decision,path_accuracy,0.3288846530517204
84,n04456115/ILSVRC2012_val_00002331_n04456115,target_4dB,4,CL,V_decision,path_accuracy,0.228665885930309
85,n04485082/ILSVRC2012_val_00000955_n04485082,target_4dB,4,CL,V_decision,path_accuracy,0.3005303870808679
86,n04515003/ILSVRC2012_val_00002400_n04515003,target_4dB,4,CL,V_decision,path_accuracy,0.25438834100372565
87,n04540053/ILSVRC2012_val_00007665_n04540053,target_4dB,4,CL,V_decision,path_accuracy,0.21702150791694064
88,n04560804/ILSVRC2012_val_00029830_n04560804,target_4dB,4,CL,V_decision,path_accuracy,0.3808585086565856
89,n04596742/ILSVRC2012_val_00007608_n04596742,target_4dB,4,CL,V_decision,path_accuracy,0.3366169940280517
90,n07583066/ILSVRC2012_val_00001378_n07583066,target_4dB,4,CL,V_decision,path_accuracy,0.288442489179268
91,n07590611/ILSVRC2012_val_00030972_n07590611,target_4dB,4,CL,V_decision,path_accuracy,0.3018559130506246
92,n07714990/ILSVRC2012_val_00008416_n07714990,target_4dB,4,CL,V_decision,path_accuracy,0.27241267737782165
93,n07716906/ILSVRC2012_val_00011140_n07716906,target_4dB,4,CL,V_decision,path_accuracy,0.27819148244028047
94,n07720875/ILSVRC2012_val_00000423_n07720875,target_4dB,4,CL,V_decision,path_accuracy,0.14425434541420115
95,n07860988/ILSVRC2012_val_00010848_n07860988,target_4dB,4,CL,V_decision,path_accuracy,0.2809712257560815
96,n09288635/ILSVRC2012_val_00001270_n09288635,target_4dB,4,CL,V_decision,path_accuracy,0.28316661530243264
97,n09468604/ILSVRC2012_val_00030741_n09468604,target_4dB,4,CL,V_decision,path_accuracy,0.24474718523997366
98,n11939491/ILSVRC2012_val_00034896_n11939491,target_4dB,4,CL,V_decision,path_accuracy,0.2801143813006794
99,n15075141/ILSVRC2012_val_00005846_n15075141,target_4dB,4,CL,V_decision,path_accuracy,0.2679014183377164
0,n01440764/ILSVRC2012_val_00003014_n01440764,target_4dB,4,CL,V_decision,path_accuracy_token_weighted,0.15343137254901962
1,n01601694/ILSVRC2012_val_00021656_n01601694,target_4dB,4,CL,V_decision,path_accuracy_token_weighted,0.07990196078431372
2,n01664065/ILSVRC2012_val_00014316_n01664065,target_4dB,4,CL,V_decision,path_accuracy_token_weighted,0.15049019607843137
3,n01689811/ILSVRC2012_val_00020598_n01689811,target_4dB,4,CL,V_decision,path_accuracy_token_weighted,0.14460784313725492
4,n01735189/ILSVRC2012_val_00006699_n01735189,target_4dB,4,CL,V_decision,path_accuracy_token_weighted,0.1142156862745098
5,n01744401/ILSVRC2012_val_00032663_n01744401,target_4dB,4,CL,V_decision,path_accuracy_token_weighted,0.057352941176470586
6,n01751748/ILSVRC2012_val_00033157_n01751748,target_4dB,4,CL,V_decision,path_accuracy_token_weighted,0.07549019607843137
7,n01775062/ILSVRC2012_val_00036589_n01775062,target_4dB,4,CL,V_decision,path_accuracy_token_weighted,0.14411764705882352
8,n01843383/ILSVRC2012_val_00005901_n01843383,target_4dB,4,CL,V_decision,path_accuracy_token_weighted,0.15196078431372548
9,n01860187/ILSVRC2012_val_00021594_n01860187,target_4dB,4,CL,V_decision,path_accuracy_token_weighted,0.12009803921568628
10,n01882714/ILSVRC2012_val_00019996_n01882714,target_4dB,4,CL,V_decision,path_accuracy_token_weighted,0.1176470588235294
11,n01943899/ILSVRC2012_val_00005706_n01943899,target_4dB,4,CL,V_decision,path_accuracy_token_weighted,0.10343137254901962
12,n01955084/ILSVRC2012_val_00001857_n01955084,target_4dB,4,CL,V_decision,path_accuracy_token_weighted,0.11862745098039214
13,n01983481/ILSVRC2012_val_00019856_n01983481,target_4dB,4,CL,V_decision,path_accuracy_token_weighted,0.13921568627450978
14,n02013706/ILSVRC2012_val_00003168_n02013706,target_4dB,4,CL,V_decision,path_accuracy_token_weighted,0.14607843137254903
15,n02027492/ILSVRC2012_val_00007524_n02027492,target_4dB,4,CL,V_decision,path_accuracy_token_weighted,0.10784313725490195
16,n02088094/ILSVRC2012_val_00005507_n02088094,target_4dB,4,CL,V_decision,path_accuracy_token_weighted,0.1176470588235294
17,n02090622/ILSVRC2012_val_00006265_n02090622,target_4dB,4,CL,V_decision,path_accuracy_token_weighted,0.11176470588235293
18,n02096177/ILSVRC2012_val_00019083_n02096177,target_4dB,4,CL,V_decision,path_accuracy_token_weighted,0.08529411764705881
19,n02098286/ILSVRC2012_val_00038253_n02098286,target_4dB,4,CL,V_decision,path_accuracy_token_weighted,0.06764705882352941
20,n02102480/ILSVRC2012_val_00010261_n02102480,target_4dB,4,CL,V_decision,path_accuracy_token_weighted,0.07647058823529412
21,n02105641/ILSVRC2012_val_00018762_n02105641,target_4dB,4,CL,V_decision,path_accuracy_token_weighted,0.13823529411764704
22,n02106550/ILSVRC2012_val_00014315_n02106550,target_4dB,4,CL,V_decision,path_accuracy_token_weighted,0.14362745098039217
23,n02107683/ILSVRC2012_val_00010786_n02107683,target_4dB,4,CL,V_decision,path_accuracy_token_weighted,0.09166666666666667
24,n02110806/ILSVRC2012_val_00030364_n02110806,target_4dB,4,CL,V_decision,path_accuracy_token_weighted,0.13578431372549019
25,n02113799/ILSVRC2012_val_00007866_n02113799,target_4dB,4,CL,V_decision,path_accuracy_token_weighted,0.11225490196078432
26,n02123159/ILSVRC2012_val_00025723_n02123159,target_4dB,4,CL,V_decision,path_accuracy_token_weighted,0.1387254901960784
27,n02134084/ILSVRC2012_val_00020332_n02134084,target_4dB,4,CL,V_decision,path_accuracy_token_weighted,0.07892156862745098
28,n02168699/ILSVRC2012_val_00040132_n02168699,target_4dB,4,CL,V_decision,path_accuracy_token_weighted,0.07303921568627451
29,n02233338/ILSVRC2012_val_00016160_n02233338,target_4dB,4,CL,V_decision,path_accuracy_token_weighted,0.10049019607843136
30,n02264363/ILSVRC2012_val_00027803_n02264363,target_4dB,4,CL,V_decision,path_accuracy_token_weighted,0.059803921568627454
31,n02277742/ILSVRC2012_val_00015608_n02277742,target_4dB,4,CL,V_decision,path_accuracy_token_weighted,0.14068627450980395
32,n02325366/ILSVRC2012_val_00024858_n02325366,target_4dB,4,CL,V_decision,path_accuracy_token_weighted,0.14901960784313725
33,n02398521/ILSVRC2012_val_00018354_n02398521,target_4dB,4,CL,V_decision,path_accuracy_token_weighted,0.10049019607843136
34,n02410509/ILSVRC2012_val_00022568_n02410509,target_4dB,4,CL,V_decision,path_accuracy_token_weighted,0.08725490196078432
35,n02437312/ILSVRC2012_val_00006245_n02437312,target_4dB,4,CL,V_decision,path_accuracy_token_weighted,0.12794117647058822
36,n02486410/ILSVRC2012_val_00009799_n02486410,target_4dB,4,CL,V_decision,path_accuracy_token_weighted,0.10490196078431373
37,n02509815/ILSVRC2012_val_00014423_n02509815,target_4dB,4,CL,V_decision,path_accuracy_token_weighted,0.08529411764705881
38,n02708093/ILSVRC2012_val_00024690_n02708093,target_4dB,4,CL,V_decision,path_accuracy_token_weighted,0.1053921568627451
39,n02776631/ILSVRC2012_val_00028186_n02776631,target_4dB,4,CL,V_decision,path_accuracy_token_weighted,0.11568627450980391
40,n02788148/ILSVRC2012_val_00012264_n02788148,target_4dB,4,CL,V_decision,path_accuracy_token_weighted,0.10441176470588236
41,n02834397/ILSVRC2012_val_00010741_n02834397,target_4dB,4,CL,V_decision,path_accuracy_token_weighted,0.0784313725490196
42,n02841315/ILSVRC2012_val_00014601_n02841315,target_4dB,4,CL,V_decision,path_accuracy_token_weighted,0.11372549019607843
43,n02910353/ILSVRC2012_val_00017543_n02910353,target_4dB,4,CL,V_decision,path_accuracy_token_weighted,0.1073529411764706
44,n02951585/ILSVRC2012_val_00008336_n02951585,target_4dB,4,CL,V_decision,path_accuracy_token_weighted,0.07107843137254903
45,n02980441/ILSVRC2012_val_00023472_n02980441,target_4dB,4,CL,V_decision,path_accuracy_token_weighted,0.0980392156862745
46,n03028079/ILSVRC2012_val_00031446_n03028079,target_4dB,4,CL,V_decision,path_accuracy_token_weighted,0.1053921568627451
47,n03109150/ILSVRC2012_val_00032588_n03109150,target_4dB,4,CL,V_decision,path_accuracy_token_weighted,0.0607843137254902
48,n03127747/ILSVRC2012_val_00003732_n03127747,target_4dB,4,CL,V_decision,path_accuracy_token_weighted,0.10441176470588236
49,n03220513/ILSVRC2012_val_00006359_n03220513,target_4dB,4,CL,V_decision,path_accuracy_token_weighted,0.09117647058823529
50,n03372029/ILSVRC2012_val_00034937_n03372029,target_4dB,4,CL,V_decision,path_accuracy_token_weighted,0.12303921568627452
51,n03388549/ILSVRC2012_val_00022928_n03388549,target_4dB,4,CL,V_decision,path_accuracy_token_weighted,0.11568627450980391
52,n03424325/ILSVRC2012_val_00006147_n03424325,target_4dB,4,CL,V_decision,path_accuracy_token_weighted,0.09999999999999999
53,n03447721/ILSVRC2012_val_00006942_n03447721,target_4dB,4,CL,V_decision,path_accuracy_token_weighted,0.16715686274509803
54,n03485794/ILSVRC2012_val_00010782_n03485794,target_4dB,4,CL,V_decision,path_accuracy_token_weighted,0.08284313725490196
55,n03527444/ILSVRC2012_val_00035251_n03527444,target_4dB,4,CL,V_decision,path_accuracy_token_weighted,0.10000000000000002
56,n03584254/ILSVRC2012_val_00016384_n03584254,target_4dB,4,CL,V_decision,path_accuracy_token_weighted,0.048039215686274506
57,n03623198/ILSVRC2012_val_00019928_n03623198,target_4dB,4,CL,V_decision,path_accuracy_token_weighted,0.07990196078431372
58,n03657121/ILSVRC2012_val_00000359_n03657121,target_4dB,4,CL,V_decision,path_accuracy_token_weighted,0.11225490196078432
59,n03706229/ILSVRC2012_val_00017460_n03706229,target_4dB,4,CL,V_decision,path_accuracy_token_weighted,0.05147058823529412
60,n03759954/ILSVRC2012_val_00010804_n03759954,target_4dB,4,CL,V_decision,path_accuracy_token_weighted,0.1892156862745098
61,n03775071/ILSVRC2012_val_00002420_n03775071,target_4dB,4,CL,V_decision,path_accuracy_token_weighted,0.0553921568627451
62,n03782006/ILSVRC2012_val_00004758_n03782006,target_4dB,4,CL,V_decision,path_accuracy_token_weighted,0.09558823529411764
63,n03796401/ILSVRC2012_val_00025827_n03796401,target_4dB,4,CL,V_decision,path_accuracy_token_weighted,0.09215686274509804
64,n03866082/ILSVRC2012_val_00003554_n03866082,target_4dB,4,CL,V_decision,path_accuracy_token_weighted,0.1073529411764706
65,n03876231/ILSVRC2012_val_00022714_n03876231,target_4dB,4,CL,V_decision,path_accuracy_token_weighted,0.06715686274509804
66,n03929660/ILSVRC2012_val_00012300_n03929660,target_4dB,4,CL,V_decision,path_accuracy_token_weighted,0.047058823529411764
67,n03950228/ILSVRC2012_val_00019039_n03950228,target_4dB,4,CL,V_decision,path_accuracy_token_weighted,0.0769607843137255
68,n03977966/ILSVRC2012_val_00027383_n03977966,target_4dB,4,CL,V_decision,path_accuracy_token_weighted,0.14264705882352943
69,n03983396/ILSVRC2012_val_00012891_n03983396,target_4dB,4,CL,V_decision,path_accuracy_token_weighted,0.11960784313725491
70,n04044716/ILSVRC2012_val_00039752_n04044716,target_4dB,4,CL,V_decision,path_accuracy_token_weighted,0.059803921568627454
71,n04067472/ILSVRC2012_val_00007618_n04067472,target_4dB,4,CL,V_decision,path_accuracy_token_weighted,0.13872549019607844
72,n04111531/ILSVRC2012_val_00013982_n04111531,target_4dB,4,CL,V_decision,path_accuracy_token_weighted,0.09950980392156862
73,n04131690/ILSVRC2012_val_00002728_n04131690,target_4dB,4,CL,V_decision,path_accuracy_token_weighted,0.0696078431372549
74,n04153751/ILSVRC2012_val_00008426_n04153751,target_4dB,4,CL,V_decision,path_accuracy_token_weighted,0.07107843137254902
75,n04204347/ILSVRC2012_val_00018921_n04204347,target_4dB,4,CL,V_decision,path_accuracy_token_weighted,0.07450980392156863
76,n04235860/ILSVRC2012_val_00004033_n04235860,target_4dB,4,CL,V_decision,path_accuracy_token_weighted,0.12892156862745097
77,n04252077/ILSVRC2012_val_00012989_n04252077,target_4dB,4,CL,V_decision,path_accuracy_token_weighted,0.11911764705882354
78,n04310018/ILSVRC2012_val_00003156_n04310018,target_4dB,4,CL,V_decision,path_accuracy_token_weighted,0.1323529411764706
79,n04328186/ILSVRC2012_val_00014795_n04328186,target_4dB,4,CL,V_decision,path_accuracy_token_weighted,0.07303921568627451
80,n04346328/ILSVRC2012_val_00003305_n04346328,target_4dB,4,CL,V_decision,path_accuracy_token_weighted,0.11176470588235295
81,n04357314/ILSVRC2012_val_00009430_n04357314,target_4dB,4,CL,V_decision,path_accuracy_token_weighted,0.11715686274509803
82,n04371774/ILSVRC2012_val_00030870_n04371774,target_4dB,4,CL,V_decision,path_accuracy_token_weighted,0.09264705882352942
83,n04392985/ILSVRC2012_val_00029362_n04392985,target_4dB,4,CL,V_decision,path_accuracy_token_weighted,0.09852941176470588
84,n04456115/ILSVRC2012_val_00002331_n04456115,target_4dB,4,CL,V_decision,path_accuracy_token_weighted,0.11519607843137254
85,n04485082/ILSVRC2012_val_00000955_n04485082,target_4dB,4,CL,V_decision,path_accuracy_token_weighted,0.11519607843137254
86,n04515003/ILSVRC2012_val_00002400_n04515003,target_4dB,4,CL,V_decision,path_accuracy_token_weighted,0.10392156862745099
87,n04540053/ILSVRC2012_val_00007665_n04540053,target_4dB,4,CL,V_decision,path_accuracy_token_weighted,0.11715686274509803
88,n04560804/ILSVRC2012_val_00029830_n04560804,target_4dB,4,CL,V_decision,path_accuracy_token_weighted,0.18676470588235294
89,n04596742/ILSVRC2012_val_00007608_n04596742,target_4dB,4,CL,V_decision,path_accuracy_token_weighted,0.12352941176470589
90,n07583066/ILSVRC2012_val_00001378_n07583066,target_4dB,4,CL,V_decision,path_accuracy_token_weighted,0.12303921568627452
91,n07590611/ILSVRC2012_val_00030972_n07590611,target_4dB,4,CL,V_decision,path_accuracy_token_weighted,0.1735294117647059
92,n07714990/ILSVRC2012_val_00008416_n07714990,target_4dB,4,CL,V_decision,path_accuracy_token_weighted,0.125
93,n07716906/ILSVRC2012_val_00011140_n07716906,target_4dB,4,CL,V_decision,path_accuracy_token_weighted,0.08480392156862744
94,n07720875/ILSVRC2012_val_00000423_n07720875,target_4dB,4,CL,V_decision,path_accuracy_token_weighted,0.08431372549019607
95,n07860988/ILSVRC2012_val_00010848_n07860988,target_4dB,4,CL,V_decision,path_accuracy_token_weighted,0.13774509803921567
96,n09288635/ILSVRC2012_val_00001270_n09288635,target_4dB,4,CL,V_decision,path_accuracy_token_weighted,0.07401960784313726
97,n09468604/ILSVRC2012_val_00030741_n09468604,target_4dB,4,CL,V_decision,path_accuracy_token_weighted,0.10098039215686276
98,n11939491/ILSVRC2012_val_00034896_n11939491,target_4dB,4,CL,V_decision,path_accuracy_token_weighted,0.1176470588235294
99,n15075141/ILSVRC2012_val_00005846_n15075141,target_4dB,4,CL,V_decision,path_accuracy_token_weighted,0.11715686274509803
