source_index,source_id,level,snr_db,mode,profile,metric,value
0,n01440764/ILSVRC2012_val_00003014_n01440764,target_1dB,1,CL,A2_decision,latent_squared_error,5242.340843589499
1,n01601694/ILSVRC2012_val_00021656_n01601694,target_1dB,1,CL,A2_decision,latent_squared_error,3108.719001978725
2,n01664065/ILSVRC2012_val_00014316_n01664065,target_1dB,1,CL,A2_decision,latent_squared_error,5134.171503035171
3,n01689811/ILSVRC2012_val_00020598_n01689811,target_1dB,1,CL,A2_decision,latent_squared_error,4763.494573663005
4,n01735189/ILSVRC2012_val_00006699_n01735189,target_1dB,1,CL,A2_decision,latent_squared_error,3968.561382637143
5,n01744401/ILSVRC2012_val_00032663_n01744401,target_1dB,1,CL,A2_decision,latent_squared_error,2678.830251250834
6,n01751748/ILSVRC2012_val_00033157_n01751748,target_1dB,1,CL,A2_decision,latent_squared_error,3093.870658417119
7,n01775062/ILSVRC2012_val_00036589_n01775062,target_1dB,1,CL,A2_decision,latent_squared_error,5109.863396870071
8,n01843383/ILSVRC2012_val_00005901_n01843383,target_1dB,1,CL,A2_decision,latent_squared_error,5705.622923237176
9,n01860187/ILSVRC2012_val_00021594_n01860187,target_1dB,1,CL,A2_decision,latent_squared_error,4385.7670577444305
10,n01882714/ILSVRC2012_val_00019996_n01882714,target_1dB,1,CL,A2_decision,latent_squared_error,3834.8183010316375
11,n01943899/ILSVRC2012_val_00005706_n01943899,target_1dB,1,CL,A2_decision,latent_squared_error,3509.9483506792326
12,n01955084/ILSVRC2012_val_00001857_n01955084,target_1dB,1,CL,A2_decision,latent_squared_error,4502.187954441285
13,n01983481/ILSVRC2012_val_00019856_n01983481,target_1dB,1,CL,A2_decision,latent_squared_error,4800.051456871973
14,n02013706/ILSVRC2012_val_00003168_n02013706,target_1dB,1,CL,A2_decision,latent_squared_error,5105.650614914005
15,n02027492/ILSVRC2012_val_00007524_n02027492,target_1dB,1,CL,A2_decision,latent_squared_error,3339.704410980105
16,n02088094/ILSVRC2012_val_00005507_n02088094,target_1dB,1,CL,A2_decision,latent_squared_error,4007.054047882188
17,n02090622/ILSVRC2012_val_00006265_n02090622,target_1dB,1,CL,A2_decision,latent_squared_error,4145.505333651671
18,n02096177/ILSVRC2012_val_00019083_n02096177,target_1dB,1,CL,A2_decision,latent_squared_error,3144.4598445968404
19,n02098286/ILSVRC2012_val_00038253_n02098286,target_1dB,1,CL,A2_decision,latent_squared_error,2960.740860245724
20,n02102480/ILSVRC2012_val_00010261_n02102480,target_1dB,1,CL,A2_decision,latent_squared_error,2731.0875597507697
21,n02105641/ILSVRC2012_val_00018762_n02105641,target_1dB,1,CL,A2_decision,latent_squared_error,4013.3369542111627
22,n02106550/ILSVRC2012_val_00014315_n02106550,target_1dB,1,CL,A2_decision,latent_squared_error,4671.208674284765
23,n02107683/ILSVRC2012_val_00010786_n02107683,target_1dB,1,CL,A2_decision,latent_squared_error,3175.5683951088977
24,n02110806/ILSVRC2012_val_00030364_n02110806,target_1dB,1,CL,A2_decision,latent_squared_error,4887.342850970978
25,n02113799/ILSVRC2012_val_00007866_n02113799,target_1dB,1,CL,A2_decision,latent_squared_error,3618.1136413139643
26,n02123159/ILSVRC2012_val_00025723_n02123159,target_1dB,1,CL,A2_decision,latent_squared_error,4630.367587479912
27,n02134084/ILSVRC2012_val_00020332_n02134084,target_1dB,1,CL,A2_decision,latent_squared_error,3241.6762571083514
28,n02168699/ILSVRC2012_val_00040132_n02168699,target_1dB,1,CL,A2_decision,latent_squared_error,3090.150500910006
29,n02233338/ILSVRC2012_val_00016160_n02233338,target_1dB,1,CL,A2_decision,latent_squared_error,4043.573869632768
30,n02264363/ILSVRC2012_val_00027803_n02264363,target_1dB,1,CL,A2_decision,latent_squared_error,2644.9558655220353
31,n02277742/ILSVRC2012_val_00015608_n02277742,target_1dB,1,CL,A2_decision,latent_squared_error,5050.53083011763
32,n02325366/ILSVRC2012_val_00024858_n02325366,target_1dB,1,CL,A2_decision,latent_squared_error,5183.994161493036
33,n02398521/ILSVRC2012_val_00018354_n02398521,target_1dB,1,CL,A2_decision,latent_squared_error,3688.7212466608576
34,n02410509/ILSVRC2012_val_00022568_n02410509,target_1dB,1,CL,A2_decision,latent_squared_error,3126.3156638681535
35,n02437312/ILSVRC2012_val_00006245_n02437312,target_1dB,1,CL,A2_decision,latent_squared_error,4214.356328549831
36,n02486410/ILSVRC2012_val_00009799_n02486410,target_1dB,1,CL,A2_decision,latent_squared_error,3352.1500833153564
37,n02509815/ILSVRC2012_val_00014423_n02509815,target_1dB,1,CL,A2_decision,latent_squared_error,3405.357236015107
38,n02708093/ILSVRC2012_val_00024690_n02708093,target_1dB,1,CL,A2_decision,latent_squared_error,3141.596801481852
39,n02776631/ILSVRC2012_val_00028186_n02776631,target_1dB,1,CL,A2_decision,latent_squared_error,4035.477368000313
40,n02788148/ILSVRC2012_val_00012264_n02788148,target_1dB,1,CL,A2_decision,latent_squared_error,3451.17820660721
41,n02834397/ILSVRC2012_val_00010741_n02834397,target_1dB,1,CL,A2_decision,latent_squared_error,2920.6242505842442
42,n02841315/ILSVRC2012_val_00014601_n02841315,target_1dB,1,CL,A2_decision,latent_squared_error,3417.0616109308535
43,n02910353/ILSVRC2012_val_00017543_n02910353,target_1dB,1,CL,A2_decision,latent_squared_error,3901.7965652881044
44,n02951585/ILSVRC2012_val_00008336_n02951585,target_1dB,1,CL,A2_decision,latent_squared_error,3007.6100051356752
45,n02980441/ILSVRC2012_val_00023472_n02980441,target_1dB,1,CL,A2_decision,latent_squared_error,3178.1954239879183
46,n03028079/ILSVRC2012_val_00031446_n03028079,target_1dB,1,CL,A2_decision,latent_squared_error,3550.949532570759
47,n03109150/ILSVRC2012_val_00032588_n03109150,target_1dB,1,CL,A2_decision,latent_squared_error,2889.9863264463825
48,n03127747/ILSVRC2012_val_00003732_n03127747,target_1dB,1,CL,A2_decision,latent_squared_error,3817.8511856989703
49,n03220513/ILSVRC2012_val_00006359_n03220513,target_1dB,1,CL,A2_decision,latent_squared_error,3324.9863634931085
50,n03372029/ILSVRC2012_val_00034937_n03372029,target_1dB,1,CL,A2_decision,latent_squared_error,4186.896487293024
51,n03388549/ILSVRC2012_val_00022928_n03388549,target_1dB,1,CL,A2_decision,latent_squared_error,3556.720526370614
52,n03424325/ILSVRC2012_val_00006147_n03424325,target_1dB,1,CL,A2_decision,latent_squared_error,4073.658677090591
53,n03447721/ILSVRC2012_val_00006942_n03447721,target_1dB,1,CL,A2_decision,latent_squared_error,5558.6063335284525
54,n03485794/ILSVRC2012_val_00010782_n03485794,target_1dB,1,CL,A2_decision,latent_squared_error,3149.1914482390966
55,n03527444/ILSVRC2012_val_00035251_n03527444,target_1dB,1,CL,A2_decision,latent_squared_error,3651.8310168723815
56,n03584254/ILSVRC2012_val_00016384_n03584254,target_1dB,1,CL,A2_decision,latent_squared_error,2180.672885534622
57,n03623198/ILSVRC2012_val_00019928_n03623198,target_1dB,1,CL,A2_decision,latent_squared_error,2311.6452034496847
58,n03657121/ILSVRC2012_val_00000359_n03657121,target_1dB,1,CL,A2_decision,latent_squared_error,2284.5021240893816
59,n03706229/ILSVRC2012_val_00017460_n03706229,target_1dB,1,CL,A2_decision,latent_squared_error,2491.171733874731
60,n03759954/ILSVRC2012_val_00010804_n03759954,target_1dB,1,CL,A2_decision,latent_squared_error,7046.216888872087
61,n03775071/ILSVRC2012_val_00002420_n03775071,target_1dB,1,CL,A2_decision,latent_squared_error,2568.543774996541
62,n03782006/ILSVRC2012_val_00004758_n03782006,target_1dB,1,CL,A2_decision,latent_squared_error,3037.994392878491
63,n03796401/ILSVRC2012_val_00025827_n03796401,target_1dB,1,CL,A2_decision,latent_squared_error,3735.652207958527
64,n03866082/ILSVRC2012_val_00003554_n03866082,target_1dB,1,CL,A2_decision,latent_squared_error,3707.161640982183
65,n03876231/ILSVRC2012_val_00022714_n03876231,target_1dB,1,CL,A2_decision,latent_squared_error,2800.208165571997
66,n03929660/ILSVRC2012_val_00012300_n03929660,target_1dB,1,CL,A2_decision,latent_squared_error,2447.631879663667
67,n03950228/ILSVRC2012_val_00019039_n03950228,target_1dB,1,CL,A2_decision,latent_squared_error,2956.4141146624243
68,n03977966/ILSVRC2012_val_00027383_n03977966,target_1dB,1,CL,A2_decision,latent_squared_error,4335.2177923458485
69,n03983396/ILSVRC2012_val_00012891_n03983396,target_1dB,1,CL,A2_decision,latent_squared_error,3593.173745349504
70,n04044716/ILSVRC2012_val_00039752_n04044716,target_1dB,1,CL,A2_decision,latent_squared_error,2477.9239343670774
71,n04067472/ILSVRC2012_val_00007618_n04067472,target_1dB,1,CL,A2_decision,latent_squared_error,4919.120250212642
72,n04111531/ILSVRC2012_val_00013982_n04111531,target_1dB,1,CL,A2_decision,latent_squared_error,3453.5762385820494
73,n04131690/ILSVRC2012_val_00002728_n04131690,target_1dB,1,CL,A2_decision,latent_squared_error,2951.294740200261
74,n04153751/ILSVRC2012_val_00008426_n04153751,target_1dB,1,CL,A2_decision,latent_squared_error,2304.660863845027
75,n04204347/ILSVRC2012_val_00018921_n04204347,target_1dB,1,CL,A2_decision,latent_squared_error,3009.4692411744822
76,n04235860/ILSVRC2012_val_00004033_n04235860,target_1dB,1,CL,A2_decision,latent_squared_error,4213.365276520658
77,n04252077/ILSVRC2012_val_00012989_n04252077,target_1dB,1,CL,A2_decision,latent_squared_error,4269.474025361473
78,n04310018/ILSVRC2012_val_00003156_n04310018,target_1dB,1,CL,A2_decision,latent_squared_error,4685.377697827805
79,n04328186/ILSVRC2012_val_00014795_n04328186,target_1dB,1,CL,A2_decision,latent_squared_error,2726.914467519697
80,n04346328/ILSVRC2012_val_00003305_n04346328,target_1dB,1,CL,A2_decision,latent_squared_error,4015.3384398129006
81,n04357314/ILSVRC2012_val_00009430_n04357314,target_1dB,1,CL,A2_decision,latent_squared_error,3688.4371222579425
82,n04371774/ILSVRC2012_val_00030870_n04371774,target_1dB,1,CL,A2_decision,latent_squared_error,3745.2807093195447
83,n04392985/ILSVRC2012_val_00029362_n04392985,target_1dB,1,CL,A2_decision,latent_squared_error,3505.2540092342356
84,n04456115/ILSVRC2012_val_00002331_n04456115,target_1dB,1,CL,A2_decision,latent_squared_error,4410.978445812508
85,n04485082/ILSVRC2012_val_00000955_n04485082,target_1dB,1,CL,A2_decision,latent_squared_error,4132.848998215075
86,n04515003/ILSVRC2012_val_00002400_n04515003,target_1dB,1,CL,A2_decision,latent_squared_error,3038.6850373922334
87,n04540053/ILSVRC2012_val_00007665_n04540053,target_1dB,1,CL,A2_decision,latent_squared_error,4431.512705802874
88,n04560804/ILSVRC2012_val_00029830_n04560804,target_1dB,1,CL,A2_decision,latent_squared_error,5417.73440310318
89,n04596742/ILSVRC2012_val_00007608_n04596742,target_1dB,1,CL,A2_decision,latent_squared_error,4015.4465103712596
90,n07583066/ILSVRC2012_val_00001378_n07583066,target_1dB,1,CL,A2_decision,latent_squared_error,4241.5834864279495
91,n07590611/ILSVRC2012_val_00030972_n07590611,target_1dB,1,CL,A2_decision,latent_squared_error,5792.540802301205
92,n07714990/ILSVRC2012_val_00008416_n07714990,target_1dB,1,CL,A2_decision,latent_squared_error,3983.041421713159
93,n07716906/ILSVRC2012_val_00011140_n07716906,target_1dB,1,CL,A2_decision,latent_squared_error,3151.4898687239256
94,n07720875/ILSVRC2012_val_00000423_n07720875,target_1dB,1,CL,A2_decision,latent_squared_error,3136.040530243401
95,n07860988/ILSVRC2012_val_00010848_n07860988,target_1dB,1,CL,A2_decision,latent_squared_error,4270.426759442703
96,n09288635/ILSVRC2012_val_00001270_n09288635,target_1dB,1,CL,A2_decision,latent_squared_error,2899.425566329252
97,n09468604/ILSVRC2012_val_00030741_n09468604,target_1dB,1,CL,A2_decision,latent_squared_error,3626.491299034231
98,n11939491/ILSVRC2012_val_00034896_n11939491,target_1dB,1,CL,A2_decision,latent_squared_error,3945.3424735478816
99,n15075141/ILSVRC2012_val_00005846_n15075141,target_1dB,1,CL,A2_decision,latent_squared_error,3971.882131364266
0,n01440764/ILSVRC2012_val_00003014_n01440764,target_1dB,1,CL,A2_decision,fused_latent_squared_error,3104.655952313699
1,n01601694/ILSVRC2012_val_00021656_n01601694,target_1dB,1,CL,A2_decision,fused_latent_squared_error,2630.52526943573
2,n01664065/ILSVRC2012_val_00014316_n01664065,target_1dB,1,CL,A2_decision,fused_latent_squared_error,3109.777691136737
3,n01689811/ILSVRC2012_val_00020598_n01689811,target_1dB,1,CL,A2_decision,fused_latent_squared_error,3028.331508949674
4,n01735189/ILSVRC2012_val_00006699_n01735189,target_1dB,1,CL,A2_decision,fused_latent_squared_error,2872.6091738270893
5,n01744401/ILSVRC2012_val_00032663_n01744401,target_1dB,1,CL,A2_decision,fused_latent_squared_error,2579.180118724573
6,n01751748/ILSVRC2012_val_00033157_n01751748,target_1dB,1,CL,A2_decision,fused_latent_squared_error,2652.8397437154686
7,n01775062/ILSVRC2012_val_00036589_n01775062,target_1dB,1,CL,A2_decision,fused_latent_squared_error,3097.589935688598
8,n01843383/ILSVRC2012_val_00005901_n01843383,target_1dB,1,CL,A2_decision,fused_latent_squared_error,3213.542267881998
9,n01860187/ILSVRC2012_val_00021594_n01860187,target_1dB,1,CL,A2_decision,fused_latent_squared_error,2934.9643024335296
10,n01882714/ILSVRC2012_val_00019996_n01882714,target_1dB,1,CL,A2_decision,fused_latent_squared_error,2759.3383644555747
11,n01943899/ILSVRC2012_val_00005706_n01943899,target_1dB,1,CL,A2_decision,fused_latent_squared_error,2706.8873459106067
12,n01955084/ILSVRC2012_val_00001857_n01955084,target_1dB,1,CL,A2_decision,fused_latent_squared_error,2928.234361162146
13,n01983481/ILSVRC2012_val_00019856_n01983481,target_1dB,1,CL,A2_decision,fused_latent_squared_error,3021.7066008004936
14,n02013706/ILSVRC2012_val_00003168_n02013706,target_1dB,1,CL,A2_decision,fused_latent_squared_error,3054.2659219285792
15,n02027492/ILSVRC2012_val_00007524_n02027492,target_1dB,1,CL,A2_decision,fused_latent_squared_error,2661.3896396941127
16,n02088094/ILSVRC2012_val_00005507_n02088094,target_1dB,1,CL,A2_decision,fused_latent_squared_error,2816.4692587408686
17,n02090622/ILSVRC2012_val_00006265_n02090622,target_1dB,1,CL,A2_decision,fused_latent_squared_error,2877.4450331693274
18,n02096177/ILSVRC2012_val_00019083_n02096177,target_1dB,1,CL,A2_decision,fused_latent_squared_error,2637.4437879474285
19,n02098286/ILSVRC2012_val_00038253_n02098286,target_1dB,1,CL,A2_decision,fused_latent_squared_error,2596.905946957755
20,n02102480/ILSVRC2012_val_00010261_n02102480,target_1dB,1,CL,A2_decision,fused_latent_squared_error,2573.3327084154703
21,n02105641/ILSVRC2012_val_00018762_n02105641,target_1dB,1,CL,A2_decision,fused_latent_squared_error,2777.0118881188423
22,n02106550/ILSVRC2012_val_00014315_n02106550,target_1dB,1,CL,A2_decision,fused_latent_squared_error,2980.9773994150023
23,n02107683/ILSVRC2012_val_00010786_n02107683,target_1dB,1,CL,A2_decision,fused_latent_squared_error,2676.041941574235
24,n02110806/ILSVRC2012_val_00030364_n02110806,target_1dB,1,CL,A2_decision,fused_latent_squared_error,3070.2013099112505
25,n02113799/ILSVRC2012_val_00007866_n02113799,target_1dB,1,CL,A2_decision,fused_latent_squared_error,2707.6353097601987
26,n02123159/ILSVRC2012_val_00025723_n02123159,target_1dB,1,CL,A2_decision,fused_latent_squared_error,2981.3437657065792
27,n02134084/ILSVRC2012_val_00020332_n02134084,target_1dB,1,CL,A2_decision,fused_latent_squared_error,2694.7391273907156
28,n02168699/ILSVRC2012_val_00040132_n02168699,target_1dB,1,CL,A2_decision,fused_latent_squared_error,2670.003556395434
29,n02233338/ILSVRC2012_val_00016160_n02233338,target_1dB,1,CL,A2_decision,fused_latent_squared_error,2851.4281225615923
30,n02264363/ILSVRC2012_val_00027803_n02264363,target_1dB,1,CL,A2_decision,fused_latent_squared_error,2563.613474739777
31,n02277742/ILSVRC2012_val_00015608_n02277742,target_1dB,1,CL,A2_decision,fused_latent_squared_error,3056.8237098435548
32,n02325366/ILSVRC2012_val_00024858_n02325366,target_1dB,1,CL,A2_decision,fused_latent_squared_error,3092.995078776787
33,n02398521/ILSVRC2012_val_00018354_n02398521,target_1dB,1,CL,A2_decision,fused_latent_squared_error,2770.5250506666544
34,n02410509/ILSVRC2012_val_00022568_n02410509,target_1dB,1,CL,A2_decision,fused_latent_squared_error,2641.629206224337
35,n02437312/ILSVRC2012_val_00006245_n02437312,target_1dB,1,CL,A2_decision,fused_latent_squared_error,2889.4201318317123
36,n02486410/ILSVRC2012_val_00009799_n02486410,target_1dB,1,CL,A2_decision,fused_latent_squared_error,2669.017706191668
37,n02509815/ILSVRC2012_val_00014423_n02509815,target_1dB,1,CL,A2_decision,fused_latent_squared_error,2736.732181398955
38,n02708093/ILSVRC2012_val_00024690_n02708093,target_1dB,1,CL,A2_decision,fused_latent_squared_error,2652.2269209513647
39,n02776631/ILSVRC2012_val_00028186_n02776631,target_1dB,1,CL,A2_decision,fused_latent_squared_error,2828.510078819687
40,n02788148/ILSVRC2012_val_00012264_n02788148,target_1dB,1,CL,A2_decision,fused_latent_squared_error,2708.7123352818285
41,n02834397/ILSVRC2012_val_00010741_n02834397,target_1dB,1,CL,A2_decision,fused_latent_squared_error,2606.906646296526
42,n02841315/ILSVRC2012_val_00014601_n02841315,target_1dB,1,CL,A2_decision,fused_latent_squared_error,2695.6058247412298
43,n02910353/ILSVRC2012_val_00017543_n02910353,target_1dB,1,CL,A2_decision,fused_latent_squared_error,2815.069733996313
44,n02951585/ILSVRC2012_val_00008336_n02951585,target_1dB,1,CL,A2_decision,fused_latent_squared_error,2662.395119567443
45,n02980441/ILSVRC2012_val_00023472_n02980441,target_1dB,1,CL,A2_decision,fused_latent_squared_error,2642.5084415053466
46,n03028079/ILSVRC2012_val_00031446_n03028079,target_1dB,1,CL,A2_decision,fused_latent_squared_error,2733.8748989683786
47,n03109150/ILSVRC2012_val_00032588_n03109150,target_1dB,1,CL,A2_decision,fused_latent_squared_error,2606.4407053235295
48,n03127747/ILSVRC2012_val_00003732_n03127747,target_1dB,1,CL,A2_decision,fused_latent_squared_error,2804.727125256138
49,n03220513/ILSVRC2012_val_00006359_n03220513,target_1dB,1,CL,A2_decision,fused_latent_squared_error,2690.047999875251
50,n03372029/ILSVRC2012_val_00034937_n03372029,target_1dB,1,CL,A2_decision,fused_latent_squared_error,2927.609125770799
51,n03388549/ILSVRC2012_val_00022928_n03388549,target_1dB,1,CL,A2_decision,fused_latent_squared_error,2715.675670843268
52,n03424325/ILSVRC2012_val_00006147_n03424325,target_1dB,1,CL,A2_decision,fused_latent_squared_error,2874.391766523587
53,n03447721/ILSVRC2012_val_00006942_n03447721,target_1dB,1,CL,A2_decision,fused_latent_squared_error,3183.6001988126554
54,n03485794/ILSVRC2012_val_00010782_n03485794,target_1dB,1,CL,A2_decision,fused_latent_squared_error,2633.946360970364
55,n03527444/ILSVRC2012_val_00035251_n03527444,target_1dB,1,CL,A2_decision,fused_latent_squared_error,2718.050393502466
56,n03584254/ILSVRC2012_val_00016384_n03584254,target_1dB,1,CL,A2_decision,fused_latent_squared_error,2478.454591088609
57,n03623198/ILSVRC2012_val_00019928_n03623198,target_1dB,1,CL,A2_decision,fused_latent_squared_error,2519.594907752246
58,n03657121/ILSVRC2012_val_00000359_n03657121,target_1dB,1,CL,A2_decision,fused_latent_squared_error,2496.482667097218
59,n03706229/ILSVRC2012_val_00017460_n03706229,target_1dB,1,CL,A2_decision,fused_latent_squared_error,2535.591161402237
60,n03759954/ILSVRC2012_val_00010804_n03759954,target_1dB,1,CL,A2_decision,fused_latent_squared_error,3586.941464251268
61,n03775071/ILSVRC2012_val_00002420_n03775071,target_1dB,1,CL,A2_decision,fused_latent_squared_error,2559.885689575962
62,n03782006/ILSVRC2012_val_00004758_n03782006,target_1dB,1,CL,A2_decision,fused_latent_squared_error,2640.145658995884
63,n03796401/ILSVRC2012_val_00025827_n03796401,target_1dB,1,CL,A2_decision,fused_latent_squared_error,2785.5067472841856
64,n03866082/ILSVRC2012_val_00003554_n03866082,target_1dB,1,CL,A2_decision,fused_latent_squared_error,2747.059731317206
65,n03876231/ILSVRC2012_val_00022714_n03876231,target_1dB,1,CL,A2_decision,fused_latent_squared_error,2600.875873838498
66,n03929660/ILSVRC2012_val_00012300_n03929660,target_1dB,1,CL,A2_decision,fused_latent_squared_error,2536.151803565382
67,n03950228/ILSVRC2012_val_00019039_n03950228,target_1dB,1,CL,A2_decision,fused_latent_squared_error,2622.8258692280856
68,n03977966/ILSVRC2012_val_00027383_n03977966,target_1dB,1,CL,A2_decision,fused_latent_squared_error,2918.642005932497
69,n03983396/ILSVRC2012_val_00012891_n03983396,target_1dB,1,CL,A2_decision,fused_latent_squared_error,2743.7399152264557
70,n04044716/ILSVRC2012_val_00039752_n04044716,target_1dB,1,CL,A2_decision,fused_latent_squared_error,2557.6688515739966
71,n04067472/ILSVRC2012_val_00007618_n04067472,target_1dB,1,CL,A2_decision,fused_latent_squared_error,3018.1037994023154
72,n04111531/ILSVRC2012_val_00013982_n04111531,target_1dB,1,CL,A2_decision,fused_latent_squared_error,2698.3518997794004
73,n04131690/ILSVRC2012_val_00002728_n04131690,target_1dB,1,CL,A2_decision,fused_latent_squared_error,2645.3551859083786
74,n04153751/ILSVRC2012_val_00008426_n04153751,target_1dB,1,CL,A2_decision,fused_latent_squared_error,2505.5741924117788
75,n04204347/ILSVRC2012_val_00018921_n04204347,target_1dB,1,CL,A2_decision,fused_latent_squared_error,2664.0468215228716
76,n04235860/ILSVRC2012_val_00004033_n04235860,target_1dB,1,CL,A2_decision,fused_latent_squared_error,2894.4389040836577
77,n04252077/ILSVRC2012_val_00012989_n04252077,target_1dB,1,CL,A2_decision,fused_latent_squared_error,2886.556525338983
78,n04310018/ILSVRC2012_val_00003156_n04310018,target_1dB,1,CL,A2_decision,fused_latent_squared_error,3001.3117887433564
79,n04328186/ILSVRC2012_val_00014795_n04328186,target_1dB,1,CL,A2_decision,fused_latent_squared_error,2571.596064367459
80,n04346328/ILSVRC2012_val_00003305_n04346328,target_1dB,1,CL,A2_decision,fused_latent_squared_error,2809.107758684826
81,n04357314/ILSVRC2012_val_00009430_n04357314,target_1dB,1,CL,A2_decision,fused_latent_squared_error,2740.554186755087
82,n04371774/ILSVRC2012_val_00030870_n04371774,target_1dB,1,CL,A2_decision,fused_latent_squared_error,2793.1651935702816
83,n04392985/ILSVRC2012_val_00029362_n04392985,target_1dB,1,CL,A2_decision,fused_latent_squared_error,2724.3406437093836
84,n04456115/ILSVRC2012_val_00002331_n04456115,target_1dB,1,CL,A2_decision,fused_latent_squared_error,2911.056778699976
85,n04485082/ILSVRC2012_val_00000955_n04485082,target_1dB,1,CL,A2_decision,fused_latent_squared_error,2859.413227711672
86,n04515003/ILSVRC2012_val_00002400_n04515003,target_1dB,1,CL,A2_decision,fused_latent_squared_error,2607.8377429700163
87,n04540053/ILSVRC2012_val_00007665_n04540053,target_1dB,1,CL,A2_decision,fused_latent_squared_error,2921.5534974238362
88,n04560804/ILSVRC2012_val_00029830_n04560804,target_1dB,1,CL,A2_decision,fused_latent_squared_error,3124.7656595024077
89,n04596742/ILSVRC2012_val_00007608_n04596742,target_1dB,1,CL,A2_decision,fused_latent_squared_error,2877.285170104675
90,n07583066/ILSVRC2012_val_00001378_n07583066,target_1dB,1,CL,A2_decision,fused_latent_squared_error,2906.494811104529
91,n07590611/ILSVRC2012_val_00030972_n07590611,target_1dB,1,CL,A2_decision,fused_latent_squared_error,3258.0837261065267
92,n07714990/ILSVRC2012_val_00008416_n07714990,target_1dB,1,CL,A2_decision,fused_latent_squared_error,2843.657616661785
93,n07716906/ILSVRC2012_val_00011140_n07716906,target_1dB,1,CL,A2_decision,fused_latent_squared_error,2664.4307943122512
94,n07720875/ILSVRC2012_val_00000423_n07720875,target_1dB,1,CL,A2_decision,fused_latent_squared_error,2673.376019950803
95,n07860988/ILSVRC2012_val_00010848_n07860988,target_1dB,1,CL,A2_decision,fused_latent_squared_error,2906.58166568941
96,n09288635/ILSVRC2012_val_00001270_n09288635,target_1dB,1,CL,A2_decision,fused_latent_squared_error,2602.366319119377
97,n09468604/ILSVRC2012_val_00030741_n09468604,target_1dB,1,CL,A2_decision,fused_latent_squared_error,2762.929681562519
98,n11939491/ILSVRC2012_val_00034896_n11939491,target_1dB,1,CL,A2_decision,fused_latent_squared_error,2794.103809326287
99,n15075141/ILSVRC2012_val_00005846_n15075141,target_1dB,1,CL,A2_decision,fused_latent_squared_error,2825.0411212617587
0,n01440764/ILSVRC2012_val_00003014_n01440764,target_1dB,1,CL,A2_decision,token_image_psnr_db,14.574095726013184
1,n01601694/ILSVRC2012_val_00021656_n01601694,target_1dB,1,CL,A2_decision,token_image_psnr_db,19.814442952473957
2,n01664065/ILSVRC2012_val_00014316_n01664065,target_1dB,1,CL,A2_decision,token_image_psnr_db,16.46442159016927
3,n01689811/ILSVRC2012_val_00020598_n01689811,target_1dB,1,CL,A2_decision,token_image_psnr_db,15.33884080251058
4,n01735189/ILSVRC2012_val_00006699_n01735189,target_1dB,1,CL,A2_decision,token_image_psnr_db,16.847220102945965
5,n01744401/ILSVRC2012_val_00032663_n01744401,target_1dB,1,CL,A2_decision,token_image_psnr_db,21.346048990885418
6,n01751748/ILSVRC2012_val_00033157_n01751748,target_1dB,1,CL,A2_decision,token_image_psnr_db,20.99310811360677
7,n01775062/ILSVRC2012_val_00036589_n01775062,target_1dB,1,CL,A2_decision,token_image_psnr_db,15.456302324930826
8,n01843383/ILSVRC2012_val_00005901_n01843383,target_1dB,1,CL,A2_decision,token_image_psnr_db,15.592364947001139
9,n01860187/ILSVRC2012_val_00021594_n01860187,target_1dB,1,CL,A2_decision,token_image_psnr_db,16.73290252685547
10,n01882714/ILSVRC2012_val_00019996_n01882714,target_1dB,1,CL,A2_decision,token_image_psnr_db,17.21081479390462
11,n01943899/ILSVRC2012_val_00005706_n01943899,target_1dB,1,CL,A2_decision,token_image_psnr_db,16.55169932047526
12,n01955084/ILSVRC2012_val_00001857_n01955084,target_1dB,1,CL,A2_decision,token_image_psnr_db,17.902732849121094
13,n01983481/ILSVRC2012_val_00019856_n01983481,target_1dB,1,CL,A2_decision,token_image_psnr_db,18.408772150675457
14,n02013706/ILSVRC2012_val_00003168_n02013706,target_1dB,1,CL,A2_decision,token_image_psnr_db,15.291403770446777
15,n02027492/ILSVRC2012_val_00007524_n02027492,target_1dB,1,CL,A2_decision,token_image_psnr_db,22.113803227742512
16,n02088094/ILSVRC2012_val_00005507_n02088094,target_1dB,1,CL,A2_decision,token_image_psnr_db,16.532551447550457
17,n02090622/ILSVRC2012_val_00006265_n02090622,target_1dB,1,CL,A2_decision,token_image_psnr_db,15.553115208943685
18,n02096177/ILSVRC2012_val_00019083_n02096177,target_1dB,1,CL,A2_decision,token_image_psnr_db,19.762427647908527
19,n02098286/ILSVRC2012_val_00038253_n02098286,target_1dB,1,CL,A2_decision,token_image_psnr_db,19.50847880045573
20,n02102480/ILSVRC2012_val_00010261_n02102480,target_1dB,1,CL,A2_decision,token_image_psnr_db,17.611157099405926
21,n02105641/ILSVRC2012_val_00018762_n02105641,target_1dB,1,CL,A2_decision,token_image_psnr_db,17.635342915852863
22,n02106550/ILSVRC2012_val_00014315_n02106550,target_1dB,1,CL,A2_decision,token_image_psnr_db,16.377356847127277
23,n02107683/ILSVRC2012_val_00010786_n02107683,target_1dB,1,CL,A2_decision,token_image_psnr_db,19.686142603556316
24,n02110806/ILSVRC2012_val_00030364_n02110806,target_1dB,1,CL,A2_decision,token_image_psnr_db,16.735862096150715
25,n02113799/ILSVRC2012_val_00007866_n02113799,target_1dB,1,CL,A2_decision,token_image_psnr_db,18.153161366780598
26,n02123159/ILSVRC2012_val_00025723_n02123159,target_1dB,1,CL,A2_decision,token_image_psnr_db,15.824356079101562
27,n02134084/ILSVRC2012_val_00020332_n02134084,target_1dB,1,CL,A2_decision,token_image_psnr_db,20.836750666300457
28,n02168699/ILSVRC2012_val_00040132_n02168699,target_1dB,1,CL,A2_decision,token_image_psnr_db,18.23451042175293
29,n02233338/ILSVRC2012_val_00016160_n02233338,target_1dB,1,CL,A2_decision,token_image_psnr_db,18.907833099365234
30,n02264363/ILSVRC2012_val_00027803_n02264363,target_1dB,1,CL,A2_decision,token_image_psnr_db,22.954525629679363
31,n02277742/ILSVRC2012_val_00015608_n02277742,target_1dB,1,CL,A2_decision,token_image_psnr_db,15.723831176757812
32,n02325366/ILSVRC2012_val_00024858_n02325366,target_1dB,1,CL,A2_decision,token_image_psnr_db,18.85255304972331
33,n02398521/ILSVRC2012_val_00018354_n02398521,target_1dB,1,CL,A2_decision,token_image_psnr_db,18.274524052937824
34,n02410509/ILSVRC2012_val_00022568_n02410509,target_1dB,1,CL,A2_decision,token_image_psnr_db,18.200511932373047
35,n02437312/ILSVRC2012_val_00006245_n02437312,target_1dB,1,CL,A2_decision,token_image_psnr_db,15.708145141601562
36,n02486410/ILSVRC2012_val_00009799_n02486410,target_1dB,1,CL,A2_decision,token_image_psnr_db,18.46818669637044
37,n02509815/ILSVRC2012_val_00014423_n02509815,target_1dB,1,CL,A2_decision,token_image_psnr_db,18.45114262898763
38,n02708093/ILSVRC2012_val_00024690_n02708093,target_1dB,1,CL,A2_decision,token_image_psnr_db,16.283260345458984
39,n02776631/ILSVRC2012_val_00028186_n02776631,target_1dB,1,CL,A2_decision,token_image_psnr_db,16.401103337605793
40,n02788148/ILSVRC2012_val_00012264_n02788148,target_1dB,1,CL,A2_decision,token_image_psnr_db,18.69580841064453
41,n02834397/ILSVRC2012_val_00010741_n02834397,target_1dB,1,CL,A2_decision,token_image_psnr_db,18.559787114461262
42,n02841315/ILSVRC2012_val_00014601_n02841315,target_1dB,1,CL,A2_decision,token_image_psnr_db,16.912667592366535
43,n02910353/ILSVRC2012_val_00017543_n02910353,target_1dB,1,CL,A2_decision,token_image_psnr_db,16.82128651936849
44,n02951585/ILSVRC2012_val_00008336_n02951585,target_1dB,1,CL,A2_decision,token_image_psnr_db,20.6809139251709
45,n02980441/ILSVRC2012_val_00023472_n02980441,target_1dB,1,CL,A2_decision,token_image_psnr_db,20.306999842325848
46,n03028079/ILSVRC2012_val_00031446_n03028079,target_1dB,1,CL,A2_decision,token_image_psnr_db,21.569407145182293
47,n03109150/ILSVRC2012_val_00032588_n03109150,target_1dB,1,CL,A2_decision,token_image_psnr_db,17.98050371805827
48,n03127747/ILSVRC2012_val_00003732_n03127747,target_1dB,1,CL,A2_decision,token_image_psnr_db,16.229844093322754
49,n03220513/ILSVRC2012_val_00006359_n03220513,target_1dB,1,CL,A2_decision,token_image_psnr_db,17.8030211130778
50,n03372029/ILSVRC2012_val_00034937_n03372029,target_1dB,1,CL,A2_decision,token_image_psnr_db,16.679625193277996
51,n03388549/ILSVRC2012_val_00022928_n03388549,target_1dB,1,CL,A2_decision,token_image_psnr_db,18.15438969930013
52,n03424325/ILSVRC2012_val_00006147_n03424325,target_1dB,1,CL,A2_decision,token_image_psnr_db,16.437655766805012
53,n03447721/ILSVRC2012_val_00006942_n03447721,target_1dB,1,CL,A2_decision,token_image_psnr_db,17.46921730041504
54,n03485794/ILSVRC2012_val_00010782_n03485794,target_1dB,1,CL,A2_decision,token_image_psnr_db,19.620944341023762
55,n03527444/ILSVRC2012_val_00035251_n03527444,target_1dB,1,CL,A2_decision,token_image_psnr_db,17.69938023885091
56,n03584254/ILSVRC2012_val_00016384_n03584254,target_1dB,1,CL,A2_decision,token_image_psnr_db,14.688824971516928
57,n03623198/ILSVRC2012_val_00019928_n03623198,target_1dB,1,CL,A2_decision,token_image_psnr_db,16.87046019236247
58,n03657121/ILSVRC2012_val_00000359_n03657121,target_1dB,1,CL,A2_decision,token_image_psnr_db,13.294426918029785
59,n03706229/ILSVRC2012_val_00017460_n03706229,target_1dB,1,CL,A2_decision,token_image_psnr_db,13.838781674702963
60,n03759954/ILSVRC2012_val_00010804_n03759954,target_1dB,1,CL,A2_decision,token_image_psnr_db,16.16644287109375
61,n03775071/ILSVRC2012_val_00002420_n03775071,target_1dB,1,CL,A2_decision,token_image_psnr_db,17.6614933013916
62,n03782006/ILSVRC2012_val_00004758_n03782006,target_1dB,1,CL,A2_decision,token_image_psnr_db,18.68035380045573
63,n03796401/ILSVRC2012_val_00025827_n03796401,target_1dB,1,CL,A2_decision,token_image_psnr_db,18.69564692179362
64,n03866082/ILSVRC2012_val_00003554_n03866082,target_1dB,1,CL,A2_decision,token_image_psnr_db,21.609124501546223
65,n03876231/ILSVRC2012_val_00022714_n03876231,target_1dB,1,CL,A2_decision,token_image_psnr_db,20.21226183573405
66,n03929660/ILSVRC2012_val_00012300_n03929660,target_1dB,1,CL,A2_decision,token_image_psnr_db,20.68596903483073
67,n03950228/ILSVRC2012_val_00019039_n03950228,target_1dB,1,CL,A2_decision,token_image_psnr_db,20.606922149658203
68,n03977966/ILSVRC2012_val_00027383_n03977966,target_1dB,1,CL,A2_decision,token_image_psnr_db,16.828250885009766
69,n03983396/ILSVRC2012_val_00012891_n03983396,target_1dB,1,CL,A2_decision,token_image_psnr_db,19.339235305786133
70,n04044716/ILSVRC2012_val_00039752_n04044716,target_1dB,1,CL,A2_decision,token_image_psnr_db,22.303626378377277
71,n04067472/ILSVRC2012_val_00007618_n04067472,target_1dB,1,CL,A2_decision,token_image_psnr_db,17.25023078918457
72,n04111531/ILSVRC2012_val_00013982_n04111531,target_1dB,1,CL,A2_decision,token_image_psnr_db,18.785146713256836
73,n04131690/ILSVRC2012_val_00002728_n04131690,target_1dB,1,CL,A2_decision,token_image_psnr_db,20.25934346516927
74,n04153751/ILSVRC2012_val_00008426_n04153751,target_1dB,1,CL,A2_decision,token_image_psnr_db,21.474411646525066
75,n04204347/ILSVRC2012_val_00018921_n04204347,target_1dB,1,CL,A2_decision,token_image_psnr_db,15.909600257873535
76,n04235860/ILSVRC2012_val_00004033_n04235860,target_1dB,1,CL,A2_decision,token_image_psnr_db,17.938374201456707
77,n04252077/ILSVRC2012_val_00012989_n04252077,target_1dB,1,CL,A2_decision,token_image_psnr_db,18.616209665934246
78,n04310018/ILSVRC2012_val_00003156_n04310018,target_1dB,1,CL,A2_decision,token_image_psnr_db,17.385751088460285
79,n04328186/ILSVRC2012_val_00014795_n04328186,target_1dB,1,CL,A2_decision,token_image_psnr_db,14.36019515991211
80,n04346328/ILSVRC2012_val_00003305_n04346328,target_1dB,1,CL,A2_decision,token_image_psnr_db,17.475600560506184
81,n04357314/ILSVRC2012_val_00009430_n04357314,target_1dB,1,CL,A2_decision,token_image_psnr_db,17.273932774861652
82,n04371774/ILSVRC2012_val_00030870_n04371774,target_1dB,1,CL,A2_decision,token_image_psnr_db,17.558690388997395
83,n04392985/ILSVRC2012_val_00029362_n04392985,target_1dB,1,CL,A2_decision,token_image_psnr_db,18.470225016276043
84,n04456115/ILSVRC2012_val_00002331_n04456115,target_1dB,1,CL,A2_decision,token_image_psnr_db,19.005385716756184
85,n04485082/ILSVRC2012_val_00000955_n04485082,target_1dB,1,CL,A2_decision,token_image_psnr_db,17.309364318847656
86,n04515003/ILSVRC2012_val_00002400_n04515003,target_1dB,1,CL,A2_decision,token_image_psnr_db,18.573766072591145
87,n04540053/ILSVRC2012_val_00007665_n04540053,target_1dB,1,CL,A2_decision,token_image_psnr_db,18.12731107076009
88,n04560804/ILSVRC2012_val_00029830_n04560804,target_1dB,1,CL,A2_decision,token_image_psnr_db,17.486408869425457
89,n04596742/ILSVRC2012_val_00007608_n04596742,target_1dB,1,CL,A2_decision,token_image_psnr_db,18.371535619099934
90,n07583066/ILSVRC2012_val_00001378_n07583066,target_1dB,1,CL,A2_decision,token_image_psnr_db,17.2693354288737
91,n07590611/ILSVRC2012_val_00030972_n07590611,target_1dB,1,CL,A2_decision,token_image_psnr_db,17.88731511433919
92,n07714990/ILSVRC2012_val_00008416_n07714990,target_1dB,1,CL,A2_decision,token_image_psnr_db,15.506174087524414
93,n07716906/ILSVRC2012_val_00011140_n07716906,target_1dB,1,CL,A2_decision,token_image_psnr_db,20.14847755432129
94,n07720875/ILSVRC2012_val_00000423_n07720875,target_1dB,1,CL,A2_decision,token_image_psnr_db,17.311534245808918
95,n07860988/ILSVRC2012_val_00010848_n07860988,target_1dB,1,CL,A2_decision,token_image_psnr_db,17.528011957804363
96,n09288635/ILSVRC2012_val_00001270_n09288635,target_1dB,1,CL,A2_decision,token_image_psnr_db,20.792261759440105
97,n09468604/ILSVRC2012_val_00030741_n09468604,target_1dB,1,CL,A2_decision,token_image_psnr_db,16.693037033081055
98,n11939491/ILSVRC2012_val_00034896_n11939491,target_1dB,1,CL,A2_decision,token_image_psnr_db,17.987918217976887
99,n15075141/ILSVRC2012_val_00005846_n15075141,target_1dB,1,CL,A2_decision,token_image_psnr_db,17.65901819864909
0,n01440764/ILSVRC2012_val_00003014_n01440764,target_1dB,1,CL,A2_decision,token_image_lpips_alex,0.2191140353679657
1,n01601694/ILSVRC2012_val_00021656_n01601694,target_1dB,1,CL,A2_decision,token_image_lpips_alex,0.21633051335811615
2,n01664065/ILSVRC2012_val_00014316_n01664065,target_1dB,1,CL,A2_decision,token_image_lpips_alex,0.3147810598214467
3,n01689811/ILSVRC2012_val_00020598_n01689811,target_1dB,1,CL,A2_decision,token_image_lpips_alex,0.25996241966883343
4,n01735189/ILSVRC2012_val_00006699_n01735189,target_1dB,1,CL,A2_decision,token_image_lpips_alex,0.31354860464731854
5,n01744401/ILSVRC2012_val_00032663_n01744401,target_1dB,1,CL,A2_decision,token_image_lpips_alex,0.3208413322766622
6,n01751748/ILSVRC2012_val_00033157_n01751748,target_1dB,1,CL,A2_decision,token_image_lpips_alex,0.3058378994464874
7,n01775062/ILSVRC2012_val_00036589_n01775062,target_1dB,1,CL,A2_decision,token_image_lpips_alex,0.28112300237019855
8,n01843383/ILSVRC2012_val_00005901_n01843383,target_1dB,1,CL,A2_decision,token_image_lpips_alex,0.2554921855529149
9,n01860187/ILSVRC2012_val_00021594_n01860187,target_1dB,1,CL,A2_decision,token_image_lpips_alex,0.25027045607566833
10,n01882714/ILSVRC2012_val_00019996_n01882714,target_1dB,1,CL,A2_decision,token_image_lpips_alex,0.2590101957321167
11,n01943899/ILSVRC2012_val_00005706_n01943899,target_1dB,1,CL,A2_decision,token_image_lpips_alex,0.3036687870820363
12,n01955084/ILSVRC2012_val_00001857_n01955084,target_1dB,1,CL,A2_decision,token_image_lpips_alex,0.3031487663586934
13,n01983481/ILSVRC2012_val_00019856_n01983481,target_1dB,1,CL,A2_decision,token_image_lpips_alex,0.2561648686726888
14,n02013706/ILSVRC2012_val_00003168_n02013706,target_1dB,1,CL,A2_decision,token_image_lpips_alex,0.24425450464089712
15,n02027492/ILSVRC2012_val_00007524_n02027492,target_1dB,1,CL,A2_decision,token_image_lpips_alex,0.2229620764652888
16,n02088094/ILSVRC2012_val_00005507_n02088094,target_1dB,1,CL,A2_decision,token_image_lpips_alex,0.2702048023541768
17,n02090622/ILSVRC2012_val_00006265_n02090622,target_1dB,1,CL,A2_decision,token_image_lpips_alex,0.24972784519195557
18,n02096177/ILSVRC2012_val_00019083_n02096177,target_1dB,1,CL,A2_decision,token_image_lpips_alex,0.2490942726532618
19,n02098286/ILSVRC2012_val_00038253_n02098286,target_1dB,1,CL,A2_decision,token_image_lpips_alex,0.2244142641623815
20,n02102480/ILSVRC2012_val_00010261_n02102480,target_1dB,1,CL,A2_decision,token_image_lpips_alex,0.26389728983243305
21,n02105641/ILSVRC2012_val_00018762_n02105641,target_1dB,1,CL,A2_decision,token_image_lpips_alex,0.25644317269325256
22,n02106550/ILSVRC2012_val_00014315_n02106550,target_1dB,1,CL,A2_decision,token_image_lpips_alex,0.25681233406066895
23,n02107683/ILSVRC2012_val_00010786_n02107683,target_1dB,1,CL,A2_decision,token_image_lpips_alex,0.2944975793361664
24,n02110806/ILSVRC2012_val_00030364_n02110806,target_1dB,1,CL,A2_decision,token_image_lpips_alex,0.2526697466770808
25,n02113799/ILSVRC2012_val_00007866_n02113799,target_1dB,1,CL,A2_decision,token_image_lpips_alex,0.25909001628557843
26,n02123159/ILSVRC2012_val_00025723_n02123159,target_1dB,1,CL,A2_decision,token_image_lpips_alex,0.28961748878161114
27,n02134084/ILSVRC2012_val_00020332_n02134084,target_1dB,1,CL,A2_decision,token_image_lpips_alex,0.22457478940486908
28,n02168699/ILSVRC2012_val_00040132_n02168699,target_1dB,1,CL,A2_decision,token_image_lpips_alex,0.2733912666638692
29,n02233338/ILSVRC2012_val_00016160_n02233338,target_1dB,1,CL,A2_decision,token_image_lpips_alex,0.23811286191145578
30,n02264363/ILSVRC2012_val_00027803_n02264363,target_1dB,1,CL,A2_decision,token_image_lpips_alex,0.40656901399294537
31,n02277742/ILSVRC2012_val_00015608_n02277742,target_1dB,1,CL,A2_decision,token_image_lpips_alex,0.2351847141981125
32,n02325366/ILSVRC2012_val_00024858_n02325366,target_1dB,1,CL,A2_decision,token_image_lpips_alex,0.21590557197729746
33,n02398521/ILSVRC2012_val_00018354_n02398521,target_1dB,1,CL,A2_decision,token_image_lpips_alex,0.2363085150718689
34,n02410509/ILSVRC2012_val_00022568_n02410509,target_1dB,1,CL,A2_decision,token_image_lpips_alex,0.27225304146607715
35,n02437312/ILSVRC2012_val_00006245_n02437312,target_1dB,1,CL,A2_decision,token_image_lpips_alex,0.3076337476571401
36,n02486410/ILSVRC2012_val_00009799_n02486410,target_1dB,1,CL,A2_decision,token_image_lpips_alex,0.22836043437321982
37,n02509815/ILSVRC2012_val_00014423_n02509815,target_1dB,1,CL,A2_decision,token_image_lpips_alex,0.2881069978078206
38,n02708093/ILSVRC2012_val_00024690_n02708093,target_1dB,1,CL,A2_decision,token_image_lpips_alex,0.3116903305053711
39,n02776631/ILSVRC2012_val_00028186_n02776631,target_1dB,1,CL,A2_decision,token_image_lpips_alex,0.24757749338944754
40,n02788148/ILSVRC2012_val_00012264_n02788148,target_1dB,1,CL,A2_decision,token_image_lpips_alex,0.28109221657117206
41,n02834397/ILSVRC2012_val_00010741_n02834397,target_1dB,1,CL,A2_decision,token_image_lpips_alex,0.3206600248813629
42,n02841315/ILSVRC2012_val_00014601_n02841315,target_1dB,1,CL,A2_decision,token_image_lpips_alex,0.288844774166743
43,n02910353/ILSVRC2012_val_00017543_n02910353,target_1dB,1,CL,A2_decision,token_image_lpips_alex,0.25483037034670514
44,n02951585/ILSVRC2012_val_00008336_n02951585,target_1dB,1,CL,A2_decision,token_image_lpips_alex,0.28674744566281635
45,n02980441/ILSVRC2012_val_00023472_n02980441,target_1dB,1,CL,A2_decision,token_image_lpips_alex,0.268578161795934
46,n03028079/ILSVRC2012_val_00031446_n03028079,target_1dB,1,CL,A2_decision,token_image_lpips_alex,0.24976734817028046
47,n03109150/ILSVRC2012_val_00032588_n03109150,target_1dB,1,CL,A2_decision,token_image_lpips_alex,0.3144448796908061
48,n03127747/ILSVRC2012_val_00003732_n03127747,target_1dB,1,CL,A2_decision,token_image_lpips_alex,0.24356471498807272
49,n03220513/ILSVRC2012_val_00006359_n03220513,target_1dB,1,CL,A2_decision,token_image_lpips_alex,0.3073681592941284
50,n03372029/ILSVRC2012_val_00034937_n03372029,target_1dB,1,CL,A2_decision,token_image_lpips_alex,0.26077040533224743
51,n03388549/ILSVRC2012_val_00022928_n03388549,target_1dB,1,CL,A2_decision,token_image_lpips_alex,0.2767933209737142
52,n03424325/ILSVRC2012_val_00006147_n03424325,target_1dB,1,CL,A2_decision,token_image_lpips_alex,0.27080439527829486
53,n03447721/ILSVRC2012_val_00006942_n03447721,target_1dB,1,CL,A2_decision,token_image_lpips_alex,0.2486957311630249
54,n03485794/ILSVRC2012_val_00010782_n03485794,target_1dB,1,CL,A2_decision,token_image_lpips_alex,0.22551516691843668
55,n03527444/ILSVRC2012_val_00035251_n03527444,target_1dB,1,CL,A2_decision,token_image_lpips_alex,0.2436207135518392
56,n03584254/ILSVRC2012_val_00016384_n03584254,target_1dB,1,CL,A2_decision,token_image_lpips_alex,0.49164952834447223
57,n03623198/ILSVRC2012_val_00019928_n03623198,target_1dB,1,CL,A2_decision,token_image_lpips_alex,0.3949005405108134
58,n03657121/ILSVRC2012_val_00000359_n03657121,target_1dB,1,CL,A2_decision,token_image_lpips_alex,0.47683950265248615
59,n03706229/ILSVRC2012_val_00017460_n03706229,target_1dB,1,CL,A2_decision,token_image_lpips_alex,0.3879533012708028
60,n03759954/ILSVRC2012_val_00010804_n03759954,target_1dB,1,CL,A2_decision,token_image_lpips_alex,0.23850794633229574
61,n03775071/ILSVRC2012_val_00002420_n03775071,target_1dB,1,CL,A2_decision,token_image_lpips_alex,0.3027941981951396
62,n03782006/ILSVRC2012_val_00004758_n03782006,target_1dB,1,CL,A2_decision,token_image_lpips_alex,0.2642685870329539
63,n03796401/ILSVRC2012_val_00025827_n03796401,target_1dB,1,CL,A2_decision,token_image_lpips_alex,0.2758433123429616
64,n03866082/ILSVRC2012_val_00003554_n03866082,target_1dB,1,CL,A2_decision,token_image_lpips_alex,0.22999764482180277
65,n03876231/ILSVRC2012_val_00022714_n03876231,target_1dB,1,CL,A2_decision,token_image_lpips_alex,0.26848485072453815
66,n03929660/ILSVRC2012_val_00012300_n03929660,target_1dB,1,CL,A2_decision,token_image_lpips_alex,0.38810110092163086
67,n03950228/ILSVRC2012_val_00019039_n03950228,target_1dB,1,CL,A2_decision,token_image_lpips_alex,0.31961865226427716
68,n03977966/ILSVRC2012_val_00027383_n03977966,target_1dB,1,CL,A2_decision,token_image_lpips_alex,0.2702430784702301
69,n03983396/ILSVRC2012_val_00012891_n03983396,target_1dB,1,CL,A2_decision,token_image_lpips_alex,0.2672088344891866
70,n04044716/ILSVRC2012_val_00039752_n04044716,target_1dB,1,CL,A2_decision,token_image_lpips_alex,0.3400338689486186
71,n04067472/ILSVRC2012_val_00007618_n04067472,target_1dB,1,CL,A2_decision,token_image_lpips_alex,0.25063952306906384
72,n04111531/ILSVRC2012_val_00013982_n04111531,target_1dB,1,CL,A2_decision,token_image_lpips_alex,0.2998230854670207
73,n04131690/ILSVRC2012_val_00002728_n04131690,target_1dB,1,CL,A2_decision,token_image_lpips_alex,0.34089915951093036
74,n04153751/ILSVRC2012_val_00008426_n04153751,target_1dB,1,CL,A2_decision,token_image_lpips_alex,0.47087763746579486
75,n04204347/ILSVRC2012_val_00018921_n04204347,target_1dB,1,CL,A2_decision,token_image_lpips_alex,0.4122182031472524
76,n04235860/ILSVRC2012_val_00004033_n04235860,target_1dB,1,CL,A2_decision,token_image_lpips_alex,0.241204301516215
77,n04252077/ILSVRC2012_val_00012989_n04252077,target_1dB,1,CL,A2_decision,token_image_lpips_alex,0.2356495956579844
78,n04310018/ILSVRC2012_val_00003156_n04310018,target_1dB,1,CL,A2_decision,token_image_lpips_alex,0.24802576005458832
79,n04328186/ILSVRC2012_val_00014795_n04328186,target_1dB,1,CL,A2_decision,token_image_lpips_alex,0.3065592745939891
80,n04346328/ILSVRC2012_val_00003305_n04346328,target_1dB,1,CL,A2_decision,token_image_lpips_alex,0.2875378429889679
81,n04357314/ILSVRC2012_val_00009430_n04357314,target_1dB,1,CL,A2_decision,token_image_lpips_alex,0.2995562752087911
82,n04371774/ILSVRC2012_val_00030870_n04371774,target_1dB,1,CL,A2_decision,token_image_lpips_alex,0.29561080535252887
83,n04392985/ILSVRC2012_val_00029362_n04392985,target_1dB,1,CL,A2_decision,token_image_lpips_alex,0.30550654729207355
84,n04456115/ILSVRC2012_val_00002331_n04456115,target_1dB,1,CL,A2_decision,token_image_lpips_alex,0.3225784997145335
85,n04485082/ILSVRC2012_val_00000955_n04485082,target_1dB,1,CL,A2_decision,token_image_lpips_alex,0.25345364212989807
86,n04515003/ILSVRC2012_val_00002400_n04515003,target_1dB,1,CL,A2_decision,token_image_lpips_alex,0.265133668979009
87,n04540053/ILSVRC2012_val_00007665_n04540053,target_1dB,1,CL,A2_decision,token_image_lpips_alex,0.2119741141796112
88,n04560804/ILSVRC2012_val_00029830_n04560804,target_1dB,1,CL,A2_decision,token_image_lpips_alex,0.22877026597658792
89,n04596742/ILSVRC2012_val_00007608_n04596742,target_1dB,1,CL,A2_decision,token_image_lpips_alex,0.2691913644472758
90,n07583066/ILSVRC2012_val_00001378_n07583066,target_1dB,1,CL,A2_decision,token_image_lpips_alex,0.2706824044386546
91,n07590611/ILSVRC2012_val_00030972_n07590611,target_1dB,1,CL,A2_decision,token_image_lpips_alex,0.23087922732035318
92,n07714990/ILSVRC2012_val_00008416_n07714990,target_1dB,1,CL,A2_decision,token_image_lpips_alex,0.33735861380894977
93,n07716906/ILSVRC2012_val_00011140_n07716906,target_1dB,1,CL,A2_decision,token_image_lpips_alex,0.2778257727622986
94,n07720875/ILSVRC2012_val_00000423_n07720875,target_1dB,1,CL,A2_decision,token_image_lpips_alex,0.3393908441066742
95,n07860988/ILSVRC2012_val_00010848_n07860988,target_1dB,1,CL,A2_decision,token_image_lpips_alex,0.2143599490324656
96,n09288635/ILSVRC2012_val_00001270_n09288635,target_1dB,1,CL,A2_decision,token_image_lpips_alex,0.2515148272116979
97,n09468604/ILSVRC2012_val_00030741_n09468604,target_1dB,1,CL,A2_decision,token_image_lpips_alex,0.3329046567281087
98,n11939491/ILSVRC2012_val_00034896_n11939491,target_1dB,1,CL,A2_decision,token_image_lpips_alex,0.20354647437731424
99,n15075141/ILSVRC2012_val_00005846_n15075141,target_1dB,1,CL,A2_decision,token_image_lpips_alex,0.2555092473824819
0,n01440764/ILSVRC2012_val_00003014_n01440764,target_1dB,1,CL,A2_decision,token_image_dino_cosine,0.6304702957471212
1,n01601694/ILSVRC2012_val_00021656_n01601694,target_1dB,1,CL,A2_decision,token_image_dino_cosine,0.4372985561688741
2,n01664065/ILSVRC2012_val_00014316_n01664065,target_1dB,1,CL,A2_decision,token_image_dino_cosine,0.7150992155075073
3,n01689811/ILSVRC2012_val_00020598_n01689811,target_1dB,1,CL,A2_decision,token_image_dino_cosine,0.6428812146186829
4,n01735189/ILSVRC2012_val_00006699_n01735189,target_1dB,1,CL,A2_decision,token_image_dino_cosine,0.3625643352667491
5,n01744401/ILSVRC2012_val_00032663_n01744401,target_1dB,1,CL,A2_decision,token_image_dino_cosine,0.17884687085946402
6,n01751748/ILSVRC2012_val_00033157_n01751748,target_1dB,1,CL,A2_decision,token_image_dino_cosine,0.41130239764849347
7,n01775062/ILSVRC2012_val_00036589_n01775062,target_1dB,1,CL,A2_decision,token_image_dino_cosine,0.5857643783092499
8,n01843383/ILSVRC2012_val_00005901_n01843383,target_1dB,1,CL,A2_decision,token_image_dino_cosine,0.585756242275238
9,n01860187/ILSVRC2012_val_00021594_n01860187,target_1dB,1,CL,A2_decision,token_image_dino_cosine,0.7399464249610901
10,n01882714/ILSVRC2012_val_00019996_n01882714,target_1dB,1,CL,A2_decision,token_image_dino_cosine,0.8210590283075968
11,n01943899/ILSVRC2012_val_00005706_n01943899,target_1dB,1,CL,A2_decision,token_image_dino_cosine,0.5649059414863586
12,n01955084/ILSVRC2012_val_00001857_n01955084,target_1dB,1,CL,A2_decision,token_image_dino_cosine,0.5838189224402109
13,n01983481/ILSVRC2012_val_00019856_n01983481,target_1dB,1,CL,A2_decision,token_image_dino_cosine,0.665353020032247
14,n02013706/ILSVRC2012_val_00003168_n02013706,target_1dB,1,CL,A2_decision,token_image_dino_cosine,0.5969190696875254
15,n02027492/ILSVRC2012_val_00007524_n02027492,target_1dB,1,CL,A2_decision,token_image_dino_cosine,0.7062468330065409
16,n02088094/ILSVRC2012_val_00005507_n02088094,target_1dB,1,CL,A2_decision,token_image_dino_cosine,0.7461474537849426
17,n02090622/ILSVRC2012_val_00006265_n02090622,target_1dB,1,CL,A2_decision,token_image_dino_cosine,0.7289391756057739
18,n02096177/ILSVRC2012_val_00019083_n02096177,target_1dB,1,CL,A2_decision,token_image_dino_cosine,0.7227112849553426
19,n02098286/ILSVRC2012_val_00038253_n02098286,target_1dB,1,CL,A2_decision,token_image_dino_cosine,0.6995243827501932
20,n02102480/ILSVRC2012_val_00010261_n02102480,target_1dB,1,CL,A2_decision,token_image_dino_cosine,0.6224385499954224
21,n02105641/ILSVRC2012_val_00018762_n02105641,target_1dB,1,CL,A2_decision,token_image_dino_cosine,0.6629524429639181
22,n02106550/ILSVRC2012_val_00014315_n02106550,target_1dB,1,CL,A2_decision,token_image_dino_cosine,0.8479238947232565
23,n02107683/ILSVRC2012_val_00010786_n02107683,target_1dB,1,CL,A2_decision,token_image_dino_cosine,0.4939060111840566
24,n02110806/ILSVRC2012_val_00030364_n02110806,target_1dB,1,CL,A2_decision,token_image_dino_cosine,0.5815378328164419
25,n02113799/ILSVRC2012_val_00007866_n02113799,target_1dB,1,CL,A2_decision,token_image_dino_cosine,0.6244413057963053
26,n02123159/ILSVRC2012_val_00025723_n02123159,target_1dB,1,CL,A2_decision,token_image_dino_cosine,0.8337179025014242
27,n02134084/ILSVRC2012_val_00020332_n02134084,target_1dB,1,CL,A2_decision,token_image_dino_cosine,0.31224991877873737
28,n02168699/ILSVRC2012_val_00040132_n02168699,target_1dB,1,CL,A2_decision,token_image_dino_cosine,0.3536278009414673
29,n02233338/ILSVRC2012_val_00016160_n02233338,target_1dB,1,CL,A2_decision,token_image_dino_cosine,0.6740695436795553
30,n02264363/ILSVRC2012_val_00027803_n02264363,target_1dB,1,CL,A2_decision,token_image_dino_cosine,0.34814493854840595
31,n02277742/ILSVRC2012_val_00015608_n02277742,target_1dB,1,CL,A2_decision,token_image_dino_cosine,0.6652212142944336
32,n02325366/ILSVRC2012_val_00024858_n02325366,target_1dB,1,CL,A2_decision,token_image_dino_cosine,0.7843583226203918
33,n02398521/ILSVRC2012_val_00018354_n02398521,target_1dB,1,CL,A2_decision,token_image_dino_cosine,0.7926322023073832
34,n02410509/ILSVRC2012_val_00022568_n02410509,target_1dB,1,CL,A2_decision,token_image_dino_cosine,0.6549017429351807
35,n02437312/ILSVRC2012_val_00006245_n02437312,target_1dB,1,CL,A2_decision,token_image_dino_cosine,0.7063476244608561
36,n02486410/ILSVRC2012_val_00009799_n02486410,target_1dB,1,CL,A2_decision,token_image_dino_cosine,0.6312263607978821
37,n02509815/ILSVRC2012_val_00014423_n02509815,target_1dB,1,CL,A2_decision,token_image_dino_cosine,0.7117108503977457
38,n02708093/ILSVRC2012_val_00024690_n02708093,target_1dB,1,CL,A2_decision,token_image_dino_cosine,0.613038182258606
39,n02776631/ILSVRC2012_val_00028186_n02776631,target_1dB,1,CL,A2_decision,token_image_dino_cosine,0.7167423764864603
40,n02788148/ILSVRC2012_val_00012264_n02788148,target_1dB,1,CL,A2_decision,token_image_dino_cosine,0.8700260122617086
41,n02834397/ILSVRC2012_val_00010741_n02834397,target_1dB,1,CL,A2_decision,token_image_dino_cosine,0.5020661652088165
42,n02841315/ILSVRC2012_val_00014601_n02841315,target_1dB,1,CL,A2_decision,token_image_dino_cosine,0.7498425841331482
43,n02910353/ILSVRC2012_val_00017543_n02910353,target_1dB,1,CL,A2_decision,token_image_dino_cosine,0.5870691339174906
44,n02951585/ILSVRC2012_val_00008336_n02951585,target_1dB,1,CL,A2_decision,token_image_dino_cosine,0.4056648015975952
45,n02980441/ILSVRC2012_val_00023472_n02980441,target_1dB,1,CL,A2_decision,token_image_dino_cosine,0.6796304980913798
46,n03028079/ILSVRC2012_val_00031446_n03028079,target_1dB,1,CL,A2_decision,token_image_dino_cosine,0.5744135280450186
47,n03109150/ILSVRC2012_val_00032588_n03109150,target_1dB,1,CL,A2_decision,token_image_dino_cosine,0.439614862203598
48,n03127747/ILSVRC2012_val_00003732_n03127747,target_1dB,1,CL,A2_decision,token_image_dino_cosine,0.6866684953371683
49,n03220513/ILSVRC2012_val_00006359_n03220513,target_1dB,1,CL,A2_decision,token_image_dino_cosine,0.3908731738726298
50,n03372029/ILSVRC2012_val_00034937_n03372029,target_1dB,1,CL,A2_decision,token_image_dino_cosine,0.5880086024602255
51,n03388549/ILSVRC2012_val_00022928_n03388549,target_1dB,1,CL,A2_decision,token_image_dino_cosine,0.48222508033116657
52,n03424325/ILSVRC2012_val_00006147_n03424325,target_1dB,1,CL,A2_decision,token_image_dino_cosine,0.862890362739563
53,n03447721/ILSVRC2012_val_00006942_n03447721,target_1dB,1,CL,A2_decision,token_image_dino_cosine,0.6956659952799479
54,n03485794/ILSVRC2012_val_00010782_n03485794,target_1dB,1,CL,A2_decision,token_image_dino_cosine,0.6962781747182211
55,n03527444/ILSVRC2012_val_00035251_n03527444,target_1dB,1,CL,A2_decision,token_image_dino_cosine,0.7666464845339457
56,n03584254/ILSVRC2012_val_00016384_n03584254,target_1dB,1,CL,A2_decision,token_image_dino_cosine,0.05247035498420397
57,n03623198/ILSVRC2012_val_00019928_n03623198,target_1dB,1,CL,A2_decision,token_image_dino_cosine,0.5858346621195475
58,n03657121/ILSVRC2012_val_00000359_n03657121,target_1dB,1,CL,A2_decision,token_image_dino_cosine,0.015686243151624996
59,n03706229/ILSVRC2012_val_00017460_n03706229,target_1dB,1,CL,A2_decision,token_image_dino_cosine,0.28069687883059186
60,n03759954/ILSVRC2012_val_00010804_n03759954,target_1dB,1,CL,A2_decision,token_image_dino_cosine,0.7851710716883341
61,n03775071/ILSVRC2012_val_00002420_n03775071,target_1dB,1,CL,A2_decision,token_image_dino_cosine,0.5046715438365936
62,n03782006/ILSVRC2012_val_00004758_n03782006,target_1dB,1,CL,A2_decision,token_image_dino_cosine,0.8722192049026489
63,n03796401/ILSVRC2012_val_00025827_n03796401,target_1dB,1,CL,A2_decision,token_image_dino_cosine,0.6966427564620972
64,n03866082/ILSVRC2012_val_00003554_n03866082,target_1dB,1,CL,A2_decision,token_image_dino_cosine,0.7413960099220276
65,n03876231/ILSVRC2012_val_00022714_n03876231,target_1dB,1,CL,A2_decision,token_image_dino_cosine,0.6494325796763102
66,n03929660/ILSVRC2012_val_00012300_n03929660,target_1dB,1,CL,A2_decision,token_image_dino_cosine,0.2329940895239512
67,n03950228/ILSVRC2012_val_00019039_n03950228,target_1dB,1,CL,A2_decision,token_image_dino_cosine,0.5732492804527283
68,n03977966/ILSVRC2012_val_00027383_n03977966,target_1dB,1,CL,A2_decision,token_image_dino_cosine,0.6651992599169413
69,n03983396/ILSVRC2012_val_00012891_n03983396,target_1dB,1,CL,A2_decision,token_image_dino_cosine,0.5340037643909454
70,n04044716/ILSVRC2012_val_00039752_n04044716,target_1dB,1,CL,A2_decision,token_image_dino_cosine,0.32847754160563153
71,n04067472/ILSVRC2012_val_00007618_n04067472,target_1dB,1,CL,A2_decision,token_image_dino_cosine,0.6700141628583273
72,n04111531/ILSVRC2012_val_00013982_n04111531,target_1dB,1,CL,A2_decision,token_image_dino_cosine,0.6573975284894308
73,n04131690/ILSVRC2012_val_00002728_n04131690,target_1dB,1,CL,A2_decision,token_image_dino_cosine,0.5110196272532145
74,n04153751/ILSVRC2012_val_00008426_n04153751,target_1dB,1,CL,A2_decision,token_image_dino_cosine,0.5815025965372721
75,n04204347/ILSVRC2012_val_00018921_n04204347,target_1dB,1,CL,A2_decision,token_image_dino_cosine,0.497563898563385
76,n04235860/ILSVRC2012_val_00004033_n04235860,target_1dB,1,CL,A2_decision,token_image_dino_cosine,0.6903936664263407
77,n04252077/ILSVRC2012_val_00012989_n04252077,target_1dB,1,CL,A2_decision,token_image_dino_cosine,0.6771263678868612
78,n04310018/ILSVRC2012_val_00003156_n04310018,target_1dB,1,CL,A2_decision,token_image_dino_cosine,0.7721054553985596
79,n04328186/ILSVRC2012_val_00014795_n04328186,target_1dB,1,CL,A2_decision,token_image_dino_cosine,0.5725157459576925
80,n04346328/ILSVRC2012_val_00003305_n04346328,target_1dB,1,CL,A2_decision,token_image_dino_cosine,0.7044511040051779
81,n04357314/ILSVRC2012_val_00009430_n04357314,target_1dB,1,CL,A2_decision,token_image_dino_cosine,0.5592232346534729
82,n04371774/ILSVRC2012_val_00030870_n04371774,target_1dB,1,CL,A2_decision,token_image_dino_cosine,0.5213553508122762
83,n04392985/ILSVRC2012_val_00029362_n04392985,target_1dB,1,CL,A2_decision,token_image_dino_cosine,0.6859524448712667
84,n04456115/ILSVRC2012_val_00002331_n04456115,target_1dB,1,CL,A2_decision,token_image_dino_cosine,0.47346553206443787
85,n04485082/ILSVRC2012_val_00000955_n04485082,target_1dB,1,CL,A2_decision,token_image_dino_cosine,0.6539775729179382
86,n04515003/ILSVRC2012_val_00002400_n04515003,target_1dB,1,CL,A2_decision,token_image_dino_cosine,0.6983547409375509
87,n04540053/ILSVRC2012_val_00007665_n04540053,target_1dB,1,CL,A2_decision,token_image_dino_cosine,0.7819543480873108
88,n04560804/ILSVRC2012_val_00029830_n04560804,target_1dB,1,CL,A2_decision,token_image_dino_cosine,0.7911076744397482
89,n04596742/ILSVRC2012_val_00007608_n04596742,target_1dB,1,CL,A2_decision,token_image_dino_cosine,0.6539451678593954
90,n07583066/ILSVRC2012_val_00001378_n07583066,target_1dB,1,CL,A2_decision,token_image_dino_cosine,0.5219643513361613
91,n07590611/ILSVRC2012_val_00030972_n07590611,target_1dB,1,CL,A2_decision,token_image_dino_cosine,0.6206555962562561
92,n07714990/ILSVRC2012_val_00008416_n07714990,target_1dB,1,CL,A2_decision,token_image_dino_cosine,0.5318224430084229
93,n07716906/ILSVRC2012_val_00011140_n07716906,target_1dB,1,CL,A2_decision,token_image_dino_cosine,0.6659553448359171
94,n07720875/ILSVRC2012_val_00000423_n07720875,target_1dB,1,CL,A2_decision,token_image_dino_cosine,0.5536928375562032
95,n07860988/ILSVRC2012_val_00010848_n07860988,target_1dB,1,CL,A2_decision,token_image_dino_cosine,0.8024710218111674
96,n09288635/ILSVRC2012_val_00001270_n09288635,target_1dB,1,CL,A2_decision,token_image_dino_cosine,0.6548225084940592
97,n09468604/ILSVRC2012_val_00030741_n09468604,target_1dB,1,CL,A2_decision,token_image_dino_cosine,0.5928036769231161
98,n11939491/ILSVRC2012_val_00034896_n11939491,target_1dB,1,CL,A2_decision,token_image_dino_cosine,0.7438149650891622
99,n15075141/ILSVRC2012_val_00005846_n15075141,target_1dB,1,CL,A2_decision,token_image_dino_cosine,0.6172319253285726
0,n01440764/ILSVRC2012_val_00003014_n01440764,target_1dB,1,CL,A2_decision,fused_image_psnr_db,16.54699198404948
1,n01601694/ILSVRC2012_val_00021656_n01601694,target_1dB,1,CL,A2_decision,fused_image_psnr_db,20.57626469930013
2,n01664065/ILSVRC2012_val_00014316_n01664065,target_1dB,1,CL,A2_decision,fused_image_psnr_db,17.61321194966634
3,n01689811/ILSVRC2012_val_00020598_n01689811,target_1dB,1,CL,A2_decision,fused_image_psnr_db,17.075246810913086
4,n01735189/ILSVRC2012_val_00006699_n01735189,target_1dB,1,CL,A2_decision,fused_image_psnr_db,18.018415451049805
5,n01744401/ILSVRC2012_val_00032663_n01744401,target_1dB,1,CL,A2_decision,fused_image_psnr_db,21.80273373921712
6,n01751748/ILSVRC2012_val_00033157_n01751748,target_1dB,1,CL,A2_decision,fused_image_psnr_db,21.567654927571613
7,n01775062/ILSVRC2012_val_00036589_n01775062,target_1dB,1,CL,A2_decision,fused_image_psnr_db,16.38870112101237
8,n01843383/ILSVRC2012_val_00005901_n01843383,target_1dB,1,CL,A2_decision,fused_image_psnr_db,17.366331100463867
9,n01860187/ILSVRC2012_val_00021594_n01860187,target_1dB,1,CL,A2_decision,fused_image_psnr_db,17.73175621032715
10,n01882714/ILSVRC2012_val_00019996_n01882714,target_1dB,1,CL,A2_decision,fused_image_psnr_db,18.98043378194173
11,n01943899/ILSVRC2012_val_00005706_n01943899,target_1dB,1,CL,A2_decision,fused_image_psnr_db,18.10254414876302
12,n01955084/ILSVRC2012_val_00001857_n01955084,target_1dB,1,CL,A2_decision,fused_image_psnr_db,20.364399592081707
13,n01983481/ILSVRC2012_val_00019856_n01983481,target_1dB,1,CL,A2_decision,fused_image_psnr_db,20.373119990030926
14,n02013706/ILSVRC2012_val_00003168_n02013706,target_1dB,1,CL,A2_decision,fused_image_psnr_db,17.336796442667644
15,n02027492/ILSVRC2012_val_00007524_n02027492,target_1dB,1,CL,A2_decision,fused_image_psnr_db,23.754466374715168
16,n02088094/ILSVRC2012_val_00005507_n02088094,target_1dB,1,CL,A2_decision,fused_image_psnr_db,19.202438354492188
17,n02090622/ILSVRC2012_val_00006265_n02090622,target_1dB,1,CL,A2_decision,fused_image_psnr_db,16.823421478271484
18,n02096177/ILSVRC2012_val_00019083_n02096177,target_1dB,1,CL,A2_decision,fused_image_psnr_db,20.60739262898763
19,n02098286/ILSVRC2012_val_00038253_n02098286,target_1dB,1,CL,A2_decision,fused_image_psnr_db,21.64861996968587
20,n02102480/ILSVRC2012_val_00010261_n02102480,target_1dB,1,CL,A2_decision,fused_image_psnr_db,19.088688532511394
21,n02105641/ILSVRC2012_val_00018762_n02105641,target_1dB,1,CL,A2_decision,fused_image_psnr_db,19.290037155151367
22,n02106550/ILSVRC2012_val_00014315_n02106550,target_1dB,1,CL,A2_decision,fused_image_psnr_db,19.491326014200848
23,n02107683/ILSVRC2012_val_00010786_n02107683,target_1dB,1,CL,A2_decision,fused_image_psnr_db,22.133992513020832
24,n02110806/ILSVRC2012_val_00030364_n02110806,target_1dB,1,CL,A2_decision,fused_image_psnr_db,19.634469985961914
25,n02113799/ILSVRC2012_val_00007866_n02113799,target_1dB,1,CL,A2_decision,fused_image_psnr_db,19.804641723632812
26,n02123159/ILSVRC2012_val_00025723_n02123159,target_1dB,1,CL,A2_decision,fused_image_psnr_db,17.15868377685547
27,n02134084/ILSVRC2012_val_00020332_n02134084,target_1dB,1,CL,A2_decision,fused_image_psnr_db,22.09841791788737
28,n02168699/ILSVRC2012_val_00040132_n02168699,target_1dB,1,CL,A2_decision,fused_image_psnr_db,19.546785354614258
29,n02233338/ILSVRC2012_val_00016160_n02233338,target_1dB,1,CL,A2_decision,fused_image_psnr_db,20.597204208374023
30,n02264363/ILSVRC2012_val_00027803_n02264363,target_1dB,1,CL,A2_decision,fused_image_psnr_db,23.96006457010905
31,n02277742/ILSVRC2012_val_00015608_n02277742,target_1dB,1,CL,A2_decision,fused_image_psnr_db,16.86499786376953
32,n02325366/ILSVRC2012_val_00024858_n02325366,target_1dB,1,CL,A2_decision,fused_image_psnr_db,21.383161544799805
33,n02398521/ILSVRC2012_val_00018354_n02398521,target_1dB,1,CL,A2_decision,fused_image_psnr_db,19.62135378519694
34,n02410509/ILSVRC2012_val_00022568_n02410509,target_1dB,1,CL,A2_decision,fused_image_psnr_db,20.435675303141277
35,n02437312/ILSVRC2012_val_00006245_n02437312,target_1dB,1,CL,A2_decision,fused_image_psnr_db,16.658719380696613
36,n02486410/ILSVRC2012_val_00009799_n02486410,target_1dB,1,CL,A2_decision,fused_image_psnr_db,20.978830337524414
37,n02509815/ILSVRC2012_val_00014423_n02509815,target_1dB,1,CL,A2_decision,fused_image_psnr_db,20.478357315063477
38,n02708093/ILSVRC2012_val_00024690_n02708093,target_1dB,1,CL,A2_decision,fused_image_psnr_db,18.916733423868816
39,n02776631/ILSVRC2012_val_00028186_n02776631,target_1dB,1,CL,A2_decision,fused_image_psnr_db,18.006855010986328
40,n02788148/ILSVRC2012_val_00012264_n02788148,target_1dB,1,CL,A2_decision,fused_image_psnr_db,20.54119618733724
41,n02834397/ILSVRC2012_val_00010741_n02834397,target_1dB,1,CL,A2_decision,fused_image_psnr_db,20.37936528523763
42,n02841315/ILSVRC2012_val_00014601_n02841315,target_1dB,1,CL,A2_decision,fused_image_psnr_db,18.88896306355794
43,n02910353/ILSVRC2012_val_00017543_n02910353,target_1dB,1,CL,A2_decision,fused_image_psnr_db,18.9538091023763
44,n02951585/ILSVRC2012_val_00008336_n02951585,target_1dB,1,CL,A2_decision,fused_image_psnr_db,22.238366444905598
45,n02980441/ILSVRC2012_val_00023472_n02980441,target_1dB,1,CL,A2_decision,fused_image_psnr_db,21.800425211588543
46,n03028079/ILSVRC2012_val_00031446_n03028079,target_1dB,1,CL,A2_decision,fused_image_psnr_db,23.380658467610676
47,n03109150/ILSVRC2012_val_00032588_n03109150,target_1dB,1,CL,A2_decision,fused_image_psnr_db,20.095372517903645
48,n03127747/ILSVRC2012_val_00003732_n03127747,target_1dB,1,CL,A2_decision,fused_image_psnr_db,17.77463658650716
49,n03220513/ILSVRC2012_val_00006359_n03220513,target_1dB,1,CL,A2_decision,fused_image_psnr_db,19.143152872721355
50,n03372029/ILSVRC2012_val_00034937_n03372029,target_1dB,1,CL,A2_decision,fused_image_psnr_db,19.556806564331055
51,n03388549/ILSVRC2012_val_00022928_n03388549,target_1dB,1,CL,A2_decision,fused_image_psnr_db,20.11807123819987
52,n03424325/ILSVRC2012_val_00006147_n03424325,target_1dB,1,CL,A2_decision,fused_image_psnr_db,18.590176900227863
53,n03447721/ILSVRC2012_val_00006942_n03447721,target_1dB,1,CL,A2_decision,fused_image_psnr_db,19.85748863220215
54,n03485794/ILSVRC2012_val_00010782_n03485794,target_1dB,1,CL,A2_decision,fused_image_psnr_db,22.181217193603516
55,n03527444/ILSVRC2012_val_00035251_n03527444,target_1dB,1,CL,A2_decision,fused_image_psnr_db,19.76757876078288
56,n03584254/ILSVRC2012_val_00016384_n03584254,target_1dB,1,CL,A2_decision,fused_image_psnr_db,15.49123509724935
57,n03623198/ILSVRC2012_val_00019928_n03623198,target_1dB,1,CL,A2_decision,fused_image_psnr_db,18.40594991048177
58,n03657121/ILSVRC2012_val_00000359_n03657121,target_1dB,1,CL,A2_decision,fused_image_psnr_db,14.223955472310385
59,n03706229/ILSVRC2012_val_00017460_n03706229,target_1dB,1,CL,A2_decision,fused_image_psnr_db,16.116971333821613
60,n03759954/ILSVRC2012_val_00010804_n03759954,target_1dB,1,CL,A2_decision,fused_image_psnr_db,18.219355901082356
61,n03775071/ILSVRC2012_val_00002420_n03775071,target_1dB,1,CL,A2_decision,fused_image_psnr_db,18.512269337972004
62,n03782006/ILSVRC2012_val_00004758_n03782006,target_1dB,1,CL,A2_decision,fused_image_psnr_db,20.12482452392578
63,n03796401/ILSVRC2012_val_00025827_n03796401,target_1dB,1,CL,A2_decision,fused_image_psnr_db,20.824696858723957
64,n03866082/ILSVRC2012_val_00003554_n03866082,target_1dB,1,CL,A2_decision,fused_image_psnr_db,23.200546900431316
65,n03876231/ILSVRC2012_val_00022714_n03876231,target_1dB,1,CL,A2_decision,fused_image_psnr_db,21.436546961466473
66,n03929660/ILSVRC2012_val_00012300_n03929660,target_1dB,1,CL,A2_decision,fused_image_psnr_db,21.24638557434082
67,n03950228/ILSVRC2012_val_00019039_n03950228,target_1dB,1,CL,A2_decision,fused_image_psnr_db,22.569501241048176
68,n03977966/ILSVRC2012_val_00027383_n03977966,target_1dB,1,CL,A2_decision,fused_image_psnr_db,18.7795467376709
69,n03983396/ILSVRC2012_val_00012891_n03983396,target_1dB,1,CL,A2_decision,fused_image_psnr_db,22.131038029988606
70,n04044716/ILSVRC2012_val_00039752_n04044716,target_1dB,1,CL,A2_decision,fused_image_psnr_db,23.146509170532227
71,n04067472/ILSVRC2012_val_00007618_n04067472,target_1dB,1,CL,A2_decision,fused_image_psnr_db,19.308863321940105
72,n04111531/ILSVRC2012_val_00013982_n04111531,target_1dB,1,CL,A2_decision,fused_image_psnr_db,20.192643483479817
73,n04131690/ILSVRC2012_val_00002728_n04131690,target_1dB,1,CL,A2_decision,fused_image_psnr_db,21.828838348388672
74,n04153751/ILSVRC2012_val_00008426_n04153751,target_1dB,1,CL,A2_decision,fused_image_psnr_db,22.082774480183918
75,n04204347/ILSVRC2012_val_00018921_n04204347,target_1dB,1,CL,A2_decision,fused_image_psnr_db,16.594342549641926
76,n04235860/ILSVRC2012_val_00004033_n04235860,target_1dB,1,CL,A2_decision,fused_image_psnr_db,19.8298765818278
77,n04252077/ILSVRC2012_val_00012989_n04252077,target_1dB,1,CL,A2_decision,fused_image_psnr_db,20.25298500061035
78,n04310018/ILSVRC2012_val_00003156_n04310018,target_1dB,1,CL,A2_decision,fused_image_psnr_db,18.95551109313965
79,n04328186/ILSVRC2012_val_00014795_n04328186,target_1dB,1,CL,A2_decision,fused_image_psnr_db,17.00647799173991
80,n04346328/ILSVRC2012_val_00003305_n04346328,target_1dB,1,CL,A2_decision,fused_image_psnr_db,19.312341054280598
81,n04357314/ILSVRC2012_val_00009430_n04357314,target_1dB,1,CL,A2_decision,fused_image_psnr_db,20.193938573201496
82,n04371774/ILSVRC2012_val_00030870_n04371774,target_1dB,1,CL,A2_decision,fused_image_psnr_db,19.1394526163737
83,n04392985/ILSVRC2012_val_00029362_n04392985,target_1dB,1,CL,A2_decision,fused_image_psnr_db,19.85032780965169
84,n04456115/ILSVRC2012_val_00002331_n04456115,target_1dB,1,CL,A2_decision,fused_image_psnr_db,21.003001530965168
85,n04485082/ILSVRC2012_val_00000955_n04485082,target_1dB,1,CL,A2_decision,fused_image_psnr_db,20.05381965637207
86,n04515003/ILSVRC2012_val_00002400_n04515003,target_1dB,1,CL,A2_decision,fused_image_psnr_db,20.591922124226887
87,n04540053/ILSVRC2012_val_00007665_n04540053,target_1dB,1,CL,A2_decision,fused_image_psnr_db,20.82358169555664
88,n04560804/ILSVRC2012_val_00029830_n04560804,target_1dB,1,CL,A2_decision,fused_image_psnr_db,19.7144775390625
89,n04596742/ILSVRC2012_val_00007608_n04596742,target_1dB,1,CL,A2_decision,fused_image_psnr_db,20.659356435139973
90,n07583066/ILSVRC2012_val_00001378_n07583066,target_1dB,1,CL,A2_decision,fused_image_psnr_db,20.077730814615887
91,n07590611/ILSVRC2012_val_00030972_n07590611,target_1dB,1,CL,A2_decision,fused_image_psnr_db,20.412208557128906
92,n07714990/ILSVRC2012_val_00008416_n07714990,target_1dB,1,CL,A2_decision,fused_image_psnr_db,17.642277399698894
93,n07716906/ILSVRC2012_val_00011140_n07716906,target_1dB,1,CL,A2_decision,fused_image_psnr_db,22.08672269185384
94,n07720875/ILSVRC2012_val_00000423_n07720875,target_1dB,1,CL,A2_decision,fused_image_psnr_db,19.24298858642578
95,n07860988/ILSVRC2012_val_00010848_n07860988,target_1dB,1,CL,A2_decision,fused_image_psnr_db,20.02359962463379
96,n09288635/ILSVRC2012_val_00001270_n09288635,target_1dB,1,CL,A2_decision,fused_image_psnr_db,21.987215677897137
97,n09468604/ILSVRC2012_val_00030741_n09468604,target_1dB,1,CL,A2_decision,fused_image_psnr_db,17.531949361165363
98,n11939491/ILSVRC2012_val_00034896_n11939491,target_1dB,1,CL,A2_decision,fused_image_psnr_db,20.78904851277669
99,n15075141/ILSVRC2012_val_00005846_n15075141,target_1dB,1,CL,A2_decision,fused_image_psnr_db,19.588341395060223
0,n01440764/ILSVRC2012_val_00003014_n01440764,target_1dB,1,CL,A2_decision,fused_image_lpips_alex,0.14427091677983603
1,n01601694/ILSVRC2012_val_00021656_n01601694,target_1dB,1,CL,A2_decision,fused_image_lpips_alex,0.17666658262411752
2,n01664065/ILSVRC2012_val_00014316_n01664065,target_1dB,1,CL,A2_decision,fused_image_lpips_alex,0.2532336711883545
3,n01689811/ILSVRC2012_val_00020598_n01689811,target_1dB,1,CL,A2_decision,fused_image_lpips_alex,0.18960153559843698
4,n01735189/ILSVRC2012_val_00006699_n01735189,target_1dB,1,CL,A2_decision,fused_image_lpips_alex,0.2460584193468094
5,n01744401/ILSVRC2012_val_00032663_n01744401,target_1dB,1,CL,A2_decision,fused_image_lpips_alex,0.30588145057360333
6,n01751748/ILSVRC2012_val_00033157_n01751748,target_1dB,1,CL,A2_decision,fused_image_lpips_alex,0.2755199372768402
7,n01775062/ILSVRC2012_val_00036589_n01775062,target_1dB,1,CL,A2_decision,fused_image_lpips_alex,0.24404617150624594
8,n01843383/ILSVRC2012_val_00005901_n01843383,target_1dB,1,CL,A2_decision,fused_image_lpips_alex,0.1867195318142573
9,n01860187/ILSVRC2012_val_00021594_n01860187,target_1dB,1,CL,A2_decision,fused_image_lpips_alex,0.20118597646554312
10,n01882714/ILSVRC2012_val_00019996_n01882714,target_1dB,1,CL,A2_decision,fused_image_lpips_alex,0.1868083377679189
11,n01943899/ILSVRC2012_val_00005706_n01943899,target_1dB,1,CL,A2_decision,fused_image_lpips_alex,0.2277009238799413
12,n01955084/ILSVRC2012_val_00001857_n01955084,target_1dB,1,CL,A2_decision,fused_image_lpips_alex,0.22290349006652832
13,n01983481/ILSVRC2012_val_00019856_n01983481,target_1dB,1,CL,A2_decision,fused_image_lpips_alex,0.17077427605787912
14,n02013706/ILSVRC2012_val_00003168_n02013706,target_1dB,1,CL,A2_decision,fused_image_lpips_alex,0.19533727069695792
15,n02027492/ILSVRC2012_val_00007524_n02027492,target_1dB,1,CL,A2_decision,fused_image_lpips_alex,0.17277499536673227
16,n02088094/ILSVRC2012_val_00005507_n02088094,target_1dB,1,CL,A2_decision,fused_image_lpips_alex,0.18204391499360403
17,n02090622/ILSVRC2012_val_00006265_n02090622,target_1dB,1,CL,A2_decision,fused_image_lpips_alex,0.19485371808211008
18,n02096177/ILSVRC2012_val_00019083_n02096177,target_1dB,1,CL,A2_decision,fused_image_lpips_alex,0.21526587506135306
19,n02098286/ILSVRC2012_val_00038253_n02098286,target_1dB,1,CL,A2_decision,fused_image_lpips_alex,0.17639559507369995
20,n02102480/ILSVRC2012_val_00010261_n02102480,target_1dB,1,CL,A2_decision,fused_image_lpips_alex,0.2165245364109675
21,n02105641/ILSVRC2012_val_00018762_n02105641,target_1dB,1,CL,A2_decision,fused_image_lpips_alex,0.19434423744678497
22,n02106550/ILSVRC2012_val_00014315_n02106550,target_1dB,1,CL,A2_decision,fused_image_lpips_alex,0.15250190595785776
23,n02107683/ILSVRC2012_val_00010786_n02107683,target_1dB,1,CL,A2_decision,fused_image_lpips_alex,0.228521466255188
24,n02110806/ILSVRC2012_val_00030364_n02110806,target_1dB,1,CL,A2_decision,fused_image_lpips_alex,0.1635801394780477
25,n02113799/ILSVRC2012_val_00007866_n02113799,target_1dB,1,CL,A2_decision,fused_image_lpips_alex,0.19031962752342224
26,n02123159/ILSVRC2012_val_00025723_n02123159,target_1dB,1,CL,A2_decision,fused_image_lpips_alex,0.22454333305358887
27,n02134084/ILSVRC2012_val_00020332_n02134084,target_1dB,1,CL,A2_decision,fused_image_lpips_alex,0.17855567236741385
28,n02168699/ILSVRC2012_val_00040132_n02168699,target_1dB,1,CL,A2_decision,fused_image_lpips_alex,0.21805103619893393
29,n02233338/ILSVRC2012_val_00016160_n02233338,target_1dB,1,CL,A2_decision,fused_image_lpips_alex,0.18124153216679892
30,n02264363/ILSVRC2012_val_00027803_n02264363,target_1dB,1,CL,A2_decision,fused_image_lpips_alex,0.37278618415196735
31,n02277742/ILSVRC2012_val_00015608_n02277742,target_1dB,1,CL,A2_decision,fused_image_lpips_alex,0.18360876540342966
32,n02325366/ILSVRC2012_val_00024858_n02325366,target_1dB,1,CL,A2_decision,fused_image_lpips_alex,0.15150385598341623
33,n02398521/ILSVRC2012_val_00018354_n02398521,target_1dB,1,CL,A2_decision,fused_image_lpips_alex,0.1908562034368515
34,n02410509/ILSVRC2012_val_00022568_n02410509,target_1dB,1,CL,A2_decision,fused_image_lpips_alex,0.2249580373366674
35,n02437312/ILSVRC2012_val_00006245_n02437312,target_1dB,1,CL,A2_decision,fused_image_lpips_alex,0.24738489091396332
36,n02486410/ILSVRC2012_val_00009799_n02486410,target_1dB,1,CL,A2_decision,fused_image_lpips_alex,0.16339972615242004
37,n02509815/ILSVRC2012_val_00014423_n02509815,target_1dB,1,CL,A2_decision,fused_image_lpips_alex,0.22246580322583517
38,n02708093/ILSVRC2012_val_00024690_n02708093,target_1dB,1,CL,A2_decision,fused_image_lpips_alex,0.20994322995344797
39,n02776631/ILSVRC2012_val_00028186_n02776631,target_1dB,1,CL,A2_decision,fused_image_lpips_alex,0.18360605339209238
40,n02788148/ILSVRC2012_val_00012264_n02788148,target_1dB,1,CL,A2_decision,fused_image_lpips_alex,0.19548537830511728
41,n02834397/ILSVRC2012_val_00010741_n02834397,target_1dB,1,CL,A2_decision,fused_image_lpips_alex,0.2419250657161077
42,n02841315/ILSVRC2012_val_00014601_n02841315,target_1dB,1,CL,A2_decision,fused_image_lpips_alex,0.2045726776123047
43,n02910353/ILSVRC2012_val_00017543_n02910353,target_1dB,1,CL,A2_decision,fused_image_lpips_alex,0.18873395025730133
44,n02951585/ILSVRC2012_val_00008336_n02951585,target_1dB,1,CL,A2_decision,fused_image_lpips_alex,0.2358157883087794
45,n02980441/ILSVRC2012_val_00023472_n02980441,target_1dB,1,CL,A2_decision,fused_image_lpips_alex,0.20932610829671225
46,n03028079/ILSVRC2012_val_00031446_n03028079,target_1dB,1,CL,A2_decision,fused_image_lpips_alex,0.19730678697427115
47,n03109150/ILSVRC2012_val_00032588_n03109150,target_1dB,1,CL,A2_decision,fused_image_lpips_alex,0.24006696542104086
48,n03127747/ILSVRC2012_val_00003732_n03127747,target_1dB,1,CL,A2_decision,fused_image_lpips_alex,0.18436788519223532
49,n03220513/ILSVRC2012_val_00006359_n03220513,target_1dB,1,CL,A2_decision,fused_image_lpips_alex,0.2435055822134018
50,n03372029/ILSVRC2012_val_00034937_n03372029,target_1dB,1,CL,A2_decision,fused_image_lpips_alex,0.16871580481529236
51,n03388549/ILSVRC2012_val_00022928_n03388549,target_1dB,1,CL,A2_decision,fused_image_lpips_alex,0.20603508750597635
52,n03424325/ILSVRC2012_val_00006147_n03424325,target_1dB,1,CL,A2_decision,fused_image_lpips_alex,0.19385169943173727
53,n03447721/ILSVRC2012_val_00006942_n03447721,target_1dB,1,CL,A2_decision,fused_image_lpips_alex,0.15985419352849325
54,n03485794/ILSVRC2012_val_00010782_n03485794,target_1dB,1,CL,A2_decision,fused_image_lpips_alex,0.16144063572088876
55,n03527444/ILSVRC2012_val_00035251_n03527444,target_1dB,1,CL,A2_decision,fused_image_lpips_alex,0.15505327781041464
56,n03584254/ILSVRC2012_val_00016384_n03584254,target_1dB,1,CL,A2_decision,fused_image_lpips_alex,0.4536665479342143
57,n03623198/ILSVRC2012_val_00019928_n03623198,target_1dB,1,CL,A2_decision,fused_image_lpips_alex,0.3437703748544057
58,n03657121/ILSVRC2012_val_00000359_n03657121,target_1dB,1,CL,A2_decision,fused_image_lpips_alex,0.43399231632550556
59,n03706229/ILSVRC2012_val_00017460_n03706229,target_1dB,1,CL,A2_decision,fused_image_lpips_alex,0.25189901888370514
60,n03759954/ILSVRC2012_val_00010804_n03759954,target_1dB,1,CL,A2_decision,fused_image_lpips_alex,0.17059679329395294
61,n03775071/ILSVRC2012_val_00002420_n03775071,target_1dB,1,CL,A2_decision,fused_image_lpips_alex,0.26592476665973663
62,n03782006/ILSVRC2012_val_00004758_n03782006,target_1dB,1,CL,A2_decision,fused_image_lpips_alex,0.20727344850699106
63,n03796401/ILSVRC2012_val_00025827_n03796401,target_1dB,1,CL,A2_decision,fused_image_lpips_alex,0.19282727936903635
64,n03866082/ILSVRC2012_val_00003554_n03866082,target_1dB,1,CL,A2_decision,fused_image_lpips_alex,0.17154087126255035
65,n03876231/ILSVRC2012_val_00022714_n03876231,target_1dB,1,CL,A2_decision,fused_image_lpips_alex,0.21262394388516745
66,n03929660/ILSVRC2012_val_00012300_n03929660,target_1dB,1,CL,A2_decision,fused_image_lpips_alex,0.3231268723805745
67,n03950228/ILSVRC2012_val_00019039_n03950228,target_1dB,1,CL,A2_decision,fused_image_lpips_alex,0.2484328250090281
68,n03977966/ILSVRC2012_val_00027383_n03977966,target_1dB,1,CL,A2_decision,fused_image_lpips_alex,0.20397318402926126
69,n03983396/ILSVRC2012_val_00012891_n03983396,target_1dB,1,CL,A2_decision,fused_image_lpips_alex,0.1876357446114222
70,n04044716/ILSVRC2012_val_00039752_n04044716,target_1dB,1,CL,A2_decision,fused_image_lpips_alex,0.29816876848538715
71,n04067472/ILSVRC2012_val_00007618_n04067472,target_1dB,1,CL,A2_decision,fused_image_lpips_alex,0.17449517051378885
72,n04111531/ILSVRC2012_val_00013982_n04111531,target_1dB,1,CL,A2_decision,fused_image_lpips_alex,0.23490720490614572
73,n04131690/ILSVRC2012_val_00002728_n04131690,target_1dB,1,CL,A2_decision,fused_image_lpips_alex,0.2721489767233531
74,n04153751/ILSVRC2012_val_00008426_n04153751,target_1dB,1,CL,A2_decision,fused_image_lpips_alex,0.47235797842343646
75,n04204347/ILSVRC2012_val_00018921_n04204347,target_1dB,1,CL,A2_decision,fused_image_lpips_alex,0.37723512450853985
76,n04235860/ILSVRC2012_val_00004033_n04235860,target_1dB,1,CL,A2_decision,fused_image_lpips_alex,0.17667495210965475
77,n04252077/ILSVRC2012_val_00012989_n04252077,target_1dB,1,CL,A2_decision,fused_image_lpips_alex,0.18259925643603006
78,n04310018/ILSVRC2012_val_00003156_n04310018,target_1dB,1,CL,A2_decision,fused_image_lpips_alex,0.1815748264392217
79,n04328186/ILSVRC2012_val_00014795_n04328186,target_1dB,1,CL,A2_decision,fused_image_lpips_alex,0.23289562265078226
80,n04346328/ILSVRC2012_val_00003305_n04346328,target_1dB,1,CL,A2_decision,fused_image_lpips_alex,0.2169503370920817
81,n04357314/ILSVRC2012_val_00009430_n04357314,target_1dB,1,CL,A2_decision,fused_image_lpips_alex,0.19509495794773102
82,n04371774/ILSVRC2012_val_00030870_n04371774,target_1dB,1,CL,A2_decision,fused_image_lpips_alex,0.2297203242778778
83,n04392985/ILSVRC2012_val_00029362_n04392985,target_1dB,1,CL,A2_decision,fused_image_lpips_alex,0.22666293382644653
84,n04456115/ILSVRC2012_val_00002331_n04456115,target_1dB,1,CL,A2_decision,fused_image_lpips_alex,0.22868083914120993
85,n04485082/ILSVRC2012_val_00000955_n04485082,target_1dB,1,CL,A2_decision,fused_image_lpips_alex,0.15477204322814941
86,n04515003/ILSVRC2012_val_00002400_n04515003,target_1dB,1,CL,A2_decision,fused_image_lpips_alex,0.17548573513825735
87,n04540053/ILSVRC2012_val_00007665_n04540053,target_1dB,1,CL,A2_decision,fused_image_lpips_alex,0.13663294911384583
88,n04560804/ILSVRC2012_val_00029830_n04560804,target_1dB,1,CL,A2_decision,fused_image_lpips_alex,0.15442201495170593
89,n04596742/ILSVRC2012_val_00007608_n04596742,target_1dB,1,CL,A2_decision,fused_image_lpips_alex,0.20352611939112344
90,n07583066/ILSVRC2012_val_00001378_n07583066,target_1dB,1,CL,A2_decision,fused_image_lpips_alex,0.17780912419160208
91,n07590611/ILSVRC2012_val_00030972_n07590611,target_1dB,1,CL,A2_decision,fused_image_lpips_alex,0.15601966281731924
92,n07714990/ILSVRC2012_val_00008416_n07714990,target_1dB,1,CL,A2_decision,fused_image_lpips_alex,0.24697819848855337
93,n07716906/ILSVRC2012_val_00011140_n07716906,target_1dB,1,CL,A2_decision,fused_image_lpips_alex,0.2067369669675827
94,n07720875/ILSVRC2012_val_00000423_n07720875,target_1dB,1,CL,A2_decision,fused_image_lpips_alex,0.24952998757362366
95,n07860988/ILSVRC2012_val_00010848_n07860988,target_1dB,1,CL,A2_decision,fused_image_lpips_alex,0.144037127494812
96,n09288635/ILSVRC2012_val_00001270_n09288635,target_1dB,1,CL,A2_decision,fused_image_lpips_alex,0.2133001983165741
97,n09468604/ILSVRC2012_val_00030741_n09468604,target_1dB,1,CL,A2_decision,fused_image_lpips_alex,0.2934185365835826
98,n11939491/ILSVRC2012_val_00034896_n11939491,target_1dB,1,CL,A2_decision,fused_image_lpips_alex,0.12965262432893118
99,n15075141/ILSVRC2012_val_00005846_n15075141,target_1dB,1,CL,A2_decision,fused_image_lpips_alex,0.18491693337758383
0,n01440764/ILSVRC2012_val_00003014_n01440764,target_1dB,1,CL,A2_decision,fused_image_dino_cosine,0.8270443479220072
1,n01601694/ILSVRC2012_val_00021656_n01601694,target_1dB,1,CL,A2_decision,fused_image_dino_cosine,0.5035789012908936
2,n01664065/ILSVRC2012_val_00014316_n01664065,target_1dB,1,CL,A2_decision,fused_image_dino_cosine,0.8107388814290365
3,n01689811/ILSVRC2012_val_00020598_n01689811,target_1dB,1,CL,A2_decision,fused_image_dino_cosine,0.8390007813771566
4,n01735189/ILSVRC2012_val_00006699_n01735189,target_1dB,1,CL,A2_decision,fused_image_dino_cosine,0.6433205207188925
5,n01744401/ILSVRC2012_val_00032663_n01744401,target_1dB,1,CL,A2_decision,fused_image_dino_cosine,0.2527764141559601
6,n01751748/ILSVRC2012_val_00033157_n01751748,target_1dB,1,CL,A2_decision,fused_image_dino_cosine,0.6358722249666849
7,n01775062/ILSVRC2012_val_00036589_n01775062,target_1dB,1,CL,A2_decision,fused_image_dino_cosine,0.7730814019838969
8,n01843383/ILSVRC2012_val_00005901_n01843383,target_1dB,1,CL,A2_decision,fused_image_dino_cosine,0.9258580605189005
9,n01860187/ILSVRC2012_val_00021594_n01860187,target_1dB,1,CL,A2_decision,fused_image_dino_cosine,0.8266334732373556
10,n01882714/ILSVRC2012_val_00019996_n01882714,target_1dB,1,CL,A2_decision,fused_image_dino_cosine,0.9109564224878947
11,n01943899/ILSVRC2012_val_00005706_n01943899,target_1dB,1,CL,A2_decision,fused_image_dino_cosine,0.7102036476135254
12,n01955084/ILSVRC2012_val_00001857_n01955084,target_1dB,1,CL,A2_decision,fused_image_dino_cosine,0.8249956568082174
13,n01983481/ILSVRC2012_val_00019856_n01983481,target_1dB,1,CL,A2_decision,fused_image_dino_cosine,0.8788063923517863
14,n02013706/ILSVRC2012_val_00003168_n02013706,target_1dB,1,CL,A2_decision,fused_image_dino_cosine,0.7988587021827698
15,n02027492/ILSVRC2012_val_00007524_n02027492,target_1dB,1,CL,A2_decision,fused_image_dino_cosine,0.8498616814613342
16,n02088094/ILSVRC2012_val_00005507_n02088094,target_1dB,1,CL,A2_decision,fused_image_dino_cosine,0.8642571369806925
17,n02090622/ILSVRC2012_val_00006265_n02090622,target_1dB,1,CL,A2_decision,fused_image_dino_cosine,0.8126911719640096
18,n02096177/ILSVRC2012_val_00019083_n02096177,target_1dB,1,CL,A2_decision,fused_image_dino_cosine,0.80988876024882
19,n02098286/ILSVRC2012_val_00038253_n02098286,target_1dB,1,CL,A2_decision,fused_image_dino_cosine,0.8287476897239685
20,n02102480/ILSVRC2012_val_00010261_n02102480,target_1dB,1,CL,A2_decision,fused_image_dino_cosine,0.7956569592157999
21,n02105641/ILSVRC2012_val_00018762_n02105641,target_1dB,1,CL,A2_decision,fused_image_dino_cosine,0.8354467749595642
22,n02106550/ILSVRC2012_val_00014315_n02106550,target_1dB,1,CL,A2_decision,fused_image_dino_cosine,0.9368322292963663
23,n02107683/ILSVRC2012_val_00010786_n02107683,target_1dB,1,CL,A2_decision,fused_image_dino_cosine,0.7305138111114502
24,n02110806/ILSVRC2012_val_00030364_n02110806,target_1dB,1,CL,A2_decision,fused_image_dino_cosine,0.7844232718149821
25,n02113799/ILSVRC2012_val_00007866_n02113799,target_1dB,1,CL,A2_decision,fused_image_dino_cosine,0.7944657802581787
26,n02123159/ILSVRC2012_val_00025723_n02123159,target_1dB,1,CL,A2_decision,fused_image_dino_cosine,0.882324238618215
27,n02134084/ILSVRC2012_val_00020332_n02134084,target_1dB,1,CL,A2_decision,fused_image_dino_cosine,0.6000604430834452
28,n02168699/ILSVRC2012_val_00040132_n02168699,target_1dB,1,CL,A2_decision,fused_image_dino_cosine,0.7639846603075663
29,n02233338/ILSVRC2012_val_00016160_n02233338,target_1dB,1,CL,A2_decision,fused_image_dino_cosine,0.80829385916392
30,n02264363/ILSVRC2012_val_00027803_n02264363,target_1dB,1,CL,A2_decision,fused_image_dino_cosine,0.5685570041338602
31,n02277742/ILSVRC2012_val_00015608_n02277742,target_1dB,1,CL,A2_decision,fused_image_dino_cosine,0.8628698984781901
32,n02325366/ILSVRC2012_val_00024858_n02325366,target_1dB,1,CL,A2_decision,fused_image_dino_cosine,0.8956101934115092
33,n02398521/ILSVRC2012_val_00018354_n02398521,target_1dB,1,CL,A2_decision,fused_image_dino_cosine,0.8453067541122437
34,n02410509/ILSVRC2012_val_00022568_n02410509,target_1dB,1,CL,A2_decision,fused_image_dino_cosine,0.7826152642567953
35,n02437312/ILSVRC2012_val_00006245_n02437312,target_1dB,1,CL,A2_decision,fused_image_dino_cosine,0.844938337802887
36,n02486410/ILSVRC2012_val_00009799_n02486410,target_1dB,1,CL,A2_decision,fused_image_dino_cosine,0.7960741519927979
37,n02509815/ILSVRC2012_val_00014423_n02509815,target_1dB,1,CL,A2_decision,fused_image_dino_cosine,0.8380528092384338
38,n02708093/ILSVRC2012_val_00024690_n02708093,target_1dB,1,CL,A2_decision,fused_image_dino_cosine,0.8433757026990255
39,n02776631/ILSVRC2012_val_00028186_n02776631,target_1dB,1,CL,A2_decision,fused_image_dino_cosine,0.8668577472368876
40,n02788148/ILSVRC2012_val_00012264_n02788148,target_1dB,1,CL,A2_decision,fused_image_dino_cosine,0.9378069043159485
41,n02834397/ILSVRC2012_val_00010741_n02834397,target_1dB,1,CL,A2_decision,fused_image_dino_cosine,0.7780207594235738
42,n02841315/ILSVRC2012_val_00014601_n02841315,target_1dB,1,CL,A2_decision,fused_image_dino_cosine,0.8796758850415548
43,n02910353/ILSVRC2012_val_00017543_n02910353,target_1dB,1,CL,A2_decision,fused_image_dino_cosine,0.7513376275698344
44,n02951585/ILSVRC2012_val_00008336_n02951585,target_1dB,1,CL,A2_decision,fused_image_dino_cosine,0.612104594707489
45,n02980441/ILSVRC2012_val_00023472_n02980441,target_1dB,1,CL,A2_decision,fused_image_dino_cosine,0.839932918548584
46,n03028079/ILSVRC2012_val_00031446_n03028079,target_1dB,1,CL,A2_decision,fused_image_dino_cosine,0.7960748672485352
47,n03109150/ILSVRC2012_val_00032588_n03109150,target_1dB,1,CL,A2_decision,fused_image_dino_cosine,0.7500831882158915
48,n03127747/ILSVRC2012_val_00003732_n03127747,target_1dB,1,CL,A2_decision,fused_image_dino_cosine,0.8274228374163309
49,n03220513/ILSVRC2012_val_00006359_n03220513,target_1dB,1,CL,A2_decision,fused_image_dino_cosine,0.611399233341217
50,n03372029/ILSVRC2012_val_00034937_n03372029,target_1dB,1,CL,A2_decision,fused_image_dino_cosine,0.796351691087087
51,n03388549/ILSVRC2012_val_00022928_n03388549,target_1dB,1,CL,A2_decision,fused_image_dino_cosine,0.760005255540212
52,n03424325/ILSVRC2012_val_00006147_n03424325,target_1dB,1,CL,A2_decision,fused_image_dino_cosine,0.9426991740862528
53,n03447721/ILSVRC2012_val_00006942_n03447721,target_1dB,1,CL,A2_decision,fused_image_dino_cosine,0.8636995752652487
54,n03485794/ILSVRC2012_val_00010782_n03485794,target_1dB,1,CL,A2_decision,fused_image_dino_cosine,0.8747600118319193
55,n03527444/ILSVRC2012_val_00035251_n03527444,target_1dB,1,CL,A2_decision,fused_image_dino_cosine,0.8979103763898214
56,n03584254/ILSVRC2012_val_00016384_n03584254,target_1dB,1,CL,A2_decision,fused_image_dino_cosine,0.19651289532581964
57,n03623198/ILSVRC2012_val_00019928_n03623198,target_1dB,1,CL,A2_decision,fused_image_dino_cosine,0.7307749191919962
58,n03657121/ILSVRC2012_val_00000359_n03657121,target_1dB,1,CL,A2_decision,fused_image_dino_cosine,0.18549279806514582
59,n03706229/ILSVRC2012_val_00017460_n03706229,target_1dB,1,CL,A2_decision,fused_image_dino_cosine,0.5262041091918945
60,n03759954/ILSVRC2012_val_00010804_n03759954,target_1dB,1,CL,A2_decision,fused_image_dino_cosine,0.9104268550872803
61,n03775071/ILSVRC2012_val_00002420_n03775071,target_1dB,1,CL,A2_decision,fused_image_dino_cosine,0.6080435713132223
62,n03782006/ILSVRC2012_val_00004758_n03782006,target_1dB,1,CL,A2_decision,fused_image_dino_cosine,0.9102589090665182
63,n03796401/ILSVRC2012_val_00025827_n03796401,target_1dB,1,CL,A2_decision,fused_image_dino_cosine,0.8272096713383993
64,n03866082/ILSVRC2012_val_00003554_n03866082,target_1dB,1,CL,A2_decision,fused_image_dino_cosine,0.8682798941930135
65,n03876231/ILSVRC2012_val_00022714_n03876231,target_1dB,1,CL,A2_decision,fused_image_dino_cosine,0.7353371381759644
66,n03929660/ILSVRC2012_val_00012300_n03929660,target_1dB,1,CL,A2_decision,fused_image_dino_cosine,0.4367301861445109
67,n03950228/ILSVRC2012_val_00019039_n03950228,target_1dB,1,CL,A2_decision,fused_image_dino_cosine,0.7684106032053629
68,n03977966/ILSVRC2012_val_00027383_n03977966,target_1dB,1,CL,A2_decision,fused_image_dino_cosine,0.8046115636825562
69,n03983396/ILSVRC2012_val_00012891_n03983396,target_1dB,1,CL,A2_decision,fused_image_dino_cosine,0.8420861562093099
70,n04044716/ILSVRC2012_val_00039752_n04044716,target_1dB,1,CL,A2_decision,fused_image_dino_cosine,0.5834868351618449
71,n04067472/ILSVRC2012_val_00007618_n04067472,target_1dB,1,CL,A2_decision,fused_image_dino_cosine,0.860153873761495
72,n04111531/ILSVRC2012_val_00013982_n04111531,target_1dB,1,CL,A2_decision,fused_image_dino_cosine,0.8021740913391113
73,n04131690/ILSVRC2012_val_00002728_n04131690,target_1dB,1,CL,A2_decision,fused_image_dino_cosine,0.5907941460609436
74,n04153751/ILSVRC2012_val_00008426_n04153751,target_1dB,1,CL,A2_decision,fused_image_dino_cosine,0.6824596524238586
75,n04204347/ILSVRC2012_val_00018921_n04204347,target_1dB,1,CL,A2_decision,fused_image_dino_cosine,0.5770273605982462
76,n04235860/ILSVRC2012_val_00004033_n04235860,target_1dB,1,CL,A2_decision,fused_image_dino_cosine,0.7476279735565186
77,n04252077/ILSVRC2012_val_00012989_n04252077,target_1dB,1,CL,A2_decision,fused_image_dino_cosine,0.8180385828018188
78,n04310018/ILSVRC2012_val_00003156_n04310018,target_1dB,1,CL,A2_decision,fused_image_dino_cosine,0.9245731035868326
79,n04328186/ILSVRC2012_val_00014795_n04328186,target_1dB,1,CL,A2_decision,fused_image_dino_cosine,0.7677815556526184
80,n04346328/ILSVRC2012_val_00003305_n04346328,target_1dB,1,CL,A2_decision,fused_image_dino_cosine,0.8020238876342773
81,n04357314/ILSVRC2012_val_00009430_n04357314,target_1dB,1,CL,A2_decision,fused_image_dino_cosine,0.8245249191919962
82,n04371774/ILSVRC2012_val_00030870_n04371774,target_1dB,1,CL,A2_decision,fused_image_dino_cosine,0.7413811484972636
83,n04392985/ILSVRC2012_val_00029362_n04392985,target_1dB,1,CL,A2_decision,fused_image_dino_cosine,0.8193926413853964
84,n04456115/ILSVRC2012_val_00002331_n04456115,target_1dB,1,CL,A2_decision,fused_image_dino_cosine,0.6524532039960226
85,n04485082/ILSVRC2012_val_00000955_n04485082,target_1dB,1,CL,A2_decision,fused_image_dino_cosine,0.9020095864931742
86,n04515003/ILSVRC2012_val_00002400_n04515003,target_1dB,1,CL,A2_decision,fused_image_dino_cosine,0.8634903232256571
87,n04540053/ILSVRC2012_val_00007665_n04540053,target_1dB,1,CL,A2_decision,fused_image_dino_cosine,0.9131484429041544
88,n04560804/ILSVRC2012_val_00029830_n04560804,target_1dB,1,CL,A2_decision,fused_image_dino_cosine,0.9143610596656799
89,n04596742/ILSVRC2012_val_00007608_n04596742,target_1dB,1,CL,A2_decision,fused_image_dino_cosine,0.8598401546478271
90,n07583066/ILSVRC2012_val_00001378_n07583066,target_1dB,1,CL,A2_decision,fused_image_dino_cosine,0.7414246996243795
91,n07590611/ILSVRC2012_val_00030972_n07590611,target_1dB,1,CL,A2_decision,fused_image_dino_cosine,0.8267018795013428
92,n07714990/ILSVRC2012_val_00008416_n07714990,target_1dB,1,CL,A2_decision,fused_image_dino_cosine,0.8195759455362955
93,n07716906/ILSVRC2012_val_00011140_n07716906,target_1dB,1,CL,A2_decision,fused_image_dino_cosine,0.7746443947156271
94,n07720875/ILSVRC2012_val_00000423_n07720875,target_1dB,1,CL,A2_decision,fused_image_dino_cosine,0.7541053295135498
95,n07860988/ILSVRC2012_val_00010848_n07860988,target_1dB,1,CL,A2_decision,fused_image_dino_cosine,0.8851639231046041
96,n09288635/ILSVRC2012_val_00001270_n09288635,target_1dB,1,CL,A2_decision,fused_image_dino_cosine,0.8027469913164774
97,n09468604/ILSVRC2012_val_00030741_n09468604,target_1dB,1,CL,A2_decision,fused_image_dino_cosine,0.5917618870735168
98,n11939491/ILSVRC2012_val_00034896_n11939491,target_1dB,1,CL,A2_decision,fused_image_dino_cosine,0.8566247820854187
99,n15075141/ILSVRC2012_val_00005846_n15075141,target_1dB,1,CL,A2_decision,fused_image_dino_cosine,0.7927798430124918
0,n01440764/ILSVRC2012_val_00003014_n01440764,target_1dB,1,CL,A2_decision,path_accuracy,0.2780516176309445
1,n01601694/ILSVRC2012_val_00021656_n01601694,target_1dB,1,CL,A2_decision,path_accuracy,0.20671959237343854
2,n01664065/ILSVRC2012_val_00014316_n01664065,target_1dB,1,CL,A2_decision,path_accuracy,0.23751806993754107
3,n01689811/ILSVRC2012_val_00020598_n01689811,target_1dB,1,CL,A2_decision,path_accuracy,0.21881909516765286
4,n01735189/ILSVRC2012_val_00006699_n01735189,target_1dB,1,CL,A2_decision,path_accuracy,0.22542830580210385
5,n01744401/ILSVRC2012_val_00032663_n01744401,target_1dB,1,CL,A2_decision,path_accuracy,0.14712721551062893
6,n01751748/ILSVRC2012_val_00033157_n01751748,target_1dB,1,CL,A2_decision,path_accuracy,0.2152835476934035
7,n01775062/ILSVRC2012_val_00036589_n01775062,target_1dB,1,CL,A2_decision,path_accuracy,0.21230452827087443
8,n01843383/ILSVRC2012_val_00005901_n01843383,target_1dB,1,CL,A2_decision,path_accuracy,0.2031649271312733
9,n01860187/ILSVRC2012_val_00021594_n01860187,target_1dB,1,CL,A2_decision,path_accuracy,0.17057316321499014
10,n01882714/ILSVRC2012_val_00019996_n01882714,target_1dB,1,CL,A2_decision,path_accuracy,0.16830444608809994
11,n01943899/ILSVRC2012_val_00005706_n01943899,target_1dB,1,CL,A2_decision,path_accuracy,0.2029912030188473
12,n01955084/ILSVRC2012_val_00001857_n01955084,target_1dB,1,CL,A2_decision,path_accuracy,0.14325275997150996
13,n01983481/ILSVRC2012_val_00019856_n01983481,target_1dB,1,CL,A2_decision,path_accuracy,0.26430507273175546
14,n02013706/ILSVRC2012_val_00003168_n02013706,target_1dB,1,CL,A2_decision,path_accuracy,0.25035247849550735
15,n02027492/ILSVRC2012_val_00007524_n02027492,target_1dB,1,CL,A2_decision,path_accuracy,0.13807056760902914
16,n02088094/ILSVRC2012_val_00005507_n02088094,target_1dB,1,CL,A2_decision,path_accuracy,0.21121977386039884
17,n02090622/ILSVRC2012_val_00006265_n02090622,target_1dB,1,CL,A2_decision,path_accuracy,0.11482258451128642
18,n02096177/ILSVRC2012_val_00019083_n02096177,target_1dB,1,CL,A2_decision,path_accuracy,0.2084308192252904
19,n02098286/ILSVRC2012_val_00038253_n02098286,target_1dB,1,CL,A2_decision,path_accuracy,0.171031414365549
20,n02102480/ILSVRC2012_val_00010261_n02102480,target_1dB,1,CL,A2_decision,path_accuracy,0.18734904051610787
21,n02105641/ILSVRC2012_val_00018762_n02105641,target_1dB,1,CL,A2_decision,path_accuracy,0.25443772942691206
22,n02106550/ILSVRC2012_val_00014315_n02106550,target_1dB,1,CL,A2_decision,path_accuracy,0.24507304678939298
23,n02107683/ILSVRC2012_val_00010786_n02107683,target_1dB,1,CL,A2_decision,path_accuracy,0.17809227755862375
24,n02110806/ILSVRC2012_val_00030364_n02110806,target_1dB,1,CL,A2_decision,path_accuracy,0.22317270025202718
25,n02113799/ILSVRC2012_val_00007866_n02113799,target_1dB,1,CL,A2_decision,path_accuracy,0.19154492315910585
26,n02123159/ILSVRC2012_val_00025723_n02123159,target_1dB,1,CL,A2_decision,path_accuracy,0.21447170857988165
27,n02134084/ILSVRC2012_val_00020332_n02134084,target_1dB,1,CL,A2_decision,path_accuracy,0.16738009190773614
28,n02168699/ILSVRC2012_val_00040132_n02168699,target_1dB,1,CL,A2_decision,path_accuracy,0.14127400764299802
29,n02233338/ILSVRC2012_val_00016160_n02233338,target_1dB,1,CL,A2_decision,path_accuracy,0.21945915858536047
30,n02264363/ILSVRC2012_val_00027803_n02264363,target_1dB,1,CL,A2_decision,path_accuracy,0.14810935787858864
31,n02277742/ILSVRC2012_val_00015608_n02277742,target_1dB,1,CL,A2_decision,path_accuracy,0.23771282941595442
32,n02325366/ILSVRC2012_val_00024858_n02325366,target_1dB,1,CL,A2_decision,path_accuracy,0.2192940123000219
33,n02398521/ILSVRC2012_val_00018354_n02398521,target_1dB,1,CL,A2_decision,path_accuracy,0.1898970558021039
34,n02410509/ILSVRC2012_val_00022568_n02410509,target_1dB,1,CL,A2_decision,path_accuracy,0.14171390464058733
35,n02437312/ILSVRC2012_val_00006245_n02437312,target_1dB,1,CL,A2_decision,path_accuracy,0.21971264792899406
36,n02486410/ILSVRC2012_val_00009799_n02486410,target_1dB,1,CL,A2_decision,path_accuracy,0.18895338866973485
37,n02509815/ILSVRC2012_val_00014423_n02509815,target_1dB,1,CL,A2_decision,path_accuracy,0.20492281667762438
38,n02708093/ILSVRC2012_val_00024690_n02708093,target_1dB,1,CL,A2_decision,path_accuracy,0.19390100742384395
39,n02776631/ILSVRC2012_val_00028186_n02776631,target_1dB,1,CL,A2_decision,path_accuracy,0.1456694095167653
40,n02788148/ILSVRC2012_val_00012264_n02788148,target_1dB,1,CL,A2_decision,path_accuracy,0.10255543912995835
41,n02834397/ILSVRC2012_val_00010741_n02834397,target_1dB,1,CL,A2_decision,path_accuracy,0.18974902407955294
42,n02841315/ILSVRC2012_val_00014601_n02841315,target_1dB,1,CL,A2_decision,path_accuracy,0.13134836250821827
43,n02910353/ILSVRC2012_val_00017543_n02910353,target_1dB,1,CL,A2_decision,path_accuracy,0.2120927569581416
44,n02951585/ILSVRC2012_val_00008336_n02951585,target_1dB,1,CL,A2_decision,path_accuracy,0.1720318115822924
45,n02980441/ILSVRC2012_val_00023472_n02980441,target_1dB,1,CL,A2_decision,path_accuracy,0.20165507547118122
46,n03028079/ILSVRC2012_val_00031446_n03028079,target_1dB,1,CL,A2_decision,path_accuracy,0.17754202964058732
47,n03109150/ILSVRC2012_val_00032588_n03109150,target_1dB,1,CL,A2_decision,path_accuracy,0.13189108727810653
48,n03127747/ILSVRC2012_val_00003732_n03127747,target_1dB,1,CL,A2_decision,path_accuracy,0.17725585209840014
49,n03220513/ILSVRC2012_val_00006359_n03220513,target_1dB,1,CL,A2_decision,path_accuracy,0.17260538913543721
50,n03372029/ILSVRC2012_val_00034937_n03372029,target_1dB,1,CL,A2_decision,path_accuracy,0.1884014868233618
51,n03388549/ILSVRC2012_val_00022928_n03388549,target_1dB,1,CL,A2_decision,path_accuracy,0.19717541228358537
52,n03424325/ILSVRC2012_val_00006147_n03424325,target_1dB,1,CL,A2_decision,path_accuracy,0.17345550487617797
53,n03447721/ILSVRC2012_val_00006942_n03447721,target_1dB,1,CL,A2_decision,path_accuracy,0.19151467989809334
54,n03485794/ILSVRC2012_val_00010782_n03485794,target_1dB,1,CL,A2_decision,path_accuracy,0.1485955682938856
55,n03527444/ILSVRC2012_val_00035251_n03527444,target_1dB,1,CL,A2_decision,path_accuracy,0.12546263080758271
56,n03584254/ILSVRC2012_val_00016384_n03584254,target_1dB,1,CL,A2_decision,path_accuracy,0.06477835648148149
57,n03623198/ILSVRC2012_val_00019928_n03623198,target_1dB,1,CL,A2_decision,path_accuracy,0.11015219907407407
58,n03657121/ILSVRC2012_val_00000359_n03657121,target_1dB,1,CL,A2_decision,path_accuracy,0.18674527106618455
59,n03706229/ILSVRC2012_val_00017460_n03706229,target_1dB,1,CL,A2_decision,path_accuracy,0.18545987083607277
60,n03759954/ILSVRC2012_val_00010804_n03759954,target_1dB,1,CL,A2_decision,path_accuracy,0.168186537776682
61,n03775071/ILSVRC2012_val_00002420_n03775071,target_1dB,1,CL,A2_decision,path_accuracy,0.1576293317170721
62,n03782006/ILSVRC2012_val_00004758_n03782006,target_1dB,1,CL,A2_decision,path_accuracy,0.1831816958415516
63,n03796401/ILSVRC2012_val_00025827_n03796401,target_1dB,1,CL,A2_decision,path_accuracy,0.19806352386039885
64,n03866082/ILSVRC2012_val_00003554_n03866082,target_1dB,1,CL,A2_decision,path_accuracy,0.08293381204799473
65,n03876231/ILSVRC2012_val_00022714_n03876231,target_1dB,1,CL,A2_decision,path_accuracy,0.20718720208744248
66,n03929660/ILSVRC2012_val_00012300_n03929660,target_1dB,1,CL,A2_decision,path_accuracy,0.18127564444992328
67,n03950228/ILSVRC2012_val_00019039_n03950228,target_1dB,1,CL,A2_decision,path_accuracy,0.08908389491562568
68,n03977966/ILSVRC2012_val_00027383_n03977966,target_1dB,1,CL,A2_decision,path_accuracy,0.25738267039228574
69,n03983396/ILSVRC2012_val_00012891_n03983396,target_1dB,1,CL,A2_decision,path_accuracy,0.2273950217784352
70,n04044716/ILSVRC2012_val_00039752_n04044716,target_1dB,1,CL,A2_decision,path_accuracy,0.16976147476988823
71,n04067472/ILSVRC2012_val_00007618_n04067472,target_1dB,1,CL,A2_decision,path_accuracy,0.2184448553583169
72,n04111531/ILSVRC2012_val_00013982_n04111531,target_1dB,1,CL,A2_decision,path_accuracy,0.17849264121740083
73,n04131690/ILSVRC2012_val_00002728_n04131690,target_1dB,1,CL,A2_decision,path_accuracy,0.19234644491014685
74,n04153751/ILSVRC2012_val_00008426_n04153751,target_1dB,1,CL,A2_decision,path_accuracy,0.19749333634670174
75,n04204347/ILSVRC2012_val_00018921_n04204347,target_1dB,1,CL,A2_decision,path_accuracy,0.11932327964058735
76,n04235860/ILSVRC2012_val_00004033_n04235860,target_1dB,1,CL,A2_decision,path_accuracy,0.21603295186828841
77,n04252077/ILSVRC2012_val_00012989_n04252077,target_1dB,1,CL,A2_decision,path_accuracy,0.2368664666885821
78,n04310018/ILSVRC2012_val_00003156_n04310018,target_1dB,1,CL,A2_decision,path_accuracy,0.21088688568376068
79,n04328186/ILSVRC2012_val_00014795_n04328186,target_1dB,1,CL,A2_decision,path_accuracy,0.18199198033092265
80,n04346328/ILSVRC2012_val_00003305_n04346328,target_1dB,1,CL,A2_decision,path_accuracy,0.1664386231645847
81,n04357314/ILSVRC2012_val_00009430_n04357314,target_1dB,1,CL,A2_decision,path_accuracy,0.21647334538680693
82,n04371774/ILSVRC2012_val_00030870_n04371774,target_1dB,1,CL,A2_decision,path_accuracy,0.1424065136697348
83,n04392985/ILSVRC2012_val_00029362_n04392985,target_1dB,1,CL,A2_decision,path_accuracy,0.2180527270984002
84,n04456115/ILSVRC2012_val_00002331_n04456115,target_1dB,1,CL,A2_decision,path_accuracy,0.14790813335524874
85,n04485082/ILSVRC2012_val_00000955_n04485082,target_1dB,1,CL,A2_decision,path_accuracy,0.21392772709840016
86,n04515003/ILSVRC2012_val_00002400_n04515003,target_1dB,1,CL,A2_decision,path_accuracy,0.11669915625684857
87,n04540053/ILSVRC2012_val_00007665_n04540053,target_1dB,1,CL,A2_decision,path_accuracy,0.12205137108262108
88,n04560804/ILSVRC2012_val_00029830_n04560804,target_1dB,1,CL,A2_decision,path_accuracy,0.27740386669953976
89,n04596742/ILSVRC2012_val_00007608_n04596742,target_1dB,1,CL,A2_decision,path_accuracy,0.23944025997150997
90,n07583066/ILSVRC2012_val_00001378_n07583066,target_1dB,1,CL,A2_decision,path_accuracy,0.2092146648312514
91,n07590611/ILSVRC2012_val_00030972_n07590611,target_1dB,1,CL,A2_decision,path_accuracy,0.16422379054350209
92,n07714990/ILSVRC2012_val_00008416_n07714990,target_1dB,1,CL,A2_decision,path_accuracy,0.16132461853495508
93,n07716906/ILSVRC2012_val_00011140_n07716906,target_1dB,1,CL,A2_decision,path_accuracy,0.2003881115768135
94,n07720875/ILSVRC2012_val_00000423_n07720875,target_1dB,1,CL,A2_decision,path_accuracy,0.08435877917488493
95,n07860988/ILSVRC2012_val_00010848_n07860988,target_1dB,1,CL,A2_decision,path_accuracy,0.18886936020710063
96,n09288635/ILSVRC2012_val_00001270_n09288635,target_1dB,1,CL,A2_decision,path_accuracy,0.22031190417488497
97,n09468604/ILSVRC2012_val_00030741_n09468604,target_1dB,1,CL,A2_decision,path_accuracy,0.1641076046460662
98,n11939491/ILSVRC2012_val_00034896_n11939491,target_1dB,1,CL,A2_decision,path_accuracy,0.1643985111220688
99,n15075141/ILSVRC2012_val_00005846_n15075141,target_1dB,1,CL,A2_decision,path_accuracy,0.1885243706169187
0,n01440764/ILSVRC2012_val_00003014_n01440764,target_1dB,1,CL,A2_decision,path_accuracy_token_weighted,0.09950980392156862
1,n01601694/ILSVRC2012_val_00021656_n01601694,target_1dB,1,CL,A2_decision,path_accuracy_token_weighted,0.034803921568627445
2,n01664065/ILSVRC2012_val_00014316_n01664065,target_1dB,1,CL,A2_decision,path_accuracy_token_weighted,0.08235294117647059
3,n01689811/ILSVRC2012_val_00020598_n01689811,target_1dB,1,CL,A2_decision,path_accuracy_token_weighted,0.07549019607843137
4,n01735189/ILSVRC2012_val_00006699_n01735189,target_1dB,1,CL,A2_decision,path_accuracy_token_weighted,0.052450980392156864
5,n01744401/ILSVRC2012_val_00032663_n01744401,target_1dB,1,CL,A2_decision,path_accuracy_token_weighted,0.018137254901960786
6,n01751748/ILSVRC2012_val_00033157_n01751748,target_1dB,1,CL,A2_decision,path_accuracy_token_weighted,0.02941176470588235
7,n01775062/ILSVRC2012_val_00036589_n01775062,target_1dB,1,CL,A2_decision,path_accuracy_token_weighted,0.07254901960784314
8,n01843383/ILSVRC2012_val_00005901_n01843383,target_1dB,1,CL,A2_decision,path_accuracy_token_weighted,0.0980392156862745
9,n01860187/ILSVRC2012_val_00021594_n01860187,target_1dB,1,CL,A2_decision,path_accuracy_token_weighted,0.07107843137254902
10,n01882714/ILSVRC2012_val_00019996_n01882714,target_1dB,1,CL,A2_decision,path_accuracy_token_weighted,0.0642156862745098
11,n01943899/ILSVRC2012_val_00005706_n01943899,target_1dB,1,CL,A2_decision,path_accuracy_token_weighted,0.049509803921568625
12,n01955084/ILSVRC2012_val_00001857_n01955084,target_1dB,1,CL,A2_decision,path_accuracy_token_weighted,0.0642156862745098
13,n01983481/ILSVRC2012_val_00019856_n01983481,target_1dB,1,CL,A2_decision,path_accuracy_token_weighted,0.08088235294117647
14,n02013706/ILSVRC2012_val_00003168_n02013706,target_1dB,1,CL,A2_decision,path_accuracy_token_weighted,0.08284313725490196
15,n02027492/ILSVRC2012_val_00007524_n02027492,target_1dB,1,CL,A2_decision,path_accuracy_token_weighted,0.05196078431372549
16,n02088094/ILSVRC2012_val_00005507_n02088094,target_1dB,1,CL,A2_decision,path_accuracy_token_weighted,0.06372549019607843
17,n02090622/ILSVRC2012_val_00006265_n02090622,target_1dB,1,CL,A2_decision,path_accuracy_token_weighted,0.049999999999999996
18,n02096177/ILSVRC2012_val_00019083_n02096177,target_1dB,1,CL,A2_decision,path_accuracy_token_weighted,0.03725490196078431
19,n02098286/ILSVRC2012_val_00038253_n02098286,target_1dB,1,CL,A2_decision,path_accuracy_token_weighted,0.040686274509803916
20,n02102480/ILSVRC2012_val_00010261_n02102480,target_1dB,1,CL,A2_decision,path_accuracy_token_weighted,0.02254901960784314
21,n02105641/ILSVRC2012_val_00018762_n02105641,target_1dB,1,CL,A2_decision,path_accuracy_token_weighted,0.075
22,n02106550/ILSVRC2012_val_00014315_n02106550,target_1dB,1,CL,A2_decision,path_accuracy_token_weighted,0.08186274509803922
23,n02107683/ILSVRC2012_val_00010786_n02107683,target_1dB,1,CL,A2_decision,path_accuracy_token_weighted,0.031862745098039214
24,n02110806/ILSVRC2012_val_00030364_n02110806,target_1dB,1,CL,A2_decision,path_accuracy_token_weighted,0.07745098039215687
25,n02113799/ILSVRC2012_val_00007866_n02113799,target_1dB,1,CL,A2_decision,path_accuracy_token_weighted,0.04656862745098039
26,n02123159/ILSVRC2012_val_00025723_n02123159,target_1dB,1,CL,A2_decision,path_accuracy_token_weighted,0.07058823529411765
27,n02134084/ILSVRC2012_val_00020332_n02134084,target_1dB,1,CL,A2_decision,path_accuracy_token_weighted,0.03725490196078431
28,n02168699/ILSVRC2012_val_00040132_n02168699,target_1dB,1,CL,A2_decision,path_accuracy_token_weighted,0.027941176470588237
29,n02233338/ILSVRC2012_val_00016160_n02233338,target_1dB,1,CL,A2_decision,path_accuracy_token_weighted,0.056862745098039215
30,n02264363/ILSVRC2012_val_00027803_n02264363,target_1dB,1,CL,A2_decision,path_accuracy_token_weighted,0.020098039215686272
31,n02277742/ILSVRC2012_val_00015608_n02277742,target_1dB,1,CL,A2_decision,path_accuracy_token_weighted,0.07205882352941177
32,n02325366/ILSVRC2012_val_00024858_n02325366,target_1dB,1,CL,A2_decision,path_accuracy_token_weighted,0.09117647058823529
33,n02398521/ILSVRC2012_val_00018354_n02398521,target_1dB,1,CL,A2_decision,path_accuracy_token_weighted,0.04411764705882353
34,n02410509/ILSVRC2012_val_00022568_n02410509,target_1dB,1,CL,A2_decision,path_accuracy_token_weighted,0.032352941176470584
35,n02437312/ILSVRC2012_val_00006245_n02437312,target_1dB,1,CL,A2_decision,path_accuracy_token_weighted,0.06372549019607844
36,n02486410/ILSVRC2012_val_00009799_n02486410,target_1dB,1,CL,A2_decision,path_accuracy_token_weighted,0.04411764705882352
37,n02509815/ILSVRC2012_val_00014423_n02509815,target_1dB,1,CL,A2_decision,path_accuracy_token_weighted,0.03627450980392157
38,n02708093/ILSVRC2012_val_00024690_n02708093,target_1dB,1,CL,A2_decision,path_accuracy_token_weighted,0.04313725490196079
39,n02776631/ILSVRC2012_val_00028186_n02776631,target_1dB,1,CL,A2_decision,path_accuracy_token_weighted,0.06519607843137255
40,n02788148/ILSVRC2012_val_00012264_n02788148,target_1dB,1,CL,A2_decision,path_accuracy_token_weighted,0.03774509803921569
41,n02834397/ILSVRC2012_val_00010741_n02834397,target_1dB,1,CL,A2_decision,path_accuracy_token_weighted,0.029411764705882356
42,n02841315/ILSVRC2012_val_00014601_n02841315,target_1dB,1,CL,A2_decision,path_accuracy_token_weighted,0.04019607843137255
43,n02910353/ILSVRC2012_val_00017543_n02910353,target_1dB,1,CL,A2_decision,path_accuracy_token_weighted,0.049999999999999996
44,n02951585/ILSVRC2012_val_00008336_n02951585,target_1dB,1,CL,A2_decision,path_accuracy_token_weighted,0.03137254901960785
45,n02980441/ILSVRC2012_val_00023472_n02980441,target_1dB,1,CL,A2_decision,path_accuracy_token_weighted,0.04068627450980392
46,n03028079/ILSVRC2012_val_00031446_n03028079,target_1dB,1,CL,A2_decision,path_accuracy_token_weighted,0.039705882352941174
47,n03109150/ILSVRC2012_val_00032588_n03109150,target_1dB,1,CL,A2_decision,path_accuracy_token_weighted,0.023529411764705882
48,n03127747/ILSVRC2012_val_00003732_n03127747,target_1dB,1,CL,A2_decision,path_accuracy_token_weighted,0.052450980392156864
49,n03220513/ILSVRC2012_val_00006359_n03220513,target_1dB,1,CL,A2_decision,path_accuracy_token_weighted,0.03872549019607843
50,n03372029/ILSVRC2012_val_00034937_n03372029,target_1dB,1,CL,A2_decision,path_accuracy_token_weighted,0.06127450980392157
51,n03388549/ILSVRC2012_val_00022928_n03388549,target_1dB,1,CL,A2_decision,path_accuracy_token_weighted,0.057843137254901957
52,n03424325/ILSVRC2012_val_00006147_n03424325,target_1dB,1,CL,A2_decision,path_accuracy_token_weighted,0.05098039215686275
53,n03447721/ILSVRC2012_val_00006942_n03447721,target_1dB,1,CL,A2_decision,path_accuracy_token_weighted,0.09999999999999999
54,n03485794/ILSVRC2012_val_00010782_n03485794,target_1dB,1,CL,A2_decision,path_accuracy_token_weighted,0.03970588235294118
55,n03527444/ILSVRC2012_val_00035251_n03527444,target_1dB,1,CL,A2_decision,path_accuracy_token_weighted,0.05196078431372549
56,n03584254/ILSVRC2012_val_00016384_n03584254,target_1dB,1,CL,A2_decision,path_accuracy_token_weighted,0.008333333333333333
57,n03623198/ILSVRC2012_val_00019928_n03623198,target_1dB,1,CL,A2_decision,path_accuracy_token_weighted,0.01764705882352941
58,n03657121/ILSVRC2012_val_00000359_n03657121,target_1dB,1,CL,A2_decision,path_accuracy_token_weighted,0.012254901960784314
59,n03706229/ILSVRC2012_val_00017460_n03706229,target_1dB,1,CL,A2_decision,path_accuracy_token_weighted,0.016176470588235292
60,n03759954/ILSVRC2012_val_00010804_n03759954,target_1dB,1,CL,A2_decision,path_accuracy_token_weighted,0.11911764705882354
61,n03775071/ILSVRC2012_val_00002420_n03775071,target_1dB,1,CL,A2_decision,path_accuracy_token_weighted,0.023529411764705882
62,n03782006/ILSVRC2012_val_00004758_n03782006,target_1dB,1,CL,A2_decision,path_accuracy_token_weighted,0.03333333333333333
63,n03796401/ILSVRC2012_val_00025827_n03796401,target_1dB,1,CL,A2_decision,path_accuracy_token_weighted,0.05196078431372549
64,n03866082/ILSVRC2012_val_00003554_n03866082,target_1dB,1,CL,A2_decision,path_accuracy_token_weighted,0.042156862745098035
65,n03876231/ILSVRC2012_val_00022714_n03876231,target_1dB,1,CL,A2_decision,path_accuracy_token_weighted,0.02990196078431373
66,n03929660/ILSVRC2012_val_00012300_n03929660,target_1dB,1,CL,A2_decision,path_accuracy_token_weighted,0.017156862745098037
67,n03950228/ILSVRC2012_val_00019039_n03950228,target_1dB,1,CL,A2_decision,path_accuracy_token_weighted,0.03333333333333333
68,n03977966/ILSVRC2012_val_00027383_n03977966,target_1dB,1,CL,A2_decision,path_accuracy_token_weighted,0.06568627450980392
69,n03983396/ILSVRC2012_val_00012891_n03983396,target_1dB,1,CL,A2_decision,path_accuracy_token_weighted,0.0446078431372549
70,n04044716/ILSVRC2012_val_00039752_n04044716,target_1dB,1,CL,A2_decision,path_accuracy_token_weighted,0.013725490196078433
71,n04067472/ILSVRC2012_val_00007618_n04067472,target_1dB,1,CL,A2_decision,path_accuracy_token_weighted,0.08578431372549018
72,n04111531/ILSVRC2012_val_00013982_n04111531,target_1dB,1,CL,A2_decision,path_accuracy_token_weighted,0.04362745098039216
73,n04131690/ILSVRC2012_val_00002728_n04131690,target_1dB,1,CL,A2_decision,path_accuracy_token_weighted,0.025980392156862746
74,n04153751/ILSVRC2012_val_00008426_n04153751,target_1dB,1,CL,A2_decision,path_accuracy_token_weighted,0.014215686274509804
75,n04204347/ILSVRC2012_val_00018921_n04204347,target_1dB,1,CL,A2_decision,path_accuracy_token_weighted,0.030882352941176472
76,n04235860/ILSVRC2012_val_00004033_n04235860,target_1dB,1,CL,A2_decision,path_accuracy_token_weighted,0.06519607843137255
77,n04252077/ILSVRC2012_val_00012989_n04252077,target_1dB,1,CL,A2_decision,path_accuracy_token_weighted,0.06421568627450981
78,n04310018/ILSVRC2012_val_00003156_n04310018,target_1dB,1,CL,A2_decision,path_accuracy_token_weighted,0.07107843137254902
79,n04328186/ILSVRC2012_val_00014795_n04328186,target_1dB,1,CL,A2_decision,path_accuracy_token_weighted,0.029411764705882356
80,n04346328/ILSVRC2012_val_00003305_n04346328,target_1dB,1,CL,A2_decision,path_accuracy_token_weighted,0.062254901960784315
81,n04357314/ILSVRC2012_val_00009430_n04357314,target_1dB,1,CL,A2_decision,path_accuracy_token_weighted,0.054411764705882354
82,n04371774/ILSVRC2012_val_00030870_n04371774,target_1dB,1,CL,A2_decision,path_accuracy_token_weighted,0.041176470588235294
83,n04392985/ILSVRC2012_val_00029362_n04392985,target_1dB,1,CL,A2_decision,path_accuracy_token_weighted,0.047549019607843135
84,n04456115/ILSVRC2012_val_00002331_n04456115,target_1dB,1,CL,A2_decision,path_accuracy_token_weighted,0.07107843137254902
85,n04485082/ILSVRC2012_val_00000955_n04485082,target_1dB,1,CL,A2_decision,path_accuracy_token_weighted,0.05196078431372549
86,n04515003/ILSVRC2012_val_00002400_n04515003,target_1dB,1,CL,A2_decision,path_accuracy_token_weighted,0.037745098039215684
87,n04540053/ILSVRC2012_val_00007665_n04540053,target_1dB,1,CL,A2_decision,path_accuracy_token_weighted,0.05882352941176471
88,n04560804/ILSVRC2012_val_00029830_n04560804,target_1dB,1,CL,A2_decision,path_accuracy_token_weighted,0.09754901960784314
89,n04596742/ILSVRC2012_val_00007608_n04596742,target_1dB,1,CL,A2_decision,path_accuracy_token_weighted,0.061764705882352944
90,n07583066/ILSVRC2012_val_00001378_n07583066,target_1dB,1,CL,A2_decision,path_accuracy_token_weighted,0.06715686274509804
91,n07590611/ILSVRC2012_val_00030972_n07590611,target_1dB,1,CL,A2_decision,path_accuracy_token_weighted,0.09950980392156862
92,n07714990/ILSVRC2012_val_00008416_n07714990,target_1dB,1,CL,A2_decision,path_accuracy_token_weighted,0.049999999999999996
93,n07716906/ILSVRC2012_val_00011140_n07716906,target_1dB,1,CL,A2_decision,path_accuracy_token_weighted,0.032843137254901955
94,n07720875/ILSVRC2012_val_00000423_n07720875,target_1dB,1,CL,A2_decision,path_accuracy_token_weighted,0.03627450980392157
95,n07860988/ILSVRC2012_val_00010848_n07860988,target_1dB,1,CL,A2_decision,path_accuracy_token_weighted,0.06666666666666667
96,n09288635/ILSVRC2012_val_00001270_n09288635,target_1dB,1,CL,A2_decision,path_accuracy_token_weighted,0.03627450980392157
97,n09468604/ILSVRC2012_val_00030741_n09468604,target_1dB,1,CL,A2_decision,path_accuracy_token_weighted,0.0446078431372549
98,n11939491/ILSVRC2012_val_00034896_n11939491,target_1dB,1,CL,A2_decision,path_accuracy_token_weighted,0.05833333333333333
99,n15075141/ILSVRC2012_val_00005846_n15075141,target_1dB,1,CL,A2_decision,path_accuracy_token_weighted,0.06372549019607843
0,n01440764/ILSVRC2012_val_00003014_n01440764,target_1dB,1,CL,A2_fixed,acc_k1,1.0
1,n01601694/ILSVRC2012_val_00021656_n01601694,target_1dB,1,CL,A2_fixed,acc_k1,1.0
2,n01664065/ILSVRC2012_val_00014316_n01664065,target_1dB,1,CL,A2_fixed,acc_k1,1.0
3,n01689811/ILSVRC2012_val_00020598_n01689811,target_1dB,1,CL,A2_fixed,acc_k1,1.0
4,n01735189/ILSVRC2012_val_00006699_n01735189,target_1dB,1,CL,A2_fixed,acc_k1,1.0
5,n01744401/ILSVRC2012_val_00032663_n01744401,target_1dB,1,CL,A2_fixed,acc_k1,0.6666666666666666
6,n01751748/ILSVRC2012_val_00033157_n01751748,target_1dB,1,CL,A2_fixed,acc_k1,1.0
7,n01775062/ILSVRC2012_val_00036589_n01775062,target_1dB,1,CL,A2_fixed,acc_k1,1.0
8,n01843383/ILSVRC2012_val_00005901_n01843383,target_1dB,1,CL,A2_fixed,acc_k1,0.6666666666666666
9,n01860187/ILSVRC2012_val_00021594_n01860187,target_1dB,1,CL,A2_fixed,acc_k1,0.3333333333333333
10,n01882714/ILSVRC2012_val_00019996_n01882714,target_1dB,1,CL,A2_fixed,acc_k1,0.6666666666666666
11,n01943899/ILSVRC2012_val_00005706_n01943899,target_1dB,1,CL,A2_fixed,acc_k1,1.0
12,n01955084/ILSVRC2012_val_00001857_n01955084,target_1dB,1,CL,A2_fixed,acc_k1,0.6666666666666666
13,n01983481/ILSVRC2012_val_00019856_n01983481,target_1dB,1,CL,A2_fixed,acc_k1,1.0
14,n02013706/ILSVRC2012_val_00003168_n02013706,target_1dB,1,CL,A2_fixed,acc_k1,1.0
15,n02027492/ILSVRC2012_val_00007524_n02027492,target_1dB,1,CL,A2_fixed,acc_k1,0.3333333333333333
16,n02088094/ILSVRC2012_val_00005507_n02088094,target_1dB,1,CL,A2_fixed,acc_k1,1.0
17,n02090622/ILSVRC2012_val_00006265_n02090622,target_1dB,1,CL,A2_fixed,acc_k1,0.3333333333333333
18,n02096177/ILSVRC2012_val_00019083_n02096177,target_1dB,1,CL,A2_fixed,acc_k1,1.0
19,n02098286/ILSVRC2012_val_00038253_n02098286,target_1dB,1,CL,A2_fixed,acc_k1,0.6666666666666666
20,n02102480/ILSVRC2012_val_00010261_n02102480,target_1dB,1,CL,A2_fixed,acc_k1,0.6666666666666666
21,n02105641/ILSVRC2012_val_00018762_n02105641,target_1dB,1,CL,A2_fixed,acc_k1,1.0
22,n02106550/ILSVRC2012_val_00014315_n02106550,target_1dB,1,CL,A2_fixed,acc_k1,1.0
23,n02107683/ILSVRC2012_val_00010786_n02107683,target_1dB,1,CL,A2_fixed,acc_k1,0.6666666666666666
24,n02110806/ILSVRC2012_val_00030364_n02110806,target_1dB,1,CL,A2_fixed,acc_k1,1.0
25,n02113799/ILSVRC2012_val_00007866_n02113799,target_1dB,1,CL,A2_fixed,acc_k1,1.0
26,n02123159/ILSVRC2012_val_00025723_n02123159,target_1dB,1,CL,A2_fixed,acc_k1,1.0
27,n02134084/ILSVRC2012_val_00020332_n02134084,target_1dB,1,CL,A2_fixed,acc_k1,1.0
28,n02168699/ILSVRC2012_val_00040132_n02168699,target_1dB,1,CL,A2_fixed,acc_k1,1.0
29,n02233338/ILSVRC2012_val_00016160_n02233338,target_1dB,1,CL,A2_fixed,acc_k1,0.6666666666666666
30,n02264363/ILSVRC2012_val_00027803_n02264363,target_1dB,1,CL,A2_fixed,acc_k1,1.0
31,n02277742/ILSVRC2012_val_00015608_n02277742,target_1dB,1,CL,A2_fixed,acc_k1,1.0
32,n02325366/ILSVRC2012_val_00024858_n02325366,target_1dB,1,CL,A2_fixed,acc_k1,1.0
33,n02398521/ILSVRC2012_val_00018354_n02398521,target_1dB,1,CL,A2_fixed,acc_k1,1.0
34,n02410509/ILSVRC2012_val_00022568_n02410509,target_1dB,1,CL,A2_fixed,acc_k1,0.6666666666666666
35,n02437312/ILSVRC2012_val_00006245_n02437312,target_1dB,1,CL,A2_fixed,acc_k1,1.0
36,n02486410/ILSVRC2012_val_00009799_n02486410,target_1dB,1,CL,A2_fixed,acc_k1,0.6666666666666666
37,n02509815/ILSVRC2012_val_00014423_n02509815,target_1dB,1,CL,A2_fixed,acc_k1,1.0
38,n02708093/ILSVRC2012_val_00024690_n02708093,target_1dB,1,CL,A2_fixed,acc_k1,1.0
39,n02776631/ILSVRC2012_val_00028186_n02776631,target_1dB,1,CL,A2_fixed,acc_k1,0.6666666666666666
40,n02788148/ILSVRC2012_val_00012264_n02788148,target_1dB,1,CL,A2_fixed,acc_k1,0.3333333333333333
41,n02834397/ILSVRC2012_val_00010741_n02834397,target_1dB,1,CL,A2_fixed,acc_k1,0.6666666666666666
42,n02841315/ILSVRC2012_val_00014601_n02841315,target_1dB,1,CL,A2_fixed,acc_k1,0.3333333333333333
43,n02910353/ILSVRC2012_val_00017543_n02910353,target_1dB,1,CL,A2_fixed,acc_k1,1.0
44,n02951585/ILSVRC2012_val_00008336_n02951585,target_1dB,1,CL,A2_fixed,acc_k1,1.0
45,n02980441/ILSVRC2012_val_00023472_n02980441,target_1dB,1,CL,A2_fixed,acc_k1,1.0
46,n03028079/ILSVRC2012_val_00031446_n03028079,target_1dB,1,CL,A2_fixed,acc_k1,1.0
47,n03109150/ILSVRC2012_val_00032588_n03109150,target_1dB,1,CL,A2_fixed,acc_k1,0.6666666666666666
48,n03127747/ILSVRC2012_val_00003732_n03127747,target_1dB,1,CL,A2_fixed,acc_k1,1.0
49,n03220513/ILSVRC2012_val_00006359_n03220513,target_1dB,1,CL,A2_fixed,acc_k1,1.0
50,n03372029/ILSVRC2012_val_00034937_n03372029,target_1dB,1,CL,A2_fixed,acc_k1,1.0
51,n03388549/ILSVRC2012_val_00022928_n03388549,target_1dB,1,CL,A2_fixed,acc_k1,1.0
52,n03424325/ILSVRC2012_val_00006147_n03424325,target_1dB,1,CL,A2_fixed,acc_k1,0.6666666666666666
53,n03447721/ILSVRC2012_val_00006942_n03447721,target_1dB,1,CL,A2_fixed,acc_k1,0.6666666666666666
54,n03485794/ILSVRC2012_val_00010782_n03485794,target_1dB,1,CL,A2_fixed,acc_k1,0.3333333333333333
55,n03527444/ILSVRC2012_val_00035251_n03527444,target_1dB,1,CL,A2_fixed,acc_k1,0.3333333333333333
56,n03584254/ILSVRC2012_val_00016384_n03584254,target_1dB,1,CL,A2_fixed,acc_k1,0.0
57,n03623198/ILSVRC2012_val_00019928_n03623198,target_1dB,1,CL,A2_fixed,acc_k1,0.0
58,n03657121/ILSVRC2012_val_00000359_n03657121,target_1dB,1,CL,A2_fixed,acc_k1,0.6666666666666666
59,n03706229/ILSVRC2012_val_00017460_n03706229,target_1dB,1,CL,A2_fixed,acc_k1,1.0
60,n03759954/ILSVRC2012_val_00010804_n03759954,target_1dB,1,CL,A2_fixed,acc_k1,0.0
61,n03775071/ILSVRC2012_val_00002420_n03775071,target_1dB,1,CL,A2_fixed,acc_k1,0.6666666666666666
62,n03782006/ILSVRC2012_val_00004758_n03782006,target_1dB,1,CL,A2_fixed,acc_k1,1.0
63,n03796401/ILSVRC2012_val_00025827_n03796401,target_1dB,1,CL,A2_fixed,acc_k1,1.0
64,n03866082/ILSVRC2012_val_00003554_n03866082,target_1dB,1,CL,A2_fixed,acc_k1,0.3333333333333333
65,n03876231/ILSVRC2012_val_00022714_n03876231,target_1dB,1,CL,A2_fixed,acc_k1,1.0
66,n03929660/ILSVRC2012_val_00012300_n03929660,target_1dB,1,CL,A2_fixed,acc_k1,1.0
67,n03950228/ILSVRC2012_val_00019039_n03950228,target_1dB,1,CL,A2_fixed,acc_k1,0.0
68,n03977966/ILSVRC2012_val_00027383_n03977966,target_1dB,1,CL,A2_fixed,acc_k1,1.0
69,n03983396/ILSVRC2012_val_00012891_n03983396,target_1dB,1,CL,A2_fixed,acc_k1,1.0
70,n04044716/ILSVRC2012_val_00039752_n04044716,target_1dB,1,CL,A2_fixed,acc_k1,1.0
71,n04067472/ILSVRC2012_val_00007618_n04067472,target_1dB,1,CL,A2_fixed,acc_k1,1.0
72,n04111531/ILSVRC2012_val_00013982_n04111531,target_1dB,1,CL,A2_fixed,acc_k1,0.6666666666666666
73,n04131690/ILSVRC2012_val_00002728_n04131690,target_1dB,1,CL,A2_fixed,acc_k1,1.0
74,n04153751/ILSVRC2012_val_00008426_n04153751,target_1dB,1,CL,A2_fixed,acc_k1,1.0
75,n04204347/ILSVRC2012_val_00018921_n04204347,target_1dB,1,CL,A2_fixed,acc_k1,0.0
76,n04235860/ILSVRC2012_val_00004033_n04235860,target_1dB,1,CL,A2_fixed,acc_k1,0.6666666666666666
77,n04252077/ILSVRC2012_val_00012989_n04252077,target_1dB,1,CL,A2_fixed,acc_k1,1.0
78,n04310018/ILSVRC2012_val_00003156_n04310018,target_1dB,1,CL,A2_fixed,acc_k1,1.0
79,n04328186/ILSVRC2012_val_00014795_n04328186,target_1dB,1,CL,A2_fixed,acc_k1,0.6666666666666666
80,n04346328/ILSVRC2012_val_00003305_n04346328,target_1dB,1,CL,A2_fixed,acc_k1,0.6666666666666666
81,n04357314/ILSVRC2012_val_00009430_n04357314,target_1dB,1,CL,A2_fixed,acc_k1,1.0
82,n04371774/ILSVRC2012_val_00030870_n04371774,target_1dB,1,CL,A2_fixed,acc_k1,0.6666666666666666
83,n04392985/ILSVRC2012_val_00029362_n04392985,target_1dB,1,CL,A2_fixed,acc_k1,1.0
84,n04456115/ILSVRC2012_val_00002331_n04456115,target_1dB,1,CL,A2_fixed,acc_k1,0.0
85,n04485082/ILSVRC2012_val_00000955_n04485082,target_1dB,1,CL,A2_fixed,acc_k1,1.0
86,n04515003/ILSVRC2012_val_00002400_n04515003,target_1dB,1,CL,A2_fixed,acc_k1,0.3333333333333333
87,n04540053/ILSVRC2012_val_00007665_n04540053,target_1dB,1,CL,A2_fixed,acc_k1,0.3333333333333333
88,n04560804/ILSVRC2012_val_00029830_n04560804,target_1dB,1,CL,A2_fixed,acc_k1,1.0
89,n04596742/ILSVRC2012_val_00007608_n04596742,target_1dB,1,CL,A2_fixed,acc_k1,1.0
90,n07583066/ILSVRC2012_val_00001378_n07583066,target_1dB,1,CL,A2_fixed,acc_k1,1.0
91,n07590611/ILSVRC2012_val_00030972_n07590611,target_1dB,1,CL,A2_fixed,acc_k1,0.3333333333333333
92,n07714990/ILSVRC2012_val_00008416_n07714990,target_1dB,1,CL,A2_fixed,acc_k1,0.6666666666666666
93,n07716906/ILSVRC2012_val_00011140_n07716906,target_1dB,1,CL,A2_fixed,acc_k1,0.6666666666666666
94,n07720875/ILSVRC2012_val_00000423_n07720875,target_1dB,1,CL,A2_fixed,acc_k1,0.0
95,n07860988/ILSVRC2012_val_00010848_n07860988,target_1dB,1,CL,A2_fixed,acc_k1,0.6666666666666666
96,n09288635/ILSVRC2012_val_00001270_n09288635,target_1dB,1,CL,A2_fixed,acc_k1,1.0
97,n09468604/ILSVRC2012_val_00030741_n09468604,target_1dB,1,CL,A2_fixed,acc_k1,0.6666666666666666
98,n11939491/ILSVRC2012_val_00034896_n11939491,target_1dB,1,CL,A2_fixed,acc_k1,0.3333333333333333
99,n15075141/ILSVRC2012_val_00005846_n15075141,target_1dB,1,CL,A2_fixed,acc_k1,0.6666666666666666
0,n01440764/ILSVRC2012_val_00003014_n01440764,target_1dB,1,CL,A2_fixed,logp_true_k1,-8.622747676175399e-06
1,n01601694/ILSVRC2012_val_00021656_n01601694,target_1dB,1,CL,A2_fixed,logp_true_k1,0.0
2,n01664065/ILSVRC2012_val_00014316_n01664065,target_1dB,1,CL,A2_fixed,logp_true_k1,0.0
3,n01689811/ILSVRC2012_val_00020598_n01689811,target_1dB,1,CL,A2_fixed,logp_true_k1,0.0
4,n01735189/ILSVRC2012_val_00006699_n01735189,target_1dB,1,CL,A2_fixed,logp_true_k1,0.0
5,n01744401/ILSVRC2012_val_00032663_n01744401,target_1dB,1,CL,A2_fixed,logp_true_k1,-1.1929339567820232
6,n01751748/ILSVRC2012_val_00033157_n01751748,target_1dB,1,CL,A2_fixed,logp_true_k1,0.0
7,n01775062/ILSVRC2012_val_00036589_n01775062,target_1dB,1,CL,A2_fixed,logp_true_k1,0.0
8,n01843383/ILSVRC2012_val_00005901_n01843383,target_1dB,1,CL,A2_fixed,logp_true_k1,-0.6670418182942134
9,n01860187/ILSVRC2012_val_00021594_n01860187,target_1dB,1,CL,A2_fixed,logp_true_k1,-5.135085781415114
10,n01882714/ILSVRC2012_val_00019996_n01882714,target_1dB,1,CL,A2_fixed,logp_true_k1,-0.5564879374534636
11,n01943899/ILSVRC2012_val_00005706_n01943899,target_1dB,1,CL,A2_fixed,logp_true_k1,-0.022188490479796503
12,n01955084/ILSVRC2012_val_00001857_n01955084,target_1dB,1,CL,A2_fixed,logp_true_k1,-9.264086465040833
13,n01983481/ILSVRC2012_val_00019856_n01983481,target_1dB,1,CL,A2_fixed,logp_true_k1,0.0
14,n02013706/ILSVRC2012_val_00003168_n02013706,target_1dB,1,CL,A2_fixed,logp_true_k1,0.0
15,n02027492/ILSVRC2012_val_00007524_n02027492,target_1dB,1,CL,A2_fixed,logp_true_k1,-4.763989302329719
16,n02088094/ILSVRC2012_val_00005507_n02088094,target_1dB,1,CL,A2_fixed,logp_true_k1,-0.19983154286743834
17,n02090622/ILSVRC2012_val_00006265_n02090622,target_1dB,1,CL,A2_fixed,logp_true_k1,-5.705833991368611
18,n02096177/ILSVRC2012_val_00019083_n02096177,target_1dB,1,CL,A2_fixed,logp_true_k1,0.0
19,n02098286/ILSVRC2012_val_00038253_n02098286,target_1dB,1,CL,A2_fixed,logp_true_k1,-2.4172356526017134
20,n02102480/ILSVRC2012_val_00010261_n02102480,target_1dB,1,CL,A2_fixed,logp_true_k1,-5.860455830891927
21,n02105641/ILSVRC2012_val_00018762_n02105641,target_1dB,1,CL,A2_fixed,logp_true_k1,-0.009492611512115445
22,n02106550/ILSVRC2012_val_00014315_n02106550,target_1dB,1,CL,A2_fixed,logp_true_k1,-0.22748543367682336
23,n02107683/ILSVRC2012_val_00010786_n02107683,target_1dB,1,CL,A2_fixed,logp_true_k1,-1.7840426117181778
24,n02110806/ILSVRC2012_val_00030364_n02110806,target_1dB,1,CL,A2_fixed,logp_true_k1,-7.94728502266177e-08
25,n02113799/ILSVRC2012_val_00007866_n02113799,target_1dB,1,CL,A2_fixed,logp_true_k1,-0.00045364016356567544
26,n02123159/ILSVRC2012_val_00025723_n02123159,target_1dB,1,CL,A2_fixed,logp_true_k1,-0.03849651542744444
27,n02134084/ILSVRC2012_val_00020332_n02134084,target_1dB,1,CL,A2_fixed,logp_true_k1,-2.6423685379010447e-05
28,n02168699/ILSVRC2012_val_00040132_n02168699,target_1dB,1,CL,A2_fixed,logp_true_k1,0.0
29,n02233338/ILSVRC2012_val_00016160_n02233338,target_1dB,1,CL,A2_fixed,logp_true_k1,-7.317527135183506
30,n02264363/ILSVRC2012_val_00027803_n02264363,target_1dB,1,CL,A2_fixed,logp_true_k1,-2.185496517389159e-06
31,n02277742/ILSVRC2012_val_00015608_n02277742,target_1dB,1,CL,A2_fixed,logp_true_k1,-4.207920089053611e-05
32,n02325366/ILSVRC2012_val_00024858_n02325366,target_1dB,1,CL,A2_fixed,logp_true_k1,-0.00023980254384999475
33,n02398521/ILSVRC2012_val_00018354_n02398521,target_1dB,1,CL,A2_fixed,logp_true_k1,-8.864376013661968e-05
34,n02410509/ILSVRC2012_val_00022568_n02410509,target_1dB,1,CL,A2_fixed,logp_true_k1,-0.6915834744753132
35,n02437312/ILSVRC2012_val_00006245_n02437312,target_1dB,1,CL,A2_fixed,logp_true_k1,-0.011380280651792418
36,n02486410/ILSVRC2012_val_00009799_n02486410,target_1dB,1,CL,A2_fixed,logp_true_k1,-1.6538894424835746
37,n02509815/ILSVRC2012_val_00014423_n02509815,target_1dB,1,CL,A2_fixed,logp_true_k1,-5.960459172153302e-07
38,n02708093/ILSVRC2012_val_00024690_n02708093,target_1dB,1,CL,A2_fixed,logp_true_k1,-0.024134201143169776
39,n02776631/ILSVRC2012_val_00028186_n02776631,target_1dB,1,CL,A2_fixed,logp_true_k1,-1.4267701125936583
40,n02788148/ILSVRC2012_val_00012264_n02788148,target_1dB,1,CL,A2_fixed,logp_true_k1,-4.036077817281087
41,n02834397/ILSVRC2012_val_00010741_n02834397,target_1dB,1,CL,A2_fixed,logp_true_k1,-0.23279952281154692
42,n02841315/ILSVRC2012_val_00014601_n02841315,target_1dB,1,CL,A2_fixed,logp_true_k1,-7.943703837692738
43,n02910353/ILSVRC2012_val_00017543_n02910353,target_1dB,1,CL,A2_fixed,logp_true_k1,0.0
44,n02951585/ILSVRC2012_val_00008336_n02951585,target_1dB,1,CL,A2_fixed,logp_true_k1,0.0
45,n02980441/ILSVRC2012_val_00023472_n02980441,target_1dB,1,CL,A2_fixed,logp_true_k1,0.0
46,n03028079/ILSVRC2012_val_00031446_n03028079,target_1dB,1,CL,A2_fixed,logp_true_k1,0.0
47,n03109150/ILSVRC2012_val_00032588_n03109150,target_1dB,1,CL,A2_fixed,logp_true_k1,-3.9379347587916222
48,n03127747/ILSVRC2012_val_00003732_n03127747,target_1dB,1,CL,A2_fixed,logp_true_k1,-0.003958098864435063
49,n03220513/ILSVRC2012_val_00006359_n03220513,target_1dB,1,CL,A2_fixed,logp_true_k1,0.0
50,n03372029/ILSVRC2012_val_00034937_n03372029,target_1dB,1,CL,A2_fixed,logp_true_k1,-0.0006706321922441324
51,n03388549/ILSVRC2012_val_00022928_n03388549,target_1dB,1,CL,A2_fixed,logp_true_k1,0.0
52,n03424325/ILSVRC2012_val_00006147_n03424325,target_1dB,1,CL,A2_fixed,logp_true_k1,-8.523436496655144
53,n03447721/ILSVRC2012_val_00006942_n03447721,target_1dB,1,CL,A2_fixed,logp_true_k1,-1.3989326421481678
54,n03485794/ILSVRC2012_val_00010782_n03485794,target_1dB,1,CL,A2_fixed,logp_true_k1,-9.820626060136723
55,n03527444/ILSVRC2012_val_00035251_n03527444,target_1dB,1,CL,A2_fixed,logp_true_k1,-0.8998869007142881
56,n03584254/ILSVRC2012_val_00016384_n03584254,target_1dB,1,CL,A2_fixed,logp_true_k1,-9.717773914337158
57,n03623198/ILSVRC2012_val_00019928_n03623198,target_1dB,1,CL,A2_fixed,logp_true_k1,-12.473793665568033
58,n03657121/ILSVRC2012_val_00000359_n03657121,target_1dB,1,CL,A2_fixed,logp_true_k1,-0.301649530728658
59,n03706229/ILSVRC2012_val_00017460_n03706229,target_1dB,1,CL,A2_fixed,logp_true_k1,-4.2915068358221715e-06
60,n03759954/ILSVRC2012_val_00010804_n03759954,target_1dB,1,CL,A2_fixed,logp_true_k1,-14.742506504058838
61,n03775071/ILSVRC2012_val_00002420_n03775071,target_1dB,1,CL,A2_fixed,logp_true_k1,-2.457724531489854
62,n03782006/ILSVRC2012_val_00004758_n03782006,target_1dB,1,CL,A2_fixed,logp_true_k1,-1.1920927060297497e-07
63,n03796401/ILSVRC2012_val_00025827_n03796401,target_1dB,1,CL,A2_fixed,logp_true_k1,0.0
64,n03866082/ILSVRC2012_val_00003554_n03866082,target_1dB,1,CL,A2_fixed,logp_true_k1,-5.633191148440043
65,n03876231/ILSVRC2012_val_00022714_n03876231,target_1dB,1,CL,A2_fixed,logp_true_k1,-0.00011485836368289408
66,n03929660/ILSVRC2012_val_00012300_n03929660,target_1dB,1,CL,A2_fixed,logp_true_k1,-0.0019881917784611383
67,n03950228/ILSVRC2012_val_00019039_n03950228,target_1dB,1,CL,A2_fixed,logp_true_k1,-2.7449358701705933
68,n03977966/ILSVRC2012_val_00027383_n03977966,target_1dB,1,CL,A2_fixed,logp_true_k1,-0.02636480579773585
69,n03983396/ILSVRC2012_val_00012891_n03983396,target_1dB,1,CL,A2_fixed,logp_true_k1,-2.781548952649852e-07
70,n04044716/ILSVRC2012_val_00039752_n04044716,target_1dB,1,CL,A2_fixed,logp_true_k1,-0.00040780384248743456
71,n04067472/ILSVRC2012_val_00007618_n04067472,target_1dB,1,CL,A2_fixed,logp_true_k1,0.0
72,n04111531/ILSVRC2012_val_00013982_n04111531,target_1dB,1,CL,A2_fixed,logp_true_k1,-2.5739352135763816
73,n04131690/ILSVRC2012_val_00002728_n04131690,target_1dB,1,CL,A2_fixed,logp_true_k1,0.0
74,n04153751/ILSVRC2012_val_00008426_n04153751,target_1dB,1,CL,A2_fixed,logp_true_k1,-0.000682727200910449
75,n04204347/ILSVRC2012_val_00018921_n04204347,target_1dB,1,CL,A2_fixed,logp_true_k1,-13.052417357762655
76,n04235860/ILSVRC2012_val_00004033_n04235860,target_1dB,1,CL,A2_fixed,logp_true_k1,-1.0666483491659164
77,n04252077/ILSVRC2012_val_00012989_n04252077,target_1dB,1,CL,A2_fixed,logp_true_k1,0.0
78,n04310018/ILSVRC2012_val_00003156_n04310018,target_1dB,1,CL,A2_fixed,logp_true_k1,-1.4582950825570151e-05
79,n04328186/ILSVRC2012_val_00014795_n04328186,target_1dB,1,CL,A2_fixed,logp_true_k1,-8.084359701412419
80,n04346328/ILSVRC2012_val_00003305_n04346328,target_1dB,1,CL,A2_fixed,logp_true_k1,-3.049672683079791
81,n04357314/ILSVRC2012_val_00009430_n04357314,target_1dB,1,CL,A2_fixed,logp_true_k1,0.0
82,n04371774/ILSVRC2012_val_00030870_n04371774,target_1dB,1,CL,A2_fixed,logp_true_k1,-0.5862501710594188
83,n04392985/ILSVRC2012_val_00029362_n04392985,target_1dB,1,CL,A2_fixed,logp_true_k1,-3.973642748178463e-08
84,n04456115/ILSVRC2012_val_00002331_n04456115,target_1dB,1,CL,A2_fixed,logp_true_k1,-9.039823691050211
85,n04485082/ILSVRC2012_val_00000955_n04485082,target_1dB,1,CL,A2_fixed,logp_true_k1,-0.04269362986042324
86,n04515003/ILSVRC2012_val_00002400_n04515003,target_1dB,1,CL,A2_fixed,logp_true_k1,-11.308217525482178
87,n04540053/ILSVRC2012_val_00007665_n04540053,target_1dB,1,CL,A2_fixed,logp_true_k1,-5.8776815533638
88,n04560804/ILSVRC2012_val_00029830_n04560804,target_1dB,1,CL,A2_fixed,logp_true_k1,-0.0816426437862295
89,n04596742/ILSVRC2012_val_00007608_n04596742,target_1dB,1,CL,A2_fixed,logp_true_k1,0.0
90,n07583066/ILSVRC2012_val_00001378_n07583066,target_1dB,1,CL,A2_fixed,logp_true_k1,-0.1639635598596859
91,n07590611/ILSVRC2012_val_00030972_n07590611,target_1dB,1,CL,A2_fixed,logp_true_k1,-4.3330162689089775
92,n07714990/ILSVRC2012_val_00008416_n07714990,target_1dB,1,CL,A2_fixed,logp_true_k1,-7.54918575100578
93,n07716906/ILSVRC2012_val_00011140_n07716906,target_1dB,1,CL,A2_fixed,logp_true_k1,-0.35194961229960126
94,n07720875/ILSVRC2012_val_00000423_n07720875,target_1dB,1,CL,A2_fixed,logp_true_k1,-15.941819826761881
95,n07860988/ILSVRC2012_val_00010848_n07860988,target_1dB,1,CL,A2_fixed,logp_true_k1,-2.705005407166027
96,n09288635/ILSVRC2012_val_00001270_n09288635,target_1dB,1,CL,A2_fixed,logp_true_k1,0.0
97,n09468604/ILSVRC2012_val_00030741_n09468604,target_1dB,1,CL,A2_fixed,logp_true_k1,-5.8684010008908745
98,n11939491/ILSVRC2012_val_00034896_n11939491,target_1dB,1,CL,A2_fixed,logp_true_k1,-18.065956115722656
99,n15075141/ILSVRC2012_val_00005846_n15075141,target_1dB,1,CL,A2_fixed,logp_true_k1,-3.8125007970569036
0,n01440764/ILSVRC2012_val_00003014_n01440764,target_1dB,1,CL,A2_fixed,entropy_k1,0.00010591251018704203
1,n01601694/ILSVRC2012_val_00021656_n01601694,target_1dB,1,CL,A2_fixed,entropy_k1,4.8728096668257176e-11
2,n01664065/ILSVRC2012_val_00014316_n01664065,target_1dB,1,CL,A2_fixed,entropy_k1,4.1988299409363557e-13
3,n01689811/ILSVRC2012_val_00020598_n01689811,target_1dB,1,CL,A2_fixed,entropy_k1,7.666632718378642e-11
4,n01735189/ILSVRC2012_val_00006699_n01735189,target_1dB,1,CL,A2_fixed,entropy_k1,1.612755976344761e-11
5,n01744401/ILSVRC2012_val_00032663_n01744401,target_1dB,1,CL,A2_fixed,entropy_k1,0.04248506995169619
6,n01751748/ILSVRC2012_val_00033157_n01751748,target_1dB,1,CL,A2_fixed,entropy_k1,1.1583965544265336e-22
7,n01775062/ILSVRC2012_val_00036589_n01775062,target_1dB,1,CL,A2_fixed,entropy_k1,3.352492685100702e-20
8,n01843383/ILSVRC2012_val_00005901_n01843383,target_1dB,1,CL,A2_fixed,entropy_k1,0.1320689145078167
9,n01860187/ILSVRC2012_val_00021594_n01860187,target_1dB,1,CL,A2_fixed,entropy_k1,0.07130491575210278
10,n01882714/ILSVRC2012_val_00019996_n01882714,target_1dB,1,CL,A2_fixed,entropy_k1,0.18923560063165146
11,n01943899/ILSVRC2012_val_00005706_n01943899,target_1dB,1,CL,A2_fixed,entropy_k1,0.09480417018880345
12,n01955084/ILSVRC2012_val_00001857_n01955084,target_1dB,1,CL,A2_fixed,entropy_k1,0.22986730263439406
13,n01983481/ILSVRC2012_val_00019856_n01983481,target_1dB,1,CL,A2_fixed,entropy_k1,2.1755516120893855e-31
14,n02013706/ILSVRC2012_val_00003168_n02013706,target_1dB,1,CL,A2_fixed,entropy_k1,9.148855462808496e-15
15,n02027492/ILSVRC2012_val_00007524_n02027492,target_1dB,1,CL,A2_fixed,entropy_k1,0.044104114366851466
16,n02088094/ILSVRC2012_val_00005507_n02088094,target_1dB,1,CL,A2_fixed,entropy_k1,0.4572150035838712
17,n02090622/ILSVRC2012_val_00006265_n02090622,target_1dB,1,CL,A2_fixed,entropy_k1,0.12872090091092422
18,n02096177/ILSVRC2012_val_00019083_n02096177,target_1dB,1,CL,A2_fixed,entropy_k1,2.181110167385878e-10
19,n02098286/ILSVRC2012_val_00038253_n02098286,target_1dB,1,CL,A2_fixed,entropy_k1,0.0019770078046237737
20,n02102480/ILSVRC2012_val_00010261_n02102480,target_1dB,1,CL,A2_fixed,entropy_k1,1.4949192507424574e-07
21,n02105641/ILSVRC2012_val_00018762_n02105641,target_1dB,1,CL,A2_fixed,entropy_k1,0.043294535901678644
22,n02106550/ILSVRC2012_val_00014315_n02106550,target_1dB,1,CL,A2_fixed,entropy_k1,0.245144301653345
23,n02107683/ILSVRC2012_val_00010786_n02107683,target_1dB,1,CL,A2_fixed,entropy_k1,0.16099689845752305
24,n02110806/ILSVRC2012_val_00030364_n02110806,target_1dB,1,CL,A2_fixed,entropy_k1,1.582165222595399e-06
25,n02113799/ILSVRC2012_val_00007866_n02113799,target_1dB,1,CL,A2_fixed,entropy_k1,0.0034453450781745582
26,n02123159/ILSVRC2012_val_00025723_n02123159,target_1dB,1,CL,A2_fixed,entropy_k1,0.11509842162817763
27,n02134084/ILSVRC2012_val_00020332_n02134084,target_1dB,1,CL,A2_fixed,entropy_k1,0.00027611165138320015
28,n02168699/ILSVRC2012_val_00040132_n02168699,target_1dB,1,CL,A2_fixed,entropy_k1,1.1035050809813517e-16
29,n02233338/ILSVRC2012_val_00016160_n02233338,target_1dB,1,CL,A2_fixed,entropy_k1,0.00024540886517074187
30,n02264363/ILSVRC2012_val_00027803_n02264363,target_1dB,1,CL,A2_fixed,entropy_k1,2.8221895456255057e-05
31,n02277742/ILSVRC2012_val_00015608_n02277742,target_1dB,1,CL,A2_fixed,entropy_k1,0.0004432070084530045
32,n02325366/ILSVRC2012_val_00024858_n02325366,target_1dB,1,CL,A2_fixed,entropy_k1,0.0019759366868246013
33,n02398521/ILSVRC2012_val_00018354_n02398521,target_1dB,1,CL,A2_fixed,entropy_k1,0.0009252428176696059
34,n02410509/ILSVRC2012_val_00022568_n02410509,target_1dB,1,CL,A2_fixed,entropy_k1,0.12776132861247932
35,n02437312/ILSVRC2012_val_00006245_n02437312,target_1dB,1,CL,A2_fixed,entropy_k1,0.05621361536296768
36,n02486410/ILSVRC2012_val_00009799_n02486410,target_1dB,1,CL,A2_fixed,entropy_k1,0.36763218663529557
37,n02509815/ILSVRC2012_val_00014423_n02509815,target_1dB,1,CL,A2_fixed,entropy_k1,8.400344040534028e-06
38,n02708093/ILSVRC2012_val_00024690_n02708093,target_1dB,1,CL,A2_fixed,entropy_k1,0.09767849325609972
39,n02776631/ILSVRC2012_val_00028186_n02776631,target_1dB,1,CL,A2_fixed,entropy_k1,0.08248926323302651
40,n02788148/ILSVRC2012_val_00012264_n02788148,target_1dB,1,CL,A2_fixed,entropy_k1,0.045710038704673356
41,n02834397/ILSVRC2012_val_00010741_n02834397,target_1dB,1,CL,A2_fixed,entropy_k1,0.23597295910274674
42,n02841315/ILSVRC2012_val_00014601_n02841315,target_1dB,1,CL,A2_fixed,entropy_k1,0.2811484389742846
43,n02910353/ILSVRC2012_val_00017543_n02910353,target_1dB,1,CL,A2_fixed,entropy_k1,9.622831015126868e-10
44,n02951585/ILSVRC2012_val_00008336_n02951585,target_1dB,1,CL,A2_fixed,entropy_k1,1.524884059841467e-29
45,n02980441/ILSVRC2012_val_00023472_n02980441,target_1dB,1,CL,A2_fixed,entropy_k1,2.0940413174300933e-10
46,n03028079/ILSVRC2012_val_00031446_n03028079,target_1dB,1,CL,A2_fixed,entropy_k1,0.0
47,n03109150/ILSVRC2012_val_00032588_n03109150,target_1dB,1,CL,A2_fixed,entropy_k1,0.14202372520652584
48,n03127747/ILSVRC2012_val_00003732_n03127747,target_1dB,1,CL,A2_fixed,entropy_k1,0.02148196136014466
49,n03220513/ILSVRC2012_val_00006359_n03220513,target_1dB,1,CL,A2_fixed,entropy_k1,1.1332952023007905e-28
50,n03372029/ILSVRC2012_val_00034937_n03372029,target_1dB,1,CL,A2_fixed,entropy_k1,0.0048365401480612745
51,n03388549/ILSVRC2012_val_00022928_n03388549,target_1dB,1,CL,A2_fixed,entropy_k1,2.6929636063961455e-22
52,n03424325/ILSVRC2012_val_00006147_n03424325,target_1dB,1,CL,A2_fixed,entropy_k1,0.1920746359267953
53,n03447721/ILSVRC2012_val_00006942_n03447721,target_1dB,1,CL,A2_fixed,entropy_k1,0.036312061261695276
54,n03485794/ILSVRC2012_val_00010782_n03485794,target_1dB,1,CL,A2_fixed,entropy_k1,0.23628589988632406
55,n03527444/ILSVRC2012_val_00035251_n03527444,target_1dB,1,CL,A2_fixed,entropy_k1,0.37384930018054274
56,n03584254/ILSVRC2012_val_00016384_n03584254,target_1dB,1,CL,A2_fixed,entropy_k1,0.02448043405133254
57,n03623198/ILSVRC2012_val_00019928_n03623198,target_1dB,1,CL,A2_fixed,entropy_k1,0.45418164579520665
58,n03657121/ILSVRC2012_val_00000359_n03657121,target_1dB,1,CL,A2_fixed,entropy_k1,0.2775685430272293
59,n03706229/ILSVRC2012_val_00017460_n03706229,target_1dB,1,CL,A2_fixed,entropy_k1,5.3821079831590684e-05
60,n03759954/ILSVRC2012_val_00010804_n03759954,target_1dB,1,CL,A2_fixed,entropy_k1,0.12115307712606926
61,n03775071/ILSVRC2012_val_00002420_n03775071,target_1dB,1,CL,A2_fixed,entropy_k1,0.004882426341828208
62,n03782006/ILSVRC2012_val_00004758_n03782006,target_1dB,1,CL,A2_fixed,entropy_k1,1.881146680935593e-06
63,n03796401/ILSVRC2012_val_00025827_n03796401,target_1dB,1,CL,A2_fixed,entropy_k1,3.342513298189457e-13
64,n03866082/ILSVRC2012_val_00003554_n03866082,target_1dB,1,CL,A2_fixed,entropy_k1,0.5047297401041235
65,n03876231/ILSVRC2012_val_00022714_n03876231,target_1dB,1,CL,A2_fixed,entropy_k1,0.0010340133270783335
66,n03929660/ILSVRC2012_val_00012300_n03929660,target_1dB,1,CL,A2_fixed,entropy_k1,0.01213537404921502
67,n03950228/ILSVRC2012_val_00019039_n03950228,target_1dB,1,CL,A2_fixed,entropy_k1,0.3275157342297945
68,n03977966/ILSVRC2012_val_00027383_n03977966,target_1dB,1,CL,A2_fixed,entropy_k1,0.09958653870204054
69,n03983396/ILSVRC2012_val_00012891_n03983396,target_1dB,1,CL,A2_fixed,entropy_k1,4.6291778849067355e-06
70,n04044716/ILSVRC2012_val_00039752_n04044716,target_1dB,1,CL,A2_fixed,entropy_k1,0.003140972178448795
71,n04067472/ILSVRC2012_val_00007618_n04067472,target_1dB,1,CL,A2_fixed,entropy_k1,2.1202374697407768e-13
72,n04111531/ILSVRC2012_val_00013982_n04111531,target_1dB,1,CL,A2_fixed,entropy_k1,0.33167612857212103
73,n04131690/ILSVRC2012_val_00002728_n04131690,target_1dB,1,CL,A2_fixed,entropy_k1,3.4470752317713216e-34
74,n04153751/ILSVRC2012_val_00008426_n04153751,target_1dB,1,CL,A2_fixed,entropy_k1,0.004904268039977299
75,n04204347/ILSVRC2012_val_00018921_n04204347,target_1dB,1,CL,A2_fixed,entropy_k1,0.3098478468348451
76,n04235860/ILSVRC2012_val_00004033_n04235860,target_1dB,1,CL,A2_fixed,entropy_k1,0.3299436410049578
77,n04252077/ILSVRC2012_val_00012989_n04252077,target_1dB,1,CL,A2_fixed,entropy_k1,4.632270863066053e-19
78,n04310018/ILSVRC2012_val_00003156_n04310018,target_1dB,1,CL,A2_fixed,entropy_k1,0.00016093154335193103
79,n04328186/ILSVRC2012_val_00014795_n04328186,target_1dB,1,CL,A2_fixed,entropy_k1,0.024635626386987696
80,n04346328/ILSVRC2012_val_00003305_n04346328,target_1dB,1,CL,A2_fixed,entropy_k1,0.0003680170530033107
81,n04357314/ILSVRC2012_val_00009430_n04357314,target_1dB,1,CL,A2_fixed,entropy_k1,4.267406759601783e-20
82,n04371774/ILSVRC2012_val_00030870_n04371774,target_1dB,1,CL,A2_fixed,entropy_k1,0.35004851512455626
83,n04392985/ILSVRC2012_val_00029362_n04392985,target_1dB,1,CL,A2_fixed,entropy_k1,4.0070628534769e-07
84,n04456115/ILSVRC2012_val_00002331_n04456115,target_1dB,1,CL,A2_fixed,entropy_k1,0.12073215794630791
85,n04485082/ILSVRC2012_val_00000955_n04485082,target_1dB,1,CL,A2_fixed,entropy_k1,0.1225619333099497
86,n04515003/ILSVRC2012_val_00002400_n04515003,target_1dB,1,CL,A2_fixed,entropy_k1,0.005721578228059324
87,n04540053/ILSVRC2012_val_00007665_n04540053,target_1dB,1,CL,A2_fixed,entropy_k1,0.2322690808138473
88,n04560804/ILSVRC2012_val_00029830_n04560804,target_1dB,1,CL,A2_fixed,entropy_k1,0.17687373589959285
89,n04596742/ILSVRC2012_val_00007608_n04596742,target_1dB,1,CL,A2_fixed,entropy_k1,5.313423085693021e-18
90,n07583066/ILSVRC2012_val_00001378_n07583066,target_1dB,1,CL,A2_fixed,entropy_k1,0.2301196875932323
91,n07590611/ILSVRC2012_val_00030972_n07590611,target_1dB,1,CL,A2_fixed,entropy_k1,0.2638102827481683
92,n07714990/ILSVRC2012_val_00008416_n07714990,target_1dB,1,CL,A2_fixed,entropy_k1,0.04360133990388149
93,n07716906/ILSVRC2012_val_00011140_n07716906,target_1dB,1,CL,A2_fixed,entropy_k1,0.42680165706618717
94,n07720875/ILSVRC2012_val_00000423_n07720875,target_1dB,1,CL,A2_fixed,entropy_k1,0.25142455085102855
95,n07860988/ILSVRC2012_val_00010848_n07860988,target_1dB,1,CL,A2_fixed,entropy_k1,0.0010289266400231385
96,n09288635/ILSVRC2012_val_00001270_n09288635,target_1dB,1,CL,A2_fixed,entropy_k1,1.150330031873428e-13
97,n09468604/ILSVRC2012_val_00030741_n09468604,target_1dB,1,CL,A2_fixed,entropy_k1,0.17809596847024414
98,n11939491/ILSVRC2012_val_00034896_n11939491,target_1dB,1,CL,A2_fixed,entropy_k1,3.567375832558481e-05
99,n15075141/ILSVRC2012_val_00005846_n15075141,target_1dB,1,CL,A2_fixed,entropy_k1,0.0704436694556577
0,n01440764/ILSVRC2012_val_00003014_n01440764,target_1dB,1,CL,A2_fixed,path_accuracy_k1,1.0
1,n01601694/ILSVRC2012_val_00021656_n01601694,target_1dB,1,CL,A2_fixed,path_accuracy_k1,1.0
2,n01664065/ILSVRC2012_val_00014316_n01664065,target_1dB,1,CL,A2_fixed,path_accuracy_k1,1.0
3,n01689811/ILSVRC2012_val_00020598_n01689811,target_1dB,1,CL,A2_fixed,path_accuracy_k1,1.0
4,n01735189/ILSVRC2012_val_00006699_n01735189,target_1dB,1,CL,A2_fixed,path_accuracy_k1,1.0
5,n01744401/ILSVRC2012_val_00032663_n01744401,target_1dB,1,CL,A2_fixed,path_accuracy_k1,0.6666666666666666
6,n01751748/ILSVRC2012_val_00033157_n01751748,target_1dB,1,CL,A2_fixed,path_accuracy_k1,1.0
7,n01775062/ILSVRC2012_val_00036589_n01775062,target_1dB,1,CL,A2_fixed,path_accuracy_k1,1.0
8,n01843383/ILSVRC2012_val_00005901_n01843383,target_1dB,1,CL,A2_fixed,path_accuracy_k1,0.6666666666666666
9,n01860187/ILSVRC2012_val_00021594_n01860187,target_1dB,1,CL,A2_fixed,path_accuracy_k1,0.3333333333333333
10,n01882714/ILSVRC2012_val_00019996_n01882714,target_1dB,1,CL,A2_fixed,path_accuracy_k1,0.6666666666666666
11,n01943899/ILSVRC2012_val_00005706_n01943899,target_1dB,1,CL,A2_fixed,path_accuracy_k1,1.0
12,n01955084/ILSVRC2012_val_00001857_n01955084,target_1dB,1,CL,A2_fixed,path_accuracy_k1,0.6666666666666666
13,n01983481/ILSVRC2012_val_00019856_n01983481,target_1dB,1,CL,A2_fixed,path_accuracy_k1,1.0
14,n02013706/ILSVRC2012_val_00003168_n02013706,target_1dB,1,CL,A2_fixed,path_accuracy_k1,1.0
15,n02027492/ILSVRC2012_val_00007524_n02027492,target_1dB,1,CL,A2_fixed,path_accuracy_k1,0.3333333333333333
16,n02088094/ILSVRC2012_val_00005507_n02088094,target_1dB,1,CL,A2_fixed,path_accuracy_k1,1.0
17,n02090622/ILSVRC2012_val_00006265_n02090622,target_1dB,1,CL,A2_fixed,path_accuracy_k1,0.3333333333333333
18,n02096177/ILSVRC2012_val_00019083_n02096177,target_1dB,1,CL,A2_fixed,path_accuracy_k1,1.0
19,n02098286/ILSVRC2012_val_00038253_n02098286,target_1dB,1,CL,A2_fixed,path_accuracy_k1,0.6666666666666666
20,n02102480/ILSVRC2012_val_00010261_n02102480,target_1dB,1,CL,A2_fixed,path_accuracy_k1,0.6666666666666666
21,n02105641/ILSVRC2012_val_00018762_n02105641,target_1dB,1,CL,A2_fixed,path_accuracy_k1,1.0
22,n02106550/ILSVRC2012_val_00014315_n02106550,target_1dB,1,CL,A2_fixed,path_accuracy_k1,1.0
23,n02107683/ILSVRC2012_val_00010786_n02107683,target_1dB,1,CL,A2_fixed,path_accuracy_k1,0.6666666666666666
24,n02110806/ILSVRC2012_val_00030364_n02110806,target_1dB,1,CL,A2_fixed,path_accuracy_k1,1.0
25,n02113799/ILSVRC2012_val_00007866_n02113799,target_1dB,1,CL,A2_fixed,path_accuracy_k1,1.0
26,n02123159/ILSVRC2012_val_00025723_n02123159,target_1dB,1,CL,A2_fixed,path_accuracy_k1,1.0
27,n02134084/ILSVRC2012_val_00020332_n02134084,target_1dB,1,CL,A2_fixed,path_accuracy_k1,1.0
28,n02168699/ILSVRC2012_val_00040132_n02168699,target_1dB,1,CL,A2_fixed,path_accuracy_k1,1.0
29,n02233338/ILSVRC2012_val_00016160_n02233338,target_1dB,1,CL,A2_fixed,path_accuracy_k1,0.6666666666666666
30,n02264363/ILSVRC2012_val_00027803_n02264363,target_1dB,1,CL,A2_fixed,path_accuracy_k1,1.0
31,n02277742/ILSVRC2012_val_00015608_n02277742,target_1dB,1,CL,A2_fixed,path_accuracy_k1,1.0
32,n02325366/ILSVRC2012_val_00024858_n02325366,target_1dB,1,CL,A2_fixed,path_accuracy_k1,1.0
33,n02398521/ILSVRC2012_val_00018354_n02398521,target_1dB,1,CL,A2_fixed,path_accuracy_k1,1.0
34,n02410509/ILSVRC2012_val_00022568_n02410509,target_1dB,1,CL,A2_fixed,path_accuracy_k1,0.6666666666666666
35,n02437312/ILSVRC2012_val_00006245_n02437312,target_1dB,1,CL,A2_fixed,path_accuracy_k1,1.0
36,n02486410/ILSVRC2012_val_00009799_n02486410,target_1dB,1,CL,A2_fixed,path_accuracy_k1,0.6666666666666666
37,n02509815/ILSVRC2012_val_00014423_n02509815,target_1dB,1,CL,A2_fixed,path_accuracy_k1,1.0
38,n02708093/ILSVRC2012_val_00024690_n02708093,target_1dB,1,CL,A2_fixed,path_accuracy_k1,1.0
39,n02776631/ILSVRC2012_val_00028186_n02776631,target_1dB,1,CL,A2_fixed,path_accuracy_k1,0.6666666666666666
40,n02788148/ILSVRC2012_val_00012264_n02788148,target_1dB,1,CL,A2_fixed,path_accuracy_k1,0.3333333333333333
41,n02834397/ILSVRC2012_val_00010741_n02834397,target_1dB,1,CL,A2_fixed,path_accuracy_k1,0.6666666666666666
42,n02841315/ILSVRC2012_val_00014601_n02841315,target_1dB,1,CL,A2_fixed,path_accuracy_k1,0.3333333333333333
43,n02910353/ILSVRC2012_val_00017543_n02910353,target_1dB,1,CL,A2_fixed,path_accuracy_k1,1.0
44,n02951585/ILSVRC2012_val_00008336_n02951585,target_1dB,1,CL,A2_fixed,path_accuracy_k1,1.0
45,n02980441/ILSVRC2012_val_00023472_n02980441,target_1dB,1,CL,A2_fixed,path_accuracy_k1,1.0
46,n03028079/ILSVRC2012_val_00031446_n03028079,target_1dB,1,CL,A2_fixed,path_accuracy_k1,1.0
47,n03109150/ILSVRC2012_val_00032588_n03109150,target_1dB,1,CL,A2_fixed,path_accuracy_k1,0.6666666666666666
48,n03127747/ILSVRC2012_val_00003732_n03127747,target_1dB,1,CL,A2_fixed,path_accuracy_k1,1.0
49,n03220513/ILSVRC2012_val_00006359_n03220513,target_1dB,1,CL,A2_fixed,path_accuracy_k1,1.0
50,n03372029/ILSVRC2012_val_00034937_n03372029,target_1dB,1,CL,A2_fixed,path_accuracy_k1,1.0
51,n03388549/ILSVRC2012_val_00022928_n03388549,target_1dB,1,CL,A2_fixed,path_accuracy_k1,1.0
52,n03424325/ILSVRC2012_val_00006147_n03424325,target_1dB,1,CL,A2_fixed,path_accuracy_k1,0.6666666666666666
53,n03447721/ILSVRC2012_val_00006942_n03447721,target_1dB,1,CL,A2_fixed,path_accuracy_k1,0.6666666666666666
54,n03485794/ILSVRC2012_val_00010782_n03485794,target_1dB,1,CL,A2_fixed,path_accuracy_k1,0.3333333333333333
55,n03527444/ILSVRC2012_val_00035251_n03527444,target_1dB,1,CL,A2_fixed,path_accuracy_k1,0.3333333333333333
56,n03584254/ILSVRC2012_val_00016384_n03584254,target_1dB,1,CL,A2_fixed,path_accuracy_k1,0.0
57,n03623198/ILSVRC2012_val_00019928_n03623198,target_1dB,1,CL,A2_fixed,path_accuracy_k1,0.0
58,n03657121/ILSVRC2012_val_00000359_n03657121,target_1dB,1,CL,A2_fixed,path_accuracy_k1,0.6666666666666666
59,n03706229/ILSVRC2012_val_00017460_n03706229,target_1dB,1,CL,A2_fixed,path_accuracy_k1,1.0
60,n03759954/ILSVRC2012_val_00010804_n03759954,target_1dB,1,CL,A2_fixed,path_accuracy_k1,0.0
61,n03775071/ILSVRC2012_val_00002420_n03775071,target_1dB,1,CL,A2_fixed,path_accuracy_k1,0.6666666666666666
62,n03782006/ILSVRC2012_val_00004758_n03782006,target_1dB,1,CL,A2_fixed,path_accuracy_k1,1.0
63,n03796401/ILSVRC2012_val_00025827_n03796401,target_1dB,1,CL,A2_fixed,path_accuracy_k1,1.0
64,n03866082/ILSVRC2012_val_00003554_n03866082,target_1dB,1,CL,A2_fixed,path_accuracy_k1,0.3333333333333333
65,n03876231/ILSVRC2012_val_00022714_n03876231,target_1dB,1,CL,A2_fixed,path_accuracy_k1,1.0
66,n03929660/ILSVRC2012_val_00012300_n03929660,target_1dB,1,CL,A2_fixed,path_accuracy_k1,1.0
67,n03950228/ILSVRC2012_val_00019039_n03950228,target_1dB,1,CL,A2_fixed,path_accuracy_k1,0.0
68,n03977966/ILSVRC2012_val_00027383_n03977966,target_1dB,1,CL,A2_fixed,path_accuracy_k1,1.0
69,n03983396/ILSVRC2012_val_00012891_n03983396,target_1dB,1,CL,A2_fixed,path_accuracy_k1,1.0
70,n04044716/ILSVRC2012_val_00039752_n04044716,target_1dB,1,CL,A2_fixed,path_accuracy_k1,1.0
71,n04067472/ILSVRC2012_val_00007618_n04067472,target_1dB,1,CL,A2_fixed,path_accuracy_k1,1.0
72,n04111531/ILSVRC2012_val_00013982_n04111531,target_1dB,1,CL,A2_fixed,path_accuracy_k1,0.6666666666666666
73,n04131690/ILSVRC2012_val_00002728_n04131690,target_1dB,1,CL,A2_fixed,path_accuracy_k1,1.0
74,n04153751/ILSVRC2012_val_00008426_n04153751,target_1dB,1,CL,A2_fixed,path_accuracy_k1,1.0
75,n04204347/ILSVRC2012_val_00018921_n04204347,target_1dB,1,CL,A2_fixed,path_accuracy_k1,0.0
76,n04235860/ILSVRC2012_val_00004033_n04235860,target_1dB,1,CL,A2_fixed,path_accuracy_k1,0.6666666666666666
77,n04252077/ILSVRC2012_val_00012989_n04252077,target_1dB,1,CL,A2_fixed,path_accuracy_k1,1.0
78,n04310018/ILSVRC2012_val_00003156_n04310018,target_1dB,1,CL,A2_fixed,path_accuracy_k1,1.0
79,n04328186/ILSVRC2012_val_00014795_n04328186,target_1dB,1,CL,A2_fixed,path_accuracy_k1,0.6666666666666666
80,n04346328/ILSVRC2012_val_00003305_n04346328,target_1dB,1,CL,A2_fixed,path_accuracy_k1,0.6666666666666666
81,n04357314/ILSVRC2012_val_00009430_n04357314,target_1dB,1,CL,A2_fixed,path_accuracy_k1,1.0
82,n04371774/ILSVRC2012_val_00030870_n04371774,target_1dB,1,CL,A2_fixed,path_accuracy_k1,0.6666666666666666
83,n04392985/ILSVRC2012_val_00029362_n04392985,target_1dB,1,CL,A2_fixed,path_accuracy_k1,1.0
84,n04456115/ILSVRC2012_val_00002331_n04456115,target_1dB,1,CL,A2_fixed,path_accuracy_k1,0.0
85,n04485082/ILSVRC2012_val_00000955_n04485082,target_1dB,1,CL,A2_fixed,path_accuracy_k1,1.0
86,n04515003/ILSVRC2012_val_00002400_n04515003,target_1dB,1,CL,A2_fixed,path_accuracy_k1,0.3333333333333333
87,n04540053/ILSVRC2012_val_00007665_n04540053,target_1dB,1,CL,A2_fixed,path_accuracy_k1,0.3333333333333333
88,n04560804/ILSVRC2012_val_00029830_n04560804,target_1dB,1,CL,A2_fixed,path_accuracy_k1,1.0
89,n04596742/ILSVRC2012_val_00007608_n04596742,target_1dB,1,CL,A2_fixed,path_accuracy_k1,1.0
90,n07583066/ILSVRC2012_val_00001378_n07583066,target_1dB,1,CL,A2_fixed,path_accuracy_k1,1.0
91,n07590611/ILSVRC2012_val_00030972_n07590611,target_1dB,1,CL,A2_fixed,path_accuracy_k1,0.3333333333333333
92,n07714990/ILSVRC2012_val_00008416_n07714990,target_1dB,1,CL,A2_fixed,path_accuracy_k1,0.6666666666666666
93,n07716906/ILSVRC2012_val_00011140_n07716906,target_1dB,1,CL,A2_fixed,path_accuracy_k1,0.6666666666666666
94,n07720875/ILSVRC2012_val_00000423_n07720875,target_1dB,1,CL,A2_fixed,path_accuracy_k1,0.0
95,n07860988/ILSVRC2012_val_00010848_n07860988,target_1dB,1,CL,A2_fixed,path_accuracy_k1,0.6666666666666666
96,n09288635/ILSVRC2012_val_00001270_n09288635,target_1dB,1,CL,A2_fixed,path_accuracy_k1,1.0
97,n09468604/ILSVRC2012_val_00030741_n09468604,target_1dB,1,CL,A2_fixed,path_accuracy_k1,0.6666666666666666
98,n11939491/ILSVRC2012_val_00034896_n11939491,target_1dB,1,CL,A2_fixed,path_accuracy_k1,0.3333333333333333
99,n15075141/ILSVRC2012_val_00005846_n15075141,target_1dB,1,CL,A2_fixed,path_accuracy_k1,0.6666666666666666
0,n01440764/ILSVRC2012_val_00003014_n01440764,target_1dB,1,CL,A2_fixed,acc_k2,0.75
1,n01601694/ILSVRC2012_val_00021656_n01601694,target_1dB,1,CL,A2_fixed,acc_k2,0.5
2,n01664065/ILSVRC2012_val_00014316_n01664065,target_1dB,1,CL,A2_fixed,acc_k2,0.6666666666666666
3,n01689811/ILSVRC2012_val_00020598_n01689811,target_1dB,1,CL,A2_fixed,acc_k2,0.4166666666666667
4,n01735189/ILSVRC2012_val_00006699_n01735189,target_1dB,1,CL,A2_fixed,acc_k2,0.5833333333333334
5,n01744401/ILSVRC2012_val_00032663_n01744401,target_1dB,1,CL,A2_fixed,acc_k2,0.3333333333333333
6,n01751748/ILSVRC2012_val_00033157_n01751748,target_1dB,1,CL,A2_fixed,acc_k2,0.6666666666666666
7,n01775062/ILSVRC2012_val_00036589_n01775062,target_1dB,1,CL,A2_fixed,acc_k2,0.4166666666666667
8,n01843383/ILSVRC2012_val_00005901_n01843383,target_1dB,1,CL,A2_fixed,acc_k2,0.25
9,n01860187/ILSVRC2012_val_00021594_n01860187,target_1dB,1,CL,A2_fixed,acc_k2,0.3333333333333333
10,n01882714/ILSVRC2012_val_00019996_n01882714,target_1dB,1,CL,A2_fixed,acc_k2,0.3333333333333333
11,n01943899/ILSVRC2012_val_00005706_n01943899,target_1dB,1,CL,A2_fixed,acc_k2,0.25
12,n01955084/ILSVRC2012_val_00001857_n01955084,target_1dB,1,CL,A2_fixed,acc_k2,0.08333333333333333
13,n01983481/ILSVRC2012_val_00019856_n01983481,target_1dB,1,CL,A2_fixed,acc_k2,0.75
14,n02013706/ILSVRC2012_val_00003168_n02013706,target_1dB,1,CL,A2_fixed,acc_k2,0.75
15,n02027492/ILSVRC2012_val_00007524_n02027492,target_1dB,1,CL,A2_fixed,acc_k2,0.25
16,n02088094/ILSVRC2012_val_00005507_n02088094,target_1dB,1,CL,A2_fixed,acc_k2,0.3333333333333333
17,n02090622/ILSVRC2012_val_00006265_n02090622,target_1dB,1,CL,A2_fixed,acc_k2,0.0
18,n02096177/ILSVRC2012_val_00019083_n02096177,target_1dB,1,CL,A2_fixed,acc_k2,0.5833333333333334
19,n02098286/ILSVRC2012_val_00038253_n02098286,target_1dB,1,CL,A2_fixed,acc_k2,0.3333333333333333
20,n02102480/ILSVRC2012_val_00010261_n02102480,target_1dB,1,CL,A2_fixed,acc_k2,0.75
21,n02105641/ILSVRC2012_val_00018762_n02105641,target_1dB,1,CL,A2_fixed,acc_k2,0.75
22,n02106550/ILSVRC2012_val_00014315_n02106550,target_1dB,1,CL,A2_fixed,acc_k2,0.5
23,n02107683/ILSVRC2012_val_00010786_n02107683,target_1dB,1,CL,A2_fixed,acc_k2,0.3333333333333333
24,n02110806/ILSVRC2012_val_00030364_n02110806,target_1dB,1,CL,A2_fixed,acc_k2,0.5
25,n02113799/ILSVRC2012_val_00007866_n02113799,target_1dB,1,CL,A2_fixed,acc_k2,0.16666666666666666
26,n02123159/ILSVRC2012_val_00025723_n02123159,target_1dB,1,CL,A2_fixed,acc_k2,0.4166666666666667
27,n02134084/ILSVRC2012_val_00020332_n02134084,target_1dB,1,CL,A2_fixed,acc_k2,0.08333333333333333
28,n02168699/ILSVRC2012_val_00040132_n02168699,target_1dB,1,CL,A2_fixed,acc_k2,0.0
29,n02233338/ILSVRC2012_val_00016160_n02233338,target_1dB,1,CL,A2_fixed,acc_k2,0.5
30,n02264363/ILSVRC2012_val_00027803_n02264363,target_1dB,1,CL,A2_fixed,acc_k2,0.08333333333333333
31,n02277742/ILSVRC2012_val_00015608_n02277742,target_1dB,1,CL,A2_fixed,acc_k2,0.5833333333333334
32,n02325366/ILSVRC2012_val_00024858_n02325366,target_1dB,1,CL,A2_fixed,acc_k2,0.4166666666666667
33,n02398521/ILSVRC2012_val_00018354_n02398521,target_1dB,1,CL,A2_fixed,acc_k2,0.4166666666666667
34,n02410509/ILSVRC2012_val_00022568_n02410509,target_1dB,1,CL,A2_fixed,acc_k2,0.3333333333333333
35,n02437312/ILSVRC2012_val_00006245_n02437312,target_1dB,1,CL,A2_fixed,acc_k2,0.3333333333333333
36,n02486410/ILSVRC2012_val_00009799_n02486410,target_1dB,1,CL,A2_fixed,acc_k2,0.25
37,n02509815/ILSVRC2012_val_00014423_n02509815,target_1dB,1,CL,A2_fixed,acc_k2,0.5
38,n02708093/ILSVRC2012_val_00024690_n02708093,target_1dB,1,CL,A2_fixed,acc_k2,0.3333333333333333
39,n02776631/ILSVRC2012_val_00028186_n02776631,target_1dB,1,CL,A2_fixed,acc_k2,0.08333333333333333
40,n02788148/ILSVRC2012_val_00012264_n02788148,target_1dB,1,CL,A2_fixed,acc_k2,0.08333333333333333
41,n02834397/ILSVRC2012_val_00010741_n02834397,target_1dB,1,CL,A2_fixed,acc_k2,0.25
42,n02841315/ILSVRC2012_val_00014601_n02841315,target_1dB,1,CL,A2_fixed,acc_k2,0.25
43,n02910353/ILSVRC2012_val_00017543_n02910353,target_1dB,1,CL,A2_fixed,acc_k2,0.3333333333333333
44,n02951585/ILSVRC2012_val_00008336_n02951585,target_1dB,1,CL,A2_fixed,acc_k2,0.08333333333333333
45,n02980441/ILSVRC2012_val_00023472_n02980441,target_1dB,1,CL,A2_fixed,acc_k2,0.3333333333333333
46,n03028079/ILSVRC2012_val_00031446_n03028079,target_1dB,1,CL,A2_fixed,acc_k2,0.16666666666666666
47,n03109150/ILSVRC2012_val_00032588_n03109150,target_1dB,1,CL,A2_fixed,acc_k2,0.25
48,n03127747/ILSVRC2012_val_00003732_n03127747,target_1dB,1,CL,A2_fixed,acc_k2,0.25
49,n03220513/ILSVRC2012_val_00006359_n03220513,target_1dB,1,CL,A2_fixed,acc_k2,0.25
50,n03372029/ILSVRC2012_val_00034937_n03372029,target_1dB,1,CL,A2_fixed,acc_k2,0.16666666666666666
51,n03388549/ILSVRC2012_val_00022928_n03388549,target_1dB,1,CL,A2_fixed,acc_k2,0.16666666666666666
52,n03424325/ILSVRC2012_val_00006147_n03424325,target_1dB,1,CL,A2_fixed,acc_k2,0.25
53,n03447721/ILSVRC2012_val_00006942_n03447721,target_1dB,1,CL,A2_fixed,acc_k2,0.08333333333333333
54,n03485794/ILSVRC2012_val_00010782_n03485794,target_1dB,1,CL,A2_fixed,acc_k2,0.16666666666666666
55,n03527444/ILSVRC2012_val_00035251_n03527444,target_1dB,1,CL,A2_fixed,acc_k2,0.0
56,n03584254/ILSVRC2012_val_00016384_n03584254,target_1dB,1,CL,A2_fixed,acc_k2,0.0
57,n03623198/ILSVRC2012_val_00019928_n03623198,target_1dB,1,CL,A2_fixed,acc_k2,0.0
58,n03657121/ILSVRC2012_val_00000359_n03657121,target_1dB,1,CL,A2_fixed,acc_k2,0.4166666666666667
59,n03706229/ILSVRC2012_val_00017460_n03706229,target_1dB,1,CL,A2_fixed,acc_k2,0.4166666666666667
60,n03759954/ILSVRC2012_val_00010804_n03759954,target_1dB,1,CL,A2_fixed,acc_k2,0.08333333333333333
61,n03775071/ILSVRC2012_val_00002420_n03775071,target_1dB,1,CL,A2_fixed,acc_k2,0.3333333333333333
62,n03782006/ILSVRC2012_val_00004758_n03782006,target_1dB,1,CL,A2_fixed,acc_k2,0.16666666666666666
63,n03796401/ILSVRC2012_val_00025827_n03796401,target_1dB,1,CL,A2_fixed,acc_k2,0.16666666666666666
64,n03866082/ILSVRC2012_val_00003554_n03866082,target_1dB,1,CL,A2_fixed,acc_k2,0.16666666666666666
65,n03876231/ILSVRC2012_val_00022714_n03876231,target_1dB,1,CL,A2_fixed,acc_k2,0.5
66,n03929660/ILSVRC2012_val_00012300_n03929660,target_1dB,1,CL,A2_fixed,acc_k2,0.5
67,n03950228/ILSVRC2012_val_00019039_n03950228,target_1dB,1,CL,A2_fixed,acc_k2,0.25
68,n03977966/ILSVRC2012_val_00027383_n03977966,target_1dB,1,CL,A2_fixed,acc_k2,0.75
69,n03983396/ILSVRC2012_val_00012891_n03983396,target_1dB,1,CL,A2_fixed,acc_k2,0.5833333333333334
70,n04044716/ILSVRC2012_val_00039752_n04044716,target_1dB,1,CL,A2_fixed,acc_k2,0.5
71,n04067472/ILSVRC2012_val_00007618_n04067472,target_1dB,1,CL,A2_fixed,acc_k2,0.16666666666666666
72,n04111531/ILSVRC2012_val_00013982_n04111531,target_1dB,1,CL,A2_fixed,acc_k2,0.25
73,n04131690/ILSVRC2012_val_00002728_n04131690,target_1dB,1,CL,A2_fixed,acc_k2,0.3333333333333333
74,n04153751/ILSVRC2012_val_00008426_n04153751,target_1dB,1,CL,A2_fixed,acc_k2,0.6666666666666666
75,n04204347/ILSVRC2012_val_00018921_n04204347,target_1dB,1,CL,A2_fixed,acc_k2,0.25
76,n04235860/ILSVRC2012_val_00004033_n04235860,target_1dB,1,CL,A2_fixed,acc_k2,0.4166666666666667
77,n04252077/ILSVRC2012_val_00012989_n04252077,target_1dB,1,CL,A2_fixed,acc_k2,0.75
78,n04310018/ILSVRC2012_val_00003156_n04310018,target_1dB,1,CL,A2_fixed,acc_k2,0.3333333333333333
79,n04328186/ILSVRC2012_val_00014795_n04328186,target_1dB,1,CL,A2_fixed,acc_k2,0.5
80,n04346328/ILSVRC2012_val_00003305_n04346328,target_1dB,1,CL,A2_fixed,acc_k2,0.16666666666666666
81,n04357314/ILSVRC2012_val_00009430_n04357314,target_1dB,1,CL,A2_fixed,acc_k2,0.3333333333333333
82,n04371774/ILSVRC2012_val_00030870_n04371774,target_1dB,1,CL,A2_fixed,acc_k2,0.25
83,n04392985/ILSVRC2012_val_00029362_n04392985,target_1dB,1,CL,A2_fixed,acc_k2,0.5833333333333334
84,n04456115/ILSVRC2012_val_00002331_n04456115,target_1dB,1,CL,A2_fixed,acc_k2,0.16666666666666666
85,n04485082/ILSVRC2012_val_00000955_n04485082,target_1dB,1,CL,A2_fixed,acc_k2,0.5
86,n04515003/ILSVRC2012_val_00002400_n04515003,target_1dB,1,CL,A2_fixed,acc_k2,0.08333333333333333
87,n04540053/ILSVRC2012_val_00007665_n04540053,target_1dB,1,CL,A2_fixed,acc_k2,0.08333333333333333
88,n04560804/ILSVRC2012_val_00029830_n04560804,target_1dB,1,CL,A2_fixed,acc_k2,0.5833333333333334
89,n04596742/ILSVRC2012_val_00007608_n04596742,target_1dB,1,CL,A2_fixed,acc_k2,0.6666666666666666
90,n07583066/ILSVRC2012_val_00001378_n07583066,target_1dB,1,CL,A2_fixed,acc_k2,0.4166666666666667
91,n07590611/ILSVRC2012_val_00030972_n07590611,target_1dB,1,CL,A2_fixed,acc_k2,0.25
92,n07714990/ILSVRC2012_val_00008416_n07714990,target_1dB,1,CL,A2_fixed,acc_k2,0.16666666666666666
93,n07716906/ILSVRC2012_val_00011140_n07716906,target_1dB,1,CL,A2_fixed,acc_k2,0.3333333333333333
94,n07720875/ILSVRC2012_val_00000423_n07720875,target_1dB,1,CL,A2_fixed,acc_k2,0.3333333333333333
95,n07860988/ILSVRC2012_val_00010848_n07860988,target_1dB,1,CL,A2_fixed,acc_k2,0.0
96,n09288635/ILSVRC2012_val_00001270_n09288635,target_1dB,1,CL,A2_fixed,acc_k2,0.5833333333333334
97,n09468604/ILSVRC2012_val_00030741_n09468604,target_1dB,1,CL,A2_fixed,acc_k2,0.3333333333333333
98,n11939491/ILSVRC2012_val_00034896_n11939491,target_1dB,1,CL,A2_fixed,acc_k2,0.08333333333333333
99,n15075141/ILSVRC2012_val_00005846_n15075141,target_1dB,1,CL,A2_fixed,acc_k2,0.3333333333333333
0,n01440764/ILSVRC2012_val_00003014_n01440764,target_1dB,1,CL,A2_fixed,logp_true_k2,-1.874322967118739
1,n01601694/ILSVRC2012_val_00021656_n01601694,target_1dB,1,CL,A2_fixed,logp_true_k2,-3.5649497424794467
2,n01664065/ILSVRC2012_val_00014316_n01664065,target_1dB,1,CL,A2_fixed,logp_true_k2,-2.706136858903695
3,n01689811/ILSVRC2012_val_00020598_n01689811,target_1dB,1,CL,A2_fixed,logp_true_k2,-4.437338478333913
4,n01735189/ILSVRC2012_val_00006699_n01735189,target_1dB,1,CL,A2_fixed,logp_true_k2,-3.2688700050445427
5,n01744401/ILSVRC2012_val_00032663_n01744401,target_1dB,1,CL,A2_fixed,logp_true_k2,-8.992292263573441
6,n01751748/ILSVRC2012_val_00033157_n01751748,target_1dB,1,CL,A2_fixed,logp_true_k2,-1.0067644576047314
7,n01775062/ILSVRC2012_val_00036589_n01775062,target_1dB,1,CL,A2_fixed,logp_true_k2,-2.841275911894627
8,n01843383/ILSVRC2012_val_00005901_n01843383,target_1dB,1,CL,A2_fixed,logp_true_k2,-8.855955085836209
9,n01860187/ILSVRC2012_val_00021594_n01860187,target_1dB,1,CL,A2_fixed,logp_true_k2,-13.970324748510999
10,n01882714/ILSVRC2012_val_00019996_n01882714,target_1dB,1,CL,A2_fixed,logp_true_k2,-6.9687823703861795
11,n01943899/ILSVRC2012_val_00005706_n01943899,target_1dB,1,CL,A2_fixed,logp_true_k2,-6.331822264187697
12,n01955084/ILSVRC2012_val_00001857_n01955084,target_1dB,1,CL,A2_fixed,logp_true_k2,-13.214532460551709
13,n01983481/ILSVRC2012_val_00019856_n01983481,target_1dB,1,CL,A2_fixed,logp_true_k2,-5.010237338881969
14,n02013706/ILSVRC2012_val_00003168_n02013706,target_1dB,1,CL,A2_fixed,logp_true_k2,-2.4813497489890985
15,n02027492/ILSVRC2012_val_00007524_n02027492,target_1dB,1,CL,A2_fixed,logp_true_k2,-8.837148951832205
16,n02088094/ILSVRC2012_val_00005507_n02088094,target_1dB,1,CL,A2_fixed,logp_true_k2,-5.001676944860567
17,n02090622/ILSVRC2012_val_00006265_n02090622,target_1dB,1,CL,A2_fixed,logp_true_k2,-20.791002829869587
18,n02096177/ILSVRC2012_val_00019083_n02096177,target_1dB,1,CL,A2_fixed,logp_true_k2,-2.9379090841642514
19,n02098286/ILSVRC2012_val_00038253_n02098286,target_1dB,1,CL,A2_fixed,logp_true_k2,-14.024402726915772
20,n02102480/ILSVRC2012_val_00010261_n02102480,target_1dB,1,CL,A2_fixed,logp_true_k2,-2.6367175784462233
21,n02105641/ILSVRC2012_val_00018762_n02105641,target_1dB,1,CL,A2_fixed,logp_true_k2,-3.721837181229072
22,n02106550/ILSVRC2012_val_00014315_n02106550,target_1dB,1,CL,A2_fixed,logp_true_k2,-3.4039249611275104
23,n02107683/ILSVRC2012_val_00010786_n02107683,target_1dB,1,CL,A2_fixed,logp_true_k2,-12.786203569548283
24,n02110806/ILSVRC2012_val_00030364_n02110806,target_1dB,1,CL,A2_fixed,logp_true_k2,-3.7108162690935083
25,n02113799/ILSVRC2012_val_00007866_n02113799,target_1dB,1,CL,A2_fixed,logp_true_k2,-10.214164356390066
26,n02123159/ILSVRC2012_val_00025723_n02123159,target_1dB,1,CL,A2_fixed,logp_true_k2,-4.957115767834068
27,n02134084/ILSVRC2012_val_00020332_n02134084,target_1dB,1,CL,A2_fixed,logp_true_k2,-5.0692286392052965
28,n02168699/ILSVRC2012_val_00040132_n02168699,target_1dB,1,CL,A2_fixed,logp_true_k2,-6.693066855271657
29,n02233338/ILSVRC2012_val_00016160_n02233338,target_1dB,1,CL,A2_fixed,logp_true_k2,-9.004590288335143
30,n02264363/ILSVRC2012_val_00027803_n02264363,target_1dB,1,CL,A2_fixed,logp_true_k2,-6.040953613856497
31,n02277742/ILSVRC2012_val_00015608_n02277742,target_1dB,1,CL,A2_fixed,logp_true_k2,-2.708668402749557
32,n02325366/ILSVRC2012_val_00024858_n02325366,target_1dB,1,CL,A2_fixed,logp_true_k2,-1.8061948324865682
33,n02398521/ILSVRC2012_val_00018354_n02398521,target_1dB,1,CL,A2_fixed,logp_true_k2,-8.06627210175308
34,n02410509/ILSVRC2012_val_00022568_n02410509,target_1dB,1,CL,A2_fixed,logp_true_k2,-9.646428844537013
35,n02437312/ILSVRC2012_val_00006245_n02437312,target_1dB,1,CL,A2_fixed,logp_true_k2,-4.61015712338182
36,n02486410/ILSVRC2012_val_00009799_n02486410,target_1dB,1,CL,A2_fixed,logp_true_k2,-8.113250454034036
37,n02509815/ILSVRC2012_val_00014423_n02509815,target_1dB,1,CL,A2_fixed,logp_true_k2,-3.502512114200119
38,n02708093/ILSVRC2012_val_00024690_n02708093,target_1dB,1,CL,A2_fixed,logp_true_k2,-4.768851021925609
39,n02776631/ILSVRC2012_val_00028186_n02776631,target_1dB,1,CL,A2_fixed,logp_true_k2,-14.821843109248826
40,n02788148/ILSVRC2012_val_00012264_n02788148,target_1dB,1,CL,A2_fixed,logp_true_k2,-15.711625849207243
41,n02834397/ILSVRC2012_val_00010741_n02834397,target_1dB,1,CL,A2_fixed,logp_true_k2,-9.648684005253017
42,n02841315/ILSVRC2012_val_00014601_n02841315,target_1dB,1,CL,A2_fixed,logp_true_k2,-4.125857340367058
43,n02910353/ILSVRC2012_val_00017543_n02910353,target_1dB,1,CL,A2_fixed,logp_true_k2,-4.725763876855126
44,n02951585/ILSVRC2012_val_00008336_n02951585,target_1dB,1,CL,A2_fixed,logp_true_k2,-7.383511518729695
45,n02980441/ILSVRC2012_val_00023472_n02980441,target_1dB,1,CL,A2_fixed,logp_true_k2,-4.170566017063209
46,n03028079/ILSVRC2012_val_00031446_n03028079,target_1dB,1,CL,A2_fixed,logp_true_k2,-7.074582076078514
47,n03109150/ILSVRC2012_val_00032588_n03109150,target_1dB,1,CL,A2_fixed,logp_true_k2,-6.988804809286194
48,n03127747/ILSVRC2012_val_00003732_n03127747,target_1dB,1,CL,A2_fixed,logp_true_k2,-5.7794342234362075
49,n03220513/ILSVRC2012_val_00006359_n03220513,target_1dB,1,CL,A2_fixed,logp_true_k2,-5.4336323829678195
50,n03372029/ILSVRC2012_val_00034937_n03372029,target_1dB,1,CL,A2_fixed,logp_true_k2,-5.904199905693531
51,n03388549/ILSVRC2012_val_00022928_n03388549,target_1dB,1,CL,A2_fixed,logp_true_k2,-4.821743056145351
52,n03424325/ILSVRC2012_val_00006147_n03424325,target_1dB,1,CL,A2_fixed,logp_true_k2,-12.4237122113506
53,n03447721/ILSVRC2012_val_00006942_n03447721,target_1dB,1,CL,A2_fixed,logp_true_k2,-11.234759414704362
54,n03485794/ILSVRC2012_val_00010782_n03485794,target_1dB,1,CL,A2_fixed,logp_true_k2,-10.663824627311746
55,n03527444/ILSVRC2012_val_00035251_n03527444,target_1dB,1,CL,A2_fixed,logp_true_k2,-14.955801526705423
56,n03584254/ILSVRC2012_val_00016384_n03584254,target_1dB,1,CL,A2_fixed,logp_true_k2,-27.41448100407918
57,n03623198/ILSVRC2012_val_00019928_n03623198,target_1dB,1,CL,A2_fixed,logp_true_k2,-26.31337300936381
58,n03657121/ILSVRC2012_val_00000359_n03657121,target_1dB,1,CL,A2_fixed,logp_true_k2,-5.2579812038505525
59,n03706229/ILSVRC2012_val_00017460_n03706229,target_1dB,1,CL,A2_fixed,logp_true_k2,-3.583842159268291
60,n03759954/ILSVRC2012_val_00010804_n03759954,target_1dB,1,CL,A2_fixed,logp_true_k2,-17.928218668232148
61,n03775071/ILSVRC2012_val_00002420_n03775071,target_1dB,1,CL,A2_fixed,logp_true_k2,-9.951381111205288
62,n03782006/ILSVRC2012_val_00004758_n03782006,target_1dB,1,CL,A2_fixed,logp_true_k2,-4.963261999101633
63,n03796401/ILSVRC2012_val_00025827_n03796401,target_1dB,1,CL,A2_fixed,logp_true_k2,-9.4682622381794
64,n03866082/ILSVRC2012_val_00003554_n03866082,target_1dB,1,CL,A2_fixed,logp_true_k2,-16.31570658637308
65,n03876231/ILSVRC2012_val_00022714_n03876231,target_1dB,1,CL,A2_fixed,logp_true_k2,-3.0857684773189553
66,n03929660/ILSVRC2012_val_00012300_n03929660,target_1dB,1,CL,A2_fixed,logp_true_k2,-2.6038323524092752
67,n03950228/ILSVRC2012_val_00019039_n03950228,target_1dB,1,CL,A2_fixed,logp_true_k2,-6.9517361829833435
68,n03977966/ILSVRC2012_val_00027383_n03977966,target_1dB,1,CL,A2_fixed,logp_true_k2,-1.581311931409952
69,n03983396/ILSVRC2012_val_00012891_n03983396,target_1dB,1,CL,A2_fixed,logp_true_k2,-2.8932382603100755
70,n04044716/ILSVRC2012_val_00039752_n04044716,target_1dB,1,CL,A2_fixed,logp_true_k2,-3.5631944780470803
71,n04067472/ILSVRC2012_val_00007618_n04067472,target_1dB,1,CL,A2_fixed,logp_true_k2,-6.583899192201595
72,n04111531/ILSVRC2012_val_00013982_n04111531,target_1dB,1,CL,A2_fixed,logp_true_k2,-6.96046703885501
73,n04131690/ILSVRC2012_val_00002728_n04131690,target_1dB,1,CL,A2_fixed,logp_true_k2,-4.582973476499316
74,n04153751/ILSVRC2012_val_00008426_n04153751,target_1dB,1,CL,A2_fixed,logp_true_k2,-1.6690114252850776
75,n04204347/ILSVRC2012_val_00018921_n04204347,target_1dB,1,CL,A2_fixed,logp_true_k2,-15.429900079965515
76,n04235860/ILSVRC2012_val_00004033_n04235860,target_1dB,1,CL,A2_fixed,logp_true_k2,-5.175975384872193
77,n04252077/ILSVRC2012_val_00012989_n04252077,target_1dB,1,CL,A2_fixed,logp_true_k2,-1.0705890334027686
78,n04310018/ILSVRC2012_val_00003156_n04310018,target_1dB,1,CL,A2_fixed,logp_true_k2,-4.9605307867265465
79,n04328186/ILSVRC2012_val_00014795_n04328186,target_1dB,1,CL,A2_fixed,logp_true_k2,-6.27219072691067
80,n04346328/ILSVRC2012_val_00003305_n04346328,target_1dB,1,CL,A2_fixed,logp_true_k2,-12.173107016909247
81,n04357314/ILSVRC2012_val_00009430_n04357314,target_1dB,1,CL,A2_fixed,logp_true_k2,-4.503356332592375
82,n04371774/ILSVRC2012_val_00030870_n04371774,target_1dB,1,CL,A2_fixed,logp_true_k2,-10.35714798195598
83,n04392985/ILSVRC2012_val_00029362_n04392985,target_1dB,1,CL,A2_fixed,logp_true_k2,-1.2177515413013396
84,n04456115/ILSVRC2012_val_00002331_n04456115,target_1dB,1,CL,A2_fixed,logp_true_k2,-25.657275199889984
85,n04485082/ILSVRC2012_val_00000955_n04485082,target_1dB,1,CL,A2_fixed,logp_true_k2,-3.585560480983228
86,n04515003/ILSVRC2012_val_00002400_n04515003,target_1dB,1,CL,A2_fixed,logp_true_k2,-11.64237470148752
87,n04540053/ILSVRC2012_val_00007665_n04540053,target_1dB,1,CL,A2_fixed,logp_true_k2,-21.74577998369932
88,n04560804/ILSVRC2012_val_00029830_n04560804,target_1dB,1,CL,A2_fixed,logp_true_k2,-2.437789477656073
89,n04596742/ILSVRC2012_val_00007608_n04596742,target_1dB,1,CL,A2_fixed,logp_true_k2,-1.949039629025113
90,n07583066/ILSVRC2012_val_00001378_n07583066,target_1dB,1,CL,A2_fixed,logp_true_k2,-6.400654704655683
91,n07590611/ILSVRC2012_val_00030972_n07590611,target_1dB,1,CL,A2_fixed,logp_true_k2,-12.761816528259564
92,n07714990/ILSVRC2012_val_00008416_n07714990,target_1dB,1,CL,A2_fixed,logp_true_k2,-8.59073117778947
93,n07716906/ILSVRC2012_val_00011140_n07716906,target_1dB,1,CL,A2_fixed,logp_true_k2,-14.69960922251145
94,n07720875/ILSVRC2012_val_00000423_n07720875,target_1dB,1,CL,A2_fixed,logp_true_k2,-8.59829924906929
95,n07860988/ILSVRC2012_val_00010848_n07860988,target_1dB,1,CL,A2_fixed,logp_true_k2,-11.099443599581718
96,n09288635/ILSVRC2012_val_00001270_n09288635,target_1dB,1,CL,A2_fixed,logp_true_k2,-1.9892461677072788
97,n09468604/ILSVRC2012_val_00030741_n09468604,target_1dB,1,CL,A2_fixed,logp_true_k2,-12.616891227075635
98,n11939491/ILSVRC2012_val_00034896_n11939491,target_1dB,1,CL,A2_fixed,logp_true_k2,-36.66642446412394
99,n15075141/ILSVRC2012_val_00005846_n15075141,target_1dB,1,CL,A2_fixed,logp_true_k2,-8.417191039984269
0,n01440764/ILSVRC2012_val_00003014_n01440764,target_1dB,1,CL,A2_fixed,entropy_k2,0.5322311676569231
1,n01601694/ILSVRC2012_val_00021656_n01601694,target_1dB,1,CL,A2_fixed,entropy_k2,0.24054134301892502
2,n01664065/ILSVRC2012_val_00014316_n01664065,target_1dB,1,CL,A2_fixed,entropy_k2,0.38658793067027525
3,n01689811/ILSVRC2012_val_00020598_n01689811,target_1dB,1,CL,A2_fixed,entropy_k2,0.44719491698009417
4,n01735189/ILSVRC2012_val_00006699_n01735189,target_1dB,1,CL,A2_fixed,entropy_k2,0.33557726657486536
5,n01744401/ILSVRC2012_val_00032663_n01744401,target_1dB,1,CL,A2_fixed,entropy_k2,0.5213443777852605
6,n01751748/ILSVRC2012_val_00033157_n01751748,target_1dB,1,CL,A2_fixed,entropy_k2,0.20117271635264847
7,n01775062/ILSVRC2012_val_00036589_n01775062,target_1dB,1,CL,A2_fixed,entropy_k2,0.4725818138978346
8,n01843383/ILSVRC2012_val_00005901_n01843383,target_1dB,1,CL,A2_fixed,entropy_k2,0.44545722891569417
9,n01860187/ILSVRC2012_val_00021594_n01860187,target_1dB,1,CL,A2_fixed,entropy_k2,0.24201134301212035
10,n01882714/ILSVRC2012_val_00019996_n01882714,target_1dB,1,CL,A2_fixed,entropy_k2,0.8289039771626322
11,n01943899/ILSVRC2012_val_00005706_n01943899,target_1dB,1,CL,A2_fixed,entropy_k2,0.6885947583126207
12,n01955084/ILSVRC2012_val_00001857_n01955084,target_1dB,1,CL,A2_fixed,entropy_k2,0.5242124427591234
13,n01983481/ILSVRC2012_val_00019856_n01983481,target_1dB,1,CL,A2_fixed,entropy_k2,0.10421060738009243
14,n02013706/ILSVRC2012_val_00003168_n02013706,target_1dB,1,CL,A2_fixed,entropy_k2,0.42910898480103477
15,n02027492/ILSVRC2012_val_00007524_n02027492,target_1dB,1,CL,A2_fixed,entropy_k2,0.4661387940209809
16,n02088094/ILSVRC2012_val_00005507_n02088094,target_1dB,1,CL,A2_fixed,entropy_k2,0.6250149042523265
17,n02090622/ILSVRC2012_val_00006265_n02090622,target_1dB,1,CL,A2_fixed,entropy_k2,0.4751451947778596
18,n02096177/ILSVRC2012_val_00019083_n02096177,target_1dB,1,CL,A2_fixed,entropy_k2,0.4333104967812104
19,n02098286/ILSVRC2012_val_00038253_n02098286,target_1dB,1,CL,A2_fixed,entropy_k2,0.28815350457146305
20,n02102480/ILSVRC2012_val_00010261_n02102480,target_1dB,1,CL,A2_fixed,entropy_k2,0.30368536775944227
21,n02105641/ILSVRC2012_val_00018762_n02105641,target_1dB,1,CL,A2_fixed,entropy_k2,0.34204161894976837
22,n02106550/ILSVRC2012_val_00014315_n02106550,target_1dB,1,CL,A2_fixed,entropy_k2,0.3299109442153632
23,n02107683/ILSVRC2012_val_00010786_n02107683,target_1dB,1,CL,A2_fixed,entropy_k2,0.5005053703090829
24,n02110806/ILSVRC2012_val_00030364_n02110806,target_1dB,1,CL,A2_fixed,entropy_k2,0.8731483625961368
25,n02113799/ILSVRC2012_val_00007866_n02113799,target_1dB,1,CL,A2_fixed,entropy_k2,0.5063107900252021
26,n02123159/ILSVRC2012_val_00025723_n02123159,target_1dB,1,CL,A2_fixed,entropy_k2,0.49377439371175885
27,n02134084/ILSVRC2012_val_00020332_n02134084,target_1dB,1,CL,A2_fixed,entropy_k2,0.514422885210407
28,n02168699/ILSVRC2012_val_00040132_n02168699,target_1dB,1,CL,A2_fixed,entropy_k2,0.5651848636250445
29,n02233338/ILSVRC2012_val_00016160_n02233338,target_1dB,1,CL,A2_fixed,entropy_k2,0.22239318802414207
30,n02264363/ILSVRC2012_val_00027803_n02264363,target_1dB,1,CL,A2_fixed,entropy_k2,0.6408373898473156
31,n02277742/ILSVRC2012_val_00015608_n02277742,target_1dB,1,CL,A2_fixed,entropy_k2,0.11571820327149362
32,n02325366/ILSVRC2012_val_00024858_n02325366,target_1dB,1,CL,A2_fixed,entropy_k2,0.2748902561683106
33,n02398521/ILSVRC2012_val_00018354_n02398521,target_1dB,1,CL,A2_fixed,entropy_k2,0.5049548767649704
34,n02410509/ILSVRC2012_val_00022568_n02410509,target_1dB,1,CL,A2_fixed,entropy_k2,0.3639959446537075
35,n02437312/ILSVRC2012_val_00006245_n02437312,target_1dB,1,CL,A2_fixed,entropy_k2,0.28186059431891725
36,n02486410/ILSVRC2012_val_00009799_n02486410,target_1dB,1,CL,A2_fixed,entropy_k2,0.3071868469217268
37,n02509815/ILSVRC2012_val_00014423_n02509815,target_1dB,1,CL,A2_fixed,entropy_k2,0.4255411927730533
38,n02708093/ILSVRC2012_val_00024690_n02708093,target_1dB,1,CL,A2_fixed,entropy_k2,1.0045770889481638
39,n02776631/ILSVRC2012_val_00028186_n02776631,target_1dB,1,CL,A2_fixed,entropy_k2,0.33941194160175386
40,n02788148/ILSVRC2012_val_00012264_n02788148,target_1dB,1,CL,A2_fixed,entropy_k2,0.8079410739871528
41,n02834397/ILSVRC2012_val_00010741_n02834397,target_1dB,1,CL,A2_fixed,entropy_k2,0.876828319289762
42,n02841315/ILSVRC2012_val_00014601_n02841315,target_1dB,1,CL,A2_fixed,entropy_k2,0.28370039865511215
43,n02910353/ILSVRC2012_val_00017543_n02910353,target_1dB,1,CL,A2_fixed,entropy_k2,0.9326643148015968
44,n02951585/ILSVRC2012_val_00008336_n02951585,target_1dB,1,CL,A2_fixed,entropy_k2,0.3538195085384088
45,n02980441/ILSVRC2012_val_00023472_n02980441,target_1dB,1,CL,A2_fixed,entropy_k2,0.21795951360594404
46,n03028079/ILSVRC2012_val_00031446_n03028079,target_1dB,1,CL,A2_fixed,entropy_k2,0.5125922427158665
47,n03109150/ILSVRC2012_val_00032588_n03109150,target_1dB,1,CL,A2_fixed,entropy_k2,0.5360973222858458
48,n03127747/ILSVRC2012_val_00003732_n03127747,target_1dB,1,CL,A2_fixed,entropy_k2,0.6761109088994365
49,n03220513/ILSVRC2012_val_00006359_n03220513,target_1dB,1,CL,A2_fixed,entropy_k2,0.49102081140637227
50,n03372029/ILSVRC2012_val_00034937_n03372029,target_1dB,1,CL,A2_fixed,entropy_k2,0.657934841394265
51,n03388549/ILSVRC2012_val_00022928_n03388549,target_1dB,1,CL,A2_fixed,entropy_k2,0.3269591385120558
52,n03424325/ILSVRC2012_val_00006147_n03424325,target_1dB,1,CL,A2_fixed,entropy_k2,0.5634054514533621
53,n03447721/ILSVRC2012_val_00006942_n03447721,target_1dB,1,CL,A2_fixed,entropy_k2,0.35308413053004245
54,n03485794/ILSVRC2012_val_00010782_n03485794,target_1dB,1,CL,A2_fixed,entropy_k2,0.4116272883360836
55,n03527444/ILSVRC2012_val_00035251_n03527444,target_1dB,1,CL,A2_fixed,entropy_k2,0.4036911326379565
56,n03584254/ILSVRC2012_val_00016384_n03584254,target_1dB,1,CL,A2_fixed,entropy_k2,0.5160344870236852
57,n03623198/ILSVRC2012_val_00019928_n03623198,target_1dB,1,CL,A2_fixed,entropy_k2,0.4958573381679022
58,n03657121/ILSVRC2012_val_00000359_n03657121,target_1dB,1,CL,A2_fixed,entropy_k2,0.4409760744678542
59,n03706229/ILSVRC2012_val_00017460_n03706229,target_1dB,1,CL,A2_fixed,entropy_k2,0.49182435606517366
60,n03759954/ILSVRC2012_val_00010804_n03759954,target_1dB,1,CL,A2_fixed,entropy_k2,0.4764977892674754
61,n03775071/ILSVRC2012_val_00002420_n03775071,target_1dB,1,CL,A2_fixed,entropy_k2,0.10568887873347692
62,n03782006/ILSVRC2012_val_00004758_n03782006,target_1dB,1,CL,A2_fixed,entropy_k2,0.7202619203604756
63,n03796401/ILSVRC2012_val_00025827_n03796401,target_1dB,1,CL,A2_fixed,entropy_k2,0.5007159362686521
64,n03866082/ILSVRC2012_val_00003554_n03866082,target_1dB,1,CL,A2_fixed,entropy_k2,0.7974511577225355
65,n03876231/ILSVRC2012_val_00022714_n03876231,target_1dB,1,CL,A2_fixed,entropy_k2,0.3466295189932322
66,n03929660/ILSVRC2012_val_00012300_n03929660,target_1dB,1,CL,A2_fixed,entropy_k2,0.4734454374788713
67,n03950228/ILSVRC2012_val_00019039_n03950228,target_1dB,1,CL,A2_fixed,entropy_k2,0.5289612834913834
68,n03977966/ILSVRC2012_val_00027383_n03977966,target_1dB,1,CL,A2_fixed,entropy_k2,0.47235315859882904
69,n03983396/ILSVRC2012_val_00012891_n03983396,target_1dB,1,CL,A2_fixed,entropy_k2,0.37312277423827717
70,n04044716/ILSVRC2012_val_00039752_n04044716,target_1dB,1,CL,A2_fixed,entropy_k2,0.38446225266999384
71,n04067472/ILSVRC2012_val_00007618_n04067472,target_1dB,1,CL,A2_fixed,entropy_k2,0.8294424726418058
72,n04111531/ILSVRC2012_val_00013982_n04111531,target_1dB,1,CL,A2_fixed,entropy_k2,0.2893137194858169
73,n04131690/ILSVRC2012_val_00002728_n04131690,target_1dB,1,CL,A2_fixed,entropy_k2,0.285163120262539
74,n04153751/ILSVRC2012_val_00008426_n04153751,target_1dB,1,CL,A2_fixed,entropy_k2,0.5381063761740333
75,n04204347/ILSVRC2012_val_00018921_n04204347,target_1dB,1,CL,A2_fixed,entropy_k2,0.25060670523842676
76,n04235860/ILSVRC2012_val_00004033_n04235860,target_1dB,1,CL,A2_fixed,entropy_k2,0.43827613896640605
77,n04252077/ILSVRC2012_val_00012989_n04252077,target_1dB,1,CL,A2_fixed,entropy_k2,0.48189319283932047
78,n04310018/ILSVRC2012_val_00003156_n04310018,target_1dB,1,CL,A2_fixed,entropy_k2,0.5009602498062111
79,n04328186/ILSVRC2012_val_00014795_n04328186,target_1dB,1,CL,A2_fixed,entropy_k2,0.07780691408190525
80,n04346328/ILSVRC2012_val_00003305_n04346328,target_1dB,1,CL,A2_fixed,entropy_k2,0.5590211298053155
81,n04357314/ILSVRC2012_val_00009430_n04357314,target_1dB,1,CL,A2_fixed,entropy_k2,0.621879274395734
82,n04371774/ILSVRC2012_val_00030870_n04371774,target_1dB,1,CL,A2_fixed,entropy_k2,0.5808529671982644
83,n04392985/ILSVRC2012_val_00029362_n04392985,target_1dB,1,CL,A2_fixed,entropy_k2,0.5542170758068033
84,n04456115/ILSVRC2012_val_00002331_n04456115,target_1dB,1,CL,A2_fixed,entropy_k2,0.5408798931098807
85,n04485082/ILSVRC2012_val_00000955_n04485082,target_1dB,1,CL,A2_fixed,entropy_k2,0.34746663220474616
86,n04515003/ILSVRC2012_val_00002400_n04515003,target_1dB,1,CL,A2_fixed,entropy_k2,0.5127904319945843
87,n04540053/ILSVRC2012_val_00007665_n04540053,target_1dB,1,CL,A2_fixed,entropy_k2,0.5125921537960303
88,n04560804/ILSVRC2012_val_00029830_n04560804,target_1dB,1,CL,A2_fixed,entropy_k2,0.32366816338254895
89,n04596742/ILSVRC2012_val_00007608_n04596742,target_1dB,1,CL,A2_fixed,entropy_k2,0.39356187115474256
90,n07583066/ILSVRC2012_val_00001378_n07583066,target_1dB,1,CL,A2_fixed,entropy_k2,0.34086988676498003
91,n07590611/ILSVRC2012_val_00030972_n07590611,target_1dB,1,CL,A2_fixed,entropy_k2,0.3686518016820372
92,n07714990/ILSVRC2012_val_00008416_n07714990,target_1dB,1,CL,A2_fixed,entropy_k2,0.4308737923642398
93,n07716906/ILSVRC2012_val_00011140_n07716906,target_1dB,1,CL,A2_fixed,entropy_k2,0.6055466238282511
94,n07720875/ILSVRC2012_val_00000423_n07720875,target_1dB,1,CL,A2_fixed,entropy_k2,0.5872184517035979
95,n07860988/ILSVRC2012_val_00010848_n07860988,target_1dB,1,CL,A2_fixed,entropy_k2,0.6203773282578416
96,n09288635/ILSVRC2012_val_00001270_n09288635,target_1dB,1,CL,A2_fixed,entropy_k2,0.6256014926828194
97,n09468604/ILSVRC2012_val_00030741_n09468604,target_1dB,1,CL,A2_fixed,entropy_k2,0.19355191058501944
98,n11939491/ILSVRC2012_val_00034896_n11939491,target_1dB,1,CL,A2_fixed,entropy_k2,0.24675886082631568
99,n15075141/ILSVRC2012_val_00005846_n15075141,target_1dB,1,CL,A2_fixed,entropy_k2,0.36243433933390773
0,n01440764/ILSVRC2012_val_00003014_n01440764,target_1dB,1,CL,A2_fixed,path_accuracy_k2,0.75
1,n01601694/ILSVRC2012_val_00021656_n01601694,target_1dB,1,CL,A2_fixed,path_accuracy_k2,0.5
2,n01664065/ILSVRC2012_val_00014316_n01664065,target_1dB,1,CL,A2_fixed,path_accuracy_k2,0.6666666666666666
3,n01689811/ILSVRC2012_val_00020598_n01689811,target_1dB,1,CL,A2_fixed,path_accuracy_k2,0.4166666666666667
4,n01735189/ILSVRC2012_val_00006699_n01735189,target_1dB,1,CL,A2_fixed,path_accuracy_k2,0.5833333333333334
5,n01744401/ILSVRC2012_val_00032663_n01744401,target_1dB,1,CL,A2_fixed,path_accuracy_k2,0.4166666666666667
6,n01751748/ILSVRC2012_val_00033157_n01751748,target_1dB,1,CL,A2_fixed,path_accuracy_k2,0.6666666666666666
7,n01775062/ILSVRC2012_val_00036589_n01775062,target_1dB,1,CL,A2_fixed,path_accuracy_k2,0.4166666666666667
8,n01843383/ILSVRC2012_val_00005901_n01843383,target_1dB,1,CL,A2_fixed,path_accuracy_k2,0.4166666666666667
9,n01860187/ILSVRC2012_val_00021594_n01860187,target_1dB,1,CL,A2_fixed,path_accuracy_k2,0.5833333333333334
10,n01882714/ILSVRC2012_val_00019996_n01882714,target_1dB,1,CL,A2_fixed,path_accuracy_k2,0.3333333333333333
11,n01943899/ILSVRC2012_val_00005706_n01943899,target_1dB,1,CL,A2_fixed,path_accuracy_k2,0.25
12,n01955084/ILSVRC2012_val_00001857_n01955084,target_1dB,1,CL,A2_fixed,path_accuracy_k2,0.3333333333333333
13,n01983481/ILSVRC2012_val_00019856_n01983481,target_1dB,1,CL,A2_fixed,path_accuracy_k2,0.75
14,n02013706/ILSVRC2012_val_00003168_n02013706,target_1dB,1,CL,A2_fixed,path_accuracy_k2,0.75
15,n02027492/ILSVRC2012_val_00007524_n02027492,target_1dB,1,CL,A2_fixed,path_accuracy_k2,0.4166666666666667
16,n02088094/ILSVRC2012_val_00005507_n02088094,target_1dB,1,CL,A2_fixed,path_accuracy_k2,0.3333333333333333
17,n02090622/ILSVRC2012_val_00006265_n02090622,target_1dB,1,CL,A2_fixed,path_accuracy_k2,0.25
18,n02096177/ILSVRC2012_val_00019083_n02096177,target_1dB,1,CL,A2_fixed,path_accuracy_k2,0.5833333333333334
19,n02098286/ILSVRC2012_val_00038253_n02098286,target_1dB,1,CL,A2_fixed,path_accuracy_k2,0.5
20,n02102480/ILSVRC2012_val_00010261_n02102480,target_1dB,1,CL,A2_fixed,path_accuracy_k2,0.75
21,n02105641/ILSVRC2012_val_00018762_n02105641,target_1dB,1,CL,A2_fixed,path_accuracy_k2,0.75
22,n02106550/ILSVRC2012_val_00014315_n02106550,target_1dB,1,CL,A2_fixed,path_accuracy_k2,0.5
23,n02107683/ILSVRC2012_val_00010786_n02107683,target_1dB,1,CL,A2_fixed,path_accuracy_k2,0.5833333333333334
24,n02110806/ILSVRC2012_val_00030364_n02110806,target_1dB,1,CL,A2_fixed,path_accuracy_k2,0.5
25,n02113799/ILSVRC2012_val_00007866_n02113799,target_1dB,1,CL,A2_fixed,path_accuracy_k2,0.16666666666666666
26,n02123159/ILSVRC2012_val_00025723_n02123159,target_1dB,1,CL,A2_fixed,path_accuracy_k2,0.4166666666666667
27,n02134084/ILSVRC2012_val_00020332_n02134084,target_1dB,1,CL,A2_fixed,path_accuracy_k2,0.08333333333333333
28,n02168699/ILSVRC2012_val_00040132_n02168699,target_1dB,1,CL,A2_fixed,path_accuracy_k2,0.0
29,n02233338/ILSVRC2012_val_00016160_n02233338,target_1dB,1,CL,A2_fixed,path_accuracy_k2,0.6666666666666666
30,n02264363/ILSVRC2012_val_00027803_n02264363,target_1dB,1,CL,A2_fixed,path_accuracy_k2,0.08333333333333333
31,n02277742/ILSVRC2012_val_00015608_n02277742,target_1dB,1,CL,A2_fixed,path_accuracy_k2,0.5833333333333334
32,n02325366/ILSVRC2012_val_00024858_n02325366,target_1dB,1,CL,A2_fixed,path_accuracy_k2,0.4166666666666667
33,n02398521/ILSVRC2012_val_00018354_n02398521,target_1dB,1,CL,A2_fixed,path_accuracy_k2,0.4166666666666667
34,n02410509/ILSVRC2012_val_00022568_n02410509,target_1dB,1,CL,A2_fixed,path_accuracy_k2,0.4166666666666667
35,n02437312/ILSVRC2012_val_00006245_n02437312,target_1dB,1,CL,A2_fixed,path_accuracy_k2,0.3333333333333333
36,n02486410/ILSVRC2012_val_00009799_n02486410,target_1dB,1,CL,A2_fixed,path_accuracy_k2,0.5
37,n02509815/ILSVRC2012_val_00014423_n02509815,target_1dB,1,CL,A2_fixed,path_accuracy_k2,0.5
38,n02708093/ILSVRC2012_val_00024690_n02708093,target_1dB,1,CL,A2_fixed,path_accuracy_k2,0.3333333333333333
39,n02776631/ILSVRC2012_val_00028186_n02776631,target_1dB,1,CL,A2_fixed,path_accuracy_k2,0.16666666666666666
40,n02788148/ILSVRC2012_val_00012264_n02788148,target_1dB,1,CL,A2_fixed,path_accuracy_k2,0.16666666666666666
41,n02834397/ILSVRC2012_val_00010741_n02834397,target_1dB,1,CL,A2_fixed,path_accuracy_k2,0.25
42,n02841315/ILSVRC2012_val_00014601_n02841315,target_1dB,1,CL,A2_fixed,path_accuracy_k2,0.4166666666666667
43,n02910353/ILSVRC2012_val_00017543_n02910353,target_1dB,1,CL,A2_fixed,path_accuracy_k2,0.3333333333333333
44,n02951585/ILSVRC2012_val_00008336_n02951585,target_1dB,1,CL,A2_fixed,path_accuracy_k2,0.08333333333333333
45,n02980441/ILSVRC2012_val_00023472_n02980441,target_1dB,1,CL,A2_fixed,path_accuracy_k2,0.3333333333333333
46,n03028079/ILSVRC2012_val_00031446_n03028079,target_1dB,1,CL,A2_fixed,path_accuracy_k2,0.16666666666666666
47,n03109150/ILSVRC2012_val_00032588_n03109150,target_1dB,1,CL,A2_fixed,path_accuracy_k2,0.16666666666666666
48,n03127747/ILSVRC2012_val_00003732_n03127747,target_1dB,1,CL,A2_fixed,path_accuracy_k2,0.25
49,n03220513/ILSVRC2012_val_00006359_n03220513,target_1dB,1,CL,A2_fixed,path_accuracy_k2,0.25
50,n03372029/ILSVRC2012_val_00034937_n03372029,target_1dB,1,CL,A2_fixed,path_accuracy_k2,0.16666666666666666
51,n03388549/ILSVRC2012_val_00022928_n03388549,target_1dB,1,CL,A2_fixed,path_accuracy_k2,0.16666666666666666
52,n03424325/ILSVRC2012_val_00006147_n03424325,target_1dB,1,CL,A2_fixed,path_accuracy_k2,0.3333333333333333
53,n03447721/ILSVRC2012_val_00006942_n03447721,target_1dB,1,CL,A2_fixed,path_accuracy_k2,0.25
54,n03485794/ILSVRC2012_val_00010782_n03485794,target_1dB,1,CL,A2_fixed,path_accuracy_k2,0.4166666666666667
55,n03527444/ILSVRC2012_val_00035251_n03527444,target_1dB,1,CL,A2_fixed,path_accuracy_k2,0.25
56,n03584254/ILSVRC2012_val_00016384_n03584254,target_1dB,1,CL,A2_fixed,path_accuracy_k2,0.25
57,n03623198/ILSVRC2012_val_00019928_n03623198,target_1dB,1,CL,A2_fixed,path_accuracy_k2,0.5
58,n03657121/ILSVRC2012_val_00000359_n03657121,target_1dB,1,CL,A2_fixed,path_accuracy_k2,0.5
59,n03706229/ILSVRC2012_val_00017460_n03706229,target_1dB,1,CL,A2_fixed,path_accuracy_k2,0.4166666666666667
60,n03759954/ILSVRC2012_val_00010804_n03759954,target_1dB,1,CL,A2_fixed,path_accuracy_k2,0.4166666666666667
61,n03775071/ILSVRC2012_val_00002420_n03775071,target_1dB,1,CL,A2_fixed,path_accuracy_k2,0.4166666666666667
62,n03782006/ILSVRC2012_val_00004758_n03782006,target_1dB,1,CL,A2_fixed,path_accuracy_k2,0.16666666666666666
63,n03796401/ILSVRC2012_val_00025827_n03796401,target_1dB,1,CL,A2_fixed,path_accuracy_k2,0.16666666666666666
64,n03866082/ILSVRC2012_val_00003554_n03866082,target_1dB,1,CL,A2_fixed,path_accuracy_k2,0.4166666666666667
65,n03876231/ILSVRC2012_val_00022714_n03876231,target_1dB,1,CL,A2_fixed,path_accuracy_k2,0.5
66,n03929660/ILSVRC2012_val_00012300_n03929660,target_1dB,1,CL,A2_fixed,path_accuracy_k2,0.5
67,n03950228/ILSVRC2012_val_00019039_n03950228,target_1dB,1,CL,A2_fixed,path_accuracy_k2,0.4166666666666667
68,n03977966/ILSVRC2012_val_00027383_n03977966,target_1dB,1,CL,A2_fixed,path_accuracy_k2,0.75
69,n03983396/ILSVRC2012_val_00012891_n03983396,target_1dB,1,CL,A2_fixed,path_accuracy_k2,0.5833333333333334
70,n04044716/ILSVRC2012_val_00039752_n04044716,target_1dB,1,CL,A2_fixed,path_accuracy_k2,0.5
71,n04067472/ILSVRC2012_val_00007618_n04067472,target_1dB,1,CL,A2_fixed,path_accuracy_k2,0.16666666666666666
72,n04111531/ILSVRC2012_val_00013982_n04111531,target_1dB,1,CL,A2_fixed,path_accuracy_k2,0.3333333333333333
73,n04131690/ILSVRC2012_val_00002728_n04131690,target_1dB,1,CL,A2_fixed,path_accuracy_k2,0.3333333333333333
74,n04153751/ILSVRC2012_val_00008426_n04153751,target_1dB,1,CL,A2_fixed,path_accuracy_k2,0.6666666666666666
75,n04204347/ILSVRC2012_val_00018921_n04204347,target_1dB,1,CL,A2_fixed,path_accuracy_k2,0.6666666666666666
76,n04235860/ILSVRC2012_val_00004033_n04235860,target_1dB,1,CL,A2_fixed,path_accuracy_k2,0.4166666666666667
77,n04252077/ILSVRC2012_val_00012989_n04252077,target_1dB,1,CL,A2_fixed,path_accuracy_k2,0.75
78,n04310018/ILSVRC2012_val_00003156_n04310018,target_1dB,1,CL,A2_fixed,path_accuracy_k2,0.3333333333333333
79,n04328186/ILSVRC2012_val_00014795_n04328186,target_1dB,1,CL,A2_fixed,path_accuracy_k2,0.5
80,n04346328/ILSVRC2012_val_00003305_n04346328,target_1dB,1,CL,A2_fixed,path_accuracy_k2,0.25
81,n04357314/ILSVRC2012_val_00009430_n04357314,target_1dB,1,CL,A2_fixed,path_accuracy_k2,0.3333333333333333
82,n04371774/ILSVRC2012_val_00030870_n04371774,target_1dB,1,CL,A2_fixed,path_accuracy_k2,0.16666666666666666
83,n04392985/ILSVRC2012_val_00029362_n04392985,target_1dB,1,CL,A2_fixed,path_accuracy_k2,0.5833333333333334
84,n04456115/ILSVRC2012_val_00002331_n04456115,target_1dB,1,CL,A2_fixed,path_accuracy_k2,0.5833333333333334
85,n04485082/ILSVRC2012_val_00000955_n04485082,target_1dB,1,CL,A2_fixed,path_accuracy_k2,0.5
86,n04515003/ILSVRC2012_val_00002400_n04515003,target_1dB,1,CL,A2_fixed,path_accuracy_k2,0.25
87,n04540053/ILSVRC2012_val_00007665_n04540053,target_1dB,1,CL,A2_fixed,path_accuracy_k2,0.3333333333333333
88,n04560804/ILSVRC2012_val_00029830_n04560804,target_1dB,1,CL,A2_fixed,path_accuracy_k2,0.5833333333333334
89,n04596742/ILSVRC2012_val_00007608_n04596742,target_1dB,1,CL,A2_fixed,path_accuracy_k2,0.6666666666666666
90,n07583066/ILSVRC2012_val_00001378_n07583066,target_1dB,1,CL,A2_fixed,path_accuracy_k2,0.4166666666666667
91,n07590611/ILSVRC2012_val_00030972_n07590611,target_1dB,1,CL,A2_fixed,path_accuracy_k2,0.3333333333333333
92,n07714990/ILSVRC2012_val_00008416_n07714990,target_1dB,1,CL,A2_fixed,path_accuracy_k2,0.4166666666666667
93,n07716906/ILSVRC2012_val_00011140_n07716906,target_1dB,1,CL,A2_fixed,path_accuracy_k2,0.5
94,n07720875/ILSVRC2012_val_00000423_n07720875,target_1dB,1,CL,A2_fixed,path_accuracy_k2,0.16666666666666666
95,n07860988/ILSVRC2012_val_00010848_n07860988,target_1dB,1,CL,A2_fixed,path_accuracy_k2,0.25
96,n09288635/ILSVRC2012_val_00001270_n09288635,target_1dB,1,CL,A2_fixed,path_accuracy_k2,0.5833333333333334
97,n09468604/ILSVRC2012_val_00030741_n09468604,target_1dB,1,CL,A2_fixed,path_accuracy_k2,0.4166666666666667
98,n11939491/ILSVRC2012_val_00034896_n11939491,target_1dB,1,CL,A2_fixed,path_accuracy_k2,0.5
99,n15075141/ILSVRC2012_val_00005846_n15075141,target_1dB,1,CL,A2_fixed,path_accuracy_k2,0.4166666666666667
0,n01440764/ILSVRC2012_val_00003014_n01440764,target_1dB,1,CL,A2_fixed,acc_k3,0.25925925925925924
1,n01601694/ILSVRC2012_val_00021656_n01601694,target_1dB,1,CL,A2_fixed,acc_k3,0.25925925925925924
2,n01664065/ILSVRC2012_val_00014316_n01664065,target_1dB,1,CL,A2_fixed,acc_k3,0.1111111111111111
3,n01689811/ILSVRC2012_val_00020598_n01689811,target_1dB,1,CL,A2_fixed,acc_k3,0.07407407407407407
4,n01735189/ILSVRC2012_val_00006699_n01735189,target_1dB,1,CL,A2_fixed,acc_k3,0.14814814814814814
5,n01744401/ILSVRC2012_val_00032663_n01744401,target_1dB,1,CL,A2_fixed,acc_k3,0.2222222222222222
6,n01751748/ILSVRC2012_val_00033157_n01751748,target_1dB,1,CL,A2_fixed,acc_k3,0.22222222222222224
7,n01775062/ILSVRC2012_val_00036589_n01775062,target_1dB,1,CL,A2_fixed,acc_k3,0.1111111111111111
8,n01843383/ILSVRC2012_val_00005901_n01843383,target_1dB,1,CL,A2_fixed,acc_k3,0.07407407407407407
9,n01860187/ILSVRC2012_val_00021594_n01860187,target_1dB,1,CL,A2_fixed,acc_k3,0.14814814814814814
10,n01882714/ILSVRC2012_val_00019996_n01882714,target_1dB,1,CL,A2_fixed,acc_k3,0.07407407407407407
11,n01943899/ILSVRC2012_val_00005706_n01943899,target_1dB,1,CL,A2_fixed,acc_k3,0.1111111111111111
12,n01955084/ILSVRC2012_val_00001857_n01955084,target_1dB,1,CL,A2_fixed,acc_k3,0.07407407407407407
13,n01983481/ILSVRC2012_val_00019856_n01983481,target_1dB,1,CL,A2_fixed,acc_k3,0.14814814814814814
14,n02013706/ILSVRC2012_val_00003168_n02013706,target_1dB,1,CL,A2_fixed,acc_k3,0.1851851851851852
15,n02027492/ILSVRC2012_val_00007524_n02027492,target_1dB,1,CL,A2_fixed,acc_k3,0.07407407407407407
16,n02088094/ILSVRC2012_val_00005507_n02088094,target_1dB,1,CL,A2_fixed,acc_k3,0.14814814814814814
17,n02090622/ILSVRC2012_val_00006265_n02090622,target_1dB,1,CL,A2_fixed,acc_k3,0.037037037037037035
18,n02096177/ILSVRC2012_val_00019083_n02096177,target_1dB,1,CL,A2_fixed,acc_k3,0.07407407407407407
19,n02098286/ILSVRC2012_val_00038253_n02098286,target_1dB,1,CL,A2_fixed,acc_k3,0.14814814814814814
20,n02102480/ILSVRC2012_val_00010261_n02102480,target_1dB,1,CL,A2_fixed,acc_k3,0.14814814814814814
21,n02105641/ILSVRC2012_val_00018762_n02105641,target_1dB,1,CL,A2_fixed,acc_k3,0.1111111111111111
22,n02106550/ILSVRC2012_val_00014315_n02106550,target_1dB,1,CL,A2_fixed,acc_k3,0.2222222222222222
23,n02107683/ILSVRC2012_val_00010786_n02107683,target_1dB,1,CL,A2_fixed,acc_k3,0.1111111111111111
24,n02110806/ILSVRC2012_val_00030364_n02110806,target_1dB,1,CL,A2_fixed,acc_k3,0.1851851851851852
25,n02113799/ILSVRC2012_val_00007866_n02113799,target_1dB,1,CL,A2_fixed,acc_k3,0.14814814814814814
26,n02123159/ILSVRC2012_val_00025723_n02123159,target_1dB,1,CL,A2_fixed,acc_k3,0.1851851851851852
27,n02134084/ILSVRC2012_val_00020332_n02134084,target_1dB,1,CL,A2_fixed,acc_k3,0.14814814814814814
28,n02168699/ILSVRC2012_val_00040132_n02168699,target_1dB,1,CL,A2_fixed,acc_k3,0.1111111111111111
29,n02233338/ILSVRC2012_val_00016160_n02233338,target_1dB,1,CL,A2_fixed,acc_k3,0.25925925925925924
30,n02264363/ILSVRC2012_val_00027803_n02264363,target_1dB,1,CL,A2_fixed,acc_k3,0.07407407407407407
31,n02277742/ILSVRC2012_val_00015608_n02277742,target_1dB,1,CL,A2_fixed,acc_k3,0.2222222222222222
32,n02325366/ILSVRC2012_val_00024858_n02325366,target_1dB,1,CL,A2_fixed,acc_k3,0.1851851851851852
33,n02398521/ILSVRC2012_val_00018354_n02398521,target_1dB,1,CL,A2_fixed,acc_k3,0.1111111111111111
34,n02410509/ILSVRC2012_val_00022568_n02410509,target_1dB,1,CL,A2_fixed,acc_k3,0.1851851851851852
35,n02437312/ILSVRC2012_val_00006245_n02437312,target_1dB,1,CL,A2_fixed,acc_k3,0.07407407407407407
36,n02486410/ILSVRC2012_val_00009799_n02486410,target_1dB,1,CL,A2_fixed,acc_k3,0.2222222222222222
37,n02509815/ILSVRC2012_val_00014423_n02509815,target_1dB,1,CL,A2_fixed,acc_k3,0.1111111111111111
38,n02708093/ILSVRC2012_val_00024690_n02708093,target_1dB,1,CL,A2_fixed,acc_k3,0.1851851851851852
39,n02776631/ILSVRC2012_val_00028186_n02776631,target_1dB,1,CL,A2_fixed,acc_k3,0.14814814814814814
40,n02788148/ILSVRC2012_val_00012264_n02788148,target_1dB,1,CL,A2_fixed,acc_k3,0.07407407407407407
41,n02834397/ILSVRC2012_val_00010741_n02834397,target_1dB,1,CL,A2_fixed,acc_k3,0.07407407407407407
42,n02841315/ILSVRC2012_val_00014601_n02841315,target_1dB,1,CL,A2_fixed,acc_k3,0.1111111111111111
43,n02910353/ILSVRC2012_val_00017543_n02910353,target_1dB,1,CL,A2_fixed,acc_k3,0.1851851851851852
44,n02951585/ILSVRC2012_val_00008336_n02951585,target_1dB,1,CL,A2_fixed,acc_k3,0.037037037037037035
45,n02980441/ILSVRC2012_val_00023472_n02980441,target_1dB,1,CL,A2_fixed,acc_k3,0.037037037037037035
46,n03028079/ILSVRC2012_val_00031446_n03028079,target_1dB,1,CL,A2_fixed,acc_k3,0.037037037037037035
47,n03109150/ILSVRC2012_val_00032588_n03109150,target_1dB,1,CL,A2_fixed,acc_k3,0.1851851851851852
48,n03127747/ILSVRC2012_val_00003732_n03127747,target_1dB,1,CL,A2_fixed,acc_k3,0.1851851851851852
49,n03220513/ILSVRC2012_val_00006359_n03220513,target_1dB,1,CL,A2_fixed,acc_k3,0.1111111111111111
50,n03372029/ILSVRC2012_val_00034937_n03372029,target_1dB,1,CL,A2_fixed,acc_k3,0.14814814814814814
51,n03388549/ILSVRC2012_val_00022928_n03388549,target_1dB,1,CL,A2_fixed,acc_k3,0.07407407407407407
52,n03424325/ILSVRC2012_val_00006147_n03424325,target_1dB,1,CL,A2_fixed,acc_k3,0.1111111111111111
53,n03447721/ILSVRC2012_val_00006942_n03447721,target_1dB,1,CL,A2_fixed,acc_k3,0.14814814814814814
54,n03485794/ILSVRC2012_val_00010782_n03485794,target_1dB,1,CL,A2_fixed,acc_k3,0.1111111111111111
55,n03527444/ILSVRC2012_val_00035251_n03527444,target_1dB,1,CL,A2_fixed,acc_k3,0.07407407407407407
56,n03584254/ILSVRC2012_val_00016384_n03584254,target_1dB,1,CL,A2_fixed,acc_k3,0.1111111111111111
57,n03623198/ILSVRC2012_val_00019928_n03623198,target_1dB,1,CL,A2_fixed,acc_k3,0.1851851851851852
58,n03657121/ILSVRC2012_val_00000359_n03657121,target_1dB,1,CL,A2_fixed,acc_k3,0.037037037037037035
59,n03706229/ILSVRC2012_val_00017460_n03706229,target_1dB,1,CL,A2_fixed,acc_k3,0.1851851851851852
60,n03759954/ILSVRC2012_val_00010804_n03759954,target_1dB,1,CL,A2_fixed,acc_k3,0.07407407407407407
61,n03775071/ILSVRC2012_val_00002420_n03775071,target_1dB,1,CL,A2_fixed,acc_k3,0.1851851851851852
62,n03782006/ILSVRC2012_val_00004758_n03782006,target_1dB,1,CL,A2_fixed,acc_k3,0.0
63,n03796401/ILSVRC2012_val_00025827_n03796401,target_1dB,1,CL,A2_fixed,acc_k3,0.2222222222222222
64,n03866082/ILSVRC2012_val_00003554_n03866082,target_1dB,1,CL,A2_fixed,acc_k3,0.1111111111111111
65,n03876231/ILSVRC2012_val_00022714_n03876231,target_1dB,1,CL,A2_fixed,acc_k3,0.25925925925925924
66,n03929660/ILSVRC2012_val_00012300_n03929660,target_1dB,1,CL,A2_fixed,acc_k3,0.037037037037037035
67,n03950228/ILSVRC2012_val_00019039_n03950228,target_1dB,1,CL,A2_fixed,acc_k3,0.0
68,n03977966/ILSVRC2012_val_00027383_n03977966,target_1dB,1,CL,A2_fixed,acc_k3,0.25925925925925924
69,n03983396/ILSVRC2012_val_00012891_n03983396,target_1dB,1,CL,A2_fixed,acc_k3,0.2962962962962963
70,n04044716/ILSVRC2012_val_00039752_n04044716,target_1dB,1,CL,A2_fixed,acc_k3,0.07407407407407407
71,n04067472/ILSVRC2012_val_00007618_n04067472,target_1dB,1,CL,A2_fixed,acc_k3,0.1851851851851852
72,n04111531/ILSVRC2012_val_00013982_n04111531,target_1dB,1,CL,A2_fixed,acc_k3,0.2222222222222222
73,n04131690/ILSVRC2012_val_00002728_n04131690,target_1dB,1,CL,A2_fixed,acc_k3,0.0
74,n04153751/ILSVRC2012_val_00008426_n04153751,target_1dB,1,CL,A2_fixed,acc_k3,0.0
75,n04204347/ILSVRC2012_val_00018921_n04204347,target_1dB,1,CL,A2_fixed,acc_k3,0.0
76,n04235860/ILSVRC2012_val_00004033_n04235860,target_1dB,1,CL,A2_fixed,acc_k3,0.1851851851851852
77,n04252077/ILSVRC2012_val_00012989_n04252077,target_1dB,1,CL,A2_fixed,acc_k3,0.1111111111111111
78,n04310018/ILSVRC2012_val_00003156_n04310018,target_1dB,1,CL,A2_fixed,acc_k3,0.25925925925925924
79,n04328186/ILSVRC2012_val_00014795_n04328186,target_1dB,1,CL,A2_fixed,acc_k3,0.2222222222222222
80,n04346328/ILSVRC2012_val_00003305_n04346328,target_1dB,1,CL,A2_fixed,acc_k3,0.1851851851851852
81,n04357314/ILSVRC2012_val_00009430_n04357314,target_1dB,1,CL,A2_fixed,acc_k3,0.14814814814814814
82,n04371774/ILSVRC2012_val_00030870_n04371774,target_1dB,1,CL,A2_fixed,acc_k3,0.037037037037037035
83,n04392985/ILSVRC2012_val_00029362_n04392985,target_1dB,1,CL,A2_fixed,acc_k3,0.07407407407407407
84,n04456115/ILSVRC2012_val_00002331_n04456115,target_1dB,1,CL,A2_fixed,acc_k3,0.07407407407407407
85,n04485082/ILSVRC2012_val_00000955_n04485082,target_1dB,1,CL,A2_fixed,acc_k3,0.2222222222222222
86,n04515003/ILSVRC2012_val_00002400_n04515003,target_1dB,1,CL,A2_fixed,acc_k3,0.07407407407407407
87,n04540053/ILSVRC2012_val_00007665_n04540053,target_1dB,1,CL,A2_fixed,acc_k3,0.2222222222222222
88,n04560804/ILSVRC2012_val_00029830_n04560804,target_1dB,1,CL,A2_fixed,acc_k3,0.2962962962962963
89,n04596742/ILSVRC2012_val_00007608_n04596742,target_1dB,1,CL,A2_fixed,acc_k3,0.14814814814814814
90,n07583066/ILSVRC2012_val_00001378_n07583066,target_1dB,1,CL,A2_fixed,acc_k3,0.07407407407407407
91,n07590611/ILSVRC2012_val_00030972_n07590611,target_1dB,1,CL,A2_fixed,acc_k3,0.07407407407407407
92,n07714990/ILSVRC2012_val_00008416_n07714990,target_1dB,1,CL,A2_fixed,acc_k3,0.2222222222222222
93,n07716906/ILSVRC2012_val_00011140_n07716906,target_1dB,1,CL,A2_fixed,acc_k3,0.07407407407407407
94,n07720875/ILSVRC2012_val_00000423_n07720875,target_1dB,1,CL,A2_fixed,acc_k3,0.07407407407407407
95,n07860988/ILSVRC2012_val_00010848_n07860988,target_1dB,1,CL,A2_fixed,acc_k3,0.25925925925925924
96,n09288635/ILSVRC2012_val_00001270_n09288635,target_1dB,1,CL,A2_fixed,acc_k3,0.07407407407407407
97,n09468604/ILSVRC2012_val_00030741_n09468604,target_1dB,1,CL,A2_fixed,acc_k3,0.0
98,n11939491/ILSVRC2012_val_00034896_n11939491,target_1dB,1,CL,A2_fixed,acc_k3,0.2222222222222222
99,n15075141/ILSVRC2012_val_00005846_n15075141,target_1dB,1,CL,A2_fixed,acc_k3,0.1111111111111111
0,n01440764/ILSVRC2012_val_00003014_n01440764,target_1dB,1,CL,A2_fixed,logp_true_k3,-6.474465964989913
1,n01601694/ILSVRC2012_val_00021656_n01601694,target_1dB,1,CL,A2_fixed,logp_true_k3,-6.338816752001919
2,n01664065/ILSVRC2012_val_00014316_n01664065,target_1dB,1,CL,A2_fixed,logp_true_k3,-8.456380325610992
3,n01689811/ILSVRC2012_val_00020598_n01689811,target_1dB,1,CL,A2_fixed,logp_true_k3,-11.503779646423126
4,n01735189/ILSVRC2012_val_00006699_n01735189,target_1dB,1,CL,A2_fixed,logp_true_k3,-8.731046106028197
5,n01744401/ILSVRC2012_val_00032663_n01744401,target_1dB,1,CL,A2_fixed,logp_true_k3,-8.651446654869451
6,n01751748/ILSVRC2012_val_00033157_n01751748,target_1dB,1,CL,A2_fixed,logp_true_k3,-7.1742867752219786
7,n01775062/ILSVRC2012_val_00036589_n01775062,target_1dB,1,CL,A2_fixed,logp_true_k3,-8.328458007838991
8,n01843383/ILSVRC2012_val_00005901_n01843383,target_1dB,1,CL,A2_fixed,logp_true_k3,-11.021698362687822
9,n01860187/ILSVRC2012_val_00021594_n01860187,target_1dB,1,CL,A2_fixed,logp_true_k3,-10.669301771530796
10,n01882714/ILSVRC2012_val_00019996_n01882714,target_1dB,1,CL,A2_fixed,logp_true_k3,-10.676020476346215
11,n01943899/ILSVRC2012_val_00005706_n01943899,target_1dB,1,CL,A2_fixed,logp_true_k3,-7.4107525145928195
12,n01955084/ILSVRC2012_val_00001857_n01955084,target_1dB,1,CL,A2_fixed,logp_true_k3,-9.931231403792346
13,n01983481/ILSVRC2012_val_00019856_n01983481,target_1dB,1,CL,A2_fixed,logp_true_k3,-6.721761073986137
14,n02013706/ILSVRC2012_val_00003168_n02013706,target_1dB,1,CL,A2_fixed,logp_true_k3,-5.672606010403897
15,n02027492/ILSVRC2012_val_00007524_n02027492,target_1dB,1,CL,A2_fixed,logp_true_k3,-10.907951433149046
16,n02088094/ILSVRC2012_val_00005507_n02088094,target_1dB,1,CL,A2_fixed,logp_true_k3,-6.843476175808636
17,n02090622/ILSVRC2012_val_00006265_n02090622,target_1dB,1,CL,A2_fixed,logp_true_k3,-13.890044693593623
18,n02096177/ILSVRC2012_val_00019083_n02096177,target_1dB,1,CL,A2_fixed,logp_true_k3,-8.341241158269069
19,n02098286/ILSVRC2012_val_00038253_n02098286,target_1dB,1,CL,A2_fixed,logp_true_k3,-7.311181956962307
20,n02102480/ILSVRC2012_val_00010261_n02102480,target_1dB,1,CL,A2_fixed,logp_true_k3,-9.595805385584416
21,n02105641/ILSVRC2012_val_00018762_n02105641,target_1dB,1,CL,A2_fixed,logp_true_k3,-5.975527348893659
22,n02106550/ILSVRC2012_val_00014315_n02106550,target_1dB,1,CL,A2_fixed,logp_true_k3,-10.123746936864874
23,n02107683/ILSVRC2012_val_00010786_n02107683,target_1dB,1,CL,A2_fixed,logp_true_k3,-7.731084182858466
24,n02110806/ILSVRC2012_val_00030364_n02110806,target_1dB,1,CL,A2_fixed,logp_true_k3,-5.949364132130355
25,n02113799/ILSVRC2012_val_00007866_n02113799,target_1dB,1,CL,A2_fixed,logp_true_k3,-9.48929147721113
26,n02123159/ILSVRC2012_val_00025723_n02123159,target_1dB,1,CL,A2_fixed,logp_true_k3,-7.43881830462703
27,n02134084/ILSVRC2012_val_00020332_n02134084,target_1dB,1,CL,A2_fixed,logp_true_k3,-11.173802832210505
28,n02168699/ILSVRC2012_val_00040132_n02168699,target_1dB,1,CL,A2_fixed,logp_true_k3,-8.024546706566104
29,n02233338/ILSVRC2012_val_00016160_n02233338,target_1dB,1,CL,A2_fixed,logp_true_k3,-8.565449077489406
30,n02264363/ILSVRC2012_val_00027803_n02264363,target_1dB,1,CL,A2_fixed,logp_true_k3,-11.03330719746925
31,n02277742/ILSVRC2012_val_00015608_n02277742,target_1dB,1,CL,A2_fixed,logp_true_k3,-7.297840116407585
32,n02325366/ILSVRC2012_val_00024858_n02325366,target_1dB,1,CL,A2_fixed,logp_true_k3,-8.434903011756466
33,n02398521/ILSVRC2012_val_00018354_n02398521,target_1dB,1,CL,A2_fixed,logp_true_k3,-7.190313320468973
34,n02410509/ILSVRC2012_val_00022568_n02410509,target_1dB,1,CL,A2_fixed,logp_true_k3,-7.444054183323815
35,n02437312/ILSVRC2012_val_00006245_n02437312,target_1dB,1,CL,A2_fixed,logp_true_k3,-11.013349314586742
36,n02486410/ILSVRC2012_val_00009799_n02486410,target_1dB,1,CL,A2_fixed,logp_true_k3,-6.405152990229436
37,n02509815/ILSVRC2012_val_00014423_n02509815,target_1dB,1,CL,A2_fixed,logp_true_k3,-9.134857922102563
38,n02708093/ILSVRC2012_val_00024690_n02708093,target_1dB,1,CL,A2_fixed,logp_true_k3,-10.700517473742366
39,n02776631/ILSVRC2012_val_00028186_n02776631,target_1dB,1,CL,A2_fixed,logp_true_k3,-8.130336648060215
40,n02788148/ILSVRC2012_val_00012264_n02788148,target_1dB,1,CL,A2_fixed,logp_true_k3,-11.052593913757137
41,n02834397/ILSVRC2012_val_00010741_n02834397,target_1dB,1,CL,A2_fixed,logp_true_k3,-7.983385648992328
42,n02841315/ILSVRC2012_val_00014601_n02841315,target_1dB,1,CL,A2_fixed,logp_true_k3,-8.635536584589216
43,n02910353/ILSVRC2012_val_00017543_n02910353,target_1dB,1,CL,A2_fixed,logp_true_k3,-7.617283135238444
44,n02951585/ILSVRC2012_val_00008336_n02951585,target_1dB,1,CL,A2_fixed,logp_true_k3,-10.580893313443218
45,n02980441/ILSVRC2012_val_00023472_n02980441,target_1dB,1,CL,A2_fixed,logp_true_k3,-10.19781193933967
46,n03028079/ILSVRC2012_val_00031446_n03028079,target_1dB,1,CL,A2_fixed,logp_true_k3,-7.293504053795779
47,n03109150/ILSVRC2012_val_00032588_n03109150,target_1dB,1,CL,A2_fixed,logp_true_k3,-10.007781703439022
48,n03127747/ILSVRC2012_val_00003732_n03127747,target_1dB,1,CL,A2_fixed,logp_true_k3,-7.353846250446858
49,n03220513/ILSVRC2012_val_00006359_n03220513,target_1dB,1,CL,A2_fixed,logp_true_k3,-9.136338151853394
50,n03372029/ILSVRC2012_val_00034937_n03372029,target_1dB,1,CL,A2_fixed,logp_true_k3,-9.382784291274017
51,n03388549/ILSVRC2012_val_00022928_n03388549,target_1dB,1,CL,A2_fixed,logp_true_k3,-11.858618528478674
52,n03424325/ILSVRC2012_val_00006147_n03424325,target_1dB,1,CL,A2_fixed,logp_true_k3,-9.466130364720204
53,n03447721/ILSVRC2012_val_00006942_n03447721,target_1dB,1,CL,A2_fixed,logp_true_k3,-8.126263801617656
54,n03485794/ILSVRC2012_val_00010782_n03485794,target_1dB,1,CL,A2_fixed,logp_true_k3,-10.188134230276637
55,n03527444/ILSVRC2012_val_00035251_n03527444,target_1dB,1,CL,A2_fixed,logp_true_k3,-12.196805055279077
56,n03584254/ILSVRC2012_val_00016384_n03584254,target_1dB,1,CL,A2_fixed,logp_true_k3,-9.437346660211645
57,n03623198/ILSVRC2012_val_00019928_n03623198,target_1dB,1,CL,A2_fixed,logp_true_k3,-8.601029130733675
58,n03657121/ILSVRC2012_val_00000359_n03657121,target_1dB,1,CL,A2_fixed,logp_true_k3,-7.9303466059543455
59,n03706229/ILSVRC2012_val_00017460_n03706229,target_1dB,1,CL,A2_fixed,logp_true_k3,-8.99186122500234
60,n03759954/ILSVRC2012_val_00010804_n03759954,target_1dB,1,CL,A2_fixed,logp_true_k3,-12.37726793859016
61,n03775071/ILSVRC2012_val_00002420_n03775071,target_1dB,1,CL,A2_fixed,logp_true_k3,-10.517160887857985
62,n03782006/ILSVRC2012_val_00004758_n03782006,target_1dB,1,CL,A2_fixed,logp_true_k3,-12.434883126506099
63,n03796401/ILSVRC2012_val_00025827_n03796401,target_1dB,1,CL,A2_fixed,logp_true_k3,-8.778779014967126
64,n03866082/ILSVRC2012_val_00003554_n03866082,target_1dB,1,CL,A2_fixed,logp_true_k3,-11.930998633538062
65,n03876231/ILSVRC2012_val_00022714_n03876231,target_1dB,1,CL,A2_fixed,logp_true_k3,-4.820683320149935
66,n03929660/ILSVRC2012_val_00012300_n03929660,target_1dB,1,CL,A2_fixed,logp_true_k3,-11.09815686058115
67,n03950228/ILSVRC2012_val_00019039_n03950228,target_1dB,1,CL,A2_fixed,logp_true_k3,-13.555104750174062
68,n03977966/ILSVRC2012_val_00027383_n03977966,target_1dB,1,CL,A2_fixed,logp_true_k3,-5.875751025137071
69,n03983396/ILSVRC2012_val_00012891_n03983396,target_1dB,1,CL,A2_fixed,logp_true_k3,-5.659891459403163
70,n04044716/ILSVRC2012_val_00039752_n04044716,target_1dB,1,CL,A2_fixed,logp_true_k3,-6.253505766163234
71,n04067472/ILSVRC2012_val_00007618_n04067472,target_1dB,1,CL,A2_fixed,logp_true_k3,-9.06093872502421
72,n04111531/ILSVRC2012_val_00013982_n04111531,target_1dB,1,CL,A2_fixed,logp_true_k3,-8.200796928670671
73,n04131690/ILSVRC2012_val_00002728_n04131690,target_1dB,1,CL,A2_fixed,logp_true_k3,-10.504291194456593
74,n04153751/ILSVRC2012_val_00008426_n04153751,target_1dB,1,CL,A2_fixed,logp_true_k3,-8.542259516539396
75,n04204347/ILSVRC2012_val_00018921_n04204347,target_1dB,1,CL,A2_fixed,logp_true_k3,-11.419374333487616
76,n04235860/ILSVRC2012_val_00004033_n04235860,target_1dB,1,CL,A2_fixed,logp_true_k3,-11.62503004870046
77,n04252077/ILSVRC2012_val_00012989_n04252077,target_1dB,1,CL,A2_fixed,logp_true_k3,-8.388479812829582
78,n04310018/ILSVRC2012_val_00003156_n04310018,target_1dB,1,CL,A2_fixed,logp_true_k3,-5.148149539766126
79,n04328186/ILSVRC2012_val_00014795_n04328186,target_1dB,1,CL,A2_fixed,logp_true_k3,-9.365361766318529
80,n04346328/ILSVRC2012_val_00003305_n04346328,target_1dB,1,CL,A2_fixed,logp_true_k3,-9.008959345950709
81,n04357314/ILSVRC2012_val_00009430_n04357314,target_1dB,1,CL,A2_fixed,logp_true_k3,-7.09254951494168
82,n04371774/ILSVRC2012_val_00030870_n04371774,target_1dB,1,CL,A2_fixed,logp_true_k3,-9.438742849561903
83,n04392985/ILSVRC2012_val_00029362_n04392985,target_1dB,1,CL,A2_fixed,logp_true_k3,-8.259758121437496
84,n04456115/ILSVRC2012_val_00002331_n04456115,target_1dB,1,CL,A2_fixed,logp_true_k3,-12.034763138051384
85,n04485082/ILSVRC2012_val_00000955_n04485082,target_1dB,1,CL,A2_fixed,logp_true_k3,-7.6209497189632165
86,n04515003/ILSVRC2012_val_00002400_n04515003,target_1dB,1,CL,A2_fixed,logp_true_k3,-9.860160113760719
87,n04540053/ILSVRC2012_val_00007665_n04540053,target_1dB,1,CL,A2_fixed,logp_true_k3,-10.781452560762839
88,n04560804/ILSVRC2012_val_00029830_n04560804,target_1dB,1,CL,A2_fixed,logp_true_k3,-5.277780673728086
89,n04596742/ILSVRC2012_val_00007608_n04596742,target_1dB,1,CL,A2_fixed,logp_true_k3,-6.932608924323209
90,n07583066/ILSVRC2012_val_00001378_n07583066,target_1dB,1,CL,A2_fixed,logp_true_k3,-9.565320868269298
91,n07590611/ILSVRC2012_val_00030972_n07590611,target_1dB,1,CL,A2_fixed,logp_true_k3,-9.513977082791152
92,n07714990/ILSVRC2012_val_00008416_n07714990,target_1dB,1,CL,A2_fixed,logp_true_k3,-8.149772661841578
93,n07716906/ILSVRC2012_val_00011140_n07716906,target_1dB,1,CL,A2_fixed,logp_true_k3,-10.762543062989911
94,n07720875/ILSVRC2012_val_00000423_n07720875,target_1dB,1,CL,A2_fixed,logp_true_k3,-10.157892873717678
95,n07860988/ILSVRC2012_val_00010848_n07860988,target_1dB,1,CL,A2_fixed,logp_true_k3,-8.898260505063702
96,n09288635/ILSVRC2012_val_00001270_n09288635,target_1dB,1,CL,A2_fixed,logp_true_k3,-8.670760811203055
97,n09468604/ILSVRC2012_val_00030741_n09468604,target_1dB,1,CL,A2_fixed,logp_true_k3,-10.53509372693521
98,n11939491/ILSVRC2012_val_00034896_n11939491,target_1dB,1,CL,A2_fixed,logp_true_k3,-9.564372900895115
99,n15075141/ILSVRC2012_val_00005846_n15075141,target_1dB,1,CL,A2_fixed,logp_true_k3,-7.6253205781405855
0,n01440764/ILSVRC2012_val_00003014_n01440764,target_1dB,1,CL,A2_fixed,entropy_k3,0.8654815283975247
1,n01601694/ILSVRC2012_val_00021656_n01601694,target_1dB,1,CL,A2_fixed,entropy_k3,1.0798449503220682
2,n01664065/ILSVRC2012_val_00014316_n01664065,target_1dB,1,CL,A2_fixed,entropy_k3,1.2733357176043383
3,n01689811/ILSVRC2012_val_00020598_n01689811,target_1dB,1,CL,A2_fixed,entropy_k3,1.0432821804672727
4,n01735189/ILSVRC2012_val_00006699_n01735189,target_1dB,1,CL,A2_fixed,entropy_k3,1.214887395593825
5,n01744401/ILSVRC2012_val_00032663_n01744401,target_1dB,1,CL,A2_fixed,entropy_k3,0.8844003201279569
6,n01751748/ILSVRC2012_val_00033157_n01751748,target_1dB,1,CL,A2_fixed,entropy_k3,0.9392289363342782
7,n01775062/ILSVRC2012_val_00036589_n01775062,target_1dB,1,CL,A2_fixed,entropy_k3,1.1779226205841216
8,n01843383/ILSVRC2012_val_00005901_n01843383,target_1dB,1,CL,A2_fixed,entropy_k3,0.9497357685952027
9,n01860187/ILSVRC2012_val_00021594_n01860187,target_1dB,1,CL,A2_fixed,entropy_k3,0.7313758672935918
10,n01882714/ILSVRC2012_val_00019996_n01882714,target_1dB,1,CL,A2_fixed,entropy_k3,1.0648676897611138
11,n01943899/ILSVRC2012_val_00005706_n01943899,target_1dB,1,CL,A2_fixed,entropy_k3,0.9267484608202978
12,n01955084/ILSVRC2012_val_00001857_n01955084,target_1dB,1,CL,A2_fixed,entropy_k3,1.0520026850862696
13,n01983481/ILSVRC2012_val_00019856_n01983481,target_1dB,1,CL,A2_fixed,entropy_k3,0.8591573177525228
14,n02013706/ILSVRC2012_val_00003168_n02013706,target_1dB,1,CL,A2_fixed,entropy_k3,1.2035229219203463
15,n02027492/ILSVRC2012_val_00007524_n02027492,target_1dB,1,CL,A2_fixed,entropy_k3,1.092713256176359
16,n02088094/ILSVRC2012_val_00005507_n02088094,target_1dB,1,CL,A2_fixed,entropy_k3,0.7669145116231535
17,n02090622/ILSVRC2012_val_00006265_n02090622,target_1dB,1,CL,A2_fixed,entropy_k3,1.1278165799896265
18,n02096177/ILSVRC2012_val_00019083_n02096177,target_1dB,1,CL,A2_fixed,entropy_k3,0.9631355125154837
19,n02098286/ILSVRC2012_val_00038253_n02098286,target_1dB,1,CL,A2_fixed,entropy_k3,0.9127937719581737
20,n02102480/ILSVRC2012_val_00010261_n02102480,target_1dB,1,CL,A2_fixed,entropy_k3,1.1545344637530366
21,n02105641/ILSVRC2012_val_00018762_n02105641,target_1dB,1,CL,A2_fixed,entropy_k3,1.3192163493283662
22,n02106550/ILSVRC2012_val_00014315_n02106550,target_1dB,1,CL,A2_fixed,entropy_k3,0.9969599319632114
23,n02107683/ILSVRC2012_val_00010786_n02107683,target_1dB,1,CL,A2_fixed,entropy_k3,1.0607285469838967
24,n02110806/ILSVRC2012_val_00030364_n02110806,target_1dB,1,CL,A2_fixed,entropy_k3,0.8423546421444345
25,n02113799/ILSVRC2012_val_00007866_n02113799,target_1dB,1,CL,A2_fixed,entropy_k3,1.1384222639117547
26,n02123159/ILSVRC2012_val_00025723_n02123159,target_1dB,1,CL,A2_fixed,entropy_k3,0.8329682898919505
27,n02134084/ILSVRC2012_val_00020332_n02134084,target_1dB,1,CL,A2_fixed,entropy_k3,0.6927473806810251
28,n02168699/ILSVRC2012_val_00040132_n02168699,target_1dB,1,CL,A2_fixed,entropy_k3,1.3458505521051594
29,n02233338/ILSVRC2012_val_00016160_n02233338,target_1dB,1,CL,A2_fixed,entropy_k3,0.8124498984608571
30,n02264363/ILSVRC2012_val_00027803_n02264363,target_1dB,1,CL,A2_fixed,entropy_k3,1.153554258002603
31,n02277742/ILSVRC2012_val_00015608_n02277742,target_1dB,1,CL,A2_fixed,entropy_k3,1.124593038904539
32,n02325366/ILSVRC2012_val_00024858_n02325366,target_1dB,1,CL,A2_fixed,entropy_k3,0.8155629193215911
33,n02398521/ILSVRC2012_val_00018354_n02398521,target_1dB,1,CL,A2_fixed,entropy_k3,1.0174555846636333
34,n02410509/ILSVRC2012_val_00022568_n02410509,target_1dB,1,CL,A2_fixed,entropy_k3,1.0112021183576883
35,n02437312/ILSVRC2012_val_00006245_n02437312,target_1dB,1,CL,A2_fixed,entropy_k3,1.0211478665687324
36,n02486410/ILSVRC2012_val_00009799_n02486410,target_1dB,1,CL,A2_fixed,entropy_k3,0.8903771230763019
37,n02509815/ILSVRC2012_val_00014423_n02509815,target_1dB,1,CL,A2_fixed,entropy_k3,1.2556902962429641
38,n02708093/ILSVRC2012_val_00024690_n02708093,target_1dB,1,CL,A2_fixed,entropy_k3,1.0437167988394305
39,n02776631/ILSVRC2012_val_00028186_n02776631,target_1dB,1,CL,A2_fixed,entropy_k3,0.8854960538627986
40,n02788148/ILSVRC2012_val_00012264_n02788148,target_1dB,1,CL,A2_fixed,entropy_k3,0.7986767702699313
41,n02834397/ILSVRC2012_val_00010741_n02834397,target_1dB,1,CL,A2_fixed,entropy_k3,1.2524783118000118
42,n02841315/ILSVRC2012_val_00014601_n02841315,target_1dB,1,CL,A2_fixed,entropy_k3,1.0422272941141835
43,n02910353/ILSVRC2012_val_00017543_n02910353,target_1dB,1,CL,A2_fixed,entropy_k3,1.0179448961499962
44,n02951585/ILSVRC2012_val_00008336_n02951585,target_1dB,1,CL,A2_fixed,entropy_k3,0.9681828463894467
45,n02980441/ILSVRC2012_val_00023472_n02980441,target_1dB,1,CL,A2_fixed,entropy_k3,0.915203980935904
46,n03028079/ILSVRC2012_val_00031446_n03028079,target_1dB,1,CL,A2_fixed,entropy_k3,1.0848309424336329
47,n03109150/ILSVRC2012_val_00032588_n03109150,target_1dB,1,CL,A2_fixed,entropy_k3,1.2906628186668578
48,n03127747/ILSVRC2012_val_00003732_n03127747,target_1dB,1,CL,A2_fixed,entropy_k3,0.9664876697978165
49,n03220513/ILSVRC2012_val_00006359_n03220513,target_1dB,1,CL,A2_fixed,entropy_k3,1.1769882277830783
50,n03372029/ILSVRC2012_val_00034937_n03372029,target_1dB,1,CL,A2_fixed,entropy_k3,1.022697938097717
51,n03388549/ILSVRC2012_val_00022928_n03388549,target_1dB,1,CL,A2_fixed,entropy_k3,0.9341364071033036
52,n03424325/ILSVRC2012_val_00006147_n03424325,target_1dB,1,CL,A2_fixed,entropy_k3,1.1333840303931368
53,n03447721/ILSVRC2012_val_00006942_n03447721,target_1dB,1,CL,A2_fixed,entropy_k3,0.9150942666111422
54,n03485794/ILSVRC2012_val_00010782_n03485794,target_1dB,1,CL,A2_fixed,entropy_k3,1.0217412591057988
55,n03527444/ILSVRC2012_val_00035251_n03527444,target_1dB,1,CL,A2_fixed,entropy_k3,1.1150546600656421
56,n03584254/ILSVRC2012_val_00016384_n03584254,target_1dB,1,CL,A2_fixed,entropy_k3,1.0966398124941081
57,n03623198/ILSVRC2012_val_00019928_n03623198,target_1dB,1,CL,A2_fixed,entropy_k3,0.92023229515339
58,n03657121/ILSVRC2012_val_00000359_n03657121,target_1dB,1,CL,A2_fixed,entropy_k3,1.007754791300883
59,n03706229/ILSVRC2012_val_00017460_n03706229,target_1dB,1,CL,A2_fixed,entropy_k3,1.0040157148810394
60,n03759954/ILSVRC2012_val_00010804_n03759954,target_1dB,1,CL,A2_fixed,entropy_k3,0.7725429797853424
61,n03775071/ILSVRC2012_val_00002420_n03775071,target_1dB,1,CL,A2_fixed,entropy_k3,0.7591550661756991
62,n03782006/ILSVRC2012_val_00004758_n03782006,target_1dB,1,CL,A2_fixed,entropy_k3,0.9393382549535404
63,n03796401/ILSVRC2012_val_00025827_n03796401,target_1dB,1,CL,A2_fixed,entropy_k3,1.048359647300093
64,n03866082/ILSVRC2012_val_00003554_n03866082,target_1dB,1,CL,A2_fixed,entropy_k3,0.6179234841425422
65,n03876231/ILSVRC2012_val_00022714_n03876231,target_1dB,1,CL,A2_fixed,entropy_k3,1.0693117411588977
66,n03929660/ILSVRC2012_val_00012300_n03929660,target_1dB,1,CL,A2_fixed,entropy_k3,1.105398092437056
67,n03950228/ILSVRC2012_val_00019039_n03950228,target_1dB,1,CL,A2_fixed,entropy_k3,0.9135791596990668
68,n03977966/ILSVRC2012_val_00027383_n03977966,target_1dB,1,CL,A2_fixed,entropy_k3,0.893109225651069
69,n03983396/ILSVRC2012_val_00012891_n03983396,target_1dB,1,CL,A2_fixed,entropy_k3,0.8463351246401482
70,n04044716/ILSVRC2012_val_00039752_n04044716,target_1dB,1,CL,A2_fixed,entropy_k3,1.1703358449227577
71,n04067472/ILSVRC2012_val_00007618_n04067472,target_1dB,1,CL,A2_fixed,entropy_k3,0.8387328141154143
72,n04111531/ILSVRC2012_val_00013982_n04111531,target_1dB,1,CL,A2_fixed,entropy_k3,0.9842002225433761
73,n04131690/ILSVRC2012_val_00002728_n04131690,target_1dB,1,CL,A2_fixed,entropy_k3,1.1778199004423315
74,n04153751/ILSVRC2012_val_00008426_n04153751,target_1dB,1,CL,A2_fixed,entropy_k3,1.2869358713363157
75,n04204347/ILSVRC2012_val_00018921_n04204347,target_1dB,1,CL,A2_fixed,entropy_k3,1.0694067047814306
76,n04235860/ILSVRC2012_val_00004033_n04235860,target_1dB,1,CL,A2_fixed,entropy_k3,0.8771211738560041
77,n04252077/ILSVRC2012_val_00012989_n04252077,target_1dB,1,CL,A2_fixed,entropy_k3,1.1465465546610683
78,n04310018/ILSVRC2012_val_00003156_n04310018,target_1dB,1,CL,A2_fixed,entropy_k3,0.7863070345920433
79,n04328186/ILSVRC2012_val_00014795_n04328186,target_1dB,1,CL,A2_fixed,entropy_k3,0.9872146464705108
80,n04346328/ILSVRC2012_val_00003305_n04346328,target_1dB,1,CL,A2_fixed,entropy_k3,0.9195892457150802
81,n04357314/ILSVRC2012_val_00009430_n04357314,target_1dB,1,CL,A2_fixed,entropy_k3,0.6081501810246346
82,n04371774/ILSVRC2012_val_00030870_n04371774,target_1dB,1,CL,A2_fixed,entropy_k3,1.0763105598658127
83,n04392985/ILSVRC2012_val_00029362_n04392985,target_1dB,1,CL,A2_fixed,entropy_k3,1.3561259948146687
84,n04456115/ILSVRC2012_val_00002331_n04456115,target_1dB,1,CL,A2_fixed,entropy_k3,0.9740118244797937
85,n04485082/ILSVRC2012_val_00000955_n04485082,target_1dB,1,CL,A2_fixed,entropy_k3,0.6760791352524281
86,n04515003/ILSVRC2012_val_00002400_n04515003,target_1dB,1,CL,A2_fixed,entropy_k3,1.189612274379548
87,n04540053/ILSVRC2012_val_00007665_n04540053,target_1dB,1,CL,A2_fixed,entropy_k3,1.0043047606418436
88,n04560804/ILSVRC2012_val_00029830_n04560804,target_1dB,1,CL,A2_fixed,entropy_k3,0.7103489283052622
89,n04596742/ILSVRC2012_val_00007608_n04596742,target_1dB,1,CL,A2_fixed,entropy_k3,1.0825035763607518
90,n07583066/ILSVRC2012_val_00001378_n07583066,target_1dB,1,CL,A2_fixed,entropy_k3,1.115352106730992
91,n07590611/ILSVRC2012_val_00030972_n07590611,target_1dB,1,CL,A2_fixed,entropy_k3,1.0035856868908477
92,n07714990/ILSVRC2012_val_00008416_n07714990,target_1dB,1,CL,A2_fixed,entropy_k3,0.9462984704039403
93,n07716906/ILSVRC2012_val_00011140_n07716906,target_1dB,1,CL,A2_fixed,entropy_k3,0.8440892519902657
94,n07720875/ILSVRC2012_val_00000423_n07720875,target_1dB,1,CL,A2_fixed,entropy_k3,0.88377676525117
95,n07860988/ILSVRC2012_val_00010848_n07860988,target_1dB,1,CL,A2_fixed,entropy_k3,0.9760807155862445
96,n09288635/ILSVRC2012_val_00001270_n09288635,target_1dB,1,CL,A2_fixed,entropy_k3,1.3504936931375167
97,n09468604/ILSVRC2012_val_00030741_n09468604,target_1dB,1,CL,A2_fixed,entropy_k3,0.9031700659913823
98,n11939491/ILSVRC2012_val_00034896_n11939491,target_1dB,1,CL,A2_fixed,entropy_k3,0.8965216452358957
99,n15075141/ILSVRC2012_val_00005846_n15075141,target_1dB,1,CL,A2_fixed,entropy_k3,0.7750933286056633
0,n01440764/ILSVRC2012_val_00003014_n01440764,target_1dB,1,CL,A2_fixed,path_accuracy_k3,0.2962962962962963
1,n01601694/ILSVRC2012_val_00021656_n01601694,target_1dB,1,CL,A2_fixed,path_accuracy_k3,0.3333333333333333
2,n01664065/ILSVRC2012_val_00014316_n01664065,target_1dB,1,CL,A2_fixed,path_accuracy_k3,0.1851851851851852
3,n01689811/ILSVRC2012_val_00020598_n01689811,target_1dB,1,CL,A2_fixed,path_accuracy_k3,0.14814814814814814
4,n01735189/ILSVRC2012_val_00006699_n01735189,target_1dB,1,CL,A2_fixed,path_accuracy_k3,0.22222222222222224
5,n01744401/ILSVRC2012_val_00032663_n01744401,target_1dB,1,CL,A2_fixed,path_accuracy_k3,0.14814814814814814
6,n01751748/ILSVRC2012_val_00033157_n01751748,target_1dB,1,CL,A2_fixed,path_accuracy_k3,0.25925925925925924
7,n01775062/ILSVRC2012_val_00036589_n01775062,target_1dB,1,CL,A2_fixed,path_accuracy_k3,0.22222222222222224
8,n01843383/ILSVRC2012_val_00005901_n01843383,target_1dB,1,CL,A2_fixed,path_accuracy_k3,0.25925925925925924
9,n01860187/ILSVRC2012_val_00021594_n01860187,target_1dB,1,CL,A2_fixed,path_accuracy_k3,0.1851851851851852
10,n01882714/ILSVRC2012_val_00019996_n01882714,target_1dB,1,CL,A2_fixed,path_accuracy_k3,0.14814814814814814
11,n01943899/ILSVRC2012_val_00005706_n01943899,target_1dB,1,CL,A2_fixed,path_accuracy_k3,0.3703703703703704
12,n01955084/ILSVRC2012_val_00001857_n01955084,target_1dB,1,CL,A2_fixed,path_accuracy_k3,0.14814814814814814
13,n01983481/ILSVRC2012_val_00019856_n01983481,target_1dB,1,CL,A2_fixed,path_accuracy_k3,0.2222222222222222
14,n02013706/ILSVRC2012_val_00003168_n02013706,target_1dB,1,CL,A2_fixed,path_accuracy_k3,0.1851851851851852
15,n02027492/ILSVRC2012_val_00007524_n02027492,target_1dB,1,CL,A2_fixed,path_accuracy_k3,0.2222222222222222
16,n02088094/ILSVRC2012_val_00005507_n02088094,target_1dB,1,CL,A2_fixed,path_accuracy_k3,0.3333333333333333
17,n02090622/ILSVRC2012_val_00006265_n02090622,target_1dB,1,CL,A2_fixed,path_accuracy_k3,0.1851851851851852
18,n02096177/ILSVRC2012_val_00019083_n02096177,target_1dB,1,CL,A2_fixed,path_accuracy_k3,0.2222222222222222
19,n02098286/ILSVRC2012_val_00038253_n02098286,target_1dB,1,CL,A2_fixed,path_accuracy_k3,0.1851851851851852
20,n02102480/ILSVRC2012_val_00010261_n02102480,target_1dB,1,CL,A2_fixed,path_accuracy_k3,0.25925925925925924
21,n02105641/ILSVRC2012_val_00018762_n02105641,target_1dB,1,CL,A2_fixed,path_accuracy_k3,0.14814814814814814
22,n02106550/ILSVRC2012_val_00014315_n02106550,target_1dB,1,CL,A2_fixed,path_accuracy_k3,0.2222222222222222
23,n02107683/ILSVRC2012_val_00010786_n02107683,target_1dB,1,CL,A2_fixed,path_accuracy_k3,0.2222222222222222
24,n02110806/ILSVRC2012_val_00030364_n02110806,target_1dB,1,CL,A2_fixed,path_accuracy_k3,0.3333333333333333
25,n02113799/ILSVRC2012_val_00007866_n02113799,target_1dB,1,CL,A2_fixed,path_accuracy_k3,0.3333333333333333
26,n02123159/ILSVRC2012_val_00025723_n02123159,target_1dB,1,CL,A2_fixed,path_accuracy_k3,0.1851851851851852
27,n02134084/ILSVRC2012_val_00020332_n02134084,target_1dB,1,CL,A2_fixed,path_accuracy_k3,0.3333333333333333
28,n02168699/ILSVRC2012_val_00040132_n02168699,target_1dB,1,CL,A2_fixed,path_accuracy_k3,0.1851851851851852
29,n02233338/ILSVRC2012_val_00016160_n02233338,target_1dB,1,CL,A2_fixed,path_accuracy_k3,0.4074074074074074
30,n02264363/ILSVRC2012_val_00027803_n02264363,target_1dB,1,CL,A2_fixed,path_accuracy_k3,0.1851851851851852
31,n02277742/ILSVRC2012_val_00015608_n02277742,target_1dB,1,CL,A2_fixed,path_accuracy_k3,0.1851851851851852
32,n02325366/ILSVRC2012_val_00024858_n02325366,target_1dB,1,CL,A2_fixed,path_accuracy_k3,0.1111111111111111
33,n02398521/ILSVRC2012_val_00018354_n02398521,target_1dB,1,CL,A2_fixed,path_accuracy_k3,0.14814814814814814
34,n02410509/ILSVRC2012_val_00022568_n02410509,target_1dB,1,CL,A2_fixed,path_accuracy_k3,0.1851851851851852
35,n02437312/ILSVRC2012_val_00006245_n02437312,target_1dB,1,CL,A2_fixed,path_accuracy_k3,0.3333333333333333
36,n02486410/ILSVRC2012_val_00009799_n02486410,target_1dB,1,CL,A2_fixed,path_accuracy_k3,0.3333333333333333
37,n02509815/ILSVRC2012_val_00014423_n02509815,target_1dB,1,CL,A2_fixed,path_accuracy_k3,0.1851851851851852
38,n02708093/ILSVRC2012_val_00024690_n02708093,target_1dB,1,CL,A2_fixed,path_accuracy_k3,0.1851851851851852
39,n02776631/ILSVRC2012_val_00028186_n02776631,target_1dB,1,CL,A2_fixed,path_accuracy_k3,0.14814814814814814
40,n02788148/ILSVRC2012_val_00012264_n02788148,target_1dB,1,CL,A2_fixed,path_accuracy_k3,0.3703703703703704
41,n02834397/ILSVRC2012_val_00010741_n02834397,target_1dB,1,CL,A2_fixed,path_accuracy_k3,0.1111111111111111
42,n02841315/ILSVRC2012_val_00014601_n02841315,target_1dB,1,CL,A2_fixed,path_accuracy_k3,0.22222222222222224
43,n02910353/ILSVRC2012_val_00017543_n02910353,target_1dB,1,CL,A2_fixed,path_accuracy_k3,0.2962962962962963
44,n02951585/ILSVRC2012_val_00008336_n02951585,target_1dB,1,CL,A2_fixed,path_accuracy_k3,0.4074074074074074
45,n02980441/ILSVRC2012_val_00023472_n02980441,target_1dB,1,CL,A2_fixed,path_accuracy_k3,0.1851851851851852
46,n03028079/ILSVRC2012_val_00031446_n03028079,target_1dB,1,CL,A2_fixed,path_accuracy_k3,0.1851851851851852
47,n03109150/ILSVRC2012_val_00032588_n03109150,target_1dB,1,CL,A2_fixed,path_accuracy_k3,0.25925925925925924
48,n03127747/ILSVRC2012_val_00003732_n03127747,target_1dB,1,CL,A2_fixed,path_accuracy_k3,0.14814814814814814
49,n03220513/ILSVRC2012_val_00006359_n03220513,target_1dB,1,CL,A2_fixed,path_accuracy_k3,0.1851851851851852
50,n03372029/ILSVRC2012_val_00034937_n03372029,target_1dB,1,CL,A2_fixed,path_accuracy_k3,0.2962962962962963
51,n03388549/ILSVRC2012_val_00022928_n03388549,target_1dB,1,CL,A2_fixed,path_accuracy_k3,0.1111111111111111
52,n03424325/ILSVRC2012_val_00006147_n03424325,target_1dB,1,CL,A2_fixed,path_accuracy_k3,0.1851851851851852
53,n03447721/ILSVRC2012_val_00006942_n03447721,target_1dB,1,CL,A2_fixed,path_accuracy_k3,0.2222222222222222
54,n03485794/ILSVRC2012_val_00010782_n03485794,target_1dB,1,CL,A2_fixed,path_accuracy_k3,0.3703703703703703
55,n03527444/ILSVRC2012_val_00035251_n03527444,target_1dB,1,CL,A2_fixed,path_accuracy_k3,0.14814814814814814
56,n03584254/ILSVRC2012_val_00016384_n03584254,target_1dB,1,CL,A2_fixed,path_accuracy_k3,0.22222222222222224
57,n03623198/ILSVRC2012_val_00019928_n03623198,target_1dB,1,CL,A2_fixed,path_accuracy_k3,0.3703703703703704
58,n03657121/ILSVRC2012_val_00000359_n03657121,target_1dB,1,CL,A2_fixed,path_accuracy_k3,0.1851851851851852
59,n03706229/ILSVRC2012_val_00017460_n03706229,target_1dB,1,CL,A2_fixed,path_accuracy_k3,0.25925925925925924
60,n03759954/ILSVRC2012_val_00010804_n03759954,target_1dB,1,CL,A2_fixed,path_accuracy_k3,0.25925925925925924
61,n03775071/ILSVRC2012_val_00002420_n03775071,target_1dB,1,CL,A2_fixed,path_accuracy_k3,0.2962962962962963
62,n03782006/ILSVRC2012_val_00004758_n03782006,target_1dB,1,CL,A2_fixed,path_accuracy_k3,0.14814814814814814
63,n03796401/ILSVRC2012_val_00025827_n03796401,target_1dB,1,CL,A2_fixed,path_accuracy_k3,0.2962962962962963
64,n03866082/ILSVRC2012_val_00003554_n03866082,target_1dB,1,CL,A2_fixed,path_accuracy_k3,0.2222222222222222
65,n03876231/ILSVRC2012_val_00022714_n03876231,target_1dB,1,CL,A2_fixed,path_accuracy_k3,0.25925925925925924
66,n03929660/ILSVRC2012_val_00012300_n03929660,target_1dB,1,CL,A2_fixed,path_accuracy_k3,0.14814814814814814
67,n03950228/ILSVRC2012_val_00019039_n03950228,target_1dB,1,CL,A2_fixed,path_accuracy_k3,0.1111111111111111
68,n03977966/ILSVRC2012_val_00027383_n03977966,target_1dB,1,CL,A2_fixed,path_accuracy_k3,0.1851851851851852
69,n03983396/ILSVRC2012_val_00012891_n03983396,target_1dB,1,CL,A2_fixed,path_accuracy_k3,0.2962962962962963
70,n04044716/ILSVRC2012_val_00039752_n04044716,target_1dB,1,CL,A2_fixed,path_accuracy_k3,0.1111111111111111
71,n04067472/ILSVRC2012_val_00007618_n04067472,target_1dB,1,CL,A2_fixed,path_accuracy_k3,0.3333333333333333
72,n04111531/ILSVRC2012_val_00013982_n04111531,target_1dB,1,CL,A2_fixed,path_accuracy_k3,0.25925925925925924
73,n04131690/ILSVRC2012_val_00002728_n04131690,target_1dB,1,CL,A2_fixed,path_accuracy_k3,0.14814814814814814
74,n04153751/ILSVRC2012_val_00008426_n04153751,target_1dB,1,CL,A2_fixed,path_accuracy_k3,0.07407407407407407
75,n04204347/ILSVRC2012_val_00018921_n04204347,target_1dB,1,CL,A2_fixed,path_accuracy_k3,0.1111111111111111
76,n04235860/ILSVRC2012_val_00004033_n04235860,target_1dB,1,CL,A2_fixed,path_accuracy_k3,0.48148148148148145
77,n04252077/ILSVRC2012_val_00012989_n04252077,target_1dB,1,CL,A2_fixed,path_accuracy_k3,0.14814814814814814
78,n04310018/ILSVRC2012_val_00003156_n04310018,target_1dB,1,CL,A2_fixed,path_accuracy_k3,0.25925925925925924
79,n04328186/ILSVRC2012_val_00014795_n04328186,target_1dB,1,CL,A2_fixed,path_accuracy_k3,0.3703703703703704
80,n04346328/ILSVRC2012_val_00003305_n04346328,target_1dB,1,CL,A2_fixed,path_accuracy_k3,0.25925925925925924
81,n04357314/ILSVRC2012_val_00009430_n04357314,target_1dB,1,CL,A2_fixed,path_accuracy_k3,0.2222222222222222
82,n04371774/ILSVRC2012_val_00030870_n04371774,target_1dB,1,CL,A2_fixed,path_accuracy_k3,0.25925925925925924
83,n04392985/ILSVRC2012_val_00029362_n04392985,target_1dB,1,CL,A2_fixed,path_accuracy_k3,0.07407407407407407
84,n04456115/ILSVRC2012_val_00002331_n04456115,target_1dB,1,CL,A2_fixed,path_accuracy_k3,0.3333333333333333
85,n04485082/ILSVRC2012_val_00000955_n04485082,target_1dB,1,CL,A2_fixed,path_accuracy_k3,0.1851851851851852
86,n04515003/ILSVRC2012_val_00002400_n04515003,target_1dB,1,CL,A2_fixed,path_accuracy_k3,0.14814814814814814
87,n04540053/ILSVRC2012_val_00007665_n04540053,target_1dB,1,CL,A2_fixed,path_accuracy_k3,0.2222222222222222
88,n04560804/ILSVRC2012_val_00029830_n04560804,target_1dB,1,CL,A2_fixed,path_accuracy_k3,0.4444444444444444
89,n04596742/ILSVRC2012_val_00007608_n04596742,target_1dB,1,CL,A2_fixed,path_accuracy_k3,0.1851851851851852
90,n07583066/ILSVRC2012_val_00001378_n07583066,target_1dB,1,CL,A2_fixed,path_accuracy_k3,0.07407407407407407
91,n07590611/ILSVRC2012_val_00030972_n07590611,target_1dB,1,CL,A2_fixed,path_accuracy_k3,0.2222222222222222
92,n07714990/ILSVRC2012_val_00008416_n07714990,target_1dB,1,CL,A2_fixed,path_accuracy_k3,0.1851851851851852
93,n07716906/ILSVRC2012_val_00011140_n07716906,target_1dB,1,CL,A2_fixed,path_accuracy_k3,0.3333333333333333
94,n07720875/ILSVRC2012_val_00000423_n07720875,target_1dB,1,CL,A2_fixed,path_accuracy_k3,0.1851851851851852
95,n07860988/ILSVRC2012_val_00010848_n07860988,target_1dB,1,CL,A2_fixed,path_accuracy_k3,0.2962962962962963
96,n09288635/ILSVRC2012_val_00001270_n09288635,target_1dB,1,CL,A2_fixed,path_accuracy_k3,0.14814814814814814
97,n09468604/ILSVRC2012_val_00030741_n09468604,target_1dB,1,CL,A2_fixed,path_accuracy_k3,0.1851851851851852
98,n11939491/ILSVRC2012_val_00034896_n11939491,target_1dB,1,CL,A2_fixed,path_accuracy_k3,0.3333333333333333
99,n15075141/ILSVRC2012_val_00005846_n15075141,target_1dB,1,CL,A2_fixed,path_accuracy_k3,0.2962962962962963
0,n01440764/ILSVRC2012_val_00003014_n01440764,target_1dB,1,CL,A2_fixed,acc_k4,0.125
1,n01601694/ILSVRC2012_val_00021656_n01601694,target_1dB,1,CL,A2_fixed,acc_k4,0.0
2,n01664065/ILSVRC2012_val_00014316_n01664065,target_1dB,1,CL,A2_fixed,acc_k4,0.020833333333333332
3,n01689811/ILSVRC2012_val_00020598_n01689811,target_1dB,1,CL,A2_fixed,acc_k4,0.125
4,n01735189/ILSVRC2012_val_00006699_n01735189,target_1dB,1,CL,A2_fixed,acc_k4,0.020833333333333332
5,n01744401/ILSVRC2012_val_00032663_n01744401,target_1dB,1,CL,A2_fixed,acc_k4,0.0
6,n01751748/ILSVRC2012_val_00033157_n01751748,target_1dB,1,CL,A2_fixed,acc_k4,0.041666666666666664
7,n01775062/ILSVRC2012_val_00036589_n01775062,target_1dB,1,CL,A2_fixed,acc_k4,0.0625
8,n01843383/ILSVRC2012_val_00005901_n01843383,target_1dB,1,CL,A2_fixed,acc_k4,0.16666666666666666
9,n01860187/ILSVRC2012_val_00021594_n01860187,target_1dB,1,CL,A2_fixed,acc_k4,0.0625
10,n01882714/ILSVRC2012_val_00019996_n01882714,target_1dB,1,CL,A2_fixed,acc_k4,0.08333333333333333
11,n01943899/ILSVRC2012_val_00005706_n01943899,target_1dB,1,CL,A2_fixed,acc_k4,0.0625
12,n01955084/ILSVRC2012_val_00001857_n01955084,target_1dB,1,CL,A2_fixed,acc_k4,0.14583333333333334
13,n01983481/ILSVRC2012_val_00019856_n01983481,target_1dB,1,CL,A2_fixed,acc_k4,0.08333333333333333
14,n02013706/ILSVRC2012_val_00003168_n02013706,target_1dB,1,CL,A2_fixed,acc_k4,0.041666666666666664
15,n02027492/ILSVRC2012_val_00007524_n02027492,target_1dB,1,CL,A2_fixed,acc_k4,0.0625
16,n02088094/ILSVRC2012_val_00005507_n02088094,target_1dB,1,CL,A2_fixed,acc_k4,0.10416666666666667
17,n02090622/ILSVRC2012_val_00006265_n02090622,target_1dB,1,CL,A2_fixed,acc_k4,0.0625
18,n02096177/ILSVRC2012_val_00019083_n02096177,target_1dB,1,CL,A2_fixed,acc_k4,0.041666666666666664
19,n02098286/ILSVRC2012_val_00038253_n02098286,target_1dB,1,CL,A2_fixed,acc_k4,0.08333333333333333
20,n02102480/ILSVRC2012_val_00010261_n02102480,target_1dB,1,CL,A2_fixed,acc_k4,0.08333333333333333
21,n02105641/ILSVRC2012_val_00018762_n02105641,target_1dB,1,CL,A2_fixed,acc_k4,0.041666666666666664
22,n02106550/ILSVRC2012_val_00014315_n02106550,target_1dB,1,CL,A2_fixed,acc_k4,0.125
23,n02107683/ILSVRC2012_val_00010786_n02107683,target_1dB,1,CL,A2_fixed,acc_k4,0.0625
24,n02110806/ILSVRC2012_val_00030364_n02110806,target_1dB,1,CL,A2_fixed,acc_k4,0.020833333333333332
25,n02113799/ILSVRC2012_val_00007866_n02113799,target_1dB,1,CL,A2_fixed,acc_k4,0.0625
26,n02123159/ILSVRC2012_val_00025723_n02123159,target_1dB,1,CL,A2_fixed,acc_k4,0.14583333333333334
27,n02134084/ILSVRC2012_val_00020332_n02134084,target_1dB,1,CL,A2_fixed,acc_k4,0.0625
28,n02168699/ILSVRC2012_val_00040132_n02168699,target_1dB,1,CL,A2_fixed,acc_k4,0.020833333333333332
29,n02233338/ILSVRC2012_val_00016160_n02233338,target_1dB,1,CL,A2_fixed,acc_k4,0.08333333333333333
30,n02264363/ILSVRC2012_val_00027803_n02264363,target_1dB,1,CL,A2_fixed,acc_k4,0.0625
31,n02277742/ILSVRC2012_val_00015608_n02277742,target_1dB,1,CL,A2_fixed,acc_k4,0.14583333333333334
32,n02325366/ILSVRC2012_val_00024858_n02325366,target_1dB,1,CL,A2_fixed,acc_k4,0.0625
33,n02398521/ILSVRC2012_val_00018354_n02398521,target_1dB,1,CL,A2_fixed,acc_k4,0.020833333333333332
34,n02410509/ILSVRC2012_val_00022568_n02410509,target_1dB,1,CL,A2_fixed,acc_k4,0.0625
35,n02437312/ILSVRC2012_val_00006245_n02437312,target_1dB,1,CL,A2_fixed,acc_k4,0.08333333333333333
36,n02486410/ILSVRC2012_val_00009799_n02486410,target_1dB,1,CL,A2_fixed,acc_k4,0.020833333333333332
37,n02509815/ILSVRC2012_val_00014423_n02509815,target_1dB,1,CL,A2_fixed,acc_k4,0.0625
38,n02708093/ILSVRC2012_val_00024690_n02708093,target_1dB,1,CL,A2_fixed,acc_k4,0.1875
39,n02776631/ILSVRC2012_val_00028186_n02776631,target_1dB,1,CL,A2_fixed,acc_k4,0.0
40,n02788148/ILSVRC2012_val_00012264_n02788148,target_1dB,1,CL,A2_fixed,acc_k4,0.020833333333333332
41,n02834397/ILSVRC2012_val_00010741_n02834397,target_1dB,1,CL,A2_fixed,acc_k4,0.125
42,n02841315/ILSVRC2012_val_00014601_n02841315,target_1dB,1,CL,A2_fixed,acc_k4,0.10416666666666667
43,n02910353/ILSVRC2012_val_00017543_n02910353,target_1dB,1,CL,A2_fixed,acc_k4,0.14583333333333334
44,n02951585/ILSVRC2012_val_00008336_n02951585,target_1dB,1,CL,A2_fixed,acc_k4,0.08333333333333333
45,n02980441/ILSVRC2012_val_00023472_n02980441,target_1dB,1,CL,A2_fixed,acc_k4,0.08333333333333333
46,n03028079/ILSVRC2012_val_00031446_n03028079,target_1dB,1,CL,A2_fixed,acc_k4,0.08333333333333333
47,n03109150/ILSVRC2012_val_00032588_n03109150,target_1dB,1,CL,A2_fixed,acc_k4,0.0625
48,n03127747/ILSVRC2012_val_00003732_n03127747,target_1dB,1,CL,A2_fixed,acc_k4,0.10416666666666667
49,n03220513/ILSVRC2012_val_00006359_n03220513,target_1dB,1,CL,A2_fixed,acc_k4,0.08333333333333333
50,n03372029/ILSVRC2012_val_00034937_n03372029,target_1dB,1,CL,A2_fixed,acc_k4,0.125
51,n03388549/ILSVRC2012_val_00022928_n03388549,target_1dB,1,CL,A2_fixed,acc_k4,0.0625
52,n03424325/ILSVRC2012_val_00006147_n03424325,target_1dB,1,CL,A2_fixed,acc_k4,0.16666666666666666
53,n03447721/ILSVRC2012_val_00006942_n03447721,target_1dB,1,CL,A2_fixed,acc_k4,0.125
54,n03485794/ILSVRC2012_val_00010782_n03485794,target_1dB,1,CL,A2_fixed,acc_k4,0.10416666666666667
55,n03527444/ILSVRC2012_val_00035251_n03527444,target_1dB,1,CL,A2_fixed,acc_k4,0.22916666666666666
56,n03584254/ILSVRC2012_val_00016384_n03584254,target_1dB,1,CL,A2_fixed,acc_k4,0.0
57,n03623198/ILSVRC2012_val_00019928_n03623198,target_1dB,1,CL,A2_fixed,acc_k4,0.041666666666666664
58,n03657121/ILSVRC2012_val_00000359_n03657121,target_1dB,1,CL,A2_fixed,acc_k4,0.020833333333333332
59,n03706229/ILSVRC2012_val_00017460_n03706229,target_1dB,1,CL,A2_fixed,acc_k4,0.08333333333333333
60,n03759954/ILSVRC2012_val_00010804_n03759954,target_1dB,1,CL,A2_fixed,acc_k4,0.14583333333333334
61,n03775071/ILSVRC2012_val_00002420_n03775071,target_1dB,1,CL,A2_fixed,acc_k4,0.041666666666666664
62,n03782006/ILSVRC2012_val_00004758_n03782006,target_1dB,1,CL,A2_fixed,acc_k4,0.020833333333333332
63,n03796401/ILSVRC2012_val_00025827_n03796401,target_1dB,1,CL,A2_fixed,acc_k4,0.0625
64,n03866082/ILSVRC2012_val_00003554_n03866082,target_1dB,1,CL,A2_fixed,acc_k4,0.125
65,n03876231/ILSVRC2012_val_00022714_n03876231,target_1dB,1,CL,A2_fixed,acc_k4,0.08333333333333333
66,n03929660/ILSVRC2012_val_00012300_n03929660,target_1dB,1,CL,A2_fixed,acc_k4,0.0
67,n03950228/ILSVRC2012_val_00019039_n03950228,target_1dB,1,CL,A2_fixed,acc_k4,0.0625
68,n03977966/ILSVRC2012_val_00027383_n03977966,target_1dB,1,CL,A2_fixed,acc_k4,0.125
69,n03983396/ILSVRC2012_val_00012891_n03983396,target_1dB,1,CL,A2_fixed,acc_k4,0.041666666666666664
70,n04044716/ILSVRC2012_val_00039752_n04044716,target_1dB,1,CL,A2_fixed,acc_k4,0.0
71,n04067472/ILSVRC2012_val_00007618_n04067472,target_1dB,1,CL,A2_fixed,acc_k4,0.10416666666666667
72,n04111531/ILSVRC2012_val_00013982_n04111531,target_1dB,1,CL,A2_fixed,acc_k4,0.020833333333333332
73,n04131690/ILSVRC2012_val_00002728_n04131690,target_1dB,1,CL,A2_fixed,acc_k4,0.125
74,n04153751/ILSVRC2012_val_00008426_n04153751,target_1dB,1,CL,A2_fixed,acc_k4,0.0625
75,n04204347/ILSVRC2012_val_00018921_n04204347,target_1dB,1,CL,A2_fixed,acc_k4,0.0
76,n04235860/ILSVRC2012_val_00004033_n04235860,target_1dB,1,CL,A2_fixed,acc_k4,0.10416666666666667
77,n04252077/ILSVRC2012_val_00012989_n04252077,target_1dB,1,CL,A2_fixed,acc_k4,0.08333333333333333
78,n04310018/ILSVRC2012_val_00003156_n04310018,target_1dB,1,CL,A2_fixed,acc_k4,0.020833333333333332
79,n04328186/ILSVRC2012_val_00014795_n04328186,target_1dB,1,CL,A2_fixed,acc_k4,0.020833333333333332
80,n04346328/ILSVRC2012_val_00003305_n04346328,target_1dB,1,CL,A2_fixed,acc_k4,0.0625
81,n04357314/ILSVRC2012_val_00009430_n04357314,target_1dB,1,CL,A2_fixed,acc_k4,0.14583333333333334
82,n04371774/ILSVRC2012_val_00030870_n04371774,target_1dB,1,CL,A2_fixed,acc_k4,0.0625
83,n04392985/ILSVRC2012_val_00029362_n04392985,target_1dB,1,CL,A2_fixed,acc_k4,0.08333333333333333
84,n04456115/ILSVRC2012_val_00002331_n04456115,target_1dB,1,CL,A2_fixed,acc_k4,0.08333333333333333
85,n04485082/ILSVRC2012_val_00000955_n04485082,target_1dB,1,CL,A2_fixed,acc_k4,0.041666666666666664
86,n04515003/ILSVRC2012_val_00002400_n04515003,target_1dB,1,CL,A2_fixed,acc_k4,0.125
87,n04540053/ILSVRC2012_val_00007665_n04540053,target_1dB,1,CL,A2_fixed,acc_k4,0.08333333333333333
88,n04560804/ILSVRC2012_val_00029830_n04560804,target_1dB,1,CL,A2_fixed,acc_k4,0.14583333333333334
89,n04596742/ILSVRC2012_val_00007608_n04596742,target_1dB,1,CL,A2_fixed,acc_k4,0.08333333333333333
90,n07583066/ILSVRC2012_val_00001378_n07583066,target_1dB,1,CL,A2_fixed,acc_k4,0.0625
91,n07590611/ILSVRC2012_val_00030972_n07590611,target_1dB,1,CL,A2_fixed,acc_k4,0.08333333333333333
92,n07714990/ILSVRC2012_val_00008416_n07714990,target_1dB,1,CL,A2_fixed,acc_k4,0.125
93,n07716906/ILSVRC2012_val_00011140_n07716906,target_1dB,1,CL,A2_fixed,acc_k4,0.10416666666666667
94,n07720875/ILSVRC2012_val_00000423_n07720875,target_1dB,1,CL,A2_fixed,acc_k4,0.10416666666666667
95,n07860988/ILSVRC2012_val_00010848_n07860988,target_1dB,1,CL,A2_fixed,acc_k4,0.041666666666666664
96,n09288635/ILSVRC2012_val_00001270_n09288635,target_1dB,1,CL,A2_fixed,acc_k4,0.041666666666666664
97,n09468604/ILSVRC2012_val_00030741_n09468604,target_1dB,1,CL,A2_fixed,acc_k4,0.16666666666666666
98,n11939491/ILSVRC2012_val_00034896_n11939491,target_1dB,1,CL,A2_fixed,acc_k4,0.22916666666666666
99,n15075141/ILSVRC2012_val_00005846_n15075141,target_1dB,1,CL,A2_fixed,acc_k4,0.08333333333333333
0,n01440764/ILSVRC2012_val_00003014_n01440764,target_1dB,1,CL,A2_fixed,logp_true_k4,-7.897556009857605
1,n01601694/ILSVRC2012_val_00021656_n01601694,target_1dB,1,CL,A2_fixed,logp_true_k4,-7.775270238518715
2,n01664065/ILSVRC2012_val_00014316_n01664065,target_1dB,1,CL,A2_fixed,logp_true_k4,-8.99743355003496
3,n01689811/ILSVRC2012_val_00020598_n01689811,target_1dB,1,CL,A2_fixed,logp_true_k4,-7.451281296632563
4,n01735189/ILSVRC2012_val_00006699_n01735189,target_1dB,1,CL,A2_fixed,logp_true_k4,-7.437536275014281
5,n01744401/ILSVRC2012_val_00032663_n01744401,target_1dB,1,CL,A2_fixed,logp_true_k4,-9.51592431217432
6,n01751748/ILSVRC2012_val_00033157_n01751748,target_1dB,1,CL,A2_fixed,logp_true_k4,-8.866991423691312
7,n01775062/ILSVRC2012_val_00036589_n01775062,target_1dB,1,CL,A2_fixed,logp_true_k4,-7.981838985035817
8,n01843383/ILSVRC2012_val_00005901_n01843383,target_1dB,1,CL,A2_fixed,logp_true_k4,-7.269921952237685
9,n01860187/ILSVRC2012_val_00021594_n01860187,target_1dB,1,CL,A2_fixed,logp_true_k4,-7.077861608316501
10,n01882714/ILSVRC2012_val_00019996_n01882714,target_1dB,1,CL,A2_fixed,logp_true_k4,-8.685456742697474
11,n01943899/ILSVRC2012_val_00005706_n01943899,target_1dB,1,CL,A2_fixed,logp_true_k4,-7.2506549681226415
12,n01955084/ILSVRC2012_val_00001857_n01955084,target_1dB,1,CL,A2_fixed,logp_true_k4,-7.513032701167201
13,n01983481/ILSVRC2012_val_00019856_n01983481,target_1dB,1,CL,A2_fixed,logp_true_k4,-6.550194340447585
14,n02013706/ILSVRC2012_val_00003168_n02013706,target_1dB,1,CL,A2_fixed,logp_true_k4,-8.04371767009919
15,n02027492/ILSVRC2012_val_00007524_n02027492,target_1dB,1,CL,A2_fixed,logp_true_k4,-7.805258506909013
16,n02088094/ILSVRC2012_val_00005507_n02088094,target_1dB,1,CL,A2_fixed,logp_true_k4,-7.5805057870845
17,n02090622/ILSVRC2012_val_00006265_n02090622,target_1dB,1,CL,A2_fixed,logp_true_k4,-7.45502487771834
18,n02096177/ILSVRC2012_val_00019083_n02096177,target_1dB,1,CL,A2_fixed,logp_true_k4,-6.955483415474494
19,n02098286/ILSVRC2012_val_00038253_n02098286,target_1dB,1,CL,A2_fixed,logp_true_k4,-7.125360291916877
20,n02102480/ILSVRC2012_val_00010261_n02102480,target_1dB,1,CL,A2_fixed,logp_true_k4,-8.150540151633322
21,n02105641/ILSVRC2012_val_00018762_n02105641,target_1dB,1,CL,A2_fixed,logp_true_k4,-8.389301597160133
22,n02106550/ILSVRC2012_val_00014315_n02106550,target_1dB,1,CL,A2_fixed,logp_true_k4,-7.803273408285652
23,n02107683/ILSVRC2012_val_00010786_n02107683,target_1dB,1,CL,A2_fixed,logp_true_k4,-7.142127766584356
24,n02110806/ILSVRC2012_val_00030364_n02110806,target_1dB,1,CL,A2_fixed,logp_true_k4,-8.021899428684264
25,n02113799/ILSVRC2012_val_00007866_n02113799,target_1dB,1,CL,A2_fixed,logp_true_k4,-8.084889297373593
26,n02123159/ILSVRC2012_val_00025723_n02123159,target_1dB,1,CL,A2_fixed,logp_true_k4,-8.704273203853518
27,n02134084/ILSVRC2012_val_00020332_n02134084,target_1dB,1,CL,A2_fixed,logp_true_k4,-8.194873532901207
28,n02168699/ILSVRC2012_val_00040132_n02168699,target_1dB,1,CL,A2_fixed,logp_true_k4,-8.46644603725872
29,n02233338/ILSVRC2012_val_00016160_n02233338,target_1dB,1,CL,A2_fixed,logp_true_k4,-7.6176597601152025
30,n02264363/ILSVRC2012_val_00027803_n02264363,target_1dB,1,CL,A2_fixed,logp_true_k4,-7.713646713644266
31,n02277742/ILSVRC2012_val_00015608_n02277742,target_1dB,1,CL,A2_fixed,logp_true_k4,-8.458846255516013
32,n02325366/ILSVRC2012_val_00024858_n02325366,target_1dB,1,CL,A2_fixed,logp_true_k4,-8.286784674040973
33,n02398521/ILSVRC2012_val_00018354_n02398521,target_1dB,1,CL,A2_fixed,logp_true_k4,-8.596963007003069
34,n02410509/ILSVRC2012_val_00022568_n02410509,target_1dB,1,CL,A2_fixed,logp_true_k4,-7.163062795511602
35,n02437312/ILSVRC2012_val_00006245_n02437312,target_1dB,1,CL,A2_fixed,logp_true_k4,-6.672819327563047
36,n02486410/ILSVRC2012_val_00009799_n02486410,target_1dB,1,CL,A2_fixed,logp_true_k4,-6.683253816911019
37,n02509815/ILSVRC2012_val_00014423_n02509815,target_1dB,1,CL,A2_fixed,logp_true_k4,-7.987674919267495
38,n02708093/ILSVRC2012_val_00024690_n02708093,target_1dB,1,CL,A2_fixed,logp_true_k4,-7.490423552148665
39,n02776631/ILSVRC2012_val_00028186_n02776631,target_1dB,1,CL,A2_fixed,logp_true_k4,-10.159483837584654
40,n02788148/ILSVRC2012_val_00012264_n02788148,target_1dB,1,CL,A2_fixed,logp_true_k4,-8.278634430685392
41,n02834397/ILSVRC2012_val_00010741_n02834397,target_1dB,1,CL,A2_fixed,logp_true_k4,-7.2377770356833935
42,n02841315/ILSVRC2012_val_00014601_n02841315,target_1dB,1,CL,A2_fixed,logp_true_k4,-6.591024752706289
43,n02910353/ILSVRC2012_val_00017543_n02910353,target_1dB,1,CL,A2_fixed,logp_true_k4,-5.358606412398028
44,n02951585/ILSVRC2012_val_00008336_n02951585,target_1dB,1,CL,A2_fixed,logp_true_k4,-8.229827613569796
45,n02980441/ILSVRC2012_val_00023472_n02980441,target_1dB,1,CL,A2_fixed,logp_true_k4,-8.70962731008573
46,n03028079/ILSVRC2012_val_00031446_n03028079,target_1dB,1,CL,A2_fixed,logp_true_k4,-7.954738753847778
47,n03109150/ILSVRC2012_val_00032588_n03109150,target_1dB,1,CL,A2_fixed,logp_true_k4,-8.551281628509363
48,n03127747/ILSVRC2012_val_00003732_n03127747,target_1dB,1,CL,A2_fixed,logp_true_k4,-7.963253369166826
49,n03220513/ILSVRC2012_val_00006359_n03220513,target_1dB,1,CL,A2_fixed,logp_true_k4,-6.784124626467626
50,n03372029/ILSVRC2012_val_00034937_n03372029,target_1dB,1,CL,A2_fixed,logp_true_k4,-7.040199705865234
51,n03388549/ILSVRC2012_val_00022928_n03388549,target_1dB,1,CL,A2_fixed,logp_true_k4,-7.552366121749704
52,n03424325/ILSVRC2012_val_00006147_n03424325,target_1dB,1,CL,A2_fixed,logp_true_k4,-6.214674011881773
53,n03447721/ILSVRC2012_val_00006942_n03447721,target_1dB,1,CL,A2_fixed,logp_true_k4,-7.511569453325744
54,n03485794/ILSVRC2012_val_00010782_n03485794,target_1dB,1,CL,A2_fixed,logp_true_k4,-7.492912612098735
55,n03527444/ILSVRC2012_val_00035251_n03527444,target_1dB,1,CL,A2_fixed,logp_true_k4,-5.976675598739045
56,n03584254/ILSVRC2012_val_00016384_n03584254,target_1dB,1,CL,A2_fixed,logp_true_k4,-8.664992620547613
57,n03623198/ILSVRC2012_val_00019928_n03623198,target_1dB,1,CL,A2_fixed,logp_true_k4,-8.042480586717526
58,n03657121/ILSVRC2012_val_00000359_n03657121,target_1dB,1,CL,A2_fixed,logp_true_k4,-9.407931479314962
59,n03706229/ILSVRC2012_val_00017460_n03706229,target_1dB,1,CL,A2_fixed,logp_true_k4,-7.812307054173782
60,n03759954/ILSVRC2012_val_00010804_n03759954,target_1dB,1,CL,A2_fixed,logp_true_k4,-6.737881180597469
61,n03775071/ILSVRC2012_val_00002420_n03775071,target_1dB,1,CL,A2_fixed,logp_true_k4,-9.276376710583767
62,n03782006/ILSVRC2012_val_00004758_n03782006,target_1dB,1,CL,A2_fixed,logp_true_k4,-9.10396428561459
63,n03796401/ILSVRC2012_val_00025827_n03796401,target_1dB,1,CL,A2_fixed,logp_true_k4,-7.989892559184227
64,n03866082/ILSVRC2012_val_00003554_n03866082,target_1dB,1,CL,A2_fixed,logp_true_k4,-7.445239476122272
65,n03876231/ILSVRC2012_val_00022714_n03876231,target_1dB,1,CL,A2_fixed,logp_true_k4,-7.778728460272153
66,n03929660/ILSVRC2012_val_00012300_n03929660,target_1dB,1,CL,A2_fixed,logp_true_k4,-8.221751607954502
67,n03950228/ILSVRC2012_val_00019039_n03950228,target_1dB,1,CL,A2_fixed,logp_true_k4,-7.656486198131461
68,n03977966/ILSVRC2012_val_00027383_n03977966,target_1dB,1,CL,A2_fixed,logp_true_k4,-6.905067848584925
69,n03983396/ILSVRC2012_val_00012891_n03983396,target_1dB,1,CL,A2_fixed,logp_true_k4,-7.181798818210761
70,n04044716/ILSVRC2012_val_00039752_n04044716,target_1dB,1,CL,A2_fixed,logp_true_k4,-8.067135403553644
71,n04067472/ILSVRC2012_val_00007618_n04067472,target_1dB,1,CL,A2_fixed,logp_true_k4,-7.6141616517367465
72,n04111531/ILSVRC2012_val_00013982_n04111531,target_1dB,1,CL,A2_fixed,logp_true_k4,-6.906029982647548
73,n04131690/ILSVRC2012_val_00002728_n04131690,target_1dB,1,CL,A2_fixed,logp_true_k4,-8.252216760185547
74,n04153751/ILSVRC2012_val_00008426_n04153751,target_1dB,1,CL,A2_fixed,logp_true_k4,-7.3853097287938
75,n04204347/ILSVRC2012_val_00018921_n04204347,target_1dB,1,CL,A2_fixed,logp_true_k4,-9.09158219397068
76,n04235860/ILSVRC2012_val_00004033_n04235860,target_1dB,1,CL,A2_fixed,logp_true_k4,-8.479706631216686
77,n04252077/ILSVRC2012_val_00012989_n04252077,target_1dB,1,CL,A2_fixed,logp_true_k4,-7.117690472087513
78,n04310018/ILSVRC2012_val_00003156_n04310018,target_1dB,1,CL,A2_fixed,logp_true_k4,-8.685327033201853
79,n04328186/ILSVRC2012_val_00014795_n04328186,target_1dB,1,CL,A2_fixed,logp_true_k4,-9.146731801331043
80,n04346328/ILSVRC2012_val_00003305_n04346328,target_1dB,1,CL,A2_fixed,logp_true_k4,-9.03306504523304
81,n04357314/ILSVRC2012_val_00009430_n04357314,target_1dB,1,CL,A2_fixed,logp_true_k4,-7.566267256848126
82,n04371774/ILSVRC2012_val_00030870_n04371774,target_1dB,1,CL,A2_fixed,logp_true_k4,-9.212927110493183
83,n04392985/ILSVRC2012_val_00029362_n04392985,target_1dB,1,CL,A2_fixed,logp_true_k4,-8.15879120343258
84,n04456115/ILSVRC2012_val_00002331_n04456115,target_1dB,1,CL,A2_fixed,logp_true_k4,-7.8825882415597635
85,n04485082/ILSVRC2012_val_00000955_n04485082,target_1dB,1,CL,A2_fixed,logp_true_k4,-7.634241768469413
86,n04515003/ILSVRC2012_val_00002400_n04515003,target_1dB,1,CL,A2_fixed,logp_true_k4,-8.413104336398343
87,n04540053/ILSVRC2012_val_00007665_n04540053,target_1dB,1,CL,A2_fixed,logp_true_k4,-7.59838815680511
88,n04560804/ILSVRC2012_val_00029830_n04560804,target_1dB,1,CL,A2_fixed,logp_true_k4,-6.759480108585194
89,n04596742/ILSVRC2012_val_00007608_n04596742,target_1dB,1,CL,A2_fixed,logp_true_k4,-7.292298408225179
90,n07583066/ILSVRC2012_val_00001378_n07583066,target_1dB,1,CL,A2_fixed,logp_true_k4,-7.789491179709633
91,n07590611/ILSVRC2012_val_00030972_n07590611,target_1dB,1,CL,A2_fixed,logp_true_k4,-7.699861557455733
92,n07714990/ILSVRC2012_val_00008416_n07714990,target_1dB,1,CL,A2_fixed,logp_true_k4,-7.303662922543784
93,n07716906/ILSVRC2012_val_00011140_n07716906,target_1dB,1,CL,A2_fixed,logp_true_k4,-7.71350372301337
94,n07720875/ILSVRC2012_val_00000423_n07720875,target_1dB,1,CL,A2_fixed,logp_true_k4,-8.389361817544946
95,n07860988/ILSVRC2012_val_00010848_n07860988,target_1dB,1,CL,A2_fixed,logp_true_k4,-7.45847281285872
96,n09288635/ILSVRC2012_val_00001270_n09288635,target_1dB,1,CL,A2_fixed,logp_true_k4,-7.771174811913322
97,n09468604/ILSVRC2012_val_00030741_n09468604,target_1dB,1,CL,A2_fixed,logp_true_k4,-7.688914724858478
98,n11939491/ILSVRC2012_val_00034896_n11939491,target_1dB,1,CL,A2_fixed,logp_true_k4,-6.953569696517661
99,n15075141/ILSVRC2012_val_00005846_n15075141,target_1dB,1,CL,A2_fixed,logp_true_k4,-7.082707388714577
0,n01440764/ILSVRC2012_val_00003014_n01440764,target_1dB,1,CL,A2_fixed,entropy_k4,1.4619289551054464
1,n01601694/ILSVRC2012_val_00021656_n01601694,target_1dB,1,CL,A2_fixed,entropy_k4,2.4033649354032183
2,n01664065/ILSVRC2012_val_00014316_n01664065,target_1dB,1,CL,A2_fixed,entropy_k4,1.8300208598856849
3,n01689811/ILSVRC2012_val_00020598_n01689811,target_1dB,1,CL,A2_fixed,entropy_k4,1.8098386675077893
4,n01735189/ILSVRC2012_val_00006699_n01735189,target_1dB,1,CL,A2_fixed,entropy_k4,2.1004652949811544
5,n01744401/ILSVRC2012_val_00032663_n01744401,target_1dB,1,CL,A2_fixed,entropy_k4,2.3127402635491228
6,n01751748/ILSVRC2012_val_00033157_n01751748,target_1dB,1,CL,A2_fixed,entropy_k4,2.147297938137515
7,n01775062/ILSVRC2012_val_00036589_n01775062,target_1dB,1,CL,A2_fixed,entropy_k4,2.0495898638668737
8,n01843383/ILSVRC2012_val_00005901_n01843383,target_1dB,1,CL,A2_fixed,entropy_k4,1.4674825770571498
9,n01860187/ILSVRC2012_val_00021594_n01860187,target_1dB,1,CL,A2_fixed,entropy_k4,1.7238792215592724
10,n01882714/ILSVRC2012_val_00019996_n01882714,target_1dB,1,CL,A2_fixed,entropy_k4,1.6609243437030188
11,n01943899/ILSVRC2012_val_00005706_n01943899,target_1dB,1,CL,A2_fixed,entropy_k4,2.1346906391846217
12,n01955084/ILSVRC2012_val_00001857_n01955084,target_1dB,1,CL,A2_fixed,entropy_k4,1.4602370287420763
13,n01983481/ILSVRC2012_val_00019856_n01983481,target_1dB,1,CL,A2_fixed,entropy_k4,1.4501517076695107
14,n02013706/ILSVRC2012_val_00003168_n02013706,target_1dB,1,CL,A2_fixed,entropy_k4,1.7264765131519597
15,n02027492/ILSVRC2012_val_00007524_n02027492,target_1dB,1,CL,A2_fixed,entropy_k4,1.9565955195574112
16,n02088094/ILSVRC2012_val_00005507_n02088094,target_1dB,1,CL,A2_fixed,entropy_k4,1.9495324155742422
17,n02090622/ILSVRC2012_val_00006265_n02090622,target_1dB,1,CL,A2_fixed,entropy_k4,1.9436105034206215
18,n02096177/ILSVRC2012_val_00019083_n02096177,target_1dB,1,CL,A2_fixed,entropy_k4,2.171817783011455
19,n02098286/ILSVRC2012_val_00038253_n02098286,target_1dB,1,CL,A2_fixed,entropy_k4,2.0927939889695857
20,n02102480/ILSVRC2012_val_00010261_n02102480,target_1dB,1,CL,A2_fixed,entropy_k4,2.122661386406487
21,n02105641/ILSVRC2012_val_00018762_n02105641,target_1dB,1,CL,A2_fixed,entropy_k4,1.811666984310505
22,n02106550/ILSVRC2012_val_00014315_n02106550,target_1dB,1,CL,A2_fixed,entropy_k4,1.7428112652925547
23,n02107683/ILSVRC2012_val_00010786_n02107683,target_1dB,1,CL,A2_fixed,entropy_k4,2.3388614498945515
24,n02110806/ILSVRC2012_val_00030364_n02110806,target_1dB,1,CL,A2_fixed,entropy_k4,1.5333153802818813
25,n02113799/ILSVRC2012_val_00007866_n02113799,target_1dB,1,CL,A2_fixed,entropy_k4,1.741307503680592
26,n02123159/ILSVRC2012_val_00025723_n02123159,target_1dB,1,CL,A2_fixed,entropy_k4,1.8169129515711608
27,n02134084/ILSVRC2012_val_00020332_n02134084,target_1dB,1,CL,A2_fixed,entropy_k4,2.2463448756802005
28,n02168699/ILSVRC2012_val_00040132_n02168699,target_1dB,1,CL,A2_fixed,entropy_k4,2.3692112806629075
29,n02233338/ILSVRC2012_val_00016160_n02233338,target_1dB,1,CL,A2_fixed,entropy_k4,1.8427848334097072
30,n02264363/ILSVRC2012_val_00027803_n02264363,target_1dB,1,CL,A2_fixed,entropy_k4,2.3902404367722183
31,n02277742/ILSVRC2012_val_00015608_n02277742,target_1dB,1,CL,A2_fixed,entropy_k4,1.8253510128045372
32,n02325366/ILSVRC2012_val_00024858_n02325366,target_1dB,1,CL,A2_fixed,entropy_k4,1.8253641728034429
33,n02398521/ILSVRC2012_val_00018354_n02398521,target_1dB,1,CL,A2_fixed,entropy_k4,2.2599209361874255
34,n02410509/ILSVRC2012_val_00022568_n02410509,target_1dB,1,CL,A2_fixed,entropy_k4,2.1031494104386836
35,n02437312/ILSVRC2012_val_00006245_n02437312,target_1dB,1,CL,A2_fixed,entropy_k4,1.8961451508271
36,n02486410/ILSVRC2012_val_00009799_n02486410,target_1dB,1,CL,A2_fixed,entropy_k4,2.06760297973052
37,n02509815/ILSVRC2012_val_00014423_n02509815,target_1dB,1,CL,A2_fixed,entropy_k4,2.245978714448069
38,n02708093/ILSVRC2012_val_00024690_n02708093,target_1dB,1,CL,A2_fixed,entropy_k4,1.7633190108741041
39,n02776631/ILSVRC2012_val_00028186_n02776631,target_1dB,1,CL,A2_fixed,entropy_k4,1.7039657466311642
40,n02788148/ILSVRC2012_val_00012264_n02788148,target_1dB,1,CL,A2_fixed,entropy_k4,1.5332683662546664
41,n02834397/ILSVRC2012_val_00010741_n02834397,target_1dB,1,CL,A2_fixed,entropy_k4,1.8405139237758392
42,n02841315/ILSVRC2012_val_00014601_n02841315,target_1dB,1,CL,A2_fixed,entropy_k4,1.905194163934168
43,n02910353/ILSVRC2012_val_00017543_n02910353,target_1dB,1,CL,A2_fixed,entropy_k4,1.7648868252869991
44,n02951585/ILSVRC2012_val_00008336_n02951585,target_1dB,1,CL,A2_fixed,entropy_k4,2.232162720747848
45,n02980441/ILSVRC2012_val_00023472_n02980441,target_1dB,1,CL,A2_fixed,entropy_k4,1.901174272363635
46,n03028079/ILSVRC2012_val_00031446_n03028079,target_1dB,1,CL,A2_fixed,entropy_k4,1.9642143866864457
47,n03109150/ILSVRC2012_val_00032588_n03109150,target_1dB,1,CL,A2_fixed,entropy_k4,2.404170826758721
48,n03127747/ILSVRC2012_val_00003732_n03127747,target_1dB,1,CL,A2_fixed,entropy_k4,1.8910643125634286
49,n03220513/ILSVRC2012_val_00006359_n03220513,target_1dB,1,CL,A2_fixed,entropy_k4,1.911656680795118
50,n03372029/ILSVRC2012_val_00034937_n03372029,target_1dB,1,CL,A2_fixed,entropy_k4,1.6071053947414236
51,n03388549/ILSVRC2012_val_00022928_n03388549,target_1dB,1,CL,A2_fixed,entropy_k4,1.7513083069298279
52,n03424325/ILSVRC2012_val_00006147_n03424325,target_1dB,1,CL,A2_fixed,entropy_k4,1.5398406537526892
53,n03447721/ILSVRC2012_val_00006942_n03447721,target_1dB,1,CL,A2_fixed,entropy_k4,1.4393377507955118
54,n03485794/ILSVRC2012_val_00010782_n03485794,target_1dB,1,CL,A2_fixed,entropy_k4,2.1016141995084685
55,n03527444/ILSVRC2012_val_00035251_n03527444,target_1dB,1,CL,A2_fixed,entropy_k4,1.8039948347440504
56,n03584254/ILSVRC2012_val_00016384_n03584254,target_1dB,1,CL,A2_fixed,entropy_k4,2.679586011210741
57,n03623198/ILSVRC2012_val_00019928_n03623198,target_1dB,1,CL,A2_fixed,entropy_k4,2.3353572949043504
58,n03657121/ILSVRC2012_val_00000359_n03657121,target_1dB,1,CL,A2_fixed,entropy_k4,2.529579844591906
59,n03706229/ILSVRC2012_val_00017460_n03706229,target_1dB,1,CL,A2_fixed,entropy_k4,2.4230533912862517
60,n03759954/ILSVRC2012_val_00010804_n03759954,target_1dB,1,CL,A2_fixed,entropy_k4,1.7331356992880484
61,n03775071/ILSVRC2012_val_00002420_n03775071,target_1dB,1,CL,A2_fixed,entropy_k4,2.3231726072963363
62,n03782006/ILSVRC2012_val_00004758_n03782006,target_1dB,1,CL,A2_fixed,entropy_k4,2.190598182540875
63,n03796401/ILSVRC2012_val_00025827_n03796401,target_1dB,1,CL,A2_fixed,entropy_k4,1.964704919393504
64,n03866082/ILSVRC2012_val_00003554_n03866082,target_1dB,1,CL,A2_fixed,entropy_k4,1.6462570925914217
65,n03876231/ILSVRC2012_val_00022714_n03876231,target_1dB,1,CL,A2_fixed,entropy_k4,2.0784142851759464
66,n03929660/ILSVRC2012_val_00012300_n03929660,target_1dB,1,CL,A2_fixed,entropy_k4,2.4745850348936616
67,n03950228/ILSVRC2012_val_00019039_n03950228,target_1dB,1,CL,A2_fixed,entropy_k4,2.062165311804177
68,n03977966/ILSVRC2012_val_00027383_n03977966,target_1dB,1,CL,A2_fixed,entropy_k4,1.6498948233092385
69,n03983396/ILSVRC2012_val_00012891_n03983396,target_1dB,1,CL,A2_fixed,entropy_k4,1.8225671961520513
70,n04044716/ILSVRC2012_val_00039752_n04044716,target_1dB,1,CL,A2_fixed,entropy_k4,2.5575865729561875
71,n04067472/ILSVRC2012_val_00007618_n04067472,target_1dB,1,CL,A2_fixed,entropy_k4,1.6941262699324717
72,n04111531/ILSVRC2012_val_00013982_n04111531,target_1dB,1,CL,A2_fixed,entropy_k4,1.8867827345247334
73,n04131690/ILSVRC2012_val_00002728_n04131690,target_1dB,1,CL,A2_fixed,entropy_k4,1.9541269351647357
74,n04153751/ILSVRC2012_val_00008426_n04153751,target_1dB,1,CL,A2_fixed,entropy_k4,2.7596976181091253
75,n04204347/ILSVRC2012_val_00018921_n04204347,target_1dB,1,CL,A2_fixed,entropy_k4,2.306789877420753
76,n04235860/ILSVRC2012_val_00004033_n04235860,target_1dB,1,CL,A2_fixed,entropy_k4,1.5876294669043363
77,n04252077/ILSVRC2012_val_00012989_n04252077,target_1dB,1,CL,A2_fixed,entropy_k4,2.0363519755127695
78,n04310018/ILSVRC2012_val_00003156_n04310018,target_1dB,1,CL,A2_fixed,entropy_k4,1.8304556001757817
79,n04328186/ILSVRC2012_val_00014795_n04328186,target_1dB,1,CL,A2_fixed,entropy_k4,2.1246887704741724
80,n04346328/ILSVRC2012_val_00003305_n04346328,target_1dB,1,CL,A2_fixed,entropy_k4,1.6579299786231871
81,n04357314/ILSVRC2012_val_00009430_n04357314,target_1dB,1,CL,A2_fixed,entropy_k4,1.7470637236301645
82,n04371774/ILSVRC2012_val_00030870_n04371774,target_1dB,1,CL,A2_fixed,entropy_k4,2.170668636666678
83,n04392985/ILSVRC2012_val_00029362_n04392985,target_1dB,1,CL,A2_fixed,entropy_k4,1.9443613839012786
84,n04456115/ILSVRC2012_val_00002331_n04456115,target_1dB,1,CL,A2_fixed,entropy_k4,1.7907162985326863
85,n04485082/ILSVRC2012_val_00000955_n04485082,target_1dB,1,CL,A2_fixed,entropy_k4,1.74596880400569
86,n04515003/ILSVRC2012_val_00002400_n04515003,target_1dB,1,CL,A2_fixed,entropy_k4,2.054730880622701
87,n04540053/ILSVRC2012_val_00007665_n04540053,target_1dB,1,CL,A2_fixed,entropy_k4,1.5765188298580597
88,n04560804/ILSVRC2012_val_00029830_n04560804,target_1dB,1,CL,A2_fixed,entropy_k4,1.4943497951052718
89,n04596742/ILSVRC2012_val_00007608_n04596742,target_1dB,1,CL,A2_fixed,entropy_k4,1.8683134219744026
90,n07583066/ILSVRC2012_val_00001378_n07583066,target_1dB,1,CL,A2_fixed,entropy_k4,1.6140910521329888
91,n07590611/ILSVRC2012_val_00030972_n07590611,target_1dB,1,CL,A2_fixed,entropy_k4,1.6783783996101214
92,n07714990/ILSVRC2012_val_00008416_n07714990,target_1dB,1,CL,A2_fixed,entropy_k4,1.8254777998704705
93,n07716906/ILSVRC2012_val_00011140_n07716906,target_1dB,1,CL,A2_fixed,entropy_k4,1.7597669198867472
94,n07720875/ILSVRC2012_val_00000423_n07720875,target_1dB,1,CL,A2_fixed,entropy_k4,1.7342900034353714
95,n07860988/ILSVRC2012_val_00010848_n07860988,target_1dB,1,CL,A2_fixed,entropy_k4,1.9235063502582692
96,n09288635/ILSVRC2012_val_00001270_n09288635,target_1dB,1,CL,A2_fixed,entropy_k4,2.3152214128556228
97,n09468604/ILSVRC2012_val_00030741_n09468604,target_1dB,1,CL,A2_fixed,entropy_k4,1.7755891303157345
98,n11939491/ILSVRC2012_val_00034896_n11939491,target_1dB,1,CL,A2_fixed,entropy_k4,1.712430432034984
99,n15075141/ILSVRC2012_val_00005846_n15075141,target_1dB,1,CL,A2_fixed,entropy_k4,1.8690186563554534
0,n01440764/ILSVRC2012_val_00003014_n01440764,target_1dB,1,CL,A2_fixed,path_accuracy_k4,0.22916666666666666
1,n01601694/ILSVRC2012_val_00021656_n01601694,target_1dB,1,CL,A2_fixed,path_accuracy_k4,0.10416666666666667
2,n01664065/ILSVRC2012_val_00014316_n01664065,target_1dB,1,CL,A2_fixed,path_accuracy_k4,0.020833333333333332
3,n01689811/ILSVRC2012_val_00020598_n01689811,target_1dB,1,CL,A2_fixed,path_accuracy_k4,0.16666666666666666
4,n01735189/ILSVRC2012_val_00006699_n01735189,target_1dB,1,CL,A2_fixed,path_accuracy_k4,0.10416666666666667
5,n01744401/ILSVRC2012_val_00032663_n01744401,target_1dB,1,CL,A2_fixed,path_accuracy_k4,0.0625
6,n01751748/ILSVRC2012_val_00033157_n01751748,target_1dB,1,CL,A2_fixed,path_accuracy_k4,0.020833333333333332
7,n01775062/ILSVRC2012_val_00036589_n01775062,target_1dB,1,CL,A2_fixed,path_accuracy_k4,0.0625
8,n01843383/ILSVRC2012_val_00005901_n01843383,target_1dB,1,CL,A2_fixed,path_accuracy_k4,0.14583333333333334
9,n01860187/ILSVRC2012_val_00021594_n01860187,target_1dB,1,CL,A2_fixed,path_accuracy_k4,0.125
10,n01882714/ILSVRC2012_val_00019996_n01882714,target_1dB,1,CL,A2_fixed,path_accuracy_k4,0.16666666666666666
11,n01943899/ILSVRC2012_val_00005706_n01943899,target_1dB,1,CL,A2_fixed,path_accuracy_k4,0.125
12,n01955084/ILSVRC2012_val_00001857_n01955084,target_1dB,1,CL,A2_fixed,path_accuracy_k4,0.20833333333333334
13,n01983481/ILSVRC2012_val_00019856_n01983481,target_1dB,1,CL,A2_fixed,path_accuracy_k4,0.125
14,n02013706/ILSVRC2012_val_00003168_n02013706,target_1dB,1,CL,A2_fixed,path_accuracy_k4,0.14583333333333334
15,n02027492/ILSVRC2012_val_00007524_n02027492,target_1dB,1,CL,A2_fixed,path_accuracy_k4,0.020833333333333332
16,n02088094/ILSVRC2012_val_00005507_n02088094,target_1dB,1,CL,A2_fixed,path_accuracy_k4,0.125
17,n02090622/ILSVRC2012_val_00006265_n02090622,target_1dB,1,CL,A2_fixed,path_accuracy_k4,0.08333333333333333
18,n02096177/ILSVRC2012_val_00019083_n02096177,target_1dB,1,CL,A2_fixed,path_accuracy_k4,0.041666666666666664
19,n02098286/ILSVRC2012_val_00038253_n02098286,target_1dB,1,CL,A2_fixed,path_accuracy_k4,0.1875
20,n02102480/ILSVRC2012_val_00010261_n02102480,target_1dB,1,CL,A2_fixed,path_accuracy_k4,0.08333333333333333
21,n02105641/ILSVRC2012_val_00018762_n02105641,target_1dB,1,CL,A2_fixed,path_accuracy_k4,0.08333333333333333
22,n02106550/ILSVRC2012_val_00014315_n02106550,target_1dB,1,CL,A2_fixed,path_accuracy_k4,0.2708333333333333
23,n02107683/ILSVRC2012_val_00010786_n02107683,target_1dB,1,CL,A2_fixed,path_accuracy_k4,0.041666666666666664
24,n02110806/ILSVRC2012_val_00030364_n02110806,target_1dB,1,CL,A2_fixed,path_accuracy_k4,0.14583333333333334
25,n02113799/ILSVRC2012_val_00007866_n02113799,target_1dB,1,CL,A2_fixed,path_accuracy_k4,0.10416666666666667
26,n02123159/ILSVRC2012_val_00025723_n02123159,target_1dB,1,CL,A2_fixed,path_accuracy_k4,0.16666666666666666
27,n02134084/ILSVRC2012_val_00020332_n02134084,target_1dB,1,CL,A2_fixed,path_accuracy_k4,0.041666666666666664
28,n02168699/ILSVRC2012_val_00040132_n02168699,target_1dB,1,CL,A2_fixed,path_accuracy_k4,0.10416666666666667
29,n02233338/ILSVRC2012_val_00016160_n02233338,target_1dB,1,CL,A2_fixed,path_accuracy_k4,0.10416666666666667
30,n02264363/ILSVRC2012_val_00027803_n02264363,target_1dB,1,CL,A2_fixed,path_accuracy_k4,0.10416666666666667
31,n02277742/ILSVRC2012_val_00015608_n02277742,target_1dB,1,CL,A2_fixed,path_accuracy_k4,0.10416666666666667
32,n02325366/ILSVRC2012_val_00024858_n02325366,target_1dB,1,CL,A2_fixed,path_accuracy_k4,0.125
33,n02398521/ILSVRC2012_val_00018354_n02398521,target_1dB,1,CL,A2_fixed,path_accuracy_k4,0.020833333333333332
34,n02410509/ILSVRC2012_val_00022568_n02410509,target_1dB,1,CL,A2_fixed,path_accuracy_k4,0.041666666666666664
35,n02437312/ILSVRC2012_val_00006245_n02437312,target_1dB,1,CL,A2_fixed,path_accuracy_k4,0.08333333333333333
36,n02486410/ILSVRC2012_val_00009799_n02486410,target_1dB,1,CL,A2_fixed,path_accuracy_k4,0.14583333333333334
37,n02509815/ILSVRC2012_val_00014423_n02509815,target_1dB,1,CL,A2_fixed,path_accuracy_k4,0.14583333333333334
38,n02708093/ILSVRC2012_val_00024690_n02708093,target_1dB,1,CL,A2_fixed,path_accuracy_k4,0.125
39,n02776631/ILSVRC2012_val_00028186_n02776631,target_1dB,1,CL,A2_fixed,path_accuracy_k4,0.0625
40,n02788148/ILSVRC2012_val_00012264_n02788148,target_1dB,1,CL,A2_fixed,path_accuracy_k4,0.125
41,n02834397/ILSVRC2012_val_00010741_n02834397,target_1dB,1,CL,A2_fixed,path_accuracy_k4,0.25
42,n02841315/ILSVRC2012_val_00014601_n02841315,target_1dB,1,CL,A2_fixed,path_accuracy_k4,0.1875
43,n02910353/ILSVRC2012_val_00017543_n02910353,target_1dB,1,CL,A2_fixed,path_accuracy_k4,0.1875
44,n02951585/ILSVRC2012_val_00008336_n02951585,target_1dB,1,CL,A2_fixed,path_accuracy_k4,0.16666666666666666
45,n02980441/ILSVRC2012_val_00023472_n02980441,target_1dB,1,CL,A2_fixed,path_accuracy_k4,0.14583333333333334
46,n03028079/ILSVRC2012_val_00031446_n03028079,target_1dB,1,CL,A2_fixed,path_accuracy_k4,0.20833333333333334
47,n03109150/ILSVRC2012_val_00032588_n03109150,target_1dB,1,CL,A2_fixed,path_accuracy_k4,0.041666666666666664
48,n03127747/ILSVRC2012_val_00003732_n03127747,target_1dB,1,CL,A2_fixed,path_accuracy_k4,0.0625
49,n03220513/ILSVRC2012_val_00006359_n03220513,target_1dB,1,CL,A2_fixed,path_accuracy_k4,0.0625
50,n03372029/ILSVRC2012_val_00034937_n03372029,target_1dB,1,CL,A2_fixed,path_accuracy_k4,0.10416666666666667
51,n03388549/ILSVRC2012_val_00022928_n03388549,target_1dB,1,CL,A2_fixed,path_accuracy_k4,0.25
52,n03424325/ILSVRC2012_val_00006147_n03424325,target_1dB,1,CL,A2_fixed,path_accuracy_k4,0.25
53,n03447721/ILSVRC2012_val_00006942_n03447721,target_1dB,1,CL,A2_fixed,path_accuracy_k4,0.14583333333333334
54,n03485794/ILSVRC2012_val_00010782_n03485794,target_1dB,1,CL,A2_fixed,path_accuracy_k4,0.041666666666666664
55,n03527444/ILSVRC2012_val_00035251_n03527444,target_1dB,1,CL,A2_fixed,path_accuracy_k4,0.2708333333333333
56,n03584254/ILSVRC2012_val_00016384_n03584254,target_1dB,1,CL,A2_fixed,path_accuracy_k4,0.08333333333333333
57,n03623198/ILSVRC2012_val_00019928_n03623198,target_1dB,1,CL,A2_fixed,path_accuracy_k4,0.125
58,n03657121/ILSVRC2012_val_00000359_n03657121,target_1dB,1,CL,A2_fixed,path_accuracy_k4,0.041666666666666664
59,n03706229/ILSVRC2012_val_00017460_n03706229,target_1dB,1,CL,A2_fixed,path_accuracy_k4,0.0625
60,n03759954/ILSVRC2012_val_00010804_n03759954,target_1dB,1,CL,A2_fixed,path_accuracy_k4,0.1875
61,n03775071/ILSVRC2012_val_00002420_n03775071,target_1dB,1,CL,A2_fixed,path_accuracy_k4,0.0625
62,n03782006/ILSVRC2012_val_00004758_n03782006,target_1dB,1,CL,A2_fixed,path_accuracy_k4,0.125
63,n03796401/ILSVRC2012_val_00025827_n03796401,target_1dB,1,CL,A2_fixed,path_accuracy_k4,0.16666666666666666
64,n03866082/ILSVRC2012_val_00003554_n03866082,target_1dB,1,CL,A2_fixed,path_accuracy_k4,0.125
65,n03876231/ILSVRC2012_val_00022714_n03876231,target_1dB,1,CL,A2_fixed,path_accuracy_k4,0.16666666666666666
66,n03929660/ILSVRC2012_val_00012300_n03929660,target_1dB,1,CL,A2_fixed,path_accuracy_k4,0.125
67,n03950228/ILSVRC2012_val_00019039_n03950228,target_1dB,1,CL,A2_fixed,path_accuracy_k4,0.14583333333333334
68,n03977966/ILSVRC2012_val_00027383_n03977966,target_1dB,1,CL,A2_fixed,path_accuracy_k4,0.20833333333333334
69,n03983396/ILSVRC2012_val_00012891_n03983396,target_1dB,1,CL,A2_fixed,path_accuracy_k4,0.16666666666666666
70,n04044716/ILSVRC2012_val_00039752_n04044716,target_1dB,1,CL,A2_fixed,path_accuracy_k4,0.020833333333333332
71,n04067472/ILSVRC2012_val_00007618_n04067472,target_1dB,1,CL,A2_fixed,path_accuracy_k4,0.25
72,n04111531/ILSVRC2012_val_00013982_n04111531,target_1dB,1,CL,A2_fixed,path_accuracy_k4,0.10416666666666667
73,n04131690/ILSVRC2012_val_00002728_n04131690,target_1dB,1,CL,A2_fixed,path_accuracy_k4,0.20833333333333334
74,n04153751/ILSVRC2012_val_00008426_n04153751,target_1dB,1,CL,A2_fixed,path_accuracy_k4,0.041666666666666664
75,n04204347/ILSVRC2012_val_00018921_n04204347,target_1dB,1,CL,A2_fixed,path_accuracy_k4,0.041666666666666664
76,n04235860/ILSVRC2012_val_00004033_n04235860,target_1dB,1,CL,A2_fixed,path_accuracy_k4,0.22916666666666666
77,n04252077/ILSVRC2012_val_00012989_n04252077,target_1dB,1,CL,A2_fixed,path_accuracy_k4,0.125
78,n04310018/ILSVRC2012_val_00003156_n04310018,target_1dB,1,CL,A2_fixed,path_accuracy_k4,0.14583333333333334
79,n04328186/ILSVRC2012_val_00014795_n04328186,target_1dB,1,CL,A2_fixed,path_accuracy_k4,0.14583333333333334
80,n04346328/ILSVRC2012_val_00003305_n04346328,target_1dB,1,CL,A2_fixed,path_accuracy_k4,0.125
81,n04357314/ILSVRC2012_val_00009430_n04357314,target_1dB,1,CL,A2_fixed,path_accuracy_k4,0.125
82,n04371774/ILSVRC2012_val_00030870_n04371774,target_1dB,1,CL,A2_fixed,path_accuracy_k4,0.08333333333333333
83,n04392985/ILSVRC2012_val_00029362_n04392985,target_1dB,1,CL,A2_fixed,path_accuracy_k4,0.20833333333333334
84,n04456115/ILSVRC2012_val_00002331_n04456115,target_1dB,1,CL,A2_fixed,path_accuracy_k4,0.14583333333333334
85,n04485082/ILSVRC2012_val_00000955_n04485082,target_1dB,1,CL,A2_fixed,path_accuracy_k4,0.125
86,n04515003/ILSVRC2012_val_00002400_n04515003,target_1dB,1,CL,A2_fixed,path_accuracy_k4,0.10416666666666667
87,n04540053/ILSVRC2012_val_00007665_n04540053,target_1dB,1,CL,A2_fixed,path_accuracy_k4,0.125
88,n04560804/ILSVRC2012_val_00029830_n04560804,target_1dB,1,CL,A2_fixed,path_accuracy_k4,0.16666666666666666
89,n04596742/ILSVRC2012_val_00007608_n04596742,target_1dB,1,CL,A2_fixed,path_accuracy_k4,0.1875
90,n07583066/ILSVRC2012_val_00001378_n07583066,target_1dB,1,CL,A2_fixed,path_accuracy_k4,0.08333333333333333
91,n07590611/ILSVRC2012_val_00030972_n07590611,target_1dB,1,CL,A2_fixed,path_accuracy_k4,0.16666666666666666
92,n07714990/ILSVRC2012_val_00008416_n07714990,target_1dB,1,CL,A2_fixed,path_accuracy_k4,0.16666666666666666
93,n07716906/ILSVRC2012_val_00011140_n07716906,target_1dB,1,CL,A2_fixed,path_accuracy_k4,0.125
94,n07720875/ILSVRC2012_val_00000423_n07720875,target_1dB,1,CL,A2_fixed,path_accuracy_k4,0.14583333333333334
95,n07860988/ILSVRC2012_val_00010848_n07860988,target_1dB,1,CL,A2_fixed,path_accuracy_k4,0.125
96,n09288635/ILSVRC2012_val_00001270_n09288635,target_1dB,1,CL,A2_fixed,path_accuracy_k4,0.125
97,n09468604/ILSVRC2012_val_00030741_n09468604,target_1dB,1,CL,A2_fixed,path_accuracy_k4,0.0625
98,n11939491/ILSVRC2012_val_00034896_n11939491,target_1dB,1,CL,A2_fixed,path_accuracy_k4,0.22916666666666666
99,n15075141/ILSVRC2012_val_00005846_n15075141,target_1dB,1,CL,A2_fixed,path_accuracy_k4,0.125
0,n01440764/ILSVRC2012_val_00003014_n01440764,target_1dB,1,CL,A2_fixed,acc_k5,0.06666666666666667
1,n01601694/ILSVRC2012_val_00021656_n01601694,target_1dB,1,CL,A2_fixed,acc_k5,0.013333333333333334
2,n01664065/ILSVRC2012_val_00014316_n01664065,target_1dB,1,CL,A2_fixed,acc_k5,0.06666666666666667
3,n01689811/ILSVRC2012_val_00020598_n01689811,target_1dB,1,CL,A2_fixed,acc_k5,0.05333333333333334
4,n01735189/ILSVRC2012_val_00006699_n01735189,target_1dB,1,CL,A2_fixed,acc_k5,0.06666666666666667
5,n01744401/ILSVRC2012_val_00032663_n01744401,target_1dB,1,CL,A2_fixed,acc_k5,0.0
6,n01751748/ILSVRC2012_val_00033157_n01751748,target_1dB,1,CL,A2_fixed,acc_k5,0.0
7,n01775062/ILSVRC2012_val_00036589_n01775062,target_1dB,1,CL,A2_fixed,acc_k5,0.04
8,n01843383/ILSVRC2012_val_00005901_n01843383,target_1dB,1,CL,A2_fixed,acc_k5,0.06666666666666667
9,n01860187/ILSVRC2012_val_00021594_n01860187,target_1dB,1,CL,A2_fixed,acc_k5,0.08
10,n01882714/ILSVRC2012_val_00019996_n01882714,target_1dB,1,CL,A2_fixed,acc_k5,0.02666666666666667
11,n01943899/ILSVRC2012_val_00005706_n01943899,target_1dB,1,CL,A2_fixed,acc_k5,0.04
12,n01955084/ILSVRC2012_val_00001857_n01955084,target_1dB,1,CL,A2_fixed,acc_k5,0.05333333333333334
13,n01983481/ILSVRC2012_val_00019856_n01983481,target_1dB,1,CL,A2_fixed,acc_k5,0.10666666666666667
14,n02013706/ILSVRC2012_val_00003168_n02013706,target_1dB,1,CL,A2_fixed,acc_k5,0.05333333333333334
15,n02027492/ILSVRC2012_val_00007524_n02027492,target_1dB,1,CL,A2_fixed,acc_k5,0.0
16,n02088094/ILSVRC2012_val_00005507_n02088094,target_1dB,1,CL,A2_fixed,acc_k5,0.02666666666666667
17,n02090622/ILSVRC2012_val_00006265_n02090622,target_1dB,1,CL,A2_fixed,acc_k5,0.05333333333333334
18,n02096177/ILSVRC2012_val_00019083_n02096177,target_1dB,1,CL,A2_fixed,acc_k5,0.04
19,n02098286/ILSVRC2012_val_00038253_n02098286,target_1dB,1,CL,A2_fixed,acc_k5,0.02666666666666667
20,n02102480/ILSVRC2012_val_00010261_n02102480,target_1dB,1,CL,A2_fixed,acc_k5,0.05333333333333334
21,n02105641/ILSVRC2012_val_00018762_n02105641,target_1dB,1,CL,A2_fixed,acc_k5,0.02666666666666667
22,n02106550/ILSVRC2012_val_00014315_n02106550,target_1dB,1,CL,A2_fixed,acc_k5,0.05333333333333334
23,n02107683/ILSVRC2012_val_00010786_n02107683,target_1dB,1,CL,A2_fixed,acc_k5,0.02666666666666667
24,n02110806/ILSVRC2012_val_00030364_n02110806,target_1dB,1,CL,A2_fixed,acc_k5,0.04
25,n02113799/ILSVRC2012_val_00007866_n02113799,target_1dB,1,CL,A2_fixed,acc_k5,0.06666666666666667
26,n02123159/ILSVRC2012_val_00025723_n02123159,target_1dB,1,CL,A2_fixed,acc_k5,0.05333333333333334
27,n02134084/ILSVRC2012_val_00020332_n02134084,target_1dB,1,CL,A2_fixed,acc_k5,0.013333333333333334
28,n02168699/ILSVRC2012_val_00040132_n02168699,target_1dB,1,CL,A2_fixed,acc_k5,0.013333333333333334
29,n02233338/ILSVRC2012_val_00016160_n02233338,target_1dB,1,CL,A2_fixed,acc_k5,0.013333333333333334
30,n02264363/ILSVRC2012_val_00027803_n02264363,target_1dB,1,CL,A2_fixed,acc_k5,0.0
31,n02277742/ILSVRC2012_val_00015608_n02277742,target_1dB,1,CL,A2_fixed,acc_k5,0.02666666666666667
32,n02325366/ILSVRC2012_val_00024858_n02325366,target_1dB,1,CL,A2_fixed,acc_k5,0.06666666666666667
33,n02398521/ILSVRC2012_val_00018354_n02398521,target_1dB,1,CL,A2_fixed,acc_k5,0.05333333333333334
34,n02410509/ILSVRC2012_val_00022568_n02410509,target_1dB,1,CL,A2_fixed,acc_k5,0.04
35,n02437312/ILSVRC2012_val_00006245_n02437312,target_1dB,1,CL,A2_fixed,acc_k5,0.04
36,n02486410/ILSVRC2012_val_00009799_n02486410,target_1dB,1,CL,A2_fixed,acc_k5,0.05333333333333334
37,n02509815/ILSVRC2012_val_00014423_n02509815,target_1dB,1,CL,A2_fixed,acc_k5,0.013333333333333334
38,n02708093/ILSVRC2012_val_00024690_n02708093,target_1dB,1,CL,A2_fixed,acc_k5,0.05333333333333334
39,n02776631/ILSVRC2012_val_00028186_n02776631,target_1dB,1,CL,A2_fixed,acc_k5,0.02666666666666667
40,n02788148/ILSVRC2012_val_00012264_n02788148,target_1dB,1,CL,A2_fixed,acc_k5,0.02666666666666667
41,n02834397/ILSVRC2012_val_00010741_n02834397,target_1dB,1,CL,A2_fixed,acc_k5,0.013333333333333334
42,n02841315/ILSVRC2012_val_00014601_n02841315,target_1dB,1,CL,A2_fixed,acc_k5,0.04
43,n02910353/ILSVRC2012_val_00017543_n02910353,target_1dB,1,CL,A2_fixed,acc_k5,0.04
44,n02951585/ILSVRC2012_val_00008336_n02951585,target_1dB,1,CL,A2_fixed,acc_k5,0.013333333333333334
45,n02980441/ILSVRC2012_val_00023472_n02980441,target_1dB,1,CL,A2_fixed,acc_k5,0.013333333333333334
46,n03028079/ILSVRC2012_val_00031446_n03028079,target_1dB,1,CL,A2_fixed,acc_k5,0.08
47,n03109150/ILSVRC2012_val_00032588_n03109150,target_1dB,1,CL,A2_fixed,acc_k5,0.02666666666666667
48,n03127747/ILSVRC2012_val_00003732_n03127747,target_1dB,1,CL,A2_fixed,acc_k5,0.06666666666666667
49,n03220513/ILSVRC2012_val_00006359_n03220513,target_1dB,1,CL,A2_fixed,acc_k5,0.04
50,n03372029/ILSVRC2012_val_00034937_n03372029,target_1dB,1,CL,A2_fixed,acc_k5,0.02666666666666667
51,n03388549/ILSVRC2012_val_00022928_n03388549,target_1dB,1,CL,A2_fixed,acc_k5,0.04
52,n03424325/ILSVRC2012_val_00006147_n03424325,target_1dB,1,CL,A2_fixed,acc_k5,0.06666666666666667
53,n03447721/ILSVRC2012_val_00006942_n03447721,target_1dB,1,CL,A2_fixed,acc_k5,0.10666666666666667
54,n03485794/ILSVRC2012_val_00010782_n03485794,target_1dB,1,CL,A2_fixed,acc_k5,0.06666666666666667
55,n03527444/ILSVRC2012_val_00035251_n03527444,target_1dB,1,CL,A2_fixed,acc_k5,0.013333333333333334
56,n03584254/ILSVRC2012_val_00016384_n03584254,target_1dB,1,CL,A2_fixed,acc_k5,0.04
57,n03623198/ILSVRC2012_val_00019928_n03623198,target_1dB,1,CL,A2_fixed,acc_k5,0.04
58,n03657121/ILSVRC2012_val_00000359_n03657121,target_1dB,1,CL,A2_fixed,acc_k5,0.013333333333333334
59,n03706229/ILSVRC2012_val_00017460_n03706229,target_1dB,1,CL,A2_fixed,acc_k5,0.013333333333333334
60,n03759954/ILSVRC2012_val_00010804_n03759954,target_1dB,1,CL,A2_fixed,acc_k5,0.06666666666666667
61,n03775071/ILSVRC2012_val_00002420_n03775071,target_1dB,1,CL,A2_fixed,acc_k5,0.0
62,n03782006/ILSVRC2012_val_00004758_n03782006,target_1dB,1,CL,A2_fixed,acc_k5,0.0
63,n03796401/ILSVRC2012_val_00025827_n03796401,target_1dB,1,CL,A2_fixed,acc_k5,0.05333333333333334
64,n03866082/ILSVRC2012_val_00003554_n03866082,target_1dB,1,CL,A2_fixed,acc_k5,0.06666666666666667
65,n03876231/ILSVRC2012_val_00022714_n03876231,target_1dB,1,CL,A2_fixed,acc_k5,0.013333333333333334
66,n03929660/ILSVRC2012_val_00012300_n03929660,target_1dB,1,CL,A2_fixed,acc_k5,0.0
67,n03950228/ILSVRC2012_val_00019039_n03950228,target_1dB,1,CL,A2_fixed,acc_k5,0.02666666666666667
68,n03977966/ILSVRC2012_val_00027383_n03977966,target_1dB,1,CL,A2_fixed,acc_k5,0.10666666666666667
69,n03983396/ILSVRC2012_val_00012891_n03983396,target_1dB,1,CL,A2_fixed,acc_k5,0.04
70,n04044716/ILSVRC2012_val_00039752_n04044716,target_1dB,1,CL,A2_fixed,acc_k5,0.0
71,n04067472/ILSVRC2012_val_00007618_n04067472,target_1dB,1,CL,A2_fixed,acc_k5,0.02666666666666667
72,n04111531/ILSVRC2012_val_00013982_n04111531,target_1dB,1,CL,A2_fixed,acc_k5,0.013333333333333334
73,n04131690/ILSVRC2012_val_00002728_n04131690,target_1dB,1,CL,A2_fixed,acc_k5,0.05333333333333334
74,n04153751/ILSVRC2012_val_00008426_n04153751,target_1dB,1,CL,A2_fixed,acc_k5,0.04
75,n04204347/ILSVRC2012_val_00018921_n04204347,target_1dB,1,CL,A2_fixed,acc_k5,0.04
76,n04235860/ILSVRC2012_val_00004033_n04235860,target_1dB,1,CL,A2_fixed,acc_k5,0.013333333333333334
77,n04252077/ILSVRC2012_val_00012989_n04252077,target_1dB,1,CL,A2_fixed,acc_k5,0.04
78,n04310018/ILSVRC2012_val_00003156_n04310018,target_1dB,1,CL,A2_fixed,acc_k5,0.02666666666666667
79,n04328186/ILSVRC2012_val_00014795_n04328186,target_1dB,1,CL,A2_fixed,acc_k5,0.02666666666666667
80,n04346328/ILSVRC2012_val_00003305_n04346328,target_1dB,1,CL,A2_fixed,acc_k5,0.04
81,n04357314/ILSVRC2012_val_00009430_n04357314,target_1dB,1,CL,A2_fixed,acc_k5,0.05333333333333334
82,n04371774/ILSVRC2012_val_00030870_n04371774,target_1dB,1,CL,A2_fixed,acc_k5,0.013333333333333334
83,n04392985/ILSVRC2012_val_00029362_n04392985,target_1dB,1,CL,A2_fixed,acc_k5,0.04
84,n04456115/ILSVRC2012_val_00002331_n04456115,target_1dB,1,CL,A2_fixed,acc_k5,0.06666666666666667
85,n04485082/ILSVRC2012_val_00000955_n04485082,target_1dB,1,CL,A2_fixed,acc_k5,0.04
86,n04515003/ILSVRC2012_val_00002400_n04515003,target_1dB,1,CL,A2_fixed,acc_k5,0.0
87,n04540053/ILSVRC2012_val_00007665_n04540053,target_1dB,1,CL,A2_fixed,acc_k5,0.04
88,n04560804/ILSVRC2012_val_00029830_n04560804,target_1dB,1,CL,A2_fixed,acc_k5,0.08
89,n04596742/ILSVRC2012_val_00007608_n04596742,target_1dB,1,CL,A2_fixed,acc_k5,0.05333333333333334
90,n07583066/ILSVRC2012_val_00001378_n07583066,target_1dB,1,CL,A2_fixed,acc_k5,0.06666666666666667
91,n07590611/ILSVRC2012_val_00030972_n07590611,target_1dB,1,CL,A2_fixed,acc_k5,0.05333333333333334
92,n07714990/ILSVRC2012_val_00008416_n07714990,target_1dB,1,CL,A2_fixed,acc_k5,0.013333333333333334
93,n07716906/ILSVRC2012_val_00011140_n07716906,target_1dB,1,CL,A2_fixed,acc_k5,0.05333333333333334
94,n07720875/ILSVRC2012_val_00000423_n07720875,target_1dB,1,CL,A2_fixed,acc_k5,0.013333333333333334
95,n07860988/ILSVRC2012_val_00010848_n07860988,target_1dB,1,CL,A2_fixed,acc_k5,0.06666666666666667
96,n09288635/ILSVRC2012_val_00001270_n09288635,target_1dB,1,CL,A2_fixed,acc_k5,0.04
97,n09468604/ILSVRC2012_val_00030741_n09468604,target_1dB,1,CL,A2_fixed,acc_k5,0.05333333333333334
98,n11939491/ILSVRC2012_val_00034896_n11939491,target_1dB,1,CL,A2_fixed,acc_k5,0.04
99,n15075141/ILSVRC2012_val_00005846_n15075141,target_1dB,1,CL,A2_fixed,acc_k5,0.04
0,n01440764/ILSVRC2012_val_00003014_n01440764,target_1dB,1,CL,A2_fixed,logp_true_k5,-7.826672374208768
1,n01601694/ILSVRC2012_val_00021656_n01601694,target_1dB,1,CL,A2_fixed,logp_true_k5,-8.531334902544815
2,n01664065/ILSVRC2012_val_00014316_n01664065,target_1dB,1,CL,A2_fixed,logp_true_k5,-8.81758106648922
3,n01689811/ILSVRC2012_val_00020598_n01689811,target_1dB,1,CL,A2_fixed,logp_true_k5,-8.47538255016009
4,n01735189/ILSVRC2012_val_00006699_n01735189,target_1dB,1,CL,A2_fixed,logp_true_k5,-8.668583410680293
5,n01744401/ILSVRC2012_val_00032663_n01744401,target_1dB,1,CL,A2_fixed,logp_true_k5,-8.63859873453776
6,n01751748/ILSVRC2012_val_00033157_n01751748,target_1dB,1,CL,A2_fixed,logp_true_k5,-8.52792248725891
7,n01775062/ILSVRC2012_val_00036589_n01775062,target_1dB,1,CL,A2_fixed,logp_true_k5,-9.081894014676411
8,n01843383/ILSVRC2012_val_00005901_n01843383,target_1dB,1,CL,A2_fixed,logp_true_k5,-8.970827392240366
9,n01860187/ILSVRC2012_val_00021594_n01860187,target_1dB,1,CL,A2_fixed,logp_true_k5,-9.240538634459178
10,n01882714/ILSVRC2012_val_00019996_n01882714,target_1dB,1,CL,A2_fixed,logp_true_k5,-10.037520467042924
11,n01943899/ILSVRC2012_val_00005706_n01943899,target_1dB,1,CL,A2_fixed,logp_true_k5,-9.539951043923695
12,n01955084/ILSVRC2012_val_00001857_n01955084,target_1dB,1,CL,A2_fixed,logp_true_k5,-9.001570711073775
13,n01983481/ILSVRC2012_val_00019856_n01983481,target_1dB,1,CL,A2_fixed,logp_true_k5,-8.379702628354233
14,n02013706/ILSVRC2012_val_00003168_n02013706,target_1dB,1,CL,A2_fixed,logp_true_k5,-7.602845153808595
15,n02027492/ILSVRC2012_val_00007524_n02027492,target_1dB,1,CL,A2_fixed,logp_true_k5,-8.481747941970825
16,n02088094/ILSVRC2012_val_00005507_n02088094,target_1dB,1,CL,A2_fixed,logp_true_k5,-9.06554095685482
17,n02090622/ILSVRC2012_val_00006265_n02090622,target_1dB,1,CL,A2_fixed,logp_true_k5,-8.905322450821599
18,n02096177/ILSVRC2012_val_00019083_n02096177,target_1dB,1,CL,A2_fixed,logp_true_k5,-7.878424629370372
19,n02098286/ILSVRC2012_val_00038253_n02098286,target_1dB,1,CL,A2_fixed,logp_true_k5,-9.096546913782756
20,n02102480/ILSVRC2012_val_00010261_n02102480,target_1dB,1,CL,A2_fixed,logp_true_k5,-7.819308489163717
21,n02105641/ILSVRC2012_val_00018762_n02105641,target_1dB,1,CL,A2_fixed,logp_true_k5,-7.903984719912212
22,n02106550/ILSVRC2012_val_00014315_n02106550,target_1dB,1,CL,A2_fixed,logp_true_k5,-8.917829634944598
23,n02107683/ILSVRC2012_val_00010786_n02107683,target_1dB,1,CL,A2_fixed,logp_true_k5,-8.884770894050598
24,n02110806/ILSVRC2012_val_00030364_n02110806,target_1dB,1,CL,A2_fixed,logp_true_k5,-8.547142742276192
25,n02113799/ILSVRC2012_val_00007866_n02113799,target_1dB,1,CL,A2_fixed,logp_true_k5,-7.657113477208962
26,n02123159/ILSVRC2012_val_00025723_n02123159,target_1dB,1,CL,A2_fixed,logp_true_k5,-8.647603463331858
27,n02134084/ILSVRC2012_val_00020332_n02134084,target_1dB,1,CL,A2_fixed,logp_true_k5,-9.425521649618943
28,n02168699/ILSVRC2012_val_00040132_n02168699,target_1dB,1,CL,A2_fixed,logp_true_k5,-8.393546924591066
29,n02233338/ILSVRC2012_val_00016160_n02233338,target_1dB,1,CL,A2_fixed,logp_true_k5,-8.621560494899752
30,n02264363/ILSVRC2012_val_00027803_n02264363,target_1dB,1,CL,A2_fixed,logp_true_k5,-9.088533107439678
31,n02277742/ILSVRC2012_val_00015608_n02277742,target_1dB,1,CL,A2_fixed,logp_true_k5,-8.29984870394071
32,n02325366/ILSVRC2012_val_00024858_n02325366,target_1dB,1,CL,A2_fixed,logp_true_k5,-8.547399468552323
33,n02398521/ILSVRC2012_val_00018354_n02398521,target_1dB,1,CL,A2_fixed,logp_true_k5,-8.63490073442459
34,n02410509/ILSVRC2012_val_00022568_n02410509,target_1dB,1,CL,A2_fixed,logp_true_k5,-9.000007706483204
35,n02437312/ILSVRC2012_val_00006245_n02437312,target_1dB,1,CL,A2_fixed,logp_true_k5,-8.50638663371404
36,n02486410/ILSVRC2012_val_00009799_n02486410,target_1dB,1,CL,A2_fixed,logp_true_k5,-7.600515584448973
37,n02509815/ILSVRC2012_val_00014423_n02509815,target_1dB,1,CL,A2_fixed,logp_true_k5,-8.636208429336548
38,n02708093/ILSVRC2012_val_00024690_n02708093,target_1dB,1,CL,A2_fixed,logp_true_k5,-8.945621720751127
39,n02776631/ILSVRC2012_val_00028186_n02776631,target_1dB,1,CL,A2_fixed,logp_true_k5,-9.141237306197485
40,n02788148/ILSVRC2012_val_00012264_n02788148,target_1dB,1,CL,A2_fixed,logp_true_k5,-8.294627113342285
41,n02834397/ILSVRC2012_val_00010741_n02834397,target_1dB,1,CL,A2_fixed,logp_true_k5,-8.38861011505127
42,n02841315/ILSVRC2012_val_00014601_n02841315,target_1dB,1,CL,A2_fixed,logp_true_k5,-8.954097034285466
43,n02910353/ILSVRC2012_val_00017543_n02910353,target_1dB,1,CL,A2_fixed,logp_true_k5,-8.140531929632028
44,n02951585/ILSVRC2012_val_00008336_n02951585,target_1dB,1,CL,A2_fixed,logp_true_k5,-8.25818560997645
45,n02980441/ILSVRC2012_val_00023472_n02980441,target_1dB,1,CL,A2_fixed,logp_true_k5,-9.066057882110277
46,n03028079/ILSVRC2012_val_00031446_n03028079,target_1dB,1,CL,A2_fixed,logp_true_k5,-6.545904048184553
47,n03109150/ILSVRC2012_val_00032588_n03109150,target_1dB,1,CL,A2_fixed,logp_true_k5,-9.314591631094615
48,n03127747/ILSVRC2012_val_00003732_n03127747,target_1dB,1,CL,A2_fixed,logp_true_k5,-8.608745573361714
49,n03220513/ILSVRC2012_val_00006359_n03220513,target_1dB,1,CL,A2_fixed,logp_true_k5,-8.365196309089661
50,n03372029/ILSVRC2012_val_00034937_n03372029,target_1dB,1,CL,A2_fixed,logp_true_k5,-8.411514633893967
51,n03388549/ILSVRC2012_val_00022928_n03388549,target_1dB,1,CL,A2_fixed,logp_true_k5,-8.999321874777477
52,n03424325/ILSVRC2012_val_00006147_n03424325,target_1dB,1,CL,A2_fixed,logp_true_k5,-7.96311141093572
53,n03447721/ILSVRC2012_val_00006942_n03447721,target_1dB,1,CL,A2_fixed,logp_true_k5,-9.323854067116045
54,n03485794/ILSVRC2012_val_00010782_n03485794,target_1dB,1,CL,A2_fixed,logp_true_k5,-8.596097852587699
55,n03527444/ILSVRC2012_val_00035251_n03527444,target_1dB,1,CL,A2_fixed,logp_true_k5,-7.973419558207194
56,n03584254/ILSVRC2012_val_00016384_n03584254,target_1dB,1,CL,A2_fixed,logp_true_k5,-6.838494356473286
57,n03623198/ILSVRC2012_val_00019928_n03623198,target_1dB,1,CL,A2_fixed,logp_true_k5,-7.481372805436453
58,n03657121/ILSVRC2012_val_00000359_n03657121,target_1dB,1,CL,A2_fixed,logp_true_k5,-7.710354871749878
59,n03706229/ILSVRC2012_val_00017460_n03706229,target_1dB,1,CL,A2_fixed,logp_true_k5,-8.301936039924621
60,n03759954/ILSVRC2012_val_00010804_n03759954,target_1dB,1,CL,A2_fixed,logp_true_k5,-8.474187801629306
61,n03775071/ILSVRC2012_val_00002420_n03775071,target_1dB,1,CL,A2_fixed,logp_true_k5,-7.635766458511353
62,n03782006/ILSVRC2012_val_00004758_n03782006,target_1dB,1,CL,A2_fixed,logp_true_k5,-9.648969815572103
63,n03796401/ILSVRC2012_val_00025827_n03796401,target_1dB,1,CL,A2_fixed,logp_true_k5,-8.165274144212406
64,n03866082/ILSVRC2012_val_00003554_n03866082,target_1dB,1,CL,A2_fixed,logp_true_k5,-8.264973303178946
65,n03876231/ILSVRC2012_val_00022714_n03876231,target_1dB,1,CL,A2_fixed,logp_true_k5,-9.681395191550255
66,n03929660/ILSVRC2012_val_00012300_n03929660,target_1dB,1,CL,A2_fixed,logp_true_k5,-8.758923989931743
67,n03950228/ILSVRC2012_val_00019039_n03950228,target_1dB,1,CL,A2_fixed,logp_true_k5,-8.94577261765798
68,n03977966/ILSVRC2012_val_00027383_n03977966,target_1dB,1,CL,A2_fixed,logp_true_k5,-6.323492725902857
69,n03983396/ILSVRC2012_val_00012891_n03983396,target_1dB,1,CL,A2_fixed,logp_true_k5,-9.151015809377034
70,n04044716/ILSVRC2012_val_00039752_n04044716,target_1dB,1,CL,A2_fixed,logp_true_k5,-8.965780537923179
71,n04067472/ILSVRC2012_val_00007618_n04067472,target_1dB,1,CL,A2_fixed,logp_true_k5,-9.07220820248127
72,n04111531/ILSVRC2012_val_00013982_n04111531,target_1dB,1,CL,A2_fixed,logp_true_k5,-9.513522221247355
73,n04131690/ILSVRC2012_val_00002728_n04131690,target_1dB,1,CL,A2_fixed,logp_true_k5,-8.391754308541616
74,n04153751/ILSVRC2012_val_00008426_n04153751,target_1dB,1,CL,A2_fixed,logp_true_k5,-8.862655483881634
75,n04204347/ILSVRC2012_val_00018921_n04204347,target_1dB,1,CL,A2_fixed,logp_true_k5,-7.989147530396779
76,n04235860/ILSVRC2012_val_00004033_n04235860,target_1dB,1,CL,A2_fixed,logp_true_k5,-8.505916528304418
77,n04252077/ILSVRC2012_val_00012989_n04252077,target_1dB,1,CL,A2_fixed,logp_true_k5,-8.77833100595201
78,n04310018/ILSVRC2012_val_00003156_n04310018,target_1dB,1,CL,A2_fixed,logp_true_k5,-8.102692187130451
79,n04328186/ILSVRC2012_val_00014795_n04328186,target_1dB,1,CL,A2_fixed,logp_true_k5,-7.7114939053853355
80,n04346328/ILSVRC2012_val_00003305_n04346328,target_1dB,1,CL,A2_fixed,logp_true_k5,-8.56872657299042
81,n04357314/ILSVRC2012_val_00009430_n04357314,target_1dB,1,CL,A2_fixed,logp_true_k5,-8.572901887098949
82,n04371774/ILSVRC2012_val_00030870_n04371774,target_1dB,1,CL,A2_fixed,logp_true_k5,-8.729155589739483
83,n04392985/ILSVRC2012_val_00029362_n04392985,target_1dB,1,CL,A2_fixed,logp_true_k5,-8.599043824921052
84,n04456115/ILSVRC2012_val_00002331_n04456115,target_1dB,1,CL,A2_fixed,logp_true_k5,-7.775336743394534
85,n04485082/ILSVRC2012_val_00000955_n04485082,target_1dB,1,CL,A2_fixed,logp_true_k5,-8.56670475403468
86,n04515003/ILSVRC2012_val_00002400_n04515003,target_1dB,1,CL,A2_fixed,logp_true_k5,-9.052016032536825
87,n04540053/ILSVRC2012_val_00007665_n04540053,target_1dB,1,CL,A2_fixed,logp_true_k5,-9.476785065333049
88,n04560804/ILSVRC2012_val_00029830_n04560804,target_1dB,1,CL,A2_fixed,logp_true_k5,-8.341588318323096
89,n04596742/ILSVRC2012_val_00007608_n04596742,target_1dB,1,CL,A2_fixed,logp_true_k5,-8.576082200606663
90,n07583066/ILSVRC2012_val_00001378_n07583066,target_1dB,1,CL,A2_fixed,logp_true_k5,-8.013809602409601
91,n07590611/ILSVRC2012_val_00030972_n07590611,target_1dB,1,CL,A2_fixed,logp_true_k5,-8.090232880593588
92,n07714990/ILSVRC2012_val_00008416_n07714990,target_1dB,1,CL,A2_fixed,logp_true_k5,-7.81584570447604
93,n07716906/ILSVRC2012_val_00011140_n07716906,target_1dB,1,CL,A2_fixed,logp_true_k5,-8.304960197210312
94,n07720875/ILSVRC2012_val_00000423_n07720875,target_1dB,1,CL,A2_fixed,logp_true_k5,-8.579568393031757
95,n07860988/ILSVRC2012_val_00010848_n07860988,target_1dB,1,CL,A2_fixed,logp_true_k5,-7.369865150948367
96,n09288635/ILSVRC2012_val_00001270_n09288635,target_1dB,1,CL,A2_fixed,logp_true_k5,-8.344269732634226
97,n09468604/ILSVRC2012_val_00030741_n09468604,target_1dB,1,CL,A2_fixed,logp_true_k5,-9.242904766549666
98,n11939491/ILSVRC2012_val_00034896_n11939491,target_1dB,1,CL,A2_fixed,logp_true_k5,-8.928567117849985
99,n15075141/ILSVRC2012_val_00005846_n15075141,target_1dB,1,CL,A2_fixed,logp_true_k5,-9.533107973436515
0,n01440764/ILSVRC2012_val_00003014_n01440764,target_1dB,1,CL,A2_fixed,entropy_k5,2.1126291759761853
1,n01601694/ILSVRC2012_val_00021656_n01601694,target_1dB,1,CL,A2_fixed,entropy_k5,2.8685896940169626
2,n01664065/ILSVRC2012_val_00014316_n01664065,target_1dB,1,CL,A2_fixed,entropy_k5,2.370840194940026
3,n01689811/ILSVRC2012_val_00020598_n01689811,target_1dB,1,CL,A2_fixed,entropy_k5,2.5528372237242407
4,n01735189/ILSVRC2012_val_00006699_n01735189,target_1dB,1,CL,A2_fixed,entropy_k5,2.415156394385242
5,n01744401/ILSVRC2012_val_00032663_n01744401,target_1dB,1,CL,A2_fixed,entropy_k5,2.9932778914010587
6,n01751748/ILSVRC2012_val_00033157_n01751748,target_1dB,1,CL,A2_fixed,entropy_k5,3.1073563332133176
7,n01775062/ILSVRC2012_val_00036589_n01775062,target_1dB,1,CL,A2_fixed,entropy_k5,2.423634688348328
8,n01843383/ILSVRC2012_val_00005901_n01843383,target_1dB,1,CL,A2_fixed,entropy_k5,2.2841991835830533
9,n01860187/ILSVRC2012_val_00021594_n01860187,target_1dB,1,CL,A2_fixed,entropy_k5,2.379764621072683
10,n01882714/ILSVRC2012_val_00019996_n01882714,target_1dB,1,CL,A2_fixed,entropy_k5,2.3463451593614018
11,n01943899/ILSVRC2012_val_00005706_n01943899,target_1dB,1,CL,A2_fixed,entropy_k5,2.560249489715765
12,n01955084/ILSVRC2012_val_00001857_n01955084,target_1dB,1,CL,A2_fixed,entropy_k5,2.3747334828807944
13,n01983481/ILSVRC2012_val_00019856_n01983481,target_1dB,1,CL,A2_fixed,entropy_k5,2.1910088797293317
14,n02013706/ILSVRC2012_val_00003168_n02013706,target_1dB,1,CL,A2_fixed,entropy_k5,2.432449309819258
15,n02027492/ILSVRC2012_val_00007524_n02027492,target_1dB,1,CL,A2_fixed,entropy_k5,2.698204173895545
16,n02088094/ILSVRC2012_val_00005507_n02088094,target_1dB,1,CL,A2_fixed,entropy_k5,2.337108792389933
17,n02090622/ILSVRC2012_val_00006265_n02090622,target_1dB,1,CL,A2_fixed,entropy_k5,2.472801775828533
18,n02096177/ILSVRC2012_val_00019083_n02096177,target_1dB,1,CL,A2_fixed,entropy_k5,2.834504457044165
19,n02098286/ILSVRC2012_val_00038253_n02098286,target_1dB,1,CL,A2_fixed,entropy_k5,2.7850047272917045
20,n02102480/ILSVRC2012_val_00010261_n02102480,target_1dB,1,CL,A2_fixed,entropy_k5,2.8718090482196446
21,n02105641/ILSVRC2012_val_00018762_n02105641,target_1dB,1,CL,A2_fixed,entropy_k5,2.4793039218012756
22,n02106550/ILSVRC2012_val_00014315_n02106550,target_1dB,1,CL,A2_fixed,entropy_k5,2.349700411917457
23,n02107683/ILSVRC2012_val_00010786_n02107683,target_1dB,1,CL,A2_fixed,entropy_k5,2.9637022958735457
24,n02110806/ILSVRC2012_val_00030364_n02110806,target_1dB,1,CL,A2_fixed,entropy_k5,2.1043676423603763
25,n02113799/ILSVRC2012_val_00007866_n02113799,target_1dB,1,CL,A2_fixed,entropy_k5,2.4784305546006755
26,n02123159/ILSVRC2012_val_00025723_n02123159,target_1dB,1,CL,A2_fixed,entropy_k5,2.1048262006633958
27,n02134084/ILSVRC2012_val_00020332_n02134084,target_1dB,1,CL,A2_fixed,entropy_k5,2.8671369819771138
28,n02168699/ILSVRC2012_val_00040132_n02168699,target_1dB,1,CL,A2_fixed,entropy_k5,3.2114671401843595
29,n02233338/ILSVRC2012_val_00016160_n02233338,target_1dB,1,CL,A2_fixed,entropy_k5,2.4987174147301
30,n02264363/ILSVRC2012_val_00027803_n02264363,target_1dB,1,CL,A2_fixed,entropy_k5,3.0834190917281497
31,n02277742/ILSVRC2012_val_00015608_n02277742,target_1dB,1,CL,A2_fixed,entropy_k5,2.2845919993565507
32,n02325366/ILSVRC2012_val_00024858_n02325366,target_1dB,1,CL,A2_fixed,entropy_k5,2.2597588336915466
33,n02398521/ILSVRC2012_val_00018354_n02398521,target_1dB,1,CL,A2_fixed,entropy_k5,2.604564799568108
34,n02410509/ILSVRC2012_val_00022568_n02410509,target_1dB,1,CL,A2_fixed,entropy_k5,2.5353656177737958
35,n02437312/ILSVRC2012_val_00006245_n02437312,target_1dB,1,CL,A2_fixed,entropy_k5,2.5606060136316042
36,n02486410/ILSVRC2012_val_00009799_n02486410,target_1dB,1,CL,A2_fixed,entropy_k5,2.6948877533170923
37,n02509815/ILSVRC2012_val_00014423_n02509815,target_1dB,1,CL,A2_fixed,entropy_k5,2.752321902450028
38,n02708093/ILSVRC2012_val_00024690_n02708093,target_1dB,1,CL,A2_fixed,entropy_k5,2.657711375584926
39,n02776631/ILSVRC2012_val_00028186_n02776631,target_1dB,1,CL,A2_fixed,entropy_k5,2.1996260240430145
40,n02788148/ILSVRC2012_val_00012264_n02788148,target_1dB,1,CL,A2_fixed,entropy_k5,2.498588309691962
41,n02834397/ILSVRC2012_val_00010741_n02834397,target_1dB,1,CL,A2_fixed,entropy_k5,2.8061462198380194
42,n02841315/ILSVRC2012_val_00014601_n02841315,target_1dB,1,CL,A2_fixed,entropy_k5,2.5787635700418523
43,n02910353/ILSVRC2012_val_00017543_n02910353,target_1dB,1,CL,A2_fixed,entropy_k5,2.439411478724351
44,n02951585/ILSVRC2012_val_00008336_n02951585,target_1dB,1,CL,A2_fixed,entropy_k5,2.934675774423276
45,n02980441/ILSVRC2012_val_00023472_n02980441,target_1dB,1,CL,A2_fixed,entropy_k5,2.393502454004839
46,n03028079/ILSVRC2012_val_00031446_n03028079,target_1dB,1,CL,A2_fixed,entropy_k5,2.7602065444028754
47,n03109150/ILSVRC2012_val_00032588_n03109150,target_1dB,1,CL,A2_fixed,entropy_k5,2.967606079850974
48,n03127747/ILSVRC2012_val_00003732_n03127747,target_1dB,1,CL,A2_fixed,entropy_k5,2.634412763816545
49,n03220513/ILSVRC2012_val_00006359_n03220513,target_1dB,1,CL,A2_fixed,entropy_k5,2.6773403073361375
50,n03372029/ILSVRC2012_val_00034937_n03372029,target_1dB,1,CL,A2_fixed,entropy_k5,2.2545884061178625
51,n03388549/ILSVRC2012_val_00022928_n03388549,target_1dB,1,CL,A2_fixed,entropy_k5,2.5225281047825416
52,n03424325/ILSVRC2012_val_00006147_n03424325,target_1dB,1,CL,A2_fixed,entropy_k5,2.5838697029627635
53,n03447721/ILSVRC2012_val_00006942_n03447721,target_1dB,1,CL,A2_fixed,entropy_k5,2.053293374812096
54,n03485794/ILSVRC2012_val_00010782_n03485794,target_1dB,1,CL,A2_fixed,entropy_k5,2.72431878790363
55,n03527444/ILSVRC2012_val_00035251_n03527444,target_1dB,1,CL,A2_fixed,entropy_k5,2.640829588327762
56,n03584254/ILSVRC2012_val_00016384_n03584254,target_1dB,1,CL,A2_fixed,entropy_k5,3.345121082260634
57,n03623198/ILSVRC2012_val_00019928_n03623198,target_1dB,1,CL,A2_fixed,entropy_k5,3.32466654559791
58,n03657121/ILSVRC2012_val_00000359_n03657121,target_1dB,1,CL,A2_fixed,entropy_k5,3.311477773137753
59,n03706229/ILSVRC2012_val_00017460_n03706229,target_1dB,1,CL,A2_fixed,entropy_k5,2.93729186676563
60,n03759954/ILSVRC2012_val_00010804_n03759954,target_1dB,1,CL,A2_fixed,entropy_k5,2.043400305597428
61,n03775071/ILSVRC2012_val_00002420_n03775071,target_1dB,1,CL,A2_fixed,entropy_k5,3.0756544041912055
62,n03782006/ILSVRC2012_val_00004758_n03782006,target_1dB,1,CL,A2_fixed,entropy_k5,2.555506487666975
63,n03796401/ILSVRC2012_val_00025827_n03796401,target_1dB,1,CL,A2_fixed,entropy_k5,2.6163185504533435
64,n03866082/ILSVRC2012_val_00003554_n03866082,target_1dB,1,CL,A2_fixed,entropy_k5,2.3881478835989576
65,n03876231/ILSVRC2012_val_00022714_n03876231,target_1dB,1,CL,A2_fixed,entropy_k5,2.7413954683495874
66,n03929660/ILSVRC2012_val_00012300_n03929660,target_1dB,1,CL,A2_fixed,entropy_k5,3.222271548942821
67,n03950228/ILSVRC2012_val_00019039_n03950228,target_1dB,1,CL,A2_fixed,entropy_k5,2.558851132342657
68,n03977966/ILSVRC2012_val_00027383_n03977966,target_1dB,1,CL,A2_fixed,entropy_k5,2.1668482746900413
69,n03983396/ILSVRC2012_val_00012891_n03983396,target_1dB,1,CL,A2_fixed,entropy_k5,2.4856312145999353
70,n04044716/ILSVRC2012_val_00039752_n04044716,target_1dB,1,CL,A2_fixed,entropy_k5,3.330708575448503
71,n04067472/ILSVRC2012_val_00007618_n04067472,target_1dB,1,CL,A2_fixed,entropy_k5,2.028392021073572
72,n04111531/ILSVRC2012_val_00013982_n04111531,target_1dB,1,CL,A2_fixed,entropy_k5,2.391059410650251
73,n04131690/ILSVRC2012_val_00002728_n04131690,target_1dB,1,CL,A2_fixed,entropy_k5,2.9631980843652403
74,n04153751/ILSVRC2012_val_00008426_n04153751,target_1dB,1,CL,A2_fixed,entropy_k5,3.3430337611434493
75,n04204347/ILSVRC2012_val_00018921_n04204347,target_1dB,1,CL,A2_fixed,entropy_k5,3.120543635348838
76,n04235860/ILSVRC2012_val_00004033_n04235860,target_1dB,1,CL,A2_fixed,entropy_k5,2.459433387247716
77,n04252077/ILSVRC2012_val_00012989_n04252077,target_1dB,1,CL,A2_fixed,entropy_k5,2.62231232620387
78,n04310018/ILSVRC2012_val_00003156_n04310018,target_1dB,1,CL,A2_fixed,entropy_k5,2.639422918429922
79,n04328186/ILSVRC2012_val_00014795_n04328186,target_1dB,1,CL,A2_fixed,entropy_k5,2.8477471063219
80,n04346328/ILSVRC2012_val_00003305_n04346328,target_1dB,1,CL,A2_fixed,entropy_k5,2.4090019106890317
81,n04357314/ILSVRC2012_val_00009430_n04357314,target_1dB,1,CL,A2_fixed,entropy_k5,2.2207945116088967
82,n04371774/ILSVRC2012_val_00030870_n04371774,target_1dB,1,CL,A2_fixed,entropy_k5,2.5857679696487437
83,n04392985/ILSVRC2012_val_00029362_n04392985,target_1dB,1,CL,A2_fixed,entropy_k5,2.4876461187105083
84,n04456115/ILSVRC2012_val_00002331_n04456115,target_1dB,1,CL,A2_fixed,entropy_k5,2.5943637262746213
85,n04485082/ILSVRC2012_val_00000955_n04485082,target_1dB,1,CL,A2_fixed,entropy_k5,2.1300591751806337
86,n04515003/ILSVRC2012_val_00002400_n04515003,target_1dB,1,CL,A2_fixed,entropy_k5,2.70538443644184
87,n04540053/ILSVRC2012_val_00007665_n04540053,target_1dB,1,CL,A2_fixed,entropy_k5,2.433909184668074
88,n04560804/ILSVRC2012_val_00029830_n04560804,target_1dB,1,CL,A2_fixed,entropy_k5,1.7810730933415888
89,n04596742/ILSVRC2012_val_00007608_n04596742,target_1dB,1,CL,A2_fixed,entropy_k5,2.4029949862019766
90,n07583066/ILSVRC2012_val_00001378_n07583066,target_1dB,1,CL,A2_fixed,entropy_k5,2.0266339462601066
91,n07590611/ILSVRC2012_val_00030972_n07590611,target_1dB,1,CL,A2_fixed,entropy_k5,2.2779355982649196
92,n07714990/ILSVRC2012_val_00008416_n07714990,target_1dB,1,CL,A2_fixed,entropy_k5,2.496960055800389
93,n07716906/ILSVRC2012_val_00011140_n07716906,target_1dB,1,CL,A2_fixed,entropy_k5,2.515484097954849
94,n07720875/ILSVRC2012_val_00000423_n07720875,target_1dB,1,CL,A2_fixed,entropy_k5,2.708784358918774
95,n07860988/ILSVRC2012_val_00010848_n07860988,target_1dB,1,CL,A2_fixed,entropy_k5,2.1504278376282544
96,n09288635/ILSVRC2012_val_00001270_n09288635,target_1dB,1,CL,A2_fixed,entropy_k5,2.7098847707227143
97,n09468604/ILSVRC2012_val_00030741_n09468604,target_1dB,1,CL,A2_fixed,entropy_k5,2.5468952871389674
98,n11939491/ILSVRC2012_val_00034896_n11939491,target_1dB,1,CL,A2_fixed,entropy_k5,2.3414611933972487
99,n15075141/ILSVRC2012_val_00005846_n15075141,target_1dB,1,CL,A2_fixed,entropy_k5,2.150408764581213
0,n01440764/ILSVRC2012_val_00003014_n01440764,target_1dB,1,CL,A2_fixed,path_accuracy_k5,0.08
1,n01601694/ILSVRC2012_val_00021656_n01601694,target_1dB,1,CL,A2_fixed,path_accuracy_k5,0.04
2,n01664065/ILSVRC2012_val_00014316_n01664065,target_1dB,1,CL,A2_fixed,path_accuracy_k5,0.09333333333333334
3,n01689811/ILSVRC2012_val_00020598_n01689811,target_1dB,1,CL,A2_fixed,path_accuracy_k5,0.09333333333333334
4,n01735189/ILSVRC2012_val_00006699_n01735189,target_1dB,1,CL,A2_fixed,path_accuracy_k5,0.10666666666666667
5,n01744401/ILSVRC2012_val_00032663_n01744401,target_1dB,1,CL,A2_fixed,path_accuracy_k5,0.06666666666666667
6,n01751748/ILSVRC2012_val_00033157_n01751748,target_1dB,1,CL,A2_fixed,path_accuracy_k5,0.06666666666666667
7,n01775062/ILSVRC2012_val_00036589_n01775062,target_1dB,1,CL,A2_fixed,path_accuracy_k5,0.05333333333333334
8,n01843383/ILSVRC2012_val_00005901_n01843383,target_1dB,1,CL,A2_fixed,path_accuracy_k5,0.08
9,n01860187/ILSVRC2012_val_00021594_n01860187,target_1dB,1,CL,A2_fixed,path_accuracy_k5,0.16
10,n01882714/ILSVRC2012_val_00019996_n01882714,target_1dB,1,CL,A2_fixed,path_accuracy_k5,0.13333333333333333
11,n01943899/ILSVRC2012_val_00005706_n01943899,target_1dB,1,CL,A2_fixed,path_accuracy_k5,0.12
12,n01955084/ILSVRC2012_val_00001857_n01955084,target_1dB,1,CL,A2_fixed,path_accuracy_k5,0.17333333333333334
13,n01983481/ILSVRC2012_val_00019856_n01983481,target_1dB,1,CL,A2_fixed,path_accuracy_k5,0.10666666666666667
14,n02013706/ILSVRC2012_val_00003168_n02013706,target_1dB,1,CL,A2_fixed,path_accuracy_k5,0.09333333333333334
15,n02027492/ILSVRC2012_val_00007524_n02027492,target_1dB,1,CL,A2_fixed,path_accuracy_k5,0.10666666666666667
16,n02088094/ILSVRC2012_val_00005507_n02088094,target_1dB,1,CL,A2_fixed,path_accuracy_k5,0.05333333333333334
17,n02090622/ILSVRC2012_val_00006265_n02090622,target_1dB,1,CL,A2_fixed,path_accuracy_k5,0.09333333333333334
18,n02096177/ILSVRC2012_val_00019083_n02096177,target_1dB,1,CL,A2_fixed,path_accuracy_k5,0.05333333333333334
19,n02098286/ILSVRC2012_val_00038253_n02098286,target_1dB,1,CL,A2_fixed,path_accuracy_k5,0.08
20,n02102480/ILSVRC2012_val_00010261_n02102480,target_1dB,1,CL,A2_fixed,path_accuracy_k5,0.12000000000000001
21,n02105641/ILSVRC2012_val_00018762_n02105641,target_1dB,1,CL,A2_fixed,path_accuracy_k5,0.08
22,n02106550/ILSVRC2012_val_00014315_n02106550,target_1dB,1,CL,A2_fixed,path_accuracy_k5,0.13333333333333333
23,n02107683/ILSVRC2012_val_00010786_n02107683,target_1dB,1,CL,A2_fixed,path_accuracy_k5,0.05333333333333334
24,n02110806/ILSVRC2012_val_00030364_n02110806,target_1dB,1,CL,A2_fixed,path_accuracy_k5,0.12
25,n02113799/ILSVRC2012_val_00007866_n02113799,target_1dB,1,CL,A2_fixed,path_accuracy_k5,0.10666666666666667
26,n02123159/ILSVRC2012_val_00025723_n02123159,target_1dB,1,CL,A2_fixed,path_accuracy_k5,0.08
27,n02134084/ILSVRC2012_val_00020332_n02134084,target_1dB,1,CL,A2_fixed,path_accuracy_k5,0.06666666666666667
28,n02168699/ILSVRC2012_val_00040132_n02168699,target_1dB,1,CL,A2_fixed,path_accuracy_k5,0.09333333333333334
29,n02233338/ILSVRC2012_val_00016160_n02233338,target_1dB,1,CL,A2_fixed,path_accuracy_k5,0.13333333333333333
30,n02264363/ILSVRC2012_val_00027803_n02264363,target_1dB,1,CL,A2_fixed,path_accuracy_k5,0.013333333333333334
31,n02277742/ILSVRC2012_val_00015608_n02277742,target_1dB,1,CL,A2_fixed,path_accuracy_k5,0.16
32,n02325366/ILSVRC2012_val_00024858_n02325366,target_1dB,1,CL,A2_fixed,path_accuracy_k5,0.13333333333333333
33,n02398521/ILSVRC2012_val_00018354_n02398521,target_1dB,1,CL,A2_fixed,path_accuracy_k5,0.08
34,n02410509/ILSVRC2012_val_00022568_n02410509,target_1dB,1,CL,A2_fixed,path_accuracy_k5,0.05333333333333334
35,n02437312/ILSVRC2012_val_00006245_n02437312,target_1dB,1,CL,A2_fixed,path_accuracy_k5,0.12
36,n02486410/ILSVRC2012_val_00009799_n02486410,target_1dB,1,CL,A2_fixed,path_accuracy_k5,0.06666666666666667
37,n02509815/ILSVRC2012_val_00014423_n02509815,target_1dB,1,CL,A2_fixed,path_accuracy_k5,0.08
38,n02708093/ILSVRC2012_val_00024690_n02708093,target_1dB,1,CL,A2_fixed,path_accuracy_k5,0.04
39,n02776631/ILSVRC2012_val_00028186_n02776631,target_1dB,1,CL,A2_fixed,path_accuracy_k5,0.06666666666666667
40,n02788148/ILSVRC2012_val_00012264_n02788148,target_1dB,1,CL,A2_fixed,path_accuracy_k5,0.12
41,n02834397/ILSVRC2012_val_00010741_n02834397,target_1dB,1,CL,A2_fixed,path_accuracy_k5,0.09333333333333334
42,n02841315/ILSVRC2012_val_00014601_n02841315,target_1dB,1,CL,A2_fixed,path_accuracy_k5,0.09333333333333334
43,n02910353/ILSVRC2012_val_00017543_n02910353,target_1dB,1,CL,A2_fixed,path_accuracy_k5,0.12000000000000001
44,n02951585/ILSVRC2012_val_00008336_n02951585,target_1dB,1,CL,A2_fixed,path_accuracy_k5,0.05333333333333334
45,n02980441/ILSVRC2012_val_00023472_n02980441,target_1dB,1,CL,A2_fixed,path_accuracy_k5,0.09333333333333332
46,n03028079/ILSVRC2012_val_00031446_n03028079,target_1dB,1,CL,A2_fixed,path_accuracy_k5,0.12000000000000001
47,n03109150/ILSVRC2012_val_00032588_n03109150,target_1dB,1,CL,A2_fixed,path_accuracy_k5,0.06666666666666667
48,n03127747/ILSVRC2012_val_00003732_n03127747,target_1dB,1,CL,A2_fixed,path_accuracy_k5,0.09333333333333334
49,n03220513/ILSVRC2012_val_00006359_n03220513,target_1dB,1,CL,A2_fixed,path_accuracy_k5,0.05333333333333334
50,n03372029/ILSVRC2012_val_00034937_n03372029,target_1dB,1,CL,A2_fixed,path_accuracy_k5,0.04
51,n03388549/ILSVRC2012_val_00022928_n03388549,target_1dB,1,CL,A2_fixed,path_accuracy_k5,0.06666666666666667
52,n03424325/ILSVRC2012_val_00006147_n03424325,target_1dB,1,CL,A2_fixed,path_accuracy_k5,0.08
53,n03447721/ILSVRC2012_val_00006942_n03447721,target_1dB,1,CL,A2_fixed,path_accuracy_k5,0.17333333333333334
54,n03485794/ILSVRC2012_val_00010782_n03485794,target_1dB,1,CL,A2_fixed,path_accuracy_k5,0.05333333333333334
55,n03527444/ILSVRC2012_val_00035251_n03527444,target_1dB,1,CL,A2_fixed,path_accuracy_k5,0.04
56,n03584254/ILSVRC2012_val_00016384_n03584254,target_1dB,1,CL,A2_fixed,path_accuracy_k5,0.0
57,n03623198/ILSVRC2012_val_00019928_n03623198,target_1dB,1,CL,A2_fixed,path_accuracy_k5,0.04
58,n03657121/ILSVRC2012_val_00000359_n03657121,target_1dB,1,CL,A2_fixed,path_accuracy_k5,0.05333333333333334
59,n03706229/ILSVRC2012_val_00017460_n03706229,target_1dB,1,CL,A2_fixed,path_accuracy_k5,0.02666666666666667
60,n03759954/ILSVRC2012_val_00010804_n03759954,target_1dB,1,CL,A2_fixed,path_accuracy_k5,0.13333333333333333
61,n03775071/ILSVRC2012_val_00002420_n03775071,target_1dB,1,CL,A2_fixed,path_accuracy_k5,0.05333333333333334
62,n03782006/ILSVRC2012_val_00004758_n03782006,target_1dB,1,CL,A2_fixed,path_accuracy_k5,0.05333333333333334
63,n03796401/ILSVRC2012_val_00025827_n03796401,target_1dB,1,CL,A2_fixed,path_accuracy_k5,0.08
64,n03866082/ILSVRC2012_val_00003554_n03866082,target_1dB,1,CL,A2_fixed,path_accuracy_k5,0.09333333333333334
65,n03876231/ILSVRC2012_val_00022714_n03876231,target_1dB,1,CL,A2_fixed,path_accuracy_k5,0.02666666666666667
66,n03929660/ILSVRC2012_val_00012300_n03929660,target_1dB,1,CL,A2_fixed,path_accuracy_k5,0.02666666666666667
67,n03950228/ILSVRC2012_val_00019039_n03950228,target_1dB,1,CL,A2_fixed,path_accuracy_k5,0.10666666666666667
68,n03977966/ILSVRC2012_val_00027383_n03977966,target_1dB,1,CL,A2_fixed,path_accuracy_k5,0.13333333333333333
69,n03983396/ILSVRC2012_val_00012891_n03983396,target_1dB,1,CL,A2_fixed,path_accuracy_k5,0.04
70,n04044716/ILSVRC2012_val_00039752_n04044716,target_1dB,1,CL,A2_fixed,path_accuracy_k5,0.02666666666666667
71,n04067472/ILSVRC2012_val_00007618_n04067472,target_1dB,1,CL,A2_fixed,path_accuracy_k5,0.09333333333333334
72,n04111531/ILSVRC2012_val_00013982_n04111531,target_1dB,1,CL,A2_fixed,path_accuracy_k5,0.08
73,n04131690/ILSVRC2012_val_00002728_n04131690,target_1dB,1,CL,A2_fixed,path_accuracy_k5,0.08
74,n04153751/ILSVRC2012_val_00008426_n04153751,target_1dB,1,CL,A2_fixed,path_accuracy_k5,0.08
75,n04204347/ILSVRC2012_val_00018921_n04204347,target_1dB,1,CL,A2_fixed,path_accuracy_k5,0.06666666666666667
76,n04235860/ILSVRC2012_val_00004033_n04235860,target_1dB,1,CL,A2_fixed,path_accuracy_k5,0.05333333333333334
77,n04252077/ILSVRC2012_val_00012989_n04252077,target_1dB,1,CL,A2_fixed,path_accuracy_k5,0.04
78,n04310018/ILSVRC2012_val_00003156_n04310018,target_1dB,1,CL,A2_fixed,path_accuracy_k5,0.08
79,n04328186/ILSVRC2012_val_00014795_n04328186,target_1dB,1,CL,A2_fixed,path_accuracy_k5,0.06666666666666667
80,n04346328/ILSVRC2012_val_00003305_n04346328,target_1dB,1,CL,A2_fixed,path_accuracy_k5,0.06666666666666667
81,n04357314/ILSVRC2012_val_00009430_n04357314,target_1dB,1,CL,A2_fixed,path_accuracy_k5,0.05333333333333334
82,n04371774/ILSVRC2012_val_00030870_n04371774,target_1dB,1,CL,A2_fixed,path_accuracy_k5,0.12000000000000001
83,n04392985/ILSVRC2012_val_00029362_n04392985,target_1dB,1,CL,A2_fixed,path_accuracy_k5,0.10666666666666667
84,n04456115/ILSVRC2012_val_00002331_n04456115,target_1dB,1,CL,A2_fixed,path_accuracy_k5,0.04
85,n04485082/ILSVRC2012_val_00000955_n04485082,target_1dB,1,CL,A2_fixed,path_accuracy_k5,0.08
86,n04515003/ILSVRC2012_val_00002400_n04515003,target_1dB,1,CL,A2_fixed,path_accuracy_k5,0.08
87,n04540053/ILSVRC2012_val_00007665_n04540053,target_1dB,1,CL,A2_fixed,path_accuracy_k5,0.06666666666666667
88,n04560804/ILSVRC2012_val_00029830_n04560804,target_1dB,1,CL,A2_fixed,path_accuracy_k5,0.18666666666666668
89,n04596742/ILSVRC2012_val_00007608_n04596742,target_1dB,1,CL,A2_fixed,path_accuracy_k5,0.08
90,n07583066/ILSVRC2012_val_00001378_n07583066,target_1dB,1,CL,A2_fixed,path_accuracy_k5,0.17333333333333334
91,n07590611/ILSVRC2012_val_00030972_n07590611,target_1dB,1,CL,A2_fixed,path_accuracy_k5,0.12
92,n07714990/ILSVRC2012_val_00008416_n07714990,target_1dB,1,CL,A2_fixed,path_accuracy_k5,0.10666666666666667
93,n07716906/ILSVRC2012_val_00011140_n07716906,target_1dB,1,CL,A2_fixed,path_accuracy_k5,0.10666666666666667
94,n07720875/ILSVRC2012_val_00000423_n07720875,target_1dB,1,CL,A2_fixed,path_accuracy_k5,0.04
95,n07860988/ILSVRC2012_val_00010848_n07860988,target_1dB,1,CL,A2_fixed,path_accuracy_k5,0.10666666666666667
96,n09288635/ILSVRC2012_val_00001270_n09288635,target_1dB,1,CL,A2_fixed,path_accuracy_k5,0.08
97,n09468604/ILSVRC2012_val_00030741_n09468604,target_1dB,1,CL,A2_fixed,path_accuracy_k5,0.04
98,n11939491/ILSVRC2012_val_00034896_n11939491,target_1dB,1,CL,A2_fixed,path_accuracy_k5,0.08
99,n15075141/ILSVRC2012_val_00005846_n15075141,target_1dB,1,CL,A2_fixed,path_accuracy_k5,0.09333333333333334
0,n01440764/ILSVRC2012_val_00003014_n01440764,target_1dB,1,CL,A2_fixed,acc_k6,0.0462962962962963
1,n01601694/ILSVRC2012_val_00021656_n01601694,target_1dB,1,CL,A2_fixed,acc_k6,0.009259259259259259
2,n01664065/ILSVRC2012_val_00014316_n01664065,target_1dB,1,CL,A2_fixed,acc_k6,0.08333333333333333
3,n01689811/ILSVRC2012_val_00020598_n01689811,target_1dB,1,CL,A2_fixed,acc_k6,0.0462962962962963
4,n01735189/ILSVRC2012_val_00006699_n01735189,target_1dB,1,CL,A2_fixed,acc_k6,0.037037037037037035
5,n01744401/ILSVRC2012_val_00032663_n01744401,target_1dB,1,CL,A2_fixed,acc_k6,0.009259259259259259
6,n01751748/ILSVRC2012_val_00033157_n01751748,target_1dB,1,CL,A2_fixed,acc_k6,0.018518518518518517
7,n01775062/ILSVRC2012_val_00036589_n01775062,target_1dB,1,CL,A2_fixed,acc_k6,0.037037037037037035
8,n01843383/ILSVRC2012_val_00005901_n01843383,target_1dB,1,CL,A2_fixed,acc_k6,0.05555555555555555
9,n01860187/ILSVRC2012_val_00021594_n01860187,target_1dB,1,CL,A2_fixed,acc_k6,0.0462962962962963
10,n01882714/ILSVRC2012_val_00019996_n01882714,target_1dB,1,CL,A2_fixed,acc_k6,0.027777777777777776
11,n01943899/ILSVRC2012_val_00005706_n01943899,target_1dB,1,CL,A2_fixed,acc_k6,0.07407407407407407
12,n01955084/ILSVRC2012_val_00001857_n01955084,target_1dB,1,CL,A2_fixed,acc_k6,0.037037037037037035
13,n01983481/ILSVRC2012_val_00019856_n01983481,target_1dB,1,CL,A2_fixed,acc_k6,0.0462962962962963
14,n02013706/ILSVRC2012_val_00003168_n02013706,target_1dB,1,CL,A2_fixed,acc_k6,0.037037037037037035
15,n02027492/ILSVRC2012_val_00007524_n02027492,target_1dB,1,CL,A2_fixed,acc_k6,0.05555555555555555
16,n02088094/ILSVRC2012_val_00005507_n02088094,target_1dB,1,CL,A2_fixed,acc_k6,0.037037037037037035
17,n02090622/ILSVRC2012_val_00006265_n02090622,target_1dB,1,CL,A2_fixed,acc_k6,0.027777777777777776
18,n02096177/ILSVRC2012_val_00019083_n02096177,target_1dB,1,CL,A2_fixed,acc_k6,0.009259259259259259
19,n02098286/ILSVRC2012_val_00038253_n02098286,target_1dB,1,CL,A2_fixed,acc_k6,0.009259259259259259
20,n02102480/ILSVRC2012_val_00010261_n02102480,target_1dB,1,CL,A2_fixed,acc_k6,0.009259259259259259
21,n02105641/ILSVRC2012_val_00018762_n02105641,target_1dB,1,CL,A2_fixed,acc_k6,0.027777777777777776
22,n02106550/ILSVRC2012_val_00014315_n02106550,target_1dB,1,CL,A2_fixed,acc_k6,0.10185185185185185
23,n02107683/ILSVRC2012_val_00010786_n02107683,target_1dB,1,CL,A2_fixed,acc_k6,0.0462962962962963
24,n02110806/ILSVRC2012_val_00030364_n02110806,target_1dB,1,CL,A2_fixed,acc_k6,0.0462962962962963
25,n02113799/ILSVRC2012_val_00007866_n02113799,target_1dB,1,CL,A2_fixed,acc_k6,0.05555555555555555
26,n02123159/ILSVRC2012_val_00025723_n02123159,target_1dB,1,CL,A2_fixed,acc_k6,0.0462962962962963
27,n02134084/ILSVRC2012_val_00020332_n02134084,target_1dB,1,CL,A2_fixed,acc_k6,0.037037037037037035
28,n02168699/ILSVRC2012_val_00040132_n02168699,target_1dB,1,CL,A2_fixed,acc_k6,0.027777777777777776
29,n02233338/ILSVRC2012_val_00016160_n02233338,target_1dB,1,CL,A2_fixed,acc_k6,0.037037037037037035
30,n02264363/ILSVRC2012_val_00027803_n02264363,target_1dB,1,CL,A2_fixed,acc_k6,0.018518518518518517
31,n02277742/ILSVRC2012_val_00015608_n02277742,target_1dB,1,CL,A2_fixed,acc_k6,0.05555555555555555
32,n02325366/ILSVRC2012_val_00024858_n02325366,target_1dB,1,CL,A2_fixed,acc_k6,0.07407407407407407
33,n02398521/ILSVRC2012_val_00018354_n02398521,target_1dB,1,CL,A2_fixed,acc_k6,0.009259259259259259
34,n02410509/ILSVRC2012_val_00022568_n02410509,target_1dB,1,CL,A2_fixed,acc_k6,0.07407407407407407
35,n02437312/ILSVRC2012_val_00006245_n02437312,target_1dB,1,CL,A2_fixed,acc_k6,0.05555555555555556
36,n02486410/ILSVRC2012_val_00009799_n02486410,target_1dB,1,CL,A2_fixed,acc_k6,0.027777777777777776
37,n02509815/ILSVRC2012_val_00014423_n02509815,target_1dB,1,CL,A2_fixed,acc_k6,0.027777777777777776
38,n02708093/ILSVRC2012_val_00024690_n02708093,target_1dB,1,CL,A2_fixed,acc_k6,0.009259259259259259
39,n02776631/ILSVRC2012_val_00028186_n02776631,target_1dB,1,CL,A2_fixed,acc_k6,0.037037037037037035
40,n02788148/ILSVRC2012_val_00012264_n02788148,target_1dB,1,CL,A2_fixed,acc_k6,0.0462962962962963
41,n02834397/ILSVRC2012_val_00010741_n02834397,target_1dB,1,CL,A2_fixed,acc_k6,0.05555555555555555
42,n02841315/ILSVRC2012_val_00014601_n02841315,target_1dB,1,CL,A2_fixed,acc_k6,0.06481481481481481
43,n02910353/ILSVRC2012_val_00017543_n02910353,target_1dB,1,CL,A2_fixed,acc_k6,0.018518518518518517
44,n02951585/ILSVRC2012_val_00008336_n02951585,target_1dB,1,CL,A2_fixed,acc_k6,0.027777777777777776
45,n02980441/ILSVRC2012_val_00023472_n02980441,target_1dB,1,CL,A2_fixed,acc_k6,0.027777777777777776
46,n03028079/ILSVRC2012_val_00031446_n03028079,target_1dB,1,CL,A2_fixed,acc_k6,0.0462962962962963
47,n03109150/ILSVRC2012_val_00032588_n03109150,target_1dB,1,CL,A2_fixed,acc_k6,0.018518518518518517
48,n03127747/ILSVRC2012_val_00003732_n03127747,target_1dB,1,CL,A2_fixed,acc_k6,0.027777777777777776
49,n03220513/ILSVRC2012_val_00006359_n03220513,target_1dB,1,CL,A2_fixed,acc_k6,0.027777777777777776
50,n03372029/ILSVRC2012_val_00034937_n03372029,target_1dB,1,CL,A2_fixed,acc_k6,0.037037037037037035
51,n03388549/ILSVRC2012_val_00022928_n03388549,target_1dB,1,CL,A2_fixed,acc_k6,0.027777777777777776
52,n03424325/ILSVRC2012_val_00006147_n03424325,target_1dB,1,CL,A2_fixed,acc_k6,0.018518518518518517
53,n03447721/ILSVRC2012_val_00006942_n03447721,target_1dB,1,CL,A2_fixed,acc_k6,0.018518518518518517
54,n03485794/ILSVRC2012_val_00010782_n03485794,target_1dB,1,CL,A2_fixed,acc_k6,0.037037037037037035
55,n03527444/ILSVRC2012_val_00035251_n03527444,target_1dB,1,CL,A2_fixed,acc_k6,0.06481481481481481
56,n03584254/ILSVRC2012_val_00016384_n03584254,target_1dB,1,CL,A2_fixed,acc_k6,0.009259259259259259
57,n03623198/ILSVRC2012_val_00019928_n03623198,target_1dB,1,CL,A2_fixed,acc_k6,0.009259259259259259
58,n03657121/ILSVRC2012_val_00000359_n03657121,target_1dB,1,CL,A2_fixed,acc_k6,0.0
59,n03706229/ILSVRC2012_val_00017460_n03706229,target_1dB,1,CL,A2_fixed,acc_k6,0.009259259259259259
60,n03759954/ILSVRC2012_val_00010804_n03759954,target_1dB,1,CL,A2_fixed,acc_k6,0.12037037037037036
61,n03775071/ILSVRC2012_val_00002420_n03775071,target_1dB,1,CL,A2_fixed,acc_k6,0.009259259259259259
62,n03782006/ILSVRC2012_val_00004758_n03782006,target_1dB,1,CL,A2_fixed,acc_k6,0.05555555555555555
63,n03796401/ILSVRC2012_val_00025827_n03796401,target_1dB,1,CL,A2_fixed,acc_k6,0.07407407407407407
64,n03866082/ILSVRC2012_val_00003554_n03866082,target_1dB,1,CL,A2_fixed,acc_k6,0.027777777777777776
65,n03876231/ILSVRC2012_val_00022714_n03876231,target_1dB,1,CL,A2_fixed,acc_k6,0.027777777777777776
66,n03929660/ILSVRC2012_val_00012300_n03929660,target_1dB,1,CL,A2_fixed,acc_k6,0.018518518518518517
67,n03950228/ILSVRC2012_val_00019039_n03950228,target_1dB,1,CL,A2_fixed,acc_k6,0.0462962962962963
68,n03977966/ILSVRC2012_val_00027383_n03977966,target_1dB,1,CL,A2_fixed,acc_k6,0.05555555555555555
69,n03983396/ILSVRC2012_val_00012891_n03983396,target_1dB,1,CL,A2_fixed,acc_k6,0.009259259259259259
70,n04044716/ILSVRC2012_val_00039752_n04044716,target_1dB,1,CL,A2_fixed,acc_k6,0.009259259259259259
71,n04067472/ILSVRC2012_val_00007618_n04067472,target_1dB,1,CL,A2_fixed,acc_k6,0.0462962962962963
72,n04111531/ILSVRC2012_val_00013982_n04111531,target_1dB,1,CL,A2_fixed,acc_k6,0.0462962962962963
73,n04131690/ILSVRC2012_val_00002728_n04131690,target_1dB,1,CL,A2_fixed,acc_k6,0.0462962962962963
74,n04153751/ILSVRC2012_val_00008426_n04153751,target_1dB,1,CL,A2_fixed,acc_k6,0.018518518518518517
75,n04204347/ILSVRC2012_val_00018921_n04204347,target_1dB,1,CL,A2_fixed,acc_k6,0.027777777777777776
76,n04235860/ILSVRC2012_val_00004033_n04235860,target_1dB,1,CL,A2_fixed,acc_k6,0.027777777777777776
77,n04252077/ILSVRC2012_val_00012989_n04252077,target_1dB,1,CL,A2_fixed,acc_k6,0.037037037037037035
78,n04310018/ILSVRC2012_val_00003156_n04310018,target_1dB,1,CL,A2_fixed,acc_k6,0.05555555555555555
79,n04328186/ILSVRC2012_val_00014795_n04328186,target_1dB,1,CL,A2_fixed,acc_k6,0.018518518518518517
80,n04346328/ILSVRC2012_val_00003305_n04346328,target_1dB,1,CL,A2_fixed,acc_k6,0.06481481481481481
81,n04357314/ILSVRC2012_val_00009430_n04357314,target_1dB,1,CL,A2_fixed,acc_k6,0.08333333333333333
82,n04371774/ILSVRC2012_val_00030870_n04371774,target_1dB,1,CL,A2_fixed,acc_k6,0.0
83,n04392985/ILSVRC2012_val_00029362_n04392985,target_1dB,1,CL,A2_fixed,acc_k6,0.0462962962962963
84,n04456115/ILSVRC2012_val_00002331_n04456115,target_1dB,1,CL,A2_fixed,acc_k6,0.027777777777777776
85,n04485082/ILSVRC2012_val_00000955_n04485082,target_1dB,1,CL,A2_fixed,acc_k6,0.027777777777777776
86,n04515003/ILSVRC2012_val_00002400_n04515003,target_1dB,1,CL,A2_fixed,acc_k6,0.0462962962962963
87,n04540053/ILSVRC2012_val_00007665_n04540053,target_1dB,1,CL,A2_fixed,acc_k6,0.06481481481481481
88,n04560804/ILSVRC2012_val_00029830_n04560804,target_1dB,1,CL,A2_fixed,acc_k6,0.037037037037037035
89,n04596742/ILSVRC2012_val_00007608_n04596742,target_1dB,1,CL,A2_fixed,acc_k6,0.018518518518518517
90,n07583066/ILSVRC2012_val_00001378_n07583066,target_1dB,1,CL,A2_fixed,acc_k6,0.07407407407407407
91,n07590611/ILSVRC2012_val_00030972_n07590611,target_1dB,1,CL,A2_fixed,acc_k6,0.1388888888888889
92,n07714990/ILSVRC2012_val_00008416_n07714990,target_1dB,1,CL,A2_fixed,acc_k6,0.05555555555555556
93,n07716906/ILSVRC2012_val_00011140_n07716906,target_1dB,1,CL,A2_fixed,acc_k6,0.037037037037037035
94,n07720875/ILSVRC2012_val_00000423_n07720875,target_1dB,1,CL,A2_fixed,acc_k6,0.027777777777777776
95,n07860988/ILSVRC2012_val_00010848_n07860988,target_1dB,1,CL,A2_fixed,acc_k6,0.037037037037037035
96,n09288635/ILSVRC2012_val_00001270_n09288635,target_1dB,1,CL,A2_fixed,acc_k6,0.018518518518518517
97,n09468604/ILSVRC2012_val_00030741_n09468604,target_1dB,1,CL,A2_fixed,acc_k6,0.027777777777777776
98,n11939491/ILSVRC2012_val_00034896_n11939491,target_1dB,1,CL,A2_fixed,acc_k6,0.07407407407407408
99,n15075141/ILSVRC2012_val_00005846_n15075141,target_1dB,1,CL,A2_fixed,acc_k6,0.0462962962962963
0,n01440764/ILSVRC2012_val_00003014_n01440764,target_1dB,1,CL,A2_fixed,logp_true_k6,-6.758275188781596
1,n01601694/ILSVRC2012_val_00021656_n01601694,target_1dB,1,CL,A2_fixed,logp_true_k6,-7.505125991724156
2,n01664065/ILSVRC2012_val_00014316_n01664065,target_1dB,1,CL,A2_fixed,logp_true_k6,-7.435865400428021
3,n01689811/ILSVRC2012_val_00020598_n01689811,target_1dB,1,CL,A2_fixed,logp_true_k6,-7.449629912739273
4,n01735189/ILSVRC2012_val_00006699_n01735189,target_1dB,1,CL,A2_fixed,logp_true_k6,-7.362208936087511
5,n01744401/ILSVRC2012_val_00032663_n01744401,target_1dB,1,CL,A2_fixed,logp_true_k6,-7.866402082973056
6,n01751748/ILSVRC2012_val_00033157_n01751748,target_1dB,1,CL,A2_fixed,logp_true_k6,-7.624762716116728
7,n01775062/ILSVRC2012_val_00036589_n01775062,target_1dB,1,CL,A2_fixed,logp_true_k6,-6.7386952417868144
8,n01843383/ILSVRC2012_val_00005901_n01843383,target_1dB,1,CL,A2_fixed,logp_true_k6,-6.899866976257827
9,n01860187/ILSVRC2012_val_00021594_n01860187,target_1dB,1,CL,A2_fixed,logp_true_k6,-7.059622773141772
10,n01882714/ILSVRC2012_val_00019996_n01882714,target_1dB,1,CL,A2_fixed,logp_true_k6,-7.039007108802994
11,n01943899/ILSVRC2012_val_00005706_n01943899,target_1dB,1,CL,A2_fixed,logp_true_k6,-7.6480450828870135
12,n01955084/ILSVRC2012_val_00001857_n01955084,target_1dB,1,CL,A2_fixed,logp_true_k6,-7.848385017227243
13,n01983481/ILSVRC2012_val_00019856_n01983481,target_1dB,1,CL,A2_fixed,logp_true_k6,-6.85827612039564
14,n02013706/ILSVRC2012_val_00003168_n02013706,target_1dB,1,CL,A2_fixed,logp_true_k6,-7.494298527293183
15,n02027492/ILSVRC2012_val_00007524_n02027492,target_1dB,1,CL,A2_fixed,logp_true_k6,-7.599444724067493
16,n02088094/ILSVRC2012_val_00005507_n02088094,target_1dB,1,CL,A2_fixed,logp_true_k6,-7.957326088376618
17,n02090622/ILSVRC2012_val_00006265_n02090622,target_1dB,1,CL,A2_fixed,logp_true_k6,-7.5598070075114565
18,n02096177/ILSVRC2012_val_00019083_n02096177,target_1dB,1,CL,A2_fixed,logp_true_k6,-7.442249576250712
19,n02098286/ILSVRC2012_val_00038253_n02098286,target_1dB,1,CL,A2_fixed,logp_true_k6,-7.506572284080363
20,n02102480/ILSVRC2012_val_00010261_n02102480,target_1dB,1,CL,A2_fixed,logp_true_k6,-7.293189677927228
21,n02105641/ILSVRC2012_val_00018762_n02105641,target_1dB,1,CL,A2_fixed,logp_true_k6,-6.980940909297377
22,n02106550/ILSVRC2012_val_00014315_n02106550,target_1dB,1,CL,A2_fixed,logp_true_k6,-6.839331547436476
23,n02107683/ILSVRC2012_val_00010786_n02107683,target_1dB,1,CL,A2_fixed,logp_true_k6,-7.708101705268578
24,n02110806/ILSVRC2012_val_00030364_n02110806,target_1dB,1,CL,A2_fixed,logp_true_k6,-7.071961097695209
25,n02113799/ILSVRC2012_val_00007866_n02113799,target_1dB,1,CL,A2_fixed,logp_true_k6,-7.531229984981042
26,n02123159/ILSVRC2012_val_00025723_n02123159,target_1dB,1,CL,A2_fixed,logp_true_k6,-7.66598215147301
27,n02134084/ILSVRC2012_val_00020332_n02134084,target_1dB,1,CL,A2_fixed,logp_true_k6,-7.913308938344319
28,n02168699/ILSVRC2012_val_00040132_n02168699,target_1dB,1,CL,A2_fixed,logp_true_k6,-7.985314323670333
29,n02233338/ILSVRC2012_val_00016160_n02233338,target_1dB,1,CL,A2_fixed,logp_true_k6,-6.916346558266215
30,n02264363/ILSVRC2012_val_00027803_n02264363,target_1dB,1,CL,A2_fixed,logp_true_k6,-7.631305590823845
31,n02277742/ILSVRC2012_val_00015608_n02277742,target_1dB,1,CL,A2_fixed,logp_true_k6,-7.215852551058763
32,n02325366/ILSVRC2012_val_00024858_n02325366,target_1dB,1,CL,A2_fixed,logp_true_k6,-6.56691027984575
33,n02398521/ILSVRC2012_val_00018354_n02398521,target_1dB,1,CL,A2_fixed,logp_true_k6,-6.649252224851537
34,n02410509/ILSVRC2012_val_00022568_n02410509,target_1dB,1,CL,A2_fixed,logp_true_k6,-7.4209321643467305
35,n02437312/ILSVRC2012_val_00006245_n02437312,target_1dB,1,CL,A2_fixed,logp_true_k6,-7.732794372916774
36,n02486410/ILSVRC2012_val_00009799_n02486410,target_1dB,1,CL,A2_fixed,logp_true_k6,-7.221802481898554
37,n02509815/ILSVRC2012_val_00014423_n02509815,target_1dB,1,CL,A2_fixed,logp_true_k6,-7.289990520587673
38,n02708093/ILSVRC2012_val_00024690_n02708093,target_1dB,1,CL,A2_fixed,logp_true_k6,-7.488034182676562
39,n02776631/ILSVRC2012_val_00028186_n02776631,target_1dB,1,CL,A2_fixed,logp_true_k6,-7.6551136015741905
40,n02788148/ILSVRC2012_val_00012264_n02788148,target_1dB,1,CL,A2_fixed,logp_true_k6,-7.5095377121534606
41,n02834397/ILSVRC2012_val_00010741_n02834397,target_1dB,1,CL,A2_fixed,logp_true_k6,-7.482560866684825
42,n02841315/ILSVRC2012_val_00014601_n02841315,target_1dB,1,CL,A2_fixed,logp_true_k6,-7.526096202157162
43,n02910353/ILSVRC2012_val_00017543_n02910353,target_1dB,1,CL,A2_fixed,logp_true_k6,-7.73103403934726
44,n02951585/ILSVRC2012_val_00008336_n02951585,target_1dB,1,CL,A2_fixed,logp_true_k6,-7.559558763272232
45,n02980441/ILSVRC2012_val_00023472_n02980441,target_1dB,1,CL,A2_fixed,logp_true_k6,-7.568662365829503
46,n03028079/ILSVRC2012_val_00031446_n03028079,target_1dB,1,CL,A2_fixed,logp_true_k6,-7.052075001376646
47,n03109150/ILSVRC2012_val_00032588_n03109150,target_1dB,1,CL,A2_fixed,logp_true_k6,-7.481370835944458
48,n03127747/ILSVRC2012_val_00003732_n03127747,target_1dB,1,CL,A2_fixed,logp_true_k6,-7.360208227678581
49,n03220513/ILSVRC2012_val_00006359_n03220513,target_1dB,1,CL,A2_fixed,logp_true_k6,-7.55296955064491
50,n03372029/ILSVRC2012_val_00034937_n03372029,target_1dB,1,CL,A2_fixed,logp_true_k6,-7.587257390013999
51,n03388549/ILSVRC2012_val_00022928_n03388549,target_1dB,1,CL,A2_fixed,logp_true_k6,-7.433837168746524
52,n03424325/ILSVRC2012_val_00006147_n03424325,target_1dB,1,CL,A2_fixed,logp_true_k6,-7.944987818046852
53,n03447721/ILSVRC2012_val_00006942_n03447721,target_1dB,1,CL,A2_fixed,logp_true_k6,-7.031283123763623
54,n03485794/ILSVRC2012_val_00010782_n03485794,target_1dB,1,CL,A2_fixed,logp_true_k6,-7.827537450525495
55,n03527444/ILSVRC2012_val_00035251_n03527444,target_1dB,1,CL,A2_fixed,logp_true_k6,-7.177750814016218
56,n03584254/ILSVRC2012_val_00016384_n03584254,target_1dB,1,CL,A2_fixed,logp_true_k6,-7.527522583802541
57,n03623198/ILSVRC2012_val_00019928_n03623198,target_1dB,1,CL,A2_fixed,logp_true_k6,-7.399072443997418
58,n03657121/ILSVRC2012_val_00000359_n03657121,target_1dB,1,CL,A2_fixed,logp_true_k6,-8.00695032985122
59,n03706229/ILSVRC2012_val_00017460_n03706229,target_1dB,1,CL,A2_fixed,logp_true_k6,-7.319070694623169
60,n03759954/ILSVRC2012_val_00010804_n03759954,target_1dB,1,CL,A2_fixed,logp_true_k6,-6.484914255367282
61,n03775071/ILSVRC2012_val_00002420_n03775071,target_1dB,1,CL,A2_fixed,logp_true_k6,-7.405355385056249
62,n03782006/ILSVRC2012_val_00004758_n03782006,target_1dB,1,CL,A2_fixed,logp_true_k6,-7.827175494145464
63,n03796401/ILSVRC2012_val_00025827_n03796401,target_1dB,1,CL,A2_fixed,logp_true_k6,-7.41848130248211
64,n03866082/ILSVRC2012_val_00003554_n03866082,target_1dB,1,CL,A2_fixed,logp_true_k6,-7.464831585133516
65,n03876231/ILSVRC2012_val_00022714_n03876231,target_1dB,1,CL,A2_fixed,logp_true_k6,-6.561123356775002
66,n03929660/ILSVRC2012_val_00012300_n03929660,target_1dB,1,CL,A2_fixed,logp_true_k6,-8.128559204163375
67,n03950228/ILSVRC2012_val_00019039_n03950228,target_1dB,1,CL,A2_fixed,logp_true_k6,-7.863380073100551
68,n03977966/ILSVRC2012_val_00027383_n03977966,target_1dB,1,CL,A2_fixed,logp_true_k6,-6.760081040776438
69,n03983396/ILSVRC2012_val_00012891_n03983396,target_1dB,1,CL,A2_fixed,logp_true_k6,-8.053800851106644
70,n04044716/ILSVRC2012_val_00039752_n04044716,target_1dB,1,CL,A2_fixed,logp_true_k6,-8.37459823599568
71,n04067472/ILSVRC2012_val_00007618_n04067472,target_1dB,1,CL,A2_fixed,logp_true_k6,-6.908060464318151
72,n04111531/ILSVRC2012_val_00013982_n04111531,target_1dB,1,CL,A2_fixed,logp_true_k6,-7.0496563107051236
73,n04131690/ILSVRC2012_val_00002728_n04131690,target_1dB,1,CL,A2_fixed,logp_true_k6,-6.930746375962539
74,n04153751/ILSVRC2012_val_00008426_n04153751,target_1dB,1,CL,A2_fixed,logp_true_k6,-7.955533619280213
75,n04204347/ILSVRC2012_val_00018921_n04204347,target_1dB,1,CL,A2_fixed,logp_true_k6,-6.8465431907938585
76,n04235860/ILSVRC2012_val_00004033_n04235860,target_1dB,1,CL,A2_fixed,logp_true_k6,-7.536261981836071
77,n04252077/ILSVRC2012_val_00012989_n04252077,target_1dB,1,CL,A2_fixed,logp_true_k6,-6.8917745219336615
78,n04310018/ILSVRC2012_val_00003156_n04310018,target_1dB,1,CL,A2_fixed,logp_true_k6,-7.524228879974949
79,n04328186/ILSVRC2012_val_00014795_n04328186,target_1dB,1,CL,A2_fixed,logp_true_k6,-7.74937238185494
80,n04346328/ILSVRC2012_val_00003305_n04346328,target_1dB,1,CL,A2_fixed,logp_true_k6,-6.9514721496789535
81,n04357314/ILSVRC2012_val_00009430_n04357314,target_1dB,1,CL,A2_fixed,logp_true_k6,-6.868924826797511
82,n04371774/ILSVRC2012_val_00030870_n04371774,target_1dB,1,CL,A2_fixed,logp_true_k6,-7.912607615744626
83,n04392985/ILSVRC2012_val_00029362_n04392985,target_1dB,1,CL,A2_fixed,logp_true_k6,-7.4453851959487
84,n04456115/ILSVRC2012_val_00002331_n04456115,target_1dB,1,CL,A2_fixed,logp_true_k6,-7.965250157785636
85,n04485082/ILSVRC2012_val_00000955_n04485082,target_1dB,1,CL,A2_fixed,logp_true_k6,-7.1284262060567185
86,n04515003/ILSVRC2012_val_00002400_n04515003,target_1dB,1,CL,A2_fixed,logp_true_k6,-6.964588946214428
87,n04540053/ILSVRC2012_val_00007665_n04540053,target_1dB,1,CL,A2_fixed,logp_true_k6,-6.601055723925431
88,n04560804/ILSVRC2012_val_00029830_n04560804,target_1dB,1,CL,A2_fixed,logp_true_k6,-6.757118262523026
89,n04596742/ILSVRC2012_val_00007608_n04596742,target_1dB,1,CL,A2_fixed,logp_true_k6,-8.266484051114983
90,n07583066/ILSVRC2012_val_00001378_n07583066,target_1dB,1,CL,A2_fixed,logp_true_k6,-7.011609769046857
91,n07590611/ILSVRC2012_val_00030972_n07590611,target_1dB,1,CL,A2_fixed,logp_true_k6,-6.668897705976161
92,n07714990/ILSVRC2012_val_00008416_n07714990,target_1dB,1,CL,A2_fixed,logp_true_k6,-7.516643661867689
93,n07716906/ILSVRC2012_val_00011140_n07716906,target_1dB,1,CL,A2_fixed,logp_true_k6,-7.344251887251933
94,n07720875/ILSVRC2012_val_00000423_n07720875,target_1dB,1,CL,A2_fixed,logp_true_k6,-7.375797330505318
95,n07860988/ILSVRC2012_val_00010848_n07860988,target_1dB,1,CL,A2_fixed,logp_true_k6,-7.663549900908644
96,n09288635/ILSVRC2012_val_00001270_n09288635,target_1dB,1,CL,A2_fixed,logp_true_k6,-7.715980584422748
97,n09468604/ILSVRC2012_val_00030741_n09468604,target_1dB,1,CL,A2_fixed,logp_true_k6,-7.320041820544887
98,n11939491/ILSVRC2012_val_00034896_n11939491,target_1dB,1,CL,A2_fixed,logp_true_k6,-7.244871286882294
99,n15075141/ILSVRC2012_val_00005846_n15075141,target_1dB,1,CL,A2_fixed,logp_true_k6,-7.371944272131831
0,n01440764/ILSVRC2012_val_00003014_n01440764,target_1dB,1,CL,A2_fixed,entropy_k6,2.994419339482048
1,n01601694/ILSVRC2012_val_00021656_n01601694,target_1dB,1,CL,A2_fixed,entropy_k6,4.023252095992089
2,n01664065/ILSVRC2012_val_00014316_n01664065,target_1dB,1,CL,A2_fixed,entropy_k6,3.006818986394803
3,n01689811/ILSVRC2012_val_00020598_n01689811,target_1dB,1,CL,A2_fixed,entropy_k6,3.3896660780397276
4,n01735189/ILSVRC2012_val_00006699_n01735189,target_1dB,1,CL,A2_fixed,entropy_k6,3.4984685148560186
5,n01744401/ILSVRC2012_val_00032663_n01744401,target_1dB,1,CL,A2_fixed,entropy_k6,4.237093511359632
6,n01751748/ILSVRC2012_val_00033157_n01751748,target_1dB,1,CL,A2_fixed,entropy_k6,4.079257891483404
7,n01775062/ILSVRC2012_val_00036589_n01775062,target_1dB,1,CL,A2_fixed,entropy_k6,3.3864827315603736
8,n01843383/ILSVRC2012_val_00005901_n01843383,target_1dB,1,CL,A2_fixed,entropy_k6,2.977840919172367
9,n01860187/ILSVRC2012_val_00021594_n01860187,target_1dB,1,CL,A2_fixed,entropy_k6,3.0231594389479874
10,n01882714/ILSVRC2012_val_00019996_n01882714,target_1dB,1,CL,A2_fixed,entropy_k6,3.2144475250638673
11,n01943899/ILSVRC2012_val_00005706_n01943899,target_1dB,1,CL,A2_fixed,entropy_k6,3.6166447986361328
12,n01955084/ILSVRC2012_val_00001857_n01955084,target_1dB,1,CL,A2_fixed,entropy_k6,3.1994082771019756
13,n01983481/ILSVRC2012_val_00019856_n01983481,target_1dB,1,CL,A2_fixed,entropy_k6,2.89238234766267
14,n02013706/ILSVRC2012_val_00003168_n02013706,target_1dB,1,CL,A2_fixed,entropy_k6,3.1215010522747946
15,n02027492/ILSVRC2012_val_00007524_n02027492,target_1dB,1,CL,A2_fixed,entropy_k6,3.3004006284317104
16,n02088094/ILSVRC2012_val_00005507_n02088094,target_1dB,1,CL,A2_fixed,entropy_k6,3.249957540851785
17,n02090622/ILSVRC2012_val_00006265_n02090622,target_1dB,1,CL,A2_fixed,entropy_k6,3.4592346087831216
18,n02096177/ILSVRC2012_val_00019083_n02096177,target_1dB,1,CL,A2_fixed,entropy_k6,3.815286383198464
19,n02098286/ILSVRC2012_val_00038253_n02098286,target_1dB,1,CL,A2_fixed,entropy_k6,3.6457096970439262
20,n02102480/ILSVRC2012_val_00010261_n02102480,target_1dB,1,CL,A2_fixed,entropy_k6,4.268174753988724
21,n02105641/ILSVRC2012_val_00018762_n02105641,target_1dB,1,CL,A2_fixed,entropy_k6,3.2193042327268437
22,n02106550/ILSVRC2012_val_00014315_n02106550,target_1dB,1,CL,A2_fixed,entropy_k6,3.029447627909739
23,n02107683/ILSVRC2012_val_00010786_n02107683,target_1dB,1,CL,A2_fixed,entropy_k6,3.931050766032753
24,n02110806/ILSVRC2012_val_00030364_n02110806,target_1dB,1,CL,A2_fixed,entropy_k6,3.140167425340586
25,n02113799/ILSVRC2012_val_00007866_n02113799,target_1dB,1,CL,A2_fixed,entropy_k6,3.334685696289745
26,n02123159/ILSVRC2012_val_00025723_n02123159,target_1dB,1,CL,A2_fixed,entropy_k6,3.0345604125821346
27,n02134084/ILSVRC2012_val_00020332_n02134084,target_1dB,1,CL,A2_fixed,entropy_k6,3.956402542910228
28,n02168699/ILSVRC2012_val_00040132_n02168699,target_1dB,1,CL,A2_fixed,entropy_k6,4.028105701525433
29,n02233338/ILSVRC2012_val_00016160_n02233338,target_1dB,1,CL,A2_fixed,entropy_k6,3.4892850736266117
30,n02264363/ILSVRC2012_val_00027803_n02264363,target_1dB,1,CL,A2_fixed,entropy_k6,4.299047616145876
31,n02277742/ILSVRC2012_val_00015608_n02277742,target_1dB,1,CL,A2_fixed,entropy_k6,3.3781612182377128
32,n02325366/ILSVRC2012_val_00024858_n02325366,target_1dB,1,CL,A2_fixed,entropy_k6,2.975694072124267
33,n02398521/ILSVRC2012_val_00018354_n02398521,target_1dB,1,CL,A2_fixed,entropy_k6,3.479120458635611
34,n02410509/ILSVRC2012_val_00022568_n02410509,target_1dB,1,CL,A2_fixed,entropy_k6,3.5866670653313206
35,n02437312/ILSVRC2012_val_00006245_n02437312,target_1dB,1,CL,A2_fixed,entropy_k6,3.2748242945927273
36,n02486410/ILSVRC2012_val_00009799_n02486410,target_1dB,1,CL,A2_fixed,entropy_k6,3.7488961437065584
37,n02509815/ILSVRC2012_val_00014423_n02509815,target_1dB,1,CL,A2_fixed,entropy_k6,3.5852536955600147
38,n02708093/ILSVRC2012_val_00024690_n02708093,target_1dB,1,CL,A2_fixed,entropy_k6,3.62400533251204
39,n02776631/ILSVRC2012_val_00028186_n02776631,target_1dB,1,CL,A2_fixed,entropy_k6,3.2314447197696254
40,n02788148/ILSVRC2012_val_00012264_n02788148,target_1dB,1,CL,A2_fixed,entropy_k6,3.3964243003821704
41,n02834397/ILSVRC2012_val_00010741_n02834397,target_1dB,1,CL,A2_fixed,entropy_k6,3.7712528336581745
42,n02841315/ILSVRC2012_val_00014601_n02841315,target_1dB,1,CL,A2_fixed,entropy_k6,3.5288797995267154
43,n02910353/ILSVRC2012_val_00017543_n02910353,target_1dB,1,CL,A2_fixed,entropy_k6,3.2463716627697927
44,n02951585/ILSVRC2012_val_00008336_n02951585,target_1dB,1,CL,A2_fixed,entropy_k6,3.9484114922611386
45,n02980441/ILSVRC2012_val_00023472_n02980441,target_1dB,1,CL,A2_fixed,entropy_k6,3.638398317257407
46,n03028079/ILSVRC2012_val_00031446_n03028079,target_1dB,1,CL,A2_fixed,entropy_k6,3.5076979445230365
47,n03109150/ILSVRC2012_val_00032588_n03109150,target_1dB,1,CL,A2_fixed,entropy_k6,4.270587785518724
48,n03127747/ILSVRC2012_val_00003732_n03127747,target_1dB,1,CL,A2_fixed,entropy_k6,3.403469083730186
49,n03220513/ILSVRC2012_val_00006359_n03220513,target_1dB,1,CL,A2_fixed,entropy_k6,3.789536386471306
50,n03372029/ILSVRC2012_val_00034937_n03372029,target_1dB,1,CL,A2_fixed,entropy_k6,3.3282615727384197
51,n03388549/ILSVRC2012_val_00022928_n03388549,target_1dB,1,CL,A2_fixed,entropy_k6,3.50058759405562
52,n03424325/ILSVRC2012_val_00006147_n03424325,target_1dB,1,CL,A2_fixed,entropy_k6,3.706944344671449
53,n03447721/ILSVRC2012_val_00006942_n03447721,target_1dB,1,CL,A2_fixed,entropy_k6,2.719785505609696
54,n03485794/ILSVRC2012_val_00010782_n03485794,target_1dB,1,CL,A2_fixed,entropy_k6,3.8460671322927116
55,n03527444/ILSVRC2012_val_00035251_n03527444,target_1dB,1,CL,A2_fixed,entropy_k6,3.24227633964234
56,n03584254/ILSVRC2012_val_00016384_n03584254,target_1dB,1,CL,A2_fixed,entropy_k6,4.714401085679543
57,n03623198/ILSVRC2012_val_00019928_n03623198,target_1dB,1,CL,A2_fixed,entropy_k6,4.492064625745184
58,n03657121/ILSVRC2012_val_00000359_n03657121,target_1dB,1,CL,A2_fixed,entropy_k6,4.516408546753149
59,n03706229/ILSVRC2012_val_00017460_n03706229,target_1dB,1,CL,A2_fixed,entropy_k6,4.115215173834035
60,n03759954/ILSVRC2012_val_00010804_n03759954,target_1dB,1,CL,A2_fixed,entropy_k6,2.5993681916971925
61,n03775071/ILSVRC2012_val_00002420_n03775071,target_1dB,1,CL,A2_fixed,entropy_k6,4.253078866469646
62,n03782006/ILSVRC2012_val_00004758_n03782006,target_1dB,1,CL,A2_fixed,entropy_k6,3.428662317602926
63,n03796401/ILSVRC2012_val_00025827_n03796401,target_1dB,1,CL,A2_fixed,entropy_k6,3.4282847405420025
64,n03866082/ILSVRC2012_val_00003554_n03866082,target_1dB,1,CL,A2_fixed,entropy_k6,3.4910174319172858
65,n03876231/ILSVRC2012_val_00022714_n03876231,target_1dB,1,CL,A2_fixed,entropy_k6,3.955125658269436
66,n03929660/ILSVRC2012_val_00012300_n03929660,target_1dB,1,CL,A2_fixed,entropy_k6,4.2833793676157255
67,n03950228/ILSVRC2012_val_00019039_n03950228,target_1dB,1,CL,A2_fixed,entropy_k6,3.7057566957234003
68,n03977966/ILSVRC2012_val_00027383_n03977966,target_1dB,1,CL,A2_fixed,entropy_k6,3.2204804277959798
69,n03983396/ILSVRC2012_val_00012891_n03983396,target_1dB,1,CL,A2_fixed,entropy_k6,3.525328618192915
70,n04044716/ILSVRC2012_val_00039752_n04044716,target_1dB,1,CL,A2_fixed,entropy_k6,4.352306882470302
71,n04067472/ILSVRC2012_val_00007618_n04067472,target_1dB,1,CL,A2_fixed,entropy_k6,3.0488211915545236
72,n04111531/ILSVRC2012_val_00013982_n04111531,target_1dB,1,CL,A2_fixed,entropy_k6,3.447476105734618
73,n04131690/ILSVRC2012_val_00002728_n04131690,target_1dB,1,CL,A2_fixed,entropy_k6,3.8539478881647944
74,n04153751/ILSVRC2012_val_00008426_n04153751,target_1dB,1,CL,A2_fixed,entropy_k6,4.537754026815683
75,n04204347/ILSVRC2012_val_00018921_n04204347,target_1dB,1,CL,A2_fixed,entropy_k6,4.017016132189713
76,n04235860/ILSVRC2012_val_00004033_n04235860,target_1dB,1,CL,A2_fixed,entropy_k6,3.3419258277558206
77,n04252077/ILSVRC2012_val_00012989_n04252077,target_1dB,1,CL,A2_fixed,entropy_k6,3.358503370833206
78,n04310018/ILSVRC2012_val_00003156_n04310018,target_1dB,1,CL,A2_fixed,entropy_k6,3.2044433637663965
79,n04328186/ILSVRC2012_val_00014795_n04328186,target_1dB,1,CL,A2_fixed,entropy_k6,3.8248969634864713
80,n04346328/ILSVRC2012_val_00003305_n04346328,target_1dB,1,CL,A2_fixed,entropy_k6,3.419834631446365
81,n04357314/ILSVRC2012_val_00009430_n04357314,target_1dB,1,CL,A2_fixed,entropy_k6,3.0778746319914276
82,n04371774/ILSVRC2012_val_00030870_n04371774,target_1dB,1,CL,A2_fixed,entropy_k6,3.495438867752879
83,n04392985/ILSVRC2012_val_00029362_n04392985,target_1dB,1,CL,A2_fixed,entropy_k6,3.4342002445243147
84,n04456115/ILSVRC2012_val_00002331_n04456115,target_1dB,1,CL,A2_fixed,entropy_k6,3.447090693599885
85,n04485082/ILSVRC2012_val_00000955_n04485082,target_1dB,1,CL,A2_fixed,entropy_k6,3.044391732394329
86,n04515003/ILSVRC2012_val_00002400_n04515003,target_1dB,1,CL,A2_fixed,entropy_k6,3.6695601664384028
87,n04540053/ILSVRC2012_val_00007665_n04540053,target_1dB,1,CL,A2_fixed,entropy_k6,3.2490439564184412
88,n04560804/ILSVRC2012_val_00029830_n04560804,target_1dB,1,CL,A2_fixed,entropy_k6,2.689529177035901
89,n04596742/ILSVRC2012_val_00007608_n04596742,target_1dB,1,CL,A2_fixed,entropy_k6,3.332040357267067
90,n07583066/ILSVRC2012_val_00001378_n07583066,target_1dB,1,CL,A2_fixed,entropy_k6,3.1158400657745413
91,n07590611/ILSVRC2012_val_00030972_n07590611,target_1dB,1,CL,A2_fixed,entropy_k6,2.8311832897068285
92,n07714990/ILSVRC2012_val_00008416_n07714990,target_1dB,1,CL,A2_fixed,entropy_k6,3.1506739249709894
93,n07716906/ILSVRC2012_val_00011140_n07716906,target_1dB,1,CL,A2_fixed,entropy_k6,3.5312101044457402
94,n07720875/ILSVRC2012_val_00000423_n07720875,target_1dB,1,CL,A2_fixed,entropy_k6,3.6372535172590914
95,n07860988/ILSVRC2012_val_00010848_n07860988,target_1dB,1,CL,A2_fixed,entropy_k6,3.0676130685654637
96,n09288635/ILSVRC2012_val_00001270_n09288635,target_1dB,1,CL,A2_fixed,entropy_k6,3.893119472512684
97,n09468604/ILSVRC2012_val_00030741_n09468604,target_1dB,1,CL,A2_fixed,entropy_k6,3.5691285034533364
98,n11939491/ILSVRC2012_val_00034896_n11939491,target_1dB,1,CL,A2_fixed,entropy_k6,3.1626883327891187
99,n15075141/ILSVRC2012_val_00005846_n15075141,target_1dB,1,CL,A2_fixed,entropy_k6,3.2548988008290913
0,n01440764/ILSVRC2012_val_00003014_n01440764,target_1dB,1,CL,A2_fixed,path_accuracy_k6,0.0925925925925926
1,n01601694/ILSVRC2012_val_00021656_n01601694,target_1dB,1,CL,A2_fixed,path_accuracy_k6,0.027777777777777776
2,n01664065/ILSVRC2012_val_00014316_n01664065,target_1dB,1,CL,A2_fixed,path_accuracy_k6,0.12037037037037036
3,n01689811/ILSVRC2012_val_00020598_n01689811,target_1dB,1,CL,A2_fixed,path_accuracy_k6,0.06481481481481481
4,n01735189/ILSVRC2012_val_00006699_n01735189,target_1dB,1,CL,A2_fixed,path_accuracy_k6,0.07407407407407407
5,n01744401/ILSVRC2012_val_00032663_n01744401,target_1dB,1,CL,A2_fixed,path_accuracy_k6,0.027777777777777776
6,n01751748/ILSVRC2012_val_00033157_n01751748,target_1dB,1,CL,A2_fixed,path_accuracy_k6,0.0462962962962963
7,n01775062/ILSVRC2012_val_00036589_n01775062,target_1dB,1,CL,A2_fixed,path_accuracy_k6,0.1111111111111111
8,n01843383/ILSVRC2012_val_00005901_n01843383,target_1dB,1,CL,A2_fixed,path_accuracy_k6,0.12962962962962962
9,n01860187/ILSVRC2012_val_00021594_n01860187,target_1dB,1,CL,A2_fixed,path_accuracy_k6,0.0462962962962963
10,n01882714/ILSVRC2012_val_00019996_n01882714,target_1dB,1,CL,A2_fixed,path_accuracy_k6,0.07407407407407407
11,n01943899/ILSVRC2012_val_00005706_n01943899,target_1dB,1,CL,A2_fixed,path_accuracy_k6,0.05555555555555555
12,n01955084/ILSVRC2012_val_00001857_n01955084,target_1dB,1,CL,A2_fixed,path_accuracy_k6,0.07407407407407407
13,n01983481/ILSVRC2012_val_00019856_n01983481,target_1dB,1,CL,A2_fixed,path_accuracy_k6,0.06481481481481481
14,n02013706/ILSVRC2012_val_00003168_n02013706,target_1dB,1,CL,A2_fixed,path_accuracy_k6,0.0462962962962963
15,n02027492/ILSVRC2012_val_00007524_n02027492,target_1dB,1,CL,A2_fixed,path_accuracy_k6,0.05555555555555555
16,n02088094/ILSVRC2012_val_00005507_n02088094,target_1dB,1,CL,A2_fixed,path_accuracy_k6,0.037037037037037035
17,n02090622/ILSVRC2012_val_00006265_n02090622,target_1dB,1,CL,A2_fixed,path_accuracy_k6,0.06481481481481481
18,n02096177/ILSVRC2012_val_00019083_n02096177,target_1dB,1,CL,A2_fixed,path_accuracy_k6,0.05555555555555555
19,n02098286/ILSVRC2012_val_00038253_n02098286,target_1dB,1,CL,A2_fixed,path_accuracy_k6,0.027777777777777776
20,n02102480/ILSVRC2012_val_00010261_n02102480,target_1dB,1,CL,A2_fixed,path_accuracy_k6,0.018518518518518517
21,n02105641/ILSVRC2012_val_00018762_n02105641,target_1dB,1,CL,A2_fixed,path_accuracy_k6,0.08333333333333333
22,n02106550/ILSVRC2012_val_00014315_n02106550,target_1dB,1,CL,A2_fixed,path_accuracy_k6,0.07407407407407407
23,n02107683/ILSVRC2012_val_00010786_n02107683,target_1dB,1,CL,A2_fixed,path_accuracy_k6,0.07407407407407407
24,n02110806/ILSVRC2012_val_00030364_n02110806,target_1dB,1,CL,A2_fixed,path_accuracy_k6,0.0462962962962963
25,n02113799/ILSVRC2012_val_00007866_n02113799,target_1dB,1,CL,A2_fixed,path_accuracy_k6,0.07407407407407407
26,n02123159/ILSVRC2012_val_00025723_n02123159,target_1dB,1,CL,A2_fixed,path_accuracy_k6,0.0925925925925926
27,n02134084/ILSVRC2012_val_00020332_n02134084,target_1dB,1,CL,A2_fixed,path_accuracy_k6,0.09259259259259257
28,n02168699/ILSVRC2012_val_00040132_n02168699,target_1dB,1,CL,A2_fixed,path_accuracy_k6,0.037037037037037035
29,n02233338/ILSVRC2012_val_00016160_n02233338,target_1dB,1,CL,A2_fixed,path_accuracy_k6,0.05555555555555556
30,n02264363/ILSVRC2012_val_00027803_n02264363,target_1dB,1,CL,A2_fixed,path_accuracy_k6,0.018518518518518517
31,n02277742/ILSVRC2012_val_00015608_n02277742,target_1dB,1,CL,A2_fixed,path_accuracy_k6,0.08333333333333333
32,n02325366/ILSVRC2012_val_00024858_n02325366,target_1dB,1,CL,A2_fixed,path_accuracy_k6,0.06481481481481481
33,n02398521/ILSVRC2012_val_00018354_n02398521,target_1dB,1,CL,A2_fixed,path_accuracy_k6,0.07407407407407407
34,n02410509/ILSVRC2012_val_00022568_n02410509,target_1dB,1,CL,A2_fixed,path_accuracy_k6,0.0462962962962963
35,n02437312/ILSVRC2012_val_00006245_n02437312,target_1dB,1,CL,A2_fixed,path_accuracy_k6,0.08333333333333333
36,n02486410/ILSVRC2012_val_00009799_n02486410,target_1dB,1,CL,A2_fixed,path_accuracy_k6,0.0462962962962963
37,n02509815/ILSVRC2012_val_00014423_n02509815,target_1dB,1,CL,A2_fixed,path_accuracy_k6,0.0462962962962963
38,n02708093/ILSVRC2012_val_00024690_n02708093,target_1dB,1,CL,A2_fixed,path_accuracy_k6,0.0462962962962963
39,n02776631/ILSVRC2012_val_00028186_n02776631,target_1dB,1,CL,A2_fixed,path_accuracy_k6,0.08333333333333333
40,n02788148/ILSVRC2012_val_00012264_n02788148,target_1dB,1,CL,A2_fixed,path_accuracy_k6,0.06481481481481483
41,n02834397/ILSVRC2012_val_00010741_n02834397,target_1dB,1,CL,A2_fixed,path_accuracy_k6,0.05555555555555556
42,n02841315/ILSVRC2012_val_00014601_n02841315,target_1dB,1,CL,A2_fixed,path_accuracy_k6,0.07407407407407407
43,n02910353/ILSVRC2012_val_00017543_n02910353,target_1dB,1,CL,A2_fixed,path_accuracy_k6,0.06481481481481481
44,n02951585/ILSVRC2012_val_00008336_n02951585,target_1dB,1,CL,A2_fixed,path_accuracy_k6,0.05555555555555555
45,n02980441/ILSVRC2012_val_00023472_n02980441,target_1dB,1,CL,A2_fixed,path_accuracy_k6,0.07407407407407407
46,n03028079/ILSVRC2012_val_00031446_n03028079,target_1dB,1,CL,A2_fixed,path_accuracy_k6,0.12962962962962962
47,n03109150/ILSVRC2012_val_00032588_n03109150,target_1dB,1,CL,A2_fixed,path_accuracy_k6,0.018518518518518517
48,n03127747/ILSVRC2012_val_00003732_n03127747,target_1dB,1,CL,A2_fixed,path_accuracy_k6,0.037037037037037035
49,n03220513/ILSVRC2012_val_00006359_n03220513,target_1dB,1,CL,A2_fixed,path_accuracy_k6,0.08333333333333333
50,n03372029/ILSVRC2012_val_00034937_n03372029,target_1dB,1,CL,A2_fixed,path_accuracy_k6,0.0925925925925926
51,n03388549/ILSVRC2012_val_00022928_n03388549,target_1dB,1,CL,A2_fixed,path_accuracy_k6,0.07407407407407407
52,n03424325/ILSVRC2012_val_00006147_n03424325,target_1dB,1,CL,A2_fixed,path_accuracy_k6,0.0462962962962963
53,n03447721/ILSVRC2012_val_00006942_n03447721,target_1dB,1,CL,A2_fixed,path_accuracy_k6,0.1388888888888889
54,n03485794/ILSVRC2012_val_00010782_n03485794,target_1dB,1,CL,A2_fixed,path_accuracy_k6,0.037037037037037035
55,n03527444/ILSVRC2012_val_00035251_n03527444,target_1dB,1,CL,A2_fixed,path_accuracy_k6,0.08333333333333333
56,n03584254/ILSVRC2012_val_00016384_n03584254,target_1dB,1,CL,A2_fixed,path_accuracy_k6,0.009259259259259259
57,n03623198/ILSVRC2012_val_00019928_n03623198,target_1dB,1,CL,A2_fixed,path_accuracy_k6,0.037037037037037035
58,n03657121/ILSVRC2012_val_00000359_n03657121,target_1dB,1,CL,A2_fixed,path_accuracy_k6,0.018518518518518517
59,n03706229/ILSVRC2012_val_00017460_n03706229,target_1dB,1,CL,A2_fixed,path_accuracy_k6,0.018518518518518517
60,n03759954/ILSVRC2012_val_00010804_n03759954,target_1dB,1,CL,A2_fixed,path_accuracy_k6,0.08333333333333333
61,n03775071/ILSVRC2012_val_00002420_n03775071,target_1dB,1,CL,A2_fixed,path_accuracy_k6,0.027777777777777776
62,n03782006/ILSVRC2012_val_00004758_n03782006,target_1dB,1,CL,A2_fixed,path_accuracy_k6,0.027777777777777776
63,n03796401/ILSVRC2012_val_00025827_n03796401,target_1dB,1,CL,A2_fixed,path_accuracy_k6,0.037037037037037035
64,n03866082/ILSVRC2012_val_00003554_n03866082,target_1dB,1,CL,A2_fixed,path_accuracy_k6,0.0462962962962963
65,n03876231/ILSVRC2012_val_00022714_n03876231,target_1dB,1,CL,A2_fixed,path_accuracy_k6,0.0462962962962963
66,n03929660/ILSVRC2012_val_00012300_n03929660,target_1dB,1,CL,A2_fixed,path_accuracy_k6,0.009259259259259259
67,n03950228/ILSVRC2012_val_00019039_n03950228,target_1dB,1,CL,A2_fixed,path_accuracy_k6,0.037037037037037035
68,n03977966/ILSVRC2012_val_00027383_n03977966,target_1dB,1,CL,A2_fixed,path_accuracy_k6,0.08333333333333333
69,n03983396/ILSVRC2012_val_00012891_n03983396,target_1dB,1,CL,A2_fixed,path_accuracy_k6,0.027777777777777776
70,n04044716/ILSVRC2012_val_00039752_n04044716,target_1dB,1,CL,A2_fixed,path_accuracy_k6,0.0
71,n04067472/ILSVRC2012_val_00007618_n04067472,target_1dB,1,CL,A2_fixed,path_accuracy_k6,0.10185185185185186
72,n04111531/ILSVRC2012_val_00013982_n04111531,target_1dB,1,CL,A2_fixed,path_accuracy_k6,0.06481481481481481
73,n04131690/ILSVRC2012_val_00002728_n04131690,target_1dB,1,CL,A2_fixed,path_accuracy_k6,0.037037037037037035
74,n04153751/ILSVRC2012_val_00008426_n04153751,target_1dB,1,CL,A2_fixed,path_accuracy_k6,0.018518518518518517
75,n04204347/ILSVRC2012_val_00018921_n04204347,target_1dB,1,CL,A2_fixed,path_accuracy_k6,0.027777777777777776
76,n04235860/ILSVRC2012_val_00004033_n04235860,target_1dB,1,CL,A2_fixed,path_accuracy_k6,0.06481481481481481
77,n04252077/ILSVRC2012_val_00012989_n04252077,target_1dB,1,CL,A2_fixed,path_accuracy_k6,0.06481481481481481
78,n04310018/ILSVRC2012_val_00003156_n04310018,target_1dB,1,CL,A2_fixed,path_accuracy_k6,0.08333333333333333
79,n04328186/ILSVRC2012_val_00014795_n04328186,target_1dB,1,CL,A2_fixed,path_accuracy_k6,0.05555555555555555
80,n04346328/ILSVRC2012_val_00003305_n04346328,target_1dB,1,CL,A2_fixed,path_accuracy_k6,0.0925925925925926
81,n04357314/ILSVRC2012_val_00009430_n04357314,target_1dB,1,CL,A2_fixed,path_accuracy_k6,0.12037037037037035
82,n04371774/ILSVRC2012_val_00030870_n04371774,target_1dB,1,CL,A2_fixed,path_accuracy_k6,0.0462962962962963
83,n04392985/ILSVRC2012_val_00029362_n04392985,target_1dB,1,CL,A2_fixed,path_accuracy_k6,0.0925925925925926
84,n04456115/ILSVRC2012_val_00002331_n04456115,target_1dB,1,CL,A2_fixed,path_accuracy_k6,0.08333333333333333
85,n04485082/ILSVRC2012_val_00000955_n04485082,target_1dB,1,CL,A2_fixed,path_accuracy_k6,0.10185185185185185
86,n04515003/ILSVRC2012_val_00002400_n04515003,target_1dB,1,CL,A2_fixed,path_accuracy_k6,0.0462962962962963
87,n04540053/ILSVRC2012_val_00007665_n04540053,target_1dB,1,CL,A2_fixed,path_accuracy_k6,0.027777777777777776
88,n04560804/ILSVRC2012_val_00029830_n04560804,target_1dB,1,CL,A2_fixed,path_accuracy_k6,0.1111111111111111
89,n04596742/ILSVRC2012_val_00007608_n04596742,target_1dB,1,CL,A2_fixed,path_accuracy_k6,0.1111111111111111
90,n07583066/ILSVRC2012_val_00001378_n07583066,target_1dB,1,CL,A2_fixed,path_accuracy_k6,0.12962962962962962
91,n07590611/ILSVRC2012_val_00030972_n07590611,target_1dB,1,CL,A2_fixed,path_accuracy_k6,0.0925925925925926
92,n07714990/ILSVRC2012_val_00008416_n07714990,target_1dB,1,CL,A2_fixed,path_accuracy_k6,0.07407407407407407
93,n07716906/ILSVRC2012_val_00011140_n07716906,target_1dB,1,CL,A2_fixed,path_accuracy_k6,0.037037037037037035
94,n07720875/ILSVRC2012_val_00000423_n07720875,target_1dB,1,CL,A2_fixed,path_accuracy_k6,0.07407407407407407
95,n07860988/ILSVRC2012_val_00010848_n07860988,target_1dB,1,CL,A2_fixed,path_accuracy_k6,0.1111111111111111
96,n09288635/ILSVRC2012_val_00001270_n09288635,target_1dB,1,CL,A2_fixed,path_accuracy_k6,0.037037037037037035
97,n09468604/ILSVRC2012_val_00030741_n09468604,target_1dB,1,CL,A2_fixed,path_accuracy_k6,0.018518518518518517
98,n11939491/ILSVRC2012_val_00034896_n11939491,target_1dB,1,CL,A2_fixed,path_accuracy_k6,0.10185185185185185
99,n15075141/ILSVRC2012_val_00005846_n15075141,target_1dB,1,CL,A2_fixed,path_accuracy_k6,0.0925925925925926
0,n01440764/ILSVRC2012_val_00003014_n01440764,target_1dB,1,CL,A2_fixed,acc_k7,0.13541666666666666
1,n01601694/ILSVRC2012_val_00021656_n01601694,target_1dB,1,CL,A2_fixed,acc_k7,0.015625
2,n01664065/ILSVRC2012_val_00014316_n01664065,target_1dB,1,CL,A2_fixed,acc_k7,0.078125
3,n01689811/ILSVRC2012_val_00020598_n01689811,target_1dB,1,CL,A2_fixed,acc_k7,0.046875
4,n01735189/ILSVRC2012_val_00006699_n01735189,target_1dB,1,CL,A2_fixed,acc_k7,0.057291666666666664
5,n01744401/ILSVRC2012_val_00032663_n01744401,target_1dB,1,CL,A2_fixed,acc_k7,0.005208333333333333
6,n01751748/ILSVRC2012_val_00033157_n01751748,target_1dB,1,CL,A2_fixed,acc_k7,0.052083333333333336
7,n01775062/ILSVRC2012_val_00036589_n01775062,target_1dB,1,CL,A2_fixed,acc_k7,0.078125
8,n01843383/ILSVRC2012_val_00005901_n01843383,target_1dB,1,CL,A2_fixed,acc_k7,0.06770833333333333
9,n01860187/ILSVRC2012_val_00021594_n01860187,target_1dB,1,CL,A2_fixed,acc_k7,0.0625
10,n01882714/ILSVRC2012_val_00019996_n01882714,target_1dB,1,CL,A2_fixed,acc_k7,0.08333333333333333
11,n01943899/ILSVRC2012_val_00005706_n01943899,target_1dB,1,CL,A2_fixed,acc_k7,0.078125
12,n01955084/ILSVRC2012_val_00001857_n01955084,target_1dB,1,CL,A2_fixed,acc_k7,0.052083333333333336
13,n01983481/ILSVRC2012_val_00019856_n01983481,target_1dB,1,CL,A2_fixed,acc_k7,0.08333333333333333
14,n02013706/ILSVRC2012_val_00003168_n02013706,target_1dB,1,CL,A2_fixed,acc_k7,0.10416666666666667
15,n02027492/ILSVRC2012_val_00007524_n02027492,target_1dB,1,CL,A2_fixed,acc_k7,0.041666666666666664
16,n02088094/ILSVRC2012_val_00005507_n02088094,target_1dB,1,CL,A2_fixed,acc_k7,0.0625
17,n02090622/ILSVRC2012_val_00006265_n02090622,target_1dB,1,CL,A2_fixed,acc_k7,0.036458333333333336
18,n02096177/ILSVRC2012_val_00019083_n02096177,target_1dB,1,CL,A2_fixed,acc_k7,0.020833333333333332
19,n02098286/ILSVRC2012_val_00038253_n02098286,target_1dB,1,CL,A2_fixed,acc_k7,0.046875
20,n02102480/ILSVRC2012_val_00010261_n02102480,target_1dB,1,CL,A2_fixed,acc_k7,0.015625
21,n02105641/ILSVRC2012_val_00018762_n02105641,target_1dB,1,CL,A2_fixed,acc_k7,0.0625
22,n02106550/ILSVRC2012_val_00014315_n02106550,target_1dB,1,CL,A2_fixed,acc_k7,0.046875
23,n02107683/ILSVRC2012_val_00010786_n02107683,target_1dB,1,CL,A2_fixed,acc_k7,0.052083333333333336
24,n02110806/ILSVRC2012_val_00030364_n02110806,target_1dB,1,CL,A2_fixed,acc_k7,0.08854166666666667
25,n02113799/ILSVRC2012_val_00007866_n02113799,target_1dB,1,CL,A2_fixed,acc_k7,0.036458333333333336
26,n02123159/ILSVRC2012_val_00025723_n02123159,target_1dB,1,CL,A2_fixed,acc_k7,0.09375
27,n02134084/ILSVRC2012_val_00020332_n02134084,target_1dB,1,CL,A2_fixed,acc_k7,0.020833333333333332
28,n02168699/ILSVRC2012_val_00040132_n02168699,target_1dB,1,CL,A2_fixed,acc_k7,0.020833333333333332
29,n02233338/ILSVRC2012_val_00016160_n02233338,target_1dB,1,CL,A2_fixed,acc_k7,0.057291666666666664
30,n02264363/ILSVRC2012_val_00027803_n02264363,target_1dB,1,CL,A2_fixed,acc_k7,0.026041666666666668
31,n02277742/ILSVRC2012_val_00015608_n02277742,target_1dB,1,CL,A2_fixed,acc_k7,0.07291666666666667
32,n02325366/ILSVRC2012_val_00024858_n02325366,target_1dB,1,CL,A2_fixed,acc_k7,0.06770833333333333
33,n02398521/ILSVRC2012_val_00018354_n02398521,target_1dB,1,CL,A2_fixed,acc_k7,0.057291666666666664
34,n02410509/ILSVRC2012_val_00022568_n02410509,target_1dB,1,CL,A2_fixed,acc_k7,0.026041666666666668
35,n02437312/ILSVRC2012_val_00006245_n02437312,target_1dB,1,CL,A2_fixed,acc_k7,0.06770833333333333
36,n02486410/ILSVRC2012_val_00009799_n02486410,target_1dB,1,CL,A2_fixed,acc_k7,0.041666666666666664
37,n02509815/ILSVRC2012_val_00014423_n02509815,target_1dB,1,CL,A2_fixed,acc_k7,0.026041666666666668
38,n02708093/ILSVRC2012_val_00024690_n02708093,target_1dB,1,CL,A2_fixed,acc_k7,0.036458333333333336
39,n02776631/ILSVRC2012_val_00028186_n02776631,target_1dB,1,CL,A2_fixed,acc_k7,0.08854166666666667
40,n02788148/ILSVRC2012_val_00012264_n02788148,target_1dB,1,CL,A2_fixed,acc_k7,0.052083333333333336
41,n02834397/ILSVRC2012_val_00010741_n02834397,target_1dB,1,CL,A2_fixed,acc_k7,0.026041666666666668
42,n02841315/ILSVRC2012_val_00014601_n02841315,target_1dB,1,CL,A2_fixed,acc_k7,0.036458333333333336
43,n02910353/ILSVRC2012_val_00017543_n02910353,target_1dB,1,CL,A2_fixed,acc_k7,0.036458333333333336
44,n02951585/ILSVRC2012_val_00008336_n02951585,target_1dB,1,CL,A2_fixed,acc_k7,0.026041666666666668
45,n02980441/ILSVRC2012_val_00023472_n02980441,target_1dB,1,CL,A2_fixed,acc_k7,0.036458333333333336
46,n03028079/ILSVRC2012_val_00031446_n03028079,target_1dB,1,CL,A2_fixed,acc_k7,0.041666666666666664
47,n03109150/ILSVRC2012_val_00032588_n03109150,target_1dB,1,CL,A2_fixed,acc_k7,0.03125
48,n03127747/ILSVRC2012_val_00003732_n03127747,target_1dB,1,CL,A2_fixed,acc_k7,0.046875
49,n03220513/ILSVRC2012_val_00006359_n03220513,target_1dB,1,CL,A2_fixed,acc_k7,0.07291666666666667
50,n03372029/ILSVRC2012_val_00034937_n03372029,target_1dB,1,CL,A2_fixed,acc_k7,0.06770833333333333
51,n03388549/ILSVRC2012_val_00022928_n03388549,target_1dB,1,CL,A2_fixed,acc_k7,0.046875
52,n03424325/ILSVRC2012_val_00006147_n03424325,target_1dB,1,CL,A2_fixed,acc_k7,0.06770833333333333
53,n03447721/ILSVRC2012_val_00006942_n03447721,target_1dB,1,CL,A2_fixed,acc_k7,0.10416666666666667
54,n03485794/ILSVRC2012_val_00010782_n03485794,target_1dB,1,CL,A2_fixed,acc_k7,0.03125
55,n03527444/ILSVRC2012_val_00035251_n03527444,target_1dB,1,CL,A2_fixed,acc_k7,0.052083333333333336
56,n03584254/ILSVRC2012_val_00016384_n03584254,target_1dB,1,CL,A2_fixed,acc_k7,0.0
57,n03623198/ILSVRC2012_val_00019928_n03623198,target_1dB,1,CL,A2_fixed,acc_k7,0.0
58,n03657121/ILSVRC2012_val_00000359_n03657121,target_1dB,1,CL,A2_fixed,acc_k7,0.005208333333333333
59,n03706229/ILSVRC2012_val_00017460_n03706229,target_1dB,1,CL,A2_fixed,acc_k7,0.015625
60,n03759954/ILSVRC2012_val_00010804_n03759954,target_1dB,1,CL,A2_fixed,acc_k7,0.11458333333333333
61,n03775071/ILSVRC2012_val_00002420_n03775071,target_1dB,1,CL,A2_fixed,acc_k7,0.010416666666666666
62,n03782006/ILSVRC2012_val_00004758_n03782006,target_1dB,1,CL,A2_fixed,acc_k7,0.036458333333333336
63,n03796401/ILSVRC2012_val_00025827_n03796401,target_1dB,1,CL,A2_fixed,acc_k7,0.052083333333333336
64,n03866082/ILSVRC2012_val_00003554_n03866082,target_1dB,1,CL,A2_fixed,acc_k7,0.057291666666666664
65,n03876231/ILSVRC2012_val_00022714_n03876231,target_1dB,1,CL,A2_fixed,acc_k7,0.010416666666666666
66,n03929660/ILSVRC2012_val_00012300_n03929660,target_1dB,1,CL,A2_fixed,acc_k7,0.010416666666666666
67,n03950228/ILSVRC2012_val_00019039_n03950228,target_1dB,1,CL,A2_fixed,acc_k7,0.015625
68,n03977966/ILSVRC2012_val_00027383_n03977966,target_1dB,1,CL,A2_fixed,acc_k7,0.0625
69,n03983396/ILSVRC2012_val_00012891_n03983396,target_1dB,1,CL,A2_fixed,acc_k7,0.057291666666666664
70,n04044716/ILSVRC2012_val_00039752_n04044716,target_1dB,1,CL,A2_fixed,acc_k7,0.005208333333333333
71,n04067472/ILSVRC2012_val_00007618_n04067472,target_1dB,1,CL,A2_fixed,acc_k7,0.07291666666666667
72,n04111531/ILSVRC2012_val_00013982_n04111531,target_1dB,1,CL,A2_fixed,acc_k7,0.046875
73,n04131690/ILSVRC2012_val_00002728_n04131690,target_1dB,1,CL,A2_fixed,acc_k7,0.010416666666666666
74,n04153751/ILSVRC2012_val_00008426_n04153751,target_1dB,1,CL,A2_fixed,acc_k7,0.005208333333333333
75,n04204347/ILSVRC2012_val_00018921_n04204347,target_1dB,1,CL,A2_fixed,acc_k7,0.036458333333333336
76,n04235860/ILSVRC2012_val_00004033_n04235860,target_1dB,1,CL,A2_fixed,acc_k7,0.036458333333333336
77,n04252077/ILSVRC2012_val_00012989_n04252077,target_1dB,1,CL,A2_fixed,acc_k7,0.041666666666666664
78,n04310018/ILSVRC2012_val_00003156_n04310018,target_1dB,1,CL,A2_fixed,acc_k7,0.06770833333333333
79,n04328186/ILSVRC2012_val_00014795_n04328186,target_1dB,1,CL,A2_fixed,acc_k7,0.020833333333333332
80,n04346328/ILSVRC2012_val_00003305_n04346328,target_1dB,1,CL,A2_fixed,acc_k7,0.052083333333333336
81,n04357314/ILSVRC2012_val_00009430_n04357314,target_1dB,1,CL,A2_fixed,acc_k7,0.036458333333333336
82,n04371774/ILSVRC2012_val_00030870_n04371774,target_1dB,1,CL,A2_fixed,acc_k7,0.015625
83,n04392985/ILSVRC2012_val_00029362_n04392985,target_1dB,1,CL,A2_fixed,acc_k7,0.041666666666666664
84,n04456115/ILSVRC2012_val_00002331_n04456115,target_1dB,1,CL,A2_fixed,acc_k7,0.057291666666666664
85,n04485082/ILSVRC2012_val_00000955_n04485082,target_1dB,1,CL,A2_fixed,acc_k7,0.06770833333333333
86,n04515003/ILSVRC2012_val_00002400_n04515003,target_1dB,1,CL,A2_fixed,acc_k7,0.03125
87,n04540053/ILSVRC2012_val_00007665_n04540053,target_1dB,1,CL,A2_fixed,acc_k7,0.07291666666666667
88,n04560804/ILSVRC2012_val_00029830_n04560804,target_1dB,1,CL,A2_fixed,acc_k7,0.078125
89,n04596742/ILSVRC2012_val_00007608_n04596742,target_1dB,1,CL,A2_fixed,acc_k7,0.07291666666666667
90,n07583066/ILSVRC2012_val_00001378_n07583066,target_1dB,1,CL,A2_fixed,acc_k7,0.046875
91,n07590611/ILSVRC2012_val_00030972_n07590611,target_1dB,1,CL,A2_fixed,acc_k7,0.11458333333333333
92,n07714990/ILSVRC2012_val_00008416_n07714990,target_1dB,1,CL,A2_fixed,acc_k7,0.052083333333333336
93,n07716906/ILSVRC2012_val_00011140_n07716906,target_1dB,1,CL,A2_fixed,acc_k7,0.005208333333333333
94,n07720875/ILSVRC2012_val_00000423_n07720875,target_1dB,1,CL,A2_fixed,acc_k7,0.041666666666666664
95,n07860988/ILSVRC2012_val_00010848_n07860988,target_1dB,1,CL,A2_fixed,acc_k7,0.08333333333333333
96,n09288635/ILSVRC2012_val_00001270_n09288635,target_1dB,1,CL,A2_fixed,acc_k7,0.036458333333333336
97,n09468604/ILSVRC2012_val_00030741_n09468604,target_1dB,1,CL,A2_fixed,acc_k7,0.041666666666666664
98,n11939491/ILSVRC2012_val_00034896_n11939491,target_1dB,1,CL,A2_fixed,acc_k7,0.0625
99,n15075141/ILSVRC2012_val_00005846_n15075141,target_1dB,1,CL,A2_fixed,acc_k7,0.07291666666666667
0,n01440764/ILSVRC2012_val_00003014_n01440764,target_1dB,1,CL,A2_fixed,logp_true_k7,-5.304951037357871
1,n01601694/ILSVRC2012_val_00021656_n01601694,target_1dB,1,CL,A2_fixed,logp_true_k7,-7.304061572998762
2,n01664065/ILSVRC2012_val_00014316_n01664065,target_1dB,1,CL,A2_fixed,logp_true_k7,-5.655260785919381
3,n01689811/ILSVRC2012_val_00020598_n01689811,target_1dB,1,CL,A2_fixed,logp_true_k7,-6.1614766489171116
4,n01735189/ILSVRC2012_val_00006699_n01735189,target_1dB,1,CL,A2_fixed,logp_true_k7,-6.100027135107666
5,n01744401/ILSVRC2012_val_00032663_n01744401,target_1dB,1,CL,A2_fixed,logp_true_k7,-7.643678887436788
6,n01751748/ILSVRC2012_val_00033157_n01751748,target_1dB,1,CL,A2_fixed,logp_true_k7,-6.873657517290364
7,n01775062/ILSVRC2012_val_00036589_n01775062,target_1dB,1,CL,A2_fixed,logp_true_k7,-5.779356330012281
8,n01843383/ILSVRC2012_val_00005901_n01843383,target_1dB,1,CL,A2_fixed,logp_true_k7,-5.536569102667272
9,n01860187/ILSVRC2012_val_00021594_n01860187,target_1dB,1,CL,A2_fixed,logp_true_k7,-5.990781507144372
10,n01882714/ILSVRC2012_val_00019996_n01882714,target_1dB,1,CL,A2_fixed,logp_true_k7,-5.618012385287632
11,n01943899/ILSVRC2012_val_00005706_n01943899,target_1dB,1,CL,A2_fixed,logp_true_k7,-6.052615047432482
12,n01955084/ILSVRC2012_val_00001857_n01955084,target_1dB,1,CL,A2_fixed,logp_true_k7,-6.425094828475267
13,n01983481/ILSVRC2012_val_00019856_n01983481,target_1dB,1,CL,A2_fixed,logp_true_k7,-5.891738926370938
14,n02013706/ILSVRC2012_val_00003168_n02013706,target_1dB,1,CL,A2_fixed,logp_true_k7,-5.591358676397552
15,n02027492/ILSVRC2012_val_00007524_n02027492,target_1dB,1,CL,A2_fixed,logp_true_k7,-6.47832793284518
16,n02088094/ILSVRC2012_val_00005507_n02088094,target_1dB,1,CL,A2_fixed,logp_true_k7,-5.881267471859853
17,n02090622/ILSVRC2012_val_00006265_n02090622,target_1dB,1,CL,A2_fixed,logp_true_k7,-6.2840107992912335
18,n02096177/ILSVRC2012_val_00019083_n02096177,target_1dB,1,CL,A2_fixed,logp_true_k7,-6.752745066148539
19,n02098286/ILSVRC2012_val_00038253_n02098286,target_1dB,1,CL,A2_fixed,logp_true_k7,-6.8289029492686195
20,n02102480/ILSVRC2012_val_00010261_n02102480,target_1dB,1,CL,A2_fixed,logp_true_k7,-7.258937597895662
21,n02105641/ILSVRC2012_val_00018762_n02105641,target_1dB,1,CL,A2_fixed,logp_true_k7,-5.562839702392618
22,n02106550/ILSVRC2012_val_00014315_n02106550,target_1dB,1,CL,A2_fixed,logp_true_k7,-5.727320390132566
23,n02107683/ILSVRC2012_val_00010786_n02107683,target_1dB,1,CL,A2_fixed,logp_true_k7,-6.709935972467065
24,n02110806/ILSVRC2012_val_00030364_n02110806,target_1dB,1,CL,A2_fixed,logp_true_k7,-5.556881431490183
25,n02113799/ILSVRC2012_val_00007866_n02113799,target_1dB,1,CL,A2_fixed,logp_true_k7,-6.138499012604977
26,n02123159/ILSVRC2012_val_00025723_n02123159,target_1dB,1,CL,A2_fixed,logp_true_k7,-5.523842921868588
27,n02134084/ILSVRC2012_val_00020332_n02134084,target_1dB,1,CL,A2_fixed,logp_true_k7,-6.751196666698282
28,n02168699/ILSVRC2012_val_00040132_n02168699,target_1dB,1,CL,A2_fixed,logp_true_k7,-7.055988851313789
29,n02233338/ILSVRC2012_val_00016160_n02233338,target_1dB,1,CL,A2_fixed,logp_true_k7,-6.052149822547411
30,n02264363/ILSVRC2012_val_00027803_n02264363,target_1dB,1,CL,A2_fixed,logp_true_k7,-7.825749247645338
31,n02277742/ILSVRC2012_val_00015608_n02277742,target_1dB,1,CL,A2_fixed,logp_true_k7,-5.91171393233041
32,n02325366/ILSVRC2012_val_00024858_n02325366,target_1dB,1,CL,A2_fixed,logp_true_k7,-5.438083485234529
33,n02398521/ILSVRC2012_val_00018354_n02398521,target_1dB,1,CL,A2_fixed,logp_true_k7,-6.361471343785524
34,n02410509/ILSVRC2012_val_00022568_n02410509,target_1dB,1,CL,A2_fixed,logp_true_k7,-7.027637356892228
35,n02437312/ILSVRC2012_val_00006245_n02437312,target_1dB,1,CL,A2_fixed,logp_true_k7,-5.850990075928469
36,n02486410/ILSVRC2012_val_00009799_n02486410,target_1dB,1,CL,A2_fixed,logp_true_k7,-6.371160998707637
37,n02509815/ILSVRC2012_val_00014423_n02509815,target_1dB,1,CL,A2_fixed,logp_true_k7,-6.2514227361728745
38,n02708093/ILSVRC2012_val_00024690_n02708093,target_1dB,1,CL,A2_fixed,logp_true_k7,-6.752369144310554
39,n02776631/ILSVRC2012_val_00028186_n02776631,target_1dB,1,CL,A2_fixed,logp_true_k7,-5.623235902593781
40,n02788148/ILSVRC2012_val_00012264_n02788148,target_1dB,1,CL,A2_fixed,logp_true_k7,-6.277296216537555
41,n02834397/ILSVRC2012_val_00010741_n02834397,target_1dB,1,CL,A2_fixed,logp_true_k7,-6.634887503304829
42,n02841315/ILSVRC2012_val_00014601_n02841315,target_1dB,1,CL,A2_fixed,logp_true_k7,-5.935644678150614
43,n02910353/ILSVRC2012_val_00017543_n02910353,target_1dB,1,CL,A2_fixed,logp_true_k7,-6.344634913063298
44,n02951585/ILSVRC2012_val_00008336_n02951585,target_1dB,1,CL,A2_fixed,logp_true_k7,-6.892950686936577
45,n02980441/ILSVRC2012_val_00023472_n02980441,target_1dB,1,CL,A2_fixed,logp_true_k7,-6.504724215716124
46,n03028079/ILSVRC2012_val_00031446_n03028079,target_1dB,1,CL,A2_fixed,logp_true_k7,-6.321579169947654
47,n03109150/ILSVRC2012_val_00032588_n03109150,target_1dB,1,CL,A2_fixed,logp_true_k7,-6.866712369024754
48,n03127747/ILSVRC2012_val_00003732_n03127747,target_1dB,1,CL,A2_fixed,logp_true_k7,-6.3087452895318465
49,n03220513/ILSVRC2012_val_00006359_n03220513,target_1dB,1,CL,A2_fixed,logp_true_k7,-6.547113884085168
50,n03372029/ILSVRC2012_val_00034937_n03372029,target_1dB,1,CL,A2_fixed,logp_true_k7,-5.738659803755581
51,n03388549/ILSVRC2012_val_00022928_n03388549,target_1dB,1,CL,A2_fixed,logp_true_k7,-5.842383602323632
52,n03424325/ILSVRC2012_val_00006147_n03424325,target_1dB,1,CL,A2_fixed,logp_true_k7,-6.475081255814682
53,n03447721/ILSVRC2012_val_00006942_n03447721,target_1dB,1,CL,A2_fixed,logp_true_k7,-5.226725798100233
54,n03485794/ILSVRC2012_val_00010782_n03485794,target_1dB,1,CL,A2_fixed,logp_true_k7,-6.820289818880458
55,n03527444/ILSVRC2012_val_00035251_n03527444,target_1dB,1,CL,A2_fixed,logp_true_k7,-6.166380462547143
56,n03584254/ILSVRC2012_val_00016384_n03584254,target_1dB,1,CL,A2_fixed,logp_true_k7,-8.750320633252462
57,n03623198/ILSVRC2012_val_00019928_n03623198,target_1dB,1,CL,A2_fixed,logp_true_k7,-8.248686545838913
58,n03657121/ILSVRC2012_val_00000359_n03657121,target_1dB,1,CL,A2_fixed,logp_true_k7,-8.156322081262866
59,n03706229/ILSVRC2012_val_00017460_n03706229,target_1dB,1,CL,A2_fixed,logp_true_k7,-7.246313666924834
60,n03759954/ILSVRC2012_val_00010804_n03759954,target_1dB,1,CL,A2_fixed,logp_true_k7,-5.055022324513023
61,n03775071/ILSVRC2012_val_00002420_n03775071,target_1dB,1,CL,A2_fixed,logp_true_k7,-7.783353861421347
62,n03782006/ILSVRC2012_val_00004758_n03782006,target_1dB,1,CL,A2_fixed,logp_true_k7,-6.860209257652362
63,n03796401/ILSVRC2012_val_00025827_n03796401,target_1dB,1,CL,A2_fixed,logp_true_k7,-6.210283330331246
64,n03866082/ILSVRC2012_val_00003554_n03866082,target_1dB,1,CL,A2_fixed,logp_true_k7,-6.091862968169153
65,n03876231/ILSVRC2012_val_00022714_n03876231,target_1dB,1,CL,A2_fixed,logp_true_k7,-7.198838418970506
66,n03929660/ILSVRC2012_val_00012300_n03929660,target_1dB,1,CL,A2_fixed,logp_true_k7,-8.081822894513607
67,n03950228/ILSVRC2012_val_00019039_n03950228,target_1dB,1,CL,A2_fixed,logp_true_k7,-7.0762068084441125
68,n03977966/ILSVRC2012_val_00027383_n03977966,target_1dB,1,CL,A2_fixed,logp_true_k7,-5.918639057626327
69,n03983396/ILSVRC2012_val_00012891_n03983396,target_1dB,1,CL,A2_fixed,logp_true_k7,-5.88542656848828
70,n04044716/ILSVRC2012_val_00039752_n04044716,target_1dB,1,CL,A2_fixed,logp_true_k7,-7.699862981215119
71,n04067472/ILSVRC2012_val_00007618_n04067472,target_1dB,1,CL,A2_fixed,logp_true_k7,-5.992126507995029
72,n04111531/ILSVRC2012_val_00013982_n04111531,target_1dB,1,CL,A2_fixed,logp_true_k7,-6.344279174072047
73,n04131690/ILSVRC2012_val_00002728_n04131690,target_1dB,1,CL,A2_fixed,logp_true_k7,-7.090546201914549
74,n04153751/ILSVRC2012_val_00008426_n04153751,target_1dB,1,CL,A2_fixed,logp_true_k7,-8.237993846337
75,n04204347/ILSVRC2012_val_00018921_n04204347,target_1dB,1,CL,A2_fixed,logp_true_k7,-7.330618876653413
76,n04235860/ILSVRC2012_val_00004033_n04235860,target_1dB,1,CL,A2_fixed,logp_true_k7,-5.978525548086812
77,n04252077/ILSVRC2012_val_00012989_n04252077,target_1dB,1,CL,A2_fixed,logp_true_k7,-6.2163382433354855
78,n04310018/ILSVRC2012_val_00003156_n04310018,target_1dB,1,CL,A2_fixed,logp_true_k7,-5.684338870458305
79,n04328186/ILSVRC2012_val_00014795_n04328186,target_1dB,1,CL,A2_fixed,logp_true_k7,-7.288031497349341
80,n04346328/ILSVRC2012_val_00003305_n04346328,target_1dB,1,CL,A2_fixed,logp_true_k7,-6.009870803604524
81,n04357314/ILSVRC2012_val_00009430_n04357314,target_1dB,1,CL,A2_fixed,logp_true_k7,-6.316188596499463
82,n04371774/ILSVRC2012_val_00030870_n04371774,target_1dB,1,CL,A2_fixed,logp_true_k7,-6.422272773769994
83,n04392985/ILSVRC2012_val_00029362_n04392985,target_1dB,1,CL,A2_fixed,logp_true_k7,-6.183632344938815
84,n04456115/ILSVRC2012_val_00002331_n04456115,target_1dB,1,CL,A2_fixed,logp_true_k7,-6.45078030290703
85,n04485082/ILSVRC2012_val_00000955_n04485082,target_1dB,1,CL,A2_fixed,logp_true_k7,-5.578100602763395
86,n04515003/ILSVRC2012_val_00002400_n04515003,target_1dB,1,CL,A2_fixed,logp_true_k7,-6.740036843034129
87,n04540053/ILSVRC2012_val_00007665_n04540053,target_1dB,1,CL,A2_fixed,logp_true_k7,-6.208273867455621
88,n04560804/ILSVRC2012_val_00029830_n04560804,target_1dB,1,CL,A2_fixed,logp_true_k7,-5.350323845321934
89,n04596742/ILSVRC2012_val_00007608_n04596742,target_1dB,1,CL,A2_fixed,logp_true_k7,-6.151376438016693
90,n07583066/ILSVRC2012_val_00001378_n07583066,target_1dB,1,CL,A2_fixed,logp_true_k7,-5.951115015738954
91,n07590611/ILSVRC2012_val_00030972_n07590611,target_1dB,1,CL,A2_fixed,logp_true_k7,-5.160984555725008
92,n07714990/ILSVRC2012_val_00008416_n07714990,target_1dB,1,CL,A2_fixed,logp_true_k7,-6.461632715382923
93,n07716906/ILSVRC2012_val_00011140_n07716906,target_1dB,1,CL,A2_fixed,logp_true_k7,-6.980606444800894
94,n07720875/ILSVRC2012_val_00000423_n07720875,target_1dB,1,CL,A2_fixed,logp_true_k7,-6.828314372959237
95,n07860988/ILSVRC2012_val_00010848_n07860988,target_1dB,1,CL,A2_fixed,logp_true_k7,-5.574495322885923
96,n09288635/ILSVRC2012_val_00001270_n09288635,target_1dB,1,CL,A2_fixed,logp_true_k7,-6.785683409000437
97,n09468604/ILSVRC2012_val_00030741_n09468604,target_1dB,1,CL,A2_fixed,logp_true_k7,-6.294698494796951
98,n11939491/ILSVRC2012_val_00034896_n11939491,target_1dB,1,CL,A2_fixed,logp_true_k7,-6.216408205529054
99,n15075141/ILSVRC2012_val_00005846_n15075141,target_1dB,1,CL,A2_fixed,logp_true_k7,-5.910688851028681
0,n01440764/ILSVRC2012_val_00003014_n01440764,target_1dB,1,CL,A2_fixed,entropy_k7,4.5182070346552425
1,n01601694/ILSVRC2012_val_00021656_n01601694,target_1dB,1,CL,A2_fixed,entropy_k7,5.509399769549385
2,n01664065/ILSVRC2012_val_00014316_n01664065,target_1dB,1,CL,A2_fixed,entropy_k7,4.676259847539144
3,n01689811/ILSVRC2012_val_00020598_n01689811,target_1dB,1,CL,A2_fixed,entropy_k7,4.863857633877151
4,n01735189/ILSVRC2012_val_00006699_n01735189,target_1dB,1,CL,A2_fixed,entropy_k7,4.9865033891891875
5,n01744401/ILSVRC2012_val_00032663_n01744401,target_1dB,1,CL,A2_fixed,entropy_k7,5.789418337931785
6,n01751748/ILSVRC2012_val_00033157_n01751748,target_1dB,1,CL,A2_fixed,entropy_k7,5.519798115996587
7,n01775062/ILSVRC2012_val_00036589_n01775062,target_1dB,1,CL,A2_fixed,entropy_k7,4.806053929190703
8,n01843383/ILSVRC2012_val_00005901_n01843383,target_1dB,1,CL,A2_fixed,entropy_k7,4.432160465377824
9,n01860187/ILSVRC2012_val_00021594_n01860187,target_1dB,1,CL,A2_fixed,entropy_k7,4.92428441982086
10,n01882714/ILSVRC2012_val_00019996_n01882714,target_1dB,1,CL,A2_fixed,entropy_k7,4.641488742932228
11,n01943899/ILSVRC2012_val_00005706_n01943899,target_1dB,1,CL,A2_fixed,entropy_k7,5.0538917143215505
12,n01955084/ILSVRC2012_val_00001857_n01955084,target_1dB,1,CL,A2_fixed,entropy_k7,5.045652994346459
13,n01983481/ILSVRC2012_val_00019856_n01983481,target_1dB,1,CL,A2_fixed,entropy_k7,4.734374132235071
14,n02013706/ILSVRC2012_val_00003168_n02013706,target_1dB,1,CL,A2_fixed,entropy_k7,4.8144490857824005
15,n02027492/ILSVRC2012_val_00007524_n02027492,target_1dB,1,CL,A2_fixed,entropy_k7,5.136309564449868
16,n02088094/ILSVRC2012_val_00005507_n02088094,target_1dB,1,CL,A2_fixed,entropy_k7,4.833005141554524
17,n02090622/ILSVRC2012_val_00006265_n02090622,target_1dB,1,CL,A2_fixed,entropy_k7,5.028103950315248
18,n02096177/ILSVRC2012_val_00019083_n02096177,target_1dB,1,CL,A2_fixed,entropy_k7,5.475149947278225
19,n02098286/ILSVRC2012_val_00038253_n02098286,target_1dB,1,CL,A2_fixed,entropy_k7,5.36884190518769
20,n02102480/ILSVRC2012_val_00010261_n02102480,target_1dB,1,CL,A2_fixed,entropy_k7,5.593272757436303
21,n02105641/ILSVRC2012_val_00018762_n02105641,target_1dB,1,CL,A2_fixed,entropy_k7,4.7374753156246525
22,n02106550/ILSVRC2012_val_00014315_n02106550,target_1dB,1,CL,A2_fixed,entropy_k7,4.695868504745267
23,n02107683/ILSVRC2012_val_00010786_n02107683,target_1dB,1,CL,A2_fixed,entropy_k7,5.531464809874669
24,n02110806/ILSVRC2012_val_00030364_n02110806,target_1dB,1,CL,A2_fixed,entropy_k7,4.549256804293187
25,n02113799/ILSVRC2012_val_00007866_n02113799,target_1dB,1,CL,A2_fixed,entropy_k7,4.98216622322583
26,n02123159/ILSVRC2012_val_00025723_n02123159,target_1dB,1,CL,A2_fixed,entropy_k7,4.729121721873305
27,n02134084/ILSVRC2012_val_00020332_n02134084,target_1dB,1,CL,A2_fixed,entropy_k7,5.453634675052939
28,n02168699/ILSVRC2012_val_00040132_n02168699,target_1dB,1,CL,A2_fixed,entropy_k7,5.607097915045228
29,n02233338/ILSVRC2012_val_00016160_n02233338,target_1dB,1,CL,A2_fixed,entropy_k7,5.044585087254209
30,n02264363/ILSVRC2012_val_00027803_n02264363,target_1dB,1,CL,A2_fixed,entropy_k7,5.792811873630023
31,n02277742/ILSVRC2012_val_00015608_n02277742,target_1dB,1,CL,A2_fixed,entropy_k7,4.896707174045095
32,n02325366/ILSVRC2012_val_00024858_n02325366,target_1dB,1,CL,A2_fixed,entropy_k7,4.642555894645964
33,n02398521/ILSVRC2012_val_00018354_n02398521,target_1dB,1,CL,A2_fixed,entropy_k7,5.1699671271658145
34,n02410509/ILSVRC2012_val_00022568_n02410509,target_1dB,1,CL,A2_fixed,entropy_k7,5.426970551171629
35,n02437312/ILSVRC2012_val_00006245_n02437312,target_1dB,1,CL,A2_fixed,entropy_k7,4.7556643782330275
36,n02486410/ILSVRC2012_val_00009799_n02486410,target_1dB,1,CL,A2_fixed,entropy_k7,5.368362998619104
37,n02509815/ILSVRC2012_val_00014423_n02509815,target_1dB,1,CL,A2_fixed,entropy_k7,5.143329520680219
38,n02708093/ILSVRC2012_val_00024690_n02708093,target_1dB,1,CL,A2_fixed,entropy_k7,5.360711157278185
39,n02776631/ILSVRC2012_val_00028186_n02776631,target_1dB,1,CL,A2_fixed,entropy_k7,4.73825296841826
40,n02788148/ILSVRC2012_val_00012264_n02788148,target_1dB,1,CL,A2_fixed,entropy_k7,5.243482261228484
41,n02834397/ILSVRC2012_val_00010741_n02834397,target_1dB,1,CL,A2_fixed,entropy_k7,5.411446055227962
42,n02841315/ILSVRC2012_val_00014601_n02841315,target_1dB,1,CL,A2_fixed,entropy_k7,5.009758485106175
43,n02910353/ILSVRC2012_val_00017543_n02910353,target_1dB,1,CL,A2_fixed,entropy_k7,5.060658435469723
44,n02951585/ILSVRC2012_val_00008336_n02951585,target_1dB,1,CL,A2_fixed,entropy_k7,5.444378631814874
45,n02980441/ILSVRC2012_val_00023472_n02980441,target_1dB,1,CL,A2_fixed,entropy_k7,5.281814465746353
46,n03028079/ILSVRC2012_val_00031446_n03028079,target_1dB,1,CL,A2_fixed,entropy_k7,5.1423398607307105
47,n03109150/ILSVRC2012_val_00032588_n03109150,target_1dB,1,CL,A2_fixed,entropy_k7,5.426767028718622
48,n03127747/ILSVRC2012_val_00003732_n03127747,target_1dB,1,CL,A2_fixed,entropy_k7,5.240354136560393
49,n03220513/ILSVRC2012_val_00006359_n03220513,target_1dB,1,CL,A2_fixed,entropy_k7,5.253782467934177
50,n03372029/ILSVRC2012_val_00034937_n03372029,target_1dB,1,CL,A2_fixed,entropy_k7,4.863896085770781
51,n03388549/ILSVRC2012_val_00022928_n03388549,target_1dB,1,CL,A2_fixed,entropy_k7,4.899601688253546
52,n03424325/ILSVRC2012_val_00006147_n03424325,target_1dB,1,CL,A2_fixed,entropy_k7,5.130655605262164
53,n03447721/ILSVRC2012_val_00006942_n03447721,target_1dB,1,CL,A2_fixed,entropy_k7,4.399409051541663
54,n03485794/ILSVRC2012_val_00010782_n03485794,target_1dB,1,CL,A2_fixed,entropy_k7,5.391467179979003
55,n03527444/ILSVRC2012_val_00035251_n03527444,target_1dB,1,CL,A2_fixed,entropy_k7,5.0245263191831215
56,n03584254/ILSVRC2012_val_00016384_n03584254,target_1dB,1,CL,A2_fixed,entropy_k7,6.238697129993163
57,n03623198/ILSVRC2012_val_00019928_n03623198,target_1dB,1,CL,A2_fixed,entropy_k7,6.0380317510614345
58,n03657121/ILSVRC2012_val_00000359_n03657121,target_1dB,1,CL,A2_fixed,entropy_k7,6.012115376958193
59,n03706229/ILSVRC2012_val_00017460_n03706229,target_1dB,1,CL,A2_fixed,entropy_k7,5.817443049382067
60,n03759954/ILSVRC2012_val_00010804_n03759954,target_1dB,1,CL,A2_fixed,entropy_k7,4.063360324093968
61,n03775071/ILSVRC2012_val_00002420_n03775071,target_1dB,1,CL,A2_fixed,entropy_k7,5.842588657141981
62,n03782006/ILSVRC2012_val_00004758_n03782006,target_1dB,1,CL,A2_fixed,entropy_k7,5.262705544508983
63,n03796401/ILSVRC2012_val_00025827_n03796401,target_1dB,1,CL,A2_fixed,entropy_k7,5.135277448398884
64,n03866082/ILSVRC2012_val_00003554_n03866082,target_1dB,1,CL,A2_fixed,entropy_k7,4.992508976562786
65,n03876231/ILSVRC2012_val_00022714_n03876231,target_1dB,1,CL,A2_fixed,entropy_k7,5.521469722167173
66,n03929660/ILSVRC2012_val_00012300_n03929660,target_1dB,1,CL,A2_fixed,entropy_k7,5.911194603078958
67,n03950228/ILSVRC2012_val_00019039_n03950228,target_1dB,1,CL,A2_fixed,entropy_k7,5.333372737982561
68,n03977966/ILSVRC2012_val_00027383_n03977966,target_1dB,1,CL,A2_fixed,entropy_k7,4.879002963609945
69,n03983396/ILSVRC2012_val_00012891_n03983396,target_1dB,1,CL,A2_fixed,entropy_k7,4.938315443482199
70,n04044716/ILSVRC2012_val_00039752_n04044716,target_1dB,1,CL,A2_fixed,entropy_k7,5.884407260699359
71,n04067472/ILSVRC2012_val_00007618_n04067472,target_1dB,1,CL,A2_fixed,entropy_k7,4.852884275636725
72,n04111531/ILSVRC2012_val_00013982_n04111531,target_1dB,1,CL,A2_fixed,entropy_k7,5.220335324264526
73,n04131690/ILSVRC2012_val_00002728_n04131690,target_1dB,1,CL,A2_fixed,entropy_k7,5.549516613600971
74,n04153751/ILSVRC2012_val_00008426_n04153751,target_1dB,1,CL,A2_fixed,entropy_k7,6.041265917681745
75,n04204347/ILSVRC2012_val_00018921_n04204347,target_1dB,1,CL,A2_fixed,entropy_k7,5.698643921207946
76,n04235860/ILSVRC2012_val_00004033_n04235860,target_1dB,1,CL,A2_fixed,entropy_k7,4.8489541504749365
77,n04252077/ILSVRC2012_val_00012989_n04252077,target_1dB,1,CL,A2_fixed,entropy_k7,4.872118757028824
78,n04310018/ILSVRC2012_val_00003156_n04310018,target_1dB,1,CL,A2_fixed,entropy_k7,4.673889879594555
79,n04328186/ILSVRC2012_val_00014795_n04328186,target_1dB,1,CL,A2_fixed,entropy_k7,5.504494249258083
80,n04346328/ILSVRC2012_val_00003305_n04346328,target_1dB,1,CL,A2_fixed,entropy_k7,4.85172917384794
81,n04357314/ILSVRC2012_val_00009430_n04357314,target_1dB,1,CL,A2_fixed,entropy_k7,4.983741069032648
82,n04371774/ILSVRC2012_val_00030870_n04371774,target_1dB,1,CL,A2_fixed,entropy_k7,5.168475712431992
83,n04392985/ILSVRC2012_val_00029362_n04392985,target_1dB,1,CL,A2_fixed,entropy_k7,5.174863661039906
84,n04456115/ILSVRC2012_val_00002331_n04456115,target_1dB,1,CL,A2_fixed,entropy_k7,5.1052881474270775
85,n04485082/ILSVRC2012_val_00000955_n04485082,target_1dB,1,CL,A2_fixed,entropy_k7,4.742247298941542
86,n04515003/ILSVRC2012_val_00002400_n04515003,target_1dB,1,CL,A2_fixed,entropy_k7,5.341793819507084
87,n04540053/ILSVRC2012_val_00007665_n04540053,target_1dB,1,CL,A2_fixed,entropy_k7,4.92608350433845
88,n04560804/ILSVRC2012_val_00029830_n04560804,target_1dB,1,CL,A2_fixed,entropy_k7,4.400830225514782
89,n04596742/ILSVRC2012_val_00007608_n04596742,target_1dB,1,CL,A2_fixed,entropy_k7,4.975241825553403
90,n07583066/ILSVRC2012_val_00001378_n07583066,target_1dB,1,CL,A2_fixed,entropy_k7,4.760186971208655
91,n07590611/ILSVRC2012_val_00030972_n07590611,target_1dB,1,CL,A2_fixed,entropy_k7,4.396327347585234
92,n07714990/ILSVRC2012_val_00008416_n07714990,target_1dB,1,CL,A2_fixed,entropy_k7,4.918152587737814
93,n07716906/ILSVRC2012_val_00011140_n07716906,target_1dB,1,CL,A2_fixed,entropy_k7,5.33574090487258
94,n07720875/ILSVRC2012_val_00000423_n07720875,target_1dB,1,CL,A2_fixed,entropy_k7,5.3651178996435975
95,n07860988/ILSVRC2012_val_00010848_n07860988,target_1dB,1,CL,A2_fixed,entropy_k7,4.730626883588859
96,n09288635/ILSVRC2012_val_00001270_n09288635,target_1dB,1,CL,A2_fixed,entropy_k7,5.479840927188161
97,n09468604/ILSVRC2012_val_00030741_n09468604,target_1dB,1,CL,A2_fixed,entropy_k7,5.129443575469232
98,n11939491/ILSVRC2012_val_00034896_n11939491,target_1dB,1,CL,A2_fixed,entropy_k7,4.875717990734283
99,n15075141/ILSVRC2012_val_00005846_n15075141,target_1dB,1,CL,A2_fixed,entropy_k7,4.928511711063748
0,n01440764/ILSVRC2012_val_00003014_n01440764,target_1dB,1,CL,A2_fixed,path_accuracy_k7,0.09895833333333333
1,n01601694/ILSVRC2012_val_00021656_n01601694,target_1dB,1,CL,A2_fixed,path_accuracy_k7,0.03125
2,n01664065/ILSVRC2012_val_00014316_n01664065,target_1dB,1,CL,A2_fixed,path_accuracy_k7,0.109375
3,n01689811/ILSVRC2012_val_00020598_n01689811,target_1dB,1,CL,A2_fixed,path_accuracy_k7,0.046875
4,n01735189/ILSVRC2012_val_00006699_n01735189,target_1dB,1,CL,A2_fixed,path_accuracy_k7,0.046875
5,n01744401/ILSVRC2012_val_00032663_n01744401,target_1dB,1,CL,A2_fixed,path_accuracy_k7,0.015625
6,n01751748/ILSVRC2012_val_00033157_n01751748,target_1dB,1,CL,A2_fixed,path_accuracy_k7,0.03125
7,n01775062/ILSVRC2012_val_00036589_n01775062,target_1dB,1,CL,A2_fixed,path_accuracy_k7,0.07291666666666667
8,n01843383/ILSVRC2012_val_00005901_n01843383,target_1dB,1,CL,A2_fixed,path_accuracy_k7,0.11458333333333333
9,n01860187/ILSVRC2012_val_00021594_n01860187,target_1dB,1,CL,A2_fixed,path_accuracy_k7,0.057291666666666664
10,n01882714/ILSVRC2012_val_00019996_n01882714,target_1dB,1,CL,A2_fixed,path_accuracy_k7,0.07291666666666667
11,n01943899/ILSVRC2012_val_00005706_n01943899,target_1dB,1,CL,A2_fixed,path_accuracy_k7,0.0625
12,n01955084/ILSVRC2012_val_00001857_n01955084,target_1dB,1,CL,A2_fixed,path_accuracy_k7,0.041666666666666664
13,n01983481/ILSVRC2012_val_00019856_n01983481,target_1dB,1,CL,A2_fixed,path_accuracy_k7,0.08333333333333333
14,n02013706/ILSVRC2012_val_00003168_n02013706,target_1dB,1,CL,A2_fixed,path_accuracy_k7,0.13020833333333334
15,n02027492/ILSVRC2012_val_00007524_n02027492,target_1dB,1,CL,A2_fixed,path_accuracy_k7,0.06770833333333333
16,n02088094/ILSVRC2012_val_00005507_n02088094,target_1dB,1,CL,A2_fixed,path_accuracy_k7,0.078125
17,n02090622/ILSVRC2012_val_00006265_n02090622,target_1dB,1,CL,A2_fixed,path_accuracy_k7,0.057291666666666664
18,n02096177/ILSVRC2012_val_00019083_n02096177,target_1dB,1,CL,A2_fixed,path_accuracy_k7,0.03125
19,n02098286/ILSVRC2012_val_00038253_n02098286,target_1dB,1,CL,A2_fixed,path_accuracy_k7,0.041666666666666664
20,n02102480/ILSVRC2012_val_00010261_n02102480,target_1dB,1,CL,A2_fixed,path_accuracy_k7,0.010416666666666666
21,n02105641/ILSVRC2012_val_00018762_n02105641,target_1dB,1,CL,A2_fixed,path_accuracy_k7,0.06770833333333333
22,n02106550/ILSVRC2012_val_00014315_n02106550,target_1dB,1,CL,A2_fixed,path_accuracy_k7,0.078125
23,n02107683/ILSVRC2012_val_00010786_n02107683,target_1dB,1,CL,A2_fixed,path_accuracy_k7,0.026041666666666668
24,n02110806/ILSVRC2012_val_00030364_n02110806,target_1dB,1,CL,A2_fixed,path_accuracy_k7,0.06770833333333333
25,n02113799/ILSVRC2012_val_00007866_n02113799,target_1dB,1,CL,A2_fixed,path_accuracy_k7,0.057291666666666664
26,n02123159/ILSVRC2012_val_00025723_n02123159,target_1dB,1,CL,A2_fixed,path_accuracy_k7,0.057291666666666664
27,n02134084/ILSVRC2012_val_00020332_n02134084,target_1dB,1,CL,A2_fixed,path_accuracy_k7,0.015625
28,n02168699/ILSVRC2012_val_00040132_n02168699,target_1dB,1,CL,A2_fixed,path_accuracy_k7,0.005208333333333333
29,n02233338/ILSVRC2012_val_00016160_n02233338,target_1dB,1,CL,A2_fixed,path_accuracy_k7,0.0625
30,n02264363/ILSVRC2012_val_00027803_n02264363,target_1dB,1,CL,A2_fixed,path_accuracy_k7,0.010416666666666666
31,n02277742/ILSVRC2012_val_00015608_n02277742,target_1dB,1,CL,A2_fixed,path_accuracy_k7,0.07291666666666667
32,n02325366/ILSVRC2012_val_00024858_n02325366,target_1dB,1,CL,A2_fixed,path_accuracy_k7,0.06770833333333333
33,n02398521/ILSVRC2012_val_00018354_n02398521,target_1dB,1,CL,A2_fixed,path_accuracy_k7,0.052083333333333336
34,n02410509/ILSVRC2012_val_00022568_n02410509,target_1dB,1,CL,A2_fixed,path_accuracy_k7,0.020833333333333332
35,n02437312/ILSVRC2012_val_00006245_n02437312,target_1dB,1,CL,A2_fixed,path_accuracy_k7,0.08854166666666667
36,n02486410/ILSVRC2012_val_00009799_n02486410,target_1dB,1,CL,A2_fixed,path_accuracy_k7,0.041666666666666664
37,n02509815/ILSVRC2012_val_00014423_n02509815,target_1dB,1,CL,A2_fixed,path_accuracy_k7,0.046875
38,n02708093/ILSVRC2012_val_00024690_n02708093,target_1dB,1,CL,A2_fixed,path_accuracy_k7,0.06770833333333333
39,n02776631/ILSVRC2012_val_00028186_n02776631,target_1dB,1,CL,A2_fixed,path_accuracy_k7,0.08854166666666667
40,n02788148/ILSVRC2012_val_00012264_n02788148,target_1dB,1,CL,A2_fixed,path_accuracy_k7,0.046875
41,n02834397/ILSVRC2012_val_00010741_n02834397,target_1dB,1,CL,A2_fixed,path_accuracy_k7,0.020833333333333332
42,n02841315/ILSVRC2012_val_00014601_n02841315,target_1dB,1,CL,A2_fixed,path_accuracy_k7,0.06770833333333333
43,n02910353/ILSVRC2012_val_00017543_n02910353,target_1dB,1,CL,A2_fixed,path_accuracy_k7,0.0625
44,n02951585/ILSVRC2012_val_00008336_n02951585,target_1dB,1,CL,A2_fixed,path_accuracy_k7,0.010416666666666666
45,n02980441/ILSVRC2012_val_00023472_n02980441,target_1dB,1,CL,A2_fixed,path_accuracy_k7,0.036458333333333336
46,n03028079/ILSVRC2012_val_00031446_n03028079,target_1dB,1,CL,A2_fixed,path_accuracy_k7,0.03125
47,n03109150/ILSVRC2012_val_00032588_n03109150,target_1dB,1,CL,A2_fixed,path_accuracy_k7,0.026041666666666668
48,n03127747/ILSVRC2012_val_00003732_n03127747,target_1dB,1,CL,A2_fixed,path_accuracy_k7,0.07291666666666667
49,n03220513/ILSVRC2012_val_00006359_n03220513,target_1dB,1,CL,A2_fixed,path_accuracy_k7,0.06770833333333333
50,n03372029/ILSVRC2012_val_00034937_n03372029,target_1dB,1,CL,A2_fixed,path_accuracy_k7,0.06770833333333333
51,n03388549/ILSVRC2012_val_00022928_n03388549,target_1dB,1,CL,A2_fixed,path_accuracy_k7,0.052083333333333336
52,n03424325/ILSVRC2012_val_00006147_n03424325,target_1dB,1,CL,A2_fixed,path_accuracy_k7,0.03125
53,n03447721/ILSVRC2012_val_00006942_n03447721,target_1dB,1,CL,A2_fixed,path_accuracy_k7,0.13020833333333334
54,n03485794/ILSVRC2012_val_00010782_n03485794,target_1dB,1,CL,A2_fixed,path_accuracy_k7,0.057291666666666664
55,n03527444/ILSVRC2012_val_00035251_n03527444,target_1dB,1,CL,A2_fixed,path_accuracy_k7,0.0625
56,n03584254/ILSVRC2012_val_00016384_n03584254,target_1dB,1,CL,A2_fixed,path_accuracy_k7,0.005208333333333333
57,n03623198/ILSVRC2012_val_00019928_n03623198,target_1dB,1,CL,A2_fixed,path_accuracy_k7,0.015625
58,n03657121/ILSVRC2012_val_00000359_n03657121,target_1dB,1,CL,A2_fixed,path_accuracy_k7,0.005208333333333333
59,n03706229/ILSVRC2012_val_00017460_n03706229,target_1dB,1,CL,A2_fixed,path_accuracy_k7,0.03125
60,n03759954/ILSVRC2012_val_00010804_n03759954,target_1dB,1,CL,A2_fixed,path_accuracy_k7,0.14583333333333334
61,n03775071/ILSVRC2012_val_00002420_n03775071,target_1dB,1,CL,A2_fixed,path_accuracy_k7,0.020833333333333332
62,n03782006/ILSVRC2012_val_00004758_n03782006,target_1dB,1,CL,A2_fixed,path_accuracy_k7,0.015625
63,n03796401/ILSVRC2012_val_00025827_n03796401,target_1dB,1,CL,A2_fixed,path_accuracy_k7,0.08854166666666667
64,n03866082/ILSVRC2012_val_00003554_n03866082,target_1dB,1,CL,A2_fixed,path_accuracy_k7,0.046875
65,n03876231/ILSVRC2012_val_00022714_n03876231,target_1dB,1,CL,A2_fixed,path_accuracy_k7,0.015625
66,n03929660/ILSVRC2012_val_00012300_n03929660,target_1dB,1,CL,A2_fixed,path_accuracy_k7,0.005208333333333333
67,n03950228/ILSVRC2012_val_00019039_n03950228,target_1dB,1,CL,A2_fixed,path_accuracy_k7,0.026041666666666668
68,n03977966/ILSVRC2012_val_00027383_n03977966,target_1dB,1,CL,A2_fixed,path_accuracy_k7,0.078125
69,n03983396/ILSVRC2012_val_00012891_n03983396,target_1dB,1,CL,A2_fixed,path_accuracy_k7,0.08333333333333333
70,n04044716/ILSVRC2012_val_00039752_n04044716,target_1dB,1,CL,A2_fixed,path_accuracy_k7,0.015625
71,n04067472/ILSVRC2012_val_00007618_n04067472,target_1dB,1,CL,A2_fixed,path_accuracy_k7,0.09375
72,n04111531/ILSVRC2012_val_00013982_n04111531,target_1dB,1,CL,A2_fixed,path_accuracy_k7,0.07291666666666667
73,n04131690/ILSVRC2012_val_00002728_n04131690,target_1dB,1,CL,A2_fixed,path_accuracy_k7,0.036458333333333336
74,n04153751/ILSVRC2012_val_00008426_n04153751,target_1dB,1,CL,A2_fixed,path_accuracy_k7,0.010416666666666666
75,n04204347/ILSVRC2012_val_00018921_n04204347,target_1dB,1,CL,A2_fixed,path_accuracy_k7,0.03125
76,n04235860/ILSVRC2012_val_00004033_n04235860,target_1dB,1,CL,A2_fixed,path_accuracy_k7,0.06770833333333333
77,n04252077/ILSVRC2012_val_00012989_n04252077,target_1dB,1,CL,A2_fixed,path_accuracy_k7,0.0625
78,n04310018/ILSVRC2012_val_00003156_n04310018,target_1dB,1,CL,A2_fixed,path_accuracy_k7,0.08333333333333333
79,n04328186/ILSVRC2012_val_00014795_n04328186,target_1dB,1,CL,A2_fixed,path_accuracy_k7,0.03125
80,n04346328/ILSVRC2012_val_00003305_n04346328,target_1dB,1,CL,A2_fixed,path_accuracy_k7,0.06770833333333333
81,n04357314/ILSVRC2012_val_00009430_n04357314,target_1dB,1,CL,A2_fixed,path_accuracy_k7,0.052083333333333336
82,n04371774/ILSVRC2012_val_00030870_n04371774,target_1dB,1,CL,A2_fixed,path_accuracy_k7,0.03125
83,n04392985/ILSVRC2012_val_00029362_n04392985,target_1dB,1,CL,A2_fixed,path_accuracy_k7,0.041666666666666664
84,n04456115/ILSVRC2012_val_00002331_n04456115,target_1dB,1,CL,A2_fixed,path_accuracy_k7,0.06770833333333333
85,n04485082/ILSVRC2012_val_00000955_n04485082,target_1dB,1,CL,A2_fixed,path_accuracy_k7,0.057291666666666664
86,n04515003/ILSVRC2012_val_00002400_n04515003,target_1dB,1,CL,A2_fixed,path_accuracy_k7,0.03125
87,n04540053/ILSVRC2012_val_00007665_n04540053,target_1dB,1,CL,A2_fixed,path_accuracy_k7,0.07291666666666667
88,n04560804/ILSVRC2012_val_00029830_n04560804,target_1dB,1,CL,A2_fixed,path_accuracy_k7,0.09895833333333333
89,n04596742/ILSVRC2012_val_00007608_n04596742,target_1dB,1,CL,A2_fixed,path_accuracy_k7,0.08333333333333333
90,n07583066/ILSVRC2012_val_00001378_n07583066,target_1dB,1,CL,A2_fixed,path_accuracy_k7,0.07291666666666667
91,n07590611/ILSVRC2012_val_00030972_n07590611,target_1dB,1,CL,A2_fixed,path_accuracy_k7,0.16145833333333334
92,n07714990/ILSVRC2012_val_00008416_n07714990,target_1dB,1,CL,A2_fixed,path_accuracy_k7,0.057291666666666664
93,n07716906/ILSVRC2012_val_00011140_n07716906,target_1dB,1,CL,A2_fixed,path_accuracy_k7,0.03125
94,n07720875/ILSVRC2012_val_00000423_n07720875,target_1dB,1,CL,A2_fixed,path_accuracy_k7,0.052083333333333336
95,n07860988/ILSVRC2012_val_00010848_n07860988,target_1dB,1,CL,A2_fixed,path_accuracy_k7,0.046875
96,n09288635/ILSVRC2012_val_00001270_n09288635,target_1dB,1,CL,A2_fixed,path_accuracy_k7,0.026041666666666668
97,n09468604/ILSVRC2012_val_00030741_n09468604,target_1dB,1,CL,A2_fixed,path_accuracy_k7,0.03125
98,n11939491/ILSVRC2012_val_00034896_n11939491,target_1dB,1,CL,A2_fixed,path_accuracy_k7,0.03125
99,n15075141/ILSVRC2012_val_00005846_n15075141,target_1dB,1,CL,A2_fixed,path_accuracy_k7,0.0625
0,n01440764/ILSVRC2012_val_00003014_n01440764,target_1dB,1,CL,A2_fixed,acc_k8,0.05000000000000001
1,n01601694/ILSVRC2012_val_00021656_n01601694,target_1dB,1,CL,A2_fixed,acc_k8,0.006666666666666667
2,n01664065/ILSVRC2012_val_00014316_n01664065,target_1dB,1,CL,A2_fixed,acc_k8,0.05666666666666667
3,n01689811/ILSVRC2012_val_00020598_n01689811,target_1dB,1,CL,A2_fixed,acc_k8,0.02666666666666667
4,n01735189/ILSVRC2012_val_00006699_n01735189,target_1dB,1,CL,A2_fixed,acc_k8,0.02666666666666667
5,n01744401/ILSVRC2012_val_00032663_n01744401,target_1dB,1,CL,A2_fixed,acc_k8,0.013333333333333334
6,n01751748/ILSVRC2012_val_00033157_n01751748,target_1dB,1,CL,A2_fixed,acc_k8,0.01
7,n01775062/ILSVRC2012_val_00036589_n01775062,target_1dB,1,CL,A2_fixed,acc_k8,0.02666666666666667
8,n01843383/ILSVRC2012_val_00005901_n01843383,target_1dB,1,CL,A2_fixed,acc_k8,0.07
9,n01860187/ILSVRC2012_val_00021594_n01860187,target_1dB,1,CL,A2_fixed,acc_k8,0.03
10,n01882714/ILSVRC2012_val_00019996_n01882714,target_1dB,1,CL,A2_fixed,acc_k8,0.04
11,n01943899/ILSVRC2012_val_00005706_n01943899,target_1dB,1,CL,A2_fixed,acc_k8,0.02333333333333333
12,n01955084/ILSVRC2012_val_00001857_n01955084,target_1dB,1,CL,A2_fixed,acc_k8,0.02
13,n01983481/ILSVRC2012_val_00019856_n01983481,target_1dB,1,CL,A2_fixed,acc_k8,0.04
14,n02013706/ILSVRC2012_val_00003168_n02013706,target_1dB,1,CL,A2_fixed,acc_k8,0.04666666666666667
15,n02027492/ILSVRC2012_val_00007524_n02027492,target_1dB,1,CL,A2_fixed,acc_k8,0.02666666666666667
16,n02088094/ILSVRC2012_val_00005507_n02088094,target_1dB,1,CL,A2_fixed,acc_k8,0.02666666666666667
17,n02090622/ILSVRC2012_val_00006265_n02090622,target_1dB,1,CL,A2_fixed,acc_k8,0.03
18,n02096177/ILSVRC2012_val_00019083_n02096177,target_1dB,1,CL,A2_fixed,acc_k8,0.016666666666666666
19,n02098286/ILSVRC2012_val_00038253_n02098286,target_1dB,1,CL,A2_fixed,acc_k8,0.01
20,n02102480/ILSVRC2012_val_00010261_n02102480,target_1dB,1,CL,A2_fixed,acc_k8,0.02
21,n02105641/ILSVRC2012_val_00018762_n02105641,target_1dB,1,CL,A2_fixed,acc_k8,0.04666666666666667
22,n02106550/ILSVRC2012_val_00014315_n02106550,target_1dB,1,CL,A2_fixed,acc_k8,0.05333333333333334
23,n02107683/ILSVRC2012_val_00010786_n02107683,target_1dB,1,CL,A2_fixed,acc_k8,0.016666666666666666
24,n02110806/ILSVRC2012_val_00030364_n02110806,target_1dB,1,CL,A2_fixed,acc_k8,0.03333333333333333
25,n02113799/ILSVRC2012_val_00007866_n02113799,target_1dB,1,CL,A2_fixed,acc_k8,0.03
26,n02123159/ILSVRC2012_val_00025723_n02123159,target_1dB,1,CL,A2_fixed,acc_k8,0.04666666666666667
27,n02134084/ILSVRC2012_val_00020332_n02134084,target_1dB,1,CL,A2_fixed,acc_k8,0.01
28,n02168699/ILSVRC2012_val_00040132_n02168699,target_1dB,1,CL,A2_fixed,acc_k8,0.016666666666666666
29,n02233338/ILSVRC2012_val_00016160_n02233338,target_1dB,1,CL,A2_fixed,acc_k8,0.04666666666666667
30,n02264363/ILSVRC2012_val_00027803_n02264363,target_1dB,1,CL,A2_fixed,acc_k8,0.0033333333333333335
31,n02277742/ILSVRC2012_val_00015608_n02277742,target_1dB,1,CL,A2_fixed,acc_k8,0.03
32,n02325366/ILSVRC2012_val_00024858_n02325366,target_1dB,1,CL,A2_fixed,acc_k8,0.03
33,n02398521/ILSVRC2012_val_00018354_n02398521,target_1dB,1,CL,A2_fixed,acc_k8,0.02
34,n02410509/ILSVRC2012_val_00022568_n02410509,target_1dB,1,CL,A2_fixed,acc_k8,0.03666666666666667
35,n02437312/ILSVRC2012_val_00006245_n02437312,target_1dB,1,CL,A2_fixed,acc_k8,0.02
36,n02486410/ILSVRC2012_val_00009799_n02486410,target_1dB,1,CL,A2_fixed,acc_k8,0.01
37,n02509815/ILSVRC2012_val_00014423_n02509815,target_1dB,1,CL,A2_fixed,acc_k8,0.013333333333333334
38,n02708093/ILSVRC2012_val_00024690_n02708093,target_1dB,1,CL,A2_fixed,acc_k8,0.013333333333333334
39,n02776631/ILSVRC2012_val_00028186_n02776631,target_1dB,1,CL,A2_fixed,acc_k8,0.03666666666666667
40,n02788148/ILSVRC2012_val_00012264_n02788148,target_1dB,1,CL,A2_fixed,acc_k8,0.006666666666666667
41,n02834397/ILSVRC2012_val_00010741_n02834397,target_1dB,1,CL,A2_fixed,acc_k8,0.0033333333333333335
42,n02841315/ILSVRC2012_val_00014601_n02841315,target_1dB,1,CL,A2_fixed,acc_k8,0.02
43,n02910353/ILSVRC2012_val_00017543_n02910353,target_1dB,1,CL,A2_fixed,acc_k8,0.02666666666666667
44,n02951585/ILSVRC2012_val_00008336_n02951585,target_1dB,1,CL,A2_fixed,acc_k8,0.006666666666666667
45,n02980441/ILSVRC2012_val_00023472_n02980441,target_1dB,1,CL,A2_fixed,acc_k8,0.02
46,n03028079/ILSVRC2012_val_00031446_n03028079,target_1dB,1,CL,A2_fixed,acc_k8,0.01
47,n03109150/ILSVRC2012_val_00032588_n03109150,target_1dB,1,CL,A2_fixed,acc_k8,0.013333333333333334
48,n03127747/ILSVRC2012_val_00003732_n03127747,target_1dB,1,CL,A2_fixed,acc_k8,0.03666666666666667
49,n03220513/ILSVRC2012_val_00006359_n03220513,target_1dB,1,CL,A2_fixed,acc_k8,0.03
50,n03372029/ILSVRC2012_val_00034937_n03372029,target_1dB,1,CL,A2_fixed,acc_k8,0.03
51,n03388549/ILSVRC2012_val_00022928_n03388549,target_1dB,1,CL,A2_fixed,acc_k8,0.04
52,n03424325/ILSVRC2012_val_00006147_n03424325,target_1dB,1,CL,A2_fixed,acc_k8,0.03333333333333333
53,n03447721/ILSVRC2012_val_00006942_n03447721,target_1dB,1,CL,A2_fixed,acc_k8,0.07666666666666667
54,n03485794/ILSVRC2012_val_00010782_n03485794,target_1dB,1,CL,A2_fixed,acc_k8,0.016666666666666666
55,n03527444/ILSVRC2012_val_00035251_n03527444,target_1dB,1,CL,A2_fixed,acc_k8,0.013333333333333334
56,n03584254/ILSVRC2012_val_00016384_n03584254,target_1dB,1,CL,A2_fixed,acc_k8,0.0
57,n03623198/ILSVRC2012_val_00019928_n03623198,target_1dB,1,CL,A2_fixed,acc_k8,0.006666666666666667
58,n03657121/ILSVRC2012_val_00000359_n03657121,target_1dB,1,CL,A2_fixed,acc_k8,0.006666666666666667
59,n03706229/ILSVRC2012_val_00017460_n03706229,target_1dB,1,CL,A2_fixed,acc_k8,0.01
60,n03759954/ILSVRC2012_val_00010804_n03759954,target_1dB,1,CL,A2_fixed,acc_k8,0.03666666666666667
61,n03775071/ILSVRC2012_val_00002420_n03775071,target_1dB,1,CL,A2_fixed,acc_k8,0.02
62,n03782006/ILSVRC2012_val_00004758_n03782006,target_1dB,1,CL,A2_fixed,acc_k8,0.013333333333333334
63,n03796401/ILSVRC2012_val_00025827_n03796401,target_1dB,1,CL,A2_fixed,acc_k8,0.016666666666666666
64,n03866082/ILSVRC2012_val_00003554_n03866082,target_1dB,1,CL,A2_fixed,acc_k8,0.023333333333333334
65,n03876231/ILSVRC2012_val_00022714_n03876231,target_1dB,1,CL,A2_fixed,acc_k8,0.0
66,n03929660/ILSVRC2012_val_00012300_n03929660,target_1dB,1,CL,A2_fixed,acc_k8,0.013333333333333334
67,n03950228/ILSVRC2012_val_00019039_n03950228,target_1dB,1,CL,A2_fixed,acc_k8,0.02
68,n03977966/ILSVRC2012_val_00027383_n03977966,target_1dB,1,CL,A2_fixed,acc_k8,0.049999999999999996
69,n03983396/ILSVRC2012_val_00012891_n03983396,target_1dB,1,CL,A2_fixed,acc_k8,0.013333333333333334
70,n04044716/ILSVRC2012_val_00039752_n04044716,target_1dB,1,CL,A2_fixed,acc_k8,0.006666666666666667
71,n04067472/ILSVRC2012_val_00007618_n04067472,target_1dB,1,CL,A2_fixed,acc_k8,0.03666666666666667
72,n04111531/ILSVRC2012_val_00013982_n04111531,target_1dB,1,CL,A2_fixed,acc_k8,0.016666666666666666
73,n04131690/ILSVRC2012_val_00002728_n04131690,target_1dB,1,CL,A2_fixed,acc_k8,0.013333333333333334
74,n04153751/ILSVRC2012_val_00008426_n04153751,target_1dB,1,CL,A2_fixed,acc_k8,0.006666666666666667
75,n04204347/ILSVRC2012_val_00018921_n04204347,target_1dB,1,CL,A2_fixed,acc_k8,0.01
76,n04235860/ILSVRC2012_val_00004033_n04235860,target_1dB,1,CL,A2_fixed,acc_k8,0.043333333333333335
77,n04252077/ILSVRC2012_val_00012989_n04252077,target_1dB,1,CL,A2_fixed,acc_k8,0.02666666666666667
78,n04310018/ILSVRC2012_val_00003156_n04310018,target_1dB,1,CL,A2_fixed,acc_k8,0.05666666666666667
79,n04328186/ILSVRC2012_val_00014795_n04328186,target_1dB,1,CL,A2_fixed,acc_k8,0.006666666666666667
80,n04346328/ILSVRC2012_val_00003305_n04346328,target_1dB,1,CL,A2_fixed,acc_k8,0.03333333333333333
81,n04357314/ILSVRC2012_val_00009430_n04357314,target_1dB,1,CL,A2_fixed,acc_k8,0.02333333333333333
82,n04371774/ILSVRC2012_val_00030870_n04371774,target_1dB,1,CL,A2_fixed,acc_k8,0.02333333333333333
83,n04392985/ILSVRC2012_val_00029362_n04392985,target_1dB,1,CL,A2_fixed,acc_k8,0.023333333333333334
84,n04456115/ILSVRC2012_val_00002331_n04456115,target_1dB,1,CL,A2_fixed,acc_k8,0.02666666666666667
85,n04485082/ILSVRC2012_val_00000955_n04485082,target_1dB,1,CL,A2_fixed,acc_k8,0.02333333333333333
86,n04515003/ILSVRC2012_val_00002400_n04515003,target_1dB,1,CL,A2_fixed,acc_k8,0.016666666666666666
87,n04540053/ILSVRC2012_val_00007665_n04540053,target_1dB,1,CL,A2_fixed,acc_k8,0.043333333333333335
88,n04560804/ILSVRC2012_val_00029830_n04560804,target_1dB,1,CL,A2_fixed,acc_k8,0.03666666666666667
89,n04596742/ILSVRC2012_val_00007608_n04596742,target_1dB,1,CL,A2_fixed,acc_k8,0.043333333333333335
90,n07583066/ILSVRC2012_val_00001378_n07583066,target_1dB,1,CL,A2_fixed,acc_k8,0.05333333333333334
91,n07590611/ILSVRC2012_val_00030972_n07590611,target_1dB,1,CL,A2_fixed,acc_k8,0.04666666666666667
92,n07714990/ILSVRC2012_val_00008416_n07714990,target_1dB,1,CL,A2_fixed,acc_k8,0.04
93,n07716906/ILSVRC2012_val_00011140_n07716906,target_1dB,1,CL,A2_fixed,acc_k8,0.023333333333333334
94,n07720875/ILSVRC2012_val_00000423_n07720875,target_1dB,1,CL,A2_fixed,acc_k8,0.03333333333333333
95,n07860988/ILSVRC2012_val_00010848_n07860988,target_1dB,1,CL,A2_fixed,acc_k8,0.04666666666666667
96,n09288635/ILSVRC2012_val_00001270_n09288635,target_1dB,1,CL,A2_fixed,acc_k8,0.006666666666666667
97,n09468604/ILSVRC2012_val_00030741_n09468604,target_1dB,1,CL,A2_fixed,acc_k8,0.013333333333333334
98,n11939491/ILSVRC2012_val_00034896_n11939491,target_1dB,1,CL,A2_fixed,acc_k8,0.016666666666666666
99,n15075141/ILSVRC2012_val_00005846_n15075141,target_1dB,1,CL,A2_fixed,acc_k8,0.030000000000000002
0,n01440764/ILSVRC2012_val_00003014_n01440764,target_1dB,1,CL,A2_fixed,logp_true_k8,-6.638068467477957
1,n01601694/ILSVRC2012_val_00021656_n01601694,target_1dB,1,CL,A2_fixed,logp_true_k8,-7.522598131497701
2,n01664065/ILSVRC2012_val_00014316_n01664065,target_1dB,1,CL,A2_fixed,logp_true_k8,-6.652074511845907
3,n01689811/ILSVRC2012_val_00020598_n01689811,target_1dB,1,CL,A2_fixed,logp_true_k8,-6.948404006560644
4,n01735189/ILSVRC2012_val_00006699_n01735189,target_1dB,1,CL,A2_fixed,logp_true_k8,-7.000596531629562
5,n01744401/ILSVRC2012_val_00032663_n01744401,target_1dB,1,CL,A2_fixed,logp_true_k8,-7.655416470368703
6,n01751748/ILSVRC2012_val_00033157_n01751748,target_1dB,1,CL,A2_fixed,logp_true_k8,-7.601540033817291
7,n01775062/ILSVRC2012_val_00036589_n01775062,target_1dB,1,CL,A2_fixed,logp_true_k8,-6.762462539970875
8,n01843383/ILSVRC2012_val_00005901_n01843383,target_1dB,1,CL,A2_fixed,logp_true_k8,-6.389519073913495
9,n01860187/ILSVRC2012_val_00021594_n01860187,target_1dB,1,CL,A2_fixed,logp_true_k8,-7.038764313161373
10,n01882714/ILSVRC2012_val_00019996_n01882714,target_1dB,1,CL,A2_fixed,logp_true_k8,-6.579136188427608
11,n01943899/ILSVRC2012_val_00005706_n01943899,target_1dB,1,CL,A2_fixed,logp_true_k8,-7.315020660559337
12,n01955084/ILSVRC2012_val_00001857_n01955084,target_1dB,1,CL,A2_fixed,logp_true_k8,-7.019274032910665
13,n01983481/ILSVRC2012_val_00019856_n01983481,target_1dB,1,CL,A2_fixed,logp_true_k8,-6.816529078086217
14,n02013706/ILSVRC2012_val_00003168_n02013706,target_1dB,1,CL,A2_fixed,logp_true_k8,-6.679640941023827
15,n02027492/ILSVRC2012_val_00007524_n02027492,target_1dB,1,CL,A2_fixed,logp_true_k8,-7.524117045402527
16,n02088094/ILSVRC2012_val_00005507_n02088094,target_1dB,1,CL,A2_fixed,logp_true_k8,-7.269185203313827
17,n02090622/ILSVRC2012_val_00006265_n02090622,target_1dB,1,CL,A2_fixed,logp_true_k8,-6.7485842124621085
18,n02096177/ILSVRC2012_val_00019083_n02096177,target_1dB,1,CL,A2_fixed,logp_true_k8,-7.31277306775252
19,n02098286/ILSVRC2012_val_00038253_n02098286,target_1dB,1,CL,A2_fixed,logp_true_k8,-7.557736848592758
20,n02102480/ILSVRC2012_val_00010261_n02102480,target_1dB,1,CL,A2_fixed,logp_true_k8,-7.462920887569587
21,n02105641/ILSVRC2012_val_00018762_n02105641,target_1dB,1,CL,A2_fixed,logp_true_k8,-6.6272306620081265
22,n02106550/ILSVRC2012_val_00014315_n02106550,target_1dB,1,CL,A2_fixed,logp_true_k8,-6.803745461503666
23,n02107683/ILSVRC2012_val_00010786_n02107683,target_1dB,1,CL,A2_fixed,logp_true_k8,-7.659205464522043
24,n02110806/ILSVRC2012_val_00030364_n02110806,target_1dB,1,CL,A2_fixed,logp_true_k8,-6.5577946560084825
25,n02113799/ILSVRC2012_val_00007866_n02113799,target_1dB,1,CL,A2_fixed,logp_true_k8,-6.915607798099518
26,n02123159/ILSVRC2012_val_00025723_n02123159,target_1dB,1,CL,A2_fixed,logp_true_k8,-6.731889944871266
27,n02134084/ILSVRC2012_val_00020332_n02134084,target_1dB,1,CL,A2_fixed,logp_true_k8,-7.548912096420923
28,n02168699/ILSVRC2012_val_00040132_n02168699,target_1dB,1,CL,A2_fixed,logp_true_k8,-7.587680452267328
29,n02233338/ILSVRC2012_val_00016160_n02233338,target_1dB,1,CL,A2_fixed,logp_true_k8,-7.251294777393341
30,n02264363/ILSVRC2012_val_00027803_n02264363,target_1dB,1,CL,A2_fixed,logp_true_k8,-7.85728539466858
31,n02277742/ILSVRC2012_val_00015608_n02277742,target_1dB,1,CL,A2_fixed,logp_true_k8,-6.889977236439783
32,n02325366/ILSVRC2012_val_00024858_n02325366,target_1dB,1,CL,A2_fixed,logp_true_k8,-6.559121297399202
33,n02398521/ILSVRC2012_val_00018354_n02398521,target_1dB,1,CL,A2_fixed,logp_true_k8,-7.204314287106197
34,n02410509/ILSVRC2012_val_00022568_n02410509,target_1dB,1,CL,A2_fixed,logp_true_k8,-7.169170632362366
35,n02437312/ILSVRC2012_val_00006245_n02437312,target_1dB,1,CL,A2_fixed,logp_true_k8,-7.17287294169267
36,n02486410/ILSVRC2012_val_00009799_n02486410,target_1dB,1,CL,A2_fixed,logp_true_k8,-7.300304729143779
37,n02509815/ILSVRC2012_val_00014423_n02509815,target_1dB,1,CL,A2_fixed,logp_true_k8,-7.23620947321256
38,n02708093/ILSVRC2012_val_00024690_n02708093,target_1dB,1,CL,A2_fixed,logp_true_k8,-7.251237256129582
39,n02776631/ILSVRC2012_val_00028186_n02776631,target_1dB,1,CL,A2_fixed,logp_true_k8,-6.70116429924965
40,n02788148/ILSVRC2012_val_00012264_n02788148,target_1dB,1,CL,A2_fixed,logp_true_k8,-7.516313705841701
41,n02834397/ILSVRC2012_val_00010741_n02834397,target_1dB,1,CL,A2_fixed,logp_true_k8,-7.455547905365626
42,n02841315/ILSVRC2012_val_00014601_n02841315,target_1dB,1,CL,A2_fixed,logp_true_k8,-7.543613033692043
43,n02910353/ILSVRC2012_val_00017543_n02910353,target_1dB,1,CL,A2_fixed,logp_true_k8,-7.0626445526878046
44,n02951585/ILSVRC2012_val_00008336_n02951585,target_1dB,1,CL,A2_fixed,logp_true_k8,-7.682005030314127
45,n02980441/ILSVRC2012_val_00023472_n02980441,target_1dB,1,CL,A2_fixed,logp_true_k8,-7.593933945298194
46,n03028079/ILSVRC2012_val_00031446_n03028079,target_1dB,1,CL,A2_fixed,logp_true_k8,-7.692411400874455
47,n03109150/ILSVRC2012_val_00032588_n03109150,target_1dB,1,CL,A2_fixed,logp_true_k8,-7.78091451684634
48,n03127747/ILSVRC2012_val_00003732_n03127747,target_1dB,1,CL,A2_fixed,logp_true_k8,-7.450928885582059
49,n03220513/ILSVRC2012_val_00006359_n03220513,target_1dB,1,CL,A2_fixed,logp_true_k8,-7.321967267493407
50,n03372029/ILSVRC2012_val_00034937_n03372029,target_1dB,1,CL,A2_fixed,logp_true_k8,-7.242885268231233
51,n03388549/ILSVRC2012_val_00022928_n03388549,target_1dB,1,CL,A2_fixed,logp_true_k8,-7.34844773332278
52,n03424325/ILSVRC2012_val_00006147_n03424325,target_1dB,1,CL,A2_fixed,logp_true_k8,-7.065235486229262
53,n03447721/ILSVRC2012_val_00006942_n03447721,target_1dB,1,CL,A2_fixed,logp_true_k8,-6.453081612251698
54,n03485794/ILSVRC2012_val_00010782_n03485794,target_1dB,1,CL,A2_fixed,logp_true_k8,-7.613881992598375
55,n03527444/ILSVRC2012_val_00035251_n03527444,target_1dB,1,CL,A2_fixed,logp_true_k8,-7.174487964908283
56,n03584254/ILSVRC2012_val_00016384_n03584254,target_1dB,1,CL,A2_fixed,logp_true_k8,-7.146454456647237
57,n03623198/ILSVRC2012_val_00019928_n03623198,target_1dB,1,CL,A2_fixed,logp_true_k8,-7.408484837214153
58,n03657121/ILSVRC2012_val_00000359_n03657121,target_1dB,1,CL,A2_fixed,logp_true_k8,-7.3601552446683245
59,n03706229/ILSVRC2012_val_00017460_n03706229,target_1dB,1,CL,A2_fixed,logp_true_k8,-8.123048535188039
60,n03759954/ILSVRC2012_val_00010804_n03759954,target_1dB,1,CL,A2_fixed,logp_true_k8,-6.004814026430249
61,n03775071/ILSVRC2012_val_00002420_n03775071,target_1dB,1,CL,A2_fixed,logp_true_k8,-7.400157638788222
62,n03782006/ILSVRC2012_val_00004758_n03782006,target_1dB,1,CL,A2_fixed,logp_true_k8,-7.603242110411326
63,n03796401/ILSVRC2012_val_00025827_n03796401,target_1dB,1,CL,A2_fixed,logp_true_k8,-7.384404757618905
64,n03866082/ILSVRC2012_val_00003554_n03866082,target_1dB,1,CL,A2_fixed,logp_true_k8,-7.122138895193736
65,n03876231/ILSVRC2012_val_00022714_n03876231,target_1dB,1,CL,A2_fixed,logp_true_k8,-7.5293138670921325
66,n03929660/ILSVRC2012_val_00012300_n03929660,target_1dB,1,CL,A2_fixed,logp_true_k8,-7.591671798229218
67,n03950228/ILSVRC2012_val_00019039_n03950228,target_1dB,1,CL,A2_fixed,logp_true_k8,-7.534839416146279
68,n03977966/ILSVRC2012_val_00027383_n03977966,target_1dB,1,CL,A2_fixed,logp_true_k8,-6.643465430339178
69,n03983396/ILSVRC2012_val_00012891_n03983396,target_1dB,1,CL,A2_fixed,logp_true_k8,-7.317713520526887
70,n04044716/ILSVRC2012_val_00039752_n04044716,target_1dB,1,CL,A2_fixed,logp_true_k8,-7.682299969196319
71,n04067472/ILSVRC2012_val_00007618_n04067472,target_1dB,1,CL,A2_fixed,logp_true_k8,-6.953737844129404
72,n04111531/ILSVRC2012_val_00013982_n04111531,target_1dB,1,CL,A2_fixed,logp_true_k8,-7.402261494795482
73,n04131690/ILSVRC2012_val_00002728_n04131690,target_1dB,1,CL,A2_fixed,logp_true_k8,-7.581329132318497
74,n04153751/ILSVRC2012_val_00008426_n04153751,target_1dB,1,CL,A2_fixed,logp_true_k8,-7.682761355241141
75,n04204347/ILSVRC2012_val_00018921_n04204347,target_1dB,1,CL,A2_fixed,logp_true_k8,-7.246656226714452
76,n04235860/ILSVRC2012_val_00004033_n04235860,target_1dB,1,CL,A2_fixed,logp_true_k8,-6.614401449263096
77,n04252077/ILSVRC2012_val_00012989_n04252077,target_1dB,1,CL,A2_fixed,logp_true_k8,-6.68232742468516
78,n04310018/ILSVRC2012_val_00003156_n04310018,target_1dB,1,CL,A2_fixed,logp_true_k8,-6.801395894686382
79,n04328186/ILSVRC2012_val_00014795_n04328186,target_1dB,1,CL,A2_fixed,logp_true_k8,-7.698739414612452
80,n04346328/ILSVRC2012_val_00003305_n04346328,target_1dB,1,CL,A2_fixed,logp_true_k8,-6.9605453590552
81,n04357314/ILSVRC2012_val_00009430_n04357314,target_1dB,1,CL,A2_fixed,logp_true_k8,-7.197299102246762
82,n04371774/ILSVRC2012_val_00030870_n04371774,target_1dB,1,CL,A2_fixed,logp_true_k8,-7.268638266722362
83,n04392985/ILSVRC2012_val_00029362_n04392985,target_1dB,1,CL,A2_fixed,logp_true_k8,-7.270271261135737
84,n04456115/ILSVRC2012_val_00002331_n04456115,target_1dB,1,CL,A2_fixed,logp_true_k8,-7.123005080421765
85,n04485082/ILSVRC2012_val_00000955_n04485082,target_1dB,1,CL,A2_fixed,logp_true_k8,-6.990830249339343
86,n04515003/ILSVRC2012_val_00002400_n04515003,target_1dB,1,CL,A2_fixed,logp_true_k8,-7.309652878741424
87,n04540053/ILSVRC2012_val_00007665_n04540053,target_1dB,1,CL,A2_fixed,logp_true_k8,-7.044937913219134
88,n04560804/ILSVRC2012_val_00029830_n04560804,target_1dB,1,CL,A2_fixed,logp_true_k8,-6.631640566885472
89,n04596742/ILSVRC2012_val_00007608_n04596742,target_1dB,1,CL,A2_fixed,logp_true_k8,-7.0941716232895855
90,n07583066/ILSVRC2012_val_00001378_n07583066,target_1dB,1,CL,A2_fixed,logp_true_k8,-7.047608602792025
91,n07590611/ILSVRC2012_val_00030972_n07590611,target_1dB,1,CL,A2_fixed,logp_true_k8,-6.3325776642064255
92,n07714990/ILSVRC2012_val_00008416_n07714990,target_1dB,1,CL,A2_fixed,logp_true_k8,-6.852860992252826
93,n07716906/ILSVRC2012_val_00011140_n07716906,target_1dB,1,CL,A2_fixed,logp_true_k8,-7.4870404791831975
94,n07720875/ILSVRC2012_val_00000423_n07720875,target_1dB,1,CL,A2_fixed,logp_true_k8,-7.688056727449099
95,n07860988/ILSVRC2012_val_00010848_n07860988,target_1dB,1,CL,A2_fixed,logp_true_k8,-6.744118740558625
96,n09288635/ILSVRC2012_val_00001270_n09288635,target_1dB,1,CL,A2_fixed,logp_true_k8,-7.730225921471913
97,n09468604/ILSVRC2012_val_00030741_n09468604,target_1dB,1,CL,A2_fixed,logp_true_k8,-7.27500399072965
98,n11939491/ILSVRC2012_val_00034896_n11939491,target_1dB,1,CL,A2_fixed,logp_true_k8,-6.964143455723922
99,n15075141/ILSVRC2012_val_00005846_n15075141,target_1dB,1,CL,A2_fixed,logp_true_k8,-7.120682820479075
0,n01440764/ILSVRC2012_val_00003014_n01440764,target_1dB,1,CL,A2_fixed,entropy_k8,4.930560682185294
1,n01601694/ILSVRC2012_val_00021656_n01601694,target_1dB,1,CL,A2_fixed,entropy_k8,5.905572950853041
2,n01664065/ILSVRC2012_val_00014316_n01664065,target_1dB,1,CL,A2_fixed,entropy_k8,4.988976876415106
3,n01689811/ILSVRC2012_val_00020598_n01689811,target_1dB,1,CL,A2_fixed,entropy_k8,5.078476831752258
4,n01735189/ILSVRC2012_val_00006699_n01735189,target_1dB,1,CL,A2_fixed,entropy_k8,5.315656922419796
5,n01744401/ILSVRC2012_val_00032663_n01744401,target_1dB,1,CL,A2_fixed,entropy_k8,5.986746453416509
6,n01751748/ILSVRC2012_val_00033157_n01751748,target_1dB,1,CL,A2_fixed,entropy_k8,5.856203142507051
7,n01775062/ILSVRC2012_val_00036589_n01775062,target_1dB,1,CL,A2_fixed,entropy_k8,5.175475451953898
8,n01843383/ILSVRC2012_val_00005901_n01843383,target_1dB,1,CL,A2_fixed,entropy_k8,4.711091342293707
9,n01860187/ILSVRC2012_val_00021594_n01860187,target_1dB,1,CL,A2_fixed,entropy_k8,5.210047976144797
10,n01882714/ILSVRC2012_val_00019996_n01882714,target_1dB,1,CL,A2_fixed,entropy_k8,5.1413342968120155
11,n01943899/ILSVRC2012_val_00005706_n01943899,target_1dB,1,CL,A2_fixed,entropy_k8,5.531905469390705
12,n01955084/ILSVRC2012_val_00001857_n01955084,target_1dB,1,CL,A2_fixed,entropy_k8,5.25413310223196
13,n01983481/ILSVRC2012_val_00019856_n01983481,target_1dB,1,CL,A2_fixed,entropy_k8,5.0129969078585095
14,n02013706/ILSVRC2012_val_00003168_n02013706,target_1dB,1,CL,A2_fixed,entropy_k8,5.102725344190218
15,n02027492/ILSVRC2012_val_00007524_n02027492,target_1dB,1,CL,A2_fixed,entropy_k8,5.482739012321477
16,n02088094/ILSVRC2012_val_00005507_n02088094,target_1dB,1,CL,A2_fixed,entropy_k8,5.241549360364901
17,n02090622/ILSVRC2012_val_00006265_n02090622,target_1dB,1,CL,A2_fixed,entropy_k8,5.284952034183843
18,n02096177/ILSVRC2012_val_00019083_n02096177,target_1dB,1,CL,A2_fixed,entropy_k8,5.657945864336054
19,n02098286/ILSVRC2012_val_00038253_n02098286,target_1dB,1,CL,A2_fixed,entropy_k8,5.755037304322307
20,n02102480/ILSVRC2012_val_00010261_n02102480,target_1dB,1,CL,A2_fixed,entropy_k8,5.838741980435194
21,n02105641/ILSVRC2012_val_00018762_n02105641,target_1dB,1,CL,A2_fixed,entropy_k8,5.096674042377894
22,n02106550/ILSVRC2012_val_00014315_n02106550,target_1dB,1,CL,A2_fixed,entropy_k8,5.043292977669064
23,n02107683/ILSVRC2012_val_00010786_n02107683,target_1dB,1,CL,A2_fixed,entropy_k8,5.7880383373344175
24,n02110806/ILSVRC2012_val_00030364_n02110806,target_1dB,1,CL,A2_fixed,entropy_k8,4.840666465547797
25,n02113799/ILSVRC2012_val_00007866_n02113799,target_1dB,1,CL,A2_fixed,entropy_k8,5.364065601565315
26,n02123159/ILSVRC2012_val_00025723_n02123159,target_1dB,1,CL,A2_fixed,entropy_k8,4.973399474026611
27,n02134084/ILSVRC2012_val_00020332_n02134084,target_1dB,1,CL,A2_fixed,entropy_k8,5.676558135894074
28,n02168699/ILSVRC2012_val_00040132_n02168699,target_1dB,1,CL,A2_fixed,entropy_k8,5.836787459030655
29,n02233338/ILSVRC2012_val_00016160_n02233338,target_1dB,1,CL,A2_fixed,entropy_k8,5.464817943096865
30,n02264363/ILSVRC2012_val_00027803_n02264363,target_1dB,1,CL,A2_fixed,entropy_k8,5.961867349071956
31,n02277742/ILSVRC2012_val_00015608_n02277742,target_1dB,1,CL,A2_fixed,entropy_k8,5.204880859712338
32,n02325366/ILSVRC2012_val_00024858_n02325366,target_1dB,1,CL,A2_fixed,entropy_k8,4.983662285573053
33,n02398521/ILSVRC2012_val_00018354_n02398521,target_1dB,1,CL,A2_fixed,entropy_k8,5.509027596669202
34,n02410509/ILSVRC2012_val_00022568_n02410509,target_1dB,1,CL,A2_fixed,entropy_k8,5.618241830136572
35,n02437312/ILSVRC2012_val_00006245_n02437312,target_1dB,1,CL,A2_fixed,entropy_k8,5.20470533825031
36,n02486410/ILSVRC2012_val_00009799_n02486410,target_1dB,1,CL,A2_fixed,entropy_k8,5.622184312350302
37,n02509815/ILSVRC2012_val_00014423_n02509815,target_1dB,1,CL,A2_fixed,entropy_k8,5.5113036721158375
38,n02708093/ILSVRC2012_val_00024690_n02708093,target_1dB,1,CL,A2_fixed,entropy_k8,5.580162392998548
39,n02776631/ILSVRC2012_val_00028186_n02776631,target_1dB,1,CL,A2_fixed,entropy_k8,5.059149606250332
40,n02788148/ILSVRC2012_val_00012264_n02788148,target_1dB,1,CL,A2_fixed,entropy_k8,5.474088344669993
41,n02834397/ILSVRC2012_val_00010741_n02834397,target_1dB,1,CL,A2_fixed,entropy_k8,5.758498099483584
42,n02841315/ILSVRC2012_val_00014601_n02841315,target_1dB,1,CL,A2_fixed,entropy_k8,5.365001900124031
43,n02910353/ILSVRC2012_val_00017543_n02910353,target_1dB,1,CL,A2_fixed,entropy_k8,5.356710598144896
44,n02951585/ILSVRC2012_val_00008336_n02951585,target_1dB,1,CL,A2_fixed,entropy_k8,5.729004684621785
45,n02980441/ILSVRC2012_val_00023472_n02980441,target_1dB,1,CL,A2_fixed,entropy_k8,5.532781229694881
46,n03028079/ILSVRC2012_val_00031446_n03028079,target_1dB,1,CL,A2_fixed,entropy_k8,5.415472541202907
47,n03109150/ILSVRC2012_val_00032588_n03109150,target_1dB,1,CL,A2_fixed,entropy_k8,5.786299956226768
48,n03127747/ILSVRC2012_val_00003732_n03127747,target_1dB,1,CL,A2_fixed,entropy_k8,5.511371810970552
49,n03220513/ILSVRC2012_val_00006359_n03220513,target_1dB,1,CL,A2_fixed,entropy_k8,5.600155183401985
50,n03372029/ILSVRC2012_val_00034937_n03372029,target_1dB,1,CL,A2_fixed,entropy_k8,5.231875558213804
51,n03388549/ILSVRC2012_val_00022928_n03388549,target_1dB,1,CL,A2_fixed,entropy_k8,5.263256568699327
52,n03424325/ILSVRC2012_val_00006147_n03424325,target_1dB,1,CL,A2_fixed,entropy_k8,5.3497537584232235
53,n03447721/ILSVRC2012_val_00006942_n03447721,target_1dB,1,CL,A2_fixed,entropy_k8,4.686748878741741
54,n03485794/ILSVRC2012_val_00010782_n03485794,target_1dB,1,CL,A2_fixed,entropy_k8,5.730406808416163
55,n03527444/ILSVRC2012_val_00035251_n03527444,target_1dB,1,CL,A2_fixed,entropy_k8,5.428363791229768
56,n03584254/ILSVRC2012_val_00016384_n03584254,target_1dB,1,CL,A2_fixed,entropy_k8,6.369347242893473
57,n03623198/ILSVRC2012_val_00019928_n03623198,target_1dB,1,CL,A2_fixed,entropy_k8,6.17444484504447
58,n03657121/ILSVRC2012_val_00000359_n03657121,target_1dB,1,CL,A2_fixed,entropy_k8,6.25446727002947
59,n03706229/ILSVRC2012_val_00017460_n03706229,target_1dB,1,CL,A2_fixed,entropy_k8,6.064038762515459
60,n03759954/ILSVRC2012_val_00010804_n03759954,target_1dB,1,CL,A2_fixed,entropy_k8,4.451951384581046
61,n03775071/ILSVRC2012_val_00002420_n03775071,target_1dB,1,CL,A2_fixed,entropy_k8,6.036520413137617
62,n03782006/ILSVRC2012_val_00004758_n03782006,target_1dB,1,CL,A2_fixed,entropy_k8,5.609364798948433
63,n03796401/ILSVRC2012_val_00025827_n03796401,target_1dB,1,CL,A2_fixed,entropy_k8,5.456039638597891
64,n03866082/ILSVRC2012_val_00003554_n03866082,target_1dB,1,CL,A2_fixed,entropy_k8,5.444979702650204
65,n03876231/ILSVRC2012_val_00022714_n03876231,target_1dB,1,CL,A2_fixed,entropy_k8,5.768983675315826
66,n03929660/ILSVRC2012_val_00012300_n03929660,target_1dB,1,CL,A2_fixed,entropy_k8,6.141386093839006
67,n03950228/ILSVRC2012_val_00019039_n03950228,target_1dB,1,CL,A2_fixed,entropy_k8,5.693169154888737
68,n03977966/ILSVRC2012_val_00027383_n03977966,target_1dB,1,CL,A2_fixed,entropy_k8,5.16527974819915
69,n03983396/ILSVRC2012_val_00012891_n03983396,target_1dB,1,CL,A2_fixed,entropy_k8,5.368093184390658
70,n04044716/ILSVRC2012_val_00039752_n04044716,target_1dB,1,CL,A2_fixed,entropy_k8,6.168379036792392
71,n04067472/ILSVRC2012_val_00007618_n04067472,target_1dB,1,CL,A2_fixed,entropy_k8,5.076964215898485
72,n04111531/ILSVRC2012_val_00013982_n04111531,target_1dB,1,CL,A2_fixed,entropy_k8,5.569406419021543
73,n04131690/ILSVRC2012_val_00002728_n04131690,target_1dB,1,CL,A2_fixed,entropy_k8,5.802959958947478
74,n04153751/ILSVRC2012_val_00008426_n04153751,target_1dB,1,CL,A2_fixed,entropy_k8,6.164052996001658
75,n04204347/ILSVRC2012_val_00018921_n04204347,target_1dB,1,CL,A2_fixed,entropy_k8,5.889626763830134
76,n04235860/ILSVRC2012_val_00004033_n04235860,target_1dB,1,CL,A2_fixed,entropy_k8,5.218097587083091
77,n04252077/ILSVRC2012_val_00012989_n04252077,target_1dB,1,CL,A2_fixed,entropy_k8,5.169425922560155
78,n04310018/ILSVRC2012_val_00003156_n04310018,target_1dB,1,CL,A2_fixed,entropy_k8,4.965608490853734
79,n04328186/ILSVRC2012_val_00014795_n04328186,target_1dB,1,CL,A2_fixed,entropy_k8,5.811170743508711
80,n04346328/ILSVRC2012_val_00003305_n04346328,target_1dB,1,CL,A2_fixed,entropy_k8,5.225539839672858
81,n04357314/ILSVRC2012_val_00009430_n04357314,target_1dB,1,CL,A2_fixed,entropy_k8,5.236690380805843
82,n04371774/ILSVRC2012_val_00030870_n04371774,target_1dB,1,CL,A2_fixed,entropy_k8,5.463695305220398
83,n04392985/ILSVRC2012_val_00029362_n04392985,target_1dB,1,CL,A2_fixed,entropy_k8,5.547430475699666
84,n04456115/ILSVRC2012_val_00002331_n04456115,target_1dB,1,CL,A2_fixed,entropy_k8,5.370168251976799
85,n04485082/ILSVRC2012_val_00000955_n04485082,target_1dB,1,CL,A2_fixed,entropy_k8,5.104765248664922
86,n04515003/ILSVRC2012_val_00002400_n04515003,target_1dB,1,CL,A2_fixed,entropy_k8,5.678428828236686
87,n04540053/ILSVRC2012_val_00007665_n04540053,target_1dB,1,CL,A2_fixed,entropy_k8,5.114492293587265
88,n04560804/ILSVRC2012_val_00029830_n04560804,target_1dB,1,CL,A2_fixed,entropy_k8,4.771041648910613
89,n04596742/ILSVRC2012_val_00007608_n04596742,target_1dB,1,CL,A2_fixed,entropy_k8,5.3264071621530995
90,n07583066/ILSVRC2012_val_00001378_n07583066,target_1dB,1,CL,A2_fixed,entropy_k8,5.08757907867952
91,n07590611/ILSVRC2012_val_00030972_n07590611,target_1dB,1,CL,A2_fixed,entropy_k8,4.771696737781625
92,n07714990/ILSVRC2012_val_00008416_n07714990,target_1dB,1,CL,A2_fixed,entropy_k8,5.268331092563103
93,n07716906/ILSVRC2012_val_00011140_n07716906,target_1dB,1,CL,A2_fixed,entropy_k8,5.681662165174671
94,n07720875/ILSVRC2012_val_00000423_n07720875,target_1dB,1,CL,A2_fixed,entropy_k8,5.6308332493908635
95,n07860988/ILSVRC2012_val_00010848_n07860988,target_1dB,1,CL,A2_fixed,entropy_k8,5.0413677303728335
96,n09288635/ILSVRC2012_val_00001270_n09288635,target_1dB,1,CL,A2_fixed,entropy_k8,5.757333128928127
97,n09468604/ILSVRC2012_val_00030741_n09468604,target_1dB,1,CL,A2_fixed,entropy_k8,5.467794337686196
98,n11939491/ILSVRC2012_val_00034896_n11939491,target_1dB,1,CL,A2_fixed,entropy_k8,5.2460931332665774
99,n15075141/ILSVRC2012_val_00005846_n15075141,target_1dB,1,CL,A2_fixed,entropy_k8,5.182662674843349
0,n01440764/ILSVRC2012_val_00003014_n01440764,target_1dB,1,CL,A2_fixed,path_accuracy_k8,0.07
1,n01601694/ILSVRC2012_val_00021656_n01601694,target_1dB,1,CL,A2_fixed,path_accuracy_k8,0.01
2,n01664065/ILSVRC2012_val_00014316_n01664065,target_1dB,1,CL,A2_fixed,path_accuracy_k8,0.06
3,n01689811/ILSVRC2012_val_00020598_n01689811,target_1dB,1,CL,A2_fixed,path_accuracy_k8,0.02666666666666667
4,n01735189/ILSVRC2012_val_00006699_n01735189,target_1dB,1,CL,A2_fixed,path_accuracy_k8,0.043333333333333335
5,n01744401/ILSVRC2012_val_00032663_n01744401,target_1dB,1,CL,A2_fixed,path_accuracy_k8,0.016666666666666666
6,n01751748/ILSVRC2012_val_00033157_n01751748,target_1dB,1,CL,A2_fixed,path_accuracy_k8,0.013333333333333334
7,n01775062/ILSVRC2012_val_00036589_n01775062,target_1dB,1,CL,A2_fixed,path_accuracy_k8,0.03333333333333333
8,n01843383/ILSVRC2012_val_00005901_n01843383,target_1dB,1,CL,A2_fixed,path_accuracy_k8,0.08666666666666667
9,n01860187/ILSVRC2012_val_00021594_n01860187,target_1dB,1,CL,A2_fixed,path_accuracy_k8,0.030000000000000002
10,n01882714/ILSVRC2012_val_00019996_n01882714,target_1dB,1,CL,A2_fixed,path_accuracy_k8,0.04666666666666667
11,n01943899/ILSVRC2012_val_00005706_n01943899,target_1dB,1,CL,A2_fixed,path_accuracy_k8,0.016666666666666666
12,n01955084/ILSVRC2012_val_00001857_n01955084,target_1dB,1,CL,A2_fixed,path_accuracy_k8,0.023333333333333334
13,n01983481/ILSVRC2012_val_00019856_n01983481,target_1dB,1,CL,A2_fixed,path_accuracy_k8,0.06666666666666667
14,n02013706/ILSVRC2012_val_00003168_n02013706,target_1dB,1,CL,A2_fixed,path_accuracy_k8,0.05333333333333334
15,n02027492/ILSVRC2012_val_00007524_n02027492,target_1dB,1,CL,A2_fixed,path_accuracy_k8,0.05333333333333334
16,n02088094/ILSVRC2012_val_00005507_n02088094,target_1dB,1,CL,A2_fixed,path_accuracy_k8,0.04666666666666667
17,n02090622/ILSVRC2012_val_00006265_n02090622,target_1dB,1,CL,A2_fixed,path_accuracy_k8,0.023333333333333334
18,n02096177/ILSVRC2012_val_00019083_n02096177,target_1dB,1,CL,A2_fixed,path_accuracy_k8,0.01
19,n02098286/ILSVRC2012_val_00038253_n02098286,target_1dB,1,CL,A2_fixed,path_accuracy_k8,0.03
20,n02102480/ILSVRC2012_val_00010261_n02102480,target_1dB,1,CL,A2_fixed,path_accuracy_k8,0.02
21,n02105641/ILSVRC2012_val_00018762_n02105641,target_1dB,1,CL,A2_fixed,path_accuracy_k8,0.049999999999999996
22,n02106550/ILSVRC2012_val_00014315_n02106550,target_1dB,1,CL,A2_fixed,path_accuracy_k8,0.09666666666666666
23,n02107683/ILSVRC2012_val_00010786_n02107683,target_1dB,1,CL,A2_fixed,path_accuracy_k8,0.02
24,n02110806/ILSVRC2012_val_00030364_n02110806,target_1dB,1,CL,A2_fixed,path_accuracy_k8,0.05333333333333334
25,n02113799/ILSVRC2012_val_00007866_n02113799,target_1dB,1,CL,A2_fixed,path_accuracy_k8,0.03
26,n02123159/ILSVRC2012_val_00025723_n02123159,target_1dB,1,CL,A2_fixed,path_accuracy_k8,0.06333333333333334
27,n02134084/ILSVRC2012_val_00020332_n02134084,target_1dB,1,CL,A2_fixed,path_accuracy_k8,0.023333333333333334
28,n02168699/ILSVRC2012_val_00040132_n02168699,target_1dB,1,CL,A2_fixed,path_accuracy_k8,0.013333333333333334
29,n02233338/ILSVRC2012_val_00016160_n02233338,target_1dB,1,CL,A2_fixed,path_accuracy_k8,0.056666666666666664
30,n02264363/ILSVRC2012_val_00027803_n02264363,target_1dB,1,CL,A2_fixed,path_accuracy_k8,0.01
31,n02277742/ILSVRC2012_val_00015608_n02277742,target_1dB,1,CL,A2_fixed,path_accuracy_k8,0.04
32,n02325366/ILSVRC2012_val_00024858_n02325366,target_1dB,1,CL,A2_fixed,path_accuracy_k8,0.049999999999999996
33,n02398521/ILSVRC2012_val_00018354_n02398521,target_1dB,1,CL,A2_fixed,path_accuracy_k8,0.02
34,n02410509/ILSVRC2012_val_00022568_n02410509,target_1dB,1,CL,A2_fixed,path_accuracy_k8,0.016666666666666666
35,n02437312/ILSVRC2012_val_00006245_n02437312,target_1dB,1,CL,A2_fixed,path_accuracy_k8,0.049999999999999996
36,n02486410/ILSVRC2012_val_00009799_n02486410,target_1dB,1,CL,A2_fixed,path_accuracy_k8,0.016666666666666666
37,n02509815/ILSVRC2012_val_00014423_n02509815,target_1dB,1,CL,A2_fixed,path_accuracy_k8,0.02666666666666667
38,n02708093/ILSVRC2012_val_00024690_n02708093,target_1dB,1,CL,A2_fixed,path_accuracy_k8,0.03333333333333333
39,n02776631/ILSVRC2012_val_00028186_n02776631,target_1dB,1,CL,A2_fixed,path_accuracy_k8,0.06333333333333334
40,n02788148/ILSVRC2012_val_00012264_n02788148,target_1dB,1,CL,A2_fixed,path_accuracy_k8,0.04
41,n02834397/ILSVRC2012_val_00010741_n02834397,target_1dB,1,CL,A2_fixed,path_accuracy_k8,0.016666666666666666
42,n02841315/ILSVRC2012_val_00014601_n02841315,target_1dB,1,CL,A2_fixed,path_accuracy_k8,0.02666666666666667
43,n02910353/ILSVRC2012_val_00017543_n02910353,target_1dB,1,CL,A2_fixed,path_accuracy_k8,0.036666666666666674
44,n02951585/ILSVRC2012_val_00008336_n02951585,target_1dB,1,CL,A2_fixed,path_accuracy_k8,0.016666666666666666
45,n02980441/ILSVRC2012_val_00023472_n02980441,target_1dB,1,CL,A2_fixed,path_accuracy_k8,0.04
46,n03028079/ILSVRC2012_val_00031446_n03028079,target_1dB,1,CL,A2_fixed,path_accuracy_k8,0.030000000000000002
47,n03109150/ILSVRC2012_val_00032588_n03109150,target_1dB,1,CL,A2_fixed,path_accuracy_k8,0.01
48,n03127747/ILSVRC2012_val_00003732_n03127747,target_1dB,1,CL,A2_fixed,path_accuracy_k8,0.05666666666666667
49,n03220513/ILSVRC2012_val_00006359_n03220513,target_1dB,1,CL,A2_fixed,path_accuracy_k8,0.013333333333333334
50,n03372029/ILSVRC2012_val_00034937_n03372029,target_1dB,1,CL,A2_fixed,path_accuracy_k8,0.036666666666666674
51,n03388549/ILSVRC2012_val_00022928_n03388549,target_1dB,1,CL,A2_fixed,path_accuracy_k8,0.03333333333333333
52,n03424325/ILSVRC2012_val_00006147_n03424325,target_1dB,1,CL,A2_fixed,path_accuracy_k8,0.05666666666666667
53,n03447721/ILSVRC2012_val_00006942_n03447721,target_1dB,1,CL,A2_fixed,path_accuracy_k8,0.07666666666666666
54,n03485794/ILSVRC2012_val_00010782_n03485794,target_1dB,1,CL,A2_fixed,path_accuracy_k8,0.016666666666666666
55,n03527444/ILSVRC2012_val_00035251_n03527444,target_1dB,1,CL,A2_fixed,path_accuracy_k8,0.04
56,n03584254/ILSVRC2012_val_00016384_n03584254,target_1dB,1,CL,A2_fixed,path_accuracy_k8,0.0033333333333333335
57,n03623198/ILSVRC2012_val_00019928_n03623198,target_1dB,1,CL,A2_fixed,path_accuracy_k8,0.01
58,n03657121/ILSVRC2012_val_00000359_n03657121,target_1dB,1,CL,A2_fixed,path_accuracy_k8,0.0033333333333333335
59,n03706229/ILSVRC2012_val_00017460_n03706229,target_1dB,1,CL,A2_fixed,path_accuracy_k8,0.013333333333333334
60,n03759954/ILSVRC2012_val_00010804_n03759954,target_1dB,1,CL,A2_fixed,path_accuracy_k8,0.07333333333333333
61,n03775071/ILSVRC2012_val_00002420_n03775071,target_1dB,1,CL,A2_fixed,path_accuracy_k8,0.013333333333333334
62,n03782006/ILSVRC2012_val_00004758_n03782006,target_1dB,1,CL,A2_fixed,path_accuracy_k8,0.02
63,n03796401/ILSVRC2012_val_00025827_n03796401,target_1dB,1,CL,A2_fixed,path_accuracy_k8,0.02
64,n03866082/ILSVRC2012_val_00003554_n03866082,target_1dB,1,CL,A2_fixed,path_accuracy_k8,0.02666666666666667
65,n03876231/ILSVRC2012_val_00022714_n03876231,target_1dB,1,CL,A2_fixed,path_accuracy_k8,0.02666666666666667
66,n03929660/ILSVRC2012_val_00012300_n03929660,target_1dB,1,CL,A2_fixed,path_accuracy_k8,0.01
67,n03950228/ILSVRC2012_val_00019039_n03950228,target_1dB,1,CL,A2_fixed,path_accuracy_k8,0.03333333333333333
68,n03977966/ILSVRC2012_val_00027383_n03977966,target_1dB,1,CL,A2_fixed,path_accuracy_k8,0.049999999999999996
69,n03983396/ILSVRC2012_val_00012891_n03983396,target_1dB,1,CL,A2_fixed,path_accuracy_k8,0.05333333333333334
70,n04044716/ILSVRC2012_val_00039752_n04044716,target_1dB,1,CL,A2_fixed,path_accuracy_k8,0.006666666666666667
71,n04067472/ILSVRC2012_val_00007618_n04067472,target_1dB,1,CL,A2_fixed,path_accuracy_k8,0.043333333333333335
72,n04111531/ILSVRC2012_val_00013982_n04111531,target_1dB,1,CL,A2_fixed,path_accuracy_k8,0.03
73,n04131690/ILSVRC2012_val_00002728_n04131690,target_1dB,1,CL,A2_fixed,path_accuracy_k8,0.006666666666666667
74,n04153751/ILSVRC2012_val_00008426_n04153751,target_1dB,1,CL,A2_fixed,path_accuracy_k8,0.006666666666666667
75,n04204347/ILSVRC2012_val_00018921_n04204347,target_1dB,1,CL,A2_fixed,path_accuracy_k8,0.01
76,n04235860/ILSVRC2012_val_00004033_n04235860,target_1dB,1,CL,A2_fixed,path_accuracy_k8,0.04
77,n04252077/ILSVRC2012_val_00012989_n04252077,target_1dB,1,CL,A2_fixed,path_accuracy_k8,0.04
78,n04310018/ILSVRC2012_val_00003156_n04310018,target_1dB,1,CL,A2_fixed,path_accuracy_k8,0.08
79,n04328186/ILSVRC2012_val_00014795_n04328186,target_1dB,1,CL,A2_fixed,path_accuracy_k8,0.01
80,n04346328/ILSVRC2012_val_00003305_n04346328,target_1dB,1,CL,A2_fixed,path_accuracy_k8,0.043333333333333335
81,n04357314/ILSVRC2012_val_00009430_n04357314,target_1dB,1,CL,A2_fixed,path_accuracy_k8,0.04
82,n04371774/ILSVRC2012_val_00030870_n04371774,target_1dB,1,CL,A2_fixed,path_accuracy_k8,0.03
83,n04392985/ILSVRC2012_val_00029362_n04392985,target_1dB,1,CL,A2_fixed,path_accuracy_k8,0.02666666666666667
84,n04456115/ILSVRC2012_val_00002331_n04456115,target_1dB,1,CL,A2_fixed,path_accuracy_k8,0.02666666666666667
85,n04485082/ILSVRC2012_val_00000955_n04485082,target_1dB,1,CL,A2_fixed,path_accuracy_k8,0.049999999999999996
86,n04515003/ILSVRC2012_val_00002400_n04515003,target_1dB,1,CL,A2_fixed,path_accuracy_k8,0.016666666666666666
87,n04540053/ILSVRC2012_val_00007665_n04540053,target_1dB,1,CL,A2_fixed,path_accuracy_k8,0.04666666666666667
88,n04560804/ILSVRC2012_val_00029830_n04560804,target_1dB,1,CL,A2_fixed,path_accuracy_k8,0.06333333333333334
89,n04596742/ILSVRC2012_val_00007608_n04596742,target_1dB,1,CL,A2_fixed,path_accuracy_k8,0.043333333333333335
90,n07583066/ILSVRC2012_val_00001378_n07583066,target_1dB,1,CL,A2_fixed,path_accuracy_k8,0.04
91,n07590611/ILSVRC2012_val_00030972_n07590611,target_1dB,1,CL,A2_fixed,path_accuracy_k8,0.06333333333333334
92,n07714990/ILSVRC2012_val_00008416_n07714990,target_1dB,1,CL,A2_fixed,path_accuracy_k8,0.03333333333333333
93,n07716906/ILSVRC2012_val_00011140_n07716906,target_1dB,1,CL,A2_fixed,path_accuracy_k8,0.016666666666666666
94,n07720875/ILSVRC2012_val_00000423_n07720875,target_1dB,1,CL,A2_fixed,path_accuracy_k8,0.02666666666666667
95,n07860988/ILSVRC2012_val_00010848_n07860988,target_1dB,1,CL,A2_fixed,path_accuracy_k8,0.06333333333333334
96,n09288635/ILSVRC2012_val_00001270_n09288635,target_1dB,1,CL,A2_fixed,path_accuracy_k8,0.02
97,n09468604/ILSVRC2012_val_00030741_n09468604,target_1dB,1,CL,A2_fixed,path_accuracy_k8,0.030000000000000002
98,n11939491/ILSVRC2012_val_00034896_n11939491,target_1dB,1,CL,A2_fixed,path_accuracy_k8,0.03333333333333333
99,n15075141/ILSVRC2012_val_00005846_n15075141,target_1dB,1,CL,A2_fixed,path_accuracy_k8,0.04
0,n01440764/ILSVRC2012_val_00003014_n01440764,target_1dB,1,CL,A2_fixed,acc_k9,0.049309664694280074
1,n01601694/ILSVRC2012_val_00021656_n01601694,target_1dB,1,CL,A2_fixed,acc_k9,0.013806706114398423
2,n01664065/ILSVRC2012_val_00014316_n01664065,target_1dB,1,CL,A2_fixed,acc_k9,0.03944773175542406
3,n01689811/ILSVRC2012_val_00020598_n01689811,target_1dB,1,CL,A2_fixed,acc_k9,0.04142011834319526
4,n01735189/ILSVRC2012_val_00006699_n01735189,target_1dB,1,CL,A2_fixed,acc_k9,0.015779092702169626
5,n01744401/ILSVRC2012_val_00032663_n01744401,target_1dB,1,CL,A2_fixed,acc_k9,0.005917159763313609
6,n01751748/ILSVRC2012_val_00033157_n01751748,target_1dB,1,CL,A2_fixed,acc_k9,0.009861932938856016
7,n01775062/ILSVRC2012_val_00036589_n01775062,target_1dB,1,CL,A2_fixed,acc_k9,0.05325443786982248
8,n01843383/ILSVRC2012_val_00005901_n01843383,target_1dB,1,CL,A2_fixed,acc_k9,0.05917159763313609
9,n01860187/ILSVRC2012_val_00021594_n01860187,target_1dB,1,CL,A2_fixed,acc_k9,0.027613412228796843
10,n01882714/ILSVRC2012_val_00019996_n01882714,target_1dB,1,CL,A2_fixed,acc_k9,0.01972386587771203
11,n01943899/ILSVRC2012_val_00005706_n01943899,target_1dB,1,CL,A2_fixed,acc_k9,0.015779092702169626
12,n01955084/ILSVRC2012_val_00001857_n01955084,target_1dB,1,CL,A2_fixed,acc_k9,0.03550295857988166
13,n01983481/ILSVRC2012_val_00019856_n01983481,target_1dB,1,CL,A2_fixed,acc_k9,0.03353057199211045
14,n02013706/ILSVRC2012_val_00003168_n02013706,target_1dB,1,CL,A2_fixed,acc_k9,0.057199211045364885
15,n02027492/ILSVRC2012_val_00007524_n02027492,target_1dB,1,CL,A2_fixed,acc_k9,0.023668639053254437
16,n02088094/ILSVRC2012_val_00005507_n02088094,target_1dB,1,CL,A2_fixed,acc_k9,0.03353057199211045
17,n02090622/ILSVRC2012_val_00006265_n02090622,target_1dB,1,CL,A2_fixed,acc_k9,0.011834319526627219
18,n02096177/ILSVRC2012_val_00019083_n02096177,target_1dB,1,CL,A2_fixed,acc_k9,0.025641025641025644
19,n02098286/ILSVRC2012_val_00038253_n02098286,target_1dB,1,CL,A2_fixed,acc_k9,0.009861932938856016
20,n02102480/ILSVRC2012_val_00010261_n02102480,target_1dB,1,CL,A2_fixed,acc_k9,0.009861932938856016
21,n02105641/ILSVRC2012_val_00018762_n02105641,target_1dB,1,CL,A2_fixed,acc_k9,0.04142011834319526
22,n02106550/ILSVRC2012_val_00014315_n02106550,target_1dB,1,CL,A2_fixed,acc_k9,0.03550295857988166
23,n02107683/ILSVRC2012_val_00010786_n02107683,target_1dB,1,CL,A2_fixed,acc_k9,0.007889546351084813
24,n02110806/ILSVRC2012_val_00030364_n02110806,target_1dB,1,CL,A2_fixed,acc_k9,0.02958579881656805
25,n02113799/ILSVRC2012_val_00007866_n02113799,target_1dB,1,CL,A2_fixed,acc_k9,0.01972386587771203
26,n02123159/ILSVRC2012_val_00025723_n02123159,target_1dB,1,CL,A2_fixed,acc_k9,0.03550295857988166
27,n02134084/ILSVRC2012_val_00020332_n02134084,target_1dB,1,CL,A2_fixed,acc_k9,0.009861932938856016
28,n02168699/ILSVRC2012_val_00040132_n02168699,target_1dB,1,CL,A2_fixed,acc_k9,0.009861932938856016
29,n02233338/ILSVRC2012_val_00016160_n02233338,target_1dB,1,CL,A2_fixed,acc_k9,0.017751479289940825
30,n02264363/ILSVRC2012_val_00027803_n02264363,target_1dB,1,CL,A2_fixed,acc_k9,0.017751479289940825
31,n02277742/ILSVRC2012_val_00015608_n02277742,target_1dB,1,CL,A2_fixed,acc_k9,0.029585798816568046
32,n02325366/ILSVRC2012_val_00024858_n02325366,target_1dB,1,CL,A2_fixed,acc_k9,0.047337278106508875
33,n02398521/ILSVRC2012_val_00018354_n02398521,target_1dB,1,CL,A2_fixed,acc_k9,0.03353057199211045
34,n02410509/ILSVRC2012_val_00022568_n02410509,target_1dB,1,CL,A2_fixed,acc_k9,0.009861932938856016
35,n02437312/ILSVRC2012_val_00006245_n02437312,target_1dB,1,CL,A2_fixed,acc_k9,0.04339250493096647
36,n02486410/ILSVRC2012_val_00009799_n02486410,target_1dB,1,CL,A2_fixed,acc_k9,0.01972386587771203
37,n02509815/ILSVRC2012_val_00014423_n02509815,target_1dB,1,CL,A2_fixed,acc_k9,0.015779092702169626
38,n02708093/ILSVRC2012_val_00024690_n02708093,target_1dB,1,CL,A2_fixed,acc_k9,0.011834319526627219
39,n02776631/ILSVRC2012_val_00028186_n02776631,target_1dB,1,CL,A2_fixed,acc_k9,0.031558185404339245
40,n02788148/ILSVRC2012_val_00012264_n02788148,target_1dB,1,CL,A2_fixed,acc_k9,0.013806706114398423
41,n02834397/ILSVRC2012_val_00010741_n02834397,target_1dB,1,CL,A2_fixed,acc_k9,0.015779092702169626
42,n02841315/ILSVRC2012_val_00014601_n02841315,target_1dB,1,CL,A2_fixed,acc_k9,0.025641025641025644
43,n02910353/ILSVRC2012_val_00017543_n02910353,target_1dB,1,CL,A2_fixed,acc_k9,0.029585798816568046
44,n02951585/ILSVRC2012_val_00008336_n02951585,target_1dB,1,CL,A2_fixed,acc_k9,0.01775147928994083
45,n02980441/ILSVRC2012_val_00023472_n02980441,target_1dB,1,CL,A2_fixed,acc_k9,0.01775147928994083
46,n03028079/ILSVRC2012_val_00031446_n03028079,target_1dB,1,CL,A2_fixed,acc_k9,0.015779092702169626
47,n03109150/ILSVRC2012_val_00032588_n03109150,target_1dB,1,CL,A2_fixed,acc_k9,0.007889546351084813
48,n03127747/ILSVRC2012_val_00003732_n03127747,target_1dB,1,CL,A2_fixed,acc_k9,0.015779092702169626
49,n03220513/ILSVRC2012_val_00006359_n03220513,target_1dB,1,CL,A2_fixed,acc_k9,0.027613412228796846
50,n03372029/ILSVRC2012_val_00034937_n03372029,target_1dB,1,CL,A2_fixed,acc_k9,0.03944773175542406
51,n03388549/ILSVRC2012_val_00022928_n03388549,target_1dB,1,CL,A2_fixed,acc_k9,0.021696252465483234
52,n03424325/ILSVRC2012_val_00006147_n03424325,target_1dB,1,CL,A2_fixed,acc_k9,0.01775147928994083
53,n03447721/ILSVRC2012_val_00006942_n03447721,target_1dB,1,CL,A2_fixed,acc_k9,0.03944773175542406
54,n03485794/ILSVRC2012_val_00010782_n03485794,target_1dB,1,CL,A2_fixed,acc_k9,0.01972386587771203
55,n03527444/ILSVRC2012_val_00035251_n03527444,target_1dB,1,CL,A2_fixed,acc_k9,0.01775147928994083
56,n03584254/ILSVRC2012_val_00016384_n03584254,target_1dB,1,CL,A2_fixed,acc_k9,0.005917159763313609
57,n03623198/ILSVRC2012_val_00019928_n03623198,target_1dB,1,CL,A2_fixed,acc_k9,0.0019723865877712033
58,n03657121/ILSVRC2012_val_00000359_n03657121,target_1dB,1,CL,A2_fixed,acc_k9,0.009861932938856016
59,n03706229/ILSVRC2012_val_00017460_n03706229,target_1dB,1,CL,A2_fixed,acc_k9,0.0019723865877712033
60,n03759954/ILSVRC2012_val_00010804_n03759954,target_1dB,1,CL,A2_fixed,acc_k9,0.07297830374753451
61,n03775071/ILSVRC2012_val_00002420_n03775071,target_1dB,1,CL,A2_fixed,acc_k9,0.0039447731755424065
62,n03782006/ILSVRC2012_val_00004758_n03782006,target_1dB,1,CL,A2_fixed,acc_k9,0.01972386587771203
63,n03796401/ILSVRC2012_val_00025827_n03796401,target_1dB,1,CL,A2_fixed,acc_k9,0.021696252465483234
64,n03866082/ILSVRC2012_val_00003554_n03866082,target_1dB,1,CL,A2_fixed,acc_k9,0.037475345167652864
65,n03876231/ILSVRC2012_val_00022714_n03876231,target_1dB,1,CL,A2_fixed,acc_k9,0.0039447731755424065
66,n03929660/ILSVRC2012_val_00012300_n03929660,target_1dB,1,CL,A2_fixed,acc_k9,0.007889546351084813
67,n03950228/ILSVRC2012_val_00019039_n03950228,target_1dB,1,CL,A2_fixed,acc_k9,0.0039447731755424065
68,n03977966/ILSVRC2012_val_00027383_n03977966,target_1dB,1,CL,A2_fixed,acc_k9,0.04142011834319526
69,n03983396/ILSVRC2012_val_00012891_n03983396,target_1dB,1,CL,A2_fixed,acc_k9,0.01972386587771203
70,n04044716/ILSVRC2012_val_00039752_n04044716,target_1dB,1,CL,A2_fixed,acc_k9,0.007889546351084813
71,n04067472/ILSVRC2012_val_00007618_n04067472,target_1dB,1,CL,A2_fixed,acc_k9,0.047337278106508875
72,n04111531/ILSVRC2012_val_00013982_n04111531,target_1dB,1,CL,A2_fixed,acc_k9,0.021696252465483234
73,n04131690/ILSVRC2012_val_00002728_n04131690,target_1dB,1,CL,A2_fixed,acc_k9,0.005917159763313609
74,n04153751/ILSVRC2012_val_00008426_n04153751,target_1dB,1,CL,A2_fixed,acc_k9,0.005917159763313609
75,n04204347/ILSVRC2012_val_00018921_n04204347,target_1dB,1,CL,A2_fixed,acc_k9,0.0039447731755424065
76,n04235860/ILSVRC2012_val_00004033_n04235860,target_1dB,1,CL,A2_fixed,acc_k9,0.023668639053254437
77,n04252077/ILSVRC2012_val_00012989_n04252077,target_1dB,1,CL,A2_fixed,acc_k9,0.023668639053254437
78,n04310018/ILSVRC2012_val_00003156_n04310018,target_1dB,1,CL,A2_fixed,acc_k9,0.027613412228796843
79,n04328186/ILSVRC2012_val_00014795_n04328186,target_1dB,1,CL,A2_fixed,acc_k9,0.0039447731755424065
80,n04346328/ILSVRC2012_val_00003305_n04346328,target_1dB,1,CL,A2_fixed,acc_k9,0.027613412228796843
81,n04357314/ILSVRC2012_val_00009430_n04357314,target_1dB,1,CL,A2_fixed,acc_k9,0.023668639053254437
82,n04371774/ILSVRC2012_val_00030870_n04371774,target_1dB,1,CL,A2_fixed,acc_k9,0.009861932938856016
83,n04392985/ILSVRC2012_val_00029362_n04392985,target_1dB,1,CL,A2_fixed,acc_k9,0.01972386587771203
84,n04456115/ILSVRC2012_val_00002331_n04456115,target_1dB,1,CL,A2_fixed,acc_k9,0.03550295857988165
85,n04485082/ILSVRC2012_val_00000955_n04485082,target_1dB,1,CL,A2_fixed,acc_k9,0.031558185404339245
86,n04515003/ILSVRC2012_val_00002400_n04515003,target_1dB,1,CL,A2_fixed,acc_k9,0.015779092702169626
87,n04540053/ILSVRC2012_val_00007665_n04540053,target_1dB,1,CL,A2_fixed,acc_k9,0.023668639053254437
88,n04560804/ILSVRC2012_val_00029830_n04560804,target_1dB,1,CL,A2_fixed,acc_k9,0.03550295857988166
89,n04596742/ILSVRC2012_val_00007608_n04596742,target_1dB,1,CL,A2_fixed,acc_k9,0.013806706114398423
90,n07583066/ILSVRC2012_val_00001378_n07583066,target_1dB,1,CL,A2_fixed,acc_k9,0.03155818540433925
91,n07590611/ILSVRC2012_val_00030972_n07590611,target_1dB,1,CL,A2_fixed,acc_k9,0.04930966469428008
92,n07714990/ILSVRC2012_val_00008416_n07714990,target_1dB,1,CL,A2_fixed,acc_k9,0.011834319526627219
93,n07716906/ILSVRC2012_val_00011140_n07716906,target_1dB,1,CL,A2_fixed,acc_k9,0.005917159763313609
94,n07720875/ILSVRC2012_val_00000423_n07720875,target_1dB,1,CL,A2_fixed,acc_k9,0.01972386587771203
95,n07860988/ILSVRC2012_val_00010848_n07860988,target_1dB,1,CL,A2_fixed,acc_k9,0.03353057199211045
96,n09288635/ILSVRC2012_val_00001270_n09288635,target_1dB,1,CL,A2_fixed,acc_k9,0.017751479289940825
97,n09468604/ILSVRC2012_val_00030741_n09468604,target_1dB,1,CL,A2_fixed,acc_k9,0.013806706114398423
98,n11939491/ILSVRC2012_val_00034896_n11939491,target_1dB,1,CL,A2_fixed,acc_k9,0.021696252465483234
99,n15075141/ILSVRC2012_val_00005846_n15075141,target_1dB,1,CL,A2_fixed,acc_k9,0.023668639053254437
0,n01440764/ILSVRC2012_val_00003014_n01440764,target_1dB,1,CL,A2_fixed,logp_true_k9,-6.514393119710907
1,n01601694/ILSVRC2012_val_00021656_n01601694,target_1dB,1,CL,A2_fixed,logp_true_k9,-7.364027384470201
2,n01664065/ILSVRC2012_val_00014316_n01664065,target_1dB,1,CL,A2_fixed,logp_true_k9,-6.979209162045042
3,n01689811/ILSVRC2012_val_00020598_n01689811,target_1dB,1,CL,A2_fixed,logp_true_k9,-6.711083578992877
4,n01735189/ILSVRC2012_val_00006699_n01735189,target_1dB,1,CL,A2_fixed,logp_true_k9,-7.255759096474807
5,n01744401/ILSVRC2012_val_00032663_n01744401,target_1dB,1,CL,A2_fixed,logp_true_k9,-7.388336930284368
6,n01751748/ILSVRC2012_val_00033157_n01751748,target_1dB,1,CL,A2_fixed,logp_true_k9,-7.445437167523175
7,n01775062/ILSVRC2012_val_00036589_n01775062,target_1dB,1,CL,A2_fixed,logp_true_k9,-6.656278373350259
8,n01843383/ILSVRC2012_val_00005901_n01843383,target_1dB,1,CL,A2_fixed,logp_true_k9,-6.200223454393637
9,n01860187/ILSVRC2012_val_00021594_n01860187,target_1dB,1,CL,A2_fixed,logp_true_k9,-6.7828325039066035
10,n01882714/ILSVRC2012_val_00019996_n01882714,target_1dB,1,CL,A2_fixed,logp_true_k9,-6.964256979069532
11,n01943899/ILSVRC2012_val_00005706_n01943899,target_1dB,1,CL,A2_fixed,logp_true_k9,-7.379946969669952
12,n01955084/ILSVRC2012_val_00001857_n01955084,target_1dB,1,CL,A2_fixed,logp_true_k9,-6.882368494508534
13,n01983481/ILSVRC2012_val_00019856_n01983481,target_1dB,1,CL,A2_fixed,logp_true_k9,-6.735219369038087
14,n02013706/ILSVRC2012_val_00003168_n02013706,target_1dB,1,CL,A2_fixed,logp_true_k9,-6.519628297500827
15,n02027492/ILSVRC2012_val_00007524_n02027492,target_1dB,1,CL,A2_fixed,logp_true_k9,-7.230798935822598
16,n02088094/ILSVRC2012_val_00005507_n02088094,target_1dB,1,CL,A2_fixed,logp_true_k9,-6.802407813319088
17,n02090622/ILSVRC2012_val_00006265_n02090622,target_1dB,1,CL,A2_fixed,logp_true_k9,-7.312057362740796
18,n02096177/ILSVRC2012_val_00019083_n02096177,target_1dB,1,CL,A2_fixed,logp_true_k9,-7.26123801067736
19,n02098286/ILSVRC2012_val_00038253_n02098286,target_1dB,1,CL,A2_fixed,logp_true_k9,-7.4308051693839205
20,n02102480/ILSVRC2012_val_00010261_n02102480,target_1dB,1,CL,A2_fixed,logp_true_k9,-7.481888248840498
21,n02105641/ILSVRC2012_val_00018762_n02105641,target_1dB,1,CL,A2_fixed,logp_true_k9,-6.977248921722203
22,n02106550/ILSVRC2012_val_00014315_n02106550,target_1dB,1,CL,A2_fixed,logp_true_k9,-7.0808240131748725
23,n02107683/ILSVRC2012_val_00010786_n02107683,target_1dB,1,CL,A2_fixed,logp_true_k9,-7.497255487790004
24,n02110806/ILSVRC2012_val_00030364_n02110806,target_1dB,1,CL,A2_fixed,logp_true_k9,-6.709831683828515
25,n02113799/ILSVRC2012_val_00007866_n02113799,target_1dB,1,CL,A2_fixed,logp_true_k9,-7.3616474765762545
26,n02123159/ILSVRC2012_val_00025723_n02123159,target_1dB,1,CL,A2_fixed,logp_true_k9,-6.787075903685488
27,n02134084/ILSVRC2012_val_00020332_n02134084,target_1dB,1,CL,A2_fixed,logp_true_k9,-7.342834580814579
28,n02168699/ILSVRC2012_val_00040132_n02168699,target_1dB,1,CL,A2_fixed,logp_true_k9,-7.557636784848847
29,n02233338/ILSVRC2012_val_00016160_n02233338,target_1dB,1,CL,A2_fixed,logp_true_k9,-7.323593366310676
30,n02264363/ILSVRC2012_val_00027803_n02264363,target_1dB,1,CL,A2_fixed,logp_true_k9,-7.1913034744281505
31,n02277742/ILSVRC2012_val_00015608_n02277742,target_1dB,1,CL,A2_fixed,logp_true_k9,-6.941582500934601
32,n02325366/ILSVRC2012_val_00024858_n02325366,target_1dB,1,CL,A2_fixed,logp_true_k9,-6.4536302890297925
33,n02398521/ILSVRC2012_val_00018354_n02398521,target_1dB,1,CL,A2_fixed,logp_true_k9,-7.409756925449334
34,n02410509/ILSVRC2012_val_00022568_n02410509,target_1dB,1,CL,A2_fixed,logp_true_k9,-7.4619867427814635
35,n02437312/ILSVRC2012_val_00006245_n02437312,target_1dB,1,CL,A2_fixed,logp_true_k9,-6.7250100398910115
36,n02486410/ILSVRC2012_val_00009799_n02486410,target_1dB,1,CL,A2_fixed,logp_true_k9,-7.278347529603178
37,n02509815/ILSVRC2012_val_00014423_n02509815,target_1dB,1,CL,A2_fixed,logp_true_k9,-7.263040453489481
38,n02708093/ILSVRC2012_val_00024690_n02708093,target_1dB,1,CL,A2_fixed,logp_true_k9,-7.432624760228972
39,n02776631/ILSVRC2012_val_00028186_n02776631,target_1dB,1,CL,A2_fixed,logp_true_k9,-6.836193087141542
40,n02788148/ILSVRC2012_val_00012264_n02788148,target_1dB,1,CL,A2_fixed,logp_true_k9,-7.164176749524749
41,n02834397/ILSVRC2012_val_00010741_n02834397,target_1dB,1,CL,A2_fixed,logp_true_k9,-7.389068529685808
42,n02841315/ILSVRC2012_val_00014601_n02841315,target_1dB,1,CL,A2_fixed,logp_true_k9,-7.422894298707004
43,n02910353/ILSVRC2012_val_00017543_n02910353,target_1dB,1,CL,A2_fixed,logp_true_k9,-7.004249235817196
44,n02951585/ILSVRC2012_val_00008336_n02951585,target_1dB,1,CL,A2_fixed,logp_true_k9,-7.397702021711677
45,n02980441/ILSVRC2012_val_00023472_n02980441,target_1dB,1,CL,A2_fixed,logp_true_k9,-7.3752573375871195
46,n03028079/ILSVRC2012_val_00031446_n03028079,target_1dB,1,CL,A2_fixed,logp_true_k9,-7.2316522464244315
47,n03109150/ILSVRC2012_val_00032588_n03109150,target_1dB,1,CL,A2_fixed,logp_true_k9,-7.7039614104660314
48,n03127747/ILSVRC2012_val_00003732_n03127747,target_1dB,1,CL,A2_fixed,logp_true_k9,-7.0497052210440065
49,n03220513/ILSVRC2012_val_00006359_n03220513,target_1dB,1,CL,A2_fixed,logp_true_k9,-6.910094489653905
50,n03372029/ILSVRC2012_val_00034937_n03372029,target_1dB,1,CL,A2_fixed,logp_true_k9,-7.127442816672828
51,n03388549/ILSVRC2012_val_00022928_n03388549,target_1dB,1,CL,A2_fixed,logp_true_k9,-7.109921381671048
52,n03424325/ILSVRC2012_val_00006147_n03424325,target_1dB,1,CL,A2_fixed,logp_true_k9,-6.926240259373682
53,n03447721/ILSVRC2012_val_00006942_n03447721,target_1dB,1,CL,A2_fixed,logp_true_k9,-6.490374783498531
54,n03485794/ILSVRC2012_val_00010782_n03485794,target_1dB,1,CL,A2_fixed,logp_true_k9,-7.363689406148545
55,n03527444/ILSVRC2012_val_00035251_n03527444,target_1dB,1,CL,A2_fixed,logp_true_k9,-7.193643770744579
56,n03584254/ILSVRC2012_val_00016384_n03584254,target_1dB,1,CL,A2_fixed,logp_true_k9,-6.892688074996016
57,n03623198/ILSVRC2012_val_00019928_n03623198,target_1dB,1,CL,A2_fixed,logp_true_k9,-7.200662114916469
58,n03657121/ILSVRC2012_val_00000359_n03657121,target_1dB,1,CL,A2_fixed,logp_true_k9,-7.078818475000958
59,n03706229/ILSVRC2012_val_00017460_n03706229,target_1dB,1,CL,A2_fixed,logp_true_k9,-7.48510929113309
60,n03759954/ILSVRC2012_val_00010804_n03759954,target_1dB,1,CL,A2_fixed,logp_true_k9,-6.010080209997514
61,n03775071/ILSVRC2012_val_00002420_n03775071,target_1dB,1,CL,A2_fixed,logp_true_k9,-7.509587584867984
62,n03782006/ILSVRC2012_val_00004758_n03782006,target_1dB,1,CL,A2_fixed,logp_true_k9,-7.525641626154883
63,n03796401/ILSVRC2012_val_00025827_n03796401,target_1dB,1,CL,A2_fixed,logp_true_k9,-7.052760839991315
64,n03866082/ILSVRC2012_val_00003554_n03866082,target_1dB,1,CL,A2_fixed,logp_true_k9,-7.1781397662924595
65,n03876231/ILSVRC2012_val_00022714_n03876231,target_1dB,1,CL,A2_fixed,logp_true_k9,-7.449208186222957
66,n03929660/ILSVRC2012_val_00012300_n03929660,target_1dB,1,CL,A2_fixed,logp_true_k9,-7.364366880300246
67,n03950228/ILSVRC2012_val_00019039_n03950228,target_1dB,1,CL,A2_fixed,logp_true_k9,-7.356229273290089
68,n03977966/ILSVRC2012_val_00027383_n03977966,target_1dB,1,CL,A2_fixed,logp_true_k9,-6.668071784681587
69,n03983396/ILSVRC2012_val_00012891_n03983396,target_1dB,1,CL,A2_fixed,logp_true_k9,-7.365547408013654
70,n04044716/ILSVRC2012_val_00039752_n04044716,target_1dB,1,CL,A2_fixed,logp_true_k9,-7.4557823909104926
71,n04067472/ILSVRC2012_val_00007618_n04067472,target_1dB,1,CL,A2_fixed,logp_true_k9,-6.543783165264647
72,n04111531/ILSVRC2012_val_00013982_n04111531,target_1dB,1,CL,A2_fixed,logp_true_k9,-7.345551422890828
73,n04131690/ILSVRC2012_val_00002728_n04131690,target_1dB,1,CL,A2_fixed,logp_true_k9,-7.486612244000331
74,n04153751/ILSVRC2012_val_00008426_n04153751,target_1dB,1,CL,A2_fixed,logp_true_k9,-7.438758888658452
75,n04204347/ILSVRC2012_val_00018921_n04204347,target_1dB,1,CL,A2_fixed,logp_true_k9,-7.1588686330783995
76,n04235860/ILSVRC2012_val_00004033_n04235860,target_1dB,1,CL,A2_fixed,logp_true_k9,-6.867948732197402
77,n04252077/ILSVRC2012_val_00012989_n04252077,target_1dB,1,CL,A2_fixed,logp_true_k9,-7.0238975398168995
78,n04310018/ILSVRC2012_val_00003156_n04310018,target_1dB,1,CL,A2_fixed,logp_true_k9,-6.720919823270342
79,n04328186/ILSVRC2012_val_00014795_n04328186,target_1dB,1,CL,A2_fixed,logp_true_k9,-7.392239332199097
80,n04346328/ILSVRC2012_val_00003305_n04346328,target_1dB,1,CL,A2_fixed,logp_true_k9,-7.068701728355484
81,n04357314/ILSVRC2012_val_00009430_n04357314,target_1dB,1,CL,A2_fixed,logp_true_k9,-6.931703327322853
82,n04371774/ILSVRC2012_val_00030870_n04371774,target_1dB,1,CL,A2_fixed,logp_true_k9,-7.247335852955925
83,n04392985/ILSVRC2012_val_00029362_n04392985,target_1dB,1,CL,A2_fixed,logp_true_k9,-7.163769823735987
84,n04456115/ILSVRC2012_val_00002331_n04456115,target_1dB,1,CL,A2_fixed,logp_true_k9,-6.914093943801387
85,n04485082/ILSVRC2012_val_00000955_n04485082,target_1dB,1,CL,A2_fixed,logp_true_k9,-7.002651483158506
86,n04515003/ILSVRC2012_val_00002400_n04515003,target_1dB,1,CL,A2_fixed,logp_true_k9,-7.25454350006886
87,n04540053/ILSVRC2012_val_00007665_n04540053,target_1dB,1,CL,A2_fixed,logp_true_k9,-6.861779454015415
88,n04560804/ILSVRC2012_val_00029830_n04560804,target_1dB,1,CL,A2_fixed,logp_true_k9,-6.562794201707934
89,n04596742/ILSVRC2012_val_00007608_n04596742,target_1dB,1,CL,A2_fixed,logp_true_k9,-6.999344008443859
90,n07583066/ILSVRC2012_val_00001378_n07583066,target_1dB,1,CL,A2_fixed,logp_true_k9,-7.033814385210033
91,n07590611/ILSVRC2012_val_00030972_n07590611,target_1dB,1,CL,A2_fixed,logp_true_k9,-6.406158661054671
92,n07714990/ILSVRC2012_val_00008416_n07714990,target_1dB,1,CL,A2_fixed,logp_true_k9,-7.15956965047697
93,n07716906/ILSVRC2012_val_00011140_n07716906,target_1dB,1,CL,A2_fixed,logp_true_k9,-7.358747043082936
94,n07720875/ILSVRC2012_val_00000423_n07720875,target_1dB,1,CL,A2_fixed,logp_true_k9,-7.134585412061191
95,n07860988/ILSVRC2012_val_00010848_n07860988,target_1dB,1,CL,A2_fixed,logp_true_k9,-6.876044337683646
96,n09288635/ILSVRC2012_val_00001270_n09288635,target_1dB,1,CL,A2_fixed,logp_true_k9,-7.555834059649435
97,n09468604/ILSVRC2012_val_00030741_n09468604,target_1dB,1,CL,A2_fixed,logp_true_k9,-7.027488037796886
98,n11939491/ILSVRC2012_val_00034896_n11939491,target_1dB,1,CL,A2_fixed,logp_true_k9,-6.909714058952688
99,n15075141/ILSVRC2012_val_00005846_n15075141,target_1dB,1,CL,A2_fixed,logp_true_k9,-7.008660154464917
0,n01440764/ILSVRC2012_val_00003014_n01440764,target_1dB,1,CL,A2_fixed,entropy_k9,5.558899225096283
1,n01601694/ILSVRC2012_val_00021656_n01601694,target_1dB,1,CL,A2_fixed,entropy_k9,6.399600661482988
2,n01664065/ILSVRC2012_val_00014316_n01664065,target_1dB,1,CL,A2_fixed,entropy_k9,5.647230879895079
3,n01689811/ILSVRC2012_val_00020598_n01689811,target_1dB,1,CL,A2_fixed,entropy_k9,5.770393650664224
4,n01735189/ILSVRC2012_val_00006699_n01735189,target_1dB,1,CL,A2_fixed,entropy_k9,5.994411177189513
5,n01744401/ILSVRC2012_val_00032663_n01744401,target_1dB,1,CL,A2_fixed,entropy_k9,6.539536389001513
6,n01751748/ILSVRC2012_val_00033157_n01751748,target_1dB,1,CL,A2_fixed,entropy_k9,6.410189481766917
7,n01775062/ILSVRC2012_val_00036589_n01775062,target_1dB,1,CL,A2_fixed,entropy_k9,5.735499431385111
8,n01843383/ILSVRC2012_val_00005901_n01843383,target_1dB,1,CL,A2_fixed,entropy_k9,5.3681868383272615
9,n01860187/ILSVRC2012_val_00021594_n01860187,target_1dB,1,CL,A2_fixed,entropy_k9,5.849750145831706
10,n01882714/ILSVRC2012_val_00019996_n01882714,target_1dB,1,CL,A2_fixed,entropy_k9,5.845650568715739
11,n01943899/ILSVRC2012_val_00005706_n01943899,target_1dB,1,CL,A2_fixed,entropy_k9,6.156551922932278
12,n01955084/ILSVRC2012_val_00001857_n01955084,target_1dB,1,CL,A2_fixed,entropy_k9,5.936624331136511
13,n01983481/ILSVRC2012_val_00019856_n01983481,target_1dB,1,CL,A2_fixed,entropy_k9,5.643810929186313
14,n02013706/ILSVRC2012_val_00003168_n02013706,target_1dB,1,CL,A2_fixed,entropy_k9,5.628539804151141
15,n02027492/ILSVRC2012_val_00007524_n02027492,target_1dB,1,CL,A2_fixed,entropy_k9,6.1298014358158
16,n02088094/ILSVRC2012_val_00005507_n02088094,target_1dB,1,CL,A2_fixed,entropy_k9,5.865002415996458
17,n02090622/ILSVRC2012_val_00006265_n02090622,target_1dB,1,CL,A2_fixed,entropy_k9,5.977719603083769
18,n02096177/ILSVRC2012_val_00019083_n02096177,target_1dB,1,CL,A2_fixed,entropy_k9,6.2712799715784575
19,n02098286/ILSVRC2012_val_00038253_n02098286,target_1dB,1,CL,A2_fixed,entropy_k9,6.370538896825448
20,n02102480/ILSVRC2012_val_00010261_n02102480,target_1dB,1,CL,A2_fixed,entropy_k9,6.438585678062491
21,n02105641/ILSVRC2012_val_00018762_n02105641,target_1dB,1,CL,A2_fixed,entropy_k9,5.8621359030840665
22,n02106550/ILSVRC2012_val_00014315_n02106550,target_1dB,1,CL,A2_fixed,entropy_k9,5.632023713549491
23,n02107683/ILSVRC2012_val_00010786_n02107683,target_1dB,1,CL,A2_fixed,entropy_k9,6.332065173873789
24,n02110806/ILSVRC2012_val_00030364_n02110806,target_1dB,1,CL,A2_fixed,entropy_k9,5.590837749352001
25,n02113799/ILSVRC2012_val_00007866_n02113799,target_1dB,1,CL,A2_fixed,entropy_k9,6.001147175797893
26,n02123159/ILSVRC2012_val_00025723_n02123159,target_1dB,1,CL,A2_fixed,entropy_k9,5.673780308265935
27,n02134084/ILSVRC2012_val_00020332_n02134084,target_1dB,1,CL,A2_fixed,entropy_k9,6.214396300386862
28,n02168699/ILSVRC2012_val_00040132_n02168699,target_1dB,1,CL,A2_fixed,entropy_k9,6.419221355086122
29,n02233338/ILSVRC2012_val_00016160_n02233338,target_1dB,1,CL,A2_fixed,entropy_k9,6.019946391407711
30,n02264363/ILSVRC2012_val_00027803_n02264363,target_1dB,1,CL,A2_fixed,entropy_k9,6.529099119459324
31,n02277742/ILSVRC2012_val_00015608_n02277742,target_1dB,1,CL,A2_fixed,entropy_k9,5.88430936376642
32,n02325366/ILSVRC2012_val_00024858_n02325366,target_1dB,1,CL,A2_fixed,entropy_k9,5.595006313488405
33,n02398521/ILSVRC2012_val_00018354_n02398521,target_1dB,1,CL,A2_fixed,entropy_k9,6.076473330337261
34,n02410509/ILSVRC2012_val_00022568_n02410509,target_1dB,1,CL,A2_fixed,entropy_k9,6.276977925021408
35,n02437312/ILSVRC2012_val_00006245_n02437312,target_1dB,1,CL,A2_fixed,entropy_k9,5.814395833412089
36,n02486410/ILSVRC2012_val_00009799_n02486410,target_1dB,1,CL,A2_fixed,entropy_k9,6.149885170803235
37,n02509815/ILSVRC2012_val_00014423_n02509815,target_1dB,1,CL,A2_fixed,entropy_k9,6.15412105053437
38,n02708093/ILSVRC2012_val_00024690_n02708093,target_1dB,1,CL,A2_fixed,entropy_k9,6.2161868447035475
39,n02776631/ILSVRC2012_val_00028186_n02776631,target_1dB,1,CL,A2_fixed,entropy_k9,5.733026218694203
40,n02788148/ILSVRC2012_val_00012264_n02788148,target_1dB,1,CL,A2_fixed,entropy_k9,6.142176931732361
41,n02834397/ILSVRC2012_val_00010741_n02834397,target_1dB,1,CL,A2_fixed,entropy_k9,6.331853210499747
42,n02841315/ILSVRC2012_val_00014601_n02841315,target_1dB,1,CL,A2_fixed,entropy_k9,5.968599604934075
43,n02910353/ILSVRC2012_val_00017543_n02910353,target_1dB,1,CL,A2_fixed,entropy_k9,6.048641169812664
44,n02951585/ILSVRC2012_val_00008336_n02951585,target_1dB,1,CL,A2_fixed,entropy_k9,6.307225372717536
45,n02980441/ILSVRC2012_val_00023472_n02980441,target_1dB,1,CL,A2_fixed,entropy_k9,6.165253086395016
46,n03028079/ILSVRC2012_val_00031446_n03028079,target_1dB,1,CL,A2_fixed,entropy_k9,6.108550342696939
47,n03109150/ILSVRC2012_val_00032588_n03109150,target_1dB,1,CL,A2_fixed,entropy_k9,6.441195485529366
48,n03127747/ILSVRC2012_val_00003732_n03127747,target_1dB,1,CL,A2_fixed,entropy_k9,6.071083861373922
49,n03220513/ILSVRC2012_val_00006359_n03220513,target_1dB,1,CL,A2_fixed,entropy_k9,6.165448250936051
50,n03372029/ILSVRC2012_val_00034937_n03372029,target_1dB,1,CL,A2_fixed,entropy_k9,5.896062523297857
51,n03388549/ILSVRC2012_val_00022928_n03388549,target_1dB,1,CL,A2_fixed,entropy_k9,5.909035026897903
52,n03424325/ILSVRC2012_val_00006147_n03424325,target_1dB,1,CL,A2_fixed,entropy_k9,5.996636826607744
53,n03447721/ILSVRC2012_val_00006942_n03447721,target_1dB,1,CL,A2_fixed,entropy_k9,5.451729557235715
54,n03485794/ILSVRC2012_val_00010782_n03485794,target_1dB,1,CL,A2_fixed,entropy_k9,6.33315897143551
55,n03527444/ILSVRC2012_val_00035251_n03527444,target_1dB,1,CL,A2_fixed,entropy_k9,6.085587568498986
56,n03584254/ILSVRC2012_val_00016384_n03584254,target_1dB,1,CL,A2_fixed,entropy_k9,6.819567654223714
57,n03623198/ILSVRC2012_val_00019928_n03623198,target_1dB,1,CL,A2_fixed,entropy_k9,6.688467864476672
58,n03657121/ILSVRC2012_val_00000359_n03657121,target_1dB,1,CL,A2_fixed,entropy_k9,6.724617904280447
59,n03706229/ILSVRC2012_val_00017460_n03706229,target_1dB,1,CL,A2_fixed,entropy_k9,6.566781052031018
60,n03759954/ILSVRC2012_val_00010804_n03759954,target_1dB,1,CL,A2_fixed,entropy_k9,5.101845401455762
61,n03775071/ILSVRC2012_val_00002420_n03775071,target_1dB,1,CL,A2_fixed,entropy_k9,6.574450860659549
62,n03782006/ILSVRC2012_val_00004758_n03782006,target_1dB,1,CL,A2_fixed,entropy_k9,6.263673203846026
63,n03796401/ILSVRC2012_val_00025827_n03796401,target_1dB,1,CL,A2_fixed,entropy_k9,6.068192176007862
64,n03866082/ILSVRC2012_val_00003554_n03866082,target_1dB,1,CL,A2_fixed,entropy_k9,6.031103372661062
65,n03876231/ILSVRC2012_val_00022714_n03876231,target_1dB,1,CL,A2_fixed,entropy_k9,6.381986161295294
66,n03929660/ILSVRC2012_val_00012300_n03929660,target_1dB,1,CL,A2_fixed,entropy_k9,6.6514342467354135
67,n03950228/ILSVRC2012_val_00019039_n03950228,target_1dB,1,CL,A2_fixed,entropy_k9,6.341724581769501
68,n03977966/ILSVRC2012_val_00027383_n03977966,target_1dB,1,CL,A2_fixed,entropy_k9,5.839884798489767
69,n03983396/ILSVRC2012_val_00012891_n03983396,target_1dB,1,CL,A2_fixed,entropy_k9,6.080213872733874
70,n04044716/ILSVRC2012_val_00039752_n04044716,target_1dB,1,CL,A2_fixed,entropy_k9,6.654097964833828
71,n04067472/ILSVRC2012_val_00007618_n04067472,target_1dB,1,CL,A2_fixed,entropy_k9,5.753267472169743
72,n04111531/ILSVRC2012_val_00013982_n04111531,target_1dB,1,CL,A2_fixed,entropy_k9,6.202335730794981
73,n04131690/ILSVRC2012_val_00002728_n04131690,target_1dB,1,CL,A2_fixed,entropy_k9,6.408097954523299
74,n04153751/ILSVRC2012_val_00008426_n04153751,target_1dB,1,CL,A2_fixed,entropy_k9,6.685393252435925
75,n04204347/ILSVRC2012_val_00018921_n04204347,target_1dB,1,CL,A2_fixed,entropy_k9,6.459310318330826
76,n04235860/ILSVRC2012_val_00004033_n04235860,target_1dB,1,CL,A2_fixed,entropy_k9,5.903621660017147
77,n04252077/ILSVRC2012_val_00012989_n04252077,target_1dB,1,CL,A2_fixed,entropy_k9,5.831105050163828
78,n04310018/ILSVRC2012_val_00003156_n04310018,target_1dB,1,CL,A2_fixed,entropy_k9,5.728412863329403
79,n04328186/ILSVRC2012_val_00014795_n04328186,target_1dB,1,CL,A2_fixed,entropy_k9,6.3980734657314215
80,n04346328/ILSVRC2012_val_00003305_n04346328,target_1dB,1,CL,A2_fixed,entropy_k9,5.870152369517311
81,n04357314/ILSVRC2012_val_00009430_n04357314,target_1dB,1,CL,A2_fixed,entropy_k9,5.960586895843065
82,n04371774/ILSVRC2012_val_00030870_n04371774,target_1dB,1,CL,A2_fixed,entropy_k9,6.085265943309341
83,n04392985/ILSVRC2012_val_00029362_n04392985,target_1dB,1,CL,A2_fixed,entropy_k9,6.075776594773821
84,n04456115/ILSVRC2012_val_00002331_n04456115,target_1dB,1,CL,A2_fixed,entropy_k9,5.975984286880235
85,n04485082/ILSVRC2012_val_00000955_n04485082,target_1dB,1,CL,A2_fixed,entropy_k9,5.848852301103302
86,n04515003/ILSVRC2012_val_00002400_n04515003,target_1dB,1,CL,A2_fixed,entropy_k9,6.26481779563204
87,n04540053/ILSVRC2012_val_00007665_n04540053,target_1dB,1,CL,A2_fixed,entropy_k9,5.806542878544728
88,n04560804/ILSVRC2012_val_00029830_n04560804,target_1dB,1,CL,A2_fixed,entropy_k9,5.424616248761296
89,n04596742/ILSVRC2012_val_00007608_n04596742,target_1dB,1,CL,A2_fixed,entropy_k9,5.937233197812461
90,n07583066/ILSVRC2012_val_00001378_n07583066,target_1dB,1,CL,A2_fixed,entropy_k9,5.777066879983519
91,n07590611/ILSVRC2012_val_00030972_n07590611,target_1dB,1,CL,A2_fixed,entropy_k9,5.429952641268616
92,n07714990/ILSVRC2012_val_00008416_n07714990,target_1dB,1,CL,A2_fixed,entropy_k9,5.939824468101956
93,n07716906/ILSVRC2012_val_00011140_n07716906,target_1dB,1,CL,A2_fixed,entropy_k9,6.271143735111075
94,n07720875/ILSVRC2012_val_00000423_n07720875,target_1dB,1,CL,A2_fixed,entropy_k9,6.248661296960695
95,n07860988/ILSVRC2012_val_00010848_n07860988,target_1dB,1,CL,A2_fixed,entropy_k9,5.716779810133208
96,n09288635/ILSVRC2012_val_00001270_n09288635,target_1dB,1,CL,A2_fixed,entropy_k9,6.4035355757328345
97,n09468604/ILSVRC2012_val_00030741_n09468604,target_1dB,1,CL,A2_fixed,entropy_k9,6.064851471486286
98,n11939491/ILSVRC2012_val_00034896_n11939491,target_1dB,1,CL,A2_fixed,entropy_k9,5.9272788227266675
99,n15075141/ILSVRC2012_val_00005846_n15075141,target_1dB,1,CL,A2_fixed,entropy_k9,5.956172540332543
0,n01440764/ILSVRC2012_val_00003014_n01440764,target_1dB,1,CL,A2_fixed,path_accuracy_k9,0.05128205128205129
1,n01601694/ILSVRC2012_val_00021656_n01601694,target_1dB,1,CL,A2_fixed,path_accuracy_k9,0.005917159763313609
2,n01664065/ILSVRC2012_val_00014316_n01664065,target_1dB,1,CL,A2_fixed,path_accuracy_k9,0.03353057199211046
3,n01689811/ILSVRC2012_val_00020598_n01689811,target_1dB,1,CL,A2_fixed,path_accuracy_k9,0.03155818540433925
4,n01735189/ILSVRC2012_val_00006699_n01735189,target_1dB,1,CL,A2_fixed,path_accuracy_k9,0.027613412228796846
5,n01744401/ILSVRC2012_val_00032663_n01744401,target_1dB,1,CL,A2_fixed,path_accuracy_k9,0.0039447731755424065
6,n01751748/ILSVRC2012_val_00033157_n01751748,target_1dB,1,CL,A2_fixed,path_accuracy_k9,0.0039447731755424065
7,n01775062/ILSVRC2012_val_00036589_n01775062,target_1dB,1,CL,A2_fixed,path_accuracy_k9,0.04142011834319526
8,n01843383/ILSVRC2012_val_00005901_n01843383,target_1dB,1,CL,A2_fixed,path_accuracy_k9,0.0611439842209073
9,n01860187/ILSVRC2012_val_00021594_n01860187,target_1dB,1,CL,A2_fixed,path_accuracy_k9,0.03747534516765286
10,n01882714/ILSVRC2012_val_00019996_n01882714,target_1dB,1,CL,A2_fixed,path_accuracy_k9,0.01972386587771203
11,n01943899/ILSVRC2012_val_00005706_n01943899,target_1dB,1,CL,A2_fixed,path_accuracy_k9,0.011834319526627219
12,n01955084/ILSVRC2012_val_00001857_n01955084,target_1dB,1,CL,A2_fixed,path_accuracy_k9,0.04339250493096647
13,n01983481/ILSVRC2012_val_00019856_n01983481,target_1dB,1,CL,A2_fixed,path_accuracy_k9,0.05325443786982249
14,n02013706/ILSVRC2012_val_00003168_n02013706,target_1dB,1,CL,A2_fixed,path_accuracy_k9,0.0631163708086785
15,n02027492/ILSVRC2012_val_00007524_n02027492,target_1dB,1,CL,A2_fixed,path_accuracy_k9,0.023668639053254437
16,n02088094/ILSVRC2012_val_00005507_n02088094,target_1dB,1,CL,A2_fixed,path_accuracy_k9,0.03155818540433925
17,n02090622/ILSVRC2012_val_00006265_n02090622,target_1dB,1,CL,A2_fixed,path_accuracy_k9,0.027613412228796843
18,n02096177/ILSVRC2012_val_00019083_n02096177,target_1dB,1,CL,A2_fixed,path_accuracy_k9,0.015779092702169626
19,n02098286/ILSVRC2012_val_00038253_n02098286,target_1dB,1,CL,A2_fixed,path_accuracy_k9,0.011834319526627219
20,n02102480/ILSVRC2012_val_00010261_n02102480,target_1dB,1,CL,A2_fixed,path_accuracy_k9,0.025641025641025637
21,n02105641/ILSVRC2012_val_00018762_n02105641,target_1dB,1,CL,A2_fixed,path_accuracy_k9,0.03944773175542406
22,n02106550/ILSVRC2012_val_00014315_n02106550,target_1dB,1,CL,A2_fixed,path_accuracy_k9,0.03747534516765286
23,n02107683/ILSVRC2012_val_00010786_n02107683,target_1dB,1,CL,A2_fixed,path_accuracy_k9,0.009861932938856016
24,n02110806/ILSVRC2012_val_00030364_n02110806,target_1dB,1,CL,A2_fixed,path_accuracy_k9,0.03747534516765286
25,n02113799/ILSVRC2012_val_00007866_n02113799,target_1dB,1,CL,A2_fixed,path_accuracy_k9,0.015779092702169626
26,n02123159/ILSVRC2012_val_00025723_n02123159,target_1dB,1,CL,A2_fixed,path_accuracy_k9,0.037475345167652864
27,n02134084/ILSVRC2012_val_00020332_n02134084,target_1dB,1,CL,A2_fixed,path_accuracy_k9,0.013806706114398421
28,n02168699/ILSVRC2012_val_00040132_n02168699,target_1dB,1,CL,A2_fixed,path_accuracy_k9,0.015779092702169626
29,n02233338/ILSVRC2012_val_00016160_n02233338,target_1dB,1,CL,A2_fixed,path_accuracy_k9,0.01972386587771203
30,n02264363/ILSVRC2012_val_00027803_n02264363,target_1dB,1,CL,A2_fixed,path_accuracy_k9,0.013806706114398421
31,n02277742/ILSVRC2012_val_00015608_n02277742,target_1dB,1,CL,A2_fixed,path_accuracy_k9,0.03747534516765286
32,n02325366/ILSVRC2012_val_00024858_n02325366,target_1dB,1,CL,A2_fixed,path_accuracy_k9,0.04930966469428008
33,n02398521/ILSVRC2012_val_00018354_n02398521,target_1dB,1,CL,A2_fixed,path_accuracy_k9,0.01972386587771203
34,n02410509/ILSVRC2012_val_00022568_n02410509,target_1dB,1,CL,A2_fixed,path_accuracy_k9,0.013806706114398423
35,n02437312/ILSVRC2012_val_00006245_n02437312,target_1dB,1,CL,A2_fixed,path_accuracy_k9,0.017751479289940825
36,n02486410/ILSVRC2012_val_00009799_n02486410,target_1dB,1,CL,A2_fixed,path_accuracy_k9,0.025641025641025644
37,n02509815/ILSVRC2012_val_00014423_n02509815,target_1dB,1,CL,A2_fixed,path_accuracy_k9,0.01775147928994083
38,n02708093/ILSVRC2012_val_00024690_n02708093,target_1dB,1,CL,A2_fixed,path_accuracy_k9,0.017751479289940825
39,n02776631/ILSVRC2012_val_00028186_n02776631,target_1dB,1,CL,A2_fixed,path_accuracy_k9,0.03747534516765286
40,n02788148/ILSVRC2012_val_00012264_n02788148,target_1dB,1,CL,A2_fixed,path_accuracy_k9,0.015779092702169626
41,n02834397/ILSVRC2012_val_00010741_n02834397,target_1dB,1,CL,A2_fixed,path_accuracy_k9,0.015779092702169626
42,n02841315/ILSVRC2012_val_00014601_n02841315,target_1dB,1,CL,A2_fixed,path_accuracy_k9,0.027613412228796846
43,n02910353/ILSVRC2012_val_00017543_n02910353,target_1dB,1,CL,A2_fixed,path_accuracy_k9,0.01972386587771203
44,n02951585/ILSVRC2012_val_00008336_n02951585,target_1dB,1,CL,A2_fixed,path_accuracy_k9,0.011834319526627219
45,n02980441/ILSVRC2012_val_00023472_n02980441,target_1dB,1,CL,A2_fixed,path_accuracy_k9,0.013806706114398421
46,n03028079/ILSVRC2012_val_00031446_n03028079,target_1dB,1,CL,A2_fixed,path_accuracy_k9,0.025641025641025644
47,n03109150/ILSVRC2012_val_00032588_n03109150,target_1dB,1,CL,A2_fixed,path_accuracy_k9,0.013806706114398423
48,n03127747/ILSVRC2012_val_00003732_n03127747,target_1dB,1,CL,A2_fixed,path_accuracy_k9,0.017751479289940825
49,n03220513/ILSVRC2012_val_00006359_n03220513,target_1dB,1,CL,A2_fixed,path_accuracy_k9,0.011834319526627219
50,n03372029/ILSVRC2012_val_00034937_n03372029,target_1dB,1,CL,A2_fixed,path_accuracy_k9,0.03155818540433925
51,n03388549/ILSVRC2012_val_00022928_n03388549,target_1dB,1,CL,A2_fixed,path_accuracy_k9,0.03353057199211045
52,n03424325/ILSVRC2012_val_00006147_n03424325,target_1dB,1,CL,A2_fixed,path_accuracy_k9,0.027613412228796843
53,n03447721/ILSVRC2012_val_00006942_n03447721,target_1dB,1,CL,A2_fixed,path_accuracy_k9,0.05128205128205129
54,n03485794/ILSVRC2012_val_00010782_n03485794,target_1dB,1,CL,A2_fixed,path_accuracy_k9,0.01972386587771203
55,n03527444/ILSVRC2012_val_00035251_n03527444,target_1dB,1,CL,A2_fixed,path_accuracy_k9,0.027613412228796846
56,n03584254/ILSVRC2012_val_00016384_n03584254,target_1dB,1,CL,A2_fixed,path_accuracy_k9,0.0019723865877712033
57,n03623198/ILSVRC2012_val_00019928_n03623198,target_1dB,1,CL,A2_fixed,path_accuracy_k9,0.005917159763313609
58,n03657121/ILSVRC2012_val_00000359_n03657121,target_1dB,1,CL,A2_fixed,path_accuracy_k9,0.0039447731755424065
59,n03706229/ILSVRC2012_val_00017460_n03706229,target_1dB,1,CL,A2_fixed,path_accuracy_k9,0.0039447731755424065
60,n03759954/ILSVRC2012_val_00010804_n03759954,target_1dB,1,CL,A2_fixed,path_accuracy_k9,0.07692307692307693
61,n03775071/ILSVRC2012_val_00002420_n03775071,target_1dB,1,CL,A2_fixed,path_accuracy_k9,0.0019723865877712033
62,n03782006/ILSVRC2012_val_00004758_n03782006,target_1dB,1,CL,A2_fixed,path_accuracy_k9,0.029585798816568046
63,n03796401/ILSVRC2012_val_00025827_n03796401,target_1dB,1,CL,A2_fixed,path_accuracy_k9,0.027613412228796843
64,n03866082/ILSVRC2012_val_00003554_n03866082,target_1dB,1,CL,A2_fixed,path_accuracy_k9,0.023668639053254437
65,n03876231/ILSVRC2012_val_00022714_n03876231,target_1dB,1,CL,A2_fixed,path_accuracy_k9,0.005917159763313609
66,n03929660/ILSVRC2012_val_00012300_n03929660,target_1dB,1,CL,A2_fixed,path_accuracy_k9,0.007889546351084813
67,n03950228/ILSVRC2012_val_00019039_n03950228,target_1dB,1,CL,A2_fixed,path_accuracy_k9,0.0039447731755424065
68,n03977966/ILSVRC2012_val_00027383_n03977966,target_1dB,1,CL,A2_fixed,path_accuracy_k9,0.029585798816568046
69,n03983396/ILSVRC2012_val_00012891_n03983396,target_1dB,1,CL,A2_fixed,path_accuracy_k9,0.025641025641025644
70,n04044716/ILSVRC2012_val_00039752_n04044716,target_1dB,1,CL,A2_fixed,path_accuracy_k9,0.0039447731755424065
71,n04067472/ILSVRC2012_val_00007618_n04067472,target_1dB,1,CL,A2_fixed,path_accuracy_k9,0.04930966469428008
72,n04111531/ILSVRC2012_val_00013982_n04111531,target_1dB,1,CL,A2_fixed,path_accuracy_k9,0.013806706114398423
73,n04131690/ILSVRC2012_val_00002728_n04131690,target_1dB,1,CL,A2_fixed,path_accuracy_k9,0.009861932938856016
74,n04153751/ILSVRC2012_val_00008426_n04153751,target_1dB,1,CL,A2_fixed,path_accuracy_k9,0.0019723865877712033
75,n04204347/ILSVRC2012_val_00018921_n04204347,target_1dB,1,CL,A2_fixed,path_accuracy_k9,0.009861932938856016
76,n04235860/ILSVRC2012_val_00004033_n04235860,target_1dB,1,CL,A2_fixed,path_accuracy_k9,0.025641025641025644
77,n04252077/ILSVRC2012_val_00012989_n04252077,target_1dB,1,CL,A2_fixed,path_accuracy_k9,0.029585798816568046
78,n04310018/ILSVRC2012_val_00003156_n04310018,target_1dB,1,CL,A2_fixed,path_accuracy_k9,0.047337278106508875
79,n04328186/ILSVRC2012_val_00014795_n04328186,target_1dB,1,CL,A2_fixed,path_accuracy_k9,0.007889546351084813
80,n04346328/ILSVRC2012_val_00003305_n04346328,target_1dB,1,CL,A2_fixed,path_accuracy_k9,0.03353057199211045
81,n04357314/ILSVRC2012_val_00009430_n04357314,target_1dB,1,CL,A2_fixed,path_accuracy_k9,0.027613412228796843
82,n04371774/ILSVRC2012_val_00030870_n04371774,target_1dB,1,CL,A2_fixed,path_accuracy_k9,0.013806706114398421
83,n04392985/ILSVRC2012_val_00029362_n04392985,target_1dB,1,CL,A2_fixed,path_accuracy_k9,0.027613412228796846
84,n04456115/ILSVRC2012_val_00002331_n04456115,target_1dB,1,CL,A2_fixed,path_accuracy_k9,0.045364891518737675
85,n04485082/ILSVRC2012_val_00000955_n04485082,target_1dB,1,CL,A2_fixed,path_accuracy_k9,0.023668639053254437
86,n04515003/ILSVRC2012_val_00002400_n04515003,target_1dB,1,CL,A2_fixed,path_accuracy_k9,0.01972386587771203
87,n04540053/ILSVRC2012_val_00007665_n04540053,target_1dB,1,CL,A2_fixed,path_accuracy_k9,0.029585798816568046
88,n04560804/ILSVRC2012_val_00029830_n04560804,target_1dB,1,CL,A2_fixed,path_accuracy_k9,0.049309664694280074
89,n04596742/ILSVRC2012_val_00007608_n04596742,target_1dB,1,CL,A2_fixed,path_accuracy_k9,0.025641025641025644
90,n07583066/ILSVRC2012_val_00001378_n07583066,target_1dB,1,CL,A2_fixed,path_accuracy_k9,0.027613412228796846
91,n07590611/ILSVRC2012_val_00030972_n07590611,target_1dB,1,CL,A2_fixed,path_accuracy_k9,0.0670611439842209
92,n07714990/ILSVRC2012_val_00008416_n07714990,target_1dB,1,CL,A2_fixed,path_accuracy_k9,0.029585798816568046
93,n07716906/ILSVRC2012_val_00011140_n07716906,target_1dB,1,CL,A2_fixed,path_accuracy_k9,0.015779092702169626
94,n07720875/ILSVRC2012_val_00000423_n07720875,target_1dB,1,CL,A2_fixed,path_accuracy_k9,0.013806706114398421
95,n07860988/ILSVRC2012_val_00010848_n07860988,target_1dB,1,CL,A2_fixed,path_accuracy_k9,0.04339250493096647
96,n09288635/ILSVRC2012_val_00001270_n09288635,target_1dB,1,CL,A2_fixed,path_accuracy_k9,0.015779092702169626
97,n09468604/ILSVRC2012_val_00030741_n09468604,target_1dB,1,CL,A2_fixed,path_accuracy_k9,0.027613412228796843
98,n11939491/ILSVRC2012_val_00034896_n11939491,target_1dB,1,CL,A2_fixed,path_accuracy_k9,0.021696252465483234
99,n15075141/ILSVRC2012_val_00005846_n15075141,target_1dB,1,CL,A2_fixed,path_accuracy_k9,0.025641025641025644
0,n01440764/ILSVRC2012_val_00003014_n01440764,target_1dB,1,CL,A2_fixed,acc_k10,0.09895833333333333
1,n01601694/ILSVRC2012_val_00021656_n01601694,target_1dB,1,CL,A2_fixed,acc_k10,0.032552083333333336
2,n01664065/ILSVRC2012_val_00014316_n01664065,target_1dB,1,CL,A2_fixed,acc_k10,0.10807291666666667
3,n01689811/ILSVRC2012_val_00020598_n01689811,target_1dB,1,CL,A2_fixed,acc_k10,0.09765625
4,n01735189/ILSVRC2012_val_00006699_n01735189,target_1dB,1,CL,A2_fixed,acc_k10,0.049479166666666664
5,n01744401/ILSVRC2012_val_00032663_n01744401,target_1dB,1,CL,A2_fixed,acc_k10,0.024739583333333332
6,n01751748/ILSVRC2012_val_00033157_n01751748,target_1dB,1,CL,A2_fixed,acc_k10,0.022135416666666668
7,n01775062/ILSVRC2012_val_00036589_n01775062,target_1dB,1,CL,A2_fixed,acc_k10,0.09244791666666667
8,n01843383/ILSVRC2012_val_00005901_n01843383,target_1dB,1,CL,A2_fixed,acc_k10,0.09895833333333333
9,n01860187/ILSVRC2012_val_00021594_n01860187,target_1dB,1,CL,A2_fixed,acc_k10,0.08463541666666667
10,n01882714/ILSVRC2012_val_00019996_n01882714,target_1dB,1,CL,A2_fixed,acc_k10,0.06510416666666667
11,n01943899/ILSVRC2012_val_00005706_n01943899,target_1dB,1,CL,A2_fixed,acc_k10,0.06510416666666667
12,n01955084/ILSVRC2012_val_00001857_n01955084,target_1dB,1,CL,A2_fixed,acc_k10,0.07682291666666667
13,n01983481/ILSVRC2012_val_00019856_n01983481,target_1dB,1,CL,A2_fixed,acc_k10,0.08984375
14,n02013706/ILSVRC2012_val_00003168_n02013706,target_1dB,1,CL,A2_fixed,acc_k10,0.09765625
15,n02027492/ILSVRC2012_val_00007524_n02027492,target_1dB,1,CL,A2_fixed,acc_k10,0.029947916666666668
16,n02088094/ILSVRC2012_val_00005507_n02088094,target_1dB,1,CL,A2_fixed,acc_k10,0.08072916666666667
17,n02090622/ILSVRC2012_val_00006265_n02090622,target_1dB,1,CL,A2_fixed,acc_k10,0.06380208333333333
18,n02096177/ILSVRC2012_val_00019083_n02096177,target_1dB,1,CL,A2_fixed,acc_k10,0.041666666666666664
19,n02098286/ILSVRC2012_val_00038253_n02098286,target_1dB,1,CL,A2_fixed,acc_k10,0.033854166666666664
20,n02102480/ILSVRC2012_val_00010261_n02102480,target_1dB,1,CL,A2_fixed,acc_k10,0.024739583333333332
21,n02105641/ILSVRC2012_val_00018762_n02105641,target_1dB,1,CL,A2_fixed,acc_k10,0.07161458333333333
22,n02106550/ILSVRC2012_val_00014315_n02106550,target_1dB,1,CL,A2_fixed,acc_k10,0.09244791666666667
23,n02107683/ILSVRC2012_val_00010786_n02107683,target_1dB,1,CL,A2_fixed,acc_k10,0.026041666666666668
24,n02110806/ILSVRC2012_val_00030364_n02110806,target_1dB,1,CL,A2_fixed,acc_k10,0.08723958333333333
25,n02113799/ILSVRC2012_val_00007866_n02113799,target_1dB,1,CL,A2_fixed,acc_k10,0.059895833333333336
26,n02123159/ILSVRC2012_val_00025723_n02123159,target_1dB,1,CL,A2_fixed,acc_k10,0.09635416666666667
27,n02134084/ILSVRC2012_val_00020332_n02134084,target_1dB,1,CL,A2_fixed,acc_k10,0.048177083333333336
28,n02168699/ILSVRC2012_val_00040132_n02168699,target_1dB,1,CL,A2_fixed,acc_k10,0.022135416666666668
29,n02233338/ILSVRC2012_val_00016160_n02233338,target_1dB,1,CL,A2_fixed,acc_k10,0.055989583333333336
30,n02264363/ILSVRC2012_val_00027803_n02264363,target_1dB,1,CL,A2_fixed,acc_k10,0.010416666666666666
31,n02277742/ILSVRC2012_val_00015608_n02277742,target_1dB,1,CL,A2_fixed,acc_k10,0.09244791666666667
32,n02325366/ILSVRC2012_val_00024858_n02325366,target_1dB,1,CL,A2_fixed,acc_k10,0.08984375
33,n02398521/ILSVRC2012_val_00018354_n02398521,target_1dB,1,CL,A2_fixed,acc_k10,0.06640625
34,n02410509/ILSVRC2012_val_00022568_n02410509,target_1dB,1,CL,A2_fixed,acc_k10,0.036458333333333336
35,n02437312/ILSVRC2012_val_00006245_n02437312,target_1dB,1,CL,A2_fixed,acc_k10,0.0625
36,n02486410/ILSVRC2012_val_00009799_n02486410,target_1dB,1,CL,A2_fixed,acc_k10,0.03125
37,n02509815/ILSVRC2012_val_00014423_n02509815,target_1dB,1,CL,A2_fixed,acc_k10,0.040364583333333336
38,n02708093/ILSVRC2012_val_00024690_n02708093,target_1dB,1,CL,A2_fixed,acc_k10,0.029947916666666668
39,n02776631/ILSVRC2012_val_00028186_n02776631,target_1dB,1,CL,A2_fixed,acc_k10,0.05078125
40,n02788148/ILSVRC2012_val_00012264_n02788148,target_1dB,1,CL,A2_fixed,acc_k10,0.05078125
41,n02834397/ILSVRC2012_val_00010741_n02834397,target_1dB,1,CL,A2_fixed,acc_k10,0.026041666666666668
42,n02841315/ILSVRC2012_val_00014601_n02841315,target_1dB,1,CL,A2_fixed,acc_k10,0.0390625
43,n02910353/ILSVRC2012_val_00017543_n02910353,target_1dB,1,CL,A2_fixed,acc_k10,0.049479166666666664
44,n02951585/ILSVRC2012_val_00008336_n02951585,target_1dB,1,CL,A2_fixed,acc_k10,0.033854166666666664
45,n02980441/ILSVRC2012_val_00023472_n02980441,target_1dB,1,CL,A2_fixed,acc_k10,0.032552083333333336
46,n03028079/ILSVRC2012_val_00031446_n03028079,target_1dB,1,CL,A2_fixed,acc_k10,0.045572916666666664
47,n03109150/ILSVRC2012_val_00032588_n03109150,target_1dB,1,CL,A2_fixed,acc_k10,0.022135416666666668
48,n03127747/ILSVRC2012_val_00003732_n03127747,target_1dB,1,CL,A2_fixed,acc_k10,0.05078125
49,n03220513/ILSVRC2012_val_00006359_n03220513,target_1dB,1,CL,A2_fixed,acc_k10,0.033854166666666664
50,n03372029/ILSVRC2012_val_00034937_n03372029,target_1dB,1,CL,A2_fixed,acc_k10,0.061197916666666664
51,n03388549/ILSVRC2012_val_00022928_n03388549,target_1dB,1,CL,A2_fixed,acc_k10,0.049479166666666664
52,n03424325/ILSVRC2012_val_00006147_n03424325,target_1dB,1,CL,A2_fixed,acc_k10,0.0546875
53,n03447721/ILSVRC2012_val_00006942_n03447721,target_1dB,1,CL,A2_fixed,acc_k10,0.10807291666666667
54,n03485794/ILSVRC2012_val_00010782_n03485794,target_1dB,1,CL,A2_fixed,acc_k10,0.036458333333333336
55,n03527444/ILSVRC2012_val_00035251_n03527444,target_1dB,1,CL,A2_fixed,acc_k10,0.055989583333333336
56,n03584254/ILSVRC2012_val_00016384_n03584254,target_1dB,1,CL,A2_fixed,acc_k10,0.0013020833333333333
57,n03623198/ILSVRC2012_val_00019928_n03623198,target_1dB,1,CL,A2_fixed,acc_k10,0.010416666666666666
58,n03657121/ILSVRC2012_val_00000359_n03657121,target_1dB,1,CL,A2_fixed,acc_k10,0.0026041666666666665
59,n03706229/ILSVRC2012_val_00017460_n03706229,target_1dB,1,CL,A2_fixed,acc_k10,0.006510416666666667
60,n03759954/ILSVRC2012_val_00010804_n03759954,target_1dB,1,CL,A2_fixed,acc_k10,0.1484375
61,n03775071/ILSVRC2012_val_00002420_n03775071,target_1dB,1,CL,A2_fixed,acc_k10,0.013020833333333334
62,n03782006/ILSVRC2012_val_00004758_n03782006,target_1dB,1,CL,A2_fixed,acc_k10,0.022135416666666668
63,n03796401/ILSVRC2012_val_00025827_n03796401,target_1dB,1,CL,A2_fixed,acc_k10,0.048177083333333336
64,n03866082/ILSVRC2012_val_00003554_n03866082,target_1dB,1,CL,A2_fixed,acc_k10,0.052083333333333336
65,n03876231/ILSVRC2012_val_00022714_n03876231,target_1dB,1,CL,A2_fixed,acc_k10,0.01953125
66,n03929660/ILSVRC2012_val_00012300_n03929660,target_1dB,1,CL,A2_fixed,acc_k10,0.0078125
67,n03950228/ILSVRC2012_val_00019039_n03950228,target_1dB,1,CL,A2_fixed,acc_k10,0.028645833333333332
68,n03977966/ILSVRC2012_val_00027383_n03977966,target_1dB,1,CL,A2_fixed,acc_k10,0.06901041666666667
69,n03983396/ILSVRC2012_val_00012891_n03983396,target_1dB,1,CL,A2_fixed,acc_k10,0.045572916666666664
70,n04044716/ILSVRC2012_val_00039752_n04044716,target_1dB,1,CL,A2_fixed,acc_k10,0.020833333333333332
71,n04067472/ILSVRC2012_val_00007618_n04067472,target_1dB,1,CL,A2_fixed,acc_k10,0.1015625
72,n04111531/ILSVRC2012_val_00013982_n04111531,target_1dB,1,CL,A2_fixed,acc_k10,0.044270833333333336
73,n04131690/ILSVRC2012_val_00002728_n04131690,target_1dB,1,CL,A2_fixed,acc_k10,0.018229166666666668
74,n04153751/ILSVRC2012_val_00008426_n04153751,target_1dB,1,CL,A2_fixed,acc_k10,0.00390625
75,n04204347/ILSVRC2012_val_00018921_n04204347,target_1dB,1,CL,A2_fixed,acc_k10,0.028645833333333332
76,n04235860/ILSVRC2012_val_00004033_n04235860,target_1dB,1,CL,A2_fixed,acc_k10,0.06510416666666667
77,n04252077/ILSVRC2012_val_00012989_n04252077,target_1dB,1,CL,A2_fixed,acc_k10,0.06510416666666667
78,n04310018/ILSVRC2012_val_00003156_n04310018,target_1dB,1,CL,A2_fixed,acc_k10,0.08072916666666667
79,n04328186/ILSVRC2012_val_00014795_n04328186,target_1dB,1,CL,A2_fixed,acc_k10,0.014322916666666666
80,n04346328/ILSVRC2012_val_00003305_n04346328,target_1dB,1,CL,A2_fixed,acc_k10,0.044270833333333336
81,n04357314/ILSVRC2012_val_00009430_n04357314,target_1dB,1,CL,A2_fixed,acc_k10,0.037760416666666664
82,n04371774/ILSVRC2012_val_00030870_n04371774,target_1dB,1,CL,A2_fixed,acc_k10,0.057291666666666664
83,n04392985/ILSVRC2012_val_00029362_n04392985,target_1dB,1,CL,A2_fixed,acc_k10,0.048177083333333336
84,n04456115/ILSVRC2012_val_00002331_n04456115,target_1dB,1,CL,A2_fixed,acc_k10,0.0703125
85,n04485082/ILSVRC2012_val_00000955_n04485082,target_1dB,1,CL,A2_fixed,acc_k10,0.06901041666666667
86,n04515003/ILSVRC2012_val_00002400_n04515003,target_1dB,1,CL,A2_fixed,acc_k10,0.029947916666666668
87,n04540053/ILSVRC2012_val_00007665_n04540053,target_1dB,1,CL,A2_fixed,acc_k10,0.07421875
88,n04560804/ILSVRC2012_val_00029830_n04560804,target_1dB,1,CL,A2_fixed,acc_k10,0.10286458333333333
89,n04596742/ILSVRC2012_val_00007608_n04596742,target_1dB,1,CL,A2_fixed,acc_k10,0.04296875
90,n07583066/ILSVRC2012_val_00001378_n07583066,target_1dB,1,CL,A2_fixed,acc_k10,0.08333333333333333
91,n07590611/ILSVRC2012_val_00030972_n07590611,target_1dB,1,CL,A2_fixed,acc_k10,0.13802083333333334
92,n07714990/ILSVRC2012_val_00008416_n07714990,target_1dB,1,CL,A2_fixed,acc_k10,0.057291666666666664
93,n07716906/ILSVRC2012_val_00011140_n07716906,target_1dB,1,CL,A2_fixed,acc_k10,0.032552083333333336
94,n07720875/ILSVRC2012_val_00000423_n07720875,target_1dB,1,CL,A2_fixed,acc_k10,0.03515625
95,n07860988/ILSVRC2012_val_00010848_n07860988,target_1dB,1,CL,A2_fixed,acc_k10,0.07161458333333333
96,n09288635/ILSVRC2012_val_00001270_n09288635,target_1dB,1,CL,A2_fixed,acc_k10,0.032552083333333336
97,n09468604/ILSVRC2012_val_00030741_n09468604,target_1dB,1,CL,A2_fixed,acc_k10,0.045572916666666664
98,n11939491/ILSVRC2012_val_00034896_n11939491,target_1dB,1,CL,A2_fixed,acc_k10,0.06901041666666667
99,n15075141/ILSVRC2012_val_00005846_n15075141,target_1dB,1,CL,A2_fixed,acc_k10,0.0703125
0,n01440764/ILSVRC2012_val_00003014_n01440764,target_1dB,1,CL,A2_fixed,logp_true_k10,-5.282661744626239
1,n01601694/ILSVRC2012_val_00021656_n01601694,target_1dB,1,CL,A2_fixed,logp_true_k10,-6.4363299037019415
2,n01664065/ILSVRC2012_val_00014316_n01664065,target_1dB,1,CL,A2_fixed,logp_true_k10,-5.275951971377556
3,n01689811/ILSVRC2012_val_00020598_n01689811,target_1dB,1,CL,A2_fixed,logp_true_k10,-5.365899687632918
4,n01735189/ILSVRC2012_val_00006699_n01735189,target_1dB,1,CL,A2_fixed,logp_true_k10,-5.955939177889377
5,n01744401/ILSVRC2012_val_00032663_n01744401,target_1dB,1,CL,A2_fixed,logp_true_k10,-7.069525709996621
6,n01751748/ILSVRC2012_val_00033157_n01751748,target_1dB,1,CL,A2_fixed,logp_true_k10,-6.668255872093141
7,n01775062/ILSVRC2012_val_00036589_n01775062,target_1dB,1,CL,A2_fixed,logp_true_k10,-5.306420156576981
8,n01843383/ILSVRC2012_val_00005901_n01843383,target_1dB,1,CL,A2_fixed,logp_true_k10,-5.224416543574383
9,n01860187/ILSVRC2012_val_00021594_n01860187,target_1dB,1,CL,A2_fixed,logp_true_k10,-5.608911574662973
10,n01882714/ILSVRC2012_val_00019996_n01882714,target_1dB,1,CL,A2_fixed,logp_true_k10,-5.871561068110168
11,n01943899/ILSVRC2012_val_00005706_n01943899,target_1dB,1,CL,A2_fixed,logp_true_k10,-6.0890074437484145
12,n01955084/ILSVRC2012_val_00001857_n01955084,target_1dB,1,CL,A2_fixed,logp_true_k10,-5.501118928970148
13,n01983481/ILSVRC2012_val_00019856_n01983481,target_1dB,1,CL,A2_fixed,logp_true_k10,-5.43816526979208
14,n02013706/ILSVRC2012_val_00003168_n02013706,target_1dB,1,CL,A2_fixed,logp_true_k10,-5.948331535172959
15,n02027492/ILSVRC2012_val_00007524_n02027492,target_1dB,1,CL,A2_fixed,logp_true_k10,-6.205758271738887
16,n02088094/ILSVRC2012_val_00005507_n02088094,target_1dB,1,CL,A2_fixed,logp_true_k10,-5.830196073589225
17,n02090622/ILSVRC2012_val_00006265_n02090622,target_1dB,1,CL,A2_fixed,logp_true_k10,-5.810823464766145
18,n02096177/ILSVRC2012_val_00019083_n02096177,target_1dB,1,CL,A2_fixed,logp_true_k10,-6.470523325105508
19,n02098286/ILSVRC2012_val_00038253_n02098286,target_1dB,1,CL,A2_fixed,logp_true_k10,-6.702351714173953
20,n02102480/ILSVRC2012_val_00010261_n02102480,target_1dB,1,CL,A2_fixed,logp_true_k10,-6.951826413162053
21,n02105641/ILSVRC2012_val_00018762_n02105641,target_1dB,1,CL,A2_fixed,logp_true_k10,-5.751105327469607
22,n02106550/ILSVRC2012_val_00014315_n02106550,target_1dB,1,CL,A2_fixed,logp_true_k10,-5.509387642145157
23,n02107683/ILSVRC2012_val_00010786_n02107683,target_1dB,1,CL,A2_fixed,logp_true_k10,-6.507694504223764
24,n02110806/ILSVRC2012_val_00030364_n02110806,target_1dB,1,CL,A2_fixed,logp_true_k10,-5.438497828630109
25,n02113799/ILSVRC2012_val_00007866_n02113799,target_1dB,1,CL,A2_fixed,logp_true_k10,-6.1108192298561335
26,n02123159/ILSVRC2012_val_00025723_n02123159,target_1dB,1,CL,A2_fixed,logp_true_k10,-5.599988331397374
27,n02134084/ILSVRC2012_val_00020332_n02134084,target_1dB,1,CL,A2_fixed,logp_true_k10,-6.431509240219991
28,n02168699/ILSVRC2012_val_00040132_n02168699,target_1dB,1,CL,A2_fixed,logp_true_k10,-6.591554076721271
29,n02233338/ILSVRC2012_val_00016160_n02233338,target_1dB,1,CL,A2_fixed,logp_true_k10,-5.775520556295912
30,n02264363/ILSVRC2012_val_00027803_n02264363,target_1dB,1,CL,A2_fixed,logp_true_k10,-7.405589987213413
31,n02277742/ILSVRC2012_val_00015608_n02277742,target_1dB,1,CL,A2_fixed,logp_true_k10,-5.493266140731673
32,n02325366/ILSVRC2012_val_00024858_n02325366,target_1dB,1,CL,A2_fixed,logp_true_k10,-5.209751989226788
33,n02398521/ILSVRC2012_val_00018354_n02398521,target_1dB,1,CL,A2_fixed,logp_true_k10,-5.915048066526651
34,n02410509/ILSVRC2012_val_00022568_n02410509,target_1dB,1,CL,A2_fixed,logp_true_k10,-6.578709474454324
35,n02437312/ILSVRC2012_val_00006245_n02437312,target_1dB,1,CL,A2_fixed,logp_true_k10,-5.726195408652226
36,n02486410/ILSVRC2012_val_00009799_n02486410,target_1dB,1,CL,A2_fixed,logp_true_k10,-6.31174301293989
37,n02509815/ILSVRC2012_val_00014423_n02509815,target_1dB,1,CL,A2_fixed,logp_true_k10,-6.457735415858527
38,n02708093/ILSVRC2012_val_00024690_n02708093,target_1dB,1,CL,A2_fixed,logp_true_k10,-6.546656732137005
39,n02776631/ILSVRC2012_val_00028186_n02776631,target_1dB,1,CL,A2_fixed,logp_true_k10,-5.826475172458838
40,n02788148/ILSVRC2012_val_00012264_n02788148,target_1dB,1,CL,A2_fixed,logp_true_k10,-6.30613141382734
41,n02834397/ILSVRC2012_val_00010741_n02834397,target_1dB,1,CL,A2_fixed,logp_true_k10,-6.800755392449598
42,n02841315/ILSVRC2012_val_00014601_n02841315,target_1dB,1,CL,A2_fixed,logp_true_k10,-6.182758131840576
43,n02910353/ILSVRC2012_val_00017543_n02910353,target_1dB,1,CL,A2_fixed,logp_true_k10,-5.962610895745456
44,n02951585/ILSVRC2012_val_00008336_n02951585,target_1dB,1,CL,A2_fixed,logp_true_k10,-6.596456817351282
45,n02980441/ILSVRC2012_val_00023472_n02980441,target_1dB,1,CL,A2_fixed,logp_true_k10,-6.3632153781751795
46,n03028079/ILSVRC2012_val_00031446_n03028079,target_1dB,1,CL,A2_fixed,logp_true_k10,-6.288058670392881
47,n03109150/ILSVRC2012_val_00032588_n03109150,target_1dB,1,CL,A2_fixed,logp_true_k10,-6.85418404545635
48,n03127747/ILSVRC2012_val_00003732_n03127747,target_1dB,1,CL,A2_fixed,logp_true_k10,-6.256307411783685
49,n03220513/ILSVRC2012_val_00006359_n03220513,target_1dB,1,CL,A2_fixed,logp_true_k10,-6.70533224971344
50,n03372029/ILSVRC2012_val_00034937_n03372029,target_1dB,1,CL,A2_fixed,logp_true_k10,-5.85747643513605
51,n03388549/ILSVRC2012_val_00022928_n03388549,target_1dB,1,CL,A2_fixed,logp_true_k10,-6.025217769977947
52,n03424325/ILSVRC2012_val_00006147_n03424325,target_1dB,1,CL,A2_fixed,logp_true_k10,-6.246988712344319
53,n03447721/ILSVRC2012_val_00006942_n03447721,target_1dB,1,CL,A2_fixed,logp_true_k10,-5.2424013239021106
54,n03485794/ILSVRC2012_val_00010782_n03485794,target_1dB,1,CL,A2_fixed,logp_true_k10,-6.444040422172596
55,n03527444/ILSVRC2012_val_00035251_n03527444,target_1dB,1,CL,A2_fixed,logp_true_k10,-6.170648026280105
56,n03584254/ILSVRC2012_val_00016384_n03584254,target_1dB,1,CL,A2_fixed,logp_true_k10,-9.127443172658483
57,n03623198/ILSVRC2012_val_00019928_n03623198,target_1dB,1,CL,A2_fixed,logp_true_k10,-8.513747368007898
58,n03657121/ILSVRC2012_val_00000359_n03657121,target_1dB,1,CL,A2_fixed,logp_true_k10,-8.705712880939245
59,n03706229/ILSVRC2012_val_00017460_n03706229,target_1dB,1,CL,A2_fixed,logp_true_k10,-7.381146023049951
60,n03759954/ILSVRC2012_val_00010804_n03759954,target_1dB,1,CL,A2_fixed,logp_true_k10,-4.73872271195675
61,n03775071/ILSVRC2012_val_00002420_n03775071,target_1dB,1,CL,A2_fixed,logp_true_k10,-7.474638635913531
62,n03782006/ILSVRC2012_val_00004758_n03782006,target_1dB,1,CL,A2_fixed,logp_true_k10,-6.679035008574526
63,n03796401/ILSVRC2012_val_00025827_n03796401,target_1dB,1,CL,A2_fixed,logp_true_k10,-6.314422371176382
64,n03866082/ILSVRC2012_val_00003554_n03866082,target_1dB,1,CL,A2_fixed,logp_true_k10,-6.021167856641114
65,n03876231/ILSVRC2012_val_00022714_n03876231,target_1dB,1,CL,A2_fixed,logp_true_k10,-6.906405366025865
66,n03929660/ILSVRC2012_val_00012300_n03929660,target_1dB,1,CL,A2_fixed,logp_true_k10,-7.632427382282913
67,n03950228/ILSVRC2012_val_00019039_n03950228,target_1dB,1,CL,A2_fixed,logp_true_k10,-6.773672365273039
68,n03977966/ILSVRC2012_val_00027383_n03977966,target_1dB,1,CL,A2_fixed,logp_true_k10,-5.932036528984706
69,n03983396/ILSVRC2012_val_00012891_n03983396,target_1dB,1,CL,A2_fixed,logp_true_k10,-6.161075046984479
70,n04044716/ILSVRC2012_val_00039752_n04044716,target_1dB,1,CL,A2_fixed,logp_true_k10,-7.465953767920534
71,n04067472/ILSVRC2012_val_00007618_n04067472,target_1dB,1,CL,A2_fixed,logp_true_k10,-5.438971496342371
72,n04111531/ILSVRC2012_val_00013982_n04111531,target_1dB,1,CL,A2_fixed,logp_true_k10,-6.232246328145266
73,n04131690/ILSVRC2012_val_00002728_n04131690,target_1dB,1,CL,A2_fixed,logp_true_k10,-6.988461780982713
74,n04153751/ILSVRC2012_val_00008426_n04153751,target_1dB,1,CL,A2_fixed,logp_true_k10,-7.886926922326286
75,n04204347/ILSVRC2012_val_00018921_n04204347,target_1dB,1,CL,A2_fixed,logp_true_k10,-7.459942411941786
76,n04235860/ILSVRC2012_val_00004033_n04235860,target_1dB,1,CL,A2_fixed,logp_true_k10,-5.722427804643909
77,n04252077/ILSVRC2012_val_00012989_n04252077,target_1dB,1,CL,A2_fixed,logp_true_k10,-5.860619579597066
78,n04310018/ILSVRC2012_val_00003156_n04310018,target_1dB,1,CL,A2_fixed,logp_true_k10,-5.592555117948602
79,n04328186/ILSVRC2012_val_00014795_n04328186,target_1dB,1,CL,A2_fixed,logp_true_k10,-7.287344668991864
80,n04346328/ILSVRC2012_val_00003305_n04346328,target_1dB,1,CL,A2_fixed,logp_true_k10,-5.789796152773003
81,n04357314/ILSVRC2012_val_00009430_n04357314,target_1dB,1,CL,A2_fixed,logp_true_k10,-6.178270587076743
82,n04371774/ILSVRC2012_val_00030870_n04371774,target_1dB,1,CL,A2_fixed,logp_true_k10,-6.078479643600683
83,n04392985/ILSVRC2012_val_00029362_n04392985,target_1dB,1,CL,A2_fixed,logp_true_k10,-6.332160231036444
84,n04456115/ILSVRC2012_val_00002331_n04456115,target_1dB,1,CL,A2_fixed,logp_true_k10,-6.180953941773623
85,n04485082/ILSVRC2012_val_00000955_n04485082,target_1dB,1,CL,A2_fixed,logp_true_k10,-5.8697564594137175
86,n04515003/ILSVRC2012_val_00002400_n04515003,target_1dB,1,CL,A2_fixed,logp_true_k10,-6.5425436630224185
87,n04540053/ILSVRC2012_val_00007665_n04540053,target_1dB,1,CL,A2_fixed,logp_true_k10,-5.883367677529653
88,n04560804/ILSVRC2012_val_00029830_n04560804,target_1dB,1,CL,A2_fixed,logp_true_k10,-5.195367100803803
89,n04596742/ILSVRC2012_val_00007608_n04596742,target_1dB,1,CL,A2_fixed,logp_true_k10,-6.136715789791197
90,n07583066/ILSVRC2012_val_00001378_n07583066,target_1dB,1,CL,A2_fixed,logp_true_k10,-5.721781602750222
91,n07590611/ILSVRC2012_val_00030972_n07590611,target_1dB,1,CL,A2_fixed,logp_true_k10,-5.088060434752454
92,n07714990/ILSVRC2012_val_00008416_n07714990,target_1dB,1,CL,A2_fixed,logp_true_k10,-5.982120491874714
93,n07716906/ILSVRC2012_val_00011140_n07716906,target_1dB,1,CL,A2_fixed,logp_true_k10,-6.419561513699591
94,n07720875/ILSVRC2012_val_00000423_n07720875,target_1dB,1,CL,A2_fixed,logp_true_k10,-6.746575558868547
95,n07860988/ILSVRC2012_val_00010848_n07860988,target_1dB,1,CL,A2_fixed,logp_true_k10,-5.665807993927349
96,n09288635/ILSVRC2012_val_00001270_n09288635,target_1dB,1,CL,A2_fixed,logp_true_k10,-6.73762768941621
97,n09468604/ILSVRC2012_val_00030741_n09468604,target_1dB,1,CL,A2_fixed,logp_true_k10,-6.0445419472331805
98,n11939491/ILSVRC2012_val_00034896_n11939491,target_1dB,1,CL,A2_fixed,logp_true_k10,-5.766640545024226
99,n15075141/ILSVRC2012_val_00005846_n15075141,target_1dB,1,CL,A2_fixed,logp_true_k10,-6.126313180973132
0,n01440764/ILSVRC2012_val_00003014_n01440764,target_1dB,1,CL,A2_fixed,entropy_k10,6.577202155149638
1,n01601694/ILSVRC2012_val_00021656_n01601694,target_1dB,1,CL,A2_fixed,entropy_k10,7.126181736807898
2,n01664065/ILSVRC2012_val_00014316_n01664065,target_1dB,1,CL,A2_fixed,entropy_k10,6.61092404604874
3,n01689811/ILSVRC2012_val_00020598_n01689811,target_1dB,1,CL,A2_fixed,entropy_k10,6.697050315946627
4,n01735189/ILSVRC2012_val_00006699_n01735189,target_1dB,1,CL,A2_fixed,entropy_k10,6.916559024100773
5,n01744401/ILSVRC2012_val_00032663_n01744401,target_1dB,1,CL,A2_fixed,entropy_k10,7.256758483867746
6,n01751748/ILSVRC2012_val_00033157_n01751748,target_1dB,1,CL,A2_fixed,entropy_k10,7.143279213377226
7,n01775062/ILSVRC2012_val_00036589_n01775062,target_1dB,1,CL,A2_fixed,entropy_k10,6.6188810135318725
8,n01843383/ILSVRC2012_val_00005901_n01843383,target_1dB,1,CL,A2_fixed,entropy_k10,6.497831609798666
9,n01860187/ILSVRC2012_val_00021594_n01860187,target_1dB,1,CL,A2_fixed,entropy_k10,6.7705100357324355
10,n01882714/ILSVRC2012_val_00019996_n01882714,target_1dB,1,CL,A2_fixed,entropy_k10,6.89422646589671
11,n01943899/ILSVRC2012_val_00005706_n01943899,target_1dB,1,CL,A2_fixed,entropy_k10,7.010591104950032
12,n01955084/ILSVRC2012_val_00001857_n01955084,target_1dB,1,CL,A2_fixed,entropy_k10,6.759367218361483
13,n01983481/ILSVRC2012_val_00019856_n01983481,target_1dB,1,CL,A2_fixed,entropy_k10,6.671670778167557
14,n02013706/ILSVRC2012_val_00003168_n02013706,target_1dB,1,CL,A2_fixed,entropy_k10,6.688359576272059
15,n02027492/ILSVRC2012_val_00007524_n02027492,target_1dB,1,CL,A2_fixed,entropy_k10,7.037246812001412
16,n02088094/ILSVRC2012_val_00005507_n02088094,target_1dB,1,CL,A2_fixed,entropy_k10,6.847567104363354
17,n02090622/ILSVRC2012_val_00006265_n02090622,target_1dB,1,CL,A2_fixed,entropy_k10,6.851433832446884
18,n02096177/ILSVRC2012_val_00019083_n02096177,target_1dB,1,CL,A2_fixed,entropy_k10,7.101503258978998
19,n02098286/ILSVRC2012_val_00038253_n02098286,target_1dB,1,CL,A2_fixed,entropy_k10,7.146410793553112
20,n02102480/ILSVRC2012_val_00010261_n02102480,target_1dB,1,CL,A2_fixed,entropy_k10,7.218321523885744
21,n02105641/ILSVRC2012_val_00018762_n02105641,target_1dB,1,CL,A2_fixed,entropy_k10,6.834430404964497
22,n02106550/ILSVRC2012_val_00014315_n02106550,target_1dB,1,CL,A2_fixed,entropy_k10,6.715563948992994
23,n02107683/ILSVRC2012_val_00010786_n02107683,target_1dB,1,CL,A2_fixed,entropy_k10,7.122583733377915
24,n02110806/ILSVRC2012_val_00030364_n02110806,target_1dB,1,CL,A2_fixed,entropy_k10,6.663463213809663
25,n02113799/ILSVRC2012_val_00007866_n02113799,target_1dB,1,CL,A2_fixed,entropy_k10,6.969053167987039
26,n02123159/ILSVRC2012_val_00025723_n02123159,target_1dB,1,CL,A2_fixed,entropy_k10,6.711401979233327
27,n02134084/ILSVRC2012_val_00020332_n02134084,target_1dB,1,CL,A2_fixed,entropy_k10,7.084040647840941
28,n02168699/ILSVRC2012_val_00040132_n02168699,target_1dB,1,CL,A2_fixed,entropy_k10,7.128477359426729
29,n02233338/ILSVRC2012_val_00016160_n02233338,target_1dB,1,CL,A2_fixed,entropy_k10,6.863715153806919
30,n02264363/ILSVRC2012_val_00027803_n02264363,target_1dB,1,CL,A2_fixed,entropy_k10,7.284719665553122
31,n02277742/ILSVRC2012_val_00015608_n02277742,target_1dB,1,CL,A2_fixed,entropy_k10,6.677573410379199
32,n02325366/ILSVRC2012_val_00024858_n02325366,target_1dB,1,CL,A2_fixed,entropy_k10,6.573010548707323
33,n02398521/ILSVRC2012_val_00018354_n02398521,target_1dB,1,CL,A2_fixed,entropy_k10,6.9530693662514835
34,n02410509/ILSVRC2012_val_00022568_n02410509,target_1dB,1,CL,A2_fixed,entropy_k10,7.131823111241808
35,n02437312/ILSVRC2012_val_00006245_n02437312,target_1dB,1,CL,A2_fixed,entropy_k10,6.8124525765533095
36,n02486410/ILSVRC2012_val_00009799_n02486410,target_1dB,1,CL,A2_fixed,entropy_k10,7.039476413100338
37,n02509815/ILSVRC2012_val_00014423_n02509815,target_1dB,1,CL,A2_fixed,entropy_k10,7.051216803657508
38,n02708093/ILSVRC2012_val_00024690_n02708093,target_1dB,1,CL,A2_fixed,entropy_k10,7.117897959720479
39,n02776631/ILSVRC2012_val_00028186_n02776631,target_1dB,1,CL,A2_fixed,entropy_k10,6.854954636511889
40,n02788148/ILSVRC2012_val_00012264_n02788148,target_1dB,1,CL,A2_fixed,entropy_k10,7.029033972368431
41,n02834397/ILSVRC2012_val_00010741_n02834397,target_1dB,1,CL,A2_fixed,entropy_k10,7.204129033269301
42,n02841315/ILSVRC2012_val_00014601_n02841315,target_1dB,1,CL,A2_fixed,entropy_k10,6.995609999760632
43,n02910353/ILSVRC2012_val_00017543_n02910353,target_1dB,1,CL,A2_fixed,entropy_k10,6.915141566240344
44,n02951585/ILSVRC2012_val_00008336_n02951585,target_1dB,1,CL,A2_fixed,entropy_k10,7.144175288058922
45,n02980441/ILSVRC2012_val_00023472_n02980441,target_1dB,1,CL,A2_fixed,entropy_k10,7.075366468624494
46,n03028079/ILSVRC2012_val_00031446_n03028079,target_1dB,1,CL,A2_fixed,entropy_k10,7.007465079777821
47,n03109150/ILSVRC2012_val_00032588_n03109150,target_1dB,1,CL,A2_fixed,entropy_k10,7.182713069975883
48,n03127747/ILSVRC2012_val_00003732_n03127747,target_1dB,1,CL,A2_fixed,entropy_k10,6.94368067407509
49,n03220513/ILSVRC2012_val_00006359_n03220513,target_1dB,1,CL,A2_fixed,entropy_k10,7.0859601968480455
50,n03372029/ILSVRC2012_val_00034937_n03372029,target_1dB,1,CL,A2_fixed,entropy_k10,6.861073178475258
51,n03388549/ILSVRC2012_val_00022928_n03388549,target_1dB,1,CL,A2_fixed,entropy_k10,6.9576933116502735
52,n03424325/ILSVRC2012_val_00006147_n03424325,target_1dB,1,CL,A2_fixed,entropy_k10,6.904735464256305
53,n03447721/ILSVRC2012_val_00006942_n03447721,target_1dB,1,CL,A2_fixed,entropy_k10,6.529173037515947
54,n03485794/ILSVRC2012_val_00010782_n03485794,target_1dB,1,CL,A2_fixed,entropy_k10,7.111070669497548
55,n03527444/ILSVRC2012_val_00035251_n03527444,target_1dB,1,CL,A2_fixed,entropy_k10,6.964378235163573
56,n03584254/ILSVRC2012_val_00016384_n03584254,target_1dB,1,CL,A2_fixed,entropy_k10,7.4641540182363215
57,n03623198/ILSVRC2012_val_00019928_n03623198,target_1dB,1,CL,A2_fixed,entropy_k10,7.393813087958957
58,n03657121/ILSVRC2012_val_00000359_n03657121,target_1dB,1,CL,A2_fixed,entropy_k10,7.412289629588848
59,n03706229/ILSVRC2012_val_00017460_n03706229,target_1dB,1,CL,A2_fixed,entropy_k10,7.3284042459155385
60,n03759954/ILSVRC2012_val_00010804_n03759954,target_1dB,1,CL,A2_fixed,entropy_k10,6.250455211421547
61,n03775071/ILSVRC2012_val_00002420_n03775071,target_1dB,1,CL,A2_fixed,entropy_k10,7.302855477747243
62,n03782006/ILSVRC2012_val_00004758_n03782006,target_1dB,1,CL,A2_fixed,entropy_k10,7.143444030169576
63,n03796401/ILSVRC2012_val_00025827_n03796401,target_1dB,1,CL,A2_fixed,entropy_k10,6.9646664504992515
64,n03866082/ILSVRC2012_val_00003554_n03866082,target_1dB,1,CL,A2_fixed,entropy_k10,6.9393769637841745
65,n03876231/ILSVRC2012_val_00022714_n03876231,target_1dB,1,CL,A2_fixed,entropy_k10,7.206028156483377
66,n03929660/ILSVRC2012_val_00012300_n03929660,target_1dB,1,CL,A2_fixed,entropy_k10,7.345132520538182
67,n03950228/ILSVRC2012_val_00019039_n03950228,target_1dB,1,CL,A2_fixed,entropy_k10,7.174213660939039
68,n03977966/ILSVRC2012_val_00027383_n03977966,target_1dB,1,CL,A2_fixed,entropy_k10,6.827691462976515
69,n03983396/ILSVRC2012_val_00012891_n03983396,target_1dB,1,CL,A2_fixed,entropy_k10,6.975077836342663
70,n04044716/ILSVRC2012_val_00039752_n04044716,target_1dB,1,CL,A2_fixed,entropy_k10,7.341555265151057
71,n04067472/ILSVRC2012_val_00007618_n04067472,target_1dB,1,CL,A2_fixed,entropy_k10,6.660096612020895
72,n04111531/ILSVRC2012_val_00013982_n04111531,target_1dB,1,CL,A2_fixed,entropy_k10,7.014050882151935
73,n04131690/ILSVRC2012_val_00002728_n04131690,target_1dB,1,CL,A2_fixed,entropy_k10,7.194276951939934
74,n04153751/ILSVRC2012_val_00008426_n04153751,target_1dB,1,CL,A2_fixed,entropy_k10,7.396116101792939
75,n04204347/ILSVRC2012_val_00018921_n04204347,target_1dB,1,CL,A2_fixed,entropy_k10,7.207284051329211
76,n04235860/ILSVRC2012_val_00004033_n04235860,target_1dB,1,CL,A2_fixed,entropy_k10,6.842781784306877
77,n04252077/ILSVRC2012_val_00012989_n04252077,target_1dB,1,CL,A2_fixed,entropy_k10,6.825048531000757
78,n04310018/ILSVRC2012_val_00003156_n04310018,target_1dB,1,CL,A2_fixed,entropy_k10,6.7329231295456395
79,n04328186/ILSVRC2012_val_00014795_n04328186,target_1dB,1,CL,A2_fixed,entropy_k10,7.241440480637968
80,n04346328/ILSVRC2012_val_00003305_n04346328,target_1dB,1,CL,A2_fixed,entropy_k10,6.846068193788803
81,n04357314/ILSVRC2012_val_00009430_n04357314,target_1dB,1,CL,A2_fixed,entropy_k10,6.953705383346468
82,n04371774/ILSVRC2012_val_00030870_n04371774,target_1dB,1,CL,A2_fixed,entropy_k10,6.9385786398441285
83,n04392985/ILSVRC2012_val_00029362_n04392985,target_1dB,1,CL,A2_fixed,entropy_k10,7.019108276031337
84,n04456115/ILSVRC2012_val_00002331_n04456115,target_1dB,1,CL,A2_fixed,entropy_k10,6.846518078809507
85,n04485082/ILSVRC2012_val_00000955_n04485082,target_1dB,1,CL,A2_fixed,entropy_k10,6.863890052420125
86,n04515003/ILSVRC2012_val_00002400_n04515003,target_1dB,1,CL,A2_fixed,entropy_k10,7.108863779695313
87,n04540053/ILSVRC2012_val_00007665_n04540053,target_1dB,1,CL,A2_fixed,entropy_k10,6.799436787609468
88,n04560804/ILSVRC2012_val_00029830_n04560804,target_1dB,1,CL,A2_fixed,entropy_k10,6.526774797020988
89,n04596742/ILSVRC2012_val_00007608_n04596742,target_1dB,1,CL,A2_fixed,entropy_k10,6.900710902295573
90,n07583066/ILSVRC2012_val_00001378_n07583066,target_1dB,1,CL,A2_fixed,entropy_k10,6.7940788438683795
91,n07590611/ILSVRC2012_val_00030972_n07590611,target_1dB,1,CL,A2_fixed,entropy_k10,6.495551050580193
92,n07714990/ILSVRC2012_val_00008416_n07714990,target_1dB,1,CL,A2_fixed,entropy_k10,6.904214367232236
93,n07716906/ILSVRC2012_val_00011140_n07716906,target_1dB,1,CL,A2_fixed,entropy_k10,7.115486324246947
94,n07720875/ILSVRC2012_val_00000423_n07720875,target_1dB,1,CL,A2_fixed,entropy_k10,7.122178441552904
95,n07860988/ILSVRC2012_val_00010848_n07860988,target_1dB,1,CL,A2_fixed,entropy_k10,6.794452032097677
96,n09288635/ILSVRC2012_val_00001270_n09288635,target_1dB,1,CL,A2_fixed,entropy_k10,7.164985435338459
97,n09468604/ILSVRC2012_val_00030741_n09468604,target_1dB,1,CL,A2_fixed,entropy_k10,6.965373416507131
98,n11939491/ILSVRC2012_val_00034896_n11939491,target_1dB,1,CL,A2_fixed,entropy_k10,6.861624067175289
99,n15075141/ILSVRC2012_val_00005846_n15075141,target_1dB,1,CL,A2_fixed,entropy_k10,6.893680951481815
0,n01440764/ILSVRC2012_val_00003014_n01440764,target_1dB,1,CL,A2_fixed,path_accuracy_k10,0.09895833333333333
1,n01601694/ILSVRC2012_val_00021656_n01601694,target_1dB,1,CL,A2_fixed,path_accuracy_k10,0.033854166666666664
2,n01664065/ILSVRC2012_val_00014316_n01664065,target_1dB,1,CL,A2_fixed,path_accuracy_k10,0.09244791666666667
3,n01689811/ILSVRC2012_val_00020598_n01689811,target_1dB,1,CL,A2_fixed,path_accuracy_k10,0.09244791666666667
4,n01735189/ILSVRC2012_val_00006699_n01735189,target_1dB,1,CL,A2_fixed,path_accuracy_k10,0.057291666666666664
5,n01744401/ILSVRC2012_val_00032663_n01744401,target_1dB,1,CL,A2_fixed,path_accuracy_k10,0.03125
6,n01751748/ILSVRC2012_val_00033157_n01751748,target_1dB,1,CL,A2_fixed,path_accuracy_k10,0.01953125
7,n01775062/ILSVRC2012_val_00036589_n01775062,target_1dB,1,CL,A2_fixed,path_accuracy_k10,0.09375
8,n01843383/ILSVRC2012_val_00005901_n01843383,target_1dB,1,CL,A2_fixed,path_accuracy_k10,0.10807291666666667
9,n01860187/ILSVRC2012_val_00021594_n01860187,target_1dB,1,CL,A2_fixed,path_accuracy_k10,0.09375
10,n01882714/ILSVRC2012_val_00019996_n01882714,target_1dB,1,CL,A2_fixed,path_accuracy_k10,0.061197916666666664
11,n01943899/ILSVRC2012_val_00005706_n01943899,target_1dB,1,CL,A2_fixed,path_accuracy_k10,0.05859375
12,n01955084/ILSVRC2012_val_00001857_n01955084,target_1dB,1,CL,A2_fixed,path_accuracy_k10,0.06380208333333333
13,n01983481/ILSVRC2012_val_00019856_n01983481,target_1dB,1,CL,A2_fixed,path_accuracy_k10,0.09244791666666667
14,n02013706/ILSVRC2012_val_00003168_n02013706,target_1dB,1,CL,A2_fixed,path_accuracy_k10,0.10286458333333333
15,n02027492/ILSVRC2012_val_00007524_n02027492,target_1dB,1,CL,A2_fixed,path_accuracy_k10,0.0390625
16,n02088094/ILSVRC2012_val_00005507_n02088094,target_1dB,1,CL,A2_fixed,path_accuracy_k10,0.06901041666666667
17,n02090622/ILSVRC2012_val_00006265_n02090622,target_1dB,1,CL,A2_fixed,path_accuracy_k10,0.07552083333333333
18,n02096177/ILSVRC2012_val_00019083_n02096177,target_1dB,1,CL,A2_fixed,path_accuracy_k10,0.040364583333333336
19,n02098286/ILSVRC2012_val_00038253_n02098286,target_1dB,1,CL,A2_fixed,path_accuracy_k10,0.02734375
20,n02102480/ILSVRC2012_val_00010261_n02102480,target_1dB,1,CL,A2_fixed,path_accuracy_k10,0.01953125
21,n02105641/ILSVRC2012_val_00018762_n02105641,target_1dB,1,CL,A2_fixed,path_accuracy_k10,0.09114583333333333
22,n02106550/ILSVRC2012_val_00014315_n02106550,target_1dB,1,CL,A2_fixed,path_accuracy_k10,0.09375
23,n02107683/ILSVRC2012_val_00010786_n02107683,target_1dB,1,CL,A2_fixed,path_accuracy_k10,0.024739583333333332
24,n02110806/ILSVRC2012_val_00030364_n02110806,target_1dB,1,CL,A2_fixed,path_accuracy_k10,0.08203125
25,n02113799/ILSVRC2012_val_00007866_n02113799,target_1dB,1,CL,A2_fixed,path_accuracy_k10,0.040364583333333336
26,n02123159/ILSVRC2012_val_00025723_n02123159,target_1dB,1,CL,A2_fixed,path_accuracy_k10,0.08984375
27,n02134084/ILSVRC2012_val_00020332_n02134084,target_1dB,1,CL,A2_fixed,path_accuracy_k10,0.037760416666666664
28,n02168699/ILSVRC2012_val_00040132_n02168699,target_1dB,1,CL,A2_fixed,path_accuracy_k10,0.024739583333333332
29,n02233338/ILSVRC2012_val_00016160_n02233338,target_1dB,1,CL,A2_fixed,path_accuracy_k10,0.055989583333333336
30,n02264363/ILSVRC2012_val_00027803_n02264363,target_1dB,1,CL,A2_fixed,path_accuracy_k10,0.013020833333333334
31,n02277742/ILSVRC2012_val_00015608_n02277742,target_1dB,1,CL,A2_fixed,path_accuracy_k10,0.08854166666666667
32,n02325366/ILSVRC2012_val_00024858_n02325366,target_1dB,1,CL,A2_fixed,path_accuracy_k10,0.09635416666666667
33,n02398521/ILSVRC2012_val_00018354_n02398521,target_1dB,1,CL,A2_fixed,path_accuracy_k10,0.045572916666666664
34,n02410509/ILSVRC2012_val_00022568_n02410509,target_1dB,1,CL,A2_fixed,path_accuracy_k10,0.0234375
35,n02437312/ILSVRC2012_val_00006245_n02437312,target_1dB,1,CL,A2_fixed,path_accuracy_k10,0.055989583333333336
36,n02486410/ILSVRC2012_val_00009799_n02486410,target_1dB,1,CL,A2_fixed,path_accuracy_k10,0.046875
37,n02509815/ILSVRC2012_val_00014423_n02509815,target_1dB,1,CL,A2_fixed,path_accuracy_k10,0.041666666666666664
38,n02708093/ILSVRC2012_val_00024690_n02708093,target_1dB,1,CL,A2_fixed,path_accuracy_k10,0.033854166666666664
39,n02776631/ILSVRC2012_val_00028186_n02776631,target_1dB,1,CL,A2_fixed,path_accuracy_k10,0.06770833333333333
40,n02788148/ILSVRC2012_val_00012264_n02788148,target_1dB,1,CL,A2_fixed,path_accuracy_k10,0.046875
41,n02834397/ILSVRC2012_val_00010741_n02834397,target_1dB,1,CL,A2_fixed,path_accuracy_k10,0.020833333333333332
42,n02841315/ILSVRC2012_val_00014601_n02841315,target_1dB,1,CL,A2_fixed,path_accuracy_k10,0.0390625
43,n02910353/ILSVRC2012_val_00017543_n02910353,target_1dB,1,CL,A2_fixed,path_accuracy_k10,0.0625
44,n02951585/ILSVRC2012_val_00008336_n02951585,target_1dB,1,CL,A2_fixed,path_accuracy_k10,0.024739583333333332
45,n02980441/ILSVRC2012_val_00023472_n02980441,target_1dB,1,CL,A2_fixed,path_accuracy_k10,0.036458333333333336
46,n03028079/ILSVRC2012_val_00031446_n03028079,target_1dB,1,CL,A2_fixed,path_accuracy_k10,0.05078125
47,n03109150/ILSVRC2012_val_00032588_n03109150,target_1dB,1,CL,A2_fixed,path_accuracy_k10,0.022135416666666668
48,n03127747/ILSVRC2012_val_00003732_n03127747,target_1dB,1,CL,A2_fixed,path_accuracy_k10,0.048177083333333336
49,n03220513/ILSVRC2012_val_00006359_n03220513,target_1dB,1,CL,A2_fixed,path_accuracy_k10,0.03515625
50,n03372029/ILSVRC2012_val_00034937_n03372029,target_1dB,1,CL,A2_fixed,path_accuracy_k10,0.07161458333333333
51,n03388549/ILSVRC2012_val_00022928_n03388549,target_1dB,1,CL,A2_fixed,path_accuracy_k10,0.0546875
52,n03424325/ILSVRC2012_val_00006147_n03424325,target_1dB,1,CL,A2_fixed,path_accuracy_k10,0.0625
53,n03447721/ILSVRC2012_val_00006942_n03447721,target_1dB,1,CL,A2_fixed,path_accuracy_k10,0.09895833333333333
54,n03485794/ILSVRC2012_val_00010782_n03485794,target_1dB,1,CL,A2_fixed,path_accuracy_k10,0.028645833333333332
55,n03527444/ILSVRC2012_val_00035251_n03527444,target_1dB,1,CL,A2_fixed,path_accuracy_k10,0.052083333333333336
56,n03584254/ILSVRC2012_val_00016384_n03584254,target_1dB,1,CL,A2_fixed,path_accuracy_k10,0.0
57,n03623198/ILSVRC2012_val_00019928_n03623198,target_1dB,1,CL,A2_fixed,path_accuracy_k10,0.006510416666666667
58,n03657121/ILSVRC2012_val_00000359_n03657121,target_1dB,1,CL,A2_fixed,path_accuracy_k10,0.0026041666666666665
59,n03706229/ILSVRC2012_val_00017460_n03706229,target_1dB,1,CL,A2_fixed,path_accuracy_k10,0.0078125
60,n03759954/ILSVRC2012_val_00010804_n03759954,target_1dB,1,CL,A2_fixed,path_accuracy_k10,0.16536458333333334
61,n03775071/ILSVRC2012_val_00002420_n03775071,target_1dB,1,CL,A2_fixed,path_accuracy_k10,0.016927083333333332
62,n03782006/ILSVRC2012_val_00004758_n03782006,target_1dB,1,CL,A2_fixed,path_accuracy_k10,0.024739583333333332
63,n03796401/ILSVRC2012_val_00025827_n03796401,target_1dB,1,CL,A2_fixed,path_accuracy_k10,0.048177083333333336
64,n03866082/ILSVRC2012_val_00003554_n03866082,target_1dB,1,CL,A2_fixed,path_accuracy_k10,0.05078125
65,n03876231/ILSVRC2012_val_00022714_n03876231,target_1dB,1,CL,A2_fixed,path_accuracy_k10,0.0234375
66,n03929660/ILSVRC2012_val_00012300_n03929660,target_1dB,1,CL,A2_fixed,path_accuracy_k10,0.0026041666666666665
67,n03950228/ILSVRC2012_val_00019039_n03950228,target_1dB,1,CL,A2_fixed,path_accuracy_k10,0.033854166666666664
68,n03977966/ILSVRC2012_val_00027383_n03977966,target_1dB,1,CL,A2_fixed,path_accuracy_k10,0.06510416666666667
69,n03983396/ILSVRC2012_val_00012891_n03983396,target_1dB,1,CL,A2_fixed,path_accuracy_k10,0.048177083333333336
70,n04044716/ILSVRC2012_val_00039752_n04044716,target_1dB,1,CL,A2_fixed,path_accuracy_k10,0.0026041666666666665
71,n04067472/ILSVRC2012_val_00007618_n04067472,target_1dB,1,CL,A2_fixed,path_accuracy_k10,0.1015625
72,n04111531/ILSVRC2012_val_00013982_n04111531,target_1dB,1,CL,A2_fixed,path_accuracy_k10,0.05078125
73,n04131690/ILSVRC2012_val_00002728_n04131690,target_1dB,1,CL,A2_fixed,path_accuracy_k10,0.020833333333333332
74,n04153751/ILSVRC2012_val_00008426_n04153751,target_1dB,1,CL,A2_fixed,path_accuracy_k10,0.0013020833333333333
75,n04204347/ILSVRC2012_val_00018921_n04204347,target_1dB,1,CL,A2_fixed,path_accuracy_k10,0.020833333333333332
76,n04235860/ILSVRC2012_val_00004033_n04235860,target_1dB,1,CL,A2_fixed,path_accuracy_k10,0.061197916666666664
77,n04252077/ILSVRC2012_val_00012989_n04252077,target_1dB,1,CL,A2_fixed,path_accuracy_k10,0.06901041666666667
78,n04310018/ILSVRC2012_val_00003156_n04310018,target_1dB,1,CL,A2_fixed,path_accuracy_k10,0.07552083333333333
79,n04328186/ILSVRC2012_val_00014795_n04328186,target_1dB,1,CL,A2_fixed,path_accuracy_k10,0.01953125
80,n04346328/ILSVRC2012_val_00003305_n04346328,target_1dB,1,CL,A2_fixed,path_accuracy_k10,0.06640625
81,n04357314/ILSVRC2012_val_00009430_n04357314,target_1dB,1,CL,A2_fixed,path_accuracy_k10,0.03515625
82,n04371774/ILSVRC2012_val_00030870_n04371774,target_1dB,1,CL,A2_fixed,path_accuracy_k10,0.048177083333333336
83,n04392985/ILSVRC2012_val_00029362_n04392985,target_1dB,1,CL,A2_fixed,path_accuracy_k10,0.041666666666666664
84,n04456115/ILSVRC2012_val_00002331_n04456115,target_1dB,1,CL,A2_fixed,path_accuracy_k10,0.06770833333333333
85,n04485082/ILSVRC2012_val_00000955_n04485082,target_1dB,1,CL,A2_fixed,path_accuracy_k10,0.059895833333333336
86,n04515003/ILSVRC2012_val_00002400_n04515003,target_1dB,1,CL,A2_fixed,path_accuracy_k10,0.01953125
87,n04540053/ILSVRC2012_val_00007665_n04540053,target_1dB,1,CL,A2_fixed,path_accuracy_k10,0.07552083333333333
88,n04560804/ILSVRC2012_val_00029830_n04560804,target_1dB,1,CL,A2_fixed,path_accuracy_k10,0.10546875
89,n04596742/ILSVRC2012_val_00007608_n04596742,target_1dB,1,CL,A2_fixed,path_accuracy_k10,0.040364583333333336
90,n07583066/ILSVRC2012_val_00001378_n07583066,target_1dB,1,CL,A2_fixed,path_accuracy_k10,0.07552083333333333
91,n07590611/ILSVRC2012_val_00030972_n07590611,target_1dB,1,CL,A2_fixed,path_accuracy_k10,0.13020833333333334
92,n07714990/ILSVRC2012_val_00008416_n07714990,target_1dB,1,CL,A2_fixed,path_accuracy_k10,0.0546875
93,n07716906/ILSVRC2012_val_00011140_n07716906,target_1dB,1,CL,A2_fixed,path_accuracy_k10,0.03125
94,n07720875/ILSVRC2012_val_00000423_n07720875,target_1dB,1,CL,A2_fixed,path_accuracy_k10,0.036458333333333336
95,n07860988/ILSVRC2012_val_00010848_n07860988,target_1dB,1,CL,A2_fixed,path_accuracy_k10,0.06640625
96,n09288635/ILSVRC2012_val_00001270_n09288635,target_1dB,1,CL,A2_fixed,path_accuracy_k10,0.028645833333333332
97,n09468604/ILSVRC2012_val_00030741_n09468604,target_1dB,1,CL,A2_fixed,path_accuracy_k10,0.04296875
98,n11939491/ILSVRC2012_val_00034896_n11939491,target_1dB,1,CL,A2_fixed,path_accuracy_k10,0.06510416666666667
99,n15075141/ILSVRC2012_val_00005846_n15075141,target_1dB,1,CL,A2_fixed,path_accuracy_k10,0.06901041666666667
