method,source_id,preprocessing_id,snr_db,noise_seed,run_id,context_sha256,N,N_header,N_data,N_continuous,E,header_ok,body_crc_ok,source_payload_bits,header_information_bits,header_crc_bits,header_tail_bits,header_mother_bits,header_coded_slots,body_crc_bits,body_tail_bits,body_mother_bits,body_coded_slots,bit_fields_basis,E_basis
P4084_N4084_seed2026092404,n02398521/ILSVRC2012_val_00018354_n02398521,52f645427565641f0c2186bc45125f58be9c5ef2aada5442f0d1310afbbaa6e6,4,2003,SHORT-PREFIX-20260923-priority-selected-v1,59b70217b3081ced610b38538606e94fd7e1d1b33cd56b152ca98eace465118b,4084,0,0,4084,8168.000274763022,not_applicable,not_applicable,not_applicable,0,0,0,0,0,0,0,0,0,"derived from frozen fixed-mode PHY, not decoded TX truth",actual online waveform measurement
P4084_N4084_seed2026092404,n02398521/ILSVRC2012_val_00018354_n02398521,52f645427565641f0c2186bc45125f58be9c5ef2aada5442f0d1310afbbaa6e6,7,2001,SHORT-PREFIX-20260923-priority-selected-v1,59b70217b3081ced610b38538606e94fd7e1d1b33cd56b152ca98eace465118b,4084,0,0,4084,8168.000274763022,not_applicable,not_applicable,not_applicable,0,0,0,0,0,0,0,0,0,"derived from frozen fixed-mode PHY, not decoded TX truth",actual online waveform measurement
P4084_N4084_seed2026092404,n02398521/ILSVRC2012_val_00018354_n02398521,52f645427565641f0c2186bc45125f58be9c5ef2aada5442f0d1310afbbaa6e6,7,2002,SHORT-PREFIX-20260923-priority-selected-v1,59b70217b3081ced610b38538606e94fd7e1d1b33cd56b152ca98eace465118b,4084,0,0,4084,8168.000274763022,not_applicable,not_applicable,not_applicable,0,0,0,0,0,0,0,0,0,"derived from frozen fixed-mode PHY, not decoded TX truth",actual online waveform measurement
P4084_N4084_seed2026092404,n02398521/ILSVRC2012_val_00018354_n02398521,52f645427565641f0c2186bc45125f58be9c5ef2aada5442f0d1310afbbaa6e6,7,2003,SHORT-PREFIX-20260923-priority-selected-v1,59b70217b3081ced610b38538606e94fd7e1d1b33cd56b152ca98eace465118b,4084,0,0,4084,8168.000274763022,not_applicable,not_applicable,not_applicable,0,0,0,0,0,0,0,0,0,"derived from frozen fixed-mode PHY, not decoded TX truth",actual online waveform measurement
P4084_N4084_seed2026092404,n02398521/ILSVRC2012_val_00018354_n02398521,52f645427565641f0c2186bc45125f58be9c5ef2aada5442f0d1310afbbaa6e6,13,2001,SHORT-PREFIX-20260923-priority-selected-v1,59b70217b3081ced610b38538606e94fd7e1d1b33cd56b152ca98eace465118b,4084,0,0,4084,8168.000274763022,not_applicable,not_applicable,not_applicable,0,0,0,0,0,0,0,0,0,"derived from frozen fixed-mode PHY, not decoded TX truth",actual online waveform measurement
P4084_N4084_seed2026092404,n02398521/ILSVRC2012_val_00018354_n02398521,52f645427565641f0c2186bc45125f58be9c5ef2aada5442f0d1310afbbaa6e6,13,2002,SHORT-PREFIX-20260923-priority-selected-v1,59b70217b3081ced610b38538606e94fd7e1d1b33cd56b152ca98eace465118b,4084,0,0,4084,8168.000274763022,not_applicable,not_applicable,not_applicable,0,0,0,0,0,0,0,0,0,"derived from frozen fixed-mode PHY, not decoded TX truth",actual online waveform measurement
P4084_N4084_seed2026092404,n02398521/ILSVRC2012_val_00018354_n02398521,52f645427565641f0c2186bc45125f58be9c5ef2aada5442f0d1310afbbaa6e6,13,2003,SHORT-PREFIX-20260923-priority-selected-v1,59b70217b3081ced610b38538606e94fd7e1d1b33cd56b152ca98eace465118b,4084,0,0,4084,8168.000274763022,not_applicable,not_applicable,not_applicable,0,0,0,0,0,0,0,0,0,"derived from frozen fixed-mode PHY, not decoded TX truth",actual online waveform measurement
P4084_N4084_seed2026092404,n02398521/ILSVRC2012_val_00018354_n02398521,52f645427565641f0c2186bc45125f58be9c5ef2aada5442f0d1310afbbaa6e6,19,2001,SHORT-PREFIX-20260923-priority-selected-v1,59b70217b3081ced610b38538606e94fd7e1d1b33cd56b152ca98eace465118b,4084,0,0,4084,8168.000274763022,not_applicable,not_applicable,not_applicable,0,0,0,0,0,0,0,0,0,"derived from frozen fixed-mode PHY, not decoded TX truth",actual online waveform measurement
P4084_N4084_seed2026092404,n02398521/ILSVRC2012_val_00018354_n02398521,52f645427565641f0c2186bc45125f58be9c5ef2aada5442f0d1310afbbaa6e6,19,2002,SHORT-PREFIX-20260923-priority-selected-v1,59b70217b3081ced610b38538606e94fd7e1d1b33cd56b152ca98eace465118b,4084,0,0,4084,8168.000274763022,not_applicable,not_applicable,not_applicable,0,0,0,0,0,0,0,0,0,"derived from frozen fixed-mode PHY, not decoded TX truth",actual online waveform measurement
P4084_N4084_seed2026092404,n02398521/ILSVRC2012_val_00018354_n02398521,52f645427565641f0c2186bc45125f58be9c5ef2aada5442f0d1310afbbaa6e6,19,2003,SHORT-PREFIX-20260923-priority-selected-v1,59b70217b3081ced610b38538606e94fd7e1d1b33cd56b152ca98eace465118b,4084,0,0,4084,8168.000274763022,not_applicable,not_applicable,not_applicable,0,0,0,0,0,0,0,0,0,"derived from frozen fixed-mode PHY, not decoded TX truth",actual online waveform measurement
P4084_N4084_seed2026092404,n02410509/ILSVRC2012_val_00022568_n02410509,2b417ecf21402198f7fcd411e02b2f21634bf799800e8edf5ab4da19924a9fc4,1,2001,SHORT-PREFIX-20260923-priority-selected-v1,59b70217b3081ced610b38538606e94fd7e1d1b33cd56b152ca98eace465118b,4084,0,0,4084,8168.000767854773,not_applicable,not_applicable,not_applicable,0,0,0,0,0,0,0,0,0,"derived from frozen fixed-mode PHY, not decoded TX truth",actual online waveform measurement
P4084_N4084_seed2026092404,n02410509/ILSVRC2012_val_00022568_n02410509,2b417ecf21402198f7fcd411e02b2f21634bf799800e8edf5ab4da19924a9fc4,1,2002,SHORT-PREFIX-20260923-priority-selected-v1,59b70217b3081ced610b38538606e94fd7e1d1b33cd56b152ca98eace465118b,4084,0,0,4084,8168.000767854773,not_applicable,not_applicable,not_applicable,0,0,0,0,0,0,0,0,0,"derived from frozen fixed-mode PHY, not decoded TX truth",actual online waveform measurement
P4084_N4084_seed2026092404,n02410509/ILSVRC2012_val_00022568_n02410509,2b417ecf21402198f7fcd411e02b2f21634bf799800e8edf5ab4da19924a9fc4,1,2003,SHORT-PREFIX-20260923-priority-selected-v1,59b70217b3081ced610b38538606e94fd7e1d1b33cd56b152ca98eace465118b,4084,0,0,4084,8168.000767854773,not_applicable,not_applicable,not_applicable,0,0,0,0,0,0,0,0,0,"derived from frozen fixed-mode PHY, not decoded TX truth",actual online waveform measurement
P4084_N4084_seed2026092404,n02410509/ILSVRC2012_val_00022568_n02410509,2b417ecf21402198f7fcd411e02b2f21634bf799800e8edf5ab4da19924a9fc4,4,2001,SHORT-PREFIX-20260923-priority-selected-v1,59b70217b3081ced610b38538606e94fd7e1d1b33cd56b152ca98eace465118b,4084,0,0,4084,8168.000767854773,not_applicable,not_applicable,not_applicable,0,0,0,0,0,0,0,0,0,"derived from frozen fixed-mode PHY, not decoded TX truth",actual online waveform measurement
P4084_N4084_seed2026092404,n02410509/ILSVRC2012_val_00022568_n02410509,2b417ecf21402198f7fcd411e02b2f21634bf799800e8edf5ab4da19924a9fc4,4,2002,SHORT-PREFIX-20260923-priority-selected-v1,59b70217b3081ced610b38538606e94fd7e1d1b33cd56b152ca98eace465118b,4084,0,0,4084,8168.000767854773,not_applicable,not_applicable,not_applicable,0,0,0,0,0,0,0,0,0,"derived from frozen fixed-mode PHY, not decoded TX truth",actual online waveform measurement
P4084_N4084_seed2026092404,n02410509/ILSVRC2012_val_00022568_n02410509,2b417ecf21402198f7fcd411e02b2f21634bf799800e8edf5ab4da19924a9fc4,4,2003,SHORT-PREFIX-20260923-priority-selected-v1,59b70217b3081ced610b38538606e94fd7e1d1b33cd56b152ca98eace465118b,4084,0,0,4084,8168.000767854773,not_applicable,not_applicable,not_applicable,0,0,0,0,0,0,0,0,0,"derived from frozen fixed-mode PHY, not decoded TX truth",actual online waveform measurement
P4084_N4084_seed2026092404,n02410509/ILSVRC2012_val_00022568_n02410509,2b417ecf21402198f7fcd411e02b2f21634bf799800e8edf5ab4da19924a9fc4,7,2001,SHORT-PREFIX-20260923-priority-selected-v1,59b70217b3081ced610b38538606e94fd7e1d1b33cd56b152ca98eace465118b,4084,0,0,4084,8168.000767854773,not_applicable,not_applicable,not_applicable,0,0,0,0,0,0,0,0,0,"derived from frozen fixed-mode PHY, not decoded TX truth",actual online waveform measurement
P4084_N4084_seed2026092404,n02410509/ILSVRC2012_val_00022568_n02410509,2b417ecf21402198f7fcd411e02b2f21634bf799800e8edf5ab4da19924a9fc4,7,2002,SHORT-PREFIX-20260923-priority-selected-v1,59b70217b3081ced610b38538606e94fd7e1d1b33cd56b152ca98eace465118b,4084,0,0,4084,8168.000767854773,not_applicable,not_applicable,not_applicable,0,0,0,0,0,0,0,0,0,"derived from frozen fixed-mode PHY, not decoded TX truth",actual online waveform measurement
P4084_N4084_seed2026092404,n02410509/ILSVRC2012_val_00022568_n02410509,2b417ecf21402198f7fcd411e02b2f21634bf799800e8edf5ab4da19924a9fc4,7,2003,SHORT-PREFIX-20260923-priority-selected-v1,59b70217b3081ced610b38538606e94fd7e1d1b33cd56b152ca98eace465118b,4084,0,0,4084,8168.000767854773,not_applicable,not_applicable,not_applicable,0,0,0,0,0,0,0,0,0,"derived from frozen fixed-mode PHY, not decoded TX truth",actual online waveform measurement
P4084_N4084_seed2026092404,n02410509/ILSVRC2012_val_00022568_n02410509,2b417ecf21402198f7fcd411e02b2f21634bf799800e8edf5ab4da19924a9fc4,13,2001,SHORT-PREFIX-20260923-priority-selected-v1,59b70217b3081ced610b38538606e94fd7e1d1b33cd56b152ca98eace465118b,4084,0,0,4084,8168.000767854773,not_applicable,not_applicable,not_applicable,0,0,0,0,0,0,0,0,0,"derived from frozen fixed-mode PHY, not decoded TX truth",actual online waveform measurement
P4084_N4084_seed2026092404,n02410509/ILSVRC2012_val_00022568_n02410509,2b417ecf21402198f7fcd411e02b2f21634bf799800e8edf5ab4da19924a9fc4,13,2002,SHORT-PREFIX-20260923-priority-selected-v1,59b70217b3081ced610b38538606e94fd7e1d1b33cd56b152ca98eace465118b,4084,0,0,4084,8168.000767854773,not_applicable,not_applicable,not_applicable,0,0,0,0,0,0,0,0,0,"derived from frozen fixed-mode PHY, not decoded TX truth",actual online waveform measurement
P4084_N4084_seed2026092404,n02410509/ILSVRC2012_val_00022568_n02410509,2b417ecf21402198f7fcd411e02b2f21634bf799800e8edf5ab4da19924a9fc4,13,2003,SHORT-PREFIX-20260923-priority-selected-v1,59b70217b3081ced610b38538606e94fd7e1d1b33cd56b152ca98eace465118b,4084,0,0,4084,8168.000767854773,not_applicable,not_applicable,not_applicable,0,0,0,0,0,0,0,0,0,"derived from frozen fixed-mode PHY, not decoded TX truth",actual online waveform measurement
P4084_N4084_seed2026092404,n02410509/ILSVRC2012_val_00022568_n02410509,2b417ecf21402198f7fcd411e02b2f21634bf799800e8edf5ab4da19924a9fc4,19,2001,SHORT-PREFIX-20260923-priority-selected-v1,59b70217b3081ced610b38538606e94fd7e1d1b33cd56b152ca98eace465118b,4084,0,0,4084,8168.000767854773,not_applicable,not_applicable,not_applicable,0,0,0,0,0,0,0,0,0,"derived from frozen fixed-mode PHY, not decoded TX truth",actual online waveform measurement
P4084_N4084_seed2026092404,n02410509/ILSVRC2012_val_00022568_n02410509,2b417ecf21402198f7fcd411e02b2f21634bf799800e8edf5ab4da19924a9fc4,19,2002,SHORT-PREFIX-20260923-priority-selected-v1,59b70217b3081ced610b38538606e94fd7e1d1b33cd56b152ca98eace465118b,4084,0,0,4084,8168.000767854773,not_applicable,not_applicable,not_applicable,0,0,0,0,0,0,0,0,0,"derived from frozen fixed-mode PHY, not decoded TX truth",actual online waveform measurement
P4084_N4084_seed2026092404,n02410509/ILSVRC2012_val_00022568_n02410509,2b417ecf21402198f7fcd411e02b2f21634bf799800e8edf5ab4da19924a9fc4,19,2003,SHORT-PREFIX-20260923-priority-selected-v1,59b70217b3081ced610b38538606e94fd7e1d1b33cd56b152ca98eace465118b,4084,0,0,4084,8168.000767854773,not_applicable,not_applicable,not_applicable,0,0,0,0,0,0,0,0,0,"derived from frozen fixed-mode PHY, not decoded TX truth",actual online waveform measurement
P4084_N4084_seed2026092404,n02437312/ILSVRC2012_val_00006245_n02437312,b2c841099c6c55c4f812a51a7a7c8cf2455f30d3ef0d1dbb16c6c6bc060c760d,1,2001,SHORT-PREFIX-20260923-priority-selected-v1,59b70217b3081ced610b38538606e94fd7e1d1b33cd56b152ca98eace465118b,4084,0,0,4084,8167.999966070295,not_applicable,not_applicable,not_applicable,0,0,0,0,0,0,0,0,0,"derived from frozen fixed-mode PHY, not decoded TX truth",actual online waveform measurement
P4084_N4084_seed2026092404,n02437312/ILSVRC2012_val_00006245_n02437312,b2c841099c6c55c4f812a51a7a7c8cf2455f30d3ef0d1dbb16c6c6bc060c760d,1,2002,SHORT-PREFIX-20260923-priority-selected-v1,59b70217b3081ced610b38538606e94fd7e1d1b33cd56b152ca98eace465118b,4084,0,0,4084,8167.999966070295,not_applicable,not_applicable,not_applicable,0,0,0,0,0,0,0,0,0,"derived from frozen fixed-mode PHY, not decoded TX truth",actual online waveform measurement
P4084_N4084_seed2026092404,n02437312/ILSVRC2012_val_00006245_n02437312,b2c841099c6c55c4f812a51a7a7c8cf2455f30d3ef0d1dbb16c6c6bc060c760d,1,2003,SHORT-PREFIX-20260923-priority-selected-v1,59b70217b3081ced610b38538606e94fd7e1d1b33cd56b152ca98eace465118b,4084,0,0,4084,8167.999966070295,not_applicable,not_applicable,not_applicable,0,0,0,0,0,0,0,0,0,"derived from frozen fixed-mode PHY, not decoded TX truth",actual online waveform measurement
P4084_N4084_seed2026092404,n02437312/ILSVRC2012_val_00006245_n02437312,b2c841099c6c55c4f812a51a7a7c8cf2455f30d3ef0d1dbb16c6c6bc060c760d,4,2001,SHORT-PREFIX-20260923-priority-selected-v1,59b70217b3081ced610b38538606e94fd7e1d1b33cd56b152ca98eace465118b,4084,0,0,4084,8167.999966070295,not_applicable,not_applicable,not_applicable,0,0,0,0,0,0,0,0,0,"derived from frozen fixed-mode PHY, not decoded TX truth",actual online waveform measurement
P4084_N4084_seed2026092404,n02437312/ILSVRC2012_val_00006245_n02437312,b2c841099c6c55c4f812a51a7a7c8cf2455f30d3ef0d1dbb16c6c6bc060c760d,4,2002,SHORT-PREFIX-20260923-priority-selected-v1,59b70217b3081ced610b38538606e94fd7e1d1b33cd56b152ca98eace465118b,4084,0,0,4084,8167.999966070295,not_applicable,not_applicable,not_applicable,0,0,0,0,0,0,0,0,0,"derived from frozen fixed-mode PHY, not decoded TX truth",actual online waveform measurement
P4084_N4084_seed2026092404,n02437312/ILSVRC2012_val_00006245_n02437312,b2c841099c6c55c4f812a51a7a7c8cf2455f30d3ef0d1dbb16c6c6bc060c760d,4,2003,SHORT-PREFIX-20260923-priority-selected-v1,59b70217b3081ced610b38538606e94fd7e1d1b33cd56b152ca98eace465118b,4084,0,0,4084,8167.999966070295,not_applicable,not_applicable,not_applicable,0,0,0,0,0,0,0,0,0,"derived from frozen fixed-mode PHY, not decoded TX truth",actual online waveform measurement
P4084_N4084_seed2026092404,n02437312/ILSVRC2012_val_00006245_n02437312,b2c841099c6c55c4f812a51a7a7c8cf2455f30d3ef0d1dbb16c6c6bc060c760d,7,2001,SHORT-PREFIX-20260923-priority-selected-v1,59b70217b3081ced610b38538606e94fd7e1d1b33cd56b152ca98eace465118b,4084,0,0,4084,8167.999966070295,not_applicable,not_applicable,not_applicable,0,0,0,0,0,0,0,0,0,"derived from frozen fixed-mode PHY, not decoded TX truth",actual online waveform measurement
P4084_N4084_seed2026092404,n02437312/ILSVRC2012_val_00006245_n02437312,b2c841099c6c55c4f812a51a7a7c8cf2455f30d3ef0d1dbb16c6c6bc060c760d,7,2002,SHORT-PREFIX-20260923-priority-selected-v1,59b70217b3081ced610b38538606e94fd7e1d1b33cd56b152ca98eace465118b,4084,0,0,4084,8167.999966070295,not_applicable,not_applicable,not_applicable,0,0,0,0,0,0,0,0,0,"derived from frozen fixed-mode PHY, not decoded TX truth",actual online waveform measurement
P4084_N4084_seed2026092404,n02437312/ILSVRC2012_val_00006245_n02437312,b2c841099c6c55c4f812a51a7a7c8cf2455f30d3ef0d1dbb16c6c6bc060c760d,7,2003,SHORT-PREFIX-20260923-priority-selected-v1,59b70217b3081ced610b38538606e94fd7e1d1b33cd56b152ca98eace465118b,4084,0,0,4084,8167.999966070295,not_applicable,not_applicable,not_applicable,0,0,0,0,0,0,0,0,0,"derived from frozen fixed-mode PHY, not decoded TX truth",actual online waveform measurement
P4084_N4084_seed2026092404,n02437312/ILSVRC2012_val_00006245_n02437312,b2c841099c6c55c4f812a51a7a7c8cf2455f30d3ef0d1dbb16c6c6bc060c760d,13,2001,SHORT-PREFIX-20260923-priority-selected-v1,59b70217b3081ced610b38538606e94fd7e1d1b33cd56b152ca98eace465118b,4084,0,0,4084,8167.999966070295,not_applicable,not_applicable,not_applicable,0,0,0,0,0,0,0,0,0,"derived from frozen fixed-mode PHY, not decoded TX truth",actual online waveform measurement
P4084_N4084_seed2026092404,n02437312/ILSVRC2012_val_00006245_n02437312,b2c841099c6c55c4f812a51a7a7c8cf2455f30d3ef0d1dbb16c6c6bc060c760d,13,2002,SHORT-PREFIX-20260923-priority-selected-v1,59b70217b3081ced610b38538606e94fd7e1d1b33cd56b152ca98eace465118b,4084,0,0,4084,8167.999966070295,not_applicable,not_applicable,not_applicable,0,0,0,0,0,0,0,0,0,"derived from frozen fixed-mode PHY, not decoded TX truth",actual online waveform measurement
P4084_N4084_seed2026092404,n02437312/ILSVRC2012_val_00006245_n02437312,b2c841099c6c55c4f812a51a7a7c8cf2455f30d3ef0d1dbb16c6c6bc060c760d,13,2003,SHORT-PREFIX-20260923-priority-selected-v1,59b70217b3081ced610b38538606e94fd7e1d1b33cd56b152ca98eace465118b,4084,0,0,4084,8167.999966070295,not_applicable,not_applicable,not_applicable,0,0,0,0,0,0,0,0,0,"derived from frozen fixed-mode PHY, not decoded TX truth",actual online waveform measurement
P4084_N4084_seed2026092404,n02437312/ILSVRC2012_val_00006245_n02437312,b2c841099c6c55c4f812a51a7a7c8cf2455f30d3ef0d1dbb16c6c6bc060c760d,19,2001,SHORT-PREFIX-20260923-priority-selected-v1,59b70217b3081ced610b38538606e94fd7e1d1b33cd56b152ca98eace465118b,4084,0,0,4084,8167.999966070295,not_applicable,not_applicable,not_applicable,0,0,0,0,0,0,0,0,0,"derived from frozen fixed-mode PHY, not decoded TX truth",actual online waveform measurement
P4084_N4084_seed2026092404,n02437312/ILSVRC2012_val_00006245_n02437312,b2c841099c6c55c4f812a51a7a7c8cf2455f30d3ef0d1dbb16c6c6bc060c760d,19,2002,SHORT-PREFIX-20260923-priority-selected-v1,59b70217b3081ced610b38538606e94fd7e1d1b33cd56b152ca98eace465118b,4084,0,0,4084,8167.999966070295,not_applicable,not_applicable,not_applicable,0,0,0,0,0,0,0,0,0,"derived from frozen fixed-mode PHY, not decoded TX truth",actual online waveform measurement
P4084_N4084_seed2026092404,n02437312/ILSVRC2012_val_00006245_n02437312,b2c841099c6c55c4f812a51a7a7c8cf2455f30d3ef0d1dbb16c6c6bc060c760d,19,2003,SHORT-PREFIX-20260923-priority-selected-v1,59b70217b3081ced610b38538606e94fd7e1d1b33cd56b152ca98eace465118b,4084,0,0,4084,8167.999966070295,not_applicable,not_applicable,not_applicable,0,0,0,0,0,0,0,0,0,"derived from frozen fixed-mode PHY, not decoded TX truth",actual online waveform measurement
P4084_N4084_seed2026092404,n02486410/ILSVRC2012_val_00009799_n02486410,40fb5083489542d2366609fcc4468b19bd62505e86a7a9c1d18574670f53e564,1,2001,SHORT-PREFIX-20260923-priority-selected-v1,59b70217b3081ced610b38538606e94fd7e1d1b33cd56b152ca98eace465118b,4084,0,0,4084,8167.99969085755,not_applicable,not_applicable,not_applicable,0,0,0,0,0,0,0,0,0,"derived from frozen fixed-mode PHY, not decoded TX truth",actual online waveform measurement
P4084_N4084_seed2026092404,n02486410/ILSVRC2012_val_00009799_n02486410,40fb5083489542d2366609fcc4468b19bd62505e86a7a9c1d18574670f53e564,1,2002,SHORT-PREFIX-20260923-priority-selected-v1,59b70217b3081ced610b38538606e94fd7e1d1b33cd56b152ca98eace465118b,4084,0,0,4084,8167.99969085755,not_applicable,not_applicable,not_applicable,0,0,0,0,0,0,0,0,0,"derived from frozen fixed-mode PHY, not decoded TX truth",actual online waveform measurement
P4084_N4084_seed2026092404,n02486410/ILSVRC2012_val_00009799_n02486410,40fb5083489542d2366609fcc4468b19bd62505e86a7a9c1d18574670f53e564,1,2003,SHORT-PREFIX-20260923-priority-selected-v1,59b70217b3081ced610b38538606e94fd7e1d1b33cd56b152ca98eace465118b,4084,0,0,4084,8167.99969085755,not_applicable,not_applicable,not_applicable,0,0,0,0,0,0,0,0,0,"derived from frozen fixed-mode PHY, not decoded TX truth",actual online waveform measurement
P4084_N4084_seed2026092404,n02486410/ILSVRC2012_val_00009799_n02486410,40fb5083489542d2366609fcc4468b19bd62505e86a7a9c1d18574670f53e564,4,2001,SHORT-PREFIX-20260923-priority-selected-v1,59b70217b3081ced610b38538606e94fd7e1d1b33cd56b152ca98eace465118b,4084,0,0,4084,8167.99969085755,not_applicable,not_applicable,not_applicable,0,0,0,0,0,0,0,0,0,"derived from frozen fixed-mode PHY, not decoded TX truth",actual online waveform measurement
P4084_N4084_seed2026092404,n02486410/ILSVRC2012_val_00009799_n02486410,40fb5083489542d2366609fcc4468b19bd62505e86a7a9c1d18574670f53e564,4,2002,SHORT-PREFIX-20260923-priority-selected-v1,59b70217b3081ced610b38538606e94fd7e1d1b33cd56b152ca98eace465118b,4084,0,0,4084,8167.99969085755,not_applicable,not_applicable,not_applicable,0,0,0,0,0,0,0,0,0,"derived from frozen fixed-mode PHY, not decoded TX truth",actual online waveform measurement
P4084_N4084_seed2026092404,n02486410/ILSVRC2012_val_00009799_n02486410,40fb5083489542d2366609fcc4468b19bd62505e86a7a9c1d18574670f53e564,4,2003,SHORT-PREFIX-20260923-priority-selected-v1,59b70217b3081ced610b38538606e94fd7e1d1b33cd56b152ca98eace465118b,4084,0,0,4084,8167.99969085755,not_applicable,not_applicable,not_applicable,0,0,0,0,0,0,0,0,0,"derived from frozen fixed-mode PHY, not decoded TX truth",actual online waveform measurement
P4084_N4084_seed2026092404,n02486410/ILSVRC2012_val_00009799_n02486410,40fb5083489542d2366609fcc4468b19bd62505e86a7a9c1d18574670f53e564,7,2001,SHORT-PREFIX-20260923-priority-selected-v1,59b70217b3081ced610b38538606e94fd7e1d1b33cd56b152ca98eace465118b,4084,0,0,4084,8167.99969085755,not_applicable,not_applicable,not_applicable,0,0,0,0,0,0,0,0,0,"derived from frozen fixed-mode PHY, not decoded TX truth",actual online waveform measurement
P4084_N4084_seed2026092404,n02486410/ILSVRC2012_val_00009799_n02486410,40fb5083489542d2366609fcc4468b19bd62505e86a7a9c1d18574670f53e564,7,2002,SHORT-PREFIX-20260923-priority-selected-v1,59b70217b3081ced610b38538606e94fd7e1d1b33cd56b152ca98eace465118b,4084,0,0,4084,8167.99969085755,not_applicable,not_applicable,not_applicable,0,0,0,0,0,0,0,0,0,"derived from frozen fixed-mode PHY, not decoded TX truth",actual online waveform measurement
P4084_N4084_seed2026092404,n02486410/ILSVRC2012_val_00009799_n02486410,40fb5083489542d2366609fcc4468b19bd62505e86a7a9c1d18574670f53e564,7,2003,SHORT-PREFIX-20260923-priority-selected-v1,59b70217b3081ced610b38538606e94fd7e1d1b33cd56b152ca98eace465118b,4084,0,0,4084,8167.99969085755,not_applicable,not_applicable,not_applicable,0,0,0,0,0,0,0,0,0,"derived from frozen fixed-mode PHY, not decoded TX truth",actual online waveform measurement
P4084_N4084_seed2026092404,n02486410/ILSVRC2012_val_00009799_n02486410,40fb5083489542d2366609fcc4468b19bd62505e86a7a9c1d18574670f53e564,13,2001,SHORT-PREFIX-20260923-priority-selected-v1,59b70217b3081ced610b38538606e94fd7e1d1b33cd56b152ca98eace465118b,4084,0,0,4084,8167.99969085755,not_applicable,not_applicable,not_applicable,0,0,0,0,0,0,0,0,0,"derived from frozen fixed-mode PHY, not decoded TX truth",actual online waveform measurement
P4084_N4084_seed2026092404,n02486410/ILSVRC2012_val_00009799_n02486410,40fb5083489542d2366609fcc4468b19bd62505e86a7a9c1d18574670f53e564,13,2002,SHORT-PREFIX-20260923-priority-selected-v1,59b70217b3081ced610b38538606e94fd7e1d1b33cd56b152ca98eace465118b,4084,0,0,4084,8167.99969085755,not_applicable,not_applicable,not_applicable,0,0,0,0,0,0,0,0,0,"derived from frozen fixed-mode PHY, not decoded TX truth",actual online waveform measurement
P4084_N4084_seed2026092404,n02486410/ILSVRC2012_val_00009799_n02486410,40fb5083489542d2366609fcc4468b19bd62505e86a7a9c1d18574670f53e564,13,2003,SHORT-PREFIX-20260923-priority-selected-v1,59b70217b3081ced610b38538606e94fd7e1d1b33cd56b152ca98eace465118b,4084,0,0,4084,8167.99969085755,not_applicable,not_applicable,not_applicable,0,0,0,0,0,0,0,0,0,"derived from frozen fixed-mode PHY, not decoded TX truth",actual online waveform measurement
P4084_N4084_seed2026092404,n02486410/ILSVRC2012_val_00009799_n02486410,40fb5083489542d2366609fcc4468b19bd62505e86a7a9c1d18574670f53e564,19,2001,SHORT-PREFIX-20260923-priority-selected-v1,59b70217b3081ced610b38538606e94fd7e1d1b33cd56b152ca98eace465118b,4084,0,0,4084,8167.99969085755,not_applicable,not_applicable,not_applicable,0,0,0,0,0,0,0,0,0,"derived from frozen fixed-mode PHY, not decoded TX truth",actual online waveform measurement
P4084_N4084_seed2026092404,n02486410/ILSVRC2012_val_00009799_n02486410,40fb5083489542d2366609fcc4468b19bd62505e86a7a9c1d18574670f53e564,19,2002,SHORT-PREFIX-20260923-priority-selected-v1,59b70217b3081ced610b38538606e94fd7e1d1b33cd56b152ca98eace465118b,4084,0,0,4084,8167.99969085755,not_applicable,not_applicable,not_applicable,0,0,0,0,0,0,0,0,0,"derived from frozen fixed-mode PHY, not decoded TX truth",actual online waveform measurement
P4084_N4084_seed2026092404,n02486410/ILSVRC2012_val_00009799_n02486410,40fb5083489542d2366609fcc4468b19bd62505e86a7a9c1d18574670f53e564,19,2003,SHORT-PREFIX-20260923-priority-selected-v1,59b70217b3081ced610b38538606e94fd7e1d1b33cd56b152ca98eace465118b,4084,0,0,4084,8167.99969085755,not_applicable,not_applicable,not_applicable,0,0,0,0,0,0,0,0,0,"derived from frozen fixed-mode PHY, not decoded TX truth",actual online waveform measurement
P4084_N4084_seed2026092404,n02509815/ILSVRC2012_val_00014423_n02509815,52636d0a3f2d227327400178c05edcc551d6213c012fa6a8b03a1bb6db4e6b99,1,2001,SHORT-PREFIX-20260923-priority-selected-v1,59b70217b3081ced610b38538606e94fd7e1d1b33cd56b152ca98eace465118b,4084,0,0,4084,8168.000170535399,not_applicable,not_applicable,not_applicable,0,0,0,0,0,0,0,0,0,"derived from frozen fixed-mode PHY, not decoded TX truth",actual online waveform measurement
P4084_N4084_seed2026092404,n02509815/ILSVRC2012_val_00014423_n02509815,52636d0a3f2d227327400178c05edcc551d6213c012fa6a8b03a1bb6db4e6b99,1,2002,SHORT-PREFIX-20260923-priority-selected-v1,59b70217b3081ced610b38538606e94fd7e1d1b33cd56b152ca98eace465118b,4084,0,0,4084,8168.000170535399,not_applicable,not_applicable,not_applicable,0,0,0,0,0,0,0,0,0,"derived from frozen fixed-mode PHY, not decoded TX truth",actual online waveform measurement
P4084_N4084_seed2026092404,n02509815/ILSVRC2012_val_00014423_n02509815,52636d0a3f2d227327400178c05edcc551d6213c012fa6a8b03a1bb6db4e6b99,1,2003,SHORT-PREFIX-20260923-priority-selected-v1,59b70217b3081ced610b38538606e94fd7e1d1b33cd56b152ca98eace465118b,4084,0,0,4084,8168.000170535399,not_applicable,not_applicable,not_applicable,0,0,0,0,0,0,0,0,0,"derived from frozen fixed-mode PHY, not decoded TX truth",actual online waveform measurement
P4084_N4084_seed2026092404,n02509815/ILSVRC2012_val_00014423_n02509815,52636d0a3f2d227327400178c05edcc551d6213c012fa6a8b03a1bb6db4e6b99,4,2001,SHORT-PREFIX-20260923-priority-selected-v1,59b70217b3081ced610b38538606e94fd7e1d1b33cd56b152ca98eace465118b,4084,0,0,4084,8168.000170535399,not_applicable,not_applicable,not_applicable,0,0,0,0,0,0,0,0,0,"derived from frozen fixed-mode PHY, not decoded TX truth",actual online waveform measurement
P4084_N4084_seed2026092404,n02509815/ILSVRC2012_val_00014423_n02509815,52636d0a3f2d227327400178c05edcc551d6213c012fa6a8b03a1bb6db4e6b99,4,2002,SHORT-PREFIX-20260923-priority-selected-v1,59b70217b3081ced610b38538606e94fd7e1d1b33cd56b152ca98eace465118b,4084,0,0,4084,8168.000170535399,not_applicable,not_applicable,not_applicable,0,0,0,0,0,0,0,0,0,"derived from frozen fixed-mode PHY, not decoded TX truth",actual online waveform measurement
P4084_N4084_seed2026092404,n02509815/ILSVRC2012_val_00014423_n02509815,52636d0a3f2d227327400178c05edcc551d6213c012fa6a8b03a1bb6db4e6b99,4,2003,SHORT-PREFIX-20260923-priority-selected-v1,59b70217b3081ced610b38538606e94fd7e1d1b33cd56b152ca98eace465118b,4084,0,0,4084,8168.000170535399,not_applicable,not_applicable,not_applicable,0,0,0,0,0,0,0,0,0,"derived from frozen fixed-mode PHY, not decoded TX truth",actual online waveform measurement
P4084_N4084_seed2026092404,n02509815/ILSVRC2012_val_00014423_n02509815,52636d0a3f2d227327400178c05edcc551d6213c012fa6a8b03a1bb6db4e6b99,7,2001,SHORT-PREFIX-20260923-priority-selected-v1,59b70217b3081ced610b38538606e94fd7e1d1b33cd56b152ca98eace465118b,4084,0,0,4084,8168.000170535399,not_applicable,not_applicable,not_applicable,0,0,0,0,0,0,0,0,0,"derived from frozen fixed-mode PHY, not decoded TX truth",actual online waveform measurement
P4084_N4084_seed2026092404,n02509815/ILSVRC2012_val_00014423_n02509815,52636d0a3f2d227327400178c05edcc551d6213c012fa6a8b03a1bb6db4e6b99,7,2002,SHORT-PREFIX-20260923-priority-selected-v1,59b70217b3081ced610b38538606e94fd7e1d1b33cd56b152ca98eace465118b,4084,0,0,4084,8168.000170535399,not_applicable,not_applicable,not_applicable,0,0,0,0,0,0,0,0,0,"derived from frozen fixed-mode PHY, not decoded TX truth",actual online waveform measurement
P4084_N4084_seed2026092404,n02509815/ILSVRC2012_val_00014423_n02509815,52636d0a3f2d227327400178c05edcc551d6213c012fa6a8b03a1bb6db4e6b99,7,2003,SHORT-PREFIX-20260923-priority-selected-v1,59b70217b3081ced610b38538606e94fd7e1d1b33cd56b152ca98eace465118b,4084,0,0,4084,8168.000170535399,not_applicable,not_applicable,not_applicable,0,0,0,0,0,0,0,0,0,"derived from frozen fixed-mode PHY, not decoded TX truth",actual online waveform measurement
P4084_N4084_seed2026092404,n02509815/ILSVRC2012_val_00014423_n02509815,52636d0a3f2d227327400178c05edcc551d6213c012fa6a8b03a1bb6db4e6b99,13,2001,SHORT-PREFIX-20260923-priority-selected-v1,59b70217b3081ced610b38538606e94fd7e1d1b33cd56b152ca98eace465118b,4084,0,0,4084,8168.000170535399,not_applicable,not_applicable,not_applicable,0,0,0,0,0,0,0,0,0,"derived from frozen fixed-mode PHY, not decoded TX truth",actual online waveform measurement
P4084_N4084_seed2026092404,n02509815/ILSVRC2012_val_00014423_n02509815,52636d0a3f2d227327400178c05edcc551d6213c012fa6a8b03a1bb6db4e6b99,13,2002,SHORT-PREFIX-20260923-priority-selected-v1,59b70217b3081ced610b38538606e94fd7e1d1b33cd56b152ca98eace465118b,4084,0,0,4084,8168.000170535399,not_applicable,not_applicable,not_applicable,0,0,0,0,0,0,0,0,0,"derived from frozen fixed-mode PHY, not decoded TX truth",actual online waveform measurement
P4084_N4084_seed2026092404,n02509815/ILSVRC2012_val_00014423_n02509815,52636d0a3f2d227327400178c05edcc551d6213c012fa6a8b03a1bb6db4e6b99,13,2003,SHORT-PREFIX-20260923-priority-selected-v1,59b70217b3081ced610b38538606e94fd7e1d1b33cd56b152ca98eace465118b,4084,0,0,4084,8168.000170535399,not_applicable,not_applicable,not_applicable,0,0,0,0,0,0,0,0,0,"derived from frozen fixed-mode PHY, not decoded TX truth",actual online waveform measurement
P4084_N4084_seed2026092404,n02509815/ILSVRC2012_val_00014423_n02509815,52636d0a3f2d227327400178c05edcc551d6213c012fa6a8b03a1bb6db4e6b99,19,2001,SHORT-PREFIX-20260923-priority-selected-v1,59b70217b3081ced610b38538606e94fd7e1d1b33cd56b152ca98eace465118b,4084,0,0,4084,8168.000170535399,not_applicable,not_applicable,not_applicable,0,0,0,0,0,0,0,0,0,"derived from frozen fixed-mode PHY, not decoded TX truth",actual online waveform measurement
P4084_N4084_seed2026092404,n02509815/ILSVRC2012_val_00014423_n02509815,52636d0a3f2d227327400178c05edcc551d6213c012fa6a8b03a1bb6db4e6b99,19,2002,SHORT-PREFIX-20260923-priority-selected-v1,59b70217b3081ced610b38538606e94fd7e1d1b33cd56b152ca98eace465118b,4084,0,0,4084,8168.000170535399,not_applicable,not_applicable,not_applicable,0,0,0,0,0,0,0,0,0,"derived from frozen fixed-mode PHY, not decoded TX truth",actual online waveform measurement
P4084_N4084_seed2026092404,n02509815/ILSVRC2012_val_00014423_n02509815,52636d0a3f2d227327400178c05edcc551d6213c012fa6a8b03a1bb6db4e6b99,19,2003,SHORT-PREFIX-20260923-priority-selected-v1,59b70217b3081ced610b38538606e94fd7e1d1b33cd56b152ca98eace465118b,4084,0,0,4084,8168.000170535399,not_applicable,not_applicable,not_applicable,0,0,0,0,0,0,0,0,0,"derived from frozen fixed-mode PHY, not decoded TX truth",actual online waveform measurement
P4084_N4084_seed2026092404,n02708093/ILSVRC2012_val_00024690_n02708093,9cf3493e4dbd81b11f4a70b76adce387c9cf2550f6758f10cb801befcbcea8a3,1,2001,SHORT-PREFIX-20260923-priority-selected-v1,59b70217b3081ced610b38538606e94fd7e1d1b33cd56b152ca98eace465118b,4084,0,0,4084,8168.001100098285,not_applicable,not_applicable,not_applicable,0,0,0,0,0,0,0,0,0,"derived from frozen fixed-mode PHY, not decoded TX truth",actual online waveform measurement
P4084_N4084_seed2026092404,n02708093/ILSVRC2012_val_00024690_n02708093,9cf3493e4dbd81b11f4a70b76adce387c9cf2550f6758f10cb801befcbcea8a3,1,2002,SHORT-PREFIX-20260923-priority-selected-v1,59b70217b3081ced610b38538606e94fd7e1d1b33cd56b152ca98eace465118b,4084,0,0,4084,8168.001100098285,not_applicable,not_applicable,not_applicable,0,0,0,0,0,0,0,0,0,"derived from frozen fixed-mode PHY, not decoded TX truth",actual online waveform measurement
P4084_N4084_seed2026092404,n02708093/ILSVRC2012_val_00024690_n02708093,9cf3493e4dbd81b11f4a70b76adce387c9cf2550f6758f10cb801befcbcea8a3,1,2003,SHORT-PREFIX-20260923-priority-selected-v1,59b70217b3081ced610b38538606e94fd7e1d1b33cd56b152ca98eace465118b,4084,0,0,4084,8168.001100098285,not_applicable,not_applicable,not_applicable,0,0,0,0,0,0,0,0,0,"derived from frozen fixed-mode PHY, not decoded TX truth",actual online waveform measurement
P4084_N4084_seed2026092404,n02708093/ILSVRC2012_val_00024690_n02708093,9cf3493e4dbd81b11f4a70b76adce387c9cf2550f6758f10cb801befcbcea8a3,4,2001,SHORT-PREFIX-20260923-priority-selected-v1,59b70217b3081ced610b38538606e94fd7e1d1b33cd56b152ca98eace465118b,4084,0,0,4084,8168.001100098285,not_applicable,not_applicable,not_applicable,0,0,0,0,0,0,0,0,0,"derived from frozen fixed-mode PHY, not decoded TX truth",actual online waveform measurement
P4084_N4084_seed2026092404,n02708093/ILSVRC2012_val_00024690_n02708093,9cf3493e4dbd81b11f4a70b76adce387c9cf2550f6758f10cb801befcbcea8a3,4,2002,SHORT-PREFIX-20260923-priority-selected-v1,59b70217b3081ced610b38538606e94fd7e1d1b33cd56b152ca98eace465118b,4084,0,0,4084,8168.001100098285,not_applicable,not_applicable,not_applicable,0,0,0,0,0,0,0,0,0,"derived from frozen fixed-mode PHY, not decoded TX truth",actual online waveform measurement
P4084_N4084_seed2026092404,n02708093/ILSVRC2012_val_00024690_n02708093,9cf3493e4dbd81b11f4a70b76adce387c9cf2550f6758f10cb801befcbcea8a3,4,2003,SHORT-PREFIX-20260923-priority-selected-v1,59b70217b3081ced610b38538606e94fd7e1d1b33cd56b152ca98eace465118b,4084,0,0,4084,8168.001100098285,not_applicable,not_applicable,not_applicable,0,0,0,0,0,0,0,0,0,"derived from frozen fixed-mode PHY, not decoded TX truth",actual online waveform measurement
P4084_N4084_seed2026092404,n02708093/ILSVRC2012_val_00024690_n02708093,9cf3493e4dbd81b11f4a70b76adce387c9cf2550f6758f10cb801befcbcea8a3,7,2001,SHORT-PREFIX-20260923-priority-selected-v1,59b70217b3081ced610b38538606e94fd7e1d1b33cd56b152ca98eace465118b,4084,0,0,4084,8168.001100098285,not_applicable,not_applicable,not_applicable,0,0,0,0,0,0,0,0,0,"derived from frozen fixed-mode PHY, not decoded TX truth",actual online waveform measurement
P4084_N4084_seed2026092404,n02708093/ILSVRC2012_val_00024690_n02708093,9cf3493e4dbd81b11f4a70b76adce387c9cf2550f6758f10cb801befcbcea8a3,7,2002,SHORT-PREFIX-20260923-priority-selected-v1,59b70217b3081ced610b38538606e94fd7e1d1b33cd56b152ca98eace465118b,4084,0,0,4084,8168.001100098285,not_applicable,not_applicable,not_applicable,0,0,0,0,0,0,0,0,0,"derived from frozen fixed-mode PHY, not decoded TX truth",actual online waveform measurement
P4084_N4084_seed2026092404,n02708093/ILSVRC2012_val_00024690_n02708093,9cf3493e4dbd81b11f4a70b76adce387c9cf2550f6758f10cb801befcbcea8a3,7,2003,SHORT-PREFIX-20260923-priority-selected-v1,59b70217b3081ced610b38538606e94fd7e1d1b33cd56b152ca98eace465118b,4084,0,0,4084,8168.001100098285,not_applicable,not_applicable,not_applicable,0,0,0,0,0,0,0,0,0,"derived from frozen fixed-mode PHY, not decoded TX truth",actual online waveform measurement
P4084_N4084_seed2026092404,n02708093/ILSVRC2012_val_00024690_n02708093,9cf3493e4dbd81b11f4a70b76adce387c9cf2550f6758f10cb801befcbcea8a3,13,2001,SHORT-PREFIX-20260923-priority-selected-v1,59b70217b3081ced610b38538606e94fd7e1d1b33cd56b152ca98eace465118b,4084,0,0,4084,8168.001100098285,not_applicable,not_applicable,not_applicable,0,0,0,0,0,0,0,0,0,"derived from frozen fixed-mode PHY, not decoded TX truth",actual online waveform measurement
P4084_N4084_seed2026092404,n02708093/ILSVRC2012_val_00024690_n02708093,9cf3493e4dbd81b11f4a70b76adce387c9cf2550f6758f10cb801befcbcea8a3,13,2002,SHORT-PREFIX-20260923-priority-selected-v1,59b70217b3081ced610b38538606e94fd7e1d1b33cd56b152ca98eace465118b,4084,0,0,4084,8168.001100098285,not_applicable,not_applicable,not_applicable,0,0,0,0,0,0,0,0,0,"derived from frozen fixed-mode PHY, not decoded TX truth",actual online waveform measurement
P4084_N4084_seed2026092404,n02708093/ILSVRC2012_val_00024690_n02708093,9cf3493e4dbd81b11f4a70b76adce387c9cf2550f6758f10cb801befcbcea8a3,13,2003,SHORT-PREFIX-20260923-priority-selected-v1,59b70217b3081ced610b38538606e94fd7e1d1b33cd56b152ca98eace465118b,4084,0,0,4084,8168.001100098285,not_applicable,not_applicable,not_applicable,0,0,0,0,0,0,0,0,0,"derived from frozen fixed-mode PHY, not decoded TX truth",actual online waveform measurement
P4084_N4084_seed2026092404,n02708093/ILSVRC2012_val_00024690_n02708093,9cf3493e4dbd81b11f4a70b76adce387c9cf2550f6758f10cb801befcbcea8a3,19,2001,SHORT-PREFIX-20260923-priority-selected-v1,59b70217b3081ced610b38538606e94fd7e1d1b33cd56b152ca98eace465118b,4084,0,0,4084,8168.001100098285,not_applicable,not_applicable,not_applicable,0,0,0,0,0,0,0,0,0,"derived from frozen fixed-mode PHY, not decoded TX truth",actual online waveform measurement
P4084_N4084_seed2026092404,n02708093/ILSVRC2012_val_00024690_n02708093,9cf3493e4dbd81b11f4a70b76adce387c9cf2550f6758f10cb801befcbcea8a3,19,2002,SHORT-PREFIX-20260923-priority-selected-v1,59b70217b3081ced610b38538606e94fd7e1d1b33cd56b152ca98eace465118b,4084,0,0,4084,8168.001100098285,not_applicable,not_applicable,not_applicable,0,0,0,0,0,0,0,0,0,"derived from frozen fixed-mode PHY, not decoded TX truth",actual online waveform measurement
P4084_N4084_seed2026092404,n02708093/ILSVRC2012_val_00024690_n02708093,9cf3493e4dbd81b11f4a70b76adce387c9cf2550f6758f10cb801befcbcea8a3,19,2003,SHORT-PREFIX-20260923-priority-selected-v1,59b70217b3081ced610b38538606e94fd7e1d1b33cd56b152ca98eace465118b,4084,0,0,4084,8168.001100098285,not_applicable,not_applicable,not_applicable,0,0,0,0,0,0,0,0,0,"derived from frozen fixed-mode PHY, not decoded TX truth",actual online waveform measurement
P4084_N4084_seed2026092404,n02776631/ILSVRC2012_val_00028186_n02776631,144e6a5ac66f329d2a7b5fb658deecf277f46cc77aeba1a3a27f69ba24a10751,1,2001,SHORT-PREFIX-20260923-priority-selected-v1,59b70217b3081ced610b38538606e94fd7e1d1b33cd56b152ca98eace465118b,4084,0,0,4084,8168.000318613141,not_applicable,not_applicable,not_applicable,0,0,0,0,0,0,0,0,0,"derived from frozen fixed-mode PHY, not decoded TX truth",actual online waveform measurement
P4084_N4084_seed2026092404,n02776631/ILSVRC2012_val_00028186_n02776631,144e6a5ac66f329d2a7b5fb658deecf277f46cc77aeba1a3a27f69ba24a10751,1,2002,SHORT-PREFIX-20260923-priority-selected-v1,59b70217b3081ced610b38538606e94fd7e1d1b33cd56b152ca98eace465118b,4084,0,0,4084,8168.000318613141,not_applicable,not_applicable,not_applicable,0,0,0,0,0,0,0,0,0,"derived from frozen fixed-mode PHY, not decoded TX truth",actual online waveform measurement
P4084_N4084_seed2026092404,n02776631/ILSVRC2012_val_00028186_n02776631,144e6a5ac66f329d2a7b5fb658deecf277f46cc77aeba1a3a27f69ba24a10751,1,2003,SHORT-PREFIX-20260923-priority-selected-v1,59b70217b3081ced610b38538606e94fd7e1d1b33cd56b152ca98eace465118b,4084,0,0,4084,8168.000318613141,not_applicable,not_applicable,not_applicable,0,0,0,0,0,0,0,0,0,"derived from frozen fixed-mode PHY, not decoded TX truth",actual online waveform measurement
P4084_N4084_seed2026092404,n02776631/ILSVRC2012_val_00028186_n02776631,144e6a5ac66f329d2a7b5fb658deecf277f46cc77aeba1a3a27f69ba24a10751,4,2001,SHORT-PREFIX-20260923-priority-selected-v1,59b70217b3081ced610b38538606e94fd7e1d1b33cd56b152ca98eace465118b,4084,0,0,4084,8168.000318613141,not_applicable,not_applicable,not_applicable,0,0,0,0,0,0,0,0,0,"derived from frozen fixed-mode PHY, not decoded TX truth",actual online waveform measurement
P4084_N4084_seed2026092404,n02776631/ILSVRC2012_val_00028186_n02776631,144e6a5ac66f329d2a7b5fb658deecf277f46cc77aeba1a3a27f69ba24a10751,4,2002,SHORT-PREFIX-20260923-priority-selected-v1,59b70217b3081ced610b38538606e94fd7e1d1b33cd56b152ca98eace465118b,4084,0,0,4084,8168.000318613141,not_applicable,not_applicable,not_applicable,0,0,0,0,0,0,0,0,0,"derived from frozen fixed-mode PHY, not decoded TX truth",actual online waveform measurement
P4084_N4084_seed2026092404,n02776631/ILSVRC2012_val_00028186_n02776631,144e6a5ac66f329d2a7b5fb658deecf277f46cc77aeba1a3a27f69ba24a10751,4,2003,SHORT-PREFIX-20260923-priority-selected-v1,59b70217b3081ced610b38538606e94fd7e1d1b33cd56b152ca98eace465118b,4084,0,0,4084,8168.000318613141,not_applicable,not_applicable,not_applicable,0,0,0,0,0,0,0,0,0,"derived from frozen fixed-mode PHY, not decoded TX truth",actual online waveform measurement
P4084_N4084_seed2026092404,n02776631/ILSVRC2012_val_00028186_n02776631,144e6a5ac66f329d2a7b5fb658deecf277f46cc77aeba1a3a27f69ba24a10751,7,2001,SHORT-PREFIX-20260923-priority-selected-v1,59b70217b3081ced610b38538606e94fd7e1d1b33cd56b152ca98eace465118b,4084,0,0,4084,8168.000318613141,not_applicable,not_applicable,not_applicable,0,0,0,0,0,0,0,0,0,"derived from frozen fixed-mode PHY, not decoded TX truth",actual online waveform measurement
P4084_N4084_seed2026092404,n02776631/ILSVRC2012_val_00028186_n02776631,144e6a5ac66f329d2a7b5fb658deecf277f46cc77aeba1a3a27f69ba24a10751,7,2002,SHORT-PREFIX-20260923-priority-selected-v1,59b70217b3081ced610b38538606e94fd7e1d1b33cd56b152ca98eace465118b,4084,0,0,4084,8168.000318613141,not_applicable,not_applicable,not_applicable,0,0,0,0,0,0,0,0,0,"derived from frozen fixed-mode PHY, not decoded TX truth",actual online waveform measurement
P4084_N4084_seed2026092404,n02776631/ILSVRC2012_val_00028186_n02776631,144e6a5ac66f329d2a7b5fb658deecf277f46cc77aeba1a3a27f69ba24a10751,7,2003,SHORT-PREFIX-20260923-priority-selected-v1,59b70217b3081ced610b38538606e94fd7e1d1b33cd56b152ca98eace465118b,4084,0,0,4084,8168.000318613141,not_applicable,not_applicable,not_applicable,0,0,0,0,0,0,0,0,0,"derived from frozen fixed-mode PHY, not decoded TX truth",actual online waveform measurement
P4084_N4084_seed2026092404,n02776631/ILSVRC2012_val_00028186_n02776631,144e6a5ac66f329d2a7b5fb658deecf277f46cc77aeba1a3a27f69ba24a10751,13,2001,SHORT-PREFIX-20260923-priority-selected-v1,59b70217b3081ced610b38538606e94fd7e1d1b33cd56b152ca98eace465118b,4084,0,0,4084,8168.000318613141,not_applicable,not_applicable,not_applicable,0,0,0,0,0,0,0,0,0,"derived from frozen fixed-mode PHY, not decoded TX truth",actual online waveform measurement
P4084_N4084_seed2026092404,n02776631/ILSVRC2012_val_00028186_n02776631,144e6a5ac66f329d2a7b5fb658deecf277f46cc77aeba1a3a27f69ba24a10751,13,2002,SHORT-PREFIX-20260923-priority-selected-v1,59b70217b3081ced610b38538606e94fd7e1d1b33cd56b152ca98eace465118b,4084,0,0,4084,8168.000318613141,not_applicable,not_applicable,not_applicable,0,0,0,0,0,0,0,0,0,"derived from frozen fixed-mode PHY, not decoded TX truth",actual online waveform measurement
P4084_N4084_seed2026092404,n02776631/ILSVRC2012_val_00028186_n02776631,144e6a5ac66f329d2a7b5fb658deecf277f46cc77aeba1a3a27f69ba24a10751,13,2003,SHORT-PREFIX-20260923-priority-selected-v1,59b70217b3081ced610b38538606e94fd7e1d1b33cd56b152ca98eace465118b,4084,0,0,4084,8168.000318613141,not_applicable,not_applicable,not_applicable,0,0,0,0,0,0,0,0,0,"derived from frozen fixed-mode PHY, not decoded TX truth",actual online waveform measurement
P4084_N4084_seed2026092404,n02776631/ILSVRC2012_val_00028186_n02776631,144e6a5ac66f329d2a7b5fb658deecf277f46cc77aeba1a3a27f69ba24a10751,19,2001,SHORT-PREFIX-20260923-priority-selected-v1,59b70217b3081ced610b38538606e94fd7e1d1b33cd56b152ca98eace465118b,4084,0,0,4084,8168.000318613141,not_applicable,not_applicable,not_applicable,0,0,0,0,0,0,0,0,0,"derived from frozen fixed-mode PHY, not decoded TX truth",actual online waveform measurement
P4084_N4084_seed2026092404,n02776631/ILSVRC2012_val_00028186_n02776631,144e6a5ac66f329d2a7b5fb658deecf277f46cc77aeba1a3a27f69ba24a10751,19,2002,SHORT-PREFIX-20260923-priority-selected-v1,59b70217b3081ced610b38538606e94fd7e1d1b33cd56b152ca98eace465118b,4084,0,0,4084,8168.000318613141,not_applicable,not_applicable,not_applicable,0,0,0,0,0,0,0,0,0,"derived from frozen fixed-mode PHY, not decoded TX truth",actual online waveform measurement
P4084_N4084_seed2026092404,n02776631/ILSVRC2012_val_00028186_n02776631,144e6a5ac66f329d2a7b5fb658deecf277f46cc77aeba1a3a27f69ba24a10751,19,2003,SHORT-PREFIX-20260923-priority-selected-v1,59b70217b3081ced610b38538606e94fd7e1d1b33cd56b152ca98eace465118b,4084,0,0,4084,8168.000318613141,not_applicable,not_applicable,not_applicable,0,0,0,0,0,0,0,0,0,"derived from frozen fixed-mode PHY, not decoded TX truth",actual online waveform measurement
P4084_N4084_seed2026092404,n02788148/ILSVRC2012_val_00012264_n02788148,d77f825c1f142e1b256614bde8db32959914f48d12284b929e20a1a0b9c5a5ce,1,2001,SHORT-PREFIX-20260923-priority-selected-v1,59b70217b3081ced610b38538606e94fd7e1d1b33cd56b152ca98eace465118b,4084,0,0,4084,8168.0000590004065,not_applicable,not_applicable,not_applicable,0,0,0,0,0,0,0,0,0,"derived from frozen fixed-mode PHY, not decoded TX truth",actual online waveform measurement
P4084_N4084_seed2026092404,n02788148/ILSVRC2012_val_00012264_n02788148,d77f825c1f142e1b256614bde8db32959914f48d12284b929e20a1a0b9c5a5ce,1,2002,SHORT-PREFIX-20260923-priority-selected-v1,59b70217b3081ced610b38538606e94fd7e1d1b33cd56b152ca98eace465118b,4084,0,0,4084,8168.0000590004065,not_applicable,not_applicable,not_applicable,0,0,0,0,0,0,0,0,0,"derived from frozen fixed-mode PHY, not decoded TX truth",actual online waveform measurement
P4084_N4084_seed2026092404,n02788148/ILSVRC2012_val_00012264_n02788148,d77f825c1f142e1b256614bde8db32959914f48d12284b929e20a1a0b9c5a5ce,1,2003,SHORT-PREFIX-20260923-priority-selected-v1,59b70217b3081ced610b38538606e94fd7e1d1b33cd56b152ca98eace465118b,4084,0,0,4084,8168.0000590004065,not_applicable,not_applicable,not_applicable,0,0,0,0,0,0,0,0,0,"derived from frozen fixed-mode PHY, not decoded TX truth",actual online waveform measurement
P4084_N4084_seed2026092404,n02788148/ILSVRC2012_val_00012264_n02788148,d77f825c1f142e1b256614bde8db32959914f48d12284b929e20a1a0b9c5a5ce,4,2001,SHORT-PREFIX-20260923-priority-selected-v1,59b70217b3081ced610b38538606e94fd7e1d1b33cd56b152ca98eace465118b,4084,0,0,4084,8168.0000590004065,not_applicable,not_applicable,not_applicable,0,0,0,0,0,0,0,0,0,"derived from frozen fixed-mode PHY, not decoded TX truth",actual online waveform measurement
P4084_N4084_seed2026092404,n02788148/ILSVRC2012_val_00012264_n02788148,d77f825c1f142e1b256614bde8db32959914f48d12284b929e20a1a0b9c5a5ce,4,2002,SHORT-PREFIX-20260923-priority-selected-v1,59b70217b3081ced610b38538606e94fd7e1d1b33cd56b152ca98eace465118b,4084,0,0,4084,8168.0000590004065,not_applicable,not_applicable,not_applicable,0,0,0,0,0,0,0,0,0,"derived from frozen fixed-mode PHY, not decoded TX truth",actual online waveform measurement
P4084_N4084_seed2026092404,n02788148/ILSVRC2012_val_00012264_n02788148,d77f825c1f142e1b256614bde8db32959914f48d12284b929e20a1a0b9c5a5ce,4,2003,SHORT-PREFIX-20260923-priority-selected-v1,59b70217b3081ced610b38538606e94fd7e1d1b33cd56b152ca98eace465118b,4084,0,0,4084,8168.0000590004065,not_applicable,not_applicable,not_applicable,0,0,0,0,0,0,0,0,0,"derived from frozen fixed-mode PHY, not decoded TX truth",actual online waveform measurement
P4084_N4084_seed2026092404,n02788148/ILSVRC2012_val_00012264_n02788148,d77f825c1f142e1b256614bde8db32959914f48d12284b929e20a1a0b9c5a5ce,7,2001,SHORT-PREFIX-20260923-priority-selected-v1,59b70217b3081ced610b38538606e94fd7e1d1b33cd56b152ca98eace465118b,4084,0,0,4084,8168.0000590004065,not_applicable,not_applicable,not_applicable,0,0,0,0,0,0,0,0,0,"derived from frozen fixed-mode PHY, not decoded TX truth",actual online waveform measurement
P4084_N4084_seed2026092404,n02788148/ILSVRC2012_val_00012264_n02788148,d77f825c1f142e1b256614bde8db32959914f48d12284b929e20a1a0b9c5a5ce,7,2002,SHORT-PREFIX-20260923-priority-selected-v1,59b70217b3081ced610b38538606e94fd7e1d1b33cd56b152ca98eace465118b,4084,0,0,4084,8168.0000590004065,not_applicable,not_applicable,not_applicable,0,0,0,0,0,0,0,0,0,"derived from frozen fixed-mode PHY, not decoded TX truth",actual online waveform measurement
P4084_N4084_seed2026092404,n02788148/ILSVRC2012_val_00012264_n02788148,d77f825c1f142e1b256614bde8db32959914f48d12284b929e20a1a0b9c5a5ce,7,2003,SHORT-PREFIX-20260923-priority-selected-v1,59b70217b3081ced610b38538606e94fd7e1d1b33cd56b152ca98eace465118b,4084,0,0,4084,8168.0000590004065,not_applicable,not_applicable,not_applicable,0,0,0,0,0,0,0,0,0,"derived from frozen fixed-mode PHY, not decoded TX truth",actual online waveform measurement
P4084_N4084_seed2026092404,n02788148/ILSVRC2012_val_00012264_n02788148,d77f825c1f142e1b256614bde8db32959914f48d12284b929e20a1a0b9c5a5ce,13,2001,SHORT-PREFIX-20260923-priority-selected-v1,59b70217b3081ced610b38538606e94fd7e1d1b33cd56b152ca98eace465118b,4084,0,0,4084,8168.0000590004065,not_applicable,not_applicable,not_applicable,0,0,0,0,0,0,0,0,0,"derived from frozen fixed-mode PHY, not decoded TX truth",actual online waveform measurement
P4084_N4084_seed2026092404,n02788148/ILSVRC2012_val_00012264_n02788148,d77f825c1f142e1b256614bde8db32959914f48d12284b929e20a1a0b9c5a5ce,13,2002,SHORT-PREFIX-20260923-priority-selected-v1,59b70217b3081ced610b38538606e94fd7e1d1b33cd56b152ca98eace465118b,4084,0,0,4084,8168.0000590004065,not_applicable,not_applicable,not_applicable,0,0,0,0,0,0,0,0,0,"derived from frozen fixed-mode PHY, not decoded TX truth",actual online waveform measurement
P4084_N4084_seed2026092404,n02788148/ILSVRC2012_val_00012264_n02788148,d77f825c1f142e1b256614bde8db32959914f48d12284b929e20a1a0b9c5a5ce,13,2003,SHORT-PREFIX-20260923-priority-selected-v1,59b70217b3081ced610b38538606e94fd7e1d1b33cd56b152ca98eace465118b,4084,0,0,4084,8168.0000590004065,not_applicable,not_applicable,not_applicable,0,0,0,0,0,0,0,0,0,"derived from frozen fixed-mode PHY, not decoded TX truth",actual online waveform measurement
P4084_N4084_seed2026092404,n02788148/ILSVRC2012_val_00012264_n02788148,d77f825c1f142e1b256614bde8db32959914f48d12284b929e20a1a0b9c5a5ce,19,2001,SHORT-PREFIX-20260923-priority-selected-v1,59b70217b3081ced610b38538606e94fd7e1d1b33cd56b152ca98eace465118b,4084,0,0,4084,8168.0000590004065,not_applicable,not_applicable,not_applicable,0,0,0,0,0,0,0,0,0,"derived from frozen fixed-mode PHY, not decoded TX truth",actual online waveform measurement
P4084_N4084_seed2026092404,n02788148/ILSVRC2012_val_00012264_n02788148,d77f825c1f142e1b256614bde8db32959914f48d12284b929e20a1a0b9c5a5ce,19,2002,SHORT-PREFIX-20260923-priority-selected-v1,59b70217b3081ced610b38538606e94fd7e1d1b33cd56b152ca98eace465118b,4084,0,0,4084,8168.0000590004065,not_applicable,not_applicable,not_applicable,0,0,0,0,0,0,0,0,0,"derived from frozen fixed-mode PHY, not decoded TX truth",actual online waveform measurement
P4084_N4084_seed2026092404,n02788148/ILSVRC2012_val_00012264_n02788148,d77f825c1f142e1b256614bde8db32959914f48d12284b929e20a1a0b9c5a5ce,19,2003,SHORT-PREFIX-20260923-priority-selected-v1,59b70217b3081ced610b38538606e94fd7e1d1b33cd56b152ca98eace465118b,4084,0,0,4084,8168.0000590004065,not_applicable,not_applicable,not_applicable,0,0,0,0,0,0,0,0,0,"derived from frozen fixed-mode PHY, not decoded TX truth",actual online waveform measurement
P4084_N4084_seed2026092404,n02834397/ILSVRC2012_val_00010741_n02834397,7e296a31245bc9af585ab76c42d861b0727530e951052bf54cc1a65562b49f69,1,2001,SHORT-PREFIX-20260923-priority-selected-v1,59b70217b3081ced610b38538606e94fd7e1d1b33cd56b152ca98eace465118b,4084,0,0,4084,8168.000345515509,not_applicable,not_applicable,not_applicable,0,0,0,0,0,0,0,0,0,"derived from frozen fixed-mode PHY, not decoded TX truth",actual online waveform measurement
P4084_N4084_seed2026092404,n02834397/ILSVRC2012_val_00010741_n02834397,7e296a31245bc9af585ab76c42d861b0727530e951052bf54cc1a65562b49f69,1,2002,SHORT-PREFIX-20260923-priority-selected-v1,59b70217b3081ced610b38538606e94fd7e1d1b33cd56b152ca98eace465118b,4084,0,0,4084,8168.000345515509,not_applicable,not_applicable,not_applicable,0,0,0,0,0,0,0,0,0,"derived from frozen fixed-mode PHY, not decoded TX truth",actual online waveform measurement
P4084_N4084_seed2026092404,n02834397/ILSVRC2012_val_00010741_n02834397,7e296a31245bc9af585ab76c42d861b0727530e951052bf54cc1a65562b49f69,1,2003,SHORT-PREFIX-20260923-priority-selected-v1,59b70217b3081ced610b38538606e94fd7e1d1b33cd56b152ca98eace465118b,4084,0,0,4084,8168.000345515509,not_applicable,not_applicable,not_applicable,0,0,0,0,0,0,0,0,0,"derived from frozen fixed-mode PHY, not decoded TX truth",actual online waveform measurement
P4084_N4084_seed2026092404,n02834397/ILSVRC2012_val_00010741_n02834397,7e296a31245bc9af585ab76c42d861b0727530e951052bf54cc1a65562b49f69,4,2001,SHORT-PREFIX-20260923-priority-selected-v1,59b70217b3081ced610b38538606e94fd7e1d1b33cd56b152ca98eace465118b,4084,0,0,4084,8168.000345515509,not_applicable,not_applicable,not_applicable,0,0,0,0,0,0,0,0,0,"derived from frozen fixed-mode PHY, not decoded TX truth",actual online waveform measurement
P4084_N4084_seed2026092404,n02834397/ILSVRC2012_val_00010741_n02834397,7e296a31245bc9af585ab76c42d861b0727530e951052bf54cc1a65562b49f69,4,2002,SHORT-PREFIX-20260923-priority-selected-v1,59b70217b3081ced610b38538606e94fd7e1d1b33cd56b152ca98eace465118b,4084,0,0,4084,8168.000345515509,not_applicable,not_applicable,not_applicable,0,0,0,0,0,0,0,0,0,"derived from frozen fixed-mode PHY, not decoded TX truth",actual online waveform measurement
P4084_N4084_seed2026092404,n02834397/ILSVRC2012_val_00010741_n02834397,7e296a31245bc9af585ab76c42d861b0727530e951052bf54cc1a65562b49f69,4,2003,SHORT-PREFIX-20260923-priority-selected-v1,59b70217b3081ced610b38538606e94fd7e1d1b33cd56b152ca98eace465118b,4084,0,0,4084,8168.000345515509,not_applicable,not_applicable,not_applicable,0,0,0,0,0,0,0,0,0,"derived from frozen fixed-mode PHY, not decoded TX truth",actual online waveform measurement
P4084_N4084_seed2026092404,n02834397/ILSVRC2012_val_00010741_n02834397,7e296a31245bc9af585ab76c42d861b0727530e951052bf54cc1a65562b49f69,7,2001,SHORT-PREFIX-20260923-priority-selected-v1,59b70217b3081ced610b38538606e94fd7e1d1b33cd56b152ca98eace465118b,4084,0,0,4084,8168.000345515509,not_applicable,not_applicable,not_applicable,0,0,0,0,0,0,0,0,0,"derived from frozen fixed-mode PHY, not decoded TX truth",actual online waveform measurement
P4084_N4084_seed2026092404,n02834397/ILSVRC2012_val_00010741_n02834397,7e296a31245bc9af585ab76c42d861b0727530e951052bf54cc1a65562b49f69,7,2002,SHORT-PREFIX-20260923-priority-selected-v1,59b70217b3081ced610b38538606e94fd7e1d1b33cd56b152ca98eace465118b,4084,0,0,4084,8168.000345515509,not_applicable,not_applicable,not_applicable,0,0,0,0,0,0,0,0,0,"derived from frozen fixed-mode PHY, not decoded TX truth",actual online waveform measurement
P4084_N4084_seed2026092404,n02834397/ILSVRC2012_val_00010741_n02834397,7e296a31245bc9af585ab76c42d861b0727530e951052bf54cc1a65562b49f69,7,2003,SHORT-PREFIX-20260923-priority-selected-v1,59b70217b3081ced610b38538606e94fd7e1d1b33cd56b152ca98eace465118b,4084,0,0,4084,8168.000345515509,not_applicable,not_applicable,not_applicable,0,0,0,0,0,0,0,0,0,"derived from frozen fixed-mode PHY, not decoded TX truth",actual online waveform measurement
P4084_N4084_seed2026092404,n02834397/ILSVRC2012_val_00010741_n02834397,7e296a31245bc9af585ab76c42d861b0727530e951052bf54cc1a65562b49f69,13,2001,SHORT-PREFIX-20260923-priority-selected-v1,59b70217b3081ced610b38538606e94fd7e1d1b33cd56b152ca98eace465118b,4084,0,0,4084,8168.000345515509,not_applicable,not_applicable,not_applicable,0,0,0,0,0,0,0,0,0,"derived from frozen fixed-mode PHY, not decoded TX truth",actual online waveform measurement
P4084_N4084_seed2026092404,n02834397/ILSVRC2012_val_00010741_n02834397,7e296a31245bc9af585ab76c42d861b0727530e951052bf54cc1a65562b49f69,13,2002,SHORT-PREFIX-20260923-priority-selected-v1,59b70217b3081ced610b38538606e94fd7e1d1b33cd56b152ca98eace465118b,4084,0,0,4084,8168.000345515509,not_applicable,not_applicable,not_applicable,0,0,0,0,0,0,0,0,0,"derived from frozen fixed-mode PHY, not decoded TX truth",actual online waveform measurement
P4084_N4084_seed2026092404,n02834397/ILSVRC2012_val_00010741_n02834397,7e296a31245bc9af585ab76c42d861b0727530e951052bf54cc1a65562b49f69,13,2003,SHORT-PREFIX-20260923-priority-selected-v1,59b70217b3081ced610b38538606e94fd7e1d1b33cd56b152ca98eace465118b,4084,0,0,4084,8168.000345515509,not_applicable,not_applicable,not_applicable,0,0,0,0,0,0,0,0,0,"derived from frozen fixed-mode PHY, not decoded TX truth",actual online waveform measurement
P4084_N4084_seed2026092404,n02834397/ILSVRC2012_val_00010741_n02834397,7e296a31245bc9af585ab76c42d861b0727530e951052bf54cc1a65562b49f69,19,2001,SHORT-PREFIX-20260923-priority-selected-v1,59b70217b3081ced610b38538606e94fd7e1d1b33cd56b152ca98eace465118b,4084,0,0,4084,8168.000345515509,not_applicable,not_applicable,not_applicable,0,0,0,0,0,0,0,0,0,"derived from frozen fixed-mode PHY, not decoded TX truth",actual online waveform measurement
P4084_N4084_seed2026092404,n02834397/ILSVRC2012_val_00010741_n02834397,7e296a31245bc9af585ab76c42d861b0727530e951052bf54cc1a65562b49f69,19,2002,SHORT-PREFIX-20260923-priority-selected-v1,59b70217b3081ced610b38538606e94fd7e1d1b33cd56b152ca98eace465118b,4084,0,0,4084,8168.000345515509,not_applicable,not_applicable,not_applicable,0,0,0,0,0,0,0,0,0,"derived from frozen fixed-mode PHY, not decoded TX truth",actual online waveform measurement
P4084_N4084_seed2026092404,n02834397/ILSVRC2012_val_00010741_n02834397,7e296a31245bc9af585ab76c42d861b0727530e951052bf54cc1a65562b49f69,19,2003,SHORT-PREFIX-20260923-priority-selected-v1,59b70217b3081ced610b38538606e94fd7e1d1b33cd56b152ca98eace465118b,4084,0,0,4084,8168.000345515509,not_applicable,not_applicable,not_applicable,0,0,0,0,0,0,0,0,0,"derived from frozen fixed-mode PHY, not decoded TX truth",actual online waveform measurement
P4084_N4084_seed2026092404,n02841315/ILSVRC2012_val_00014601_n02841315,b19f30a7cd526ca652bf3bfc1deb42f07c00fbd53c9feea68ff4447f8d9e8bb7,1,2001,SHORT-PREFIX-20260923-priority-selected-v1,59b70217b3081ced610b38538606e94fd7e1d1b33cd56b152ca98eace465118b,4084,0,0,4084,8168.0006448461,not_applicable,not_applicable,not_applicable,0,0,0,0,0,0,0,0,0,"derived from frozen fixed-mode PHY, not decoded TX truth",actual online waveform measurement
P4084_N4084_seed2026092404,n02841315/ILSVRC2012_val_00014601_n02841315,b19f30a7cd526ca652bf3bfc1deb42f07c00fbd53c9feea68ff4447f8d9e8bb7,1,2002,SHORT-PREFIX-20260923-priority-selected-v1,59b70217b3081ced610b38538606e94fd7e1d1b33cd56b152ca98eace465118b,4084,0,0,4084,8168.0006448461,not_applicable,not_applicable,not_applicable,0,0,0,0,0,0,0,0,0,"derived from frozen fixed-mode PHY, not decoded TX truth",actual online waveform measurement
P4084_N4084_seed2026092404,n02841315/ILSVRC2012_val_00014601_n02841315,b19f30a7cd526ca652bf3bfc1deb42f07c00fbd53c9feea68ff4447f8d9e8bb7,1,2003,SHORT-PREFIX-20260923-priority-selected-v1,59b70217b3081ced610b38538606e94fd7e1d1b33cd56b152ca98eace465118b,4084,0,0,4084,8168.0006448461,not_applicable,not_applicable,not_applicable,0,0,0,0,0,0,0,0,0,"derived from frozen fixed-mode PHY, not decoded TX truth",actual online waveform measurement
P4084_N4084_seed2026092404,n02841315/ILSVRC2012_val_00014601_n02841315,b19f30a7cd526ca652bf3bfc1deb42f07c00fbd53c9feea68ff4447f8d9e8bb7,4,2001,SHORT-PREFIX-20260923-priority-selected-v1,59b70217b3081ced610b38538606e94fd7e1d1b33cd56b152ca98eace465118b,4084,0,0,4084,8168.0006448461,not_applicable,not_applicable,not_applicable,0,0,0,0,0,0,0,0,0,"derived from frozen fixed-mode PHY, not decoded TX truth",actual online waveform measurement
P4084_N4084_seed2026092404,n02841315/ILSVRC2012_val_00014601_n02841315,b19f30a7cd526ca652bf3bfc1deb42f07c00fbd53c9feea68ff4447f8d9e8bb7,4,2002,SHORT-PREFIX-20260923-priority-selected-v1,59b70217b3081ced610b38538606e94fd7e1d1b33cd56b152ca98eace465118b,4084,0,0,4084,8168.0006448461,not_applicable,not_applicable,not_applicable,0,0,0,0,0,0,0,0,0,"derived from frozen fixed-mode PHY, not decoded TX truth",actual online waveform measurement
P4084_N4084_seed2026092404,n02841315/ILSVRC2012_val_00014601_n02841315,b19f30a7cd526ca652bf3bfc1deb42f07c00fbd53c9feea68ff4447f8d9e8bb7,4,2003,SHORT-PREFIX-20260923-priority-selected-v1,59b70217b3081ced610b38538606e94fd7e1d1b33cd56b152ca98eace465118b,4084,0,0,4084,8168.0006448461,not_applicable,not_applicable,not_applicable,0,0,0,0,0,0,0,0,0,"derived from frozen fixed-mode PHY, not decoded TX truth",actual online waveform measurement
P4084_N4084_seed2026092404,n02841315/ILSVRC2012_val_00014601_n02841315,b19f30a7cd526ca652bf3bfc1deb42f07c00fbd53c9feea68ff4447f8d9e8bb7,7,2001,SHORT-PREFIX-20260923-priority-selected-v1,59b70217b3081ced610b38538606e94fd7e1d1b33cd56b152ca98eace465118b,4084,0,0,4084,8168.0006448461,not_applicable,not_applicable,not_applicable,0,0,0,0,0,0,0,0,0,"derived from frozen fixed-mode PHY, not decoded TX truth",actual online waveform measurement
P4084_N4084_seed2026092404,n02841315/ILSVRC2012_val_00014601_n02841315,b19f30a7cd526ca652bf3bfc1deb42f07c00fbd53c9feea68ff4447f8d9e8bb7,7,2002,SHORT-PREFIX-20260923-priority-selected-v1,59b70217b3081ced610b38538606e94fd7e1d1b33cd56b152ca98eace465118b,4084,0,0,4084,8168.0006448461,not_applicable,not_applicable,not_applicable,0,0,0,0,0,0,0,0,0,"derived from frozen fixed-mode PHY, not decoded TX truth",actual online waveform measurement
P4084_N4084_seed2026092404,n02841315/ILSVRC2012_val_00014601_n02841315,b19f30a7cd526ca652bf3bfc1deb42f07c00fbd53c9feea68ff4447f8d9e8bb7,7,2003,SHORT-PREFIX-20260923-priority-selected-v1,59b70217b3081ced610b38538606e94fd7e1d1b33cd56b152ca98eace465118b,4084,0,0,4084,8168.0006448461,not_applicable,not_applicable,not_applicable,0,0,0,0,0,0,0,0,0,"derived from frozen fixed-mode PHY, not decoded TX truth",actual online waveform measurement
P4084_N4084_seed2026092404,n02841315/ILSVRC2012_val_00014601_n02841315,b19f30a7cd526ca652bf3bfc1deb42f07c00fbd53c9feea68ff4447f8d9e8bb7,13,2001,SHORT-PREFIX-20260923-priority-selected-v1,59b70217b3081ced610b38538606e94fd7e1d1b33cd56b152ca98eace465118b,4084,0,0,4084,8168.0006448461,not_applicable,not_applicable,not_applicable,0,0,0,0,0,0,0,0,0,"derived from frozen fixed-mode PHY, not decoded TX truth",actual online waveform measurement
P4084_N4084_seed2026092404,n02841315/ILSVRC2012_val_00014601_n02841315,b19f30a7cd526ca652bf3bfc1deb42f07c00fbd53c9feea68ff4447f8d9e8bb7,13,2002,SHORT-PREFIX-20260923-priority-selected-v1,59b70217b3081ced610b38538606e94fd7e1d1b33cd56b152ca98eace465118b,4084,0,0,4084,8168.0006448461,not_applicable,not_applicable,not_applicable,0,0,0,0,0,0,0,0,0,"derived from frozen fixed-mode PHY, not decoded TX truth",actual online waveform measurement
P4084_N4084_seed2026092404,n02841315/ILSVRC2012_val_00014601_n02841315,b19f30a7cd526ca652bf3bfc1deb42f07c00fbd53c9feea68ff4447f8d9e8bb7,13,2003,SHORT-PREFIX-20260923-priority-selected-v1,59b70217b3081ced610b38538606e94fd7e1d1b33cd56b152ca98eace465118b,4084,0,0,4084,8168.0006448461,not_applicable,not_applicable,not_applicable,0,0,0,0,0,0,0,0,0,"derived from frozen fixed-mode PHY, not decoded TX truth",actual online waveform measurement
P4084_N4084_seed2026092404,n02841315/ILSVRC2012_val_00014601_n02841315,b19f30a7cd526ca652bf3bfc1deb42f07c00fbd53c9feea68ff4447f8d9e8bb7,19,2001,SHORT-PREFIX-20260923-priority-selected-v1,59b70217b3081ced610b38538606e94fd7e1d1b33cd56b152ca98eace465118b,4084,0,0,4084,8168.0006448461,not_applicable,not_applicable,not_applicable,0,0,0,0,0,0,0,0,0,"derived from frozen fixed-mode PHY, not decoded TX truth",actual online waveform measurement
P4084_N4084_seed2026092404,n02841315/ILSVRC2012_val_00014601_n02841315,b19f30a7cd526ca652bf3bfc1deb42f07c00fbd53c9feea68ff4447f8d9e8bb7,19,2002,SHORT-PREFIX-20260923-priority-selected-v1,59b70217b3081ced610b38538606e94fd7e1d1b33cd56b152ca98eace465118b,4084,0,0,4084,8168.0006448461,not_applicable,not_applicable,not_applicable,0,0,0,0,0,0,0,0,0,"derived from frozen fixed-mode PHY, not decoded TX truth",actual online waveform measurement
P4084_N4084_seed2026092404,n02841315/ILSVRC2012_val_00014601_n02841315,b19f30a7cd526ca652bf3bfc1deb42f07c00fbd53c9feea68ff4447f8d9e8bb7,19,2003,SHORT-PREFIX-20260923-priority-selected-v1,59b70217b3081ced610b38538606e94fd7e1d1b33cd56b152ca98eace465118b,4084,0,0,4084,8168.0006448461,not_applicable,not_applicable,not_applicable,0,0,0,0,0,0,0,0,0,"derived from frozen fixed-mode PHY, not decoded TX truth",actual online waveform measurement
P4084_N4084_seed2026092404,n02910353/ILSVRC2012_val_00017543_n02910353,c27e162eeb52bdd42f8afb9b5faed79a866cf4780dd2868324fc795fecdab836,1,2001,SHORT-PREFIX-20260923-priority-selected-v1,59b70217b3081ced610b38538606e94fd7e1d1b33cd56b152ca98eace465118b,4084,0,0,4084,8168.000365558164,not_applicable,not_applicable,not_applicable,0,0,0,0,0,0,0,0,0,"derived from frozen fixed-mode PHY, not decoded TX truth",actual online waveform measurement
P4084_N4084_seed2026092404,n02910353/ILSVRC2012_val_00017543_n02910353,c27e162eeb52bdd42f8afb9b5faed79a866cf4780dd2868324fc795fecdab836,1,2002,SHORT-PREFIX-20260923-priority-selected-v1,59b70217b3081ced610b38538606e94fd7e1d1b33cd56b152ca98eace465118b,4084,0,0,4084,8168.000365558164,not_applicable,not_applicable,not_applicable,0,0,0,0,0,0,0,0,0,"derived from frozen fixed-mode PHY, not decoded TX truth",actual online waveform measurement
P4084_N4084_seed2026092404,n02910353/ILSVRC2012_val_00017543_n02910353,c27e162eeb52bdd42f8afb9b5faed79a866cf4780dd2868324fc795fecdab836,1,2003,SHORT-PREFIX-20260923-priority-selected-v1,59b70217b3081ced610b38538606e94fd7e1d1b33cd56b152ca98eace465118b,4084,0,0,4084,8168.000365558164,not_applicable,not_applicable,not_applicable,0,0,0,0,0,0,0,0,0,"derived from frozen fixed-mode PHY, not decoded TX truth",actual online waveform measurement
P4084_N4084_seed2026092404,n02910353/ILSVRC2012_val_00017543_n02910353,c27e162eeb52bdd42f8afb9b5faed79a866cf4780dd2868324fc795fecdab836,4,2001,SHORT-PREFIX-20260923-priority-selected-v1,59b70217b3081ced610b38538606e94fd7e1d1b33cd56b152ca98eace465118b,4084,0,0,4084,8168.000365558164,not_applicable,not_applicable,not_applicable,0,0,0,0,0,0,0,0,0,"derived from frozen fixed-mode PHY, not decoded TX truth",actual online waveform measurement
P4084_N4084_seed2026092404,n02910353/ILSVRC2012_val_00017543_n02910353,c27e162eeb52bdd42f8afb9b5faed79a866cf4780dd2868324fc795fecdab836,4,2002,SHORT-PREFIX-20260923-priority-selected-v1,59b70217b3081ced610b38538606e94fd7e1d1b33cd56b152ca98eace465118b,4084,0,0,4084,8168.000365558164,not_applicable,not_applicable,not_applicable,0,0,0,0,0,0,0,0,0,"derived from frozen fixed-mode PHY, not decoded TX truth",actual online waveform measurement
P4084_N4084_seed2026092404,n02910353/ILSVRC2012_val_00017543_n02910353,c27e162eeb52bdd42f8afb9b5faed79a866cf4780dd2868324fc795fecdab836,4,2003,SHORT-PREFIX-20260923-priority-selected-v1,59b70217b3081ced610b38538606e94fd7e1d1b33cd56b152ca98eace465118b,4084,0,0,4084,8168.000365558164,not_applicable,not_applicable,not_applicable,0,0,0,0,0,0,0,0,0,"derived from frozen fixed-mode PHY, not decoded TX truth",actual online waveform measurement
P4084_N4084_seed2026092404,n02910353/ILSVRC2012_val_00017543_n02910353,c27e162eeb52bdd42f8afb9b5faed79a866cf4780dd2868324fc795fecdab836,7,2001,SHORT-PREFIX-20260923-priority-selected-v1,59b70217b3081ced610b38538606e94fd7e1d1b33cd56b152ca98eace465118b,4084,0,0,4084,8168.000365558164,not_applicable,not_applicable,not_applicable,0,0,0,0,0,0,0,0,0,"derived from frozen fixed-mode PHY, not decoded TX truth",actual online waveform measurement
P4084_N4084_seed2026092404,n02910353/ILSVRC2012_val_00017543_n02910353,c27e162eeb52bdd42f8afb9b5faed79a866cf4780dd2868324fc795fecdab836,7,2002,SHORT-PREFIX-20260923-priority-selected-v1,59b70217b3081ced610b38538606e94fd7e1d1b33cd56b152ca98eace465118b,4084,0,0,4084,8168.000365558164,not_applicable,not_applicable,not_applicable,0,0,0,0,0,0,0,0,0,"derived from frozen fixed-mode PHY, not decoded TX truth",actual online waveform measurement
P4084_N4084_seed2026092404,n02910353/ILSVRC2012_val_00017543_n02910353,c27e162eeb52bdd42f8afb9b5faed79a866cf4780dd2868324fc795fecdab836,7,2003,SHORT-PREFIX-20260923-priority-selected-v1,59b70217b3081ced610b38538606e94fd7e1d1b33cd56b152ca98eace465118b,4084,0,0,4084,8168.000365558164,not_applicable,not_applicable,not_applicable,0,0,0,0,0,0,0,0,0,"derived from frozen fixed-mode PHY, not decoded TX truth",actual online waveform measurement
P4084_N4084_seed2026092404,n02910353/ILSVRC2012_val_00017543_n02910353,c27e162eeb52bdd42f8afb9b5faed79a866cf4780dd2868324fc795fecdab836,13,2001,SHORT-PREFIX-20260923-priority-selected-v1,59b70217b3081ced610b38538606e94fd7e1d1b33cd56b152ca98eace465118b,4084,0,0,4084,8168.000365558164,not_applicable,not_applicable,not_applicable,0,0,0,0,0,0,0,0,0,"derived from frozen fixed-mode PHY, not decoded TX truth",actual online waveform measurement
P4084_N4084_seed2026092404,n02910353/ILSVRC2012_val_00017543_n02910353,c27e162eeb52bdd42f8afb9b5faed79a866cf4780dd2868324fc795fecdab836,13,2002,SHORT-PREFIX-20260923-priority-selected-v1,59b70217b3081ced610b38538606e94fd7e1d1b33cd56b152ca98eace465118b,4084,0,0,4084,8168.000365558164,not_applicable,not_applicable,not_applicable,0,0,0,0,0,0,0,0,0,"derived from frozen fixed-mode PHY, not decoded TX truth",actual online waveform measurement
P4084_N4084_seed2026092404,n02910353/ILSVRC2012_val_00017543_n02910353,c27e162eeb52bdd42f8afb9b5faed79a866cf4780dd2868324fc795fecdab836,13,2003,SHORT-PREFIX-20260923-priority-selected-v1,59b70217b3081ced610b38538606e94fd7e1d1b33cd56b152ca98eace465118b,4084,0,0,4084,8168.000365558164,not_applicable,not_applicable,not_applicable,0,0,0,0,0,0,0,0,0,"derived from frozen fixed-mode PHY, not decoded TX truth",actual online waveform measurement
P4084_N4084_seed2026092404,n02910353/ILSVRC2012_val_00017543_n02910353,c27e162eeb52bdd42f8afb9b5faed79a866cf4780dd2868324fc795fecdab836,19,2001,SHORT-PREFIX-20260923-priority-selected-v1,59b70217b3081ced610b38538606e94fd7e1d1b33cd56b152ca98eace465118b,4084,0,0,4084,8168.000365558164,not_applicable,not_applicable,not_applicable,0,0,0,0,0,0,0,0,0,"derived from frozen fixed-mode PHY, not decoded TX truth",actual online waveform measurement
P4084_N4084_seed2026092404,n02910353/ILSVRC2012_val_00017543_n02910353,c27e162eeb52bdd42f8afb9b5faed79a866cf4780dd2868324fc795fecdab836,19,2002,SHORT-PREFIX-20260923-priority-selected-v1,59b70217b3081ced610b38538606e94fd7e1d1b33cd56b152ca98eace465118b,4084,0,0,4084,8168.000365558164,not_applicable,not_applicable,not_applicable,0,0,0,0,0,0,0,0,0,"derived from frozen fixed-mode PHY, not decoded TX truth",actual online waveform measurement
P4084_N4084_seed2026092404,n02910353/ILSVRC2012_val_00017543_n02910353,c27e162eeb52bdd42f8afb9b5faed79a866cf4780dd2868324fc795fecdab836,19,2003,SHORT-PREFIX-20260923-priority-selected-v1,59b70217b3081ced610b38538606e94fd7e1d1b33cd56b152ca98eace465118b,4084,0,0,4084,8168.000365558164,not_applicable,not_applicable,not_applicable,0,0,0,0,0,0,0,0,0,"derived from frozen fixed-mode PHY, not decoded TX truth",actual online waveform measurement
P4084_N4084_seed2026092404,n02951585/ILSVRC2012_val_00008336_n02951585,6287e5124249bc06487c026c7ef680074a0e54fccdb9e9796fb43e1bae73b987,1,2001,SHORT-PREFIX-20260923-priority-selected-v1,59b70217b3081ced610b38538606e94fd7e1d1b33cd56b152ca98eace465118b,4084,0,0,4084,8168.000212478151,not_applicable,not_applicable,not_applicable,0,0,0,0,0,0,0,0,0,"derived from frozen fixed-mode PHY, not decoded TX truth",actual online waveform measurement
P4084_N4084_seed2026092404,n02951585/ILSVRC2012_val_00008336_n02951585,6287e5124249bc06487c026c7ef680074a0e54fccdb9e9796fb43e1bae73b987,1,2002,SHORT-PREFIX-20260923-priority-selected-v1,59b70217b3081ced610b38538606e94fd7e1d1b33cd56b152ca98eace465118b,4084,0,0,4084,8168.000212478151,not_applicable,not_applicable,not_applicable,0,0,0,0,0,0,0,0,0,"derived from frozen fixed-mode PHY, not decoded TX truth",actual online waveform measurement
P4084_N4084_seed2026092404,n02951585/ILSVRC2012_val_00008336_n02951585,6287e5124249bc06487c026c7ef680074a0e54fccdb9e9796fb43e1bae73b987,1,2003,SHORT-PREFIX-20260923-priority-selected-v1,59b70217b3081ced610b38538606e94fd7e1d1b33cd56b152ca98eace465118b,4084,0,0,4084,8168.000212478151,not_applicable,not_applicable,not_applicable,0,0,0,0,0,0,0,0,0,"derived from frozen fixed-mode PHY, not decoded TX truth",actual online waveform measurement
P4084_N4084_seed2026092404,n02951585/ILSVRC2012_val_00008336_n02951585,6287e5124249bc06487c026c7ef680074a0e54fccdb9e9796fb43e1bae73b987,4,2001,SHORT-PREFIX-20260923-priority-selected-v1,59b70217b3081ced610b38538606e94fd7e1d1b33cd56b152ca98eace465118b,4084,0,0,4084,8168.000212478151,not_applicable,not_applicable,not_applicable,0,0,0,0,0,0,0,0,0,"derived from frozen fixed-mode PHY, not decoded TX truth",actual online waveform measurement
P4084_N4084_seed2026092404,n02951585/ILSVRC2012_val_00008336_n02951585,6287e5124249bc06487c026c7ef680074a0e54fccdb9e9796fb43e1bae73b987,4,2002,SHORT-PREFIX-20260923-priority-selected-v1,59b70217b3081ced610b38538606e94fd7e1d1b33cd56b152ca98eace465118b,4084,0,0,4084,8168.000212478151,not_applicable,not_applicable,not_applicable,0,0,0,0,0,0,0,0,0,"derived from frozen fixed-mode PHY, not decoded TX truth",actual online waveform measurement
P4084_N4084_seed2026092404,n02951585/ILSVRC2012_val_00008336_n02951585,6287e5124249bc06487c026c7ef680074a0e54fccdb9e9796fb43e1bae73b987,4,2003,SHORT-PREFIX-20260923-priority-selected-v1,59b70217b3081ced610b38538606e94fd7e1d1b33cd56b152ca98eace465118b,4084,0,0,4084,8168.000212478151,not_applicable,not_applicable,not_applicable,0,0,0,0,0,0,0,0,0,"derived from frozen fixed-mode PHY, not decoded TX truth",actual online waveform measurement
P4084_N4084_seed2026092404,n02951585/ILSVRC2012_val_00008336_n02951585,6287e5124249bc06487c026c7ef680074a0e54fccdb9e9796fb43e1bae73b987,7,2001,SHORT-PREFIX-20260923-priority-selected-v1,59b70217b3081ced610b38538606e94fd7e1d1b33cd56b152ca98eace465118b,4084,0,0,4084,8168.000212478151,not_applicable,not_applicable,not_applicable,0,0,0,0,0,0,0,0,0,"derived from frozen fixed-mode PHY, not decoded TX truth",actual online waveform measurement
P4084_N4084_seed2026092404,n02951585/ILSVRC2012_val_00008336_n02951585,6287e5124249bc06487c026c7ef680074a0e54fccdb9e9796fb43e1bae73b987,7,2002,SHORT-PREFIX-20260923-priority-selected-v1,59b70217b3081ced610b38538606e94fd7e1d1b33cd56b152ca98eace465118b,4084,0,0,4084,8168.000212478151,not_applicable,not_applicable,not_applicable,0,0,0,0,0,0,0,0,0,"derived from frozen fixed-mode PHY, not decoded TX truth",actual online waveform measurement
P4084_N4084_seed2026092404,n02951585/ILSVRC2012_val_00008336_n02951585,6287e5124249bc06487c026c7ef680074a0e54fccdb9e9796fb43e1bae73b987,7,2003,SHORT-PREFIX-20260923-priority-selected-v1,59b70217b3081ced610b38538606e94fd7e1d1b33cd56b152ca98eace465118b,4084,0,0,4084,8168.000212478151,not_applicable,not_applicable,not_applicable,0,0,0,0,0,0,0,0,0,"derived from frozen fixed-mode PHY, not decoded TX truth",actual online waveform measurement
P4084_N4084_seed2026092404,n02951585/ILSVRC2012_val_00008336_n02951585,6287e5124249bc06487c026c7ef680074a0e54fccdb9e9796fb43e1bae73b987,13,2001,SHORT-PREFIX-20260923-priority-selected-v1,59b70217b3081ced610b38538606e94fd7e1d1b33cd56b152ca98eace465118b,4084,0,0,4084,8168.000212478151,not_applicable,not_applicable,not_applicable,0,0,0,0,0,0,0,0,0,"derived from frozen fixed-mode PHY, not decoded TX truth",actual online waveform measurement
P4084_N4084_seed2026092404,n02951585/ILSVRC2012_val_00008336_n02951585,6287e5124249bc06487c026c7ef680074a0e54fccdb9e9796fb43e1bae73b987,13,2002,SHORT-PREFIX-20260923-priority-selected-v1,59b70217b3081ced610b38538606e94fd7e1d1b33cd56b152ca98eace465118b,4084,0,0,4084,8168.000212478151,not_applicable,not_applicable,not_applicable,0,0,0,0,0,0,0,0,0,"derived from frozen fixed-mode PHY, not decoded TX truth",actual online waveform measurement
P4084_N4084_seed2026092404,n02951585/ILSVRC2012_val_00008336_n02951585,6287e5124249bc06487c026c7ef680074a0e54fccdb9e9796fb43e1bae73b987,13,2003,SHORT-PREFIX-20260923-priority-selected-v1,59b70217b3081ced610b38538606e94fd7e1d1b33cd56b152ca98eace465118b,4084,0,0,4084,8168.000212478151,not_applicable,not_applicable,not_applicable,0,0,0,0,0,0,0,0,0,"derived from frozen fixed-mode PHY, not decoded TX truth",actual online waveform measurement
P4084_N4084_seed2026092404,n02951585/ILSVRC2012_val_00008336_n02951585,6287e5124249bc06487c026c7ef680074a0e54fccdb9e9796fb43e1bae73b987,19,2001,SHORT-PREFIX-20260923-priority-selected-v1,59b70217b3081ced610b38538606e94fd7e1d1b33cd56b152ca98eace465118b,4084,0,0,4084,8168.000212478151,not_applicable,not_applicable,not_applicable,0,0,0,0,0,0,0,0,0,"derived from frozen fixed-mode PHY, not decoded TX truth",actual online waveform measurement
P4084_N4084_seed2026092404,n02951585/ILSVRC2012_val_00008336_n02951585,6287e5124249bc06487c026c7ef680074a0e54fccdb9e9796fb43e1bae73b987,19,2002,SHORT-PREFIX-20260923-priority-selected-v1,59b70217b3081ced610b38538606e94fd7e1d1b33cd56b152ca98eace465118b,4084,0,0,4084,8168.000212478151,not_applicable,not_applicable,not_applicable,0,0,0,0,0,0,0,0,0,"derived from frozen fixed-mode PHY, not decoded TX truth",actual online waveform measurement
P4084_N4084_seed2026092404,n02951585/ILSVRC2012_val_00008336_n02951585,6287e5124249bc06487c026c7ef680074a0e54fccdb9e9796fb43e1bae73b987,19,2003,SHORT-PREFIX-20260923-priority-selected-v1,59b70217b3081ced610b38538606e94fd7e1d1b33cd56b152ca98eace465118b,4084,0,0,4084,8168.000212478151,not_applicable,not_applicable,not_applicable,0,0,0,0,0,0,0,0,0,"derived from frozen fixed-mode PHY, not decoded TX truth",actual online waveform measurement
P4084_N4084_seed2026092404,n02980441/ILSVRC2012_val_00023472_n02980441,431d4041c6610691fb229a8e04d9675487a0d0f1f248d24f907f412a19b59b4d,1,2001,SHORT-PREFIX-20260923-priority-selected-v1,59b70217b3081ced610b38538606e94fd7e1d1b33cd56b152ca98eace465118b,4084,0,0,4084,8168.000636378245,not_applicable,not_applicable,not_applicable,0,0,0,0,0,0,0,0,0,"derived from frozen fixed-mode PHY, not decoded TX truth",actual online waveform measurement
P4084_N4084_seed2026092404,n02980441/ILSVRC2012_val_00023472_n02980441,431d4041c6610691fb229a8e04d9675487a0d0f1f248d24f907f412a19b59b4d,1,2002,SHORT-PREFIX-20260923-priority-selected-v1,59b70217b3081ced610b38538606e94fd7e1d1b33cd56b152ca98eace465118b,4084,0,0,4084,8168.000636378245,not_applicable,not_applicable,not_applicable,0,0,0,0,0,0,0,0,0,"derived from frozen fixed-mode PHY, not decoded TX truth",actual online waveform measurement
P4084_N4084_seed2026092404,n02980441/ILSVRC2012_val_00023472_n02980441,431d4041c6610691fb229a8e04d9675487a0d0f1f248d24f907f412a19b59b4d,1,2003,SHORT-PREFIX-20260923-priority-selected-v1,59b70217b3081ced610b38538606e94fd7e1d1b33cd56b152ca98eace465118b,4084,0,0,4084,8168.000636378245,not_applicable,not_applicable,not_applicable,0,0,0,0,0,0,0,0,0,"derived from frozen fixed-mode PHY, not decoded TX truth",actual online waveform measurement
P4084_N4084_seed2026092404,n02980441/ILSVRC2012_val_00023472_n02980441,431d4041c6610691fb229a8e04d9675487a0d0f1f248d24f907f412a19b59b4d,4,2001,SHORT-PREFIX-20260923-priority-selected-v1,59b70217b3081ced610b38538606e94fd7e1d1b33cd56b152ca98eace465118b,4084,0,0,4084,8168.000636378245,not_applicable,not_applicable,not_applicable,0,0,0,0,0,0,0,0,0,"derived from frozen fixed-mode PHY, not decoded TX truth",actual online waveform measurement
P4084_N4084_seed2026092404,n02980441/ILSVRC2012_val_00023472_n02980441,431d4041c6610691fb229a8e04d9675487a0d0f1f248d24f907f412a19b59b4d,4,2002,SHORT-PREFIX-20260923-priority-selected-v1,59b70217b3081ced610b38538606e94fd7e1d1b33cd56b152ca98eace465118b,4084,0,0,4084,8168.000636378245,not_applicable,not_applicable,not_applicable,0,0,0,0,0,0,0,0,0,"derived from frozen fixed-mode PHY, not decoded TX truth",actual online waveform measurement
P4084_N4084_seed2026092404,n02980441/ILSVRC2012_val_00023472_n02980441,431d4041c6610691fb229a8e04d9675487a0d0f1f248d24f907f412a19b59b4d,4,2003,SHORT-PREFIX-20260923-priority-selected-v1,59b70217b3081ced610b38538606e94fd7e1d1b33cd56b152ca98eace465118b,4084,0,0,4084,8168.000636378245,not_applicable,not_applicable,not_applicable,0,0,0,0,0,0,0,0,0,"derived from frozen fixed-mode PHY, not decoded TX truth",actual online waveform measurement
P4084_N4084_seed2026092404,n02980441/ILSVRC2012_val_00023472_n02980441,431d4041c6610691fb229a8e04d9675487a0d0f1f248d24f907f412a19b59b4d,7,2001,SHORT-PREFIX-20260923-priority-selected-v1,59b70217b3081ced610b38538606e94fd7e1d1b33cd56b152ca98eace465118b,4084,0,0,4084,8168.000636378245,not_applicable,not_applicable,not_applicable,0,0,0,0,0,0,0,0,0,"derived from frozen fixed-mode PHY, not decoded TX truth",actual online waveform measurement
P4084_N4084_seed2026092404,n02980441/ILSVRC2012_val_00023472_n02980441,431d4041c6610691fb229a8e04d9675487a0d0f1f248d24f907f412a19b59b4d,7,2002,SHORT-PREFIX-20260923-priority-selected-v1,59b70217b3081ced610b38538606e94fd7e1d1b33cd56b152ca98eace465118b,4084,0,0,4084,8168.000636378245,not_applicable,not_applicable,not_applicable,0,0,0,0,0,0,0,0,0,"derived from frozen fixed-mode PHY, not decoded TX truth",actual online waveform measurement
P4084_N4084_seed2026092404,n02980441/ILSVRC2012_val_00023472_n02980441,431d4041c6610691fb229a8e04d9675487a0d0f1f248d24f907f412a19b59b4d,7,2003,SHORT-PREFIX-20260923-priority-selected-v1,59b70217b3081ced610b38538606e94fd7e1d1b33cd56b152ca98eace465118b,4084,0,0,4084,8168.000636378245,not_applicable,not_applicable,not_applicable,0,0,0,0,0,0,0,0,0,"derived from frozen fixed-mode PHY, not decoded TX truth",actual online waveform measurement
P4084_N4084_seed2026092404,n02980441/ILSVRC2012_val_00023472_n02980441,431d4041c6610691fb229a8e04d9675487a0d0f1f248d24f907f412a19b59b4d,13,2001,SHORT-PREFIX-20260923-priority-selected-v1,59b70217b3081ced610b38538606e94fd7e1d1b33cd56b152ca98eace465118b,4084,0,0,4084,8168.000636378245,not_applicable,not_applicable,not_applicable,0,0,0,0,0,0,0,0,0,"derived from frozen fixed-mode PHY, not decoded TX truth",actual online waveform measurement
P4084_N4084_seed2026092404,n02980441/ILSVRC2012_val_00023472_n02980441,431d4041c6610691fb229a8e04d9675487a0d0f1f248d24f907f412a19b59b4d,13,2002,SHORT-PREFIX-20260923-priority-selected-v1,59b70217b3081ced610b38538606e94fd7e1d1b33cd56b152ca98eace465118b,4084,0,0,4084,8168.000636378245,not_applicable,not_applicable,not_applicable,0,0,0,0,0,0,0,0,0,"derived from frozen fixed-mode PHY, not decoded TX truth",actual online waveform measurement
P4084_N4084_seed2026092404,n02980441/ILSVRC2012_val_00023472_n02980441,431d4041c6610691fb229a8e04d9675487a0d0f1f248d24f907f412a19b59b4d,13,2003,SHORT-PREFIX-20260923-priority-selected-v1,59b70217b3081ced610b38538606e94fd7e1d1b33cd56b152ca98eace465118b,4084,0,0,4084,8168.000636378245,not_applicable,not_applicable,not_applicable,0,0,0,0,0,0,0,0,0,"derived from frozen fixed-mode PHY, not decoded TX truth",actual online waveform measurement
P4084_N4084_seed2026092404,n02980441/ILSVRC2012_val_00023472_n02980441,431d4041c6610691fb229a8e04d9675487a0d0f1f248d24f907f412a19b59b4d,19,2001,SHORT-PREFIX-20260923-priority-selected-v1,59b70217b3081ced610b38538606e94fd7e1d1b33cd56b152ca98eace465118b,4084,0,0,4084,8168.000636378245,not_applicable,not_applicable,not_applicable,0,0,0,0,0,0,0,0,0,"derived from frozen fixed-mode PHY, not decoded TX truth",actual online waveform measurement
P4084_N4084_seed2026092404,n02980441/ILSVRC2012_val_00023472_n02980441,431d4041c6610691fb229a8e04d9675487a0d0f1f248d24f907f412a19b59b4d,19,2002,SHORT-PREFIX-20260923-priority-selected-v1,59b70217b3081ced610b38538606e94fd7e1d1b33cd56b152ca98eace465118b,4084,0,0,4084,8168.000636378245,not_applicable,not_applicable,not_applicable,0,0,0,0,0,0,0,0,0,"derived from frozen fixed-mode PHY, not decoded TX truth",actual online waveform measurement
P4084_N4084_seed2026092404,n02980441/ILSVRC2012_val_00023472_n02980441,431d4041c6610691fb229a8e04d9675487a0d0f1f248d24f907f412a19b59b4d,19,2003,SHORT-PREFIX-20260923-priority-selected-v1,59b70217b3081ced610b38538606e94fd7e1d1b33cd56b152ca98eace465118b,4084,0,0,4084,8168.000636378245,not_applicable,not_applicable,not_applicable,0,0,0,0,0,0,0,0,0,"derived from frozen fixed-mode PHY, not decoded TX truth",actual online waveform measurement
P4084_N4084_seed2026092404,n03028079/ILSVRC2012_val_00031446_n03028079,68d3b9ce94abf8f4587927a53677c949e781d6c4cd367b6ba90426a9025a44b8,1,2001,SHORT-PREFIX-20260923-priority-selected-v1,59b70217b3081ced610b38538606e94fd7e1d1b33cd56b152ca98eace465118b,4084,0,0,4084,8168.000993539057,not_applicable,not_applicable,not_applicable,0,0,0,0,0,0,0,0,0,"derived from frozen fixed-mode PHY, not decoded TX truth",actual online waveform measurement
P4084_N4084_seed2026092404,n03028079/ILSVRC2012_val_00031446_n03028079,68d3b9ce94abf8f4587927a53677c949e781d6c4cd367b6ba90426a9025a44b8,1,2002,SHORT-PREFIX-20260923-priority-selected-v1,59b70217b3081ced610b38538606e94fd7e1d1b33cd56b152ca98eace465118b,4084,0,0,4084,8168.000993539057,not_applicable,not_applicable,not_applicable,0,0,0,0,0,0,0,0,0,"derived from frozen fixed-mode PHY, not decoded TX truth",actual online waveform measurement
P4084_N4084_seed2026092404,n03028079/ILSVRC2012_val_00031446_n03028079,68d3b9ce94abf8f4587927a53677c949e781d6c4cd367b6ba90426a9025a44b8,1,2003,SHORT-PREFIX-20260923-priority-selected-v1,59b70217b3081ced610b38538606e94fd7e1d1b33cd56b152ca98eace465118b,4084,0,0,4084,8168.000993539057,not_applicable,not_applicable,not_applicable,0,0,0,0,0,0,0,0,0,"derived from frozen fixed-mode PHY, not decoded TX truth",actual online waveform measurement
P4084_N4084_seed2026092404,n03028079/ILSVRC2012_val_00031446_n03028079,68d3b9ce94abf8f4587927a53677c949e781d6c4cd367b6ba90426a9025a44b8,4,2001,SHORT-PREFIX-20260923-priority-selected-v1,59b70217b3081ced610b38538606e94fd7e1d1b33cd56b152ca98eace465118b,4084,0,0,4084,8168.000993539057,not_applicable,not_applicable,not_applicable,0,0,0,0,0,0,0,0,0,"derived from frozen fixed-mode PHY, not decoded TX truth",actual online waveform measurement
P4084_N4084_seed2026092404,n03028079/ILSVRC2012_val_00031446_n03028079,68d3b9ce94abf8f4587927a53677c949e781d6c4cd367b6ba90426a9025a44b8,4,2002,SHORT-PREFIX-20260923-priority-selected-v1,59b70217b3081ced610b38538606e94fd7e1d1b33cd56b152ca98eace465118b,4084,0,0,4084,8168.000993539057,not_applicable,not_applicable,not_applicable,0,0,0,0,0,0,0,0,0,"derived from frozen fixed-mode PHY, not decoded TX truth",actual online waveform measurement
P4084_N4084_seed2026092404,n03028079/ILSVRC2012_val_00031446_n03028079,68d3b9ce94abf8f4587927a53677c949e781d6c4cd367b6ba90426a9025a44b8,4,2003,SHORT-PREFIX-20260923-priority-selected-v1,59b70217b3081ced610b38538606e94fd7e1d1b33cd56b152ca98eace465118b,4084,0,0,4084,8168.000993539057,not_applicable,not_applicable,not_applicable,0,0,0,0,0,0,0,0,0,"derived from frozen fixed-mode PHY, not decoded TX truth",actual online waveform measurement
P4084_N4084_seed2026092404,n03028079/ILSVRC2012_val_00031446_n03028079,68d3b9ce94abf8f4587927a53677c949e781d6c4cd367b6ba90426a9025a44b8,7,2001,SHORT-PREFIX-20260923-priority-selected-v1,59b70217b3081ced610b38538606e94fd7e1d1b33cd56b152ca98eace465118b,4084,0,0,4084,8168.000993539057,not_applicable,not_applicable,not_applicable,0,0,0,0,0,0,0,0,0,"derived from frozen fixed-mode PHY, not decoded TX truth",actual online waveform measurement
P4084_N4084_seed2026092404,n03028079/ILSVRC2012_val_00031446_n03028079,68d3b9ce94abf8f4587927a53677c949e781d6c4cd367b6ba90426a9025a44b8,7,2002,SHORT-PREFIX-20260923-priority-selected-v1,59b70217b3081ced610b38538606e94fd7e1d1b33cd56b152ca98eace465118b,4084,0,0,4084,8168.000993539057,not_applicable,not_applicable,not_applicable,0,0,0,0,0,0,0,0,0,"derived from frozen fixed-mode PHY, not decoded TX truth",actual online waveform measurement
P4084_N4084_seed2026092404,n03028079/ILSVRC2012_val_00031446_n03028079,68d3b9ce94abf8f4587927a53677c949e781d6c4cd367b6ba90426a9025a44b8,7,2003,SHORT-PREFIX-20260923-priority-selected-v1,59b70217b3081ced610b38538606e94fd7e1d1b33cd56b152ca98eace465118b,4084,0,0,4084,8168.000993539057,not_applicable,not_applicable,not_applicable,0,0,0,0,0,0,0,0,0,"derived from frozen fixed-mode PHY, not decoded TX truth",actual online waveform measurement
P4084_N4084_seed2026092404,n03028079/ILSVRC2012_val_00031446_n03028079,68d3b9ce94abf8f4587927a53677c949e781d6c4cd367b6ba90426a9025a44b8,13,2001,SHORT-PREFIX-20260923-priority-selected-v1,59b70217b3081ced610b38538606e94fd7e1d1b33cd56b152ca98eace465118b,4084,0,0,4084,8168.000993539057,not_applicable,not_applicable,not_applicable,0,0,0,0,0,0,0,0,0,"derived from frozen fixed-mode PHY, not decoded TX truth",actual online waveform measurement
P4084_N4084_seed2026092404,n03028079/ILSVRC2012_val_00031446_n03028079,68d3b9ce94abf8f4587927a53677c949e781d6c4cd367b6ba90426a9025a44b8,13,2002,SHORT-PREFIX-20260923-priority-selected-v1,59b70217b3081ced610b38538606e94fd7e1d1b33cd56b152ca98eace465118b,4084,0,0,4084,8168.000993539057,not_applicable,not_applicable,not_applicable,0,0,0,0,0,0,0,0,0,"derived from frozen fixed-mode PHY, not decoded TX truth",actual online waveform measurement
P4084_N4084_seed2026092404,n03028079/ILSVRC2012_val_00031446_n03028079,68d3b9ce94abf8f4587927a53677c949e781d6c4cd367b6ba90426a9025a44b8,13,2003,SHORT-PREFIX-20260923-priority-selected-v1,59b70217b3081ced610b38538606e94fd7e1d1b33cd56b152ca98eace465118b,4084,0,0,4084,8168.000993539057,not_applicable,not_applicable,not_applicable,0,0,0,0,0,0,0,0,0,"derived from frozen fixed-mode PHY, not decoded TX truth",actual online waveform measurement
P4084_N4084_seed2026092404,n03028079/ILSVRC2012_val_00031446_n03028079,68d3b9ce94abf8f4587927a53677c949e781d6c4cd367b6ba90426a9025a44b8,19,2001,SHORT-PREFIX-20260923-priority-selected-v1,59b70217b3081ced610b38538606e94fd7e1d1b33cd56b152ca98eace465118b,4084,0,0,4084,8168.000993539057,not_applicable,not_applicable,not_applicable,0,0,0,0,0,0,0,0,0,"derived from frozen fixed-mode PHY, not decoded TX truth",actual online waveform measurement
P4084_N4084_seed2026092404,n03028079/ILSVRC2012_val_00031446_n03028079,68d3b9ce94abf8f4587927a53677c949e781d6c4cd367b6ba90426a9025a44b8,19,2002,SHORT-PREFIX-20260923-priority-selected-v1,59b70217b3081ced610b38538606e94fd7e1d1b33cd56b152ca98eace465118b,4084,0,0,4084,8168.000993539057,not_applicable,not_applicable,not_applicable,0,0,0,0,0,0,0,0,0,"derived from frozen fixed-mode PHY, not decoded TX truth",actual online waveform measurement
P4084_N4084_seed2026092404,n03028079/ILSVRC2012_val_00031446_n03028079,68d3b9ce94abf8f4587927a53677c949e781d6c4cd367b6ba90426a9025a44b8,19,2003,SHORT-PREFIX-20260923-priority-selected-v1,59b70217b3081ced610b38538606e94fd7e1d1b33cd56b152ca98eace465118b,4084,0,0,4084,8168.000993539057,not_applicable,not_applicable,not_applicable,0,0,0,0,0,0,0,0,0,"derived from frozen fixed-mode PHY, not decoded TX truth",actual online waveform measurement
P4084_N4084_seed2026092404,n03109150/ILSVRC2012_val_00032588_n03109150,6c166713f4445234d77bec983d9a58df6991ae7fb4edc7c41f3bba855677a401,1,2001,SHORT-PREFIX-20260923-priority-selected-v1,59b70217b3081ced610b38538606e94fd7e1d1b33cd56b152ca98eace465118b,4084,0,0,4084,8168.000262582401,not_applicable,not_applicable,not_applicable,0,0,0,0,0,0,0,0,0,"derived from frozen fixed-mode PHY, not decoded TX truth",actual online waveform measurement
P4084_N4084_seed2026092404,n03109150/ILSVRC2012_val_00032588_n03109150,6c166713f4445234d77bec983d9a58df6991ae7fb4edc7c41f3bba855677a401,1,2002,SHORT-PREFIX-20260923-priority-selected-v1,59b70217b3081ced610b38538606e94fd7e1d1b33cd56b152ca98eace465118b,4084,0,0,4084,8168.000262582401,not_applicable,not_applicable,not_applicable,0,0,0,0,0,0,0,0,0,"derived from frozen fixed-mode PHY, not decoded TX truth",actual online waveform measurement
P4084_N4084_seed2026092404,n03109150/ILSVRC2012_val_00032588_n03109150,6c166713f4445234d77bec983d9a58df6991ae7fb4edc7c41f3bba855677a401,1,2003,SHORT-PREFIX-20260923-priority-selected-v1,59b70217b3081ced610b38538606e94fd7e1d1b33cd56b152ca98eace465118b,4084,0,0,4084,8168.000262582401,not_applicable,not_applicable,not_applicable,0,0,0,0,0,0,0,0,0,"derived from frozen fixed-mode PHY, not decoded TX truth",actual online waveform measurement
P4084_N4084_seed2026092404,n03109150/ILSVRC2012_val_00032588_n03109150,6c166713f4445234d77bec983d9a58df6991ae7fb4edc7c41f3bba855677a401,4,2001,SHORT-PREFIX-20260923-priority-selected-v1,59b70217b3081ced610b38538606e94fd7e1d1b33cd56b152ca98eace465118b,4084,0,0,4084,8168.000262582401,not_applicable,not_applicable,not_applicable,0,0,0,0,0,0,0,0,0,"derived from frozen fixed-mode PHY, not decoded TX truth",actual online waveform measurement
P4084_N4084_seed2026092404,n03109150/ILSVRC2012_val_00032588_n03109150,6c166713f4445234d77bec983d9a58df6991ae7fb4edc7c41f3bba855677a401,4,2002,SHORT-PREFIX-20260923-priority-selected-v1,59b70217b3081ced610b38538606e94fd7e1d1b33cd56b152ca98eace465118b,4084,0,0,4084,8168.000262582401,not_applicable,not_applicable,not_applicable,0,0,0,0,0,0,0,0,0,"derived from frozen fixed-mode PHY, not decoded TX truth",actual online waveform measurement
P4084_N4084_seed2026092404,n03109150/ILSVRC2012_val_00032588_n03109150,6c166713f4445234d77bec983d9a58df6991ae7fb4edc7c41f3bba855677a401,4,2003,SHORT-PREFIX-20260923-priority-selected-v1,59b70217b3081ced610b38538606e94fd7e1d1b33cd56b152ca98eace465118b,4084,0,0,4084,8168.000262582401,not_applicable,not_applicable,not_applicable,0,0,0,0,0,0,0,0,0,"derived from frozen fixed-mode PHY, not decoded TX truth",actual online waveform measurement
P4084_N4084_seed2026092404,n03109150/ILSVRC2012_val_00032588_n03109150,6c166713f4445234d77bec983d9a58df6991ae7fb4edc7c41f3bba855677a401,7,2001,SHORT-PREFIX-20260923-priority-selected-v1,59b70217b3081ced610b38538606e94fd7e1d1b33cd56b152ca98eace465118b,4084,0,0,4084,8168.000262582401,not_applicable,not_applicable,not_applicable,0,0,0,0,0,0,0,0,0,"derived from frozen fixed-mode PHY, not decoded TX truth",actual online waveform measurement
P4084_N4084_seed2026092404,n03109150/ILSVRC2012_val_00032588_n03109150,6c166713f4445234d77bec983d9a58df6991ae7fb4edc7c41f3bba855677a401,7,2002,SHORT-PREFIX-20260923-priority-selected-v1,59b70217b3081ced610b38538606e94fd7e1d1b33cd56b152ca98eace465118b,4084,0,0,4084,8168.000262582401,not_applicable,not_applicable,not_applicable,0,0,0,0,0,0,0,0,0,"derived from frozen fixed-mode PHY, not decoded TX truth",actual online waveform measurement
P4084_N4084_seed2026092404,n03109150/ILSVRC2012_val_00032588_n03109150,6c166713f4445234d77bec983d9a58df6991ae7fb4edc7c41f3bba855677a401,7,2003,SHORT-PREFIX-20260923-priority-selected-v1,59b70217b3081ced610b38538606e94fd7e1d1b33cd56b152ca98eace465118b,4084,0,0,4084,8168.000262582401,not_applicable,not_applicable,not_applicable,0,0,0,0,0,0,0,0,0,"derived from frozen fixed-mode PHY, not decoded TX truth",actual online waveform measurement
P4084_N4084_seed2026092404,n03109150/ILSVRC2012_val_00032588_n03109150,6c166713f4445234d77bec983d9a58df6991ae7fb4edc7c41f3bba855677a401,13,2001,SHORT-PREFIX-20260923-priority-selected-v1,59b70217b3081ced610b38538606e94fd7e1d1b33cd56b152ca98eace465118b,4084,0,0,4084,8168.000262582401,not_applicable,not_applicable,not_applicable,0,0,0,0,0,0,0,0,0,"derived from frozen fixed-mode PHY, not decoded TX truth",actual online waveform measurement
P4084_N4084_seed2026092404,n03109150/ILSVRC2012_val_00032588_n03109150,6c166713f4445234d77bec983d9a58df6991ae7fb4edc7c41f3bba855677a401,13,2002,SHORT-PREFIX-20260923-priority-selected-v1,59b70217b3081ced610b38538606e94fd7e1d1b33cd56b152ca98eace465118b,4084,0,0,4084,8168.000262582401,not_applicable,not_applicable,not_applicable,0,0,0,0,0,0,0,0,0,"derived from frozen fixed-mode PHY, not decoded TX truth",actual online waveform measurement
P4084_N4084_seed2026092404,n03109150/ILSVRC2012_val_00032588_n03109150,6c166713f4445234d77bec983d9a58df6991ae7fb4edc7c41f3bba855677a401,13,2003,SHORT-PREFIX-20260923-priority-selected-v1,59b70217b3081ced610b38538606e94fd7e1d1b33cd56b152ca98eace465118b,4084,0,0,4084,8168.000262582401,not_applicable,not_applicable,not_applicable,0,0,0,0,0,0,0,0,0,"derived from frozen fixed-mode PHY, not decoded TX truth",actual online waveform measurement
P4084_N4084_seed2026092404,n03109150/ILSVRC2012_val_00032588_n03109150,6c166713f4445234d77bec983d9a58df6991ae7fb4edc7c41f3bba855677a401,19,2001,SHORT-PREFIX-20260923-priority-selected-v1,59b70217b3081ced610b38538606e94fd7e1d1b33cd56b152ca98eace465118b,4084,0,0,4084,8168.000262582401,not_applicable,not_applicable,not_applicable,0,0,0,0,0,0,0,0,0,"derived from frozen fixed-mode PHY, not decoded TX truth",actual online waveform measurement
P4084_N4084_seed2026092404,n03109150/ILSVRC2012_val_00032588_n03109150,6c166713f4445234d77bec983d9a58df6991ae7fb4edc7c41f3bba855677a401,19,2002,SHORT-PREFIX-20260923-priority-selected-v1,59b70217b3081ced610b38538606e94fd7e1d1b33cd56b152ca98eace465118b,4084,0,0,4084,8168.000262582401,not_applicable,not_applicable,not_applicable,0,0,0,0,0,0,0,0,0,"derived from frozen fixed-mode PHY, not decoded TX truth",actual online waveform measurement
P4084_N4084_seed2026092404,n03109150/ILSVRC2012_val_00032588_n03109150,6c166713f4445234d77bec983d9a58df6991ae7fb4edc7c41f3bba855677a401,19,2003,SHORT-PREFIX-20260923-priority-selected-v1,59b70217b3081ced610b38538606e94fd7e1d1b33cd56b152ca98eace465118b,4084,0,0,4084,8168.000262582401,not_applicable,not_applicable,not_applicable,0,0,0,0,0,0,0,0,0,"derived from frozen fixed-mode PHY, not decoded TX truth",actual online waveform measurement
P4084_N4084_seed2026092404,n03127747/ILSVRC2012_val_00003732_n03127747,08d575ca78e8ec0d619123ef77779908752bd32d2173c1fe1f1c67e82a018e5e,1,2001,SHORT-PREFIX-20260923-priority-selected-v1,59b70217b3081ced610b38538606e94fd7e1d1b33cd56b152ca98eace465118b,4084,0,0,4084,8167.999387359858,not_applicable,not_applicable,not_applicable,0,0,0,0,0,0,0,0,0,"derived from frozen fixed-mode PHY, not decoded TX truth",actual online waveform measurement
P4084_N4084_seed2026092404,n03127747/ILSVRC2012_val_00003732_n03127747,08d575ca78e8ec0d619123ef77779908752bd32d2173c1fe1f1c67e82a018e5e,1,2002,SHORT-PREFIX-20260923-priority-selected-v1,59b70217b3081ced610b38538606e94fd7e1d1b33cd56b152ca98eace465118b,4084,0,0,4084,8167.999387359858,not_applicable,not_applicable,not_applicable,0,0,0,0,0,0,0,0,0,"derived from frozen fixed-mode PHY, not decoded TX truth",actual online waveform measurement
P4084_N4084_seed2026092404,n03127747/ILSVRC2012_val_00003732_n03127747,08d575ca78e8ec0d619123ef77779908752bd32d2173c1fe1f1c67e82a018e5e,1,2003,SHORT-PREFIX-20260923-priority-selected-v1,59b70217b3081ced610b38538606e94fd7e1d1b33cd56b152ca98eace465118b,4084,0,0,4084,8167.999387359858,not_applicable,not_applicable,not_applicable,0,0,0,0,0,0,0,0,0,"derived from frozen fixed-mode PHY, not decoded TX truth",actual online waveform measurement
P4084_N4084_seed2026092404,n03127747/ILSVRC2012_val_00003732_n03127747,08d575ca78e8ec0d619123ef77779908752bd32d2173c1fe1f1c67e82a018e5e,4,2001,SHORT-PREFIX-20260923-priority-selected-v1,59b70217b3081ced610b38538606e94fd7e1d1b33cd56b152ca98eace465118b,4084,0,0,4084,8167.999387359858,not_applicable,not_applicable,not_applicable,0,0,0,0,0,0,0,0,0,"derived from frozen fixed-mode PHY, not decoded TX truth",actual online waveform measurement
P4084_N4084_seed2026092404,n03127747/ILSVRC2012_val_00003732_n03127747,08d575ca78e8ec0d619123ef77779908752bd32d2173c1fe1f1c67e82a018e5e,4,2002,SHORT-PREFIX-20260923-priority-selected-v1,59b70217b3081ced610b38538606e94fd7e1d1b33cd56b152ca98eace465118b,4084,0,0,4084,8167.999387359858,not_applicable,not_applicable,not_applicable,0,0,0,0,0,0,0,0,0,"derived from frozen fixed-mode PHY, not decoded TX truth",actual online waveform measurement
P4084_N4084_seed2026092404,n03127747/ILSVRC2012_val_00003732_n03127747,08d575ca78e8ec0d619123ef77779908752bd32d2173c1fe1f1c67e82a018e5e,4,2003,SHORT-PREFIX-20260923-priority-selected-v1,59b70217b3081ced610b38538606e94fd7e1d1b33cd56b152ca98eace465118b,4084,0,0,4084,8167.999387359858,not_applicable,not_applicable,not_applicable,0,0,0,0,0,0,0,0,0,"derived from frozen fixed-mode PHY, not decoded TX truth",actual online waveform measurement
P4084_N4084_seed2026092404,n03127747/ILSVRC2012_val_00003732_n03127747,08d575ca78e8ec0d619123ef77779908752bd32d2173c1fe1f1c67e82a018e5e,7,2001,SHORT-PREFIX-20260923-priority-selected-v1,59b70217b3081ced610b38538606e94fd7e1d1b33cd56b152ca98eace465118b,4084,0,0,4084,8167.999387359858,not_applicable,not_applicable,not_applicable,0,0,0,0,0,0,0,0,0,"derived from frozen fixed-mode PHY, not decoded TX truth",actual online waveform measurement
P4084_N4084_seed2026092404,n03127747/ILSVRC2012_val_00003732_n03127747,08d575ca78e8ec0d619123ef77779908752bd32d2173c1fe1f1c67e82a018e5e,7,2002,SHORT-PREFIX-20260923-priority-selected-v1,59b70217b3081ced610b38538606e94fd7e1d1b33cd56b152ca98eace465118b,4084,0,0,4084,8167.999387359858,not_applicable,not_applicable,not_applicable,0,0,0,0,0,0,0,0,0,"derived from frozen fixed-mode PHY, not decoded TX truth",actual online waveform measurement
P4084_N4084_seed2026092404,n03127747/ILSVRC2012_val_00003732_n03127747,08d575ca78e8ec0d619123ef77779908752bd32d2173c1fe1f1c67e82a018e5e,7,2003,SHORT-PREFIX-20260923-priority-selected-v1,59b70217b3081ced610b38538606e94fd7e1d1b33cd56b152ca98eace465118b,4084,0,0,4084,8167.999387359858,not_applicable,not_applicable,not_applicable,0,0,0,0,0,0,0,0,0,"derived from frozen fixed-mode PHY, not decoded TX truth",actual online waveform measurement
P4084_N4084_seed2026092404,n03127747/ILSVRC2012_val_00003732_n03127747,08d575ca78e8ec0d619123ef77779908752bd32d2173c1fe1f1c67e82a018e5e,13,2001,SHORT-PREFIX-20260923-priority-selected-v1,59b70217b3081ced610b38538606e94fd7e1d1b33cd56b152ca98eace465118b,4084,0,0,4084,8167.999387359858,not_applicable,not_applicable,not_applicable,0,0,0,0,0,0,0,0,0,"derived from frozen fixed-mode PHY, not decoded TX truth",actual online waveform measurement
P4084_N4084_seed2026092404,n03127747/ILSVRC2012_val_00003732_n03127747,08d575ca78e8ec0d619123ef77779908752bd32d2173c1fe1f1c67e82a018e5e,13,2002,SHORT-PREFIX-20260923-priority-selected-v1,59b70217b3081ced610b38538606e94fd7e1d1b33cd56b152ca98eace465118b,4084,0,0,4084,8167.999387359858,not_applicable,not_applicable,not_applicable,0,0,0,0,0,0,0,0,0,"derived from frozen fixed-mode PHY, not decoded TX truth",actual online waveform measurement
P4084_N4084_seed2026092404,n03127747/ILSVRC2012_val_00003732_n03127747,08d575ca78e8ec0d619123ef77779908752bd32d2173c1fe1f1c67e82a018e5e,13,2003,SHORT-PREFIX-20260923-priority-selected-v1,59b70217b3081ced610b38538606e94fd7e1d1b33cd56b152ca98eace465118b,4084,0,0,4084,8167.999387359858,not_applicable,not_applicable,not_applicable,0,0,0,0,0,0,0,0,0,"derived from frozen fixed-mode PHY, not decoded TX truth",actual online waveform measurement
P4084_N4084_seed2026092404,n03127747/ILSVRC2012_val_00003732_n03127747,08d575ca78e8ec0d619123ef77779908752bd32d2173c1fe1f1c67e82a018e5e,19,2001,SHORT-PREFIX-20260923-priority-selected-v1,59b70217b3081ced610b38538606e94fd7e1d1b33cd56b152ca98eace465118b,4084,0,0,4084,8167.999387359858,not_applicable,not_applicable,not_applicable,0,0,0,0,0,0,0,0,0,"derived from frozen fixed-mode PHY, not decoded TX truth",actual online waveform measurement
P4084_N4084_seed2026092404,n03127747/ILSVRC2012_val_00003732_n03127747,08d575ca78e8ec0d619123ef77779908752bd32d2173c1fe1f1c67e82a018e5e,19,2002,SHORT-PREFIX-20260923-priority-selected-v1,59b70217b3081ced610b38538606e94fd7e1d1b33cd56b152ca98eace465118b,4084,0,0,4084,8167.999387359858,not_applicable,not_applicable,not_applicable,0,0,0,0,0,0,0,0,0,"derived from frozen fixed-mode PHY, not decoded TX truth",actual online waveform measurement
P4084_N4084_seed2026092404,n03127747/ILSVRC2012_val_00003732_n03127747,08d575ca78e8ec0d619123ef77779908752bd32d2173c1fe1f1c67e82a018e5e,19,2003,SHORT-PREFIX-20260923-priority-selected-v1,59b70217b3081ced610b38538606e94fd7e1d1b33cd56b152ca98eace465118b,4084,0,0,4084,8167.999387359858,not_applicable,not_applicable,not_applicable,0,0,0,0,0,0,0,0,0,"derived from frozen fixed-mode PHY, not decoded TX truth",actual online waveform measurement
P4084_N4084_seed2026092404,n03220513/ILSVRC2012_val_00006359_n03220513,6c47747b22fef34c608caa6ff8c1bf614884668716eea442f2a7c7c6ba1256cf,1,2001,SHORT-PREFIX-20260923-priority-selected-v1,59b70217b3081ced610b38538606e94fd7e1d1b33cd56b152ca98eace465118b,4084,0,0,4084,8168.000078147373,not_applicable,not_applicable,not_applicable,0,0,0,0,0,0,0,0,0,"derived from frozen fixed-mode PHY, not decoded TX truth",actual online waveform measurement
P4084_N4084_seed2026092404,n03220513/ILSVRC2012_val_00006359_n03220513,6c47747b22fef34c608caa6ff8c1bf614884668716eea442f2a7c7c6ba1256cf,1,2002,SHORT-PREFIX-20260923-priority-selected-v1,59b70217b3081ced610b38538606e94fd7e1d1b33cd56b152ca98eace465118b,4084,0,0,4084,8168.000078147373,not_applicable,not_applicable,not_applicable,0,0,0,0,0,0,0,0,0,"derived from frozen fixed-mode PHY, not decoded TX truth",actual online waveform measurement
P4084_N4084_seed2026092404,n03220513/ILSVRC2012_val_00006359_n03220513,6c47747b22fef34c608caa6ff8c1bf614884668716eea442f2a7c7c6ba1256cf,1,2003,SHORT-PREFIX-20260923-priority-selected-v1,59b70217b3081ced610b38538606e94fd7e1d1b33cd56b152ca98eace465118b,4084,0,0,4084,8168.000078147373,not_applicable,not_applicable,not_applicable,0,0,0,0,0,0,0,0,0,"derived from frozen fixed-mode PHY, not decoded TX truth",actual online waveform measurement
P4084_N4084_seed2026092404,n03220513/ILSVRC2012_val_00006359_n03220513,6c47747b22fef34c608caa6ff8c1bf614884668716eea442f2a7c7c6ba1256cf,4,2001,SHORT-PREFIX-20260923-priority-selected-v1,59b70217b3081ced610b38538606e94fd7e1d1b33cd56b152ca98eace465118b,4084,0,0,4084,8168.000078147373,not_applicable,not_applicable,not_applicable,0,0,0,0,0,0,0,0,0,"derived from frozen fixed-mode PHY, not decoded TX truth",actual online waveform measurement
P4084_N4084_seed2026092404,n03220513/ILSVRC2012_val_00006359_n03220513,6c47747b22fef34c608caa6ff8c1bf614884668716eea442f2a7c7c6ba1256cf,4,2002,SHORT-PREFIX-20260923-priority-selected-v1,59b70217b3081ced610b38538606e94fd7e1d1b33cd56b152ca98eace465118b,4084,0,0,4084,8168.000078147373,not_applicable,not_applicable,not_applicable,0,0,0,0,0,0,0,0,0,"derived from frozen fixed-mode PHY, not decoded TX truth",actual online waveform measurement
P4084_N4084_seed2026092404,n03220513/ILSVRC2012_val_00006359_n03220513,6c47747b22fef34c608caa6ff8c1bf614884668716eea442f2a7c7c6ba1256cf,4,2003,SHORT-PREFIX-20260923-priority-selected-v1,59b70217b3081ced610b38538606e94fd7e1d1b33cd56b152ca98eace465118b,4084,0,0,4084,8168.000078147373,not_applicable,not_applicable,not_applicable,0,0,0,0,0,0,0,0,0,"derived from frozen fixed-mode PHY, not decoded TX truth",actual online waveform measurement
P4084_N4084_seed2026092404,n03220513/ILSVRC2012_val_00006359_n03220513,6c47747b22fef34c608caa6ff8c1bf614884668716eea442f2a7c7c6ba1256cf,7,2001,SHORT-PREFIX-20260923-priority-selected-v1,59b70217b3081ced610b38538606e94fd7e1d1b33cd56b152ca98eace465118b,4084,0,0,4084,8168.000078147373,not_applicable,not_applicable,not_applicable,0,0,0,0,0,0,0,0,0,"derived from frozen fixed-mode PHY, not decoded TX truth",actual online waveform measurement
P4084_N4084_seed2026092404,n03220513/ILSVRC2012_val_00006359_n03220513,6c47747b22fef34c608caa6ff8c1bf614884668716eea442f2a7c7c6ba1256cf,7,2002,SHORT-PREFIX-20260923-priority-selected-v1,59b70217b3081ced610b38538606e94fd7e1d1b33cd56b152ca98eace465118b,4084,0,0,4084,8168.000078147373,not_applicable,not_applicable,not_applicable,0,0,0,0,0,0,0,0,0,"derived from frozen fixed-mode PHY, not decoded TX truth",actual online waveform measurement
P4084_N4084_seed2026092404,n03220513/ILSVRC2012_val_00006359_n03220513,6c47747b22fef34c608caa6ff8c1bf614884668716eea442f2a7c7c6ba1256cf,7,2003,SHORT-PREFIX-20260923-priority-selected-v1,59b70217b3081ced610b38538606e94fd7e1d1b33cd56b152ca98eace465118b,4084,0,0,4084,8168.000078147373,not_applicable,not_applicable,not_applicable,0,0,0,0,0,0,0,0,0,"derived from frozen fixed-mode PHY, not decoded TX truth",actual online waveform measurement
P4084_N4084_seed2026092404,n03220513/ILSVRC2012_val_00006359_n03220513,6c47747b22fef34c608caa6ff8c1bf614884668716eea442f2a7c7c6ba1256cf,13,2001,SHORT-PREFIX-20260923-priority-selected-v1,59b70217b3081ced610b38538606e94fd7e1d1b33cd56b152ca98eace465118b,4084,0,0,4084,8168.000078147373,not_applicable,not_applicable,not_applicable,0,0,0,0,0,0,0,0,0,"derived from frozen fixed-mode PHY, not decoded TX truth",actual online waveform measurement
P4084_N4084_seed2026092404,n03220513/ILSVRC2012_val_00006359_n03220513,6c47747b22fef34c608caa6ff8c1bf614884668716eea442f2a7c7c6ba1256cf,13,2002,SHORT-PREFIX-20260923-priority-selected-v1,59b70217b3081ced610b38538606e94fd7e1d1b33cd56b152ca98eace465118b,4084,0,0,4084,8168.000078147373,not_applicable,not_applicable,not_applicable,0,0,0,0,0,0,0,0,0,"derived from frozen fixed-mode PHY, not decoded TX truth",actual online waveform measurement
P4084_N4084_seed2026092404,n03220513/ILSVRC2012_val_00006359_n03220513,6c47747b22fef34c608caa6ff8c1bf614884668716eea442f2a7c7c6ba1256cf,13,2003,SHORT-PREFIX-20260923-priority-selected-v1,59b70217b3081ced610b38538606e94fd7e1d1b33cd56b152ca98eace465118b,4084,0,0,4084,8168.000078147373,not_applicable,not_applicable,not_applicable,0,0,0,0,0,0,0,0,0,"derived from frozen fixed-mode PHY, not decoded TX truth",actual online waveform measurement
P4084_N4084_seed2026092404,n03220513/ILSVRC2012_val_00006359_n03220513,6c47747b22fef34c608caa6ff8c1bf614884668716eea442f2a7c7c6ba1256cf,19,2001,SHORT-PREFIX-20260923-priority-selected-v1,59b70217b3081ced610b38538606e94fd7e1d1b33cd56b152ca98eace465118b,4084,0,0,4084,8168.000078147373,not_applicable,not_applicable,not_applicable,0,0,0,0,0,0,0,0,0,"derived from frozen fixed-mode PHY, not decoded TX truth",actual online waveform measurement
P4084_N4084_seed2026092404,n03220513/ILSVRC2012_val_00006359_n03220513,6c47747b22fef34c608caa6ff8c1bf614884668716eea442f2a7c7c6ba1256cf,19,2002,SHORT-PREFIX-20260923-priority-selected-v1,59b70217b3081ced610b38538606e94fd7e1d1b33cd56b152ca98eace465118b,4084,0,0,4084,8168.000078147373,not_applicable,not_applicable,not_applicable,0,0,0,0,0,0,0,0,0,"derived from frozen fixed-mode PHY, not decoded TX truth",actual online waveform measurement
P4084_N4084_seed2026092404,n03220513/ILSVRC2012_val_00006359_n03220513,6c47747b22fef34c608caa6ff8c1bf614884668716eea442f2a7c7c6ba1256cf,19,2003,SHORT-PREFIX-20260923-priority-selected-v1,59b70217b3081ced610b38538606e94fd7e1d1b33cd56b152ca98eace465118b,4084,0,0,4084,8168.000078147373,not_applicable,not_applicable,not_applicable,0,0,0,0,0,0,0,0,0,"derived from frozen fixed-mode PHY, not decoded TX truth",actual online waveform measurement
P4084_N4084_seed2026092404,n03372029/ILSVRC2012_val_00034937_n03372029,65b3cd96fc2b315ee48cdd65d9b09dd8138ccdc48fae27960eca02056c707408,1,2001,SHORT-PREFIX-20260923-priority-selected-v1,59b70217b3081ced610b38538606e94fd7e1d1b33cd56b152ca98eace465118b,4084,0,0,4084,8168.0008084446,not_applicable,not_applicable,not_applicable,0,0,0,0,0,0,0,0,0,"derived from frozen fixed-mode PHY, not decoded TX truth",actual online waveform measurement
P4084_N4084_seed2026092404,n03372029/ILSVRC2012_val_00034937_n03372029,65b3cd96fc2b315ee48cdd65d9b09dd8138ccdc48fae27960eca02056c707408,1,2002,SHORT-PREFIX-20260923-priority-selected-v1,59b70217b3081ced610b38538606e94fd7e1d1b33cd56b152ca98eace465118b,4084,0,0,4084,8168.0008084446,not_applicable,not_applicable,not_applicable,0,0,0,0,0,0,0,0,0,"derived from frozen fixed-mode PHY, not decoded TX truth",actual online waveform measurement
P4084_N4084_seed2026092404,n03372029/ILSVRC2012_val_00034937_n03372029,65b3cd96fc2b315ee48cdd65d9b09dd8138ccdc48fae27960eca02056c707408,1,2003,SHORT-PREFIX-20260923-priority-selected-v1,59b70217b3081ced610b38538606e94fd7e1d1b33cd56b152ca98eace465118b,4084,0,0,4084,8168.0008084446,not_applicable,not_applicable,not_applicable,0,0,0,0,0,0,0,0,0,"derived from frozen fixed-mode PHY, not decoded TX truth",actual online waveform measurement
P4084_N4084_seed2026092404,n03372029/ILSVRC2012_val_00034937_n03372029,65b3cd96fc2b315ee48cdd65d9b09dd8138ccdc48fae27960eca02056c707408,4,2001,SHORT-PREFIX-20260923-priority-selected-v1,59b70217b3081ced610b38538606e94fd7e1d1b33cd56b152ca98eace465118b,4084,0,0,4084,8168.0008084446,not_applicable,not_applicable,not_applicable,0,0,0,0,0,0,0,0,0,"derived from frozen fixed-mode PHY, not decoded TX truth",actual online waveform measurement
P4084_N4084_seed2026092404,n03372029/ILSVRC2012_val_00034937_n03372029,65b3cd96fc2b315ee48cdd65d9b09dd8138ccdc48fae27960eca02056c707408,4,2002,SHORT-PREFIX-20260923-priority-selected-v1,59b70217b3081ced610b38538606e94fd7e1d1b33cd56b152ca98eace465118b,4084,0,0,4084,8168.0008084446,not_applicable,not_applicable,not_applicable,0,0,0,0,0,0,0,0,0,"derived from frozen fixed-mode PHY, not decoded TX truth",actual online waveform measurement
P4084_N4084_seed2026092404,n03372029/ILSVRC2012_val_00034937_n03372029,65b3cd96fc2b315ee48cdd65d9b09dd8138ccdc48fae27960eca02056c707408,4,2003,SHORT-PREFIX-20260923-priority-selected-v1,59b70217b3081ced610b38538606e94fd7e1d1b33cd56b152ca98eace465118b,4084,0,0,4084,8168.0008084446,not_applicable,not_applicable,not_applicable,0,0,0,0,0,0,0,0,0,"derived from frozen fixed-mode PHY, not decoded TX truth",actual online waveform measurement
P4084_N4084_seed2026092404,n03372029/ILSVRC2012_val_00034937_n03372029,65b3cd96fc2b315ee48cdd65d9b09dd8138ccdc48fae27960eca02056c707408,7,2001,SHORT-PREFIX-20260923-priority-selected-v1,59b70217b3081ced610b38538606e94fd7e1d1b33cd56b152ca98eace465118b,4084,0,0,4084,8168.0008084446,not_applicable,not_applicable,not_applicable,0,0,0,0,0,0,0,0,0,"derived from frozen fixed-mode PHY, not decoded TX truth",actual online waveform measurement
P4084_N4084_seed2026092404,n03372029/ILSVRC2012_val_00034937_n03372029,65b3cd96fc2b315ee48cdd65d9b09dd8138ccdc48fae27960eca02056c707408,7,2002,SHORT-PREFIX-20260923-priority-selected-v1,59b70217b3081ced610b38538606e94fd7e1d1b33cd56b152ca98eace465118b,4084,0,0,4084,8168.0008084446,not_applicable,not_applicable,not_applicable,0,0,0,0,0,0,0,0,0,"derived from frozen fixed-mode PHY, not decoded TX truth",actual online waveform measurement
P4084_N4084_seed2026092404,n03372029/ILSVRC2012_val_00034937_n03372029,65b3cd96fc2b315ee48cdd65d9b09dd8138ccdc48fae27960eca02056c707408,7,2003,SHORT-PREFIX-20260923-priority-selected-v1,59b70217b3081ced610b38538606e94fd7e1d1b33cd56b152ca98eace465118b,4084,0,0,4084,8168.0008084446,not_applicable,not_applicable,not_applicable,0,0,0,0,0,0,0,0,0,"derived from frozen fixed-mode PHY, not decoded TX truth",actual online waveform measurement
P4084_N4084_seed2026092404,n03372029/ILSVRC2012_val_00034937_n03372029,65b3cd96fc2b315ee48cdd65d9b09dd8138ccdc48fae27960eca02056c707408,13,2001,SHORT-PREFIX-20260923-priority-selected-v1,59b70217b3081ced610b38538606e94fd7e1d1b33cd56b152ca98eace465118b,4084,0,0,4084,8168.0008084446,not_applicable,not_applicable,not_applicable,0,0,0,0,0,0,0,0,0,"derived from frozen fixed-mode PHY, not decoded TX truth",actual online waveform measurement
P4084_N4084_seed2026092404,n03372029/ILSVRC2012_val_00034937_n03372029,65b3cd96fc2b315ee48cdd65d9b09dd8138ccdc48fae27960eca02056c707408,13,2002,SHORT-PREFIX-20260923-priority-selected-v1,59b70217b3081ced610b38538606e94fd7e1d1b33cd56b152ca98eace465118b,4084,0,0,4084,8168.0008084446,not_applicable,not_applicable,not_applicable,0,0,0,0,0,0,0,0,0,"derived from frozen fixed-mode PHY, not decoded TX truth",actual online waveform measurement
P4084_N4084_seed2026092404,n03372029/ILSVRC2012_val_00034937_n03372029,65b3cd96fc2b315ee48cdd65d9b09dd8138ccdc48fae27960eca02056c707408,13,2003,SHORT-PREFIX-20260923-priority-selected-v1,59b70217b3081ced610b38538606e94fd7e1d1b33cd56b152ca98eace465118b,4084,0,0,4084,8168.0008084446,not_applicable,not_applicable,not_applicable,0,0,0,0,0,0,0,0,0,"derived from frozen fixed-mode PHY, not decoded TX truth",actual online waveform measurement
P4084_N4084_seed2026092404,n03372029/ILSVRC2012_val_00034937_n03372029,65b3cd96fc2b315ee48cdd65d9b09dd8138ccdc48fae27960eca02056c707408,19,2001,SHORT-PREFIX-20260923-priority-selected-v1,59b70217b3081ced610b38538606e94fd7e1d1b33cd56b152ca98eace465118b,4084,0,0,4084,8168.0008084446,not_applicable,not_applicable,not_applicable,0,0,0,0,0,0,0,0,0,"derived from frozen fixed-mode PHY, not decoded TX truth",actual online waveform measurement
P4084_N4084_seed2026092404,n03372029/ILSVRC2012_val_00034937_n03372029,65b3cd96fc2b315ee48cdd65d9b09dd8138ccdc48fae27960eca02056c707408,19,2002,SHORT-PREFIX-20260923-priority-selected-v1,59b70217b3081ced610b38538606e94fd7e1d1b33cd56b152ca98eace465118b,4084,0,0,4084,8168.0008084446,not_applicable,not_applicable,not_applicable,0,0,0,0,0,0,0,0,0,"derived from frozen fixed-mode PHY, not decoded TX truth",actual online waveform measurement
P4084_N4084_seed2026092404,n03372029/ILSVRC2012_val_00034937_n03372029,65b3cd96fc2b315ee48cdd65d9b09dd8138ccdc48fae27960eca02056c707408,19,2003,SHORT-PREFIX-20260923-priority-selected-v1,59b70217b3081ced610b38538606e94fd7e1d1b33cd56b152ca98eace465118b,4084,0,0,4084,8168.0008084446,not_applicable,not_applicable,not_applicable,0,0,0,0,0,0,0,0,0,"derived from frozen fixed-mode PHY, not decoded TX truth",actual online waveform measurement
P4084_N4084_seed2026092404,n03388549/ILSVRC2012_val_00022928_n03388549,2eb9a156db0d46e65186b4aefc4fe0099a6ec0a60280cc661bd37e4b238fbb39,1,2001,SHORT-PREFIX-20260923-priority-selected-v1,59b70217b3081ced610b38538606e94fd7e1d1b33cd56b152ca98eace465118b,4084,0,0,4084,8167.999681256944,not_applicable,not_applicable,not_applicable,0,0,0,0,0,0,0,0,0,"derived from frozen fixed-mode PHY, not decoded TX truth",actual online waveform measurement
P4084_N4084_seed2026092404,n03388549/ILSVRC2012_val_00022928_n03388549,2eb9a156db0d46e65186b4aefc4fe0099a6ec0a60280cc661bd37e4b238fbb39,1,2002,SHORT-PREFIX-20260923-priority-selected-v1,59b70217b3081ced610b38538606e94fd7e1d1b33cd56b152ca98eace465118b,4084,0,0,4084,8167.999681256944,not_applicable,not_applicable,not_applicable,0,0,0,0,0,0,0,0,0,"derived from frozen fixed-mode PHY, not decoded TX truth",actual online waveform measurement
P4084_N4084_seed2026092404,n03388549/ILSVRC2012_val_00022928_n03388549,2eb9a156db0d46e65186b4aefc4fe0099a6ec0a60280cc661bd37e4b238fbb39,1,2003,SHORT-PREFIX-20260923-priority-selected-v1,59b70217b3081ced610b38538606e94fd7e1d1b33cd56b152ca98eace465118b,4084,0,0,4084,8167.999681256944,not_applicable,not_applicable,not_applicable,0,0,0,0,0,0,0,0,0,"derived from frozen fixed-mode PHY, not decoded TX truth",actual online waveform measurement
P4084_N4084_seed2026092404,n03388549/ILSVRC2012_val_00022928_n03388549,2eb9a156db0d46e65186b4aefc4fe0099a6ec0a60280cc661bd37e4b238fbb39,4,2001,SHORT-PREFIX-20260923-priority-selected-v1,59b70217b3081ced610b38538606e94fd7e1d1b33cd56b152ca98eace465118b,4084,0,0,4084,8167.999681256944,not_applicable,not_applicable,not_applicable,0,0,0,0,0,0,0,0,0,"derived from frozen fixed-mode PHY, not decoded TX truth",actual online waveform measurement
P4084_N4084_seed2026092404,n03388549/ILSVRC2012_val_00022928_n03388549,2eb9a156db0d46e65186b4aefc4fe0099a6ec0a60280cc661bd37e4b238fbb39,4,2002,SHORT-PREFIX-20260923-priority-selected-v1,59b70217b3081ced610b38538606e94fd7e1d1b33cd56b152ca98eace465118b,4084,0,0,4084,8167.999681256944,not_applicable,not_applicable,not_applicable,0,0,0,0,0,0,0,0,0,"derived from frozen fixed-mode PHY, not decoded TX truth",actual online waveform measurement
P4084_N4084_seed2026092404,n03388549/ILSVRC2012_val_00022928_n03388549,2eb9a156db0d46e65186b4aefc4fe0099a6ec0a60280cc661bd37e4b238fbb39,4,2003,SHORT-PREFIX-20260923-priority-selected-v1,59b70217b3081ced610b38538606e94fd7e1d1b33cd56b152ca98eace465118b,4084,0,0,4084,8167.999681256944,not_applicable,not_applicable,not_applicable,0,0,0,0,0,0,0,0,0,"derived from frozen fixed-mode PHY, not decoded TX truth",actual online waveform measurement
P4084_N4084_seed2026092404,n03388549/ILSVRC2012_val_00022928_n03388549,2eb9a156db0d46e65186b4aefc4fe0099a6ec0a60280cc661bd37e4b238fbb39,7,2001,SHORT-PREFIX-20260923-priority-selected-v1,59b70217b3081ced610b38538606e94fd7e1d1b33cd56b152ca98eace465118b,4084,0,0,4084,8167.999681256944,not_applicable,not_applicable,not_applicable,0,0,0,0,0,0,0,0,0,"derived from frozen fixed-mode PHY, not decoded TX truth",actual online waveform measurement
P4084_N4084_seed2026092404,n03388549/ILSVRC2012_val_00022928_n03388549,2eb9a156db0d46e65186b4aefc4fe0099a6ec0a60280cc661bd37e4b238fbb39,7,2002,SHORT-PREFIX-20260923-priority-selected-v1,59b70217b3081ced610b38538606e94fd7e1d1b33cd56b152ca98eace465118b,4084,0,0,4084,8167.999681256944,not_applicable,not_applicable,not_applicable,0,0,0,0,0,0,0,0,0,"derived from frozen fixed-mode PHY, not decoded TX truth",actual online waveform measurement
P4084_N4084_seed2026092404,n03388549/ILSVRC2012_val_00022928_n03388549,2eb9a156db0d46e65186b4aefc4fe0099a6ec0a60280cc661bd37e4b238fbb39,7,2003,SHORT-PREFIX-20260923-priority-selected-v1,59b70217b3081ced610b38538606e94fd7e1d1b33cd56b152ca98eace465118b,4084,0,0,4084,8167.999681256944,not_applicable,not_applicable,not_applicable,0,0,0,0,0,0,0,0,0,"derived from frozen fixed-mode PHY, not decoded TX truth",actual online waveform measurement
P4084_N4084_seed2026092404,n03388549/ILSVRC2012_val_00022928_n03388549,2eb9a156db0d46e65186b4aefc4fe0099a6ec0a60280cc661bd37e4b238fbb39,13,2001,SHORT-PREFIX-20260923-priority-selected-v1,59b70217b3081ced610b38538606e94fd7e1d1b33cd56b152ca98eace465118b,4084,0,0,4084,8167.999681256944,not_applicable,not_applicable,not_applicable,0,0,0,0,0,0,0,0,0,"derived from frozen fixed-mode PHY, not decoded TX truth",actual online waveform measurement
P4084_N4084_seed2026092404,n03388549/ILSVRC2012_val_00022928_n03388549,2eb9a156db0d46e65186b4aefc4fe0099a6ec0a60280cc661bd37e4b238fbb39,13,2002,SHORT-PREFIX-20260923-priority-selected-v1,59b70217b3081ced610b38538606e94fd7e1d1b33cd56b152ca98eace465118b,4084,0,0,4084,8167.999681256944,not_applicable,not_applicable,not_applicable,0,0,0,0,0,0,0,0,0,"derived from frozen fixed-mode PHY, not decoded TX truth",actual online waveform measurement
P4084_N4084_seed2026092404,n03388549/ILSVRC2012_val_00022928_n03388549,2eb9a156db0d46e65186b4aefc4fe0099a6ec0a60280cc661bd37e4b238fbb39,13,2003,SHORT-PREFIX-20260923-priority-selected-v1,59b70217b3081ced610b38538606e94fd7e1d1b33cd56b152ca98eace465118b,4084,0,0,4084,8167.999681256944,not_applicable,not_applicable,not_applicable,0,0,0,0,0,0,0,0,0,"derived from frozen fixed-mode PHY, not decoded TX truth",actual online waveform measurement
P4084_N4084_seed2026092404,n03388549/ILSVRC2012_val_00022928_n03388549,2eb9a156db0d46e65186b4aefc4fe0099a6ec0a60280cc661bd37e4b238fbb39,19,2001,SHORT-PREFIX-20260923-priority-selected-v1,59b70217b3081ced610b38538606e94fd7e1d1b33cd56b152ca98eace465118b,4084,0,0,4084,8167.999681256944,not_applicable,not_applicable,not_applicable,0,0,0,0,0,0,0,0,0,"derived from frozen fixed-mode PHY, not decoded TX truth",actual online waveform measurement
P4084_N4084_seed2026092404,n03388549/ILSVRC2012_val_00022928_n03388549,2eb9a156db0d46e65186b4aefc4fe0099a6ec0a60280cc661bd37e4b238fbb39,19,2002,SHORT-PREFIX-20260923-priority-selected-v1,59b70217b3081ced610b38538606e94fd7e1d1b33cd56b152ca98eace465118b,4084,0,0,4084,8167.999681256944,not_applicable,not_applicable,not_applicable,0,0,0,0,0,0,0,0,0,"derived from frozen fixed-mode PHY, not decoded TX truth",actual online waveform measurement
P4084_N4084_seed2026092404,n03388549/ILSVRC2012_val_00022928_n03388549,2eb9a156db0d46e65186b4aefc4fe0099a6ec0a60280cc661bd37e4b238fbb39,19,2003,SHORT-PREFIX-20260923-priority-selected-v1,59b70217b3081ced610b38538606e94fd7e1d1b33cd56b152ca98eace465118b,4084,0,0,4084,8167.999681256944,not_applicable,not_applicable,not_applicable,0,0,0,0,0,0,0,0,0,"derived from frozen fixed-mode PHY, not decoded TX truth",actual online waveform measurement
P4084_N4084_seed2026092404,n03424325/ILSVRC2012_val_00006147_n03424325,20025cb5e1981e398a9afa6ccd1d1d2b846a627f61e99a50c1eb2f7116615db9,1,2001,SHORT-PREFIX-20260923-priority-selected-v1,59b70217b3081ced610b38538606e94fd7e1d1b33cd56b152ca98eace465118b,4084,0,0,4084,8168.000837718276,not_applicable,not_applicable,not_applicable,0,0,0,0,0,0,0,0,0,"derived from frozen fixed-mode PHY, not decoded TX truth",actual online waveform measurement
P4084_N4084_seed2026092404,n03424325/ILSVRC2012_val_00006147_n03424325,20025cb5e1981e398a9afa6ccd1d1d2b846a627f61e99a50c1eb2f7116615db9,1,2002,SHORT-PREFIX-20260923-priority-selected-v1,59b70217b3081ced610b38538606e94fd7e1d1b33cd56b152ca98eace465118b,4084,0,0,4084,8168.000837718276,not_applicable,not_applicable,not_applicable,0,0,0,0,0,0,0,0,0,"derived from frozen fixed-mode PHY, not decoded TX truth",actual online waveform measurement
P4084_N4084_seed2026092404,n03424325/ILSVRC2012_val_00006147_n03424325,20025cb5e1981e398a9afa6ccd1d1d2b846a627f61e99a50c1eb2f7116615db9,1,2003,SHORT-PREFIX-20260923-priority-selected-v1,59b70217b3081ced610b38538606e94fd7e1d1b33cd56b152ca98eace465118b,4084,0,0,4084,8168.000837718276,not_applicable,not_applicable,not_applicable,0,0,0,0,0,0,0,0,0,"derived from frozen fixed-mode PHY, not decoded TX truth",actual online waveform measurement
P4084_N4084_seed2026092404,n03424325/ILSVRC2012_val_00006147_n03424325,20025cb5e1981e398a9afa6ccd1d1d2b846a627f61e99a50c1eb2f7116615db9,4,2001,SHORT-PREFIX-20260923-priority-selected-v1,59b70217b3081ced610b38538606e94fd7e1d1b33cd56b152ca98eace465118b,4084,0,0,4084,8168.000837718276,not_applicable,not_applicable,not_applicable,0,0,0,0,0,0,0,0,0,"derived from frozen fixed-mode PHY, not decoded TX truth",actual online waveform measurement
P4084_N4084_seed2026092404,n03424325/ILSVRC2012_val_00006147_n03424325,20025cb5e1981e398a9afa6ccd1d1d2b846a627f61e99a50c1eb2f7116615db9,4,2002,SHORT-PREFIX-20260923-priority-selected-v1,59b70217b3081ced610b38538606e94fd7e1d1b33cd56b152ca98eace465118b,4084,0,0,4084,8168.000837718276,not_applicable,not_applicable,not_applicable,0,0,0,0,0,0,0,0,0,"derived from frozen fixed-mode PHY, not decoded TX truth",actual online waveform measurement
P4084_N4084_seed2026092404,n03424325/ILSVRC2012_val_00006147_n03424325,20025cb5e1981e398a9afa6ccd1d1d2b846a627f61e99a50c1eb2f7116615db9,4,2003,SHORT-PREFIX-20260923-priority-selected-v1,59b70217b3081ced610b38538606e94fd7e1d1b33cd56b152ca98eace465118b,4084,0,0,4084,8168.000837718276,not_applicable,not_applicable,not_applicable,0,0,0,0,0,0,0,0,0,"derived from frozen fixed-mode PHY, not decoded TX truth",actual online waveform measurement
P4084_N4084_seed2026092404,n03424325/ILSVRC2012_val_00006147_n03424325,20025cb5e1981e398a9afa6ccd1d1d2b846a627f61e99a50c1eb2f7116615db9,7,2001,SHORT-PREFIX-20260923-priority-selected-v1,59b70217b3081ced610b38538606e94fd7e1d1b33cd56b152ca98eace465118b,4084,0,0,4084,8168.000837718276,not_applicable,not_applicable,not_applicable,0,0,0,0,0,0,0,0,0,"derived from frozen fixed-mode PHY, not decoded TX truth",actual online waveform measurement
P4084_N4084_seed2026092404,n03424325/ILSVRC2012_val_00006147_n03424325,20025cb5e1981e398a9afa6ccd1d1d2b846a627f61e99a50c1eb2f7116615db9,7,2002,SHORT-PREFIX-20260923-priority-selected-v1,59b70217b3081ced610b38538606e94fd7e1d1b33cd56b152ca98eace465118b,4084,0,0,4084,8168.000837718276,not_applicable,not_applicable,not_applicable,0,0,0,0,0,0,0,0,0,"derived from frozen fixed-mode PHY, not decoded TX truth",actual online waveform measurement
P4084_N4084_seed2026092404,n03424325/ILSVRC2012_val_00006147_n03424325,20025cb5e1981e398a9afa6ccd1d1d2b846a627f61e99a50c1eb2f7116615db9,7,2003,SHORT-PREFIX-20260923-priority-selected-v1,59b70217b3081ced610b38538606e94fd7e1d1b33cd56b152ca98eace465118b,4084,0,0,4084,8168.000837718276,not_applicable,not_applicable,not_applicable,0,0,0,0,0,0,0,0,0,"derived from frozen fixed-mode PHY, not decoded TX truth",actual online waveform measurement
P4084_N4084_seed2026092404,n03424325/ILSVRC2012_val_00006147_n03424325,20025cb5e1981e398a9afa6ccd1d1d2b846a627f61e99a50c1eb2f7116615db9,13,2001,SHORT-PREFIX-20260923-priority-selected-v1,59b70217b3081ced610b38538606e94fd7e1d1b33cd56b152ca98eace465118b,4084,0,0,4084,8168.000837718276,not_applicable,not_applicable,not_applicable,0,0,0,0,0,0,0,0,0,"derived from frozen fixed-mode PHY, not decoded TX truth",actual online waveform measurement
P4084_N4084_seed2026092404,n03424325/ILSVRC2012_val_00006147_n03424325,20025cb5e1981e398a9afa6ccd1d1d2b846a627f61e99a50c1eb2f7116615db9,13,2002,SHORT-PREFIX-20260923-priority-selected-v1,59b70217b3081ced610b38538606e94fd7e1d1b33cd56b152ca98eace465118b,4084,0,0,4084,8168.000837718276,not_applicable,not_applicable,not_applicable,0,0,0,0,0,0,0,0,0,"derived from frozen fixed-mode PHY, not decoded TX truth",actual online waveform measurement
P4084_N4084_seed2026092404,n03424325/ILSVRC2012_val_00006147_n03424325,20025cb5e1981e398a9afa6ccd1d1d2b846a627f61e99a50c1eb2f7116615db9,13,2003,SHORT-PREFIX-20260923-priority-selected-v1,59b70217b3081ced610b38538606e94fd7e1d1b33cd56b152ca98eace465118b,4084,0,0,4084,8168.000837718276,not_applicable,not_applicable,not_applicable,0,0,0,0,0,0,0,0,0,"derived from frozen fixed-mode PHY, not decoded TX truth",actual online waveform measurement
P4084_N4084_seed2026092404,n03424325/ILSVRC2012_val_00006147_n03424325,20025cb5e1981e398a9afa6ccd1d1d2b846a627f61e99a50c1eb2f7116615db9,19,2001,SHORT-PREFIX-20260923-priority-selected-v1,59b70217b3081ced610b38538606e94fd7e1d1b33cd56b152ca98eace465118b,4084,0,0,4084,8168.000837718276,not_applicable,not_applicable,not_applicable,0,0,0,0,0,0,0,0,0,"derived from frozen fixed-mode PHY, not decoded TX truth",actual online waveform measurement
P4084_N4084_seed2026092404,n03424325/ILSVRC2012_val_00006147_n03424325,20025cb5e1981e398a9afa6ccd1d1d2b846a627f61e99a50c1eb2f7116615db9,19,2002,SHORT-PREFIX-20260923-priority-selected-v1,59b70217b3081ced610b38538606e94fd7e1d1b33cd56b152ca98eace465118b,4084,0,0,4084,8168.000837718276,not_applicable,not_applicable,not_applicable,0,0,0,0,0,0,0,0,0,"derived from frozen fixed-mode PHY, not decoded TX truth",actual online waveform measurement
P4084_N4084_seed2026092404,n03424325/ILSVRC2012_val_00006147_n03424325,20025cb5e1981e398a9afa6ccd1d1d2b846a627f61e99a50c1eb2f7116615db9,19,2003,SHORT-PREFIX-20260923-priority-selected-v1,59b70217b3081ced610b38538606e94fd7e1d1b33cd56b152ca98eace465118b,4084,0,0,4084,8168.000837718276,not_applicable,not_applicable,not_applicable,0,0,0,0,0,0,0,0,0,"derived from frozen fixed-mode PHY, not decoded TX truth",actual online waveform measurement
P4084_N4084_seed2026092404,n03447721/ILSVRC2012_val_00006942_n03447721,a028f47aa5cd8b04454d26b7c2fbca3a7259b6d3d2c712bdb3164717eb7b7d11,1,2001,SHORT-PREFIX-20260923-priority-selected-v1,59b70217b3081ced610b38538606e94fd7e1d1b33cd56b152ca98eace465118b,4084,0,0,4084,8168.001154581467,not_applicable,not_applicable,not_applicable,0,0,0,0,0,0,0,0,0,"derived from frozen fixed-mode PHY, not decoded TX truth",actual online waveform measurement
P4084_N4084_seed2026092404,n03447721/ILSVRC2012_val_00006942_n03447721,a028f47aa5cd8b04454d26b7c2fbca3a7259b6d3d2c712bdb3164717eb7b7d11,1,2002,SHORT-PREFIX-20260923-priority-selected-v1,59b70217b3081ced610b38538606e94fd7e1d1b33cd56b152ca98eace465118b,4084,0,0,4084,8168.001154581467,not_applicable,not_applicable,not_applicable,0,0,0,0,0,0,0,0,0,"derived from frozen fixed-mode PHY, not decoded TX truth",actual online waveform measurement
P4084_N4084_seed2026092404,n03447721/ILSVRC2012_val_00006942_n03447721,a028f47aa5cd8b04454d26b7c2fbca3a7259b6d3d2c712bdb3164717eb7b7d11,1,2003,SHORT-PREFIX-20260923-priority-selected-v1,59b70217b3081ced610b38538606e94fd7e1d1b33cd56b152ca98eace465118b,4084,0,0,4084,8168.001154581467,not_applicable,not_applicable,not_applicable,0,0,0,0,0,0,0,0,0,"derived from frozen fixed-mode PHY, not decoded TX truth",actual online waveform measurement
P4084_N4084_seed2026092404,n03447721/ILSVRC2012_val_00006942_n03447721,a028f47aa5cd8b04454d26b7c2fbca3a7259b6d3d2c712bdb3164717eb7b7d11,4,2001,SHORT-PREFIX-20260923-priority-selected-v1,59b70217b3081ced610b38538606e94fd7e1d1b33cd56b152ca98eace465118b,4084,0,0,4084,8168.001154581467,not_applicable,not_applicable,not_applicable,0,0,0,0,0,0,0,0,0,"derived from frozen fixed-mode PHY, not decoded TX truth",actual online waveform measurement
P4084_N4084_seed2026092404,n03447721/ILSVRC2012_val_00006942_n03447721,a028f47aa5cd8b04454d26b7c2fbca3a7259b6d3d2c712bdb3164717eb7b7d11,4,2002,SHORT-PREFIX-20260923-priority-selected-v1,59b70217b3081ced610b38538606e94fd7e1d1b33cd56b152ca98eace465118b,4084,0,0,4084,8168.001154581467,not_applicable,not_applicable,not_applicable,0,0,0,0,0,0,0,0,0,"derived from frozen fixed-mode PHY, not decoded TX truth",actual online waveform measurement
P4084_N4084_seed2026092404,n03447721/ILSVRC2012_val_00006942_n03447721,a028f47aa5cd8b04454d26b7c2fbca3a7259b6d3d2c712bdb3164717eb7b7d11,4,2003,SHORT-PREFIX-20260923-priority-selected-v1,59b70217b3081ced610b38538606e94fd7e1d1b33cd56b152ca98eace465118b,4084,0,0,4084,8168.001154581467,not_applicable,not_applicable,not_applicable,0,0,0,0,0,0,0,0,0,"derived from frozen fixed-mode PHY, not decoded TX truth",actual online waveform measurement
P4084_N4084_seed2026092404,n03447721/ILSVRC2012_val_00006942_n03447721,a028f47aa5cd8b04454d26b7c2fbca3a7259b6d3d2c712bdb3164717eb7b7d11,7,2001,SHORT-PREFIX-20260923-priority-selected-v1,59b70217b3081ced610b38538606e94fd7e1d1b33cd56b152ca98eace465118b,4084,0,0,4084,8168.001154581467,not_applicable,not_applicable,not_applicable,0,0,0,0,0,0,0,0,0,"derived from frozen fixed-mode PHY, not decoded TX truth",actual online waveform measurement
P4084_N4084_seed2026092404,n03447721/ILSVRC2012_val_00006942_n03447721,a028f47aa5cd8b04454d26b7c2fbca3a7259b6d3d2c712bdb3164717eb7b7d11,7,2002,SHORT-PREFIX-20260923-priority-selected-v1,59b70217b3081ced610b38538606e94fd7e1d1b33cd56b152ca98eace465118b,4084,0,0,4084,8168.001154581467,not_applicable,not_applicable,not_applicable,0,0,0,0,0,0,0,0,0,"derived from frozen fixed-mode PHY, not decoded TX truth",actual online waveform measurement
P4084_N4084_seed2026092404,n03447721/ILSVRC2012_val_00006942_n03447721,a028f47aa5cd8b04454d26b7c2fbca3a7259b6d3d2c712bdb3164717eb7b7d11,7,2003,SHORT-PREFIX-20260923-priority-selected-v1,59b70217b3081ced610b38538606e94fd7e1d1b33cd56b152ca98eace465118b,4084,0,0,4084,8168.001154581467,not_applicable,not_applicable,not_applicable,0,0,0,0,0,0,0,0,0,"derived from frozen fixed-mode PHY, not decoded TX truth",actual online waveform measurement
P4084_N4084_seed2026092404,n03447721/ILSVRC2012_val_00006942_n03447721,a028f47aa5cd8b04454d26b7c2fbca3a7259b6d3d2c712bdb3164717eb7b7d11,13,2001,SHORT-PREFIX-20260923-priority-selected-v1,59b70217b3081ced610b38538606e94fd7e1d1b33cd56b152ca98eace465118b,4084,0,0,4084,8168.001154581467,not_applicable,not_applicable,not_applicable,0,0,0,0,0,0,0,0,0,"derived from frozen fixed-mode PHY, not decoded TX truth",actual online waveform measurement
P4084_N4084_seed2026092404,n03447721/ILSVRC2012_val_00006942_n03447721,a028f47aa5cd8b04454d26b7c2fbca3a7259b6d3d2c712bdb3164717eb7b7d11,13,2002,SHORT-PREFIX-20260923-priority-selected-v1,59b70217b3081ced610b38538606e94fd7e1d1b33cd56b152ca98eace465118b,4084,0,0,4084,8168.001154581467,not_applicable,not_applicable,not_applicable,0,0,0,0,0,0,0,0,0,"derived from frozen fixed-mode PHY, not decoded TX truth",actual online waveform measurement
P4084_N4084_seed2026092404,n03447721/ILSVRC2012_val_00006942_n03447721,a028f47aa5cd8b04454d26b7c2fbca3a7259b6d3d2c712bdb3164717eb7b7d11,13,2003,SHORT-PREFIX-20260923-priority-selected-v1,59b70217b3081ced610b38538606e94fd7e1d1b33cd56b152ca98eace465118b,4084,0,0,4084,8168.001154581467,not_applicable,not_applicable,not_applicable,0,0,0,0,0,0,0,0,0,"derived from frozen fixed-mode PHY, not decoded TX truth",actual online waveform measurement
P4084_N4084_seed2026092404,n03447721/ILSVRC2012_val_00006942_n03447721,a028f47aa5cd8b04454d26b7c2fbca3a7259b6d3d2c712bdb3164717eb7b7d11,19,2001,SHORT-PREFIX-20260923-priority-selected-v1,59b70217b3081ced610b38538606e94fd7e1d1b33cd56b152ca98eace465118b,4084,0,0,4084,8168.001154581467,not_applicable,not_applicable,not_applicable,0,0,0,0,0,0,0,0,0,"derived from frozen fixed-mode PHY, not decoded TX truth",actual online waveform measurement
P4084_N4084_seed2026092404,n03447721/ILSVRC2012_val_00006942_n03447721,a028f47aa5cd8b04454d26b7c2fbca3a7259b6d3d2c712bdb3164717eb7b7d11,19,2002,SHORT-PREFIX-20260923-priority-selected-v1,59b70217b3081ced610b38538606e94fd7e1d1b33cd56b152ca98eace465118b,4084,0,0,4084,8168.001154581467,not_applicable,not_applicable,not_applicable,0,0,0,0,0,0,0,0,0,"derived from frozen fixed-mode PHY, not decoded TX truth",actual online waveform measurement
P4084_N4084_seed2026092404,n03447721/ILSVRC2012_val_00006942_n03447721,a028f47aa5cd8b04454d26b7c2fbca3a7259b6d3d2c712bdb3164717eb7b7d11,19,2003,SHORT-PREFIX-20260923-priority-selected-v1,59b70217b3081ced610b38538606e94fd7e1d1b33cd56b152ca98eace465118b,4084,0,0,4084,8168.001154581467,not_applicable,not_applicable,not_applicable,0,0,0,0,0,0,0,0,0,"derived from frozen fixed-mode PHY, not decoded TX truth",actual online waveform measurement
P4084_N4084_seed2026092404,n03485794/ILSVRC2012_val_00010782_n03485794,6cb18ac7a6f1c139799a90785b3695b670a64a978aff1ca14d3922f3a55e1bfc,1,2001,SHORT-PREFIX-20260923-priority-selected-v1,59b70217b3081ced610b38538606e94fd7e1d1b33cd56b152ca98eace465118b,4084,0,0,4084,8168.000668585355,not_applicable,not_applicable,not_applicable,0,0,0,0,0,0,0,0,0,"derived from frozen fixed-mode PHY, not decoded TX truth",actual online waveform measurement
P4084_N4084_seed2026092404,n03485794/ILSVRC2012_val_00010782_n03485794,6cb18ac7a6f1c139799a90785b3695b670a64a978aff1ca14d3922f3a55e1bfc,1,2002,SHORT-PREFIX-20260923-priority-selected-v1,59b70217b3081ced610b38538606e94fd7e1d1b33cd56b152ca98eace465118b,4084,0,0,4084,8168.000668585355,not_applicable,not_applicable,not_applicable,0,0,0,0,0,0,0,0,0,"derived from frozen fixed-mode PHY, not decoded TX truth",actual online waveform measurement
P4084_N4084_seed2026092404,n03485794/ILSVRC2012_val_00010782_n03485794,6cb18ac7a6f1c139799a90785b3695b670a64a978aff1ca14d3922f3a55e1bfc,1,2003,SHORT-PREFIX-20260923-priority-selected-v1,59b70217b3081ced610b38538606e94fd7e1d1b33cd56b152ca98eace465118b,4084,0,0,4084,8168.000668585355,not_applicable,not_applicable,not_applicable,0,0,0,0,0,0,0,0,0,"derived from frozen fixed-mode PHY, not decoded TX truth",actual online waveform measurement
P4084_N4084_seed2026092404,n03485794/ILSVRC2012_val_00010782_n03485794,6cb18ac7a6f1c139799a90785b3695b670a64a978aff1ca14d3922f3a55e1bfc,4,2001,SHORT-PREFIX-20260923-priority-selected-v1,59b70217b3081ced610b38538606e94fd7e1d1b33cd56b152ca98eace465118b,4084,0,0,4084,8168.000668585355,not_applicable,not_applicable,not_applicable,0,0,0,0,0,0,0,0,0,"derived from frozen fixed-mode PHY, not decoded TX truth",actual online waveform measurement
P4084_N4084_seed2026092404,n03485794/ILSVRC2012_val_00010782_n03485794,6cb18ac7a6f1c139799a90785b3695b670a64a978aff1ca14d3922f3a55e1bfc,4,2002,SHORT-PREFIX-20260923-priority-selected-v1,59b70217b3081ced610b38538606e94fd7e1d1b33cd56b152ca98eace465118b,4084,0,0,4084,8168.000668585355,not_applicable,not_applicable,not_applicable,0,0,0,0,0,0,0,0,0,"derived from frozen fixed-mode PHY, not decoded TX truth",actual online waveform measurement
P4084_N4084_seed2026092404,n03485794/ILSVRC2012_val_00010782_n03485794,6cb18ac7a6f1c139799a90785b3695b670a64a978aff1ca14d3922f3a55e1bfc,4,2003,SHORT-PREFIX-20260923-priority-selected-v1,59b70217b3081ced610b38538606e94fd7e1d1b33cd56b152ca98eace465118b,4084,0,0,4084,8168.000668585355,not_applicable,not_applicable,not_applicable,0,0,0,0,0,0,0,0,0,"derived from frozen fixed-mode PHY, not decoded TX truth",actual online waveform measurement
P4084_N4084_seed2026092404,n03485794/ILSVRC2012_val_00010782_n03485794,6cb18ac7a6f1c139799a90785b3695b670a64a978aff1ca14d3922f3a55e1bfc,7,2001,SHORT-PREFIX-20260923-priority-selected-v1,59b70217b3081ced610b38538606e94fd7e1d1b33cd56b152ca98eace465118b,4084,0,0,4084,8168.000668585355,not_applicable,not_applicable,not_applicable,0,0,0,0,0,0,0,0,0,"derived from frozen fixed-mode PHY, not decoded TX truth",actual online waveform measurement
P4084_N4084_seed2026092404,n03485794/ILSVRC2012_val_00010782_n03485794,6cb18ac7a6f1c139799a90785b3695b670a64a978aff1ca14d3922f3a55e1bfc,7,2002,SHORT-PREFIX-20260923-priority-selected-v1,59b70217b3081ced610b38538606e94fd7e1d1b33cd56b152ca98eace465118b,4084,0,0,4084,8168.000668585355,not_applicable,not_applicable,not_applicable,0,0,0,0,0,0,0,0,0,"derived from frozen fixed-mode PHY, not decoded TX truth",actual online waveform measurement
P4084_N4084_seed2026092404,n03485794/ILSVRC2012_val_00010782_n03485794,6cb18ac7a6f1c139799a90785b3695b670a64a978aff1ca14d3922f3a55e1bfc,7,2003,SHORT-PREFIX-20260923-priority-selected-v1,59b70217b3081ced610b38538606e94fd7e1d1b33cd56b152ca98eace465118b,4084,0,0,4084,8168.000668585355,not_applicable,not_applicable,not_applicable,0,0,0,0,0,0,0,0,0,"derived from frozen fixed-mode PHY, not decoded TX truth",actual online waveform measurement
P4084_N4084_seed2026092404,n03485794/ILSVRC2012_val_00010782_n03485794,6cb18ac7a6f1c139799a90785b3695b670a64a978aff1ca14d3922f3a55e1bfc,13,2001,SHORT-PREFIX-20260923-priority-selected-v1,59b70217b3081ced610b38538606e94fd7e1d1b33cd56b152ca98eace465118b,4084,0,0,4084,8168.000668585355,not_applicable,not_applicable,not_applicable,0,0,0,0,0,0,0,0,0,"derived from frozen fixed-mode PHY, not decoded TX truth",actual online waveform measurement
P4084_N4084_seed2026092404,n03485794/ILSVRC2012_val_00010782_n03485794,6cb18ac7a6f1c139799a90785b3695b670a64a978aff1ca14d3922f3a55e1bfc,13,2002,SHORT-PREFIX-20260923-priority-selected-v1,59b70217b3081ced610b38538606e94fd7e1d1b33cd56b152ca98eace465118b,4084,0,0,4084,8168.000668585355,not_applicable,not_applicable,not_applicable,0,0,0,0,0,0,0,0,0,"derived from frozen fixed-mode PHY, not decoded TX truth",actual online waveform measurement
P4084_N4084_seed2026092404,n03485794/ILSVRC2012_val_00010782_n03485794,6cb18ac7a6f1c139799a90785b3695b670a64a978aff1ca14d3922f3a55e1bfc,13,2003,SHORT-PREFIX-20260923-priority-selected-v1,59b70217b3081ced610b38538606e94fd7e1d1b33cd56b152ca98eace465118b,4084,0,0,4084,8168.000668585355,not_applicable,not_applicable,not_applicable,0,0,0,0,0,0,0,0,0,"derived from frozen fixed-mode PHY, not decoded TX truth",actual online waveform measurement
P4084_N4084_seed2026092404,n03485794/ILSVRC2012_val_00010782_n03485794,6cb18ac7a6f1c139799a90785b3695b670a64a978aff1ca14d3922f3a55e1bfc,19,2001,SHORT-PREFIX-20260923-priority-selected-v1,59b70217b3081ced610b38538606e94fd7e1d1b33cd56b152ca98eace465118b,4084,0,0,4084,8168.000668585355,not_applicable,not_applicable,not_applicable,0,0,0,0,0,0,0,0,0,"derived from frozen fixed-mode PHY, not decoded TX truth",actual online waveform measurement
P4084_N4084_seed2026092404,n03485794/ILSVRC2012_val_00010782_n03485794,6cb18ac7a6f1c139799a90785b3695b670a64a978aff1ca14d3922f3a55e1bfc,19,2002,SHORT-PREFIX-20260923-priority-selected-v1,59b70217b3081ced610b38538606e94fd7e1d1b33cd56b152ca98eace465118b,4084,0,0,4084,8168.000668585355,not_applicable,not_applicable,not_applicable,0,0,0,0,0,0,0,0,0,"derived from frozen fixed-mode PHY, not decoded TX truth",actual online waveform measurement
P4084_N4084_seed2026092404,n03485794/ILSVRC2012_val_00010782_n03485794,6cb18ac7a6f1c139799a90785b3695b670a64a978aff1ca14d3922f3a55e1bfc,19,2003,SHORT-PREFIX-20260923-priority-selected-v1,59b70217b3081ced610b38538606e94fd7e1d1b33cd56b152ca98eace465118b,4084,0,0,4084,8168.000668585355,not_applicable,not_applicable,not_applicable,0,0,0,0,0,0,0,0,0,"derived from frozen fixed-mode PHY, not decoded TX truth",actual online waveform measurement
P4084_N4084_seed2026092404,n03527444/ILSVRC2012_val_00035251_n03527444,fd1996afa6b044e353d02c5d5d9d88bbe67cf8b17860630837a7bf646dd4ad7c,1,2001,SHORT-PREFIX-20260923-priority-selected-v1,59b70217b3081ced610b38538606e94fd7e1d1b33cd56b152ca98eace465118b,4084,0,0,4084,8168.00021601962,not_applicable,not_applicable,not_applicable,0,0,0,0,0,0,0,0,0,"derived from frozen fixed-mode PHY, not decoded TX truth",actual online waveform measurement
P4084_N4084_seed2026092404,n03527444/ILSVRC2012_val_00035251_n03527444,fd1996afa6b044e353d02c5d5d9d88bbe67cf8b17860630837a7bf646dd4ad7c,1,2002,SHORT-PREFIX-20260923-priority-selected-v1,59b70217b3081ced610b38538606e94fd7e1d1b33cd56b152ca98eace465118b,4084,0,0,4084,8168.00021601962,not_applicable,not_applicable,not_applicable,0,0,0,0,0,0,0,0,0,"derived from frozen fixed-mode PHY, not decoded TX truth",actual online waveform measurement
P4084_N4084_seed2026092404,n03527444/ILSVRC2012_val_00035251_n03527444,fd1996afa6b044e353d02c5d5d9d88bbe67cf8b17860630837a7bf646dd4ad7c,1,2003,SHORT-PREFIX-20260923-priority-selected-v1,59b70217b3081ced610b38538606e94fd7e1d1b33cd56b152ca98eace465118b,4084,0,0,4084,8168.00021601962,not_applicable,not_applicable,not_applicable,0,0,0,0,0,0,0,0,0,"derived from frozen fixed-mode PHY, not decoded TX truth",actual online waveform measurement
P4084_N4084_seed2026092404,n03527444/ILSVRC2012_val_00035251_n03527444,fd1996afa6b044e353d02c5d5d9d88bbe67cf8b17860630837a7bf646dd4ad7c,4,2001,SHORT-PREFIX-20260923-priority-selected-v1,59b70217b3081ced610b38538606e94fd7e1d1b33cd56b152ca98eace465118b,4084,0,0,4084,8168.00021601962,not_applicable,not_applicable,not_applicable,0,0,0,0,0,0,0,0,0,"derived from frozen fixed-mode PHY, not decoded TX truth",actual online waveform measurement
P4084_N4084_seed2026092404,n03527444/ILSVRC2012_val_00035251_n03527444,fd1996afa6b044e353d02c5d5d9d88bbe67cf8b17860630837a7bf646dd4ad7c,4,2002,SHORT-PREFIX-20260923-priority-selected-v1,59b70217b3081ced610b38538606e94fd7e1d1b33cd56b152ca98eace465118b,4084,0,0,4084,8168.00021601962,not_applicable,not_applicable,not_applicable,0,0,0,0,0,0,0,0,0,"derived from frozen fixed-mode PHY, not decoded TX truth",actual online waveform measurement
P4084_N4084_seed2026092404,n03527444/ILSVRC2012_val_00035251_n03527444,fd1996afa6b044e353d02c5d5d9d88bbe67cf8b17860630837a7bf646dd4ad7c,4,2003,SHORT-PREFIX-20260923-priority-selected-v1,59b70217b3081ced610b38538606e94fd7e1d1b33cd56b152ca98eace465118b,4084,0,0,4084,8168.00021601962,not_applicable,not_applicable,not_applicable,0,0,0,0,0,0,0,0,0,"derived from frozen fixed-mode PHY, not decoded TX truth",actual online waveform measurement
P4084_N4084_seed2026092404,n03527444/ILSVRC2012_val_00035251_n03527444,fd1996afa6b044e353d02c5d5d9d88bbe67cf8b17860630837a7bf646dd4ad7c,7,2001,SHORT-PREFIX-20260923-priority-selected-v1,59b70217b3081ced610b38538606e94fd7e1d1b33cd56b152ca98eace465118b,4084,0,0,4084,8168.00021601962,not_applicable,not_applicable,not_applicable,0,0,0,0,0,0,0,0,0,"derived from frozen fixed-mode PHY, not decoded TX truth",actual online waveform measurement
P4084_N4084_seed2026092404,n03527444/ILSVRC2012_val_00035251_n03527444,fd1996afa6b044e353d02c5d5d9d88bbe67cf8b17860630837a7bf646dd4ad7c,7,2002,SHORT-PREFIX-20260923-priority-selected-v1,59b70217b3081ced610b38538606e94fd7e1d1b33cd56b152ca98eace465118b,4084,0,0,4084,8168.00021601962,not_applicable,not_applicable,not_applicable,0,0,0,0,0,0,0,0,0,"derived from frozen fixed-mode PHY, not decoded TX truth",actual online waveform measurement
P4084_N4084_seed2026092404,n03527444/ILSVRC2012_val_00035251_n03527444,fd1996afa6b044e353d02c5d5d9d88bbe67cf8b17860630837a7bf646dd4ad7c,7,2003,SHORT-PREFIX-20260923-priority-selected-v1,59b70217b3081ced610b38538606e94fd7e1d1b33cd56b152ca98eace465118b,4084,0,0,4084,8168.00021601962,not_applicable,not_applicable,not_applicable,0,0,0,0,0,0,0,0,0,"derived from frozen fixed-mode PHY, not decoded TX truth",actual online waveform measurement
P4084_N4084_seed2026092404,n03527444/ILSVRC2012_val_00035251_n03527444,fd1996afa6b044e353d02c5d5d9d88bbe67cf8b17860630837a7bf646dd4ad7c,13,2001,SHORT-PREFIX-20260923-priority-selected-v1,59b70217b3081ced610b38538606e94fd7e1d1b33cd56b152ca98eace465118b,4084,0,0,4084,8168.00021601962,not_applicable,not_applicable,not_applicable,0,0,0,0,0,0,0,0,0,"derived from frozen fixed-mode PHY, not decoded TX truth",actual online waveform measurement
P4084_N4084_seed2026092404,n03527444/ILSVRC2012_val_00035251_n03527444,fd1996afa6b044e353d02c5d5d9d88bbe67cf8b17860630837a7bf646dd4ad7c,13,2002,SHORT-PREFIX-20260923-priority-selected-v1,59b70217b3081ced610b38538606e94fd7e1d1b33cd56b152ca98eace465118b,4084,0,0,4084,8168.00021601962,not_applicable,not_applicable,not_applicable,0,0,0,0,0,0,0,0,0,"derived from frozen fixed-mode PHY, not decoded TX truth",actual online waveform measurement
P4084_N4084_seed2026092404,n03527444/ILSVRC2012_val_00035251_n03527444,fd1996afa6b044e353d02c5d5d9d88bbe67cf8b17860630837a7bf646dd4ad7c,13,2003,SHORT-PREFIX-20260923-priority-selected-v1,59b70217b3081ced610b38538606e94fd7e1d1b33cd56b152ca98eace465118b,4084,0,0,4084,8168.00021601962,not_applicable,not_applicable,not_applicable,0,0,0,0,0,0,0,0,0,"derived from frozen fixed-mode PHY, not decoded TX truth",actual online waveform measurement
P4084_N4084_seed2026092404,n03527444/ILSVRC2012_val_00035251_n03527444,fd1996afa6b044e353d02c5d5d9d88bbe67cf8b17860630837a7bf646dd4ad7c,19,2001,SHORT-PREFIX-20260923-priority-selected-v1,59b70217b3081ced610b38538606e94fd7e1d1b33cd56b152ca98eace465118b,4084,0,0,4084,8168.00021601962,not_applicable,not_applicable,not_applicable,0,0,0,0,0,0,0,0,0,"derived from frozen fixed-mode PHY, not decoded TX truth",actual online waveform measurement
P4084_N4084_seed2026092404,n03527444/ILSVRC2012_val_00035251_n03527444,fd1996afa6b044e353d02c5d5d9d88bbe67cf8b17860630837a7bf646dd4ad7c,19,2002,SHORT-PREFIX-20260923-priority-selected-v1,59b70217b3081ced610b38538606e94fd7e1d1b33cd56b152ca98eace465118b,4084,0,0,4084,8168.00021601962,not_applicable,not_applicable,not_applicable,0,0,0,0,0,0,0,0,0,"derived from frozen fixed-mode PHY, not decoded TX truth",actual online waveform measurement
P4084_N4084_seed2026092404,n03527444/ILSVRC2012_val_00035251_n03527444,fd1996afa6b044e353d02c5d5d9d88bbe67cf8b17860630837a7bf646dd4ad7c,19,2003,SHORT-PREFIX-20260923-priority-selected-v1,59b70217b3081ced610b38538606e94fd7e1d1b33cd56b152ca98eace465118b,4084,0,0,4084,8168.00021601962,not_applicable,not_applicable,not_applicable,0,0,0,0,0,0,0,0,0,"derived from frozen fixed-mode PHY, not decoded TX truth",actual online waveform measurement
P4084_N4084_seed2026092404,n03584254/ILSVRC2012_val_00016384_n03584254,07bcf32feff7608562a15a061ceeeabdd1a360f60464acf875102797b198242b,1,2001,SHORT-PREFIX-20260923-priority-selected-v1,59b70217b3081ced610b38538606e94fd7e1d1b33cd56b152ca98eace465118b,4084,0,0,4084,8167.998559637175,not_applicable,not_applicable,not_applicable,0,0,0,0,0,0,0,0,0,"derived from frozen fixed-mode PHY, not decoded TX truth",actual online waveform measurement
P4084_N4084_seed2026092404,n03584254/ILSVRC2012_val_00016384_n03584254,07bcf32feff7608562a15a061ceeeabdd1a360f60464acf875102797b198242b,1,2002,SHORT-PREFIX-20260923-priority-selected-v1,59b70217b3081ced610b38538606e94fd7e1d1b33cd56b152ca98eace465118b,4084,0,0,4084,8167.998559637175,not_applicable,not_applicable,not_applicable,0,0,0,0,0,0,0,0,0,"derived from frozen fixed-mode PHY, not decoded TX truth",actual online waveform measurement
P4084_N4084_seed2026092404,n03584254/ILSVRC2012_val_00016384_n03584254,07bcf32feff7608562a15a061ceeeabdd1a360f60464acf875102797b198242b,1,2003,SHORT-PREFIX-20260923-priority-selected-v1,59b70217b3081ced610b38538606e94fd7e1d1b33cd56b152ca98eace465118b,4084,0,0,4084,8167.998559637175,not_applicable,not_applicable,not_applicable,0,0,0,0,0,0,0,0,0,"derived from frozen fixed-mode PHY, not decoded TX truth",actual online waveform measurement
P4084_N4084_seed2026092404,n03584254/ILSVRC2012_val_00016384_n03584254,07bcf32feff7608562a15a061ceeeabdd1a360f60464acf875102797b198242b,4,2001,SHORT-PREFIX-20260923-priority-selected-v1,59b70217b3081ced610b38538606e94fd7e1d1b33cd56b152ca98eace465118b,4084,0,0,4084,8167.998559637175,not_applicable,not_applicable,not_applicable,0,0,0,0,0,0,0,0,0,"derived from frozen fixed-mode PHY, not decoded TX truth",actual online waveform measurement
P4084_N4084_seed2026092404,n03584254/ILSVRC2012_val_00016384_n03584254,07bcf32feff7608562a15a061ceeeabdd1a360f60464acf875102797b198242b,4,2002,SHORT-PREFIX-20260923-priority-selected-v1,59b70217b3081ced610b38538606e94fd7e1d1b33cd56b152ca98eace465118b,4084,0,0,4084,8167.998559637175,not_applicable,not_applicable,not_applicable,0,0,0,0,0,0,0,0,0,"derived from frozen fixed-mode PHY, not decoded TX truth",actual online waveform measurement
P4084_N4084_seed2026092404,n03584254/ILSVRC2012_val_00016384_n03584254,07bcf32feff7608562a15a061ceeeabdd1a360f60464acf875102797b198242b,4,2003,SHORT-PREFIX-20260923-priority-selected-v1,59b70217b3081ced610b38538606e94fd7e1d1b33cd56b152ca98eace465118b,4084,0,0,4084,8167.998559637175,not_applicable,not_applicable,not_applicable,0,0,0,0,0,0,0,0,0,"derived from frozen fixed-mode PHY, not decoded TX truth",actual online waveform measurement
P4084_N4084_seed2026092404,n03584254/ILSVRC2012_val_00016384_n03584254,07bcf32feff7608562a15a061ceeeabdd1a360f60464acf875102797b198242b,7,2001,SHORT-PREFIX-20260923-priority-selected-v1,59b70217b3081ced610b38538606e94fd7e1d1b33cd56b152ca98eace465118b,4084,0,0,4084,8167.998559637175,not_applicable,not_applicable,not_applicable,0,0,0,0,0,0,0,0,0,"derived from frozen fixed-mode PHY, not decoded TX truth",actual online waveform measurement
P4084_N4084_seed2026092404,n03584254/ILSVRC2012_val_00016384_n03584254,07bcf32feff7608562a15a061ceeeabdd1a360f60464acf875102797b198242b,7,2002,SHORT-PREFIX-20260923-priority-selected-v1,59b70217b3081ced610b38538606e94fd7e1d1b33cd56b152ca98eace465118b,4084,0,0,4084,8167.998559637175,not_applicable,not_applicable,not_applicable,0,0,0,0,0,0,0,0,0,"derived from frozen fixed-mode PHY, not decoded TX truth",actual online waveform measurement
P4084_N4084_seed2026092404,n03584254/ILSVRC2012_val_00016384_n03584254,07bcf32feff7608562a15a061ceeeabdd1a360f60464acf875102797b198242b,7,2003,SHORT-PREFIX-20260923-priority-selected-v1,59b70217b3081ced610b38538606e94fd7e1d1b33cd56b152ca98eace465118b,4084,0,0,4084,8167.998559637175,not_applicable,not_applicable,not_applicable,0,0,0,0,0,0,0,0,0,"derived from frozen fixed-mode PHY, not decoded TX truth",actual online waveform measurement
P4084_N4084_seed2026092404,n03584254/ILSVRC2012_val_00016384_n03584254,07bcf32feff7608562a15a061ceeeabdd1a360f60464acf875102797b198242b,13,2001,SHORT-PREFIX-20260923-priority-selected-v1,59b70217b3081ced610b38538606e94fd7e1d1b33cd56b152ca98eace465118b,4084,0,0,4084,8167.998559637175,not_applicable,not_applicable,not_applicable,0,0,0,0,0,0,0,0,0,"derived from frozen fixed-mode PHY, not decoded TX truth",actual online waveform measurement
P4084_N4084_seed2026092404,n03584254/ILSVRC2012_val_00016384_n03584254,07bcf32feff7608562a15a061ceeeabdd1a360f60464acf875102797b198242b,13,2002,SHORT-PREFIX-20260923-priority-selected-v1,59b70217b3081ced610b38538606e94fd7e1d1b33cd56b152ca98eace465118b,4084,0,0,4084,8167.998559637175,not_applicable,not_applicable,not_applicable,0,0,0,0,0,0,0,0,0,"derived from frozen fixed-mode PHY, not decoded TX truth",actual online waveform measurement
P4084_N4084_seed2026092404,n03584254/ILSVRC2012_val_00016384_n03584254,07bcf32feff7608562a15a061ceeeabdd1a360f60464acf875102797b198242b,13,2003,SHORT-PREFIX-20260923-priority-selected-v1,59b70217b3081ced610b38538606e94fd7e1d1b33cd56b152ca98eace465118b,4084,0,0,4084,8167.998559637175,not_applicable,not_applicable,not_applicable,0,0,0,0,0,0,0,0,0,"derived from frozen fixed-mode PHY, not decoded TX truth",actual online waveform measurement
P4084_N4084_seed2026092404,n03584254/ILSVRC2012_val_00016384_n03584254,07bcf32feff7608562a15a061ceeeabdd1a360f60464acf875102797b198242b,19,2001,SHORT-PREFIX-20260923-priority-selected-v1,59b70217b3081ced610b38538606e94fd7e1d1b33cd56b152ca98eace465118b,4084,0,0,4084,8167.998559637175,not_applicable,not_applicable,not_applicable,0,0,0,0,0,0,0,0,0,"derived from frozen fixed-mode PHY, not decoded TX truth",actual online waveform measurement
P4084_N4084_seed2026092404,n03584254/ILSVRC2012_val_00016384_n03584254,07bcf32feff7608562a15a061ceeeabdd1a360f60464acf875102797b198242b,19,2002,SHORT-PREFIX-20260923-priority-selected-v1,59b70217b3081ced610b38538606e94fd7e1d1b33cd56b152ca98eace465118b,4084,0,0,4084,8167.998559637175,not_applicable,not_applicable,not_applicable,0,0,0,0,0,0,0,0,0,"derived from frozen fixed-mode PHY, not decoded TX truth",actual online waveform measurement
P4084_N4084_seed2026092404,n03584254/ILSVRC2012_val_00016384_n03584254,07bcf32feff7608562a15a061ceeeabdd1a360f60464acf875102797b198242b,19,2003,SHORT-PREFIX-20260923-priority-selected-v1,59b70217b3081ced610b38538606e94fd7e1d1b33cd56b152ca98eace465118b,4084,0,0,4084,8167.998559637175,not_applicable,not_applicable,not_applicable,0,0,0,0,0,0,0,0,0,"derived from frozen fixed-mode PHY, not decoded TX truth",actual online waveform measurement
P4084_N4084_seed2026092404,n03623198/ILSVRC2012_val_00019928_n03623198,81d6a474eecb501903c3e94b06b8e249955cf4c113fd1da261dc132ce386fecc,1,2001,SHORT-PREFIX-20260923-priority-selected-v1,59b70217b3081ced610b38538606e94fd7e1d1b33cd56b152ca98eace465118b,4084,0,0,4084,8168.001210587937,not_applicable,not_applicable,not_applicable,0,0,0,0,0,0,0,0,0,"derived from frozen fixed-mode PHY, not decoded TX truth",actual online waveform measurement
P4084_N4084_seed2026092404,n03623198/ILSVRC2012_val_00019928_n03623198,81d6a474eecb501903c3e94b06b8e249955cf4c113fd1da261dc132ce386fecc,1,2002,SHORT-PREFIX-20260923-priority-selected-v1,59b70217b3081ced610b38538606e94fd7e1d1b33cd56b152ca98eace465118b,4084,0,0,4084,8168.001210587937,not_applicable,not_applicable,not_applicable,0,0,0,0,0,0,0,0,0,"derived from frozen fixed-mode PHY, not decoded TX truth",actual online waveform measurement
P4084_N4084_seed2026092404,n03623198/ILSVRC2012_val_00019928_n03623198,81d6a474eecb501903c3e94b06b8e249955cf4c113fd1da261dc132ce386fecc,1,2003,SHORT-PREFIX-20260923-priority-selected-v1,59b70217b3081ced610b38538606e94fd7e1d1b33cd56b152ca98eace465118b,4084,0,0,4084,8168.001210587937,not_applicable,not_applicable,not_applicable,0,0,0,0,0,0,0,0,0,"derived from frozen fixed-mode PHY, not decoded TX truth",actual online waveform measurement
P4084_N4084_seed2026092404,n03623198/ILSVRC2012_val_00019928_n03623198,81d6a474eecb501903c3e94b06b8e249955cf4c113fd1da261dc132ce386fecc,4,2001,SHORT-PREFIX-20260923-priority-selected-v1,59b70217b3081ced610b38538606e94fd7e1d1b33cd56b152ca98eace465118b,4084,0,0,4084,8168.001210587937,not_applicable,not_applicable,not_applicable,0,0,0,0,0,0,0,0,0,"derived from frozen fixed-mode PHY, not decoded TX truth",actual online waveform measurement
P4084_N4084_seed2026092404,n03623198/ILSVRC2012_val_00019928_n03623198,81d6a474eecb501903c3e94b06b8e249955cf4c113fd1da261dc132ce386fecc,4,2002,SHORT-PREFIX-20260923-priority-selected-v1,59b70217b3081ced610b38538606e94fd7e1d1b33cd56b152ca98eace465118b,4084,0,0,4084,8168.001210587937,not_applicable,not_applicable,not_applicable,0,0,0,0,0,0,0,0,0,"derived from frozen fixed-mode PHY, not decoded TX truth",actual online waveform measurement
P4084_N4084_seed2026092404,n03623198/ILSVRC2012_val_00019928_n03623198,81d6a474eecb501903c3e94b06b8e249955cf4c113fd1da261dc132ce386fecc,4,2003,SHORT-PREFIX-20260923-priority-selected-v1,59b70217b3081ced610b38538606e94fd7e1d1b33cd56b152ca98eace465118b,4084,0,0,4084,8168.001210587937,not_applicable,not_applicable,not_applicable,0,0,0,0,0,0,0,0,0,"derived from frozen fixed-mode PHY, not decoded TX truth",actual online waveform measurement
P4084_N4084_seed2026092404,n03623198/ILSVRC2012_val_00019928_n03623198,81d6a474eecb501903c3e94b06b8e249955cf4c113fd1da261dc132ce386fecc,7,2001,SHORT-PREFIX-20260923-priority-selected-v1,59b70217b3081ced610b38538606e94fd7e1d1b33cd56b152ca98eace465118b,4084,0,0,4084,8168.001210587937,not_applicable,not_applicable,not_applicable,0,0,0,0,0,0,0,0,0,"derived from frozen fixed-mode PHY, not decoded TX truth",actual online waveform measurement
P4084_N4084_seed2026092404,n03623198/ILSVRC2012_val_00019928_n03623198,81d6a474eecb501903c3e94b06b8e249955cf4c113fd1da261dc132ce386fecc,7,2002,SHORT-PREFIX-20260923-priority-selected-v1,59b70217b3081ced610b38538606e94fd7e1d1b33cd56b152ca98eace465118b,4084,0,0,4084,8168.001210587937,not_applicable,not_applicable,not_applicable,0,0,0,0,0,0,0,0,0,"derived from frozen fixed-mode PHY, not decoded TX truth",actual online waveform measurement
P4084_N4084_seed2026092404,n03623198/ILSVRC2012_val_00019928_n03623198,81d6a474eecb501903c3e94b06b8e249955cf4c113fd1da261dc132ce386fecc,7,2003,SHORT-PREFIX-20260923-priority-selected-v1,59b70217b3081ced610b38538606e94fd7e1d1b33cd56b152ca98eace465118b,4084,0,0,4084,8168.001210587937,not_applicable,not_applicable,not_applicable,0,0,0,0,0,0,0,0,0,"derived from frozen fixed-mode PHY, not decoded TX truth",actual online waveform measurement
P4084_N4084_seed2026092404,n03623198/ILSVRC2012_val_00019928_n03623198,81d6a474eecb501903c3e94b06b8e249955cf4c113fd1da261dc132ce386fecc,13,2001,SHORT-PREFIX-20260923-priority-selected-v1,59b70217b3081ced610b38538606e94fd7e1d1b33cd56b152ca98eace465118b,4084,0,0,4084,8168.001210587937,not_applicable,not_applicable,not_applicable,0,0,0,0,0,0,0,0,0,"derived from frozen fixed-mode PHY, not decoded TX truth",actual online waveform measurement
P4084_N4084_seed2026092404,n03623198/ILSVRC2012_val_00019928_n03623198,81d6a474eecb501903c3e94b06b8e249955cf4c113fd1da261dc132ce386fecc,13,2002,SHORT-PREFIX-20260923-priority-selected-v1,59b70217b3081ced610b38538606e94fd7e1d1b33cd56b152ca98eace465118b,4084,0,0,4084,8168.001210587937,not_applicable,not_applicable,not_applicable,0,0,0,0,0,0,0,0,0,"derived from frozen fixed-mode PHY, not decoded TX truth",actual online waveform measurement
P4084_N4084_seed2026092404,n03623198/ILSVRC2012_val_00019928_n03623198,81d6a474eecb501903c3e94b06b8e249955cf4c113fd1da261dc132ce386fecc,13,2003,SHORT-PREFIX-20260923-priority-selected-v1,59b70217b3081ced610b38538606e94fd7e1d1b33cd56b152ca98eace465118b,4084,0,0,4084,8168.001210587937,not_applicable,not_applicable,not_applicable,0,0,0,0,0,0,0,0,0,"derived from frozen fixed-mode PHY, not decoded TX truth",actual online waveform measurement
P4084_N4084_seed2026092404,n03623198/ILSVRC2012_val_00019928_n03623198,81d6a474eecb501903c3e94b06b8e249955cf4c113fd1da261dc132ce386fecc,19,2001,SHORT-PREFIX-20260923-priority-selected-v1,59b70217b3081ced610b38538606e94fd7e1d1b33cd56b152ca98eace465118b,4084,0,0,4084,8168.001210587937,not_applicable,not_applicable,not_applicable,0,0,0,0,0,0,0,0,0,"derived from frozen fixed-mode PHY, not decoded TX truth",actual online waveform measurement
P4084_N4084_seed2026092404,n03623198/ILSVRC2012_val_00019928_n03623198,81d6a474eecb501903c3e94b06b8e249955cf4c113fd1da261dc132ce386fecc,19,2002,SHORT-PREFIX-20260923-priority-selected-v1,59b70217b3081ced610b38538606e94fd7e1d1b33cd56b152ca98eace465118b,4084,0,0,4084,8168.001210587937,not_applicable,not_applicable,not_applicable,0,0,0,0,0,0,0,0,0,"derived from frozen fixed-mode PHY, not decoded TX truth",actual online waveform measurement
P4084_N4084_seed2026092404,n03623198/ILSVRC2012_val_00019928_n03623198,81d6a474eecb501903c3e94b06b8e249955cf4c113fd1da261dc132ce386fecc,19,2003,SHORT-PREFIX-20260923-priority-selected-v1,59b70217b3081ced610b38538606e94fd7e1d1b33cd56b152ca98eace465118b,4084,0,0,4084,8168.001210587937,not_applicable,not_applicable,not_applicable,0,0,0,0,0,0,0,0,0,"derived from frozen fixed-mode PHY, not decoded TX truth",actual online waveform measurement
P4084_N4084_seed2026092404,n03657121/ILSVRC2012_val_00000359_n03657121,a3f1ce0a0a826b7e4bf7f9376a96bedfadf32990d1e0e44b5346a70442b58586,1,2001,SHORT-PREFIX-20260923-priority-selected-v1,59b70217b3081ced610b38538606e94fd7e1d1b33cd56b152ca98eace465118b,4084,0,0,4084,8168.001124913634,not_applicable,not_applicable,not_applicable,0,0,0,0,0,0,0,0,0,"derived from frozen fixed-mode PHY, not decoded TX truth",actual online waveform measurement
P4084_N4084_seed2026092404,n03657121/ILSVRC2012_val_00000359_n03657121,a3f1ce0a0a826b7e4bf7f9376a96bedfadf32990d1e0e44b5346a70442b58586,1,2002,SHORT-PREFIX-20260923-priority-selected-v1,59b70217b3081ced610b38538606e94fd7e1d1b33cd56b152ca98eace465118b,4084,0,0,4084,8168.001124913634,not_applicable,not_applicable,not_applicable,0,0,0,0,0,0,0,0,0,"derived from frozen fixed-mode PHY, not decoded TX truth",actual online waveform measurement
P4084_N4084_seed2026092404,n03657121/ILSVRC2012_val_00000359_n03657121,a3f1ce0a0a826b7e4bf7f9376a96bedfadf32990d1e0e44b5346a70442b58586,1,2003,SHORT-PREFIX-20260923-priority-selected-v1,59b70217b3081ced610b38538606e94fd7e1d1b33cd56b152ca98eace465118b,4084,0,0,4084,8168.001124913634,not_applicable,not_applicable,not_applicable,0,0,0,0,0,0,0,0,0,"derived from frozen fixed-mode PHY, not decoded TX truth",actual online waveform measurement
P4084_N4084_seed2026092404,n03657121/ILSVRC2012_val_00000359_n03657121,a3f1ce0a0a826b7e4bf7f9376a96bedfadf32990d1e0e44b5346a70442b58586,4,2001,SHORT-PREFIX-20260923-priority-selected-v1,59b70217b3081ced610b38538606e94fd7e1d1b33cd56b152ca98eace465118b,4084,0,0,4084,8168.001124913634,not_applicable,not_applicable,not_applicable,0,0,0,0,0,0,0,0,0,"derived from frozen fixed-mode PHY, not decoded TX truth",actual online waveform measurement
P4084_N4084_seed2026092404,n03657121/ILSVRC2012_val_00000359_n03657121,a3f1ce0a0a826b7e4bf7f9376a96bedfadf32990d1e0e44b5346a70442b58586,4,2002,SHORT-PREFIX-20260923-priority-selected-v1,59b70217b3081ced610b38538606e94fd7e1d1b33cd56b152ca98eace465118b,4084,0,0,4084,8168.001124913634,not_applicable,not_applicable,not_applicable,0,0,0,0,0,0,0,0,0,"derived from frozen fixed-mode PHY, not decoded TX truth",actual online waveform measurement
P4084_N4084_seed2026092404,n03657121/ILSVRC2012_val_00000359_n03657121,a3f1ce0a0a826b7e4bf7f9376a96bedfadf32990d1e0e44b5346a70442b58586,4,2003,SHORT-PREFIX-20260923-priority-selected-v1,59b70217b3081ced610b38538606e94fd7e1d1b33cd56b152ca98eace465118b,4084,0,0,4084,8168.001124913634,not_applicable,not_applicable,not_applicable,0,0,0,0,0,0,0,0,0,"derived from frozen fixed-mode PHY, not decoded TX truth",actual online waveform measurement
P4084_N4084_seed2026092404,n03657121/ILSVRC2012_val_00000359_n03657121,a3f1ce0a0a826b7e4bf7f9376a96bedfadf32990d1e0e44b5346a70442b58586,7,2001,SHORT-PREFIX-20260923-priority-selected-v1,59b70217b3081ced610b38538606e94fd7e1d1b33cd56b152ca98eace465118b,4084,0,0,4084,8168.001124913634,not_applicable,not_applicable,not_applicable,0,0,0,0,0,0,0,0,0,"derived from frozen fixed-mode PHY, not decoded TX truth",actual online waveform measurement
P4084_N4084_seed2026092404,n03657121/ILSVRC2012_val_00000359_n03657121,a3f1ce0a0a826b7e4bf7f9376a96bedfadf32990d1e0e44b5346a70442b58586,7,2002,SHORT-PREFIX-20260923-priority-selected-v1,59b70217b3081ced610b38538606e94fd7e1d1b33cd56b152ca98eace465118b,4084,0,0,4084,8168.001124913634,not_applicable,not_applicable,not_applicable,0,0,0,0,0,0,0,0,0,"derived from frozen fixed-mode PHY, not decoded TX truth",actual online waveform measurement
P4084_N4084_seed2026092404,n03657121/ILSVRC2012_val_00000359_n03657121,a3f1ce0a0a826b7e4bf7f9376a96bedfadf32990d1e0e44b5346a70442b58586,7,2003,SHORT-PREFIX-20260923-priority-selected-v1,59b70217b3081ced610b38538606e94fd7e1d1b33cd56b152ca98eace465118b,4084,0,0,4084,8168.001124913634,not_applicable,not_applicable,not_applicable,0,0,0,0,0,0,0,0,0,"derived from frozen fixed-mode PHY, not decoded TX truth",actual online waveform measurement
P4084_N4084_seed2026092404,n03657121/ILSVRC2012_val_00000359_n03657121,a3f1ce0a0a826b7e4bf7f9376a96bedfadf32990d1e0e44b5346a70442b58586,13,2001,SHORT-PREFIX-20260923-priority-selected-v1,59b70217b3081ced610b38538606e94fd7e1d1b33cd56b152ca98eace465118b,4084,0,0,4084,8168.001124913634,not_applicable,not_applicable,not_applicable,0,0,0,0,0,0,0,0,0,"derived from frozen fixed-mode PHY, not decoded TX truth",actual online waveform measurement
P4084_N4084_seed2026092404,n03657121/ILSVRC2012_val_00000359_n03657121,a3f1ce0a0a826b7e4bf7f9376a96bedfadf32990d1e0e44b5346a70442b58586,13,2002,SHORT-PREFIX-20260923-priority-selected-v1,59b70217b3081ced610b38538606e94fd7e1d1b33cd56b152ca98eace465118b,4084,0,0,4084,8168.001124913634,not_applicable,not_applicable,not_applicable,0,0,0,0,0,0,0,0,0,"derived from frozen fixed-mode PHY, not decoded TX truth",actual online waveform measurement
P4084_N4084_seed2026092404,n03657121/ILSVRC2012_val_00000359_n03657121,a3f1ce0a0a826b7e4bf7f9376a96bedfadf32990d1e0e44b5346a70442b58586,13,2003,SHORT-PREFIX-20260923-priority-selected-v1,59b70217b3081ced610b38538606e94fd7e1d1b33cd56b152ca98eace465118b,4084,0,0,4084,8168.001124913634,not_applicable,not_applicable,not_applicable,0,0,0,0,0,0,0,0,0,"derived from frozen fixed-mode PHY, not decoded TX truth",actual online waveform measurement
P4084_N4084_seed2026092404,n03657121/ILSVRC2012_val_00000359_n03657121,a3f1ce0a0a826b7e4bf7f9376a96bedfadf32990d1e0e44b5346a70442b58586,19,2001,SHORT-PREFIX-20260923-priority-selected-v1,59b70217b3081ced610b38538606e94fd7e1d1b33cd56b152ca98eace465118b,4084,0,0,4084,8168.001124913634,not_applicable,not_applicable,not_applicable,0,0,0,0,0,0,0,0,0,"derived from frozen fixed-mode PHY, not decoded TX truth",actual online waveform measurement
P4084_N4084_seed2026092404,n03657121/ILSVRC2012_val_00000359_n03657121,a3f1ce0a0a826b7e4bf7f9376a96bedfadf32990d1e0e44b5346a70442b58586,19,2002,SHORT-PREFIX-20260923-priority-selected-v1,59b70217b3081ced610b38538606e94fd7e1d1b33cd56b152ca98eace465118b,4084,0,0,4084,8168.001124913634,not_applicable,not_applicable,not_applicable,0,0,0,0,0,0,0,0,0,"derived from frozen fixed-mode PHY, not decoded TX truth",actual online waveform measurement
P4084_N4084_seed2026092404,n03657121/ILSVRC2012_val_00000359_n03657121,a3f1ce0a0a826b7e4bf7f9376a96bedfadf32990d1e0e44b5346a70442b58586,19,2003,SHORT-PREFIX-20260923-priority-selected-v1,59b70217b3081ced610b38538606e94fd7e1d1b33cd56b152ca98eace465118b,4084,0,0,4084,8168.001124913634,not_applicable,not_applicable,not_applicable,0,0,0,0,0,0,0,0,0,"derived from frozen fixed-mode PHY, not decoded TX truth",actual online waveform measurement
P4084_N4084_seed2026092404,n03706229/ILSVRC2012_val_00017460_n03706229,8e3b858b0513ad838965208bb580abe8a508cb57740c0505ccbc8cf050b0c838,1,2001,SHORT-PREFIX-20260923-priority-selected-v1,59b70217b3081ced610b38538606e94fd7e1d1b33cd56b152ca98eace465118b,4084,0,0,4084,8168.000631424849,not_applicable,not_applicable,not_applicable,0,0,0,0,0,0,0,0,0,"derived from frozen fixed-mode PHY, not decoded TX truth",actual online waveform measurement
P4084_N4084_seed2026092404,n03706229/ILSVRC2012_val_00017460_n03706229,8e3b858b0513ad838965208bb580abe8a508cb57740c0505ccbc8cf050b0c838,1,2002,SHORT-PREFIX-20260923-priority-selected-v1,59b70217b3081ced610b38538606e94fd7e1d1b33cd56b152ca98eace465118b,4084,0,0,4084,8168.000631424849,not_applicable,not_applicable,not_applicable,0,0,0,0,0,0,0,0,0,"derived from frozen fixed-mode PHY, not decoded TX truth",actual online waveform measurement
P4084_N4084_seed2026092404,n03706229/ILSVRC2012_val_00017460_n03706229,8e3b858b0513ad838965208bb580abe8a508cb57740c0505ccbc8cf050b0c838,1,2003,SHORT-PREFIX-20260923-priority-selected-v1,59b70217b3081ced610b38538606e94fd7e1d1b33cd56b152ca98eace465118b,4084,0,0,4084,8168.000631424849,not_applicable,not_applicable,not_applicable,0,0,0,0,0,0,0,0,0,"derived from frozen fixed-mode PHY, not decoded TX truth",actual online waveform measurement
P4084_N4084_seed2026092404,n03706229/ILSVRC2012_val_00017460_n03706229,8e3b858b0513ad838965208bb580abe8a508cb57740c0505ccbc8cf050b0c838,4,2001,SHORT-PREFIX-20260923-priority-selected-v1,59b70217b3081ced610b38538606e94fd7e1d1b33cd56b152ca98eace465118b,4084,0,0,4084,8168.000631424849,not_applicable,not_applicable,not_applicable,0,0,0,0,0,0,0,0,0,"derived from frozen fixed-mode PHY, not decoded TX truth",actual online waveform measurement
P4084_N4084_seed2026092404,n03706229/ILSVRC2012_val_00017460_n03706229,8e3b858b0513ad838965208bb580abe8a508cb57740c0505ccbc8cf050b0c838,4,2002,SHORT-PREFIX-20260923-priority-selected-v1,59b70217b3081ced610b38538606e94fd7e1d1b33cd56b152ca98eace465118b,4084,0,0,4084,8168.000631424849,not_applicable,not_applicable,not_applicable,0,0,0,0,0,0,0,0,0,"derived from frozen fixed-mode PHY, not decoded TX truth",actual online waveform measurement
P4084_N4084_seed2026092404,n03706229/ILSVRC2012_val_00017460_n03706229,8e3b858b0513ad838965208bb580abe8a508cb57740c0505ccbc8cf050b0c838,4,2003,SHORT-PREFIX-20260923-priority-selected-v1,59b70217b3081ced610b38538606e94fd7e1d1b33cd56b152ca98eace465118b,4084,0,0,4084,8168.000631424849,not_applicable,not_applicable,not_applicable,0,0,0,0,0,0,0,0,0,"derived from frozen fixed-mode PHY, not decoded TX truth",actual online waveform measurement
P4084_N4084_seed2026092404,n03706229/ILSVRC2012_val_00017460_n03706229,8e3b858b0513ad838965208bb580abe8a508cb57740c0505ccbc8cf050b0c838,7,2001,SHORT-PREFIX-20260923-priority-selected-v1,59b70217b3081ced610b38538606e94fd7e1d1b33cd56b152ca98eace465118b,4084,0,0,4084,8168.000631424849,not_applicable,not_applicable,not_applicable,0,0,0,0,0,0,0,0,0,"derived from frozen fixed-mode PHY, not decoded TX truth",actual online waveform measurement
P4084_N4084_seed2026092404,n03706229/ILSVRC2012_val_00017460_n03706229,8e3b858b0513ad838965208bb580abe8a508cb57740c0505ccbc8cf050b0c838,7,2002,SHORT-PREFIX-20260923-priority-selected-v1,59b70217b3081ced610b38538606e94fd7e1d1b33cd56b152ca98eace465118b,4084,0,0,4084,8168.000631424849,not_applicable,not_applicable,not_applicable,0,0,0,0,0,0,0,0,0,"derived from frozen fixed-mode PHY, not decoded TX truth",actual online waveform measurement
P4084_N4084_seed2026092404,n03706229/ILSVRC2012_val_00017460_n03706229,8e3b858b0513ad838965208bb580abe8a508cb57740c0505ccbc8cf050b0c838,7,2003,SHORT-PREFIX-20260923-priority-selected-v1,59b70217b3081ced610b38538606e94fd7e1d1b33cd56b152ca98eace465118b,4084,0,0,4084,8168.000631424849,not_applicable,not_applicable,not_applicable,0,0,0,0,0,0,0,0,0,"derived from frozen fixed-mode PHY, not decoded TX truth",actual online waveform measurement
P4084_N4084_seed2026092404,n03706229/ILSVRC2012_val_00017460_n03706229,8e3b858b0513ad838965208bb580abe8a508cb57740c0505ccbc8cf050b0c838,13,2001,SHORT-PREFIX-20260923-priority-selected-v1,59b70217b3081ced610b38538606e94fd7e1d1b33cd56b152ca98eace465118b,4084,0,0,4084,8168.000631424849,not_applicable,not_applicable,not_applicable,0,0,0,0,0,0,0,0,0,"derived from frozen fixed-mode PHY, not decoded TX truth",actual online waveform measurement
P4084_N4084_seed2026092404,n03706229/ILSVRC2012_val_00017460_n03706229,8e3b858b0513ad838965208bb580abe8a508cb57740c0505ccbc8cf050b0c838,13,2002,SHORT-PREFIX-20260923-priority-selected-v1,59b70217b3081ced610b38538606e94fd7e1d1b33cd56b152ca98eace465118b,4084,0,0,4084,8168.000631424849,not_applicable,not_applicable,not_applicable,0,0,0,0,0,0,0,0,0,"derived from frozen fixed-mode PHY, not decoded TX truth",actual online waveform measurement
P4084_N4084_seed2026092404,n03706229/ILSVRC2012_val_00017460_n03706229,8e3b858b0513ad838965208bb580abe8a508cb57740c0505ccbc8cf050b0c838,13,2003,SHORT-PREFIX-20260923-priority-selected-v1,59b70217b3081ced610b38538606e94fd7e1d1b33cd56b152ca98eace465118b,4084,0,0,4084,8168.000631424849,not_applicable,not_applicable,not_applicable,0,0,0,0,0,0,0,0,0,"derived from frozen fixed-mode PHY, not decoded TX truth",actual online waveform measurement
P4084_N4084_seed2026092404,n03706229/ILSVRC2012_val_00017460_n03706229,8e3b858b0513ad838965208bb580abe8a508cb57740c0505ccbc8cf050b0c838,19,2001,SHORT-PREFIX-20260923-priority-selected-v1,59b70217b3081ced610b38538606e94fd7e1d1b33cd56b152ca98eace465118b,4084,0,0,4084,8168.000631424849,not_applicable,not_applicable,not_applicable,0,0,0,0,0,0,0,0,0,"derived from frozen fixed-mode PHY, not decoded TX truth",actual online waveform measurement
P4084_N4084_seed2026092404,n03706229/ILSVRC2012_val_00017460_n03706229,8e3b858b0513ad838965208bb580abe8a508cb57740c0505ccbc8cf050b0c838,19,2002,SHORT-PREFIX-20260923-priority-selected-v1,59b70217b3081ced610b38538606e94fd7e1d1b33cd56b152ca98eace465118b,4084,0,0,4084,8168.000631424849,not_applicable,not_applicable,not_applicable,0,0,0,0,0,0,0,0,0,"derived from frozen fixed-mode PHY, not decoded TX truth",actual online waveform measurement
P4084_N4084_seed2026092404,n03706229/ILSVRC2012_val_00017460_n03706229,8e3b858b0513ad838965208bb580abe8a508cb57740c0505ccbc8cf050b0c838,19,2003,SHORT-PREFIX-20260923-priority-selected-v1,59b70217b3081ced610b38538606e94fd7e1d1b33cd56b152ca98eace465118b,4084,0,0,4084,8168.000631424849,not_applicable,not_applicable,not_applicable,0,0,0,0,0,0,0,0,0,"derived from frozen fixed-mode PHY, not decoded TX truth",actual online waveform measurement
P4084_N4084_seed2026092404,n03759954/ILSVRC2012_val_00010804_n03759954,7a1498cebe035004705d9ede2d2cfecfdc25e8e2db8841b990fec0d4b834b3d1,1,2001,SHORT-PREFIX-20260923-priority-selected-v1,59b70217b3081ced610b38538606e94fd7e1d1b33cd56b152ca98eace465118b,4084,0,0,4084,8168.00060924991,not_applicable,not_applicable,not_applicable,0,0,0,0,0,0,0,0,0,"derived from frozen fixed-mode PHY, not decoded TX truth",actual online waveform measurement
P4084_N4084_seed2026092404,n03759954/ILSVRC2012_val_00010804_n03759954,7a1498cebe035004705d9ede2d2cfecfdc25e8e2db8841b990fec0d4b834b3d1,1,2002,SHORT-PREFIX-20260923-priority-selected-v1,59b70217b3081ced610b38538606e94fd7e1d1b33cd56b152ca98eace465118b,4084,0,0,4084,8168.00060924991,not_applicable,not_applicable,not_applicable,0,0,0,0,0,0,0,0,0,"derived from frozen fixed-mode PHY, not decoded TX truth",actual online waveform measurement
P4084_N4084_seed2026092404,n03759954/ILSVRC2012_val_00010804_n03759954,7a1498cebe035004705d9ede2d2cfecfdc25e8e2db8841b990fec0d4b834b3d1,1,2003,SHORT-PREFIX-20260923-priority-selected-v1,59b70217b3081ced610b38538606e94fd7e1d1b33cd56b152ca98eace465118b,4084,0,0,4084,8168.00060924991,not_applicable,not_applicable,not_applicable,0,0,0,0,0,0,0,0,0,"derived from frozen fixed-mode PHY, not decoded TX truth",actual online waveform measurement
P4084_N4084_seed2026092404,n03759954/ILSVRC2012_val_00010804_n03759954,7a1498cebe035004705d9ede2d2cfecfdc25e8e2db8841b990fec0d4b834b3d1,4,2001,SHORT-PREFIX-20260923-priority-selected-v1,59b70217b3081ced610b38538606e94fd7e1d1b33cd56b152ca98eace465118b,4084,0,0,4084,8168.00060924991,not_applicable,not_applicable,not_applicable,0,0,0,0,0,0,0,0,0,"derived from frozen fixed-mode PHY, not decoded TX truth",actual online waveform measurement
P4084_N4084_seed2026092404,n03759954/ILSVRC2012_val_00010804_n03759954,7a1498cebe035004705d9ede2d2cfecfdc25e8e2db8841b990fec0d4b834b3d1,4,2002,SHORT-PREFIX-20260923-priority-selected-v1,59b70217b3081ced610b38538606e94fd7e1d1b33cd56b152ca98eace465118b,4084,0,0,4084,8168.00060924991,not_applicable,not_applicable,not_applicable,0,0,0,0,0,0,0,0,0,"derived from frozen fixed-mode PHY, not decoded TX truth",actual online waveform measurement
P4084_N4084_seed2026092404,n03759954/ILSVRC2012_val_00010804_n03759954,7a1498cebe035004705d9ede2d2cfecfdc25e8e2db8841b990fec0d4b834b3d1,4,2003,SHORT-PREFIX-20260923-priority-selected-v1,59b70217b3081ced610b38538606e94fd7e1d1b33cd56b152ca98eace465118b,4084,0,0,4084,8168.00060924991,not_applicable,not_applicable,not_applicable,0,0,0,0,0,0,0,0,0,"derived from frozen fixed-mode PHY, not decoded TX truth",actual online waveform measurement
P4084_N4084_seed2026092404,n03759954/ILSVRC2012_val_00010804_n03759954,7a1498cebe035004705d9ede2d2cfecfdc25e8e2db8841b990fec0d4b834b3d1,7,2001,SHORT-PREFIX-20260923-priority-selected-v1,59b70217b3081ced610b38538606e94fd7e1d1b33cd56b152ca98eace465118b,4084,0,0,4084,8168.00060924991,not_applicable,not_applicable,not_applicable,0,0,0,0,0,0,0,0,0,"derived from frozen fixed-mode PHY, not decoded TX truth",actual online waveform measurement
P4084_N4084_seed2026092404,n03759954/ILSVRC2012_val_00010804_n03759954,7a1498cebe035004705d9ede2d2cfecfdc25e8e2db8841b990fec0d4b834b3d1,7,2002,SHORT-PREFIX-20260923-priority-selected-v1,59b70217b3081ced610b38538606e94fd7e1d1b33cd56b152ca98eace465118b,4084,0,0,4084,8168.00060924991,not_applicable,not_applicable,not_applicable,0,0,0,0,0,0,0,0,0,"derived from frozen fixed-mode PHY, not decoded TX truth",actual online waveform measurement
P4084_N4084_seed2026092404,n03759954/ILSVRC2012_val_00010804_n03759954,7a1498cebe035004705d9ede2d2cfecfdc25e8e2db8841b990fec0d4b834b3d1,7,2003,SHORT-PREFIX-20260923-priority-selected-v1,59b70217b3081ced610b38538606e94fd7e1d1b33cd56b152ca98eace465118b,4084,0,0,4084,8168.00060924991,not_applicable,not_applicable,not_applicable,0,0,0,0,0,0,0,0,0,"derived from frozen fixed-mode PHY, not decoded TX truth",actual online waveform measurement
P4084_N4084_seed2026092404,n03759954/ILSVRC2012_val_00010804_n03759954,7a1498cebe035004705d9ede2d2cfecfdc25e8e2db8841b990fec0d4b834b3d1,13,2001,SHORT-PREFIX-20260923-priority-selected-v1,59b70217b3081ced610b38538606e94fd7e1d1b33cd56b152ca98eace465118b,4084,0,0,4084,8168.00060924991,not_applicable,not_applicable,not_applicable,0,0,0,0,0,0,0,0,0,"derived from frozen fixed-mode PHY, not decoded TX truth",actual online waveform measurement
P4084_N4084_seed2026092404,n03759954/ILSVRC2012_val_00010804_n03759954,7a1498cebe035004705d9ede2d2cfecfdc25e8e2db8841b990fec0d4b834b3d1,13,2002,SHORT-PREFIX-20260923-priority-selected-v1,59b70217b3081ced610b38538606e94fd7e1d1b33cd56b152ca98eace465118b,4084,0,0,4084,8168.00060924991,not_applicable,not_applicable,not_applicable,0,0,0,0,0,0,0,0,0,"derived from frozen fixed-mode PHY, not decoded TX truth",actual online waveform measurement
P4084_N4084_seed2026092404,n03759954/ILSVRC2012_val_00010804_n03759954,7a1498cebe035004705d9ede2d2cfecfdc25e8e2db8841b990fec0d4b834b3d1,13,2003,SHORT-PREFIX-20260923-priority-selected-v1,59b70217b3081ced610b38538606e94fd7e1d1b33cd56b152ca98eace465118b,4084,0,0,4084,8168.00060924991,not_applicable,not_applicable,not_applicable,0,0,0,0,0,0,0,0,0,"derived from frozen fixed-mode PHY, not decoded TX truth",actual online waveform measurement
P4084_N4084_seed2026092404,n03759954/ILSVRC2012_val_00010804_n03759954,7a1498cebe035004705d9ede2d2cfecfdc25e8e2db8841b990fec0d4b834b3d1,19,2001,SHORT-PREFIX-20260923-priority-selected-v1,59b70217b3081ced610b38538606e94fd7e1d1b33cd56b152ca98eace465118b,4084,0,0,4084,8168.00060924991,not_applicable,not_applicable,not_applicable,0,0,0,0,0,0,0,0,0,"derived from frozen fixed-mode PHY, not decoded TX truth",actual online waveform measurement
P4084_N4084_seed2026092404,n03759954/ILSVRC2012_val_00010804_n03759954,7a1498cebe035004705d9ede2d2cfecfdc25e8e2db8841b990fec0d4b834b3d1,19,2002,SHORT-PREFIX-20260923-priority-selected-v1,59b70217b3081ced610b38538606e94fd7e1d1b33cd56b152ca98eace465118b,4084,0,0,4084,8168.00060924991,not_applicable,not_applicable,not_applicable,0,0,0,0,0,0,0,0,0,"derived from frozen fixed-mode PHY, not decoded TX truth",actual online waveform measurement
P4084_N4084_seed2026092404,n03759954/ILSVRC2012_val_00010804_n03759954,7a1498cebe035004705d9ede2d2cfecfdc25e8e2db8841b990fec0d4b834b3d1,19,2003,SHORT-PREFIX-20260923-priority-selected-v1,59b70217b3081ced610b38538606e94fd7e1d1b33cd56b152ca98eace465118b,4084,0,0,4084,8168.00060924991,not_applicable,not_applicable,not_applicable,0,0,0,0,0,0,0,0,0,"derived from frozen fixed-mode PHY, not decoded TX truth",actual online waveform measurement
P4084_N4084_seed2026092404,n03775071/ILSVRC2012_val_00002420_n03775071,1300a7a060a680cbb93440b49303a8d52c9ff2d49cb9d0d5a5d642ea948009d0,1,2001,SHORT-PREFIX-20260923-priority-selected-v1,59b70217b3081ced610b38538606e94fd7e1d1b33cd56b152ca98eace465118b,4084,0,0,4084,8167.999975522664,not_applicable,not_applicable,not_applicable,0,0,0,0,0,0,0,0,0,"derived from frozen fixed-mode PHY, not decoded TX truth",actual online waveform measurement
P4084_N4084_seed2026092404,n03775071/ILSVRC2012_val_00002420_n03775071,1300a7a060a680cbb93440b49303a8d52c9ff2d49cb9d0d5a5d642ea948009d0,1,2002,SHORT-PREFIX-20260923-priority-selected-v1,59b70217b3081ced610b38538606e94fd7e1d1b33cd56b152ca98eace465118b,4084,0,0,4084,8167.999975522664,not_applicable,not_applicable,not_applicable,0,0,0,0,0,0,0,0,0,"derived from frozen fixed-mode PHY, not decoded TX truth",actual online waveform measurement
P4084_N4084_seed2026092404,n03775071/ILSVRC2012_val_00002420_n03775071,1300a7a060a680cbb93440b49303a8d52c9ff2d49cb9d0d5a5d642ea948009d0,1,2003,SHORT-PREFIX-20260923-priority-selected-v1,59b70217b3081ced610b38538606e94fd7e1d1b33cd56b152ca98eace465118b,4084,0,0,4084,8167.999975522664,not_applicable,not_applicable,not_applicable,0,0,0,0,0,0,0,0,0,"derived from frozen fixed-mode PHY, not decoded TX truth",actual online waveform measurement
P4084_N4084_seed2026092404,n03775071/ILSVRC2012_val_00002420_n03775071,1300a7a060a680cbb93440b49303a8d52c9ff2d49cb9d0d5a5d642ea948009d0,4,2001,SHORT-PREFIX-20260923-priority-selected-v1,59b70217b3081ced610b38538606e94fd7e1d1b33cd56b152ca98eace465118b,4084,0,0,4084,8167.999975522664,not_applicable,not_applicable,not_applicable,0,0,0,0,0,0,0,0,0,"derived from frozen fixed-mode PHY, not decoded TX truth",actual online waveform measurement
P4084_N4084_seed2026092404,n03775071/ILSVRC2012_val_00002420_n03775071,1300a7a060a680cbb93440b49303a8d52c9ff2d49cb9d0d5a5d642ea948009d0,4,2002,SHORT-PREFIX-20260923-priority-selected-v1,59b70217b3081ced610b38538606e94fd7e1d1b33cd56b152ca98eace465118b,4084,0,0,4084,8167.999975522664,not_applicable,not_applicable,not_applicable,0,0,0,0,0,0,0,0,0,"derived from frozen fixed-mode PHY, not decoded TX truth",actual online waveform measurement
P4084_N4084_seed2026092404,n03775071/ILSVRC2012_val_00002420_n03775071,1300a7a060a680cbb93440b49303a8d52c9ff2d49cb9d0d5a5d642ea948009d0,4,2003,SHORT-PREFIX-20260923-priority-selected-v1,59b70217b3081ced610b38538606e94fd7e1d1b33cd56b152ca98eace465118b,4084,0,0,4084,8167.999975522664,not_applicable,not_applicable,not_applicable,0,0,0,0,0,0,0,0,0,"derived from frozen fixed-mode PHY, not decoded TX truth",actual online waveform measurement
P4084_N4084_seed2026092404,n03775071/ILSVRC2012_val_00002420_n03775071,1300a7a060a680cbb93440b49303a8d52c9ff2d49cb9d0d5a5d642ea948009d0,7,2001,SHORT-PREFIX-20260923-priority-selected-v1,59b70217b3081ced610b38538606e94fd7e1d1b33cd56b152ca98eace465118b,4084,0,0,4084,8167.999975522664,not_applicable,not_applicable,not_applicable,0,0,0,0,0,0,0,0,0,"derived from frozen fixed-mode PHY, not decoded TX truth",actual online waveform measurement
P4084_N4084_seed2026092404,n03775071/ILSVRC2012_val_00002420_n03775071,1300a7a060a680cbb93440b49303a8d52c9ff2d49cb9d0d5a5d642ea948009d0,7,2002,SHORT-PREFIX-20260923-priority-selected-v1,59b70217b3081ced610b38538606e94fd7e1d1b33cd56b152ca98eace465118b,4084,0,0,4084,8167.999975522664,not_applicable,not_applicable,not_applicable,0,0,0,0,0,0,0,0,0,"derived from frozen fixed-mode PHY, not decoded TX truth",actual online waveform measurement
P4084_N4084_seed2026092404,n03775071/ILSVRC2012_val_00002420_n03775071,1300a7a060a680cbb93440b49303a8d52c9ff2d49cb9d0d5a5d642ea948009d0,7,2003,SHORT-PREFIX-20260923-priority-selected-v1,59b70217b3081ced610b38538606e94fd7e1d1b33cd56b152ca98eace465118b,4084,0,0,4084,8167.999975522664,not_applicable,not_applicable,not_applicable,0,0,0,0,0,0,0,0,0,"derived from frozen fixed-mode PHY, not decoded TX truth",actual online waveform measurement
P4084_N4084_seed2026092404,n03775071/ILSVRC2012_val_00002420_n03775071,1300a7a060a680cbb93440b49303a8d52c9ff2d49cb9d0d5a5d642ea948009d0,13,2001,SHORT-PREFIX-20260923-priority-selected-v1,59b70217b3081ced610b38538606e94fd7e1d1b33cd56b152ca98eace465118b,4084,0,0,4084,8167.999975522664,not_applicable,not_applicable,not_applicable,0,0,0,0,0,0,0,0,0,"derived from frozen fixed-mode PHY, not decoded TX truth",actual online waveform measurement
P4084_N4084_seed2026092404,n03775071/ILSVRC2012_val_00002420_n03775071,1300a7a060a680cbb93440b49303a8d52c9ff2d49cb9d0d5a5d642ea948009d0,13,2002,SHORT-PREFIX-20260923-priority-selected-v1,59b70217b3081ced610b38538606e94fd7e1d1b33cd56b152ca98eace465118b,4084,0,0,4084,8167.999975522664,not_applicable,not_applicable,not_applicable,0,0,0,0,0,0,0,0,0,"derived from frozen fixed-mode PHY, not decoded TX truth",actual online waveform measurement
P4084_N4084_seed2026092404,n03775071/ILSVRC2012_val_00002420_n03775071,1300a7a060a680cbb93440b49303a8d52c9ff2d49cb9d0d5a5d642ea948009d0,13,2003,SHORT-PREFIX-20260923-priority-selected-v1,59b70217b3081ced610b38538606e94fd7e1d1b33cd56b152ca98eace465118b,4084,0,0,4084,8167.999975522664,not_applicable,not_applicable,not_applicable,0,0,0,0,0,0,0,0,0,"derived from frozen fixed-mode PHY, not decoded TX truth",actual online waveform measurement
P4084_N4084_seed2026092404,n03775071/ILSVRC2012_val_00002420_n03775071,1300a7a060a680cbb93440b49303a8d52c9ff2d49cb9d0d5a5d642ea948009d0,19,2001,SHORT-PREFIX-20260923-priority-selected-v1,59b70217b3081ced610b38538606e94fd7e1d1b33cd56b152ca98eace465118b,4084,0,0,4084,8167.999975522664,not_applicable,not_applicable,not_applicable,0,0,0,0,0,0,0,0,0,"derived from frozen fixed-mode PHY, not decoded TX truth",actual online waveform measurement
P4084_N4084_seed2026092404,n03775071/ILSVRC2012_val_00002420_n03775071,1300a7a060a680cbb93440b49303a8d52c9ff2d49cb9d0d5a5d642ea948009d0,19,2002,SHORT-PREFIX-20260923-priority-selected-v1,59b70217b3081ced610b38538606e94fd7e1d1b33cd56b152ca98eace465118b,4084,0,0,4084,8167.999975522664,not_applicable,not_applicable,not_applicable,0,0,0,0,0,0,0,0,0,"derived from frozen fixed-mode PHY, not decoded TX truth",actual online waveform measurement
P4084_N4084_seed2026092404,n03775071/ILSVRC2012_val_00002420_n03775071,1300a7a060a680cbb93440b49303a8d52c9ff2d49cb9d0d5a5d642ea948009d0,19,2003,SHORT-PREFIX-20260923-priority-selected-v1,59b70217b3081ced610b38538606e94fd7e1d1b33cd56b152ca98eace465118b,4084,0,0,4084,8167.999975522664,not_applicable,not_applicable,not_applicable,0,0,0,0,0,0,0,0,0,"derived from frozen fixed-mode PHY, not decoded TX truth",actual online waveform measurement
P4084_N4084_seed2026092404,n03782006/ILSVRC2012_val_00004758_n03782006,81c7629baa1e0573a341cb7530061c978f2dd27d0be5ee68dc23399e1119f3d8,1,2001,SHORT-PREFIX-20260923-priority-selected-v1,59b70217b3081ced610b38538606e94fd7e1d1b33cd56b152ca98eace465118b,4084,0,0,4084,8167.999918453672,not_applicable,not_applicable,not_applicable,0,0,0,0,0,0,0,0,0,"derived from frozen fixed-mode PHY, not decoded TX truth",actual online waveform measurement
P4084_N4084_seed2026092404,n03782006/ILSVRC2012_val_00004758_n03782006,81c7629baa1e0573a341cb7530061c978f2dd27d0be5ee68dc23399e1119f3d8,1,2002,SHORT-PREFIX-20260923-priority-selected-v1,59b70217b3081ced610b38538606e94fd7e1d1b33cd56b152ca98eace465118b,4084,0,0,4084,8167.999918453672,not_applicable,not_applicable,not_applicable,0,0,0,0,0,0,0,0,0,"derived from frozen fixed-mode PHY, not decoded TX truth",actual online waveform measurement
P4084_N4084_seed2026092404,n03782006/ILSVRC2012_val_00004758_n03782006,81c7629baa1e0573a341cb7530061c978f2dd27d0be5ee68dc23399e1119f3d8,1,2003,SHORT-PREFIX-20260923-priority-selected-v1,59b70217b3081ced610b38538606e94fd7e1d1b33cd56b152ca98eace465118b,4084,0,0,4084,8167.999918453672,not_applicable,not_applicable,not_applicable,0,0,0,0,0,0,0,0,0,"derived from frozen fixed-mode PHY, not decoded TX truth",actual online waveform measurement
P4084_N4084_seed2026092404,n03782006/ILSVRC2012_val_00004758_n03782006,81c7629baa1e0573a341cb7530061c978f2dd27d0be5ee68dc23399e1119f3d8,4,2001,SHORT-PREFIX-20260923-priority-selected-v1,59b70217b3081ced610b38538606e94fd7e1d1b33cd56b152ca98eace465118b,4084,0,0,4084,8167.999918453672,not_applicable,not_applicable,not_applicable,0,0,0,0,0,0,0,0,0,"derived from frozen fixed-mode PHY, not decoded TX truth",actual online waveform measurement
P4084_N4084_seed2026092404,n03782006/ILSVRC2012_val_00004758_n03782006,81c7629baa1e0573a341cb7530061c978f2dd27d0be5ee68dc23399e1119f3d8,4,2002,SHORT-PREFIX-20260923-priority-selected-v1,59b70217b3081ced610b38538606e94fd7e1d1b33cd56b152ca98eace465118b,4084,0,0,4084,8167.999918453672,not_applicable,not_applicable,not_applicable,0,0,0,0,0,0,0,0,0,"derived from frozen fixed-mode PHY, not decoded TX truth",actual online waveform measurement
P4084_N4084_seed2026092404,n03782006/ILSVRC2012_val_00004758_n03782006,81c7629baa1e0573a341cb7530061c978f2dd27d0be5ee68dc23399e1119f3d8,4,2003,SHORT-PREFIX-20260923-priority-selected-v1,59b70217b3081ced610b38538606e94fd7e1d1b33cd56b152ca98eace465118b,4084,0,0,4084,8167.999918453672,not_applicable,not_applicable,not_applicable,0,0,0,0,0,0,0,0,0,"derived from frozen fixed-mode PHY, not decoded TX truth",actual online waveform measurement
P4084_N4084_seed2026092404,n03782006/ILSVRC2012_val_00004758_n03782006,81c7629baa1e0573a341cb7530061c978f2dd27d0be5ee68dc23399e1119f3d8,7,2001,SHORT-PREFIX-20260923-priority-selected-v1,59b70217b3081ced610b38538606e94fd7e1d1b33cd56b152ca98eace465118b,4084,0,0,4084,8167.999918453672,not_applicable,not_applicable,not_applicable,0,0,0,0,0,0,0,0,0,"derived from frozen fixed-mode PHY, not decoded TX truth",actual online waveform measurement
P4084_N4084_seed2026092404,n03782006/ILSVRC2012_val_00004758_n03782006,81c7629baa1e0573a341cb7530061c978f2dd27d0be5ee68dc23399e1119f3d8,7,2002,SHORT-PREFIX-20260923-priority-selected-v1,59b70217b3081ced610b38538606e94fd7e1d1b33cd56b152ca98eace465118b,4084,0,0,4084,8167.999918453672,not_applicable,not_applicable,not_applicable,0,0,0,0,0,0,0,0,0,"derived from frozen fixed-mode PHY, not decoded TX truth",actual online waveform measurement
P4084_N4084_seed2026092404,n03782006/ILSVRC2012_val_00004758_n03782006,81c7629baa1e0573a341cb7530061c978f2dd27d0be5ee68dc23399e1119f3d8,7,2003,SHORT-PREFIX-20260923-priority-selected-v1,59b70217b3081ced610b38538606e94fd7e1d1b33cd56b152ca98eace465118b,4084,0,0,4084,8167.999918453672,not_applicable,not_applicable,not_applicable,0,0,0,0,0,0,0,0,0,"derived from frozen fixed-mode PHY, not decoded TX truth",actual online waveform measurement
P4084_N4084_seed2026092404,n03782006/ILSVRC2012_val_00004758_n03782006,81c7629baa1e0573a341cb7530061c978f2dd27d0be5ee68dc23399e1119f3d8,13,2001,SHORT-PREFIX-20260923-priority-selected-v1,59b70217b3081ced610b38538606e94fd7e1d1b33cd56b152ca98eace465118b,4084,0,0,4084,8167.999918453672,not_applicable,not_applicable,not_applicable,0,0,0,0,0,0,0,0,0,"derived from frozen fixed-mode PHY, not decoded TX truth",actual online waveform measurement
P4084_N4084_seed2026092404,n03782006/ILSVRC2012_val_00004758_n03782006,81c7629baa1e0573a341cb7530061c978f2dd27d0be5ee68dc23399e1119f3d8,13,2002,SHORT-PREFIX-20260923-priority-selected-v1,59b70217b3081ced610b38538606e94fd7e1d1b33cd56b152ca98eace465118b,4084,0,0,4084,8167.999918453672,not_applicable,not_applicable,not_applicable,0,0,0,0,0,0,0,0,0,"derived from frozen fixed-mode PHY, not decoded TX truth",actual online waveform measurement
P4084_N4084_seed2026092404,n03782006/ILSVRC2012_val_00004758_n03782006,81c7629baa1e0573a341cb7530061c978f2dd27d0be5ee68dc23399e1119f3d8,13,2003,SHORT-PREFIX-20260923-priority-selected-v1,59b70217b3081ced610b38538606e94fd7e1d1b33cd56b152ca98eace465118b,4084,0,0,4084,8167.999918453672,not_applicable,not_applicable,not_applicable,0,0,0,0,0,0,0,0,0,"derived from frozen fixed-mode PHY, not decoded TX truth",actual online waveform measurement
P4084_N4084_seed2026092404,n03782006/ILSVRC2012_val_00004758_n03782006,81c7629baa1e0573a341cb7530061c978f2dd27d0be5ee68dc23399e1119f3d8,19,2001,SHORT-PREFIX-20260923-priority-selected-v1,59b70217b3081ced610b38538606e94fd7e1d1b33cd56b152ca98eace465118b,4084,0,0,4084,8167.999918453672,not_applicable,not_applicable,not_applicable,0,0,0,0,0,0,0,0,0,"derived from frozen fixed-mode PHY, not decoded TX truth",actual online waveform measurement
P4084_N4084_seed2026092404,n03782006/ILSVRC2012_val_00004758_n03782006,81c7629baa1e0573a341cb7530061c978f2dd27d0be5ee68dc23399e1119f3d8,19,2002,SHORT-PREFIX-20260923-priority-selected-v1,59b70217b3081ced610b38538606e94fd7e1d1b33cd56b152ca98eace465118b,4084,0,0,4084,8167.999918453672,not_applicable,not_applicable,not_applicable,0,0,0,0,0,0,0,0,0,"derived from frozen fixed-mode PHY, not decoded TX truth",actual online waveform measurement
P4084_N4084_seed2026092404,n03782006/ILSVRC2012_val_00004758_n03782006,81c7629baa1e0573a341cb7530061c978f2dd27d0be5ee68dc23399e1119f3d8,19,2003,SHORT-PREFIX-20260923-priority-selected-v1,59b70217b3081ced610b38538606e94fd7e1d1b33cd56b152ca98eace465118b,4084,0,0,4084,8167.999918453672,not_applicable,not_applicable,not_applicable,0,0,0,0,0,0,0,0,0,"derived from frozen fixed-mode PHY, not decoded TX truth",actual online waveform measurement
P4084_N4084_seed2026092404,n03796401/ILSVRC2012_val_00025827_n03796401,9b21385c64696f5ac47bcbcec19404b19a48abc9bdcc5c0843cd0946b1a798a2,1,2001,SHORT-PREFIX-20260923-priority-selected-v1,59b70217b3081ced610b38538606e94fd7e1d1b33cd56b152ca98eace465118b,4084,0,0,4084,8167.999860814592,not_applicable,not_applicable,not_applicable,0,0,0,0,0,0,0,0,0,"derived from frozen fixed-mode PHY, not decoded TX truth",actual online waveform measurement
P4084_N4084_seed2026092404,n03796401/ILSVRC2012_val_00025827_n03796401,9b21385c64696f5ac47bcbcec19404b19a48abc9bdcc5c0843cd0946b1a798a2,1,2002,SHORT-PREFIX-20260923-priority-selected-v1,59b70217b3081ced610b38538606e94fd7e1d1b33cd56b152ca98eace465118b,4084,0,0,4084,8167.999860814592,not_applicable,not_applicable,not_applicable,0,0,0,0,0,0,0,0,0,"derived from frozen fixed-mode PHY, not decoded TX truth",actual online waveform measurement
P4084_N4084_seed2026092404,n03796401/ILSVRC2012_val_00025827_n03796401,9b21385c64696f5ac47bcbcec19404b19a48abc9bdcc5c0843cd0946b1a798a2,1,2003,SHORT-PREFIX-20260923-priority-selected-v1,59b70217b3081ced610b38538606e94fd7e1d1b33cd56b152ca98eace465118b,4084,0,0,4084,8167.999860814592,not_applicable,not_applicable,not_applicable,0,0,0,0,0,0,0,0,0,"derived from frozen fixed-mode PHY, not decoded TX truth",actual online waveform measurement
P4084_N4084_seed2026092404,n03796401/ILSVRC2012_val_00025827_n03796401,9b21385c64696f5ac47bcbcec19404b19a48abc9bdcc5c0843cd0946b1a798a2,4,2001,SHORT-PREFIX-20260923-priority-selected-v1,59b70217b3081ced610b38538606e94fd7e1d1b33cd56b152ca98eace465118b,4084,0,0,4084,8167.999860814592,not_applicable,not_applicable,not_applicable,0,0,0,0,0,0,0,0,0,"derived from frozen fixed-mode PHY, not decoded TX truth",actual online waveform measurement
P4084_N4084_seed2026092404,n03796401/ILSVRC2012_val_00025827_n03796401,9b21385c64696f5ac47bcbcec19404b19a48abc9bdcc5c0843cd0946b1a798a2,4,2002,SHORT-PREFIX-20260923-priority-selected-v1,59b70217b3081ced610b38538606e94fd7e1d1b33cd56b152ca98eace465118b,4084,0,0,4084,8167.999860814592,not_applicable,not_applicable,not_applicable,0,0,0,0,0,0,0,0,0,"derived from frozen fixed-mode PHY, not decoded TX truth",actual online waveform measurement
P4084_N4084_seed2026092404,n03796401/ILSVRC2012_val_00025827_n03796401,9b21385c64696f5ac47bcbcec19404b19a48abc9bdcc5c0843cd0946b1a798a2,4,2003,SHORT-PREFIX-20260923-priority-selected-v1,59b70217b3081ced610b38538606e94fd7e1d1b33cd56b152ca98eace465118b,4084,0,0,4084,8167.999860814592,not_applicable,not_applicable,not_applicable,0,0,0,0,0,0,0,0,0,"derived from frozen fixed-mode PHY, not decoded TX truth",actual online waveform measurement
P4084_N4084_seed2026092404,n03796401/ILSVRC2012_val_00025827_n03796401,9b21385c64696f5ac47bcbcec19404b19a48abc9bdcc5c0843cd0946b1a798a2,7,2001,SHORT-PREFIX-20260923-priority-selected-v1,59b70217b3081ced610b38538606e94fd7e1d1b33cd56b152ca98eace465118b,4084,0,0,4084,8167.999860814592,not_applicable,not_applicable,not_applicable,0,0,0,0,0,0,0,0,0,"derived from frozen fixed-mode PHY, not decoded TX truth",actual online waveform measurement
P4084_N4084_seed2026092404,n03796401/ILSVRC2012_val_00025827_n03796401,9b21385c64696f5ac47bcbcec19404b19a48abc9bdcc5c0843cd0946b1a798a2,7,2002,SHORT-PREFIX-20260923-priority-selected-v1,59b70217b3081ced610b38538606e94fd7e1d1b33cd56b152ca98eace465118b,4084,0,0,4084,8167.999860814592,not_applicable,not_applicable,not_applicable,0,0,0,0,0,0,0,0,0,"derived from frozen fixed-mode PHY, not decoded TX truth",actual online waveform measurement
P4084_N4084_seed2026092404,n03796401/ILSVRC2012_val_00025827_n03796401,9b21385c64696f5ac47bcbcec19404b19a48abc9bdcc5c0843cd0946b1a798a2,7,2003,SHORT-PREFIX-20260923-priority-selected-v1,59b70217b3081ced610b38538606e94fd7e1d1b33cd56b152ca98eace465118b,4084,0,0,4084,8167.999860814592,not_applicable,not_applicable,not_applicable,0,0,0,0,0,0,0,0,0,"derived from frozen fixed-mode PHY, not decoded TX truth",actual online waveform measurement
P4084_N4084_seed2026092404,n03796401/ILSVRC2012_val_00025827_n03796401,9b21385c64696f5ac47bcbcec19404b19a48abc9bdcc5c0843cd0946b1a798a2,13,2001,SHORT-PREFIX-20260923-priority-selected-v1,59b70217b3081ced610b38538606e94fd7e1d1b33cd56b152ca98eace465118b,4084,0,0,4084,8167.999860814592,not_applicable,not_applicable,not_applicable,0,0,0,0,0,0,0,0,0,"derived from frozen fixed-mode PHY, not decoded TX truth",actual online waveform measurement
P4084_N4084_seed2026092404,n03796401/ILSVRC2012_val_00025827_n03796401,9b21385c64696f5ac47bcbcec19404b19a48abc9bdcc5c0843cd0946b1a798a2,13,2002,SHORT-PREFIX-20260923-priority-selected-v1,59b70217b3081ced610b38538606e94fd7e1d1b33cd56b152ca98eace465118b,4084,0,0,4084,8167.999860814592,not_applicable,not_applicable,not_applicable,0,0,0,0,0,0,0,0,0,"derived from frozen fixed-mode PHY, not decoded TX truth",actual online waveform measurement
P4084_N4084_seed2026092404,n03796401/ILSVRC2012_val_00025827_n03796401,9b21385c64696f5ac47bcbcec19404b19a48abc9bdcc5c0843cd0946b1a798a2,13,2003,SHORT-PREFIX-20260923-priority-selected-v1,59b70217b3081ced610b38538606e94fd7e1d1b33cd56b152ca98eace465118b,4084,0,0,4084,8167.999860814592,not_applicable,not_applicable,not_applicable,0,0,0,0,0,0,0,0,0,"derived from frozen fixed-mode PHY, not decoded TX truth",actual online waveform measurement
P4084_N4084_seed2026092404,n03796401/ILSVRC2012_val_00025827_n03796401,9b21385c64696f5ac47bcbcec19404b19a48abc9bdcc5c0843cd0946b1a798a2,19,2001,SHORT-PREFIX-20260923-priority-selected-v1,59b70217b3081ced610b38538606e94fd7e1d1b33cd56b152ca98eace465118b,4084,0,0,4084,8167.999860814592,not_applicable,not_applicable,not_applicable,0,0,0,0,0,0,0,0,0,"derived from frozen fixed-mode PHY, not decoded TX truth",actual online waveform measurement
P4084_N4084_seed2026092404,n03796401/ILSVRC2012_val_00025827_n03796401,9b21385c64696f5ac47bcbcec19404b19a48abc9bdcc5c0843cd0946b1a798a2,19,2002,SHORT-PREFIX-20260923-priority-selected-v1,59b70217b3081ced610b38538606e94fd7e1d1b33cd56b152ca98eace465118b,4084,0,0,4084,8167.999860814592,not_applicable,not_applicable,not_applicable,0,0,0,0,0,0,0,0,0,"derived from frozen fixed-mode PHY, not decoded TX truth",actual online waveform measurement
P4084_N4084_seed2026092404,n03796401/ILSVRC2012_val_00025827_n03796401,9b21385c64696f5ac47bcbcec19404b19a48abc9bdcc5c0843cd0946b1a798a2,19,2003,SHORT-PREFIX-20260923-priority-selected-v1,59b70217b3081ced610b38538606e94fd7e1d1b33cd56b152ca98eace465118b,4084,0,0,4084,8167.999860814592,not_applicable,not_applicable,not_applicable,0,0,0,0,0,0,0,0,0,"derived from frozen fixed-mode PHY, not decoded TX truth",actual online waveform measurement
P4084_N4084_seed2026092404,n03866082/ILSVRC2012_val_00003554_n03866082,60562c0929f93a4daaecb86a36c36db3a1ed774950e0bb4ab9d3b89153eae016,1,2001,SHORT-PREFIX-20260923-priority-selected-v1,59b70217b3081ced610b38538606e94fd7e1d1b33cd56b152ca98eace465118b,4084,0,0,4084,8167.999807304508,not_applicable,not_applicable,not_applicable,0,0,0,0,0,0,0,0,0,"derived from frozen fixed-mode PHY, not decoded TX truth",actual online waveform measurement
P4084_N4084_seed2026092404,n03866082/ILSVRC2012_val_00003554_n03866082,60562c0929f93a4daaecb86a36c36db3a1ed774950e0bb4ab9d3b89153eae016,1,2002,SHORT-PREFIX-20260923-priority-selected-v1,59b70217b3081ced610b38538606e94fd7e1d1b33cd56b152ca98eace465118b,4084,0,0,4084,8167.999807304508,not_applicable,not_applicable,not_applicable,0,0,0,0,0,0,0,0,0,"derived from frozen fixed-mode PHY, not decoded TX truth",actual online waveform measurement
P4084_N4084_seed2026092404,n03866082/ILSVRC2012_val_00003554_n03866082,60562c0929f93a4daaecb86a36c36db3a1ed774950e0bb4ab9d3b89153eae016,1,2003,SHORT-PREFIX-20260923-priority-selected-v1,59b70217b3081ced610b38538606e94fd7e1d1b33cd56b152ca98eace465118b,4084,0,0,4084,8167.999807304508,not_applicable,not_applicable,not_applicable,0,0,0,0,0,0,0,0,0,"derived from frozen fixed-mode PHY, not decoded TX truth",actual online waveform measurement
P4084_N4084_seed2026092404,n03866082/ILSVRC2012_val_00003554_n03866082,60562c0929f93a4daaecb86a36c36db3a1ed774950e0bb4ab9d3b89153eae016,4,2001,SHORT-PREFIX-20260923-priority-selected-v1,59b70217b3081ced610b38538606e94fd7e1d1b33cd56b152ca98eace465118b,4084,0,0,4084,8167.999807304508,not_applicable,not_applicable,not_applicable,0,0,0,0,0,0,0,0,0,"derived from frozen fixed-mode PHY, not decoded TX truth",actual online waveform measurement
P4084_N4084_seed2026092404,n03866082/ILSVRC2012_val_00003554_n03866082,60562c0929f93a4daaecb86a36c36db3a1ed774950e0bb4ab9d3b89153eae016,4,2002,SHORT-PREFIX-20260923-priority-selected-v1,59b70217b3081ced610b38538606e94fd7e1d1b33cd56b152ca98eace465118b,4084,0,0,4084,8167.999807304508,not_applicable,not_applicable,not_applicable,0,0,0,0,0,0,0,0,0,"derived from frozen fixed-mode PHY, not decoded TX truth",actual online waveform measurement
P4084_N4084_seed2026092404,n03866082/ILSVRC2012_val_00003554_n03866082,60562c0929f93a4daaecb86a36c36db3a1ed774950e0bb4ab9d3b89153eae016,4,2003,SHORT-PREFIX-20260923-priority-selected-v1,59b70217b3081ced610b38538606e94fd7e1d1b33cd56b152ca98eace465118b,4084,0,0,4084,8167.999807304508,not_applicable,not_applicable,not_applicable,0,0,0,0,0,0,0,0,0,"derived from frozen fixed-mode PHY, not decoded TX truth",actual online waveform measurement
P4084_N4084_seed2026092404,n03866082/ILSVRC2012_val_00003554_n03866082,60562c0929f93a4daaecb86a36c36db3a1ed774950e0bb4ab9d3b89153eae016,7,2001,SHORT-PREFIX-20260923-priority-selected-v1,59b70217b3081ced610b38538606e94fd7e1d1b33cd56b152ca98eace465118b,4084,0,0,4084,8167.999807304508,not_applicable,not_applicable,not_applicable,0,0,0,0,0,0,0,0,0,"derived from frozen fixed-mode PHY, not decoded TX truth",actual online waveform measurement
P4084_N4084_seed2026092404,n03866082/ILSVRC2012_val_00003554_n03866082,60562c0929f93a4daaecb86a36c36db3a1ed774950e0bb4ab9d3b89153eae016,7,2002,SHORT-PREFIX-20260923-priority-selected-v1,59b70217b3081ced610b38538606e94fd7e1d1b33cd56b152ca98eace465118b,4084,0,0,4084,8167.999807304508,not_applicable,not_applicable,not_applicable,0,0,0,0,0,0,0,0,0,"derived from frozen fixed-mode PHY, not decoded TX truth",actual online waveform measurement
P4084_N4084_seed2026092404,n03866082/ILSVRC2012_val_00003554_n03866082,60562c0929f93a4daaecb86a36c36db3a1ed774950e0bb4ab9d3b89153eae016,7,2003,SHORT-PREFIX-20260923-priority-selected-v1,59b70217b3081ced610b38538606e94fd7e1d1b33cd56b152ca98eace465118b,4084,0,0,4084,8167.999807304508,not_applicable,not_applicable,not_applicable,0,0,0,0,0,0,0,0,0,"derived from frozen fixed-mode PHY, not decoded TX truth",actual online waveform measurement
P4084_N4084_seed2026092404,n03866082/ILSVRC2012_val_00003554_n03866082,60562c0929f93a4daaecb86a36c36db3a1ed774950e0bb4ab9d3b89153eae016,13,2001,SHORT-PREFIX-20260923-priority-selected-v1,59b70217b3081ced610b38538606e94fd7e1d1b33cd56b152ca98eace465118b,4084,0,0,4084,8167.999807304508,not_applicable,not_applicable,not_applicable,0,0,0,0,0,0,0,0,0,"derived from frozen fixed-mode PHY, not decoded TX truth",actual online waveform measurement
P4084_N4084_seed2026092404,n03866082/ILSVRC2012_val_00003554_n03866082,60562c0929f93a4daaecb86a36c36db3a1ed774950e0bb4ab9d3b89153eae016,13,2002,SHORT-PREFIX-20260923-priority-selected-v1,59b70217b3081ced610b38538606e94fd7e1d1b33cd56b152ca98eace465118b,4084,0,0,4084,8167.999807304508,not_applicable,not_applicable,not_applicable,0,0,0,0,0,0,0,0,0,"derived from frozen fixed-mode PHY, not decoded TX truth",actual online waveform measurement
P4084_N4084_seed2026092404,n03866082/ILSVRC2012_val_00003554_n03866082,60562c0929f93a4daaecb86a36c36db3a1ed774950e0bb4ab9d3b89153eae016,13,2003,SHORT-PREFIX-20260923-priority-selected-v1,59b70217b3081ced610b38538606e94fd7e1d1b33cd56b152ca98eace465118b,4084,0,0,4084,8167.999807304508,not_applicable,not_applicable,not_applicable,0,0,0,0,0,0,0,0,0,"derived from frozen fixed-mode PHY, not decoded TX truth",actual online waveform measurement
P4084_N4084_seed2026092404,n03866082/ILSVRC2012_val_00003554_n03866082,60562c0929f93a4daaecb86a36c36db3a1ed774950e0bb4ab9d3b89153eae016,19,2001,SHORT-PREFIX-20260923-priority-selected-v1,59b70217b3081ced610b38538606e94fd7e1d1b33cd56b152ca98eace465118b,4084,0,0,4084,8167.999807304508,not_applicable,not_applicable,not_applicable,0,0,0,0,0,0,0,0,0,"derived from frozen fixed-mode PHY, not decoded TX truth",actual online waveform measurement
P4084_N4084_seed2026092404,n03866082/ILSVRC2012_val_00003554_n03866082,60562c0929f93a4daaecb86a36c36db3a1ed774950e0bb4ab9d3b89153eae016,19,2002,SHORT-PREFIX-20260923-priority-selected-v1,59b70217b3081ced610b38538606e94fd7e1d1b33cd56b152ca98eace465118b,4084,0,0,4084,8167.999807304508,not_applicable,not_applicable,not_applicable,0,0,0,0,0,0,0,0,0,"derived from frozen fixed-mode PHY, not decoded TX truth",actual online waveform measurement
P4084_N4084_seed2026092404,n03866082/ILSVRC2012_val_00003554_n03866082,60562c0929f93a4daaecb86a36c36db3a1ed774950e0bb4ab9d3b89153eae016,19,2003,SHORT-PREFIX-20260923-priority-selected-v1,59b70217b3081ced610b38538606e94fd7e1d1b33cd56b152ca98eace465118b,4084,0,0,4084,8167.999807304508,not_applicable,not_applicable,not_applicable,0,0,0,0,0,0,0,0,0,"derived from frozen fixed-mode PHY, not decoded TX truth",actual online waveform measurement
P4084_N4084_seed2026092404,n03876231/ILSVRC2012_val_00022714_n03876231,e5fb75ea19743794b97420b0a84dd1ed44e00b335e89467578a629395e979d2f,1,2001,SHORT-PREFIX-20260923-priority-selected-v1,59b70217b3081ced610b38538606e94fd7e1d1b33cd56b152ca98eace465118b,4084,0,0,4084,8168.000319868712,not_applicable,not_applicable,not_applicable,0,0,0,0,0,0,0,0,0,"derived from frozen fixed-mode PHY, not decoded TX truth",actual online waveform measurement
P4084_N4084_seed2026092404,n03876231/ILSVRC2012_val_00022714_n03876231,e5fb75ea19743794b97420b0a84dd1ed44e00b335e89467578a629395e979d2f,1,2002,SHORT-PREFIX-20260923-priority-selected-v1,59b70217b3081ced610b38538606e94fd7e1d1b33cd56b152ca98eace465118b,4084,0,0,4084,8168.000319868712,not_applicable,not_applicable,not_applicable,0,0,0,0,0,0,0,0,0,"derived from frozen fixed-mode PHY, not decoded TX truth",actual online waveform measurement
P4084_N4084_seed2026092404,n03876231/ILSVRC2012_val_00022714_n03876231,e5fb75ea19743794b97420b0a84dd1ed44e00b335e89467578a629395e979d2f,1,2003,SHORT-PREFIX-20260923-priority-selected-v1,59b70217b3081ced610b38538606e94fd7e1d1b33cd56b152ca98eace465118b,4084,0,0,4084,8168.000319868712,not_applicable,not_applicable,not_applicable,0,0,0,0,0,0,0,0,0,"derived from frozen fixed-mode PHY, not decoded TX truth",actual online waveform measurement
P4084_N4084_seed2026092404,n03876231/ILSVRC2012_val_00022714_n03876231,e5fb75ea19743794b97420b0a84dd1ed44e00b335e89467578a629395e979d2f,4,2001,SHORT-PREFIX-20260923-priority-selected-v1,59b70217b3081ced610b38538606e94fd7e1d1b33cd56b152ca98eace465118b,4084,0,0,4084,8168.000319868712,not_applicable,not_applicable,not_applicable,0,0,0,0,0,0,0,0,0,"derived from frozen fixed-mode PHY, not decoded TX truth",actual online waveform measurement
P4084_N4084_seed2026092404,n03876231/ILSVRC2012_val_00022714_n03876231,e5fb75ea19743794b97420b0a84dd1ed44e00b335e89467578a629395e979d2f,4,2002,SHORT-PREFIX-20260923-priority-selected-v1,59b70217b3081ced610b38538606e94fd7e1d1b33cd56b152ca98eace465118b,4084,0,0,4084,8168.000319868712,not_applicable,not_applicable,not_applicable,0,0,0,0,0,0,0,0,0,"derived from frozen fixed-mode PHY, not decoded TX truth",actual online waveform measurement
P4084_N4084_seed2026092404,n03876231/ILSVRC2012_val_00022714_n03876231,e5fb75ea19743794b97420b0a84dd1ed44e00b335e89467578a629395e979d2f,4,2003,SHORT-PREFIX-20260923-priority-selected-v1,59b70217b3081ced610b38538606e94fd7e1d1b33cd56b152ca98eace465118b,4084,0,0,4084,8168.000319868712,not_applicable,not_applicable,not_applicable,0,0,0,0,0,0,0,0,0,"derived from frozen fixed-mode PHY, not decoded TX truth",actual online waveform measurement
P4084_N4084_seed2026092404,n03876231/ILSVRC2012_val_00022714_n03876231,e5fb75ea19743794b97420b0a84dd1ed44e00b335e89467578a629395e979d2f,7,2001,SHORT-PREFIX-20260923-priority-selected-v1,59b70217b3081ced610b38538606e94fd7e1d1b33cd56b152ca98eace465118b,4084,0,0,4084,8168.000319868712,not_applicable,not_applicable,not_applicable,0,0,0,0,0,0,0,0,0,"derived from frozen fixed-mode PHY, not decoded TX truth",actual online waveform measurement
P4084_N4084_seed2026092404,n03876231/ILSVRC2012_val_00022714_n03876231,e5fb75ea19743794b97420b0a84dd1ed44e00b335e89467578a629395e979d2f,7,2002,SHORT-PREFIX-20260923-priority-selected-v1,59b70217b3081ced610b38538606e94fd7e1d1b33cd56b152ca98eace465118b,4084,0,0,4084,8168.000319868712,not_applicable,not_applicable,not_applicable,0,0,0,0,0,0,0,0,0,"derived from frozen fixed-mode PHY, not decoded TX truth",actual online waveform measurement
P4084_N4084_seed2026092404,n03876231/ILSVRC2012_val_00022714_n03876231,e5fb75ea19743794b97420b0a84dd1ed44e00b335e89467578a629395e979d2f,7,2003,SHORT-PREFIX-20260923-priority-selected-v1,59b70217b3081ced610b38538606e94fd7e1d1b33cd56b152ca98eace465118b,4084,0,0,4084,8168.000319868712,not_applicable,not_applicable,not_applicable,0,0,0,0,0,0,0,0,0,"derived from frozen fixed-mode PHY, not decoded TX truth",actual online waveform measurement
P4084_N4084_seed2026092404,n03876231/ILSVRC2012_val_00022714_n03876231,e5fb75ea19743794b97420b0a84dd1ed44e00b335e89467578a629395e979d2f,13,2001,SHORT-PREFIX-20260923-priority-selected-v1,59b70217b3081ced610b38538606e94fd7e1d1b33cd56b152ca98eace465118b,4084,0,0,4084,8168.000319868712,not_applicable,not_applicable,not_applicable,0,0,0,0,0,0,0,0,0,"derived from frozen fixed-mode PHY, not decoded TX truth",actual online waveform measurement
P4084_N4084_seed2026092404,n03876231/ILSVRC2012_val_00022714_n03876231,e5fb75ea19743794b97420b0a84dd1ed44e00b335e89467578a629395e979d2f,13,2002,SHORT-PREFIX-20260923-priority-selected-v1,59b70217b3081ced610b38538606e94fd7e1d1b33cd56b152ca98eace465118b,4084,0,0,4084,8168.000319868712,not_applicable,not_applicable,not_applicable,0,0,0,0,0,0,0,0,0,"derived from frozen fixed-mode PHY, not decoded TX truth",actual online waveform measurement
P4084_N4084_seed2026092404,n03876231/ILSVRC2012_val_00022714_n03876231,e5fb75ea19743794b97420b0a84dd1ed44e00b335e89467578a629395e979d2f,13,2003,SHORT-PREFIX-20260923-priority-selected-v1,59b70217b3081ced610b38538606e94fd7e1d1b33cd56b152ca98eace465118b,4084,0,0,4084,8168.000319868712,not_applicable,not_applicable,not_applicable,0,0,0,0,0,0,0,0,0,"derived from frozen fixed-mode PHY, not decoded TX truth",actual online waveform measurement
P4084_N4084_seed2026092404,n03876231/ILSVRC2012_val_00022714_n03876231,e5fb75ea19743794b97420b0a84dd1ed44e00b335e89467578a629395e979d2f,19,2001,SHORT-PREFIX-20260923-priority-selected-v1,59b70217b3081ced610b38538606e94fd7e1d1b33cd56b152ca98eace465118b,4084,0,0,4084,8168.000319868712,not_applicable,not_applicable,not_applicable,0,0,0,0,0,0,0,0,0,"derived from frozen fixed-mode PHY, not decoded TX truth",actual online waveform measurement
P4084_N4084_seed2026092404,n03876231/ILSVRC2012_val_00022714_n03876231,e5fb75ea19743794b97420b0a84dd1ed44e00b335e89467578a629395e979d2f,19,2002,SHORT-PREFIX-20260923-priority-selected-v1,59b70217b3081ced610b38538606e94fd7e1d1b33cd56b152ca98eace465118b,4084,0,0,4084,8168.000319868712,not_applicable,not_applicable,not_applicable,0,0,0,0,0,0,0,0,0,"derived from frozen fixed-mode PHY, not decoded TX truth",actual online waveform measurement
P4084_N4084_seed2026092404,n03876231/ILSVRC2012_val_00022714_n03876231,e5fb75ea19743794b97420b0a84dd1ed44e00b335e89467578a629395e979d2f,19,2003,SHORT-PREFIX-20260923-priority-selected-v1,59b70217b3081ced610b38538606e94fd7e1d1b33cd56b152ca98eace465118b,4084,0,0,4084,8168.000319868712,not_applicable,not_applicable,not_applicable,0,0,0,0,0,0,0,0,0,"derived from frozen fixed-mode PHY, not decoded TX truth",actual online waveform measurement
P4084_N4084_seed2026092404,n03929660/ILSVRC2012_val_00012300_n03929660,505f23aed8d3e96d4497a443edb34645a75ad2773b26e3a2bfe8a41501c74e37,1,2001,SHORT-PREFIX-20260923-priority-selected-v1,59b70217b3081ced610b38538606e94fd7e1d1b33cd56b152ca98eace465118b,4084,0,0,4084,8168.001341707283,not_applicable,not_applicable,not_applicable,0,0,0,0,0,0,0,0,0,"derived from frozen fixed-mode PHY, not decoded TX truth",actual online waveform measurement
P4084_N4084_seed2026092404,n03929660/ILSVRC2012_val_00012300_n03929660,505f23aed8d3e96d4497a443edb34645a75ad2773b26e3a2bfe8a41501c74e37,1,2002,SHORT-PREFIX-20260923-priority-selected-v1,59b70217b3081ced610b38538606e94fd7e1d1b33cd56b152ca98eace465118b,4084,0,0,4084,8168.001341707283,not_applicable,not_applicable,not_applicable,0,0,0,0,0,0,0,0,0,"derived from frozen fixed-mode PHY, not decoded TX truth",actual online waveform measurement
P4084_N4084_seed2026092404,n03929660/ILSVRC2012_val_00012300_n03929660,505f23aed8d3e96d4497a443edb34645a75ad2773b26e3a2bfe8a41501c74e37,1,2003,SHORT-PREFIX-20260923-priority-selected-v1,59b70217b3081ced610b38538606e94fd7e1d1b33cd56b152ca98eace465118b,4084,0,0,4084,8168.001341707283,not_applicable,not_applicable,not_applicable,0,0,0,0,0,0,0,0,0,"derived from frozen fixed-mode PHY, not decoded TX truth",actual online waveform measurement
P4084_N4084_seed2026092404,n03929660/ILSVRC2012_val_00012300_n03929660,505f23aed8d3e96d4497a443edb34645a75ad2773b26e3a2bfe8a41501c74e37,4,2001,SHORT-PREFIX-20260923-priority-selected-v1,59b70217b3081ced610b38538606e94fd7e1d1b33cd56b152ca98eace465118b,4084,0,0,4084,8168.001341707283,not_applicable,not_applicable,not_applicable,0,0,0,0,0,0,0,0,0,"derived from frozen fixed-mode PHY, not decoded TX truth",actual online waveform measurement
P4084_N4084_seed2026092404,n03929660/ILSVRC2012_val_00012300_n03929660,505f23aed8d3e96d4497a443edb34645a75ad2773b26e3a2bfe8a41501c74e37,4,2002,SHORT-PREFIX-20260923-priority-selected-v1,59b70217b3081ced610b38538606e94fd7e1d1b33cd56b152ca98eace465118b,4084,0,0,4084,8168.001341707283,not_applicable,not_applicable,not_applicable,0,0,0,0,0,0,0,0,0,"derived from frozen fixed-mode PHY, not decoded TX truth",actual online waveform measurement
P4084_N4084_seed2026092404,n03929660/ILSVRC2012_val_00012300_n03929660,505f23aed8d3e96d4497a443edb34645a75ad2773b26e3a2bfe8a41501c74e37,4,2003,SHORT-PREFIX-20260923-priority-selected-v1,59b70217b3081ced610b38538606e94fd7e1d1b33cd56b152ca98eace465118b,4084,0,0,4084,8168.001341707283,not_applicable,not_applicable,not_applicable,0,0,0,0,0,0,0,0,0,"derived from frozen fixed-mode PHY, not decoded TX truth",actual online waveform measurement
P4084_N4084_seed2026092404,n03929660/ILSVRC2012_val_00012300_n03929660,505f23aed8d3e96d4497a443edb34645a75ad2773b26e3a2bfe8a41501c74e37,7,2001,SHORT-PREFIX-20260923-priority-selected-v1,59b70217b3081ced610b38538606e94fd7e1d1b33cd56b152ca98eace465118b,4084,0,0,4084,8168.001341707283,not_applicable,not_applicable,not_applicable,0,0,0,0,0,0,0,0,0,"derived from frozen fixed-mode PHY, not decoded TX truth",actual online waveform measurement
P4084_N4084_seed2026092404,n03929660/ILSVRC2012_val_00012300_n03929660,505f23aed8d3e96d4497a443edb34645a75ad2773b26e3a2bfe8a41501c74e37,7,2002,SHORT-PREFIX-20260923-priority-selected-v1,59b70217b3081ced610b38538606e94fd7e1d1b33cd56b152ca98eace465118b,4084,0,0,4084,8168.001341707283,not_applicable,not_applicable,not_applicable,0,0,0,0,0,0,0,0,0,"derived from frozen fixed-mode PHY, not decoded TX truth",actual online waveform measurement
P4084_N4084_seed2026092404,n03929660/ILSVRC2012_val_00012300_n03929660,505f23aed8d3e96d4497a443edb34645a75ad2773b26e3a2bfe8a41501c74e37,7,2003,SHORT-PREFIX-20260923-priority-selected-v1,59b70217b3081ced610b38538606e94fd7e1d1b33cd56b152ca98eace465118b,4084,0,0,4084,8168.001341707283,not_applicable,not_applicable,not_applicable,0,0,0,0,0,0,0,0,0,"derived from frozen fixed-mode PHY, not decoded TX truth",actual online waveform measurement
P4084_N4084_seed2026092404,n03929660/ILSVRC2012_val_00012300_n03929660,505f23aed8d3e96d4497a443edb34645a75ad2773b26e3a2bfe8a41501c74e37,13,2001,SHORT-PREFIX-20260923-priority-selected-v1,59b70217b3081ced610b38538606e94fd7e1d1b33cd56b152ca98eace465118b,4084,0,0,4084,8168.001341707283,not_applicable,not_applicable,not_applicable,0,0,0,0,0,0,0,0,0,"derived from frozen fixed-mode PHY, not decoded TX truth",actual online waveform measurement
P4084_N4084_seed2026092404,n03929660/ILSVRC2012_val_00012300_n03929660,505f23aed8d3e96d4497a443edb34645a75ad2773b26e3a2bfe8a41501c74e37,13,2002,SHORT-PREFIX-20260923-priority-selected-v1,59b70217b3081ced610b38538606e94fd7e1d1b33cd56b152ca98eace465118b,4084,0,0,4084,8168.001341707283,not_applicable,not_applicable,not_applicable,0,0,0,0,0,0,0,0,0,"derived from frozen fixed-mode PHY, not decoded TX truth",actual online waveform measurement
P4084_N4084_seed2026092404,n03929660/ILSVRC2012_val_00012300_n03929660,505f23aed8d3e96d4497a443edb34645a75ad2773b26e3a2bfe8a41501c74e37,13,2003,SHORT-PREFIX-20260923-priority-selected-v1,59b70217b3081ced610b38538606e94fd7e1d1b33cd56b152ca98eace465118b,4084,0,0,4084,8168.001341707283,not_applicable,not_applicable,not_applicable,0,0,0,0,0,0,0,0,0,"derived from frozen fixed-mode PHY, not decoded TX truth",actual online waveform measurement
P4084_N4084_seed2026092404,n03929660/ILSVRC2012_val_00012300_n03929660,505f23aed8d3e96d4497a443edb34645a75ad2773b26e3a2bfe8a41501c74e37,19,2001,SHORT-PREFIX-20260923-priority-selected-v1,59b70217b3081ced610b38538606e94fd7e1d1b33cd56b152ca98eace465118b,4084,0,0,4084,8168.001341707283,not_applicable,not_applicable,not_applicable,0,0,0,0,0,0,0,0,0,"derived from frozen fixed-mode PHY, not decoded TX truth",actual online waveform measurement
P4084_N4084_seed2026092404,n03929660/ILSVRC2012_val_00012300_n03929660,505f23aed8d3e96d4497a443edb34645a75ad2773b26e3a2bfe8a41501c74e37,19,2002,SHORT-PREFIX-20260923-priority-selected-v1,59b70217b3081ced610b38538606e94fd7e1d1b33cd56b152ca98eace465118b,4084,0,0,4084,8168.001341707283,not_applicable,not_applicable,not_applicable,0,0,0,0,0,0,0,0,0,"derived from frozen fixed-mode PHY, not decoded TX truth",actual online waveform measurement
P4084_N4084_seed2026092404,n03929660/ILSVRC2012_val_00012300_n03929660,505f23aed8d3e96d4497a443edb34645a75ad2773b26e3a2bfe8a41501c74e37,19,2003,SHORT-PREFIX-20260923-priority-selected-v1,59b70217b3081ced610b38538606e94fd7e1d1b33cd56b152ca98eace465118b,4084,0,0,4084,8168.001341707283,not_applicable,not_applicable,not_applicable,0,0,0,0,0,0,0,0,0,"derived from frozen fixed-mode PHY, not decoded TX truth",actual online waveform measurement
P4084_N4084_seed2026092404,n03950228/ILSVRC2012_val_00019039_n03950228,606ce0cbbbddaa18c5ae0e6b670ac1a18aaa6bf2945e31f99868290a41ead38c,1,2001,SHORT-PREFIX-20260923-priority-selected-v1,59b70217b3081ced610b38538606e94fd7e1d1b33cd56b152ca98eace465118b,4084,0,0,4084,8168.000677014844,not_applicable,not_applicable,not_applicable,0,0,0,0,0,0,0,0,0,"derived from frozen fixed-mode PHY, not decoded TX truth",actual online waveform measurement
P4084_N4084_seed2026092404,n03950228/ILSVRC2012_val_00019039_n03950228,606ce0cbbbddaa18c5ae0e6b670ac1a18aaa6bf2945e31f99868290a41ead38c,1,2002,SHORT-PREFIX-20260923-priority-selected-v1,59b70217b3081ced610b38538606e94fd7e1d1b33cd56b152ca98eace465118b,4084,0,0,4084,8168.000677014844,not_applicable,not_applicable,not_applicable,0,0,0,0,0,0,0,0,0,"derived from frozen fixed-mode PHY, not decoded TX truth",actual online waveform measurement
P4084_N4084_seed2026092404,n03950228/ILSVRC2012_val_00019039_n03950228,606ce0cbbbddaa18c5ae0e6b670ac1a18aaa6bf2945e31f99868290a41ead38c,1,2003,SHORT-PREFIX-20260923-priority-selected-v1,59b70217b3081ced610b38538606e94fd7e1d1b33cd56b152ca98eace465118b,4084,0,0,4084,8168.000677014844,not_applicable,not_applicable,not_applicable,0,0,0,0,0,0,0,0,0,"derived from frozen fixed-mode PHY, not decoded TX truth",actual online waveform measurement
P4084_N4084_seed2026092404,n03950228/ILSVRC2012_val_00019039_n03950228,606ce0cbbbddaa18c5ae0e6b670ac1a18aaa6bf2945e31f99868290a41ead38c,4,2001,SHORT-PREFIX-20260923-priority-selected-v1,59b70217b3081ced610b38538606e94fd7e1d1b33cd56b152ca98eace465118b,4084,0,0,4084,8168.000677014844,not_applicable,not_applicable,not_applicable,0,0,0,0,0,0,0,0,0,"derived from frozen fixed-mode PHY, not decoded TX truth",actual online waveform measurement
P4084_N4084_seed2026092404,n03950228/ILSVRC2012_val_00019039_n03950228,606ce0cbbbddaa18c5ae0e6b670ac1a18aaa6bf2945e31f99868290a41ead38c,4,2002,SHORT-PREFIX-20260923-priority-selected-v1,59b70217b3081ced610b38538606e94fd7e1d1b33cd56b152ca98eace465118b,4084,0,0,4084,8168.000677014844,not_applicable,not_applicable,not_applicable,0,0,0,0,0,0,0,0,0,"derived from frozen fixed-mode PHY, not decoded TX truth",actual online waveform measurement
P4084_N4084_seed2026092404,n03950228/ILSVRC2012_val_00019039_n03950228,606ce0cbbbddaa18c5ae0e6b670ac1a18aaa6bf2945e31f99868290a41ead38c,4,2003,SHORT-PREFIX-20260923-priority-selected-v1,59b70217b3081ced610b38538606e94fd7e1d1b33cd56b152ca98eace465118b,4084,0,0,4084,8168.000677014844,not_applicable,not_applicable,not_applicable,0,0,0,0,0,0,0,0,0,"derived from frozen fixed-mode PHY, not decoded TX truth",actual online waveform measurement
P4084_N4084_seed2026092404,n03950228/ILSVRC2012_val_00019039_n03950228,606ce0cbbbddaa18c5ae0e6b670ac1a18aaa6bf2945e31f99868290a41ead38c,7,2001,SHORT-PREFIX-20260923-priority-selected-v1,59b70217b3081ced610b38538606e94fd7e1d1b33cd56b152ca98eace465118b,4084,0,0,4084,8168.000677014844,not_applicable,not_applicable,not_applicable,0,0,0,0,0,0,0,0,0,"derived from frozen fixed-mode PHY, not decoded TX truth",actual online waveform measurement
P4084_N4084_seed2026092404,n03950228/ILSVRC2012_val_00019039_n03950228,606ce0cbbbddaa18c5ae0e6b670ac1a18aaa6bf2945e31f99868290a41ead38c,7,2002,SHORT-PREFIX-20260923-priority-selected-v1,59b70217b3081ced610b38538606e94fd7e1d1b33cd56b152ca98eace465118b,4084,0,0,4084,8168.000677014844,not_applicable,not_applicable,not_applicable,0,0,0,0,0,0,0,0,0,"derived from frozen fixed-mode PHY, not decoded TX truth",actual online waveform measurement
P4084_N4084_seed2026092404,n03950228/ILSVRC2012_val_00019039_n03950228,606ce0cbbbddaa18c5ae0e6b670ac1a18aaa6bf2945e31f99868290a41ead38c,7,2003,SHORT-PREFIX-20260923-priority-selected-v1,59b70217b3081ced610b38538606e94fd7e1d1b33cd56b152ca98eace465118b,4084,0,0,4084,8168.000677014844,not_applicable,not_applicable,not_applicable,0,0,0,0,0,0,0,0,0,"derived from frozen fixed-mode PHY, not decoded TX truth",actual online waveform measurement
P4084_N4084_seed2026092404,n03950228/ILSVRC2012_val_00019039_n03950228,606ce0cbbbddaa18c5ae0e6b670ac1a18aaa6bf2945e31f99868290a41ead38c,13,2001,SHORT-PREFIX-20260923-priority-selected-v1,59b70217b3081ced610b38538606e94fd7e1d1b33cd56b152ca98eace465118b,4084,0,0,4084,8168.000677014844,not_applicable,not_applicable,not_applicable,0,0,0,0,0,0,0,0,0,"derived from frozen fixed-mode PHY, not decoded TX truth",actual online waveform measurement
P4084_N4084_seed2026092404,n03950228/ILSVRC2012_val_00019039_n03950228,606ce0cbbbddaa18c5ae0e6b670ac1a18aaa6bf2945e31f99868290a41ead38c,13,2002,SHORT-PREFIX-20260923-priority-selected-v1,59b70217b3081ced610b38538606e94fd7e1d1b33cd56b152ca98eace465118b,4084,0,0,4084,8168.000677014844,not_applicable,not_applicable,not_applicable,0,0,0,0,0,0,0,0,0,"derived from frozen fixed-mode PHY, not decoded TX truth",actual online waveform measurement
P4084_N4084_seed2026092404,n03950228/ILSVRC2012_val_00019039_n03950228,606ce0cbbbddaa18c5ae0e6b670ac1a18aaa6bf2945e31f99868290a41ead38c,13,2003,SHORT-PREFIX-20260923-priority-selected-v1,59b70217b3081ced610b38538606e94fd7e1d1b33cd56b152ca98eace465118b,4084,0,0,4084,8168.000677014844,not_applicable,not_applicable,not_applicable,0,0,0,0,0,0,0,0,0,"derived from frozen fixed-mode PHY, not decoded TX truth",actual online waveform measurement
P4084_N4084_seed2026092404,n03950228/ILSVRC2012_val_00019039_n03950228,606ce0cbbbddaa18c5ae0e6b670ac1a18aaa6bf2945e31f99868290a41ead38c,19,2001,SHORT-PREFIX-20260923-priority-selected-v1,59b70217b3081ced610b38538606e94fd7e1d1b33cd56b152ca98eace465118b,4084,0,0,4084,8168.000677014844,not_applicable,not_applicable,not_applicable,0,0,0,0,0,0,0,0,0,"derived from frozen fixed-mode PHY, not decoded TX truth",actual online waveform measurement
P4084_N4084_seed2026092404,n03950228/ILSVRC2012_val_00019039_n03950228,606ce0cbbbddaa18c5ae0e6b670ac1a18aaa6bf2945e31f99868290a41ead38c,19,2002,SHORT-PREFIX-20260923-priority-selected-v1,59b70217b3081ced610b38538606e94fd7e1d1b33cd56b152ca98eace465118b,4084,0,0,4084,8168.000677014844,not_applicable,not_applicable,not_applicable,0,0,0,0,0,0,0,0,0,"derived from frozen fixed-mode PHY, not decoded TX truth",actual online waveform measurement
P4084_N4084_seed2026092404,n03950228/ILSVRC2012_val_00019039_n03950228,606ce0cbbbddaa18c5ae0e6b670ac1a18aaa6bf2945e31f99868290a41ead38c,19,2003,SHORT-PREFIX-20260923-priority-selected-v1,59b70217b3081ced610b38538606e94fd7e1d1b33cd56b152ca98eace465118b,4084,0,0,4084,8168.000677014844,not_applicable,not_applicable,not_applicable,0,0,0,0,0,0,0,0,0,"derived from frozen fixed-mode PHY, not decoded TX truth",actual online waveform measurement
P4084_N4084_seed2026092404,n03977966/ILSVRC2012_val_00027383_n03977966,5a1f23f6a5c2c26f0bc8e72f9b77fdea74e75d81b45e24991a36792991b4d352,1,2001,SHORT-PREFIX-20260923-priority-selected-v1,59b70217b3081ced610b38538606e94fd7e1d1b33cd56b152ca98eace465118b,4084,0,0,4084,8168.000925940258,not_applicable,not_applicable,not_applicable,0,0,0,0,0,0,0,0,0,"derived from frozen fixed-mode PHY, not decoded TX truth",actual online waveform measurement
P4084_N4084_seed2026092404,n03977966/ILSVRC2012_val_00027383_n03977966,5a1f23f6a5c2c26f0bc8e72f9b77fdea74e75d81b45e24991a36792991b4d352,1,2002,SHORT-PREFIX-20260923-priority-selected-v1,59b70217b3081ced610b38538606e94fd7e1d1b33cd56b152ca98eace465118b,4084,0,0,4084,8168.000925940258,not_applicable,not_applicable,not_applicable,0,0,0,0,0,0,0,0,0,"derived from frozen fixed-mode PHY, not decoded TX truth",actual online waveform measurement
P4084_N4084_seed2026092404,n03977966/ILSVRC2012_val_00027383_n03977966,5a1f23f6a5c2c26f0bc8e72f9b77fdea74e75d81b45e24991a36792991b4d352,1,2003,SHORT-PREFIX-20260923-priority-selected-v1,59b70217b3081ced610b38538606e94fd7e1d1b33cd56b152ca98eace465118b,4084,0,0,4084,8168.000925940258,not_applicable,not_applicable,not_applicable,0,0,0,0,0,0,0,0,0,"derived from frozen fixed-mode PHY, not decoded TX truth",actual online waveform measurement
P4084_N4084_seed2026092404,n03977966/ILSVRC2012_val_00027383_n03977966,5a1f23f6a5c2c26f0bc8e72f9b77fdea74e75d81b45e24991a36792991b4d352,4,2001,SHORT-PREFIX-20260923-priority-selected-v1,59b70217b3081ced610b38538606e94fd7e1d1b33cd56b152ca98eace465118b,4084,0,0,4084,8168.000925940258,not_applicable,not_applicable,not_applicable,0,0,0,0,0,0,0,0,0,"derived from frozen fixed-mode PHY, not decoded TX truth",actual online waveform measurement
P4084_N4084_seed2026092404,n03977966/ILSVRC2012_val_00027383_n03977966,5a1f23f6a5c2c26f0bc8e72f9b77fdea74e75d81b45e24991a36792991b4d352,4,2002,SHORT-PREFIX-20260923-priority-selected-v1,59b70217b3081ced610b38538606e94fd7e1d1b33cd56b152ca98eace465118b,4084,0,0,4084,8168.000925940258,not_applicable,not_applicable,not_applicable,0,0,0,0,0,0,0,0,0,"derived from frozen fixed-mode PHY, not decoded TX truth",actual online waveform measurement
P4084_N4084_seed2026092404,n03977966/ILSVRC2012_val_00027383_n03977966,5a1f23f6a5c2c26f0bc8e72f9b77fdea74e75d81b45e24991a36792991b4d352,4,2003,SHORT-PREFIX-20260923-priority-selected-v1,59b70217b3081ced610b38538606e94fd7e1d1b33cd56b152ca98eace465118b,4084,0,0,4084,8168.000925940258,not_applicable,not_applicable,not_applicable,0,0,0,0,0,0,0,0,0,"derived from frozen fixed-mode PHY, not decoded TX truth",actual online waveform measurement
P4084_N4084_seed2026092404,n03977966/ILSVRC2012_val_00027383_n03977966,5a1f23f6a5c2c26f0bc8e72f9b77fdea74e75d81b45e24991a36792991b4d352,7,2001,SHORT-PREFIX-20260923-priority-selected-v1,59b70217b3081ced610b38538606e94fd7e1d1b33cd56b152ca98eace465118b,4084,0,0,4084,8168.000925940258,not_applicable,not_applicable,not_applicable,0,0,0,0,0,0,0,0,0,"derived from frozen fixed-mode PHY, not decoded TX truth",actual online waveform measurement
P4084_N4084_seed2026092404,n03977966/ILSVRC2012_val_00027383_n03977966,5a1f23f6a5c2c26f0bc8e72f9b77fdea74e75d81b45e24991a36792991b4d352,7,2002,SHORT-PREFIX-20260923-priority-selected-v1,59b70217b3081ced610b38538606e94fd7e1d1b33cd56b152ca98eace465118b,4084,0,0,4084,8168.000925940258,not_applicable,not_applicable,not_applicable,0,0,0,0,0,0,0,0,0,"derived from frozen fixed-mode PHY, not decoded TX truth",actual online waveform measurement
P4084_N4084_seed2026092404,n03977966/ILSVRC2012_val_00027383_n03977966,5a1f23f6a5c2c26f0bc8e72f9b77fdea74e75d81b45e24991a36792991b4d352,7,2003,SHORT-PREFIX-20260923-priority-selected-v1,59b70217b3081ced610b38538606e94fd7e1d1b33cd56b152ca98eace465118b,4084,0,0,4084,8168.000925940258,not_applicable,not_applicable,not_applicable,0,0,0,0,0,0,0,0,0,"derived from frozen fixed-mode PHY, not decoded TX truth",actual online waveform measurement
P4084_N4084_seed2026092404,n03977966/ILSVRC2012_val_00027383_n03977966,5a1f23f6a5c2c26f0bc8e72f9b77fdea74e75d81b45e24991a36792991b4d352,13,2001,SHORT-PREFIX-20260923-priority-selected-v1,59b70217b3081ced610b38538606e94fd7e1d1b33cd56b152ca98eace465118b,4084,0,0,4084,8168.000925940258,not_applicable,not_applicable,not_applicable,0,0,0,0,0,0,0,0,0,"derived from frozen fixed-mode PHY, not decoded TX truth",actual online waveform measurement
P4084_N4084_seed2026092404,n03977966/ILSVRC2012_val_00027383_n03977966,5a1f23f6a5c2c26f0bc8e72f9b77fdea74e75d81b45e24991a36792991b4d352,13,2002,SHORT-PREFIX-20260923-priority-selected-v1,59b70217b3081ced610b38538606e94fd7e1d1b33cd56b152ca98eace465118b,4084,0,0,4084,8168.000925940258,not_applicable,not_applicable,not_applicable,0,0,0,0,0,0,0,0,0,"derived from frozen fixed-mode PHY, not decoded TX truth",actual online waveform measurement
P4084_N4084_seed2026092404,n03977966/ILSVRC2012_val_00027383_n03977966,5a1f23f6a5c2c26f0bc8e72f9b77fdea74e75d81b45e24991a36792991b4d352,13,2003,SHORT-PREFIX-20260923-priority-selected-v1,59b70217b3081ced610b38538606e94fd7e1d1b33cd56b152ca98eace465118b,4084,0,0,4084,8168.000925940258,not_applicable,not_applicable,not_applicable,0,0,0,0,0,0,0,0,0,"derived from frozen fixed-mode PHY, not decoded TX truth",actual online waveform measurement
P4084_N4084_seed2026092404,n03977966/ILSVRC2012_val_00027383_n03977966,5a1f23f6a5c2c26f0bc8e72f9b77fdea74e75d81b45e24991a36792991b4d352,19,2001,SHORT-PREFIX-20260923-priority-selected-v1,59b70217b3081ced610b38538606e94fd7e1d1b33cd56b152ca98eace465118b,4084,0,0,4084,8168.000925940258,not_applicable,not_applicable,not_applicable,0,0,0,0,0,0,0,0,0,"derived from frozen fixed-mode PHY, not decoded TX truth",actual online waveform measurement
P4084_N4084_seed2026092404,n03977966/ILSVRC2012_val_00027383_n03977966,5a1f23f6a5c2c26f0bc8e72f9b77fdea74e75d81b45e24991a36792991b4d352,19,2002,SHORT-PREFIX-20260923-priority-selected-v1,59b70217b3081ced610b38538606e94fd7e1d1b33cd56b152ca98eace465118b,4084,0,0,4084,8168.000925940258,not_applicable,not_applicable,not_applicable,0,0,0,0,0,0,0,0,0,"derived from frozen fixed-mode PHY, not decoded TX truth",actual online waveform measurement
P4084_N4084_seed2026092404,n03977966/ILSVRC2012_val_00027383_n03977966,5a1f23f6a5c2c26f0bc8e72f9b77fdea74e75d81b45e24991a36792991b4d352,19,2003,SHORT-PREFIX-20260923-priority-selected-v1,59b70217b3081ced610b38538606e94fd7e1d1b33cd56b152ca98eace465118b,4084,0,0,4084,8168.000925940258,not_applicable,not_applicable,not_applicable,0,0,0,0,0,0,0,0,0,"derived from frozen fixed-mode PHY, not decoded TX truth",actual online waveform measurement
P4084_N4084_seed2026092404,n03983396/ILSVRC2012_val_00012891_n03983396,62a65414a700886fce201470942a341bd6f772787a7603b59ffefcea12cdf8a3,1,2001,SHORT-PREFIX-20260923-priority-selected-v1,59b70217b3081ced610b38538606e94fd7e1d1b33cd56b152ca98eace465118b,4084,0,0,4084,8168.000273886717,not_applicable,not_applicable,not_applicable,0,0,0,0,0,0,0,0,0,"derived from frozen fixed-mode PHY, not decoded TX truth",actual online waveform measurement
P4084_N4084_seed2026092404,n03983396/ILSVRC2012_val_00012891_n03983396,62a65414a700886fce201470942a341bd6f772787a7603b59ffefcea12cdf8a3,1,2002,SHORT-PREFIX-20260923-priority-selected-v1,59b70217b3081ced610b38538606e94fd7e1d1b33cd56b152ca98eace465118b,4084,0,0,4084,8168.000273886717,not_applicable,not_applicable,not_applicable,0,0,0,0,0,0,0,0,0,"derived from frozen fixed-mode PHY, not decoded TX truth",actual online waveform measurement
P4084_N4084_seed2026092404,n03983396/ILSVRC2012_val_00012891_n03983396,62a65414a700886fce201470942a341bd6f772787a7603b59ffefcea12cdf8a3,1,2003,SHORT-PREFIX-20260923-priority-selected-v1,59b70217b3081ced610b38538606e94fd7e1d1b33cd56b152ca98eace465118b,4084,0,0,4084,8168.000273886717,not_applicable,not_applicable,not_applicable,0,0,0,0,0,0,0,0,0,"derived from frozen fixed-mode PHY, not decoded TX truth",actual online waveform measurement
P4084_N4084_seed2026092404,n03983396/ILSVRC2012_val_00012891_n03983396,62a65414a700886fce201470942a341bd6f772787a7603b59ffefcea12cdf8a3,4,2001,SHORT-PREFIX-20260923-priority-selected-v1,59b70217b3081ced610b38538606e94fd7e1d1b33cd56b152ca98eace465118b,4084,0,0,4084,8168.000273886717,not_applicable,not_applicable,not_applicable,0,0,0,0,0,0,0,0,0,"derived from frozen fixed-mode PHY, not decoded TX truth",actual online waveform measurement
P4084_N4084_seed2026092404,n03983396/ILSVRC2012_val_00012891_n03983396,62a65414a700886fce201470942a341bd6f772787a7603b59ffefcea12cdf8a3,4,2002,SHORT-PREFIX-20260923-priority-selected-v1,59b70217b3081ced610b38538606e94fd7e1d1b33cd56b152ca98eace465118b,4084,0,0,4084,8168.000273886717,not_applicable,not_applicable,not_applicable,0,0,0,0,0,0,0,0,0,"derived from frozen fixed-mode PHY, not decoded TX truth",actual online waveform measurement
P4084_N4084_seed2026092404,n03983396/ILSVRC2012_val_00012891_n03983396,62a65414a700886fce201470942a341bd6f772787a7603b59ffefcea12cdf8a3,4,2003,SHORT-PREFIX-20260923-priority-selected-v1,59b70217b3081ced610b38538606e94fd7e1d1b33cd56b152ca98eace465118b,4084,0,0,4084,8168.000273886717,not_applicable,not_applicable,not_applicable,0,0,0,0,0,0,0,0,0,"derived from frozen fixed-mode PHY, not decoded TX truth",actual online waveform measurement
P4084_N4084_seed2026092404,n03983396/ILSVRC2012_val_00012891_n03983396,62a65414a700886fce201470942a341bd6f772787a7603b59ffefcea12cdf8a3,7,2001,SHORT-PREFIX-20260923-priority-selected-v1,59b70217b3081ced610b38538606e94fd7e1d1b33cd56b152ca98eace465118b,4084,0,0,4084,8168.000273886717,not_applicable,not_applicable,not_applicable,0,0,0,0,0,0,0,0,0,"derived from frozen fixed-mode PHY, not decoded TX truth",actual online waveform measurement
P4084_N4084_seed2026092404,n03983396/ILSVRC2012_val_00012891_n03983396,62a65414a700886fce201470942a341bd6f772787a7603b59ffefcea12cdf8a3,7,2002,SHORT-PREFIX-20260923-priority-selected-v1,59b70217b3081ced610b38538606e94fd7e1d1b33cd56b152ca98eace465118b,4084,0,0,4084,8168.000273886717,not_applicable,not_applicable,not_applicable,0,0,0,0,0,0,0,0,0,"derived from frozen fixed-mode PHY, not decoded TX truth",actual online waveform measurement
P4084_N4084_seed2026092404,n03983396/ILSVRC2012_val_00012891_n03983396,62a65414a700886fce201470942a341bd6f772787a7603b59ffefcea12cdf8a3,7,2003,SHORT-PREFIX-20260923-priority-selected-v1,59b70217b3081ced610b38538606e94fd7e1d1b33cd56b152ca98eace465118b,4084,0,0,4084,8168.000273886717,not_applicable,not_applicable,not_applicable,0,0,0,0,0,0,0,0,0,"derived from frozen fixed-mode PHY, not decoded TX truth",actual online waveform measurement
P4084_N4084_seed2026092404,n03983396/ILSVRC2012_val_00012891_n03983396,62a65414a700886fce201470942a341bd6f772787a7603b59ffefcea12cdf8a3,13,2001,SHORT-PREFIX-20260923-priority-selected-v1,59b70217b3081ced610b38538606e94fd7e1d1b33cd56b152ca98eace465118b,4084,0,0,4084,8168.000273886717,not_applicable,not_applicable,not_applicable,0,0,0,0,0,0,0,0,0,"derived from frozen fixed-mode PHY, not decoded TX truth",actual online waveform measurement
P4084_N4084_seed2026092404,n03983396/ILSVRC2012_val_00012891_n03983396,62a65414a700886fce201470942a341bd6f772787a7603b59ffefcea12cdf8a3,13,2002,SHORT-PREFIX-20260923-priority-selected-v1,59b70217b3081ced610b38538606e94fd7e1d1b33cd56b152ca98eace465118b,4084,0,0,4084,8168.000273886717,not_applicable,not_applicable,not_applicable,0,0,0,0,0,0,0,0,0,"derived from frozen fixed-mode PHY, not decoded TX truth",actual online waveform measurement
P4084_N4084_seed2026092404,n03983396/ILSVRC2012_val_00012891_n03983396,62a65414a700886fce201470942a341bd6f772787a7603b59ffefcea12cdf8a3,13,2003,SHORT-PREFIX-20260923-priority-selected-v1,59b70217b3081ced610b38538606e94fd7e1d1b33cd56b152ca98eace465118b,4084,0,0,4084,8168.000273886717,not_applicable,not_applicable,not_applicable,0,0,0,0,0,0,0,0,0,"derived from frozen fixed-mode PHY, not decoded TX truth",actual online waveform measurement
P4084_N4084_seed2026092404,n03983396/ILSVRC2012_val_00012891_n03983396,62a65414a700886fce201470942a341bd6f772787a7603b59ffefcea12cdf8a3,19,2001,SHORT-PREFIX-20260923-priority-selected-v1,59b70217b3081ced610b38538606e94fd7e1d1b33cd56b152ca98eace465118b,4084,0,0,4084,8168.000273886717,not_applicable,not_applicable,not_applicable,0,0,0,0,0,0,0,0,0,"derived from frozen fixed-mode PHY, not decoded TX truth",actual online waveform measurement
P4084_N4084_seed2026092404,n03983396/ILSVRC2012_val_00012891_n03983396,62a65414a700886fce201470942a341bd6f772787a7603b59ffefcea12cdf8a3,19,2002,SHORT-PREFIX-20260923-priority-selected-v1,59b70217b3081ced610b38538606e94fd7e1d1b33cd56b152ca98eace465118b,4084,0,0,4084,8168.000273886717,not_applicable,not_applicable,not_applicable,0,0,0,0,0,0,0,0,0,"derived from frozen fixed-mode PHY, not decoded TX truth",actual online waveform measurement
P4084_N4084_seed2026092404,n03983396/ILSVRC2012_val_00012891_n03983396,62a65414a700886fce201470942a341bd6f772787a7603b59ffefcea12cdf8a3,19,2003,SHORT-PREFIX-20260923-priority-selected-v1,59b70217b3081ced610b38538606e94fd7e1d1b33cd56b152ca98eace465118b,4084,0,0,4084,8168.000273886717,not_applicable,not_applicable,not_applicable,0,0,0,0,0,0,0,0,0,"derived from frozen fixed-mode PHY, not decoded TX truth",actual online waveform measurement
P4084_N4084_seed2026092404,n04044716/ILSVRC2012_val_00039752_n04044716,4684500d0ef929418c32a7620e97d9f1d5422991f5a2ca2e06a12af1232ec4c3,1,2001,SHORT-PREFIX-20260923-priority-selected-v1,59b70217b3081ced610b38538606e94fd7e1d1b33cd56b152ca98eace465118b,4084,0,0,4084,8168.000467496588,not_applicable,not_applicable,not_applicable,0,0,0,0,0,0,0,0,0,"derived from frozen fixed-mode PHY, not decoded TX truth",actual online waveform measurement
P4084_N4084_seed2026092404,n04044716/ILSVRC2012_val_00039752_n04044716,4684500d0ef929418c32a7620e97d9f1d5422991f5a2ca2e06a12af1232ec4c3,1,2002,SHORT-PREFIX-20260923-priority-selected-v1,59b70217b3081ced610b38538606e94fd7e1d1b33cd56b152ca98eace465118b,4084,0,0,4084,8168.000467496588,not_applicable,not_applicable,not_applicable,0,0,0,0,0,0,0,0,0,"derived from frozen fixed-mode PHY, not decoded TX truth",actual online waveform measurement
P4084_N4084_seed2026092404,n04044716/ILSVRC2012_val_00039752_n04044716,4684500d0ef929418c32a7620e97d9f1d5422991f5a2ca2e06a12af1232ec4c3,1,2003,SHORT-PREFIX-20260923-priority-selected-v1,59b70217b3081ced610b38538606e94fd7e1d1b33cd56b152ca98eace465118b,4084,0,0,4084,8168.000467496588,not_applicable,not_applicable,not_applicable,0,0,0,0,0,0,0,0,0,"derived from frozen fixed-mode PHY, not decoded TX truth",actual online waveform measurement
P4084_N4084_seed2026092404,n04044716/ILSVRC2012_val_00039752_n04044716,4684500d0ef929418c32a7620e97d9f1d5422991f5a2ca2e06a12af1232ec4c3,4,2001,SHORT-PREFIX-20260923-priority-selected-v1,59b70217b3081ced610b38538606e94fd7e1d1b33cd56b152ca98eace465118b,4084,0,0,4084,8168.000467496588,not_applicable,not_applicable,not_applicable,0,0,0,0,0,0,0,0,0,"derived from frozen fixed-mode PHY, not decoded TX truth",actual online waveform measurement
P4084_N4084_seed2026092404,n04044716/ILSVRC2012_val_00039752_n04044716,4684500d0ef929418c32a7620e97d9f1d5422991f5a2ca2e06a12af1232ec4c3,4,2002,SHORT-PREFIX-20260923-priority-selected-v1,59b70217b3081ced610b38538606e94fd7e1d1b33cd56b152ca98eace465118b,4084,0,0,4084,8168.000467496588,not_applicable,not_applicable,not_applicable,0,0,0,0,0,0,0,0,0,"derived from frozen fixed-mode PHY, not decoded TX truth",actual online waveform measurement
P4084_N4084_seed2026092404,n04044716/ILSVRC2012_val_00039752_n04044716,4684500d0ef929418c32a7620e97d9f1d5422991f5a2ca2e06a12af1232ec4c3,4,2003,SHORT-PREFIX-20260923-priority-selected-v1,59b70217b3081ced610b38538606e94fd7e1d1b33cd56b152ca98eace465118b,4084,0,0,4084,8168.000467496588,not_applicable,not_applicable,not_applicable,0,0,0,0,0,0,0,0,0,"derived from frozen fixed-mode PHY, not decoded TX truth",actual online waveform measurement
P4084_N4084_seed2026092404,n04044716/ILSVRC2012_val_00039752_n04044716,4684500d0ef929418c32a7620e97d9f1d5422991f5a2ca2e06a12af1232ec4c3,7,2001,SHORT-PREFIX-20260923-priority-selected-v1,59b70217b3081ced610b38538606e94fd7e1d1b33cd56b152ca98eace465118b,4084,0,0,4084,8168.000467496588,not_applicable,not_applicable,not_applicable,0,0,0,0,0,0,0,0,0,"derived from frozen fixed-mode PHY, not decoded TX truth",actual online waveform measurement
P4084_N4084_seed2026092404,n04044716/ILSVRC2012_val_00039752_n04044716,4684500d0ef929418c32a7620e97d9f1d5422991f5a2ca2e06a12af1232ec4c3,7,2002,SHORT-PREFIX-20260923-priority-selected-v1,59b70217b3081ced610b38538606e94fd7e1d1b33cd56b152ca98eace465118b,4084,0,0,4084,8168.000467496588,not_applicable,not_applicable,not_applicable,0,0,0,0,0,0,0,0,0,"derived from frozen fixed-mode PHY, not decoded TX truth",actual online waveform measurement
P4084_N4084_seed2026092404,n04044716/ILSVRC2012_val_00039752_n04044716,4684500d0ef929418c32a7620e97d9f1d5422991f5a2ca2e06a12af1232ec4c3,7,2003,SHORT-PREFIX-20260923-priority-selected-v1,59b70217b3081ced610b38538606e94fd7e1d1b33cd56b152ca98eace465118b,4084,0,0,4084,8168.000467496588,not_applicable,not_applicable,not_applicable,0,0,0,0,0,0,0,0,0,"derived from frozen fixed-mode PHY, not decoded TX truth",actual online waveform measurement
P4084_N4084_seed2026092404,n04044716/ILSVRC2012_val_00039752_n04044716,4684500d0ef929418c32a7620e97d9f1d5422991f5a2ca2e06a12af1232ec4c3,13,2001,SHORT-PREFIX-20260923-priority-selected-v1,59b70217b3081ced610b38538606e94fd7e1d1b33cd56b152ca98eace465118b,4084,0,0,4084,8168.000467496588,not_applicable,not_applicable,not_applicable,0,0,0,0,0,0,0,0,0,"derived from frozen fixed-mode PHY, not decoded TX truth",actual online waveform measurement
P4084_N4084_seed2026092404,n04044716/ILSVRC2012_val_00039752_n04044716,4684500d0ef929418c32a7620e97d9f1d5422991f5a2ca2e06a12af1232ec4c3,13,2002,SHORT-PREFIX-20260923-priority-selected-v1,59b70217b3081ced610b38538606e94fd7e1d1b33cd56b152ca98eace465118b,4084,0,0,4084,8168.000467496588,not_applicable,not_applicable,not_applicable,0,0,0,0,0,0,0,0,0,"derived from frozen fixed-mode PHY, not decoded TX truth",actual online waveform measurement
P4084_N4084_seed2026092404,n04044716/ILSVRC2012_val_00039752_n04044716,4684500d0ef929418c32a7620e97d9f1d5422991f5a2ca2e06a12af1232ec4c3,13,2003,SHORT-PREFIX-20260923-priority-selected-v1,59b70217b3081ced610b38538606e94fd7e1d1b33cd56b152ca98eace465118b,4084,0,0,4084,8168.000467496588,not_applicable,not_applicable,not_applicable,0,0,0,0,0,0,0,0,0,"derived from frozen fixed-mode PHY, not decoded TX truth",actual online waveform measurement
P4084_N4084_seed2026092404,n04044716/ILSVRC2012_val_00039752_n04044716,4684500d0ef929418c32a7620e97d9f1d5422991f5a2ca2e06a12af1232ec4c3,19,2001,SHORT-PREFIX-20260923-priority-selected-v1,59b70217b3081ced610b38538606e94fd7e1d1b33cd56b152ca98eace465118b,4084,0,0,4084,8168.000467496588,not_applicable,not_applicable,not_applicable,0,0,0,0,0,0,0,0,0,"derived from frozen fixed-mode PHY, not decoded TX truth",actual online waveform measurement
P4084_N4084_seed2026092404,n04044716/ILSVRC2012_val_00039752_n04044716,4684500d0ef929418c32a7620e97d9f1d5422991f5a2ca2e06a12af1232ec4c3,19,2002,SHORT-PREFIX-20260923-priority-selected-v1,59b70217b3081ced610b38538606e94fd7e1d1b33cd56b152ca98eace465118b,4084,0,0,4084,8168.000467496588,not_applicable,not_applicable,not_applicable,0,0,0,0,0,0,0,0,0,"derived from frozen fixed-mode PHY, not decoded TX truth",actual online waveform measurement
P4084_N4084_seed2026092404,n04044716/ILSVRC2012_val_00039752_n04044716,4684500d0ef929418c32a7620e97d9f1d5422991f5a2ca2e06a12af1232ec4c3,19,2003,SHORT-PREFIX-20260923-priority-selected-v1,59b70217b3081ced610b38538606e94fd7e1d1b33cd56b152ca98eace465118b,4084,0,0,4084,8168.000467496588,not_applicable,not_applicable,not_applicable,0,0,0,0,0,0,0,0,0,"derived from frozen fixed-mode PHY, not decoded TX truth",actual online waveform measurement
P4084_N4084_seed2026092404,n04067472/ILSVRC2012_val_00007618_n04067472,50fc28951f4b1851b0854487090b20120b57db13ecec51f6e3e92ba56b2954a7,1,2001,SHORT-PREFIX-20260923-priority-selected-v1,59b70217b3081ced610b38538606e94fd7e1d1b33cd56b152ca98eace465118b,4084,0,0,4084,8168.000193376793,not_applicable,not_applicable,not_applicable,0,0,0,0,0,0,0,0,0,"derived from frozen fixed-mode PHY, not decoded TX truth",actual online waveform measurement
P4084_N4084_seed2026092404,n04067472/ILSVRC2012_val_00007618_n04067472,50fc28951f4b1851b0854487090b20120b57db13ecec51f6e3e92ba56b2954a7,1,2002,SHORT-PREFIX-20260923-priority-selected-v1,59b70217b3081ced610b38538606e94fd7e1d1b33cd56b152ca98eace465118b,4084,0,0,4084,8168.000193376793,not_applicable,not_applicable,not_applicable,0,0,0,0,0,0,0,0,0,"derived from frozen fixed-mode PHY, not decoded TX truth",actual online waveform measurement
P4084_N4084_seed2026092404,n04067472/ILSVRC2012_val_00007618_n04067472,50fc28951f4b1851b0854487090b20120b57db13ecec51f6e3e92ba56b2954a7,1,2003,SHORT-PREFIX-20260923-priority-selected-v1,59b70217b3081ced610b38538606e94fd7e1d1b33cd56b152ca98eace465118b,4084,0,0,4084,8168.000193376793,not_applicable,not_applicable,not_applicable,0,0,0,0,0,0,0,0,0,"derived from frozen fixed-mode PHY, not decoded TX truth",actual online waveform measurement
P4084_N4084_seed2026092404,n04067472/ILSVRC2012_val_00007618_n04067472,50fc28951f4b1851b0854487090b20120b57db13ecec51f6e3e92ba56b2954a7,4,2001,SHORT-PREFIX-20260923-priority-selected-v1,59b70217b3081ced610b38538606e94fd7e1d1b33cd56b152ca98eace465118b,4084,0,0,4084,8168.000193376793,not_applicable,not_applicable,not_applicable,0,0,0,0,0,0,0,0,0,"derived from frozen fixed-mode PHY, not decoded TX truth",actual online waveform measurement
P4084_N4084_seed2026092404,n04067472/ILSVRC2012_val_00007618_n04067472,50fc28951f4b1851b0854487090b20120b57db13ecec51f6e3e92ba56b2954a7,4,2002,SHORT-PREFIX-20260923-priority-selected-v1,59b70217b3081ced610b38538606e94fd7e1d1b33cd56b152ca98eace465118b,4084,0,0,4084,8168.000193376793,not_applicable,not_applicable,not_applicable,0,0,0,0,0,0,0,0,0,"derived from frozen fixed-mode PHY, not decoded TX truth",actual online waveform measurement
P4084_N4084_seed2026092404,n04067472/ILSVRC2012_val_00007618_n04067472,50fc28951f4b1851b0854487090b20120b57db13ecec51f6e3e92ba56b2954a7,4,2003,SHORT-PREFIX-20260923-priority-selected-v1,59b70217b3081ced610b38538606e94fd7e1d1b33cd56b152ca98eace465118b,4084,0,0,4084,8168.000193376793,not_applicable,not_applicable,not_applicable,0,0,0,0,0,0,0,0,0,"derived from frozen fixed-mode PHY, not decoded TX truth",actual online waveform measurement
P4084_N4084_seed2026092404,n04067472/ILSVRC2012_val_00007618_n04067472,50fc28951f4b1851b0854487090b20120b57db13ecec51f6e3e92ba56b2954a7,7,2001,SHORT-PREFIX-20260923-priority-selected-v1,59b70217b3081ced610b38538606e94fd7e1d1b33cd56b152ca98eace465118b,4084,0,0,4084,8168.000193376793,not_applicable,not_applicable,not_applicable,0,0,0,0,0,0,0,0,0,"derived from frozen fixed-mode PHY, not decoded TX truth",actual online waveform measurement
P4084_N4084_seed2026092404,n04067472/ILSVRC2012_val_00007618_n04067472,50fc28951f4b1851b0854487090b20120b57db13ecec51f6e3e92ba56b2954a7,7,2002,SHORT-PREFIX-20260923-priority-selected-v1,59b70217b3081ced610b38538606e94fd7e1d1b33cd56b152ca98eace465118b,4084,0,0,4084,8168.000193376793,not_applicable,not_applicable,not_applicable,0,0,0,0,0,0,0,0,0,"derived from frozen fixed-mode PHY, not decoded TX truth",actual online waveform measurement
P4084_N4084_seed2026092404,n04067472/ILSVRC2012_val_00007618_n04067472,50fc28951f4b1851b0854487090b20120b57db13ecec51f6e3e92ba56b2954a7,7,2003,SHORT-PREFIX-20260923-priority-selected-v1,59b70217b3081ced610b38538606e94fd7e1d1b33cd56b152ca98eace465118b,4084,0,0,4084,8168.000193376793,not_applicable,not_applicable,not_applicable,0,0,0,0,0,0,0,0,0,"derived from frozen fixed-mode PHY, not decoded TX truth",actual online waveform measurement
P4084_N4084_seed2026092404,n04067472/ILSVRC2012_val_00007618_n04067472,50fc28951f4b1851b0854487090b20120b57db13ecec51f6e3e92ba56b2954a7,13,2001,SHORT-PREFIX-20260923-priority-selected-v1,59b70217b3081ced610b38538606e94fd7e1d1b33cd56b152ca98eace465118b,4084,0,0,4084,8168.000193376793,not_applicable,not_applicable,not_applicable,0,0,0,0,0,0,0,0,0,"derived from frozen fixed-mode PHY, not decoded TX truth",actual online waveform measurement
P4084_N4084_seed2026092404,n04067472/ILSVRC2012_val_00007618_n04067472,50fc28951f4b1851b0854487090b20120b57db13ecec51f6e3e92ba56b2954a7,13,2002,SHORT-PREFIX-20260923-priority-selected-v1,59b70217b3081ced610b38538606e94fd7e1d1b33cd56b152ca98eace465118b,4084,0,0,4084,8168.000193376793,not_applicable,not_applicable,not_applicable,0,0,0,0,0,0,0,0,0,"derived from frozen fixed-mode PHY, not decoded TX truth",actual online waveform measurement
P4084_N4084_seed2026092404,n04067472/ILSVRC2012_val_00007618_n04067472,50fc28951f4b1851b0854487090b20120b57db13ecec51f6e3e92ba56b2954a7,13,2003,SHORT-PREFIX-20260923-priority-selected-v1,59b70217b3081ced610b38538606e94fd7e1d1b33cd56b152ca98eace465118b,4084,0,0,4084,8168.000193376793,not_applicable,not_applicable,not_applicable,0,0,0,0,0,0,0,0,0,"derived from frozen fixed-mode PHY, not decoded TX truth",actual online waveform measurement
P4084_N4084_seed2026092404,n04067472/ILSVRC2012_val_00007618_n04067472,50fc28951f4b1851b0854487090b20120b57db13ecec51f6e3e92ba56b2954a7,19,2001,SHORT-PREFIX-20260923-priority-selected-v1,59b70217b3081ced610b38538606e94fd7e1d1b33cd56b152ca98eace465118b,4084,0,0,4084,8168.000193376793,not_applicable,not_applicable,not_applicable,0,0,0,0,0,0,0,0,0,"derived from frozen fixed-mode PHY, not decoded TX truth",actual online waveform measurement
P4084_N4084_seed2026092404,n04067472/ILSVRC2012_val_00007618_n04067472,50fc28951f4b1851b0854487090b20120b57db13ecec51f6e3e92ba56b2954a7,19,2002,SHORT-PREFIX-20260923-priority-selected-v1,59b70217b3081ced610b38538606e94fd7e1d1b33cd56b152ca98eace465118b,4084,0,0,4084,8168.000193376793,not_applicable,not_applicable,not_applicable,0,0,0,0,0,0,0,0,0,"derived from frozen fixed-mode PHY, not decoded TX truth",actual online waveform measurement
P4084_N4084_seed2026092404,n04067472/ILSVRC2012_val_00007618_n04067472,50fc28951f4b1851b0854487090b20120b57db13ecec51f6e3e92ba56b2954a7,19,2003,SHORT-PREFIX-20260923-priority-selected-v1,59b70217b3081ced610b38538606e94fd7e1d1b33cd56b152ca98eace465118b,4084,0,0,4084,8168.000193376793,not_applicable,not_applicable,not_applicable,0,0,0,0,0,0,0,0,0,"derived from frozen fixed-mode PHY, not decoded TX truth",actual online waveform measurement
P4084_N4084_seed2026092404,n04111531/ILSVRC2012_val_00013982_n04111531,bf3dcc257672ac223943ff82ef51ebf2915e31dedf8d5adc1446c0aebc47b061,1,2001,SHORT-PREFIX-20260923-priority-selected-v1,59b70217b3081ced610b38538606e94fd7e1d1b33cd56b152ca98eace465118b,4084,0,0,4084,8167.999381795404,not_applicable,not_applicable,not_applicable,0,0,0,0,0,0,0,0,0,"derived from frozen fixed-mode PHY, not decoded TX truth",actual online waveform measurement
P4084_N4084_seed2026092404,n04111531/ILSVRC2012_val_00013982_n04111531,bf3dcc257672ac223943ff82ef51ebf2915e31dedf8d5adc1446c0aebc47b061,1,2002,SHORT-PREFIX-20260923-priority-selected-v1,59b70217b3081ced610b38538606e94fd7e1d1b33cd56b152ca98eace465118b,4084,0,0,4084,8167.999381795404,not_applicable,not_applicable,not_applicable,0,0,0,0,0,0,0,0,0,"derived from frozen fixed-mode PHY, not decoded TX truth",actual online waveform measurement
P4084_N4084_seed2026092404,n04111531/ILSVRC2012_val_00013982_n04111531,bf3dcc257672ac223943ff82ef51ebf2915e31dedf8d5adc1446c0aebc47b061,1,2003,SHORT-PREFIX-20260923-priority-selected-v1,59b70217b3081ced610b38538606e94fd7e1d1b33cd56b152ca98eace465118b,4084,0,0,4084,8167.999381795404,not_applicable,not_applicable,not_applicable,0,0,0,0,0,0,0,0,0,"derived from frozen fixed-mode PHY, not decoded TX truth",actual online waveform measurement
P4084_N4084_seed2026092404,n04111531/ILSVRC2012_val_00013982_n04111531,bf3dcc257672ac223943ff82ef51ebf2915e31dedf8d5adc1446c0aebc47b061,4,2001,SHORT-PREFIX-20260923-priority-selected-v1,59b70217b3081ced610b38538606e94fd7e1d1b33cd56b152ca98eace465118b,4084,0,0,4084,8167.999381795404,not_applicable,not_applicable,not_applicable,0,0,0,0,0,0,0,0,0,"derived from frozen fixed-mode PHY, not decoded TX truth",actual online waveform measurement
P4084_N4084_seed2026092404,n04111531/ILSVRC2012_val_00013982_n04111531,bf3dcc257672ac223943ff82ef51ebf2915e31dedf8d5adc1446c0aebc47b061,4,2002,SHORT-PREFIX-20260923-priority-selected-v1,59b70217b3081ced610b38538606e94fd7e1d1b33cd56b152ca98eace465118b,4084,0,0,4084,8167.999381795404,not_applicable,not_applicable,not_applicable,0,0,0,0,0,0,0,0,0,"derived from frozen fixed-mode PHY, not decoded TX truth",actual online waveform measurement
P4084_N4084_seed2026092404,n04111531/ILSVRC2012_val_00013982_n04111531,bf3dcc257672ac223943ff82ef51ebf2915e31dedf8d5adc1446c0aebc47b061,4,2003,SHORT-PREFIX-20260923-priority-selected-v1,59b70217b3081ced610b38538606e94fd7e1d1b33cd56b152ca98eace465118b,4084,0,0,4084,8167.999381795404,not_applicable,not_applicable,not_applicable,0,0,0,0,0,0,0,0,0,"derived from frozen fixed-mode PHY, not decoded TX truth",actual online waveform measurement
P4084_N4084_seed2026092404,n04111531/ILSVRC2012_val_00013982_n04111531,bf3dcc257672ac223943ff82ef51ebf2915e31dedf8d5adc1446c0aebc47b061,7,2001,SHORT-PREFIX-20260923-priority-selected-v1,59b70217b3081ced610b38538606e94fd7e1d1b33cd56b152ca98eace465118b,4084,0,0,4084,8167.999381795404,not_applicable,not_applicable,not_applicable,0,0,0,0,0,0,0,0,0,"derived from frozen fixed-mode PHY, not decoded TX truth",actual online waveform measurement
P4084_N4084_seed2026092404,n04111531/ILSVRC2012_val_00013982_n04111531,bf3dcc257672ac223943ff82ef51ebf2915e31dedf8d5adc1446c0aebc47b061,7,2002,SHORT-PREFIX-20260923-priority-selected-v1,59b70217b3081ced610b38538606e94fd7e1d1b33cd56b152ca98eace465118b,4084,0,0,4084,8167.999381795404,not_applicable,not_applicable,not_applicable,0,0,0,0,0,0,0,0,0,"derived from frozen fixed-mode PHY, not decoded TX truth",actual online waveform measurement
P4084_N4084_seed2026092404,n04111531/ILSVRC2012_val_00013982_n04111531,bf3dcc257672ac223943ff82ef51ebf2915e31dedf8d5adc1446c0aebc47b061,7,2003,SHORT-PREFIX-20260923-priority-selected-v1,59b70217b3081ced610b38538606e94fd7e1d1b33cd56b152ca98eace465118b,4084,0,0,4084,8167.999381795404,not_applicable,not_applicable,not_applicable,0,0,0,0,0,0,0,0,0,"derived from frozen fixed-mode PHY, not decoded TX truth",actual online waveform measurement
P4084_N4084_seed2026092404,n04111531/ILSVRC2012_val_00013982_n04111531,bf3dcc257672ac223943ff82ef51ebf2915e31dedf8d5adc1446c0aebc47b061,13,2001,SHORT-PREFIX-20260923-priority-selected-v1,59b70217b3081ced610b38538606e94fd7e1d1b33cd56b152ca98eace465118b,4084,0,0,4084,8167.999381795404,not_applicable,not_applicable,not_applicable,0,0,0,0,0,0,0,0,0,"derived from frozen fixed-mode PHY, not decoded TX truth",actual online waveform measurement
P4084_N4084_seed2026092404,n04111531/ILSVRC2012_val_00013982_n04111531,bf3dcc257672ac223943ff82ef51ebf2915e31dedf8d5adc1446c0aebc47b061,13,2002,SHORT-PREFIX-20260923-priority-selected-v1,59b70217b3081ced610b38538606e94fd7e1d1b33cd56b152ca98eace465118b,4084,0,0,4084,8167.999381795404,not_applicable,not_applicable,not_applicable,0,0,0,0,0,0,0,0,0,"derived from frozen fixed-mode PHY, not decoded TX truth",actual online waveform measurement
P4084_N4084_seed2026092404,n04111531/ILSVRC2012_val_00013982_n04111531,bf3dcc257672ac223943ff82ef51ebf2915e31dedf8d5adc1446c0aebc47b061,13,2003,SHORT-PREFIX-20260923-priority-selected-v1,59b70217b3081ced610b38538606e94fd7e1d1b33cd56b152ca98eace465118b,4084,0,0,4084,8167.999381795404,not_applicable,not_applicable,not_applicable,0,0,0,0,0,0,0,0,0,"derived from frozen fixed-mode PHY, not decoded TX truth",actual online waveform measurement
P4084_N4084_seed2026092404,n04111531/ILSVRC2012_val_00013982_n04111531,bf3dcc257672ac223943ff82ef51ebf2915e31dedf8d5adc1446c0aebc47b061,19,2001,SHORT-PREFIX-20260923-priority-selected-v1,59b70217b3081ced610b38538606e94fd7e1d1b33cd56b152ca98eace465118b,4084,0,0,4084,8167.999381795404,not_applicable,not_applicable,not_applicable,0,0,0,0,0,0,0,0,0,"derived from frozen fixed-mode PHY, not decoded TX truth",actual online waveform measurement
P4084_N4084_seed2026092404,n04111531/ILSVRC2012_val_00013982_n04111531,bf3dcc257672ac223943ff82ef51ebf2915e31dedf8d5adc1446c0aebc47b061,19,2002,SHORT-PREFIX-20260923-priority-selected-v1,59b70217b3081ced610b38538606e94fd7e1d1b33cd56b152ca98eace465118b,4084,0,0,4084,8167.999381795404,not_applicable,not_applicable,not_applicable,0,0,0,0,0,0,0,0,0,"derived from frozen fixed-mode PHY, not decoded TX truth",actual online waveform measurement
P4084_N4084_seed2026092404,n04111531/ILSVRC2012_val_00013982_n04111531,bf3dcc257672ac223943ff82ef51ebf2915e31dedf8d5adc1446c0aebc47b061,19,2003,SHORT-PREFIX-20260923-priority-selected-v1,59b70217b3081ced610b38538606e94fd7e1d1b33cd56b152ca98eace465118b,4084,0,0,4084,8167.999381795404,not_applicable,not_applicable,not_applicable,0,0,0,0,0,0,0,0,0,"derived from frozen fixed-mode PHY, not decoded TX truth",actual online waveform measurement
P4084_N4084_seed2026092404,n04131690/ILSVRC2012_val_00002728_n04131690,a4f0ce87454301b9469c70fbe6b41ffe2efe961d876273779860662e88fdeb06,1,2001,SHORT-PREFIX-20260923-priority-selected-v1,59b70217b3081ced610b38538606e94fd7e1d1b33cd56b152ca98eace465118b,4084,0,0,4084,8168.000479314964,not_applicable,not_applicable,not_applicable,0,0,0,0,0,0,0,0,0,"derived from frozen fixed-mode PHY, not decoded TX truth",actual online waveform measurement
P4084_N4084_seed2026092404,n04131690/ILSVRC2012_val_00002728_n04131690,a4f0ce87454301b9469c70fbe6b41ffe2efe961d876273779860662e88fdeb06,1,2002,SHORT-PREFIX-20260923-priority-selected-v1,59b70217b3081ced610b38538606e94fd7e1d1b33cd56b152ca98eace465118b,4084,0,0,4084,8168.000479314964,not_applicable,not_applicable,not_applicable,0,0,0,0,0,0,0,0,0,"derived from frozen fixed-mode PHY, not decoded TX truth",actual online waveform measurement
P4084_N4084_seed2026092404,n04131690/ILSVRC2012_val_00002728_n04131690,a4f0ce87454301b9469c70fbe6b41ffe2efe961d876273779860662e88fdeb06,1,2003,SHORT-PREFIX-20260923-priority-selected-v1,59b70217b3081ced610b38538606e94fd7e1d1b33cd56b152ca98eace465118b,4084,0,0,4084,8168.000479314964,not_applicable,not_applicable,not_applicable,0,0,0,0,0,0,0,0,0,"derived from frozen fixed-mode PHY, not decoded TX truth",actual online waveform measurement
P4084_N4084_seed2026092404,n04131690/ILSVRC2012_val_00002728_n04131690,a4f0ce87454301b9469c70fbe6b41ffe2efe961d876273779860662e88fdeb06,4,2001,SHORT-PREFIX-20260923-priority-selected-v1,59b70217b3081ced610b38538606e94fd7e1d1b33cd56b152ca98eace465118b,4084,0,0,4084,8168.000479314964,not_applicable,not_applicable,not_applicable,0,0,0,0,0,0,0,0,0,"derived from frozen fixed-mode PHY, not decoded TX truth",actual online waveform measurement
P4084_N4084_seed2026092404,n04131690/ILSVRC2012_val_00002728_n04131690,a4f0ce87454301b9469c70fbe6b41ffe2efe961d876273779860662e88fdeb06,4,2002,SHORT-PREFIX-20260923-priority-selected-v1,59b70217b3081ced610b38538606e94fd7e1d1b33cd56b152ca98eace465118b,4084,0,0,4084,8168.000479314964,not_applicable,not_applicable,not_applicable,0,0,0,0,0,0,0,0,0,"derived from frozen fixed-mode PHY, not decoded TX truth",actual online waveform measurement
P4084_N4084_seed2026092404,n04131690/ILSVRC2012_val_00002728_n04131690,a4f0ce87454301b9469c70fbe6b41ffe2efe961d876273779860662e88fdeb06,4,2003,SHORT-PREFIX-20260923-priority-selected-v1,59b70217b3081ced610b38538606e94fd7e1d1b33cd56b152ca98eace465118b,4084,0,0,4084,8168.000479314964,not_applicable,not_applicable,not_applicable,0,0,0,0,0,0,0,0,0,"derived from frozen fixed-mode PHY, not decoded TX truth",actual online waveform measurement
P4084_N4084_seed2026092404,n04131690/ILSVRC2012_val_00002728_n04131690,a4f0ce87454301b9469c70fbe6b41ffe2efe961d876273779860662e88fdeb06,7,2001,SHORT-PREFIX-20260923-priority-selected-v1,59b70217b3081ced610b38538606e94fd7e1d1b33cd56b152ca98eace465118b,4084,0,0,4084,8168.000479314964,not_applicable,not_applicable,not_applicable,0,0,0,0,0,0,0,0,0,"derived from frozen fixed-mode PHY, not decoded TX truth",actual online waveform measurement
P4084_N4084_seed2026092404,n04131690/ILSVRC2012_val_00002728_n04131690,a4f0ce87454301b9469c70fbe6b41ffe2efe961d876273779860662e88fdeb06,7,2002,SHORT-PREFIX-20260923-priority-selected-v1,59b70217b3081ced610b38538606e94fd7e1d1b33cd56b152ca98eace465118b,4084,0,0,4084,8168.000479314964,not_applicable,not_applicable,not_applicable,0,0,0,0,0,0,0,0,0,"derived from frozen fixed-mode PHY, not decoded TX truth",actual online waveform measurement
P4084_N4084_seed2026092404,n04131690/ILSVRC2012_val_00002728_n04131690,a4f0ce87454301b9469c70fbe6b41ffe2efe961d876273779860662e88fdeb06,7,2003,SHORT-PREFIX-20260923-priority-selected-v1,59b70217b3081ced610b38538606e94fd7e1d1b33cd56b152ca98eace465118b,4084,0,0,4084,8168.000479314964,not_applicable,not_applicable,not_applicable,0,0,0,0,0,0,0,0,0,"derived from frozen fixed-mode PHY, not decoded TX truth",actual online waveform measurement
P4084_N4084_seed2026092404,n04131690/ILSVRC2012_val_00002728_n04131690,a4f0ce87454301b9469c70fbe6b41ffe2efe961d876273779860662e88fdeb06,13,2001,SHORT-PREFIX-20260923-priority-selected-v1,59b70217b3081ced610b38538606e94fd7e1d1b33cd56b152ca98eace465118b,4084,0,0,4084,8168.000479314964,not_applicable,not_applicable,not_applicable,0,0,0,0,0,0,0,0,0,"derived from frozen fixed-mode PHY, not decoded TX truth",actual online waveform measurement
P4084_N4084_seed2026092404,n04131690/ILSVRC2012_val_00002728_n04131690,a4f0ce87454301b9469c70fbe6b41ffe2efe961d876273779860662e88fdeb06,13,2002,SHORT-PREFIX-20260923-priority-selected-v1,59b70217b3081ced610b38538606e94fd7e1d1b33cd56b152ca98eace465118b,4084,0,0,4084,8168.000479314964,not_applicable,not_applicable,not_applicable,0,0,0,0,0,0,0,0,0,"derived from frozen fixed-mode PHY, not decoded TX truth",actual online waveform measurement
P4084_N4084_seed2026092404,n04131690/ILSVRC2012_val_00002728_n04131690,a4f0ce87454301b9469c70fbe6b41ffe2efe961d876273779860662e88fdeb06,13,2003,SHORT-PREFIX-20260923-priority-selected-v1,59b70217b3081ced610b38538606e94fd7e1d1b33cd56b152ca98eace465118b,4084,0,0,4084,8168.000479314964,not_applicable,not_applicable,not_applicable,0,0,0,0,0,0,0,0,0,"derived from frozen fixed-mode PHY, not decoded TX truth",actual online waveform measurement
P4084_N4084_seed2026092404,n04131690/ILSVRC2012_val_00002728_n04131690,a4f0ce87454301b9469c70fbe6b41ffe2efe961d876273779860662e88fdeb06,19,2001,SHORT-PREFIX-20260923-priority-selected-v1,59b70217b3081ced610b38538606e94fd7e1d1b33cd56b152ca98eace465118b,4084,0,0,4084,8168.000479314964,not_applicable,not_applicable,not_applicable,0,0,0,0,0,0,0,0,0,"derived from frozen fixed-mode PHY, not decoded TX truth",actual online waveform measurement
P4084_N4084_seed2026092404,n04131690/ILSVRC2012_val_00002728_n04131690,a4f0ce87454301b9469c70fbe6b41ffe2efe961d876273779860662e88fdeb06,19,2002,SHORT-PREFIX-20260923-priority-selected-v1,59b70217b3081ced610b38538606e94fd7e1d1b33cd56b152ca98eace465118b,4084,0,0,4084,8168.000479314964,not_applicable,not_applicable,not_applicable,0,0,0,0,0,0,0,0,0,"derived from frozen fixed-mode PHY, not decoded TX truth",actual online waveform measurement
P4084_N4084_seed2026092404,n04131690/ILSVRC2012_val_00002728_n04131690,a4f0ce87454301b9469c70fbe6b41ffe2efe961d876273779860662e88fdeb06,19,2003,SHORT-PREFIX-20260923-priority-selected-v1,59b70217b3081ced610b38538606e94fd7e1d1b33cd56b152ca98eace465118b,4084,0,0,4084,8168.000479314964,not_applicable,not_applicable,not_applicable,0,0,0,0,0,0,0,0,0,"derived from frozen fixed-mode PHY, not decoded TX truth",actual online waveform measurement
P4084_N4084_seed2026092404,n04153751/ILSVRC2012_val_00008426_n04153751,97b815265374ec1d6426380e5a710dd1bb8cc13320799468805e6c7c665f568d,1,2001,SHORT-PREFIX-20260923-priority-selected-v1,59b70217b3081ced610b38538606e94fd7e1d1b33cd56b152ca98eace465118b,4084,0,0,4084,8168.000321808966,not_applicable,not_applicable,not_applicable,0,0,0,0,0,0,0,0,0,"derived from frozen fixed-mode PHY, not decoded TX truth",actual online waveform measurement
P4084_N4084_seed2026092404,n04153751/ILSVRC2012_val_00008426_n04153751,97b815265374ec1d6426380e5a710dd1bb8cc13320799468805e6c7c665f568d,1,2002,SHORT-PREFIX-20260923-priority-selected-v1,59b70217b3081ced610b38538606e94fd7e1d1b33cd56b152ca98eace465118b,4084,0,0,4084,8168.000321808966,not_applicable,not_applicable,not_applicable,0,0,0,0,0,0,0,0,0,"derived from frozen fixed-mode PHY, not decoded TX truth",actual online waveform measurement
P4084_N4084_seed2026092404,n04153751/ILSVRC2012_val_00008426_n04153751,97b815265374ec1d6426380e5a710dd1bb8cc13320799468805e6c7c665f568d,1,2003,SHORT-PREFIX-20260923-priority-selected-v1,59b70217b3081ced610b38538606e94fd7e1d1b33cd56b152ca98eace465118b,4084,0,0,4084,8168.000321808966,not_applicable,not_applicable,not_applicable,0,0,0,0,0,0,0,0,0,"derived from frozen fixed-mode PHY, not decoded TX truth",actual online waveform measurement
P4084_N4084_seed2026092404,n04153751/ILSVRC2012_val_00008426_n04153751,97b815265374ec1d6426380e5a710dd1bb8cc13320799468805e6c7c665f568d,4,2001,SHORT-PREFIX-20260923-priority-selected-v1,59b70217b3081ced610b38538606e94fd7e1d1b33cd56b152ca98eace465118b,4084,0,0,4084,8168.000321808966,not_applicable,not_applicable,not_applicable,0,0,0,0,0,0,0,0,0,"derived from frozen fixed-mode PHY, not decoded TX truth",actual online waveform measurement
P4084_N4084_seed2026092404,n04153751/ILSVRC2012_val_00008426_n04153751,97b815265374ec1d6426380e5a710dd1bb8cc13320799468805e6c7c665f568d,4,2002,SHORT-PREFIX-20260923-priority-selected-v1,59b70217b3081ced610b38538606e94fd7e1d1b33cd56b152ca98eace465118b,4084,0,0,4084,8168.000321808966,not_applicable,not_applicable,not_applicable,0,0,0,0,0,0,0,0,0,"derived from frozen fixed-mode PHY, not decoded TX truth",actual online waveform measurement
P4084_N4084_seed2026092404,n04153751/ILSVRC2012_val_00008426_n04153751,97b815265374ec1d6426380e5a710dd1bb8cc13320799468805e6c7c665f568d,4,2003,SHORT-PREFIX-20260923-priority-selected-v1,59b70217b3081ced610b38538606e94fd7e1d1b33cd56b152ca98eace465118b,4084,0,0,4084,8168.000321808966,not_applicable,not_applicable,not_applicable,0,0,0,0,0,0,0,0,0,"derived from frozen fixed-mode PHY, not decoded TX truth",actual online waveform measurement
P4084_N4084_seed2026092404,n04153751/ILSVRC2012_val_00008426_n04153751,97b815265374ec1d6426380e5a710dd1bb8cc13320799468805e6c7c665f568d,7,2001,SHORT-PREFIX-20260923-priority-selected-v1,59b70217b3081ced610b38538606e94fd7e1d1b33cd56b152ca98eace465118b,4084,0,0,4084,8168.000321808966,not_applicable,not_applicable,not_applicable,0,0,0,0,0,0,0,0,0,"derived from frozen fixed-mode PHY, not decoded TX truth",actual online waveform measurement
P4084_N4084_seed2026092404,n04153751/ILSVRC2012_val_00008426_n04153751,97b815265374ec1d6426380e5a710dd1bb8cc13320799468805e6c7c665f568d,7,2002,SHORT-PREFIX-20260923-priority-selected-v1,59b70217b3081ced610b38538606e94fd7e1d1b33cd56b152ca98eace465118b,4084,0,0,4084,8168.000321808966,not_applicable,not_applicable,not_applicable,0,0,0,0,0,0,0,0,0,"derived from frozen fixed-mode PHY, not decoded TX truth",actual online waveform measurement
P4084_N4084_seed2026092404,n04153751/ILSVRC2012_val_00008426_n04153751,97b815265374ec1d6426380e5a710dd1bb8cc13320799468805e6c7c665f568d,7,2003,SHORT-PREFIX-20260923-priority-selected-v1,59b70217b3081ced610b38538606e94fd7e1d1b33cd56b152ca98eace465118b,4084,0,0,4084,8168.000321808966,not_applicable,not_applicable,not_applicable,0,0,0,0,0,0,0,0,0,"derived from frozen fixed-mode PHY, not decoded TX truth",actual online waveform measurement
P4084_N4084_seed2026092404,n04153751/ILSVRC2012_val_00008426_n04153751,97b815265374ec1d6426380e5a710dd1bb8cc13320799468805e6c7c665f568d,13,2001,SHORT-PREFIX-20260923-priority-selected-v1,59b70217b3081ced610b38538606e94fd7e1d1b33cd56b152ca98eace465118b,4084,0,0,4084,8168.000321808966,not_applicable,not_applicable,not_applicable,0,0,0,0,0,0,0,0,0,"derived from frozen fixed-mode PHY, not decoded TX truth",actual online waveform measurement
P4084_N4084_seed2026092404,n04153751/ILSVRC2012_val_00008426_n04153751,97b815265374ec1d6426380e5a710dd1bb8cc13320799468805e6c7c665f568d,13,2002,SHORT-PREFIX-20260923-priority-selected-v1,59b70217b3081ced610b38538606e94fd7e1d1b33cd56b152ca98eace465118b,4084,0,0,4084,8168.000321808966,not_applicable,not_applicable,not_applicable,0,0,0,0,0,0,0,0,0,"derived from frozen fixed-mode PHY, not decoded TX truth",actual online waveform measurement
P4084_N4084_seed2026092404,n04153751/ILSVRC2012_val_00008426_n04153751,97b815265374ec1d6426380e5a710dd1bb8cc13320799468805e6c7c665f568d,13,2003,SHORT-PREFIX-20260923-priority-selected-v1,59b70217b3081ced610b38538606e94fd7e1d1b33cd56b152ca98eace465118b,4084,0,0,4084,8168.000321808966,not_applicable,not_applicable,not_applicable,0,0,0,0,0,0,0,0,0,"derived from frozen fixed-mode PHY, not decoded TX truth",actual online waveform measurement
P4084_N4084_seed2026092404,n04153751/ILSVRC2012_val_00008426_n04153751,97b815265374ec1d6426380e5a710dd1bb8cc13320799468805e6c7c665f568d,19,2001,SHORT-PREFIX-20260923-priority-selected-v1,59b70217b3081ced610b38538606e94fd7e1d1b33cd56b152ca98eace465118b,4084,0,0,4084,8168.000321808966,not_applicable,not_applicable,not_applicable,0,0,0,0,0,0,0,0,0,"derived from frozen fixed-mode PHY, not decoded TX truth",actual online waveform measurement
P4084_N4084_seed2026092404,n04153751/ILSVRC2012_val_00008426_n04153751,97b815265374ec1d6426380e5a710dd1bb8cc13320799468805e6c7c665f568d,19,2002,SHORT-PREFIX-20260923-priority-selected-v1,59b70217b3081ced610b38538606e94fd7e1d1b33cd56b152ca98eace465118b,4084,0,0,4084,8168.000321808966,not_applicable,not_applicable,not_applicable,0,0,0,0,0,0,0,0,0,"derived from frozen fixed-mode PHY, not decoded TX truth",actual online waveform measurement
P4084_N4084_seed2026092404,n04153751/ILSVRC2012_val_00008426_n04153751,97b815265374ec1d6426380e5a710dd1bb8cc13320799468805e6c7c665f568d,19,2003,SHORT-PREFIX-20260923-priority-selected-v1,59b70217b3081ced610b38538606e94fd7e1d1b33cd56b152ca98eace465118b,4084,0,0,4084,8168.000321808966,not_applicable,not_applicable,not_applicable,0,0,0,0,0,0,0,0,0,"derived from frozen fixed-mode PHY, not decoded TX truth",actual online waveform measurement
P4084_N4084_seed2026092404,n04204347/ILSVRC2012_val_00018921_n04204347,bb0919028da5d8113228b4ea2031f03cae14b6805b1a3078dbd2d6f04c5b7ab8,1,2001,SHORT-PREFIX-20260923-priority-selected-v1,59b70217b3081ced610b38538606e94fd7e1d1b33cd56b152ca98eace465118b,4084,0,0,4084,8168.000225490926,not_applicable,not_applicable,not_applicable,0,0,0,0,0,0,0,0,0,"derived from frozen fixed-mode PHY, not decoded TX truth",actual online waveform measurement
P4084_N4084_seed2026092404,n04204347/ILSVRC2012_val_00018921_n04204347,bb0919028da5d8113228b4ea2031f03cae14b6805b1a3078dbd2d6f04c5b7ab8,1,2002,SHORT-PREFIX-20260923-priority-selected-v1,59b70217b3081ced610b38538606e94fd7e1d1b33cd56b152ca98eace465118b,4084,0,0,4084,8168.000225490926,not_applicable,not_applicable,not_applicable,0,0,0,0,0,0,0,0,0,"derived from frozen fixed-mode PHY, not decoded TX truth",actual online waveform measurement
P4084_N4084_seed2026092404,n04204347/ILSVRC2012_val_00018921_n04204347,bb0919028da5d8113228b4ea2031f03cae14b6805b1a3078dbd2d6f04c5b7ab8,1,2003,SHORT-PREFIX-20260923-priority-selected-v1,59b70217b3081ced610b38538606e94fd7e1d1b33cd56b152ca98eace465118b,4084,0,0,4084,8168.000225490926,not_applicable,not_applicable,not_applicable,0,0,0,0,0,0,0,0,0,"derived from frozen fixed-mode PHY, not decoded TX truth",actual online waveform measurement
P4084_N4084_seed2026092404,n04204347/ILSVRC2012_val_00018921_n04204347,bb0919028da5d8113228b4ea2031f03cae14b6805b1a3078dbd2d6f04c5b7ab8,4,2001,SHORT-PREFIX-20260923-priority-selected-v1,59b70217b3081ced610b38538606e94fd7e1d1b33cd56b152ca98eace465118b,4084,0,0,4084,8168.000225490926,not_applicable,not_applicable,not_applicable,0,0,0,0,0,0,0,0,0,"derived from frozen fixed-mode PHY, not decoded TX truth",actual online waveform measurement
P4084_N4084_seed2026092404,n04204347/ILSVRC2012_val_00018921_n04204347,bb0919028da5d8113228b4ea2031f03cae14b6805b1a3078dbd2d6f04c5b7ab8,4,2002,SHORT-PREFIX-20260923-priority-selected-v1,59b70217b3081ced610b38538606e94fd7e1d1b33cd56b152ca98eace465118b,4084,0,0,4084,8168.000225490926,not_applicable,not_applicable,not_applicable,0,0,0,0,0,0,0,0,0,"derived from frozen fixed-mode PHY, not decoded TX truth",actual online waveform measurement
P4084_N4084_seed2026092404,n04204347/ILSVRC2012_val_00018921_n04204347,bb0919028da5d8113228b4ea2031f03cae14b6805b1a3078dbd2d6f04c5b7ab8,4,2003,SHORT-PREFIX-20260923-priority-selected-v1,59b70217b3081ced610b38538606e94fd7e1d1b33cd56b152ca98eace465118b,4084,0,0,4084,8168.000225490926,not_applicable,not_applicable,not_applicable,0,0,0,0,0,0,0,0,0,"derived from frozen fixed-mode PHY, not decoded TX truth",actual online waveform measurement
P4084_N4084_seed2026092404,n04204347/ILSVRC2012_val_00018921_n04204347,bb0919028da5d8113228b4ea2031f03cae14b6805b1a3078dbd2d6f04c5b7ab8,7,2001,SHORT-PREFIX-20260923-priority-selected-v1,59b70217b3081ced610b38538606e94fd7e1d1b33cd56b152ca98eace465118b,4084,0,0,4084,8168.000225490926,not_applicable,not_applicable,not_applicable,0,0,0,0,0,0,0,0,0,"derived from frozen fixed-mode PHY, not decoded TX truth",actual online waveform measurement
P4084_N4084_seed2026092404,n04204347/ILSVRC2012_val_00018921_n04204347,bb0919028da5d8113228b4ea2031f03cae14b6805b1a3078dbd2d6f04c5b7ab8,7,2002,SHORT-PREFIX-20260923-priority-selected-v1,59b70217b3081ced610b38538606e94fd7e1d1b33cd56b152ca98eace465118b,4084,0,0,4084,8168.000225490926,not_applicable,not_applicable,not_applicable,0,0,0,0,0,0,0,0,0,"derived from frozen fixed-mode PHY, not decoded TX truth",actual online waveform measurement
P4084_N4084_seed2026092404,n04204347/ILSVRC2012_val_00018921_n04204347,bb0919028da5d8113228b4ea2031f03cae14b6805b1a3078dbd2d6f04c5b7ab8,7,2003,SHORT-PREFIX-20260923-priority-selected-v1,59b70217b3081ced610b38538606e94fd7e1d1b33cd56b152ca98eace465118b,4084,0,0,4084,8168.000225490926,not_applicable,not_applicable,not_applicable,0,0,0,0,0,0,0,0,0,"derived from frozen fixed-mode PHY, not decoded TX truth",actual online waveform measurement
P4084_N4084_seed2026092404,n04204347/ILSVRC2012_val_00018921_n04204347,bb0919028da5d8113228b4ea2031f03cae14b6805b1a3078dbd2d6f04c5b7ab8,13,2001,SHORT-PREFIX-20260923-priority-selected-v1,59b70217b3081ced610b38538606e94fd7e1d1b33cd56b152ca98eace465118b,4084,0,0,4084,8168.000225490926,not_applicable,not_applicable,not_applicable,0,0,0,0,0,0,0,0,0,"derived from frozen fixed-mode PHY, not decoded TX truth",actual online waveform measurement
P4084_N4084_seed2026092404,n04204347/ILSVRC2012_val_00018921_n04204347,bb0919028da5d8113228b4ea2031f03cae14b6805b1a3078dbd2d6f04c5b7ab8,13,2002,SHORT-PREFIX-20260923-priority-selected-v1,59b70217b3081ced610b38538606e94fd7e1d1b33cd56b152ca98eace465118b,4084,0,0,4084,8168.000225490926,not_applicable,not_applicable,not_applicable,0,0,0,0,0,0,0,0,0,"derived from frozen fixed-mode PHY, not decoded TX truth",actual online waveform measurement
P4084_N4084_seed2026092404,n04204347/ILSVRC2012_val_00018921_n04204347,bb0919028da5d8113228b4ea2031f03cae14b6805b1a3078dbd2d6f04c5b7ab8,13,2003,SHORT-PREFIX-20260923-priority-selected-v1,59b70217b3081ced610b38538606e94fd7e1d1b33cd56b152ca98eace465118b,4084,0,0,4084,8168.000225490926,not_applicable,not_applicable,not_applicable,0,0,0,0,0,0,0,0,0,"derived from frozen fixed-mode PHY, not decoded TX truth",actual online waveform measurement
P4084_N4084_seed2026092404,n04204347/ILSVRC2012_val_00018921_n04204347,bb0919028da5d8113228b4ea2031f03cae14b6805b1a3078dbd2d6f04c5b7ab8,19,2001,SHORT-PREFIX-20260923-priority-selected-v1,59b70217b3081ced610b38538606e94fd7e1d1b33cd56b152ca98eace465118b,4084,0,0,4084,8168.000225490926,not_applicable,not_applicable,not_applicable,0,0,0,0,0,0,0,0,0,"derived from frozen fixed-mode PHY, not decoded TX truth",actual online waveform measurement
P4084_N4084_seed2026092404,n04204347/ILSVRC2012_val_00018921_n04204347,bb0919028da5d8113228b4ea2031f03cae14b6805b1a3078dbd2d6f04c5b7ab8,19,2002,SHORT-PREFIX-20260923-priority-selected-v1,59b70217b3081ced610b38538606e94fd7e1d1b33cd56b152ca98eace465118b,4084,0,0,4084,8168.000225490926,not_applicable,not_applicable,not_applicable,0,0,0,0,0,0,0,0,0,"derived from frozen fixed-mode PHY, not decoded TX truth",actual online waveform measurement
P4084_N4084_seed2026092404,n04204347/ILSVRC2012_val_00018921_n04204347,bb0919028da5d8113228b4ea2031f03cae14b6805b1a3078dbd2d6f04c5b7ab8,19,2003,SHORT-PREFIX-20260923-priority-selected-v1,59b70217b3081ced610b38538606e94fd7e1d1b33cd56b152ca98eace465118b,4084,0,0,4084,8168.000225490926,not_applicable,not_applicable,not_applicable,0,0,0,0,0,0,0,0,0,"derived from frozen fixed-mode PHY, not decoded TX truth",actual online waveform measurement
P4084_N4084_seed2026092404,n04235860/ILSVRC2012_val_00004033_n04235860,d97a5615f039b7023b17570a301aea94aeaf383e5cf8b6337c8c41d92f68a91e,1,2001,SHORT-PREFIX-20260923-priority-selected-v1,59b70217b3081ced610b38538606e94fd7e1d1b33cd56b152ca98eace465118b,4084,0,0,4084,8168.000697154448,not_applicable,not_applicable,not_applicable,0,0,0,0,0,0,0,0,0,"derived from frozen fixed-mode PHY, not decoded TX truth",actual online waveform measurement
P4084_N4084_seed2026092404,n04235860/ILSVRC2012_val_00004033_n04235860,d97a5615f039b7023b17570a301aea94aeaf383e5cf8b6337c8c41d92f68a91e,1,2002,SHORT-PREFIX-20260923-priority-selected-v1,59b70217b3081ced610b38538606e94fd7e1d1b33cd56b152ca98eace465118b,4084,0,0,4084,8168.000697154448,not_applicable,not_applicable,not_applicable,0,0,0,0,0,0,0,0,0,"derived from frozen fixed-mode PHY, not decoded TX truth",actual online waveform measurement
P4084_N4084_seed2026092404,n04235860/ILSVRC2012_val_00004033_n04235860,d97a5615f039b7023b17570a301aea94aeaf383e5cf8b6337c8c41d92f68a91e,1,2003,SHORT-PREFIX-20260923-priority-selected-v1,59b70217b3081ced610b38538606e94fd7e1d1b33cd56b152ca98eace465118b,4084,0,0,4084,8168.000697154448,not_applicable,not_applicable,not_applicable,0,0,0,0,0,0,0,0,0,"derived from frozen fixed-mode PHY, not decoded TX truth",actual online waveform measurement
P4084_N4084_seed2026092404,n04235860/ILSVRC2012_val_00004033_n04235860,d97a5615f039b7023b17570a301aea94aeaf383e5cf8b6337c8c41d92f68a91e,4,2001,SHORT-PREFIX-20260923-priority-selected-v1,59b70217b3081ced610b38538606e94fd7e1d1b33cd56b152ca98eace465118b,4084,0,0,4084,8168.000697154448,not_applicable,not_applicable,not_applicable,0,0,0,0,0,0,0,0,0,"derived from frozen fixed-mode PHY, not decoded TX truth",actual online waveform measurement
P4084_N4084_seed2026092404,n04235860/ILSVRC2012_val_00004033_n04235860,d97a5615f039b7023b17570a301aea94aeaf383e5cf8b6337c8c41d92f68a91e,4,2002,SHORT-PREFIX-20260923-priority-selected-v1,59b70217b3081ced610b38538606e94fd7e1d1b33cd56b152ca98eace465118b,4084,0,0,4084,8168.000697154448,not_applicable,not_applicable,not_applicable,0,0,0,0,0,0,0,0,0,"derived from frozen fixed-mode PHY, not decoded TX truth",actual online waveform measurement
P4084_N4084_seed2026092404,n04235860/ILSVRC2012_val_00004033_n04235860,d97a5615f039b7023b17570a301aea94aeaf383e5cf8b6337c8c41d92f68a91e,4,2003,SHORT-PREFIX-20260923-priority-selected-v1,59b70217b3081ced610b38538606e94fd7e1d1b33cd56b152ca98eace465118b,4084,0,0,4084,8168.000697154448,not_applicable,not_applicable,not_applicable,0,0,0,0,0,0,0,0,0,"derived from frozen fixed-mode PHY, not decoded TX truth",actual online waveform measurement
P4084_N4084_seed2026092404,n04235860/ILSVRC2012_val_00004033_n04235860,d97a5615f039b7023b17570a301aea94aeaf383e5cf8b6337c8c41d92f68a91e,7,2001,SHORT-PREFIX-20260923-priority-selected-v1,59b70217b3081ced610b38538606e94fd7e1d1b33cd56b152ca98eace465118b,4084,0,0,4084,8168.000697154448,not_applicable,not_applicable,not_applicable,0,0,0,0,0,0,0,0,0,"derived from frozen fixed-mode PHY, not decoded TX truth",actual online waveform measurement
P4084_N4084_seed2026092404,n04235860/ILSVRC2012_val_00004033_n04235860,d97a5615f039b7023b17570a301aea94aeaf383e5cf8b6337c8c41d92f68a91e,7,2002,SHORT-PREFIX-20260923-priority-selected-v1,59b70217b3081ced610b38538606e94fd7e1d1b33cd56b152ca98eace465118b,4084,0,0,4084,8168.000697154448,not_applicable,not_applicable,not_applicable,0,0,0,0,0,0,0,0,0,"derived from frozen fixed-mode PHY, not decoded TX truth",actual online waveform measurement
P4084_N4084_seed2026092404,n04235860/ILSVRC2012_val_00004033_n04235860,d97a5615f039b7023b17570a301aea94aeaf383e5cf8b6337c8c41d92f68a91e,7,2003,SHORT-PREFIX-20260923-priority-selected-v1,59b70217b3081ced610b38538606e94fd7e1d1b33cd56b152ca98eace465118b,4084,0,0,4084,8168.000697154448,not_applicable,not_applicable,not_applicable,0,0,0,0,0,0,0,0,0,"derived from frozen fixed-mode PHY, not decoded TX truth",actual online waveform measurement
P4084_N4084_seed2026092404,n04235860/ILSVRC2012_val_00004033_n04235860,d97a5615f039b7023b17570a301aea94aeaf383e5cf8b6337c8c41d92f68a91e,13,2001,SHORT-PREFIX-20260923-priority-selected-v1,59b70217b3081ced610b38538606e94fd7e1d1b33cd56b152ca98eace465118b,4084,0,0,4084,8168.000697154448,not_applicable,not_applicable,not_applicable,0,0,0,0,0,0,0,0,0,"derived from frozen fixed-mode PHY, not decoded TX truth",actual online waveform measurement
P4084_N4084_seed2026092404,n04235860/ILSVRC2012_val_00004033_n04235860,d97a5615f039b7023b17570a301aea94aeaf383e5cf8b6337c8c41d92f68a91e,13,2002,SHORT-PREFIX-20260923-priority-selected-v1,59b70217b3081ced610b38538606e94fd7e1d1b33cd56b152ca98eace465118b,4084,0,0,4084,8168.000697154448,not_applicable,not_applicable,not_applicable,0,0,0,0,0,0,0,0,0,"derived from frozen fixed-mode PHY, not decoded TX truth",actual online waveform measurement
P4084_N4084_seed2026092404,n04235860/ILSVRC2012_val_00004033_n04235860,d97a5615f039b7023b17570a301aea94aeaf383e5cf8b6337c8c41d92f68a91e,13,2003,SHORT-PREFIX-20260923-priority-selected-v1,59b70217b3081ced610b38538606e94fd7e1d1b33cd56b152ca98eace465118b,4084,0,0,4084,8168.000697154448,not_applicable,not_applicable,not_applicable,0,0,0,0,0,0,0,0,0,"derived from frozen fixed-mode PHY, not decoded TX truth",actual online waveform measurement
P4084_N4084_seed2026092404,n04235860/ILSVRC2012_val_00004033_n04235860,d97a5615f039b7023b17570a301aea94aeaf383e5cf8b6337c8c41d92f68a91e,19,2001,SHORT-PREFIX-20260923-priority-selected-v1,59b70217b3081ced610b38538606e94fd7e1d1b33cd56b152ca98eace465118b,4084,0,0,4084,8168.000697154448,not_applicable,not_applicable,not_applicable,0,0,0,0,0,0,0,0,0,"derived from frozen fixed-mode PHY, not decoded TX truth",actual online waveform measurement
P4084_N4084_seed2026092404,n04235860/ILSVRC2012_val_00004033_n04235860,d97a5615f039b7023b17570a301aea94aeaf383e5cf8b6337c8c41d92f68a91e,19,2002,SHORT-PREFIX-20260923-priority-selected-v1,59b70217b3081ced610b38538606e94fd7e1d1b33cd56b152ca98eace465118b,4084,0,0,4084,8168.000697154448,not_applicable,not_applicable,not_applicable,0,0,0,0,0,0,0,0,0,"derived from frozen fixed-mode PHY, not decoded TX truth",actual online waveform measurement
P4084_N4084_seed2026092404,n04235860/ILSVRC2012_val_00004033_n04235860,d97a5615f039b7023b17570a301aea94aeaf383e5cf8b6337c8c41d92f68a91e,19,2003,SHORT-PREFIX-20260923-priority-selected-v1,59b70217b3081ced610b38538606e94fd7e1d1b33cd56b152ca98eace465118b,4084,0,0,4084,8168.000697154448,not_applicable,not_applicable,not_applicable,0,0,0,0,0,0,0,0,0,"derived from frozen fixed-mode PHY, not decoded TX truth",actual online waveform measurement
P4084_N4084_seed2026092404,n04252077/ILSVRC2012_val_00012989_n04252077,23d5d73078c0a822663f12dae1fdcc88fb421d9b7d25631165b606ee3f992794,1,2001,SHORT-PREFIX-20260923-priority-selected-v1,59b70217b3081ced610b38538606e94fd7e1d1b33cd56b152ca98eace465118b,4084,0,0,4084,8168.001004806123,not_applicable,not_applicable,not_applicable,0,0,0,0,0,0,0,0,0,"derived from frozen fixed-mode PHY, not decoded TX truth",actual online waveform measurement
P4084_N4084_seed2026092404,n04252077/ILSVRC2012_val_00012989_n04252077,23d5d73078c0a822663f12dae1fdcc88fb421d9b7d25631165b606ee3f992794,1,2002,SHORT-PREFIX-20260923-priority-selected-v1,59b70217b3081ced610b38538606e94fd7e1d1b33cd56b152ca98eace465118b,4084,0,0,4084,8168.001004806123,not_applicable,not_applicable,not_applicable,0,0,0,0,0,0,0,0,0,"derived from frozen fixed-mode PHY, not decoded TX truth",actual online waveform measurement
P4084_N4084_seed2026092404,n04252077/ILSVRC2012_val_00012989_n04252077,23d5d73078c0a822663f12dae1fdcc88fb421d9b7d25631165b606ee3f992794,1,2003,SHORT-PREFIX-20260923-priority-selected-v1,59b70217b3081ced610b38538606e94fd7e1d1b33cd56b152ca98eace465118b,4084,0,0,4084,8168.001004806123,not_applicable,not_applicable,not_applicable,0,0,0,0,0,0,0,0,0,"derived from frozen fixed-mode PHY, not decoded TX truth",actual online waveform measurement
P4084_N4084_seed2026092404,n04252077/ILSVRC2012_val_00012989_n04252077,23d5d73078c0a822663f12dae1fdcc88fb421d9b7d25631165b606ee3f992794,4,2001,SHORT-PREFIX-20260923-priority-selected-v1,59b70217b3081ced610b38538606e94fd7e1d1b33cd56b152ca98eace465118b,4084,0,0,4084,8168.001004806123,not_applicable,not_applicable,not_applicable,0,0,0,0,0,0,0,0,0,"derived from frozen fixed-mode PHY, not decoded TX truth",actual online waveform measurement
P4084_N4084_seed2026092404,n04252077/ILSVRC2012_val_00012989_n04252077,23d5d73078c0a822663f12dae1fdcc88fb421d9b7d25631165b606ee3f992794,4,2002,SHORT-PREFIX-20260923-priority-selected-v1,59b70217b3081ced610b38538606e94fd7e1d1b33cd56b152ca98eace465118b,4084,0,0,4084,8168.001004806123,not_applicable,not_applicable,not_applicable,0,0,0,0,0,0,0,0,0,"derived from frozen fixed-mode PHY, not decoded TX truth",actual online waveform measurement
P4084_N4084_seed2026092404,n04252077/ILSVRC2012_val_00012989_n04252077,23d5d73078c0a822663f12dae1fdcc88fb421d9b7d25631165b606ee3f992794,4,2003,SHORT-PREFIX-20260923-priority-selected-v1,59b70217b3081ced610b38538606e94fd7e1d1b33cd56b152ca98eace465118b,4084,0,0,4084,8168.001004806123,not_applicable,not_applicable,not_applicable,0,0,0,0,0,0,0,0,0,"derived from frozen fixed-mode PHY, not decoded TX truth",actual online waveform measurement
P4084_N4084_seed2026092404,n04252077/ILSVRC2012_val_00012989_n04252077,23d5d73078c0a822663f12dae1fdcc88fb421d9b7d25631165b606ee3f992794,7,2001,SHORT-PREFIX-20260923-priority-selected-v1,59b70217b3081ced610b38538606e94fd7e1d1b33cd56b152ca98eace465118b,4084,0,0,4084,8168.001004806123,not_applicable,not_applicable,not_applicable,0,0,0,0,0,0,0,0,0,"derived from frozen fixed-mode PHY, not decoded TX truth",actual online waveform measurement
P4084_N4084_seed2026092404,n04252077/ILSVRC2012_val_00012989_n04252077,23d5d73078c0a822663f12dae1fdcc88fb421d9b7d25631165b606ee3f992794,7,2002,SHORT-PREFIX-20260923-priority-selected-v1,59b70217b3081ced610b38538606e94fd7e1d1b33cd56b152ca98eace465118b,4084,0,0,4084,8168.001004806123,not_applicable,not_applicable,not_applicable,0,0,0,0,0,0,0,0,0,"derived from frozen fixed-mode PHY, not decoded TX truth",actual online waveform measurement
P4084_N4084_seed2026092404,n04252077/ILSVRC2012_val_00012989_n04252077,23d5d73078c0a822663f12dae1fdcc88fb421d9b7d25631165b606ee3f992794,7,2003,SHORT-PREFIX-20260923-priority-selected-v1,59b70217b3081ced610b38538606e94fd7e1d1b33cd56b152ca98eace465118b,4084,0,0,4084,8168.001004806123,not_applicable,not_applicable,not_applicable,0,0,0,0,0,0,0,0,0,"derived from frozen fixed-mode PHY, not decoded TX truth",actual online waveform measurement
P4084_N4084_seed2026092404,n04252077/ILSVRC2012_val_00012989_n04252077,23d5d73078c0a822663f12dae1fdcc88fb421d9b7d25631165b606ee3f992794,13,2001,SHORT-PREFIX-20260923-priority-selected-v1,59b70217b3081ced610b38538606e94fd7e1d1b33cd56b152ca98eace465118b,4084,0,0,4084,8168.001004806123,not_applicable,not_applicable,not_applicable,0,0,0,0,0,0,0,0,0,"derived from frozen fixed-mode PHY, not decoded TX truth",actual online waveform measurement
P4084_N4084_seed2026092404,n04252077/ILSVRC2012_val_00012989_n04252077,23d5d73078c0a822663f12dae1fdcc88fb421d9b7d25631165b606ee3f992794,13,2002,SHORT-PREFIX-20260923-priority-selected-v1,59b70217b3081ced610b38538606e94fd7e1d1b33cd56b152ca98eace465118b,4084,0,0,4084,8168.001004806123,not_applicable,not_applicable,not_applicable,0,0,0,0,0,0,0,0,0,"derived from frozen fixed-mode PHY, not decoded TX truth",actual online waveform measurement
P4084_N4084_seed2026092404,n04252077/ILSVRC2012_val_00012989_n04252077,23d5d73078c0a822663f12dae1fdcc88fb421d9b7d25631165b606ee3f992794,13,2003,SHORT-PREFIX-20260923-priority-selected-v1,59b70217b3081ced610b38538606e94fd7e1d1b33cd56b152ca98eace465118b,4084,0,0,4084,8168.001004806123,not_applicable,not_applicable,not_applicable,0,0,0,0,0,0,0,0,0,"derived from frozen fixed-mode PHY, not decoded TX truth",actual online waveform measurement
P4084_N4084_seed2026092404,n04252077/ILSVRC2012_val_00012989_n04252077,23d5d73078c0a822663f12dae1fdcc88fb421d9b7d25631165b606ee3f992794,19,2001,SHORT-PREFIX-20260923-priority-selected-v1,59b70217b3081ced610b38538606e94fd7e1d1b33cd56b152ca98eace465118b,4084,0,0,4084,8168.001004806123,not_applicable,not_applicable,not_applicable,0,0,0,0,0,0,0,0,0,"derived from frozen fixed-mode PHY, not decoded TX truth",actual online waveform measurement
P4084_N4084_seed2026092404,n04252077/ILSVRC2012_val_00012989_n04252077,23d5d73078c0a822663f12dae1fdcc88fb421d9b7d25631165b606ee3f992794,19,2002,SHORT-PREFIX-20260923-priority-selected-v1,59b70217b3081ced610b38538606e94fd7e1d1b33cd56b152ca98eace465118b,4084,0,0,4084,8168.001004806123,not_applicable,not_applicable,not_applicable,0,0,0,0,0,0,0,0,0,"derived from frozen fixed-mode PHY, not decoded TX truth",actual online waveform measurement
P4084_N4084_seed2026092404,n04252077/ILSVRC2012_val_00012989_n04252077,23d5d73078c0a822663f12dae1fdcc88fb421d9b7d25631165b606ee3f992794,19,2003,SHORT-PREFIX-20260923-priority-selected-v1,59b70217b3081ced610b38538606e94fd7e1d1b33cd56b152ca98eace465118b,4084,0,0,4084,8168.001004806123,not_applicable,not_applicable,not_applicable,0,0,0,0,0,0,0,0,0,"derived from frozen fixed-mode PHY, not decoded TX truth",actual online waveform measurement
P4084_N4084_seed2026092404,n04310018/ILSVRC2012_val_00003156_n04310018,b9de11c7fd9f074f8fd637aa4988d21f533d12b9ff435507616ba87af0016608,1,2001,SHORT-PREFIX-20260923-priority-selected-v1,59b70217b3081ced610b38538606e94fd7e1d1b33cd56b152ca98eace465118b,4084,0,0,4084,8167.999702391512,not_applicable,not_applicable,not_applicable,0,0,0,0,0,0,0,0,0,"derived from frozen fixed-mode PHY, not decoded TX truth",actual online waveform measurement
P4084_N4084_seed2026092404,n04310018/ILSVRC2012_val_00003156_n04310018,b9de11c7fd9f074f8fd637aa4988d21f533d12b9ff435507616ba87af0016608,1,2002,SHORT-PREFIX-20260923-priority-selected-v1,59b70217b3081ced610b38538606e94fd7e1d1b33cd56b152ca98eace465118b,4084,0,0,4084,8167.999702391512,not_applicable,not_applicable,not_applicable,0,0,0,0,0,0,0,0,0,"derived from frozen fixed-mode PHY, not decoded TX truth",actual online waveform measurement
P4084_N4084_seed2026092404,n04310018/ILSVRC2012_val_00003156_n04310018,b9de11c7fd9f074f8fd637aa4988d21f533d12b9ff435507616ba87af0016608,1,2003,SHORT-PREFIX-20260923-priority-selected-v1,59b70217b3081ced610b38538606e94fd7e1d1b33cd56b152ca98eace465118b,4084,0,0,4084,8167.999702391512,not_applicable,not_applicable,not_applicable,0,0,0,0,0,0,0,0,0,"derived from frozen fixed-mode PHY, not decoded TX truth",actual online waveform measurement
P4084_N4084_seed2026092404,n04310018/ILSVRC2012_val_00003156_n04310018,b9de11c7fd9f074f8fd637aa4988d21f533d12b9ff435507616ba87af0016608,4,2001,SHORT-PREFIX-20260923-priority-selected-v1,59b70217b3081ced610b38538606e94fd7e1d1b33cd56b152ca98eace465118b,4084,0,0,4084,8167.999702391512,not_applicable,not_applicable,not_applicable,0,0,0,0,0,0,0,0,0,"derived from frozen fixed-mode PHY, not decoded TX truth",actual online waveform measurement
P4084_N4084_seed2026092404,n04310018/ILSVRC2012_val_00003156_n04310018,b9de11c7fd9f074f8fd637aa4988d21f533d12b9ff435507616ba87af0016608,4,2002,SHORT-PREFIX-20260923-priority-selected-v1,59b70217b3081ced610b38538606e94fd7e1d1b33cd56b152ca98eace465118b,4084,0,0,4084,8167.999702391512,not_applicable,not_applicable,not_applicable,0,0,0,0,0,0,0,0,0,"derived from frozen fixed-mode PHY, not decoded TX truth",actual online waveform measurement
P4084_N4084_seed2026092404,n04310018/ILSVRC2012_val_00003156_n04310018,b9de11c7fd9f074f8fd637aa4988d21f533d12b9ff435507616ba87af0016608,4,2003,SHORT-PREFIX-20260923-priority-selected-v1,59b70217b3081ced610b38538606e94fd7e1d1b33cd56b152ca98eace465118b,4084,0,0,4084,8167.999702391512,not_applicable,not_applicable,not_applicable,0,0,0,0,0,0,0,0,0,"derived from frozen fixed-mode PHY, not decoded TX truth",actual online waveform measurement
P4084_N4084_seed2026092404,n04310018/ILSVRC2012_val_00003156_n04310018,b9de11c7fd9f074f8fd637aa4988d21f533d12b9ff435507616ba87af0016608,7,2001,SHORT-PREFIX-20260923-priority-selected-v1,59b70217b3081ced610b38538606e94fd7e1d1b33cd56b152ca98eace465118b,4084,0,0,4084,8167.999702391512,not_applicable,not_applicable,not_applicable,0,0,0,0,0,0,0,0,0,"derived from frozen fixed-mode PHY, not decoded TX truth",actual online waveform measurement
P4084_N4084_seed2026092404,n04310018/ILSVRC2012_val_00003156_n04310018,b9de11c7fd9f074f8fd637aa4988d21f533d12b9ff435507616ba87af0016608,7,2002,SHORT-PREFIX-20260923-priority-selected-v1,59b70217b3081ced610b38538606e94fd7e1d1b33cd56b152ca98eace465118b,4084,0,0,4084,8167.999702391512,not_applicable,not_applicable,not_applicable,0,0,0,0,0,0,0,0,0,"derived from frozen fixed-mode PHY, not decoded TX truth",actual online waveform measurement
P4084_N4084_seed2026092404,n04310018/ILSVRC2012_val_00003156_n04310018,b9de11c7fd9f074f8fd637aa4988d21f533d12b9ff435507616ba87af0016608,7,2003,SHORT-PREFIX-20260923-priority-selected-v1,59b70217b3081ced610b38538606e94fd7e1d1b33cd56b152ca98eace465118b,4084,0,0,4084,8167.999702391512,not_applicable,not_applicable,not_applicable,0,0,0,0,0,0,0,0,0,"derived from frozen fixed-mode PHY, not decoded TX truth",actual online waveform measurement
P4084_N4084_seed2026092404,n04310018/ILSVRC2012_val_00003156_n04310018,b9de11c7fd9f074f8fd637aa4988d21f533d12b9ff435507616ba87af0016608,13,2001,SHORT-PREFIX-20260923-priority-selected-v1,59b70217b3081ced610b38538606e94fd7e1d1b33cd56b152ca98eace465118b,4084,0,0,4084,8167.999702391512,not_applicable,not_applicable,not_applicable,0,0,0,0,0,0,0,0,0,"derived from frozen fixed-mode PHY, not decoded TX truth",actual online waveform measurement
P4084_N4084_seed2026092404,n04310018/ILSVRC2012_val_00003156_n04310018,b9de11c7fd9f074f8fd637aa4988d21f533d12b9ff435507616ba87af0016608,13,2002,SHORT-PREFIX-20260923-priority-selected-v1,59b70217b3081ced610b38538606e94fd7e1d1b33cd56b152ca98eace465118b,4084,0,0,4084,8167.999702391512,not_applicable,not_applicable,not_applicable,0,0,0,0,0,0,0,0,0,"derived from frozen fixed-mode PHY, not decoded TX truth",actual online waveform measurement
P4084_N4084_seed2026092404,n04310018/ILSVRC2012_val_00003156_n04310018,b9de11c7fd9f074f8fd637aa4988d21f533d12b9ff435507616ba87af0016608,13,2003,SHORT-PREFIX-20260923-priority-selected-v1,59b70217b3081ced610b38538606e94fd7e1d1b33cd56b152ca98eace465118b,4084,0,0,4084,8167.999702391512,not_applicable,not_applicable,not_applicable,0,0,0,0,0,0,0,0,0,"derived from frozen fixed-mode PHY, not decoded TX truth",actual online waveform measurement
P4084_N4084_seed2026092404,n04310018/ILSVRC2012_val_00003156_n04310018,b9de11c7fd9f074f8fd637aa4988d21f533d12b9ff435507616ba87af0016608,19,2001,SHORT-PREFIX-20260923-priority-selected-v1,59b70217b3081ced610b38538606e94fd7e1d1b33cd56b152ca98eace465118b,4084,0,0,4084,8167.999702391512,not_applicable,not_applicable,not_applicable,0,0,0,0,0,0,0,0,0,"derived from frozen fixed-mode PHY, not decoded TX truth",actual online waveform measurement
P4084_N4084_seed2026092404,n04310018/ILSVRC2012_val_00003156_n04310018,b9de11c7fd9f074f8fd637aa4988d21f533d12b9ff435507616ba87af0016608,19,2002,SHORT-PREFIX-20260923-priority-selected-v1,59b70217b3081ced610b38538606e94fd7e1d1b33cd56b152ca98eace465118b,4084,0,0,4084,8167.999702391512,not_applicable,not_applicable,not_applicable,0,0,0,0,0,0,0,0,0,"derived from frozen fixed-mode PHY, not decoded TX truth",actual online waveform measurement
P4084_N4084_seed2026092404,n04310018/ILSVRC2012_val_00003156_n04310018,b9de11c7fd9f074f8fd637aa4988d21f533d12b9ff435507616ba87af0016608,19,2003,SHORT-PREFIX-20260923-priority-selected-v1,59b70217b3081ced610b38538606e94fd7e1d1b33cd56b152ca98eace465118b,4084,0,0,4084,8167.999702391512,not_applicable,not_applicable,not_applicable,0,0,0,0,0,0,0,0,0,"derived from frozen fixed-mode PHY, not decoded TX truth",actual online waveform measurement
P4084_N4084_seed2026092404,n04328186/ILSVRC2012_val_00014795_n04328186,f822c4f2096441c446fa8e48678c4cc20d5e828fdfcca53b878f2f0839ec33d6,1,2001,SHORT-PREFIX-20260923-priority-selected-v1,59b70217b3081ced610b38538606e94fd7e1d1b33cd56b152ca98eace465118b,4084,0,0,4084,8168.000281338331,not_applicable,not_applicable,not_applicable,0,0,0,0,0,0,0,0,0,"derived from frozen fixed-mode PHY, not decoded TX truth",actual online waveform measurement
P4084_N4084_seed2026092404,n04328186/ILSVRC2012_val_00014795_n04328186,f822c4f2096441c446fa8e48678c4cc20d5e828fdfcca53b878f2f0839ec33d6,1,2002,SHORT-PREFIX-20260923-priority-selected-v1,59b70217b3081ced610b38538606e94fd7e1d1b33cd56b152ca98eace465118b,4084,0,0,4084,8168.000281338331,not_applicable,not_applicable,not_applicable,0,0,0,0,0,0,0,0,0,"derived from frozen fixed-mode PHY, not decoded TX truth",actual online waveform measurement
P4084_N4084_seed2026092404,n04328186/ILSVRC2012_val_00014795_n04328186,f822c4f2096441c446fa8e48678c4cc20d5e828fdfcca53b878f2f0839ec33d6,1,2003,SHORT-PREFIX-20260923-priority-selected-v1,59b70217b3081ced610b38538606e94fd7e1d1b33cd56b152ca98eace465118b,4084,0,0,4084,8168.000281338331,not_applicable,not_applicable,not_applicable,0,0,0,0,0,0,0,0,0,"derived from frozen fixed-mode PHY, not decoded TX truth",actual online waveform measurement
P4084_N4084_seed2026092404,n04328186/ILSVRC2012_val_00014795_n04328186,f822c4f2096441c446fa8e48678c4cc20d5e828fdfcca53b878f2f0839ec33d6,4,2001,SHORT-PREFIX-20260923-priority-selected-v1,59b70217b3081ced610b38538606e94fd7e1d1b33cd56b152ca98eace465118b,4084,0,0,4084,8168.000281338331,not_applicable,not_applicable,not_applicable,0,0,0,0,0,0,0,0,0,"derived from frozen fixed-mode PHY, not decoded TX truth",actual online waveform measurement
P4084_N4084_seed2026092404,n04328186/ILSVRC2012_val_00014795_n04328186,f822c4f2096441c446fa8e48678c4cc20d5e828fdfcca53b878f2f0839ec33d6,4,2002,SHORT-PREFIX-20260923-priority-selected-v1,59b70217b3081ced610b38538606e94fd7e1d1b33cd56b152ca98eace465118b,4084,0,0,4084,8168.000281338331,not_applicable,not_applicable,not_applicable,0,0,0,0,0,0,0,0,0,"derived from frozen fixed-mode PHY, not decoded TX truth",actual online waveform measurement
P4084_N4084_seed2026092404,n04328186/ILSVRC2012_val_00014795_n04328186,f822c4f2096441c446fa8e48678c4cc20d5e828fdfcca53b878f2f0839ec33d6,4,2003,SHORT-PREFIX-20260923-priority-selected-v1,59b70217b3081ced610b38538606e94fd7e1d1b33cd56b152ca98eace465118b,4084,0,0,4084,8168.000281338331,not_applicable,not_applicable,not_applicable,0,0,0,0,0,0,0,0,0,"derived from frozen fixed-mode PHY, not decoded TX truth",actual online waveform measurement
P4084_N4084_seed2026092404,n04328186/ILSVRC2012_val_00014795_n04328186,f822c4f2096441c446fa8e48678c4cc20d5e828fdfcca53b878f2f0839ec33d6,7,2001,SHORT-PREFIX-20260923-priority-selected-v1,59b70217b3081ced610b38538606e94fd7e1d1b33cd56b152ca98eace465118b,4084,0,0,4084,8168.000281338331,not_applicable,not_applicable,not_applicable,0,0,0,0,0,0,0,0,0,"derived from frozen fixed-mode PHY, not decoded TX truth",actual online waveform measurement
P4084_N4084_seed2026092404,n04328186/ILSVRC2012_val_00014795_n04328186,f822c4f2096441c446fa8e48678c4cc20d5e828fdfcca53b878f2f0839ec33d6,7,2002,SHORT-PREFIX-20260923-priority-selected-v1,59b70217b3081ced610b38538606e94fd7e1d1b33cd56b152ca98eace465118b,4084,0,0,4084,8168.000281338331,not_applicable,not_applicable,not_applicable,0,0,0,0,0,0,0,0,0,"derived from frozen fixed-mode PHY, not decoded TX truth",actual online waveform measurement
P4084_N4084_seed2026092404,n04328186/ILSVRC2012_val_00014795_n04328186,f822c4f2096441c446fa8e48678c4cc20d5e828fdfcca53b878f2f0839ec33d6,7,2003,SHORT-PREFIX-20260923-priority-selected-v1,59b70217b3081ced610b38538606e94fd7e1d1b33cd56b152ca98eace465118b,4084,0,0,4084,8168.000281338331,not_applicable,not_applicable,not_applicable,0,0,0,0,0,0,0,0,0,"derived from frozen fixed-mode PHY, not decoded TX truth",actual online waveform measurement
P4084_N4084_seed2026092404,n04328186/ILSVRC2012_val_00014795_n04328186,f822c4f2096441c446fa8e48678c4cc20d5e828fdfcca53b878f2f0839ec33d6,13,2001,SHORT-PREFIX-20260923-priority-selected-v1,59b70217b3081ced610b38538606e94fd7e1d1b33cd56b152ca98eace465118b,4084,0,0,4084,8168.000281338331,not_applicable,not_applicable,not_applicable,0,0,0,0,0,0,0,0,0,"derived from frozen fixed-mode PHY, not decoded TX truth",actual online waveform measurement
P4084_N4084_seed2026092404,n04328186/ILSVRC2012_val_00014795_n04328186,f822c4f2096441c446fa8e48678c4cc20d5e828fdfcca53b878f2f0839ec33d6,13,2002,SHORT-PREFIX-20260923-priority-selected-v1,59b70217b3081ced610b38538606e94fd7e1d1b33cd56b152ca98eace465118b,4084,0,0,4084,8168.000281338331,not_applicable,not_applicable,not_applicable,0,0,0,0,0,0,0,0,0,"derived from frozen fixed-mode PHY, not decoded TX truth",actual online waveform measurement
P4084_N4084_seed2026092404,n04328186/ILSVRC2012_val_00014795_n04328186,f822c4f2096441c446fa8e48678c4cc20d5e828fdfcca53b878f2f0839ec33d6,13,2003,SHORT-PREFIX-20260923-priority-selected-v1,59b70217b3081ced610b38538606e94fd7e1d1b33cd56b152ca98eace465118b,4084,0,0,4084,8168.000281338331,not_applicable,not_applicable,not_applicable,0,0,0,0,0,0,0,0,0,"derived from frozen fixed-mode PHY, not decoded TX truth",actual online waveform measurement
P4084_N4084_seed2026092404,n04328186/ILSVRC2012_val_00014795_n04328186,f822c4f2096441c446fa8e48678c4cc20d5e828fdfcca53b878f2f0839ec33d6,19,2001,SHORT-PREFIX-20260923-priority-selected-v1,59b70217b3081ced610b38538606e94fd7e1d1b33cd56b152ca98eace465118b,4084,0,0,4084,8168.000281338331,not_applicable,not_applicable,not_applicable,0,0,0,0,0,0,0,0,0,"derived from frozen fixed-mode PHY, not decoded TX truth",actual online waveform measurement
P4084_N4084_seed2026092404,n04328186/ILSVRC2012_val_00014795_n04328186,f822c4f2096441c446fa8e48678c4cc20d5e828fdfcca53b878f2f0839ec33d6,19,2002,SHORT-PREFIX-20260923-priority-selected-v1,59b70217b3081ced610b38538606e94fd7e1d1b33cd56b152ca98eace465118b,4084,0,0,4084,8168.000281338331,not_applicable,not_applicable,not_applicable,0,0,0,0,0,0,0,0,0,"derived from frozen fixed-mode PHY, not decoded TX truth",actual online waveform measurement
P4084_N4084_seed2026092404,n04328186/ILSVRC2012_val_00014795_n04328186,f822c4f2096441c446fa8e48678c4cc20d5e828fdfcca53b878f2f0839ec33d6,19,2003,SHORT-PREFIX-20260923-priority-selected-v1,59b70217b3081ced610b38538606e94fd7e1d1b33cd56b152ca98eace465118b,4084,0,0,4084,8168.000281338331,not_applicable,not_applicable,not_applicable,0,0,0,0,0,0,0,0,0,"derived from frozen fixed-mode PHY, not decoded TX truth",actual online waveform measurement
P4084_N4084_seed2026092404,n04346328/ILSVRC2012_val_00003305_n04346328,8ba9271b2cefde59a78ee52bbe2eaadb785be47197c8db08e4e237aa6f610e0a,1,2001,SHORT-PREFIX-20260923-priority-selected-v1,59b70217b3081ced610b38538606e94fd7e1d1b33cd56b152ca98eace465118b,4084,0,0,4084,8167.999970539213,not_applicable,not_applicable,not_applicable,0,0,0,0,0,0,0,0,0,"derived from frozen fixed-mode PHY, not decoded TX truth",actual online waveform measurement
P4084_N4084_seed2026092404,n04346328/ILSVRC2012_val_00003305_n04346328,8ba9271b2cefde59a78ee52bbe2eaadb785be47197c8db08e4e237aa6f610e0a,1,2002,SHORT-PREFIX-20260923-priority-selected-v1,59b70217b3081ced610b38538606e94fd7e1d1b33cd56b152ca98eace465118b,4084,0,0,4084,8167.999970539213,not_applicable,not_applicable,not_applicable,0,0,0,0,0,0,0,0,0,"derived from frozen fixed-mode PHY, not decoded TX truth",actual online waveform measurement
P4084_N4084_seed2026092404,n04346328/ILSVRC2012_val_00003305_n04346328,8ba9271b2cefde59a78ee52bbe2eaadb785be47197c8db08e4e237aa6f610e0a,1,2003,SHORT-PREFIX-20260923-priority-selected-v1,59b70217b3081ced610b38538606e94fd7e1d1b33cd56b152ca98eace465118b,4084,0,0,4084,8167.999970539213,not_applicable,not_applicable,not_applicable,0,0,0,0,0,0,0,0,0,"derived from frozen fixed-mode PHY, not decoded TX truth",actual online waveform measurement
P4084_N4084_seed2026092404,n04346328/ILSVRC2012_val_00003305_n04346328,8ba9271b2cefde59a78ee52bbe2eaadb785be47197c8db08e4e237aa6f610e0a,4,2001,SHORT-PREFIX-20260923-priority-selected-v1,59b70217b3081ced610b38538606e94fd7e1d1b33cd56b152ca98eace465118b,4084,0,0,4084,8167.999970539213,not_applicable,not_applicable,not_applicable,0,0,0,0,0,0,0,0,0,"derived from frozen fixed-mode PHY, not decoded TX truth",actual online waveform measurement
P4084_N4084_seed2026092404,n04346328/ILSVRC2012_val_00003305_n04346328,8ba9271b2cefde59a78ee52bbe2eaadb785be47197c8db08e4e237aa6f610e0a,4,2002,SHORT-PREFIX-20260923-priority-selected-v1,59b70217b3081ced610b38538606e94fd7e1d1b33cd56b152ca98eace465118b,4084,0,0,4084,8167.999970539213,not_applicable,not_applicable,not_applicable,0,0,0,0,0,0,0,0,0,"derived from frozen fixed-mode PHY, not decoded TX truth",actual online waveform measurement
P4084_N4084_seed2026092404,n04346328/ILSVRC2012_val_00003305_n04346328,8ba9271b2cefde59a78ee52bbe2eaadb785be47197c8db08e4e237aa6f610e0a,4,2003,SHORT-PREFIX-20260923-priority-selected-v1,59b70217b3081ced610b38538606e94fd7e1d1b33cd56b152ca98eace465118b,4084,0,0,4084,8167.999970539213,not_applicable,not_applicable,not_applicable,0,0,0,0,0,0,0,0,0,"derived from frozen fixed-mode PHY, not decoded TX truth",actual online waveform measurement
P4084_N4084_seed2026092404,n04346328/ILSVRC2012_val_00003305_n04346328,8ba9271b2cefde59a78ee52bbe2eaadb785be47197c8db08e4e237aa6f610e0a,7,2001,SHORT-PREFIX-20260923-priority-selected-v1,59b70217b3081ced610b38538606e94fd7e1d1b33cd56b152ca98eace465118b,4084,0,0,4084,8167.999970539213,not_applicable,not_applicable,not_applicable,0,0,0,0,0,0,0,0,0,"derived from frozen fixed-mode PHY, not decoded TX truth",actual online waveform measurement
P4084_N4084_seed2026092404,n04346328/ILSVRC2012_val_00003305_n04346328,8ba9271b2cefde59a78ee52bbe2eaadb785be47197c8db08e4e237aa6f610e0a,7,2002,SHORT-PREFIX-20260923-priority-selected-v1,59b70217b3081ced610b38538606e94fd7e1d1b33cd56b152ca98eace465118b,4084,0,0,4084,8167.999970539213,not_applicable,not_applicable,not_applicable,0,0,0,0,0,0,0,0,0,"derived from frozen fixed-mode PHY, not decoded TX truth",actual online waveform measurement
P4084_N4084_seed2026092404,n04346328/ILSVRC2012_val_00003305_n04346328,8ba9271b2cefde59a78ee52bbe2eaadb785be47197c8db08e4e237aa6f610e0a,7,2003,SHORT-PREFIX-20260923-priority-selected-v1,59b70217b3081ced610b38538606e94fd7e1d1b33cd56b152ca98eace465118b,4084,0,0,4084,8167.999970539213,not_applicable,not_applicable,not_applicable,0,0,0,0,0,0,0,0,0,"derived from frozen fixed-mode PHY, not decoded TX truth",actual online waveform measurement
P4084_N4084_seed2026092404,n04346328/ILSVRC2012_val_00003305_n04346328,8ba9271b2cefde59a78ee52bbe2eaadb785be47197c8db08e4e237aa6f610e0a,13,2001,SHORT-PREFIX-20260923-priority-selected-v1,59b70217b3081ced610b38538606e94fd7e1d1b33cd56b152ca98eace465118b,4084,0,0,4084,8167.999970539213,not_applicable,not_applicable,not_applicable,0,0,0,0,0,0,0,0,0,"derived from frozen fixed-mode PHY, not decoded TX truth",actual online waveform measurement
P4084_N4084_seed2026092404,n04346328/ILSVRC2012_val_00003305_n04346328,8ba9271b2cefde59a78ee52bbe2eaadb785be47197c8db08e4e237aa6f610e0a,13,2002,SHORT-PREFIX-20260923-priority-selected-v1,59b70217b3081ced610b38538606e94fd7e1d1b33cd56b152ca98eace465118b,4084,0,0,4084,8167.999970539213,not_applicable,not_applicable,not_applicable,0,0,0,0,0,0,0,0,0,"derived from frozen fixed-mode PHY, not decoded TX truth",actual online waveform measurement
P4084_N4084_seed2026092404,n04346328/ILSVRC2012_val_00003305_n04346328,8ba9271b2cefde59a78ee52bbe2eaadb785be47197c8db08e4e237aa6f610e0a,13,2003,SHORT-PREFIX-20260923-priority-selected-v1,59b70217b3081ced610b38538606e94fd7e1d1b33cd56b152ca98eace465118b,4084,0,0,4084,8167.999970539213,not_applicable,not_applicable,not_applicable,0,0,0,0,0,0,0,0,0,"derived from frozen fixed-mode PHY, not decoded TX truth",actual online waveform measurement
P4084_N4084_seed2026092404,n04346328/ILSVRC2012_val_00003305_n04346328,8ba9271b2cefde59a78ee52bbe2eaadb785be47197c8db08e4e237aa6f610e0a,19,2001,SHORT-PREFIX-20260923-priority-selected-v1,59b70217b3081ced610b38538606e94fd7e1d1b33cd56b152ca98eace465118b,4084,0,0,4084,8167.999970539213,not_applicable,not_applicable,not_applicable,0,0,0,0,0,0,0,0,0,"derived from frozen fixed-mode PHY, not decoded TX truth",actual online waveform measurement
P4084_N4084_seed2026092404,n04346328/ILSVRC2012_val_00003305_n04346328,8ba9271b2cefde59a78ee52bbe2eaadb785be47197c8db08e4e237aa6f610e0a,19,2002,SHORT-PREFIX-20260923-priority-selected-v1,59b70217b3081ced610b38538606e94fd7e1d1b33cd56b152ca98eace465118b,4084,0,0,4084,8167.999970539213,not_applicable,not_applicable,not_applicable,0,0,0,0,0,0,0,0,0,"derived from frozen fixed-mode PHY, not decoded TX truth",actual online waveform measurement
P4084_N4084_seed2026092404,n04346328/ILSVRC2012_val_00003305_n04346328,8ba9271b2cefde59a78ee52bbe2eaadb785be47197c8db08e4e237aa6f610e0a,19,2003,SHORT-PREFIX-20260923-priority-selected-v1,59b70217b3081ced610b38538606e94fd7e1d1b33cd56b152ca98eace465118b,4084,0,0,4084,8167.999970539213,not_applicable,not_applicable,not_applicable,0,0,0,0,0,0,0,0,0,"derived from frozen fixed-mode PHY, not decoded TX truth",actual online waveform measurement
P4084_N4084_seed2026092404,n04357314/ILSVRC2012_val_00009430_n04357314,f348b9659d2f9737c634e1c8e04d69326eab1e1ff6e293bb58c5b2ba85e0022e,1,2001,SHORT-PREFIX-20260923-priority-selected-v1,59b70217b3081ced610b38538606e94fd7e1d1b33cd56b152ca98eace465118b,4084,0,0,4084,8168.00046155302,not_applicable,not_applicable,not_applicable,0,0,0,0,0,0,0,0,0,"derived from frozen fixed-mode PHY, not decoded TX truth",actual online waveform measurement
P4084_N4084_seed2026092404,n04357314/ILSVRC2012_val_00009430_n04357314,f348b9659d2f9737c634e1c8e04d69326eab1e1ff6e293bb58c5b2ba85e0022e,1,2002,SHORT-PREFIX-20260923-priority-selected-v1,59b70217b3081ced610b38538606e94fd7e1d1b33cd56b152ca98eace465118b,4084,0,0,4084,8168.00046155302,not_applicable,not_applicable,not_applicable,0,0,0,0,0,0,0,0,0,"derived from frozen fixed-mode PHY, not decoded TX truth",actual online waveform measurement
P4084_N4084_seed2026092404,n04357314/ILSVRC2012_val_00009430_n04357314,f348b9659d2f9737c634e1c8e04d69326eab1e1ff6e293bb58c5b2ba85e0022e,1,2003,SHORT-PREFIX-20260923-priority-selected-v1,59b70217b3081ced610b38538606e94fd7e1d1b33cd56b152ca98eace465118b,4084,0,0,4084,8168.00046155302,not_applicable,not_applicable,not_applicable,0,0,0,0,0,0,0,0,0,"derived from frozen fixed-mode PHY, not decoded TX truth",actual online waveform measurement
P4084_N4084_seed2026092404,n04357314/ILSVRC2012_val_00009430_n04357314,f348b9659d2f9737c634e1c8e04d69326eab1e1ff6e293bb58c5b2ba85e0022e,4,2001,SHORT-PREFIX-20260923-priority-selected-v1,59b70217b3081ced610b38538606e94fd7e1d1b33cd56b152ca98eace465118b,4084,0,0,4084,8168.00046155302,not_applicable,not_applicable,not_applicable,0,0,0,0,0,0,0,0,0,"derived from frozen fixed-mode PHY, not decoded TX truth",actual online waveform measurement
P4084_N4084_seed2026092404,n04357314/ILSVRC2012_val_00009430_n04357314,f348b9659d2f9737c634e1c8e04d69326eab1e1ff6e293bb58c5b2ba85e0022e,4,2002,SHORT-PREFIX-20260923-priority-selected-v1,59b70217b3081ced610b38538606e94fd7e1d1b33cd56b152ca98eace465118b,4084,0,0,4084,8168.00046155302,not_applicable,not_applicable,not_applicable,0,0,0,0,0,0,0,0,0,"derived from frozen fixed-mode PHY, not decoded TX truth",actual online waveform measurement
P4084_N4084_seed2026092404,n04357314/ILSVRC2012_val_00009430_n04357314,f348b9659d2f9737c634e1c8e04d69326eab1e1ff6e293bb58c5b2ba85e0022e,4,2003,SHORT-PREFIX-20260923-priority-selected-v1,59b70217b3081ced610b38538606e94fd7e1d1b33cd56b152ca98eace465118b,4084,0,0,4084,8168.00046155302,not_applicable,not_applicable,not_applicable,0,0,0,0,0,0,0,0,0,"derived from frozen fixed-mode PHY, not decoded TX truth",actual online waveform measurement
P4084_N4084_seed2026092404,n04357314/ILSVRC2012_val_00009430_n04357314,f348b9659d2f9737c634e1c8e04d69326eab1e1ff6e293bb58c5b2ba85e0022e,7,2001,SHORT-PREFIX-20260923-priority-selected-v1,59b70217b3081ced610b38538606e94fd7e1d1b33cd56b152ca98eace465118b,4084,0,0,4084,8168.00046155302,not_applicable,not_applicable,not_applicable,0,0,0,0,0,0,0,0,0,"derived from frozen fixed-mode PHY, not decoded TX truth",actual online waveform measurement
P4084_N4084_seed2026092404,n04357314/ILSVRC2012_val_00009430_n04357314,f348b9659d2f9737c634e1c8e04d69326eab1e1ff6e293bb58c5b2ba85e0022e,7,2002,SHORT-PREFIX-20260923-priority-selected-v1,59b70217b3081ced610b38538606e94fd7e1d1b33cd56b152ca98eace465118b,4084,0,0,4084,8168.00046155302,not_applicable,not_applicable,not_applicable,0,0,0,0,0,0,0,0,0,"derived from frozen fixed-mode PHY, not decoded TX truth",actual online waveform measurement
P4084_N4084_seed2026092404,n04357314/ILSVRC2012_val_00009430_n04357314,f348b9659d2f9737c634e1c8e04d69326eab1e1ff6e293bb58c5b2ba85e0022e,7,2003,SHORT-PREFIX-20260923-priority-selected-v1,59b70217b3081ced610b38538606e94fd7e1d1b33cd56b152ca98eace465118b,4084,0,0,4084,8168.00046155302,not_applicable,not_applicable,not_applicable,0,0,0,0,0,0,0,0,0,"derived from frozen fixed-mode PHY, not decoded TX truth",actual online waveform measurement
P4084_N4084_seed2026092404,n04357314/ILSVRC2012_val_00009430_n04357314,f348b9659d2f9737c634e1c8e04d69326eab1e1ff6e293bb58c5b2ba85e0022e,13,2001,SHORT-PREFIX-20260923-priority-selected-v1,59b70217b3081ced610b38538606e94fd7e1d1b33cd56b152ca98eace465118b,4084,0,0,4084,8168.00046155302,not_applicable,not_applicable,not_applicable,0,0,0,0,0,0,0,0,0,"derived from frozen fixed-mode PHY, not decoded TX truth",actual online waveform measurement
P4084_N4084_seed2026092404,n04357314/ILSVRC2012_val_00009430_n04357314,f348b9659d2f9737c634e1c8e04d69326eab1e1ff6e293bb58c5b2ba85e0022e,13,2002,SHORT-PREFIX-20260923-priority-selected-v1,59b70217b3081ced610b38538606e94fd7e1d1b33cd56b152ca98eace465118b,4084,0,0,4084,8168.00046155302,not_applicable,not_applicable,not_applicable,0,0,0,0,0,0,0,0,0,"derived from frozen fixed-mode PHY, not decoded TX truth",actual online waveform measurement
P4084_N4084_seed2026092404,n04357314/ILSVRC2012_val_00009430_n04357314,f348b9659d2f9737c634e1c8e04d69326eab1e1ff6e293bb58c5b2ba85e0022e,13,2003,SHORT-PREFIX-20260923-priority-selected-v1,59b70217b3081ced610b38538606e94fd7e1d1b33cd56b152ca98eace465118b,4084,0,0,4084,8168.00046155302,not_applicable,not_applicable,not_applicable,0,0,0,0,0,0,0,0,0,"derived from frozen fixed-mode PHY, not decoded TX truth",actual online waveform measurement
P4084_N4084_seed2026092404,n04357314/ILSVRC2012_val_00009430_n04357314,f348b9659d2f9737c634e1c8e04d69326eab1e1ff6e293bb58c5b2ba85e0022e,19,2001,SHORT-PREFIX-20260923-priority-selected-v1,59b70217b3081ced610b38538606e94fd7e1d1b33cd56b152ca98eace465118b,4084,0,0,4084,8168.00046155302,not_applicable,not_applicable,not_applicable,0,0,0,0,0,0,0,0,0,"derived from frozen fixed-mode PHY, not decoded TX truth",actual online waveform measurement
P4084_N4084_seed2026092404,n04357314/ILSVRC2012_val_00009430_n04357314,f348b9659d2f9737c634e1c8e04d69326eab1e1ff6e293bb58c5b2ba85e0022e,19,2002,SHORT-PREFIX-20260923-priority-selected-v1,59b70217b3081ced610b38538606e94fd7e1d1b33cd56b152ca98eace465118b,4084,0,0,4084,8168.00046155302,not_applicable,not_applicable,not_applicable,0,0,0,0,0,0,0,0,0,"derived from frozen fixed-mode PHY, not decoded TX truth",actual online waveform measurement
P4084_N4084_seed2026092404,n04357314/ILSVRC2012_val_00009430_n04357314,f348b9659d2f9737c634e1c8e04d69326eab1e1ff6e293bb58c5b2ba85e0022e,19,2003,SHORT-PREFIX-20260923-priority-selected-v1,59b70217b3081ced610b38538606e94fd7e1d1b33cd56b152ca98eace465118b,4084,0,0,4084,8168.00046155302,not_applicable,not_applicable,not_applicable,0,0,0,0,0,0,0,0,0,"derived from frozen fixed-mode PHY, not decoded TX truth",actual online waveform measurement
P4084_N4084_seed2026092404,n04371774/ILSVRC2012_val_00030870_n04371774,49b1816119ba26ff673b81c34491bc4eeb544234d35b2c25b2c8a1803180c5b8,1,2001,SHORT-PREFIX-20260923-priority-selected-v1,59b70217b3081ced610b38538606e94fd7e1d1b33cd56b152ca98eace465118b,4084,0,0,4084,8168.001194538912,not_applicable,not_applicable,not_applicable,0,0,0,0,0,0,0,0,0,"derived from frozen fixed-mode PHY, not decoded TX truth",actual online waveform measurement
P4084_N4084_seed2026092404,n04371774/ILSVRC2012_val_00030870_n04371774,49b1816119ba26ff673b81c34491bc4eeb544234d35b2c25b2c8a1803180c5b8,1,2002,SHORT-PREFIX-20260923-priority-selected-v1,59b70217b3081ced610b38538606e94fd7e1d1b33cd56b152ca98eace465118b,4084,0,0,4084,8168.001194538912,not_applicable,not_applicable,not_applicable,0,0,0,0,0,0,0,0,0,"derived from frozen fixed-mode PHY, not decoded TX truth",actual online waveform measurement
P4084_N4084_seed2026092404,n04371774/ILSVRC2012_val_00030870_n04371774,49b1816119ba26ff673b81c34491bc4eeb544234d35b2c25b2c8a1803180c5b8,1,2003,SHORT-PREFIX-20260923-priority-selected-v1,59b70217b3081ced610b38538606e94fd7e1d1b33cd56b152ca98eace465118b,4084,0,0,4084,8168.001194538912,not_applicable,not_applicable,not_applicable,0,0,0,0,0,0,0,0,0,"derived from frozen fixed-mode PHY, not decoded TX truth",actual online waveform measurement
P4084_N4084_seed2026092404,n04371774/ILSVRC2012_val_00030870_n04371774,49b1816119ba26ff673b81c34491bc4eeb544234d35b2c25b2c8a1803180c5b8,4,2001,SHORT-PREFIX-20260923-priority-selected-v1,59b70217b3081ced610b38538606e94fd7e1d1b33cd56b152ca98eace465118b,4084,0,0,4084,8168.001194538912,not_applicable,not_applicable,not_applicable,0,0,0,0,0,0,0,0,0,"derived from frozen fixed-mode PHY, not decoded TX truth",actual online waveform measurement
P4084_N4084_seed2026092404,n04371774/ILSVRC2012_val_00030870_n04371774,49b1816119ba26ff673b81c34491bc4eeb544234d35b2c25b2c8a1803180c5b8,4,2002,SHORT-PREFIX-20260923-priority-selected-v1,59b70217b3081ced610b38538606e94fd7e1d1b33cd56b152ca98eace465118b,4084,0,0,4084,8168.001194538912,not_applicable,not_applicable,not_applicable,0,0,0,0,0,0,0,0,0,"derived from frozen fixed-mode PHY, not decoded TX truth",actual online waveform measurement
P4084_N4084_seed2026092404,n04371774/ILSVRC2012_val_00030870_n04371774,49b1816119ba26ff673b81c34491bc4eeb544234d35b2c25b2c8a1803180c5b8,4,2003,SHORT-PREFIX-20260923-priority-selected-v1,59b70217b3081ced610b38538606e94fd7e1d1b33cd56b152ca98eace465118b,4084,0,0,4084,8168.001194538912,not_applicable,not_applicable,not_applicable,0,0,0,0,0,0,0,0,0,"derived from frozen fixed-mode PHY, not decoded TX truth",actual online waveform measurement
P4084_N4084_seed2026092404,n04371774/ILSVRC2012_val_00030870_n04371774,49b1816119ba26ff673b81c34491bc4eeb544234d35b2c25b2c8a1803180c5b8,7,2001,SHORT-PREFIX-20260923-priority-selected-v1,59b70217b3081ced610b38538606e94fd7e1d1b33cd56b152ca98eace465118b,4084,0,0,4084,8168.001194538912,not_applicable,not_applicable,not_applicable,0,0,0,0,0,0,0,0,0,"derived from frozen fixed-mode PHY, not decoded TX truth",actual online waveform measurement
P4084_N4084_seed2026092404,n04371774/ILSVRC2012_val_00030870_n04371774,49b1816119ba26ff673b81c34491bc4eeb544234d35b2c25b2c8a1803180c5b8,7,2002,SHORT-PREFIX-20260923-priority-selected-v1,59b70217b3081ced610b38538606e94fd7e1d1b33cd56b152ca98eace465118b,4084,0,0,4084,8168.001194538912,not_applicable,not_applicable,not_applicable,0,0,0,0,0,0,0,0,0,"derived from frozen fixed-mode PHY, not decoded TX truth",actual online waveform measurement
P4084_N4084_seed2026092404,n04371774/ILSVRC2012_val_00030870_n04371774,49b1816119ba26ff673b81c34491bc4eeb544234d35b2c25b2c8a1803180c5b8,7,2003,SHORT-PREFIX-20260923-priority-selected-v1,59b70217b3081ced610b38538606e94fd7e1d1b33cd56b152ca98eace465118b,4084,0,0,4084,8168.001194538912,not_applicable,not_applicable,not_applicable,0,0,0,0,0,0,0,0,0,"derived from frozen fixed-mode PHY, not decoded TX truth",actual online waveform measurement
P4084_N4084_seed2026092404,n04371774/ILSVRC2012_val_00030870_n04371774,49b1816119ba26ff673b81c34491bc4eeb544234d35b2c25b2c8a1803180c5b8,13,2001,SHORT-PREFIX-20260923-priority-selected-v1,59b70217b3081ced610b38538606e94fd7e1d1b33cd56b152ca98eace465118b,4084,0,0,4084,8168.001194538912,not_applicable,not_applicable,not_applicable,0,0,0,0,0,0,0,0,0,"derived from frozen fixed-mode PHY, not decoded TX truth",actual online waveform measurement
P4084_N4084_seed2026092404,n04371774/ILSVRC2012_val_00030870_n04371774,49b1816119ba26ff673b81c34491bc4eeb544234d35b2c25b2c8a1803180c5b8,13,2002,SHORT-PREFIX-20260923-priority-selected-v1,59b70217b3081ced610b38538606e94fd7e1d1b33cd56b152ca98eace465118b,4084,0,0,4084,8168.001194538912,not_applicable,not_applicable,not_applicable,0,0,0,0,0,0,0,0,0,"derived from frozen fixed-mode PHY, not decoded TX truth",actual online waveform measurement
P4084_N4084_seed2026092404,n04371774/ILSVRC2012_val_00030870_n04371774,49b1816119ba26ff673b81c34491bc4eeb544234d35b2c25b2c8a1803180c5b8,13,2003,SHORT-PREFIX-20260923-priority-selected-v1,59b70217b3081ced610b38538606e94fd7e1d1b33cd56b152ca98eace465118b,4084,0,0,4084,8168.001194538912,not_applicable,not_applicable,not_applicable,0,0,0,0,0,0,0,0,0,"derived from frozen fixed-mode PHY, not decoded TX truth",actual online waveform measurement
P4084_N4084_seed2026092404,n04371774/ILSVRC2012_val_00030870_n04371774,49b1816119ba26ff673b81c34491bc4eeb544234d35b2c25b2c8a1803180c5b8,19,2001,SHORT-PREFIX-20260923-priority-selected-v1,59b70217b3081ced610b38538606e94fd7e1d1b33cd56b152ca98eace465118b,4084,0,0,4084,8168.001194538912,not_applicable,not_applicable,not_applicable,0,0,0,0,0,0,0,0,0,"derived from frozen fixed-mode PHY, not decoded TX truth",actual online waveform measurement
P4084_N4084_seed2026092404,n04371774/ILSVRC2012_val_00030870_n04371774,49b1816119ba26ff673b81c34491bc4eeb544234d35b2c25b2c8a1803180c5b8,19,2002,SHORT-PREFIX-20260923-priority-selected-v1,59b70217b3081ced610b38538606e94fd7e1d1b33cd56b152ca98eace465118b,4084,0,0,4084,8168.001194538912,not_applicable,not_applicable,not_applicable,0,0,0,0,0,0,0,0,0,"derived from frozen fixed-mode PHY, not decoded TX truth",actual online waveform measurement
P4084_N4084_seed2026092404,n04371774/ILSVRC2012_val_00030870_n04371774,49b1816119ba26ff673b81c34491bc4eeb544234d35b2c25b2c8a1803180c5b8,19,2003,SHORT-PREFIX-20260923-priority-selected-v1,59b70217b3081ced610b38538606e94fd7e1d1b33cd56b152ca98eace465118b,4084,0,0,4084,8168.001194538912,not_applicable,not_applicable,not_applicable,0,0,0,0,0,0,0,0,0,"derived from frozen fixed-mode PHY, not decoded TX truth",actual online waveform measurement
P4084_N4084_seed2026092404,n04392985/ILSVRC2012_val_00029362_n04392985,cfcb8324932845752a4e5dcfb047ba397dc9f277981229461b08d4a261c7204b,1,2001,SHORT-PREFIX-20260923-priority-selected-v1,59b70217b3081ced610b38538606e94fd7e1d1b33cd56b152ca98eace465118b,4084,0,0,4084,8167.999250868745,not_applicable,not_applicable,not_applicable,0,0,0,0,0,0,0,0,0,"derived from frozen fixed-mode PHY, not decoded TX truth",actual online waveform measurement
P4084_N4084_seed2026092404,n04392985/ILSVRC2012_val_00029362_n04392985,cfcb8324932845752a4e5dcfb047ba397dc9f277981229461b08d4a261c7204b,1,2002,SHORT-PREFIX-20260923-priority-selected-v1,59b70217b3081ced610b38538606e94fd7e1d1b33cd56b152ca98eace465118b,4084,0,0,4084,8167.999250868745,not_applicable,not_applicable,not_applicable,0,0,0,0,0,0,0,0,0,"derived from frozen fixed-mode PHY, not decoded TX truth",actual online waveform measurement
P4084_N4084_seed2026092404,n04392985/ILSVRC2012_val_00029362_n04392985,cfcb8324932845752a4e5dcfb047ba397dc9f277981229461b08d4a261c7204b,1,2003,SHORT-PREFIX-20260923-priority-selected-v1,59b70217b3081ced610b38538606e94fd7e1d1b33cd56b152ca98eace465118b,4084,0,0,4084,8167.999250868745,not_applicable,not_applicable,not_applicable,0,0,0,0,0,0,0,0,0,"derived from frozen fixed-mode PHY, not decoded TX truth",actual online waveform measurement
P4084_N4084_seed2026092404,n04392985/ILSVRC2012_val_00029362_n04392985,cfcb8324932845752a4e5dcfb047ba397dc9f277981229461b08d4a261c7204b,4,2001,SHORT-PREFIX-20260923-priority-selected-v1,59b70217b3081ced610b38538606e94fd7e1d1b33cd56b152ca98eace465118b,4084,0,0,4084,8167.999250868745,not_applicable,not_applicable,not_applicable,0,0,0,0,0,0,0,0,0,"derived from frozen fixed-mode PHY, not decoded TX truth",actual online waveform measurement
P4084_N4084_seed2026092404,n04392985/ILSVRC2012_val_00029362_n04392985,cfcb8324932845752a4e5dcfb047ba397dc9f277981229461b08d4a261c7204b,4,2002,SHORT-PREFIX-20260923-priority-selected-v1,59b70217b3081ced610b38538606e94fd7e1d1b33cd56b152ca98eace465118b,4084,0,0,4084,8167.999250868745,not_applicable,not_applicable,not_applicable,0,0,0,0,0,0,0,0,0,"derived from frozen fixed-mode PHY, not decoded TX truth",actual online waveform measurement
P4084_N4084_seed2026092404,n04392985/ILSVRC2012_val_00029362_n04392985,cfcb8324932845752a4e5dcfb047ba397dc9f277981229461b08d4a261c7204b,4,2003,SHORT-PREFIX-20260923-priority-selected-v1,59b70217b3081ced610b38538606e94fd7e1d1b33cd56b152ca98eace465118b,4084,0,0,4084,8167.999250868745,not_applicable,not_applicable,not_applicable,0,0,0,0,0,0,0,0,0,"derived from frozen fixed-mode PHY, not decoded TX truth",actual online waveform measurement
P4084_N4084_seed2026092404,n04392985/ILSVRC2012_val_00029362_n04392985,cfcb8324932845752a4e5dcfb047ba397dc9f277981229461b08d4a261c7204b,7,2001,SHORT-PREFIX-20260923-priority-selected-v1,59b70217b3081ced610b38538606e94fd7e1d1b33cd56b152ca98eace465118b,4084,0,0,4084,8167.999250868745,not_applicable,not_applicable,not_applicable,0,0,0,0,0,0,0,0,0,"derived from frozen fixed-mode PHY, not decoded TX truth",actual online waveform measurement
P4084_N4084_seed2026092404,n04392985/ILSVRC2012_val_00029362_n04392985,cfcb8324932845752a4e5dcfb047ba397dc9f277981229461b08d4a261c7204b,7,2002,SHORT-PREFIX-20260923-priority-selected-v1,59b70217b3081ced610b38538606e94fd7e1d1b33cd56b152ca98eace465118b,4084,0,0,4084,8167.999250868745,not_applicable,not_applicable,not_applicable,0,0,0,0,0,0,0,0,0,"derived from frozen fixed-mode PHY, not decoded TX truth",actual online waveform measurement
P4084_N4084_seed2026092404,n04392985/ILSVRC2012_val_00029362_n04392985,cfcb8324932845752a4e5dcfb047ba397dc9f277981229461b08d4a261c7204b,7,2003,SHORT-PREFIX-20260923-priority-selected-v1,59b70217b3081ced610b38538606e94fd7e1d1b33cd56b152ca98eace465118b,4084,0,0,4084,8167.999250868745,not_applicable,not_applicable,not_applicable,0,0,0,0,0,0,0,0,0,"derived from frozen fixed-mode PHY, not decoded TX truth",actual online waveform measurement
P4084_N4084_seed2026092404,n04392985/ILSVRC2012_val_00029362_n04392985,cfcb8324932845752a4e5dcfb047ba397dc9f277981229461b08d4a261c7204b,13,2001,SHORT-PREFIX-20260923-priority-selected-v1,59b70217b3081ced610b38538606e94fd7e1d1b33cd56b152ca98eace465118b,4084,0,0,4084,8167.999250868745,not_applicable,not_applicable,not_applicable,0,0,0,0,0,0,0,0,0,"derived from frozen fixed-mode PHY, not decoded TX truth",actual online waveform measurement
P4084_N4084_seed2026092404,n04392985/ILSVRC2012_val_00029362_n04392985,cfcb8324932845752a4e5dcfb047ba397dc9f277981229461b08d4a261c7204b,13,2002,SHORT-PREFIX-20260923-priority-selected-v1,59b70217b3081ced610b38538606e94fd7e1d1b33cd56b152ca98eace465118b,4084,0,0,4084,8167.999250868745,not_applicable,not_applicable,not_applicable,0,0,0,0,0,0,0,0,0,"derived from frozen fixed-mode PHY, not decoded TX truth",actual online waveform measurement
P4084_N4084_seed2026092404,n04392985/ILSVRC2012_val_00029362_n04392985,cfcb8324932845752a4e5dcfb047ba397dc9f277981229461b08d4a261c7204b,13,2003,SHORT-PREFIX-20260923-priority-selected-v1,59b70217b3081ced610b38538606e94fd7e1d1b33cd56b152ca98eace465118b,4084,0,0,4084,8167.999250868745,not_applicable,not_applicable,not_applicable,0,0,0,0,0,0,0,0,0,"derived from frozen fixed-mode PHY, not decoded TX truth",actual online waveform measurement
P4084_N4084_seed2026092404,n04392985/ILSVRC2012_val_00029362_n04392985,cfcb8324932845752a4e5dcfb047ba397dc9f277981229461b08d4a261c7204b,19,2001,SHORT-PREFIX-20260923-priority-selected-v1,59b70217b3081ced610b38538606e94fd7e1d1b33cd56b152ca98eace465118b,4084,0,0,4084,8167.999250868745,not_applicable,not_applicable,not_applicable,0,0,0,0,0,0,0,0,0,"derived from frozen fixed-mode PHY, not decoded TX truth",actual online waveform measurement
P4084_N4084_seed2026092404,n04392985/ILSVRC2012_val_00029362_n04392985,cfcb8324932845752a4e5dcfb047ba397dc9f277981229461b08d4a261c7204b,19,2002,SHORT-PREFIX-20260923-priority-selected-v1,59b70217b3081ced610b38538606e94fd7e1d1b33cd56b152ca98eace465118b,4084,0,0,4084,8167.999250868745,not_applicable,not_applicable,not_applicable,0,0,0,0,0,0,0,0,0,"derived from frozen fixed-mode PHY, not decoded TX truth",actual online waveform measurement
P4084_N4084_seed2026092404,n04392985/ILSVRC2012_val_00029362_n04392985,cfcb8324932845752a4e5dcfb047ba397dc9f277981229461b08d4a261c7204b,19,2003,SHORT-PREFIX-20260923-priority-selected-v1,59b70217b3081ced610b38538606e94fd7e1d1b33cd56b152ca98eace465118b,4084,0,0,4084,8167.999250868745,not_applicable,not_applicable,not_applicable,0,0,0,0,0,0,0,0,0,"derived from frozen fixed-mode PHY, not decoded TX truth",actual online waveform measurement
P4084_N4084_seed2026092404,n04456115/ILSVRC2012_val_00002331_n04456115,f6cd31c9feb497a4b3658818a4d832bbd47d6f5d7030c2abbca99f8b8c55c97e,1,2001,SHORT-PREFIX-20260923-priority-selected-v1,59b70217b3081ced610b38538606e94fd7e1d1b33cd56b152ca98eace465118b,4084,0,0,4084,8167.999939087278,not_applicable,not_applicable,not_applicable,0,0,0,0,0,0,0,0,0,"derived from frozen fixed-mode PHY, not decoded TX truth",actual online waveform measurement
P4084_N4084_seed2026092404,n04456115/ILSVRC2012_val_00002331_n04456115,f6cd31c9feb497a4b3658818a4d832bbd47d6f5d7030c2abbca99f8b8c55c97e,1,2002,SHORT-PREFIX-20260923-priority-selected-v1,59b70217b3081ced610b38538606e94fd7e1d1b33cd56b152ca98eace465118b,4084,0,0,4084,8167.999939087278,not_applicable,not_applicable,not_applicable,0,0,0,0,0,0,0,0,0,"derived from frozen fixed-mode PHY, not decoded TX truth",actual online waveform measurement
P4084_N4084_seed2026092404,n04456115/ILSVRC2012_val_00002331_n04456115,f6cd31c9feb497a4b3658818a4d832bbd47d6f5d7030c2abbca99f8b8c55c97e,1,2003,SHORT-PREFIX-20260923-priority-selected-v1,59b70217b3081ced610b38538606e94fd7e1d1b33cd56b152ca98eace465118b,4084,0,0,4084,8167.999939087278,not_applicable,not_applicable,not_applicable,0,0,0,0,0,0,0,0,0,"derived from frozen fixed-mode PHY, not decoded TX truth",actual online waveform measurement
P4084_N4084_seed2026092404,n04456115/ILSVRC2012_val_00002331_n04456115,f6cd31c9feb497a4b3658818a4d832bbd47d6f5d7030c2abbca99f8b8c55c97e,4,2001,SHORT-PREFIX-20260923-priority-selected-v1,59b70217b3081ced610b38538606e94fd7e1d1b33cd56b152ca98eace465118b,4084,0,0,4084,8167.999939087278,not_applicable,not_applicable,not_applicable,0,0,0,0,0,0,0,0,0,"derived from frozen fixed-mode PHY, not decoded TX truth",actual online waveform measurement
P4084_N4084_seed2026092404,n04456115/ILSVRC2012_val_00002331_n04456115,f6cd31c9feb497a4b3658818a4d832bbd47d6f5d7030c2abbca99f8b8c55c97e,4,2002,SHORT-PREFIX-20260923-priority-selected-v1,59b70217b3081ced610b38538606e94fd7e1d1b33cd56b152ca98eace465118b,4084,0,0,4084,8167.999939087278,not_applicable,not_applicable,not_applicable,0,0,0,0,0,0,0,0,0,"derived from frozen fixed-mode PHY, not decoded TX truth",actual online waveform measurement
P4084_N4084_seed2026092404,n04456115/ILSVRC2012_val_00002331_n04456115,f6cd31c9feb497a4b3658818a4d832bbd47d6f5d7030c2abbca99f8b8c55c97e,4,2003,SHORT-PREFIX-20260923-priority-selected-v1,59b70217b3081ced610b38538606e94fd7e1d1b33cd56b152ca98eace465118b,4084,0,0,4084,8167.999939087278,not_applicable,not_applicable,not_applicable,0,0,0,0,0,0,0,0,0,"derived from frozen fixed-mode PHY, not decoded TX truth",actual online waveform measurement
P4084_N4084_seed2026092404,n04456115/ILSVRC2012_val_00002331_n04456115,f6cd31c9feb497a4b3658818a4d832bbd47d6f5d7030c2abbca99f8b8c55c97e,7,2001,SHORT-PREFIX-20260923-priority-selected-v1,59b70217b3081ced610b38538606e94fd7e1d1b33cd56b152ca98eace465118b,4084,0,0,4084,8167.999939087278,not_applicable,not_applicable,not_applicable,0,0,0,0,0,0,0,0,0,"derived from frozen fixed-mode PHY, not decoded TX truth",actual online waveform measurement
P4084_N4084_seed2026092404,n04456115/ILSVRC2012_val_00002331_n04456115,f6cd31c9feb497a4b3658818a4d832bbd47d6f5d7030c2abbca99f8b8c55c97e,7,2002,SHORT-PREFIX-20260923-priority-selected-v1,59b70217b3081ced610b38538606e94fd7e1d1b33cd56b152ca98eace465118b,4084,0,0,4084,8167.999939087278,not_applicable,not_applicable,not_applicable,0,0,0,0,0,0,0,0,0,"derived from frozen fixed-mode PHY, not decoded TX truth",actual online waveform measurement
P4084_N4084_seed2026092404,n04456115/ILSVRC2012_val_00002331_n04456115,f6cd31c9feb497a4b3658818a4d832bbd47d6f5d7030c2abbca99f8b8c55c97e,7,2003,SHORT-PREFIX-20260923-priority-selected-v1,59b70217b3081ced610b38538606e94fd7e1d1b33cd56b152ca98eace465118b,4084,0,0,4084,8167.999939087278,not_applicable,not_applicable,not_applicable,0,0,0,0,0,0,0,0,0,"derived from frozen fixed-mode PHY, not decoded TX truth",actual online waveform measurement
P4084_N4084_seed2026092404,n04456115/ILSVRC2012_val_00002331_n04456115,f6cd31c9feb497a4b3658818a4d832bbd47d6f5d7030c2abbca99f8b8c55c97e,13,2001,SHORT-PREFIX-20260923-priority-selected-v1,59b70217b3081ced610b38538606e94fd7e1d1b33cd56b152ca98eace465118b,4084,0,0,4084,8167.999939087278,not_applicable,not_applicable,not_applicable,0,0,0,0,0,0,0,0,0,"derived from frozen fixed-mode PHY, not decoded TX truth",actual online waveform measurement
P4084_N4084_seed2026092404,n04456115/ILSVRC2012_val_00002331_n04456115,f6cd31c9feb497a4b3658818a4d832bbd47d6f5d7030c2abbca99f8b8c55c97e,13,2002,SHORT-PREFIX-20260923-priority-selected-v1,59b70217b3081ced610b38538606e94fd7e1d1b33cd56b152ca98eace465118b,4084,0,0,4084,8167.999939087278,not_applicable,not_applicable,not_applicable,0,0,0,0,0,0,0,0,0,"derived from frozen fixed-mode PHY, not decoded TX truth",actual online waveform measurement
P4084_N4084_seed2026092404,n04456115/ILSVRC2012_val_00002331_n04456115,f6cd31c9feb497a4b3658818a4d832bbd47d6f5d7030c2abbca99f8b8c55c97e,13,2003,SHORT-PREFIX-20260923-priority-selected-v1,59b70217b3081ced610b38538606e94fd7e1d1b33cd56b152ca98eace465118b,4084,0,0,4084,8167.999939087278,not_applicable,not_applicable,not_applicable,0,0,0,0,0,0,0,0,0,"derived from frozen fixed-mode PHY, not decoded TX truth",actual online waveform measurement
P4084_N4084_seed2026092404,n04456115/ILSVRC2012_val_00002331_n04456115,f6cd31c9feb497a4b3658818a4d832bbd47d6f5d7030c2abbca99f8b8c55c97e,19,2001,SHORT-PREFIX-20260923-priority-selected-v1,59b70217b3081ced610b38538606e94fd7e1d1b33cd56b152ca98eace465118b,4084,0,0,4084,8167.999939087278,not_applicable,not_applicable,not_applicable,0,0,0,0,0,0,0,0,0,"derived from frozen fixed-mode PHY, not decoded TX truth",actual online waveform measurement
P4084_N4084_seed2026092404,n04456115/ILSVRC2012_val_00002331_n04456115,f6cd31c9feb497a4b3658818a4d832bbd47d6f5d7030c2abbca99f8b8c55c97e,19,2002,SHORT-PREFIX-20260923-priority-selected-v1,59b70217b3081ced610b38538606e94fd7e1d1b33cd56b152ca98eace465118b,4084,0,0,4084,8167.999939087278,not_applicable,not_applicable,not_applicable,0,0,0,0,0,0,0,0,0,"derived from frozen fixed-mode PHY, not decoded TX truth",actual online waveform measurement
P4084_N4084_seed2026092404,n04456115/ILSVRC2012_val_00002331_n04456115,f6cd31c9feb497a4b3658818a4d832bbd47d6f5d7030c2abbca99f8b8c55c97e,19,2003,SHORT-PREFIX-20260923-priority-selected-v1,59b70217b3081ced610b38538606e94fd7e1d1b33cd56b152ca98eace465118b,4084,0,0,4084,8167.999939087278,not_applicable,not_applicable,not_applicable,0,0,0,0,0,0,0,0,0,"derived from frozen fixed-mode PHY, not decoded TX truth",actual online waveform measurement
P4084_N4084_seed2026092404,n04485082/ILSVRC2012_val_00000955_n04485082,76448a0ae2e3610a8107e3b73ca3eac575cc8d56a2512cd9773ea885b09ef16c,1,2001,SHORT-PREFIX-20260923-priority-selected-v1,59b70217b3081ced610b38538606e94fd7e1d1b33cd56b152ca98eace465118b,4084,0,0,4084,8168.000412875982,not_applicable,not_applicable,not_applicable,0,0,0,0,0,0,0,0,0,"derived from frozen fixed-mode PHY, not decoded TX truth",actual online waveform measurement
P4084_N4084_seed2026092404,n04485082/ILSVRC2012_val_00000955_n04485082,76448a0ae2e3610a8107e3b73ca3eac575cc8d56a2512cd9773ea885b09ef16c,1,2002,SHORT-PREFIX-20260923-priority-selected-v1,59b70217b3081ced610b38538606e94fd7e1d1b33cd56b152ca98eace465118b,4084,0,0,4084,8168.000412875982,not_applicable,not_applicable,not_applicable,0,0,0,0,0,0,0,0,0,"derived from frozen fixed-mode PHY, not decoded TX truth",actual online waveform measurement
P4084_N4084_seed2026092404,n04485082/ILSVRC2012_val_00000955_n04485082,76448a0ae2e3610a8107e3b73ca3eac575cc8d56a2512cd9773ea885b09ef16c,1,2003,SHORT-PREFIX-20260923-priority-selected-v1,59b70217b3081ced610b38538606e94fd7e1d1b33cd56b152ca98eace465118b,4084,0,0,4084,8168.000412875982,not_applicable,not_applicable,not_applicable,0,0,0,0,0,0,0,0,0,"derived from frozen fixed-mode PHY, not decoded TX truth",actual online waveform measurement
P4084_N4084_seed2026092404,n04485082/ILSVRC2012_val_00000955_n04485082,76448a0ae2e3610a8107e3b73ca3eac575cc8d56a2512cd9773ea885b09ef16c,4,2001,SHORT-PREFIX-20260923-priority-selected-v1,59b70217b3081ced610b38538606e94fd7e1d1b33cd56b152ca98eace465118b,4084,0,0,4084,8168.000412875982,not_applicable,not_applicable,not_applicable,0,0,0,0,0,0,0,0,0,"derived from frozen fixed-mode PHY, not decoded TX truth",actual online waveform measurement
P4084_N4084_seed2026092404,n04485082/ILSVRC2012_val_00000955_n04485082,76448a0ae2e3610a8107e3b73ca3eac575cc8d56a2512cd9773ea885b09ef16c,4,2002,SHORT-PREFIX-20260923-priority-selected-v1,59b70217b3081ced610b38538606e94fd7e1d1b33cd56b152ca98eace465118b,4084,0,0,4084,8168.000412875982,not_applicable,not_applicable,not_applicable,0,0,0,0,0,0,0,0,0,"derived from frozen fixed-mode PHY, not decoded TX truth",actual online waveform measurement
P4084_N4084_seed2026092404,n04485082/ILSVRC2012_val_00000955_n04485082,76448a0ae2e3610a8107e3b73ca3eac575cc8d56a2512cd9773ea885b09ef16c,4,2003,SHORT-PREFIX-20260923-priority-selected-v1,59b70217b3081ced610b38538606e94fd7e1d1b33cd56b152ca98eace465118b,4084,0,0,4084,8168.000412875982,not_applicable,not_applicable,not_applicable,0,0,0,0,0,0,0,0,0,"derived from frozen fixed-mode PHY, not decoded TX truth",actual online waveform measurement
P4084_N4084_seed2026092404,n04485082/ILSVRC2012_val_00000955_n04485082,76448a0ae2e3610a8107e3b73ca3eac575cc8d56a2512cd9773ea885b09ef16c,7,2001,SHORT-PREFIX-20260923-priority-selected-v1,59b70217b3081ced610b38538606e94fd7e1d1b33cd56b152ca98eace465118b,4084,0,0,4084,8168.000412875982,not_applicable,not_applicable,not_applicable,0,0,0,0,0,0,0,0,0,"derived from frozen fixed-mode PHY, not decoded TX truth",actual online waveform measurement
P4084_N4084_seed2026092404,n04485082/ILSVRC2012_val_00000955_n04485082,76448a0ae2e3610a8107e3b73ca3eac575cc8d56a2512cd9773ea885b09ef16c,7,2002,SHORT-PREFIX-20260923-priority-selected-v1,59b70217b3081ced610b38538606e94fd7e1d1b33cd56b152ca98eace465118b,4084,0,0,4084,8168.000412875982,not_applicable,not_applicable,not_applicable,0,0,0,0,0,0,0,0,0,"derived from frozen fixed-mode PHY, not decoded TX truth",actual online waveform measurement
P4084_N4084_seed2026092404,n04485082/ILSVRC2012_val_00000955_n04485082,76448a0ae2e3610a8107e3b73ca3eac575cc8d56a2512cd9773ea885b09ef16c,7,2003,SHORT-PREFIX-20260923-priority-selected-v1,59b70217b3081ced610b38538606e94fd7e1d1b33cd56b152ca98eace465118b,4084,0,0,4084,8168.000412875982,not_applicable,not_applicable,not_applicable,0,0,0,0,0,0,0,0,0,"derived from frozen fixed-mode PHY, not decoded TX truth",actual online waveform measurement
P4084_N4084_seed2026092404,n04485082/ILSVRC2012_val_00000955_n04485082,76448a0ae2e3610a8107e3b73ca3eac575cc8d56a2512cd9773ea885b09ef16c,13,2001,SHORT-PREFIX-20260923-priority-selected-v1,59b70217b3081ced610b38538606e94fd7e1d1b33cd56b152ca98eace465118b,4084,0,0,4084,8168.000412875982,not_applicable,not_applicable,not_applicable,0,0,0,0,0,0,0,0,0,"derived from frozen fixed-mode PHY, not decoded TX truth",actual online waveform measurement
P4084_N4084_seed2026092404,n04485082/ILSVRC2012_val_00000955_n04485082,76448a0ae2e3610a8107e3b73ca3eac575cc8d56a2512cd9773ea885b09ef16c,13,2002,SHORT-PREFIX-20260923-priority-selected-v1,59b70217b3081ced610b38538606e94fd7e1d1b33cd56b152ca98eace465118b,4084,0,0,4084,8168.000412875982,not_applicable,not_applicable,not_applicable,0,0,0,0,0,0,0,0,0,"derived from frozen fixed-mode PHY, not decoded TX truth",actual online waveform measurement
P4084_N4084_seed2026092404,n04485082/ILSVRC2012_val_00000955_n04485082,76448a0ae2e3610a8107e3b73ca3eac575cc8d56a2512cd9773ea885b09ef16c,13,2003,SHORT-PREFIX-20260923-priority-selected-v1,59b70217b3081ced610b38538606e94fd7e1d1b33cd56b152ca98eace465118b,4084,0,0,4084,8168.000412875982,not_applicable,not_applicable,not_applicable,0,0,0,0,0,0,0,0,0,"derived from frozen fixed-mode PHY, not decoded TX truth",actual online waveform measurement
P4084_N4084_seed2026092404,n04485082/ILSVRC2012_val_00000955_n04485082,76448a0ae2e3610a8107e3b73ca3eac575cc8d56a2512cd9773ea885b09ef16c,19,2001,SHORT-PREFIX-20260923-priority-selected-v1,59b70217b3081ced610b38538606e94fd7e1d1b33cd56b152ca98eace465118b,4084,0,0,4084,8168.000412875982,not_applicable,not_applicable,not_applicable,0,0,0,0,0,0,0,0,0,"derived from frozen fixed-mode PHY, not decoded TX truth",actual online waveform measurement
P4084_N4084_seed2026092404,n04485082/ILSVRC2012_val_00000955_n04485082,76448a0ae2e3610a8107e3b73ca3eac575cc8d56a2512cd9773ea885b09ef16c,19,2002,SHORT-PREFIX-20260923-priority-selected-v1,59b70217b3081ced610b38538606e94fd7e1d1b33cd56b152ca98eace465118b,4084,0,0,4084,8168.000412875982,not_applicable,not_applicable,not_applicable,0,0,0,0,0,0,0,0,0,"derived from frozen fixed-mode PHY, not decoded TX truth",actual online waveform measurement
P4084_N4084_seed2026092404,n04485082/ILSVRC2012_val_00000955_n04485082,76448a0ae2e3610a8107e3b73ca3eac575cc8d56a2512cd9773ea885b09ef16c,19,2003,SHORT-PREFIX-20260923-priority-selected-v1,59b70217b3081ced610b38538606e94fd7e1d1b33cd56b152ca98eace465118b,4084,0,0,4084,8168.000412875982,not_applicable,not_applicable,not_applicable,0,0,0,0,0,0,0,0,0,"derived from frozen fixed-mode PHY, not decoded TX truth",actual online waveform measurement
P4084_N4084_seed2026092404,n04515003/ILSVRC2012_val_00002400_n04515003,f7c501808f10c0aa95e7f0597b424b7198e2db59608194573af6bc7789d4e45d,1,2001,SHORT-PREFIX-20260923-priority-selected-v1,59b70217b3081ced610b38538606e94fd7e1d1b33cd56b152ca98eace465118b,4084,0,0,4084,8168.00087632641,not_applicable,not_applicable,not_applicable,0,0,0,0,0,0,0,0,0,"derived from frozen fixed-mode PHY, not decoded TX truth",actual online waveform measurement
P4084_N4084_seed2026092404,n04515003/ILSVRC2012_val_00002400_n04515003,f7c501808f10c0aa95e7f0597b424b7198e2db59608194573af6bc7789d4e45d,1,2002,SHORT-PREFIX-20260923-priority-selected-v1,59b70217b3081ced610b38538606e94fd7e1d1b33cd56b152ca98eace465118b,4084,0,0,4084,8168.00087632641,not_applicable,not_applicable,not_applicable,0,0,0,0,0,0,0,0,0,"derived from frozen fixed-mode PHY, not decoded TX truth",actual online waveform measurement
P4084_N4084_seed2026092404,n04515003/ILSVRC2012_val_00002400_n04515003,f7c501808f10c0aa95e7f0597b424b7198e2db59608194573af6bc7789d4e45d,1,2003,SHORT-PREFIX-20260923-priority-selected-v1,59b70217b3081ced610b38538606e94fd7e1d1b33cd56b152ca98eace465118b,4084,0,0,4084,8168.00087632641,not_applicable,not_applicable,not_applicable,0,0,0,0,0,0,0,0,0,"derived from frozen fixed-mode PHY, not decoded TX truth",actual online waveform measurement
P4084_N4084_seed2026092404,n04515003/ILSVRC2012_val_00002400_n04515003,f7c501808f10c0aa95e7f0597b424b7198e2db59608194573af6bc7789d4e45d,4,2001,SHORT-PREFIX-20260923-priority-selected-v1,59b70217b3081ced610b38538606e94fd7e1d1b33cd56b152ca98eace465118b,4084,0,0,4084,8168.00087632641,not_applicable,not_applicable,not_applicable,0,0,0,0,0,0,0,0,0,"derived from frozen fixed-mode PHY, not decoded TX truth",actual online waveform measurement
P4084_N4084_seed2026092404,n04515003/ILSVRC2012_val_00002400_n04515003,f7c501808f10c0aa95e7f0597b424b7198e2db59608194573af6bc7789d4e45d,4,2002,SHORT-PREFIX-20260923-priority-selected-v1,59b70217b3081ced610b38538606e94fd7e1d1b33cd56b152ca98eace465118b,4084,0,0,4084,8168.00087632641,not_applicable,not_applicable,not_applicable,0,0,0,0,0,0,0,0,0,"derived from frozen fixed-mode PHY, not decoded TX truth",actual online waveform measurement
P4084_N4084_seed2026092404,n04515003/ILSVRC2012_val_00002400_n04515003,f7c501808f10c0aa95e7f0597b424b7198e2db59608194573af6bc7789d4e45d,4,2003,SHORT-PREFIX-20260923-priority-selected-v1,59b70217b3081ced610b38538606e94fd7e1d1b33cd56b152ca98eace465118b,4084,0,0,4084,8168.00087632641,not_applicable,not_applicable,not_applicable,0,0,0,0,0,0,0,0,0,"derived from frozen fixed-mode PHY, not decoded TX truth",actual online waveform measurement
P4084_N4084_seed2026092404,n04515003/ILSVRC2012_val_00002400_n04515003,f7c501808f10c0aa95e7f0597b424b7198e2db59608194573af6bc7789d4e45d,7,2001,SHORT-PREFIX-20260923-priority-selected-v1,59b70217b3081ced610b38538606e94fd7e1d1b33cd56b152ca98eace465118b,4084,0,0,4084,8168.00087632641,not_applicable,not_applicable,not_applicable,0,0,0,0,0,0,0,0,0,"derived from frozen fixed-mode PHY, not decoded TX truth",actual online waveform measurement
P4084_N4084_seed2026092404,n04515003/ILSVRC2012_val_00002400_n04515003,f7c501808f10c0aa95e7f0597b424b7198e2db59608194573af6bc7789d4e45d,7,2002,SHORT-PREFIX-20260923-priority-selected-v1,59b70217b3081ced610b38538606e94fd7e1d1b33cd56b152ca98eace465118b,4084,0,0,4084,8168.00087632641,not_applicable,not_applicable,not_applicable,0,0,0,0,0,0,0,0,0,"derived from frozen fixed-mode PHY, not decoded TX truth",actual online waveform measurement
P4084_N4084_seed2026092404,n04515003/ILSVRC2012_val_00002400_n04515003,f7c501808f10c0aa95e7f0597b424b7198e2db59608194573af6bc7789d4e45d,7,2003,SHORT-PREFIX-20260923-priority-selected-v1,59b70217b3081ced610b38538606e94fd7e1d1b33cd56b152ca98eace465118b,4084,0,0,4084,8168.00087632641,not_applicable,not_applicable,not_applicable,0,0,0,0,0,0,0,0,0,"derived from frozen fixed-mode PHY, not decoded TX truth",actual online waveform measurement
P4084_N4084_seed2026092404,n04515003/ILSVRC2012_val_00002400_n04515003,f7c501808f10c0aa95e7f0597b424b7198e2db59608194573af6bc7789d4e45d,13,2001,SHORT-PREFIX-20260923-priority-selected-v1,59b70217b3081ced610b38538606e94fd7e1d1b33cd56b152ca98eace465118b,4084,0,0,4084,8168.00087632641,not_applicable,not_applicable,not_applicable,0,0,0,0,0,0,0,0,0,"derived from frozen fixed-mode PHY, not decoded TX truth",actual online waveform measurement
P4084_N4084_seed2026092404,n04515003/ILSVRC2012_val_00002400_n04515003,f7c501808f10c0aa95e7f0597b424b7198e2db59608194573af6bc7789d4e45d,13,2002,SHORT-PREFIX-20260923-priority-selected-v1,59b70217b3081ced610b38538606e94fd7e1d1b33cd56b152ca98eace465118b,4084,0,0,4084,8168.00087632641,not_applicable,not_applicable,not_applicable,0,0,0,0,0,0,0,0,0,"derived from frozen fixed-mode PHY, not decoded TX truth",actual online waveform measurement
P4084_N4084_seed2026092404,n04515003/ILSVRC2012_val_00002400_n04515003,f7c501808f10c0aa95e7f0597b424b7198e2db59608194573af6bc7789d4e45d,13,2003,SHORT-PREFIX-20260923-priority-selected-v1,59b70217b3081ced610b38538606e94fd7e1d1b33cd56b152ca98eace465118b,4084,0,0,4084,8168.00087632641,not_applicable,not_applicable,not_applicable,0,0,0,0,0,0,0,0,0,"derived from frozen fixed-mode PHY, not decoded TX truth",actual online waveform measurement
P4084_N4084_seed2026092404,n04515003/ILSVRC2012_val_00002400_n04515003,f7c501808f10c0aa95e7f0597b424b7198e2db59608194573af6bc7789d4e45d,19,2001,SHORT-PREFIX-20260923-priority-selected-v1,59b70217b3081ced610b38538606e94fd7e1d1b33cd56b152ca98eace465118b,4084,0,0,4084,8168.00087632641,not_applicable,not_applicable,not_applicable,0,0,0,0,0,0,0,0,0,"derived from frozen fixed-mode PHY, not decoded TX truth",actual online waveform measurement
P4084_N4084_seed2026092404,n04515003/ILSVRC2012_val_00002400_n04515003,f7c501808f10c0aa95e7f0597b424b7198e2db59608194573af6bc7789d4e45d,19,2002,SHORT-PREFIX-20260923-priority-selected-v1,59b70217b3081ced610b38538606e94fd7e1d1b33cd56b152ca98eace465118b,4084,0,0,4084,8168.00087632641,not_applicable,not_applicable,not_applicable,0,0,0,0,0,0,0,0,0,"derived from frozen fixed-mode PHY, not decoded TX truth",actual online waveform measurement
P4084_N4084_seed2026092404,n04515003/ILSVRC2012_val_00002400_n04515003,f7c501808f10c0aa95e7f0597b424b7198e2db59608194573af6bc7789d4e45d,19,2003,SHORT-PREFIX-20260923-priority-selected-v1,59b70217b3081ced610b38538606e94fd7e1d1b33cd56b152ca98eace465118b,4084,0,0,4084,8168.00087632641,not_applicable,not_applicable,not_applicable,0,0,0,0,0,0,0,0,0,"derived from frozen fixed-mode PHY, not decoded TX truth",actual online waveform measurement
P4084_N4084_seed2026092404,n04540053/ILSVRC2012_val_00007665_n04540053,25dbb8c23badf34480230cc90a350df359f1eab82bdf05a6dcda7da28dba4814,1,2001,SHORT-PREFIX-20260923-priority-selected-v1,59b70217b3081ced610b38538606e94fd7e1d1b33cd56b152ca98eace465118b,4084,0,0,4084,8167.999977348107,not_applicable,not_applicable,not_applicable,0,0,0,0,0,0,0,0,0,"derived from frozen fixed-mode PHY, not decoded TX truth",actual online waveform measurement
P4084_N4084_seed2026092404,n04540053/ILSVRC2012_val_00007665_n04540053,25dbb8c23badf34480230cc90a350df359f1eab82bdf05a6dcda7da28dba4814,1,2002,SHORT-PREFIX-20260923-priority-selected-v1,59b70217b3081ced610b38538606e94fd7e1d1b33cd56b152ca98eace465118b,4084,0,0,4084,8167.999977348107,not_applicable,not_applicable,not_applicable,0,0,0,0,0,0,0,0,0,"derived from frozen fixed-mode PHY, not decoded TX truth",actual online waveform measurement
P4084_N4084_seed2026092404,n04540053/ILSVRC2012_val_00007665_n04540053,25dbb8c23badf34480230cc90a350df359f1eab82bdf05a6dcda7da28dba4814,1,2003,SHORT-PREFIX-20260923-priority-selected-v1,59b70217b3081ced610b38538606e94fd7e1d1b33cd56b152ca98eace465118b,4084,0,0,4084,8167.999977348107,not_applicable,not_applicable,not_applicable,0,0,0,0,0,0,0,0,0,"derived from frozen fixed-mode PHY, not decoded TX truth",actual online waveform measurement
P4084_N4084_seed2026092404,n04540053/ILSVRC2012_val_00007665_n04540053,25dbb8c23badf34480230cc90a350df359f1eab82bdf05a6dcda7da28dba4814,4,2001,SHORT-PREFIX-20260923-priority-selected-v1,59b70217b3081ced610b38538606e94fd7e1d1b33cd56b152ca98eace465118b,4084,0,0,4084,8167.999977348107,not_applicable,not_applicable,not_applicable,0,0,0,0,0,0,0,0,0,"derived from frozen fixed-mode PHY, not decoded TX truth",actual online waveform measurement
P4084_N4084_seed2026092404,n04540053/ILSVRC2012_val_00007665_n04540053,25dbb8c23badf34480230cc90a350df359f1eab82bdf05a6dcda7da28dba4814,4,2002,SHORT-PREFIX-20260923-priority-selected-v1,59b70217b3081ced610b38538606e94fd7e1d1b33cd56b152ca98eace465118b,4084,0,0,4084,8167.999977348107,not_applicable,not_applicable,not_applicable,0,0,0,0,0,0,0,0,0,"derived from frozen fixed-mode PHY, not decoded TX truth",actual online waveform measurement
P4084_N4084_seed2026092404,n04540053/ILSVRC2012_val_00007665_n04540053,25dbb8c23badf34480230cc90a350df359f1eab82bdf05a6dcda7da28dba4814,4,2003,SHORT-PREFIX-20260923-priority-selected-v1,59b70217b3081ced610b38538606e94fd7e1d1b33cd56b152ca98eace465118b,4084,0,0,4084,8167.999977348107,not_applicable,not_applicable,not_applicable,0,0,0,0,0,0,0,0,0,"derived from frozen fixed-mode PHY, not decoded TX truth",actual online waveform measurement
P4084_N4084_seed2026092404,n04540053/ILSVRC2012_val_00007665_n04540053,25dbb8c23badf34480230cc90a350df359f1eab82bdf05a6dcda7da28dba4814,7,2001,SHORT-PREFIX-20260923-priority-selected-v1,59b70217b3081ced610b38538606e94fd7e1d1b33cd56b152ca98eace465118b,4084,0,0,4084,8167.999977348107,not_applicable,not_applicable,not_applicable,0,0,0,0,0,0,0,0,0,"derived from frozen fixed-mode PHY, not decoded TX truth",actual online waveform measurement
P4084_N4084_seed2026092404,n04540053/ILSVRC2012_val_00007665_n04540053,25dbb8c23badf34480230cc90a350df359f1eab82bdf05a6dcda7da28dba4814,7,2002,SHORT-PREFIX-20260923-priority-selected-v1,59b70217b3081ced610b38538606e94fd7e1d1b33cd56b152ca98eace465118b,4084,0,0,4084,8167.999977348107,not_applicable,not_applicable,not_applicable,0,0,0,0,0,0,0,0,0,"derived from frozen fixed-mode PHY, not decoded TX truth",actual online waveform measurement
P4084_N4084_seed2026092404,n04540053/ILSVRC2012_val_00007665_n04540053,25dbb8c23badf34480230cc90a350df359f1eab82bdf05a6dcda7da28dba4814,7,2003,SHORT-PREFIX-20260923-priority-selected-v1,59b70217b3081ced610b38538606e94fd7e1d1b33cd56b152ca98eace465118b,4084,0,0,4084,8167.999977348107,not_applicable,not_applicable,not_applicable,0,0,0,0,0,0,0,0,0,"derived from frozen fixed-mode PHY, not decoded TX truth",actual online waveform measurement
P4084_N4084_seed2026092404,n04540053/ILSVRC2012_val_00007665_n04540053,25dbb8c23badf34480230cc90a350df359f1eab82bdf05a6dcda7da28dba4814,13,2001,SHORT-PREFIX-20260923-priority-selected-v1,59b70217b3081ced610b38538606e94fd7e1d1b33cd56b152ca98eace465118b,4084,0,0,4084,8167.999977348107,not_applicable,not_applicable,not_applicable,0,0,0,0,0,0,0,0,0,"derived from frozen fixed-mode PHY, not decoded TX truth",actual online waveform measurement
P4084_N4084_seed2026092404,n04540053/ILSVRC2012_val_00007665_n04540053,25dbb8c23badf34480230cc90a350df359f1eab82bdf05a6dcda7da28dba4814,13,2002,SHORT-PREFIX-20260923-priority-selected-v1,59b70217b3081ced610b38538606e94fd7e1d1b33cd56b152ca98eace465118b,4084,0,0,4084,8167.999977348107,not_applicable,not_applicable,not_applicable,0,0,0,0,0,0,0,0,0,"derived from frozen fixed-mode PHY, not decoded TX truth",actual online waveform measurement
P4084_N4084_seed2026092404,n04540053/ILSVRC2012_val_00007665_n04540053,25dbb8c23badf34480230cc90a350df359f1eab82bdf05a6dcda7da28dba4814,13,2003,SHORT-PREFIX-20260923-priority-selected-v1,59b70217b3081ced610b38538606e94fd7e1d1b33cd56b152ca98eace465118b,4084,0,0,4084,8167.999977348107,not_applicable,not_applicable,not_applicable,0,0,0,0,0,0,0,0,0,"derived from frozen fixed-mode PHY, not decoded TX truth",actual online waveform measurement
P4084_N4084_seed2026092404,n04540053/ILSVRC2012_val_00007665_n04540053,25dbb8c23badf34480230cc90a350df359f1eab82bdf05a6dcda7da28dba4814,19,2001,SHORT-PREFIX-20260923-priority-selected-v1,59b70217b3081ced610b38538606e94fd7e1d1b33cd56b152ca98eace465118b,4084,0,0,4084,8167.999977348107,not_applicable,not_applicable,not_applicable,0,0,0,0,0,0,0,0,0,"derived from frozen fixed-mode PHY, not decoded TX truth",actual online waveform measurement
P4084_N4084_seed2026092404,n04540053/ILSVRC2012_val_00007665_n04540053,25dbb8c23badf34480230cc90a350df359f1eab82bdf05a6dcda7da28dba4814,19,2002,SHORT-PREFIX-20260923-priority-selected-v1,59b70217b3081ced610b38538606e94fd7e1d1b33cd56b152ca98eace465118b,4084,0,0,4084,8167.999977348107,not_applicable,not_applicable,not_applicable,0,0,0,0,0,0,0,0,0,"derived from frozen fixed-mode PHY, not decoded TX truth",actual online waveform measurement
P4084_N4084_seed2026092404,n04540053/ILSVRC2012_val_00007665_n04540053,25dbb8c23badf34480230cc90a350df359f1eab82bdf05a6dcda7da28dba4814,19,2003,SHORT-PREFIX-20260923-priority-selected-v1,59b70217b3081ced610b38538606e94fd7e1d1b33cd56b152ca98eace465118b,4084,0,0,4084,8167.999977348107,not_applicable,not_applicable,not_applicable,0,0,0,0,0,0,0,0,0,"derived from frozen fixed-mode PHY, not decoded TX truth",actual online waveform measurement
P4084_N4084_seed2026092404,n04560804/ILSVRC2012_val_00029830_n04560804,a11fec68e0d01588aa4a816aaa7c41a4a8fe1042d3f447133cf33b25cba6e3c2,1,2001,SHORT-PREFIX-20260923-priority-selected-v1,59b70217b3081ced610b38538606e94fd7e1d1b33cd56b152ca98eace465118b,4084,0,0,4084,8167.999183050291,not_applicable,not_applicable,not_applicable,0,0,0,0,0,0,0,0,0,"derived from frozen fixed-mode PHY, not decoded TX truth",actual online waveform measurement
P4084_N4084_seed2026092404,n04560804/ILSVRC2012_val_00029830_n04560804,a11fec68e0d01588aa4a816aaa7c41a4a8fe1042d3f447133cf33b25cba6e3c2,1,2002,SHORT-PREFIX-20260923-priority-selected-v1,59b70217b3081ced610b38538606e94fd7e1d1b33cd56b152ca98eace465118b,4084,0,0,4084,8167.999183050291,not_applicable,not_applicable,not_applicable,0,0,0,0,0,0,0,0,0,"derived from frozen fixed-mode PHY, not decoded TX truth",actual online waveform measurement
P4084_N4084_seed2026092404,n04560804/ILSVRC2012_val_00029830_n04560804,a11fec68e0d01588aa4a816aaa7c41a4a8fe1042d3f447133cf33b25cba6e3c2,1,2003,SHORT-PREFIX-20260923-priority-selected-v1,59b70217b3081ced610b38538606e94fd7e1d1b33cd56b152ca98eace465118b,4084,0,0,4084,8167.999183050291,not_applicable,not_applicable,not_applicable,0,0,0,0,0,0,0,0,0,"derived from frozen fixed-mode PHY, not decoded TX truth",actual online waveform measurement
P4084_N4084_seed2026092404,n04560804/ILSVRC2012_val_00029830_n04560804,a11fec68e0d01588aa4a816aaa7c41a4a8fe1042d3f447133cf33b25cba6e3c2,4,2001,SHORT-PREFIX-20260923-priority-selected-v1,59b70217b3081ced610b38538606e94fd7e1d1b33cd56b152ca98eace465118b,4084,0,0,4084,8167.999183050291,not_applicable,not_applicable,not_applicable,0,0,0,0,0,0,0,0,0,"derived from frozen fixed-mode PHY, not decoded TX truth",actual online waveform measurement
P4084_N4084_seed2026092404,n04560804/ILSVRC2012_val_00029830_n04560804,a11fec68e0d01588aa4a816aaa7c41a4a8fe1042d3f447133cf33b25cba6e3c2,4,2002,SHORT-PREFIX-20260923-priority-selected-v1,59b70217b3081ced610b38538606e94fd7e1d1b33cd56b152ca98eace465118b,4084,0,0,4084,8167.999183050291,not_applicable,not_applicable,not_applicable,0,0,0,0,0,0,0,0,0,"derived from frozen fixed-mode PHY, not decoded TX truth",actual online waveform measurement
P4084_N4084_seed2026092404,n04560804/ILSVRC2012_val_00029830_n04560804,a11fec68e0d01588aa4a816aaa7c41a4a8fe1042d3f447133cf33b25cba6e3c2,4,2003,SHORT-PREFIX-20260923-priority-selected-v1,59b70217b3081ced610b38538606e94fd7e1d1b33cd56b152ca98eace465118b,4084,0,0,4084,8167.999183050291,not_applicable,not_applicable,not_applicable,0,0,0,0,0,0,0,0,0,"derived from frozen fixed-mode PHY, not decoded TX truth",actual online waveform measurement
P4084_N4084_seed2026092404,n04560804/ILSVRC2012_val_00029830_n04560804,a11fec68e0d01588aa4a816aaa7c41a4a8fe1042d3f447133cf33b25cba6e3c2,7,2001,SHORT-PREFIX-20260923-priority-selected-v1,59b70217b3081ced610b38538606e94fd7e1d1b33cd56b152ca98eace465118b,4084,0,0,4084,8167.999183050291,not_applicable,not_applicable,not_applicable,0,0,0,0,0,0,0,0,0,"derived from frozen fixed-mode PHY, not decoded TX truth",actual online waveform measurement
P4084_N4084_seed2026092404,n04560804/ILSVRC2012_val_00029830_n04560804,a11fec68e0d01588aa4a816aaa7c41a4a8fe1042d3f447133cf33b25cba6e3c2,7,2002,SHORT-PREFIX-20260923-priority-selected-v1,59b70217b3081ced610b38538606e94fd7e1d1b33cd56b152ca98eace465118b,4084,0,0,4084,8167.999183050291,not_applicable,not_applicable,not_applicable,0,0,0,0,0,0,0,0,0,"derived from frozen fixed-mode PHY, not decoded TX truth",actual online waveform measurement
P4084_N4084_seed2026092404,n04560804/ILSVRC2012_val_00029830_n04560804,a11fec68e0d01588aa4a816aaa7c41a4a8fe1042d3f447133cf33b25cba6e3c2,7,2003,SHORT-PREFIX-20260923-priority-selected-v1,59b70217b3081ced610b38538606e94fd7e1d1b33cd56b152ca98eace465118b,4084,0,0,4084,8167.999183050291,not_applicable,not_applicable,not_applicable,0,0,0,0,0,0,0,0,0,"derived from frozen fixed-mode PHY, not decoded TX truth",actual online waveform measurement
P4084_N4084_seed2026092404,n04560804/ILSVRC2012_val_00029830_n04560804,a11fec68e0d01588aa4a816aaa7c41a4a8fe1042d3f447133cf33b25cba6e3c2,13,2001,SHORT-PREFIX-20260923-priority-selected-v1,59b70217b3081ced610b38538606e94fd7e1d1b33cd56b152ca98eace465118b,4084,0,0,4084,8167.999183050291,not_applicable,not_applicable,not_applicable,0,0,0,0,0,0,0,0,0,"derived from frozen fixed-mode PHY, not decoded TX truth",actual online waveform measurement
P4084_N4084_seed2026092404,n04560804/ILSVRC2012_val_00029830_n04560804,a11fec68e0d01588aa4a816aaa7c41a4a8fe1042d3f447133cf33b25cba6e3c2,13,2002,SHORT-PREFIX-20260923-priority-selected-v1,59b70217b3081ced610b38538606e94fd7e1d1b33cd56b152ca98eace465118b,4084,0,0,4084,8167.999183050291,not_applicable,not_applicable,not_applicable,0,0,0,0,0,0,0,0,0,"derived from frozen fixed-mode PHY, not decoded TX truth",actual online waveform measurement
P4084_N4084_seed2026092404,n04560804/ILSVRC2012_val_00029830_n04560804,a11fec68e0d01588aa4a816aaa7c41a4a8fe1042d3f447133cf33b25cba6e3c2,13,2003,SHORT-PREFIX-20260923-priority-selected-v1,59b70217b3081ced610b38538606e94fd7e1d1b33cd56b152ca98eace465118b,4084,0,0,4084,8167.999183050291,not_applicable,not_applicable,not_applicable,0,0,0,0,0,0,0,0,0,"derived from frozen fixed-mode PHY, not decoded TX truth",actual online waveform measurement
P4084_N4084_seed2026092404,n04560804/ILSVRC2012_val_00029830_n04560804,a11fec68e0d01588aa4a816aaa7c41a4a8fe1042d3f447133cf33b25cba6e3c2,19,2001,SHORT-PREFIX-20260923-priority-selected-v1,59b70217b3081ced610b38538606e94fd7e1d1b33cd56b152ca98eace465118b,4084,0,0,4084,8167.999183050291,not_applicable,not_applicable,not_applicable,0,0,0,0,0,0,0,0,0,"derived from frozen fixed-mode PHY, not decoded TX truth",actual online waveform measurement
P4084_N4084_seed2026092404,n04560804/ILSVRC2012_val_00029830_n04560804,a11fec68e0d01588aa4a816aaa7c41a4a8fe1042d3f447133cf33b25cba6e3c2,19,2002,SHORT-PREFIX-20260923-priority-selected-v1,59b70217b3081ced610b38538606e94fd7e1d1b33cd56b152ca98eace465118b,4084,0,0,4084,8167.999183050291,not_applicable,not_applicable,not_applicable,0,0,0,0,0,0,0,0,0,"derived from frozen fixed-mode PHY, not decoded TX truth",actual online waveform measurement
P4084_N4084_seed2026092404,n04560804/ILSVRC2012_val_00029830_n04560804,a11fec68e0d01588aa4a816aaa7c41a4a8fe1042d3f447133cf33b25cba6e3c2,19,2003,SHORT-PREFIX-20260923-priority-selected-v1,59b70217b3081ced610b38538606e94fd7e1d1b33cd56b152ca98eace465118b,4084,0,0,4084,8167.999183050291,not_applicable,not_applicable,not_applicable,0,0,0,0,0,0,0,0,0,"derived from frozen fixed-mode PHY, not decoded TX truth",actual online waveform measurement
P4084_N4084_seed2026092404,n04596742/ILSVRC2012_val_00007608_n04596742,7662b17a07456b833c5ff8821945d8e94f525da05a7585fdefa69b35294f230f,1,2001,SHORT-PREFIX-20260923-priority-selected-v1,59b70217b3081ced610b38538606e94fd7e1d1b33cd56b152ca98eace465118b,4084,0,0,4084,8167.999569734642,not_applicable,not_applicable,not_applicable,0,0,0,0,0,0,0,0,0,"derived from frozen fixed-mode PHY, not decoded TX truth",actual online waveform measurement
P4084_N4084_seed2026092404,n04596742/ILSVRC2012_val_00007608_n04596742,7662b17a07456b833c5ff8821945d8e94f525da05a7585fdefa69b35294f230f,1,2002,SHORT-PREFIX-20260923-priority-selected-v1,59b70217b3081ced610b38538606e94fd7e1d1b33cd56b152ca98eace465118b,4084,0,0,4084,8167.999569734642,not_applicable,not_applicable,not_applicable,0,0,0,0,0,0,0,0,0,"derived from frozen fixed-mode PHY, not decoded TX truth",actual online waveform measurement
P4084_N4084_seed2026092404,n04596742/ILSVRC2012_val_00007608_n04596742,7662b17a07456b833c5ff8821945d8e94f525da05a7585fdefa69b35294f230f,1,2003,SHORT-PREFIX-20260923-priority-selected-v1,59b70217b3081ced610b38538606e94fd7e1d1b33cd56b152ca98eace465118b,4084,0,0,4084,8167.999569734642,not_applicable,not_applicable,not_applicable,0,0,0,0,0,0,0,0,0,"derived from frozen fixed-mode PHY, not decoded TX truth",actual online waveform measurement
P4084_N4084_seed2026092404,n04596742/ILSVRC2012_val_00007608_n04596742,7662b17a07456b833c5ff8821945d8e94f525da05a7585fdefa69b35294f230f,4,2001,SHORT-PREFIX-20260923-priority-selected-v1,59b70217b3081ced610b38538606e94fd7e1d1b33cd56b152ca98eace465118b,4084,0,0,4084,8167.999569734642,not_applicable,not_applicable,not_applicable,0,0,0,0,0,0,0,0,0,"derived from frozen fixed-mode PHY, not decoded TX truth",actual online waveform measurement
P4084_N4084_seed2026092404,n04596742/ILSVRC2012_val_00007608_n04596742,7662b17a07456b833c5ff8821945d8e94f525da05a7585fdefa69b35294f230f,4,2002,SHORT-PREFIX-20260923-priority-selected-v1,59b70217b3081ced610b38538606e94fd7e1d1b33cd56b152ca98eace465118b,4084,0,0,4084,8167.999569734642,not_applicable,not_applicable,not_applicable,0,0,0,0,0,0,0,0,0,"derived from frozen fixed-mode PHY, not decoded TX truth",actual online waveform measurement
P4084_N4084_seed2026092404,n04596742/ILSVRC2012_val_00007608_n04596742,7662b17a07456b833c5ff8821945d8e94f525da05a7585fdefa69b35294f230f,4,2003,SHORT-PREFIX-20260923-priority-selected-v1,59b70217b3081ced610b38538606e94fd7e1d1b33cd56b152ca98eace465118b,4084,0,0,4084,8167.999569734642,not_applicable,not_applicable,not_applicable,0,0,0,0,0,0,0,0,0,"derived from frozen fixed-mode PHY, not decoded TX truth",actual online waveform measurement
P4084_N4084_seed2026092404,n04596742/ILSVRC2012_val_00007608_n04596742,7662b17a07456b833c5ff8821945d8e94f525da05a7585fdefa69b35294f230f,7,2001,SHORT-PREFIX-20260923-priority-selected-v1,59b70217b3081ced610b38538606e94fd7e1d1b33cd56b152ca98eace465118b,4084,0,0,4084,8167.999569734642,not_applicable,not_applicable,not_applicable,0,0,0,0,0,0,0,0,0,"derived from frozen fixed-mode PHY, not decoded TX truth",actual online waveform measurement
P4084_N4084_seed2026092404,n04596742/ILSVRC2012_val_00007608_n04596742,7662b17a07456b833c5ff8821945d8e94f525da05a7585fdefa69b35294f230f,7,2002,SHORT-PREFIX-20260923-priority-selected-v1,59b70217b3081ced610b38538606e94fd7e1d1b33cd56b152ca98eace465118b,4084,0,0,4084,8167.999569734642,not_applicable,not_applicable,not_applicable,0,0,0,0,0,0,0,0,0,"derived from frozen fixed-mode PHY, not decoded TX truth",actual online waveform measurement
P4084_N4084_seed2026092404,n04596742/ILSVRC2012_val_00007608_n04596742,7662b17a07456b833c5ff8821945d8e94f525da05a7585fdefa69b35294f230f,7,2003,SHORT-PREFIX-20260923-priority-selected-v1,59b70217b3081ced610b38538606e94fd7e1d1b33cd56b152ca98eace465118b,4084,0,0,4084,8167.999569734642,not_applicable,not_applicable,not_applicable,0,0,0,0,0,0,0,0,0,"derived from frozen fixed-mode PHY, not decoded TX truth",actual online waveform measurement
P4084_N4084_seed2026092404,n04596742/ILSVRC2012_val_00007608_n04596742,7662b17a07456b833c5ff8821945d8e94f525da05a7585fdefa69b35294f230f,13,2001,SHORT-PREFIX-20260923-priority-selected-v1,59b70217b3081ced610b38538606e94fd7e1d1b33cd56b152ca98eace465118b,4084,0,0,4084,8167.999569734642,not_applicable,not_applicable,not_applicable,0,0,0,0,0,0,0,0,0,"derived from frozen fixed-mode PHY, not decoded TX truth",actual online waveform measurement
P4084_N4084_seed2026092404,n04596742/ILSVRC2012_val_00007608_n04596742,7662b17a07456b833c5ff8821945d8e94f525da05a7585fdefa69b35294f230f,13,2002,SHORT-PREFIX-20260923-priority-selected-v1,59b70217b3081ced610b38538606e94fd7e1d1b33cd56b152ca98eace465118b,4084,0,0,4084,8167.999569734642,not_applicable,not_applicable,not_applicable,0,0,0,0,0,0,0,0,0,"derived from frozen fixed-mode PHY, not decoded TX truth",actual online waveform measurement
P4084_N4084_seed2026092404,n04596742/ILSVRC2012_val_00007608_n04596742,7662b17a07456b833c5ff8821945d8e94f525da05a7585fdefa69b35294f230f,13,2003,SHORT-PREFIX-20260923-priority-selected-v1,59b70217b3081ced610b38538606e94fd7e1d1b33cd56b152ca98eace465118b,4084,0,0,4084,8167.999569734642,not_applicable,not_applicable,not_applicable,0,0,0,0,0,0,0,0,0,"derived from frozen fixed-mode PHY, not decoded TX truth",actual online waveform measurement
P4084_N4084_seed2026092404,n04596742/ILSVRC2012_val_00007608_n04596742,7662b17a07456b833c5ff8821945d8e94f525da05a7585fdefa69b35294f230f,19,2001,SHORT-PREFIX-20260923-priority-selected-v1,59b70217b3081ced610b38538606e94fd7e1d1b33cd56b152ca98eace465118b,4084,0,0,4084,8167.999569734642,not_applicable,not_applicable,not_applicable,0,0,0,0,0,0,0,0,0,"derived from frozen fixed-mode PHY, not decoded TX truth",actual online waveform measurement
P4084_N4084_seed2026092404,n04596742/ILSVRC2012_val_00007608_n04596742,7662b17a07456b833c5ff8821945d8e94f525da05a7585fdefa69b35294f230f,19,2002,SHORT-PREFIX-20260923-priority-selected-v1,59b70217b3081ced610b38538606e94fd7e1d1b33cd56b152ca98eace465118b,4084,0,0,4084,8167.999569734642,not_applicable,not_applicable,not_applicable,0,0,0,0,0,0,0,0,0,"derived from frozen fixed-mode PHY, not decoded TX truth",actual online waveform measurement
P4084_N4084_seed2026092404,n04596742/ILSVRC2012_val_00007608_n04596742,7662b17a07456b833c5ff8821945d8e94f525da05a7585fdefa69b35294f230f,19,2003,SHORT-PREFIX-20260923-priority-selected-v1,59b70217b3081ced610b38538606e94fd7e1d1b33cd56b152ca98eace465118b,4084,0,0,4084,8167.999569734642,not_applicable,not_applicable,not_applicable,0,0,0,0,0,0,0,0,0,"derived from frozen fixed-mode PHY, not decoded TX truth",actual online waveform measurement
P4084_N4084_seed2026092404,n07583066/ILSVRC2012_val_00001378_n07583066,4ef8d7654f413fc4c954518cbccd29a113420341a0d8e90382f62e6d689a1aa3,1,2001,SHORT-PREFIX-20260923-priority-selected-v1,59b70217b3081ced610b38538606e94fd7e1d1b33cd56b152ca98eace465118b,4084,0,0,4084,8167.99989756823,not_applicable,not_applicable,not_applicable,0,0,0,0,0,0,0,0,0,"derived from frozen fixed-mode PHY, not decoded TX truth",actual online waveform measurement
P4084_N4084_seed2026092404,n07583066/ILSVRC2012_val_00001378_n07583066,4ef8d7654f413fc4c954518cbccd29a113420341a0d8e90382f62e6d689a1aa3,1,2002,SHORT-PREFIX-20260923-priority-selected-v1,59b70217b3081ced610b38538606e94fd7e1d1b33cd56b152ca98eace465118b,4084,0,0,4084,8167.99989756823,not_applicable,not_applicable,not_applicable,0,0,0,0,0,0,0,0,0,"derived from frozen fixed-mode PHY, not decoded TX truth",actual online waveform measurement
P4084_N4084_seed2026092404,n07583066/ILSVRC2012_val_00001378_n07583066,4ef8d7654f413fc4c954518cbccd29a113420341a0d8e90382f62e6d689a1aa3,1,2003,SHORT-PREFIX-20260923-priority-selected-v1,59b70217b3081ced610b38538606e94fd7e1d1b33cd56b152ca98eace465118b,4084,0,0,4084,8167.99989756823,not_applicable,not_applicable,not_applicable,0,0,0,0,0,0,0,0,0,"derived from frozen fixed-mode PHY, not decoded TX truth",actual online waveform measurement
P4084_N4084_seed2026092404,n07583066/ILSVRC2012_val_00001378_n07583066,4ef8d7654f413fc4c954518cbccd29a113420341a0d8e90382f62e6d689a1aa3,4,2001,SHORT-PREFIX-20260923-priority-selected-v1,59b70217b3081ced610b38538606e94fd7e1d1b33cd56b152ca98eace465118b,4084,0,0,4084,8167.99989756823,not_applicable,not_applicable,not_applicable,0,0,0,0,0,0,0,0,0,"derived from frozen fixed-mode PHY, not decoded TX truth",actual online waveform measurement
P4084_N4084_seed2026092404,n07583066/ILSVRC2012_val_00001378_n07583066,4ef8d7654f413fc4c954518cbccd29a113420341a0d8e90382f62e6d689a1aa3,4,2002,SHORT-PREFIX-20260923-priority-selected-v1,59b70217b3081ced610b38538606e94fd7e1d1b33cd56b152ca98eace465118b,4084,0,0,4084,8167.99989756823,not_applicable,not_applicable,not_applicable,0,0,0,0,0,0,0,0,0,"derived from frozen fixed-mode PHY, not decoded TX truth",actual online waveform measurement
P4084_N4084_seed2026092404,n07583066/ILSVRC2012_val_00001378_n07583066,4ef8d7654f413fc4c954518cbccd29a113420341a0d8e90382f62e6d689a1aa3,4,2003,SHORT-PREFIX-20260923-priority-selected-v1,59b70217b3081ced610b38538606e94fd7e1d1b33cd56b152ca98eace465118b,4084,0,0,4084,8167.99989756823,not_applicable,not_applicable,not_applicable,0,0,0,0,0,0,0,0,0,"derived from frozen fixed-mode PHY, not decoded TX truth",actual online waveform measurement
P4084_N4084_seed2026092404,n07583066/ILSVRC2012_val_00001378_n07583066,4ef8d7654f413fc4c954518cbccd29a113420341a0d8e90382f62e6d689a1aa3,7,2001,SHORT-PREFIX-20260923-priority-selected-v1,59b70217b3081ced610b38538606e94fd7e1d1b33cd56b152ca98eace465118b,4084,0,0,4084,8167.99989756823,not_applicable,not_applicable,not_applicable,0,0,0,0,0,0,0,0,0,"derived from frozen fixed-mode PHY, not decoded TX truth",actual online waveform measurement
P4084_N4084_seed2026092404,n07583066/ILSVRC2012_val_00001378_n07583066,4ef8d7654f413fc4c954518cbccd29a113420341a0d8e90382f62e6d689a1aa3,7,2002,SHORT-PREFIX-20260923-priority-selected-v1,59b70217b3081ced610b38538606e94fd7e1d1b33cd56b152ca98eace465118b,4084,0,0,4084,8167.99989756823,not_applicable,not_applicable,not_applicable,0,0,0,0,0,0,0,0,0,"derived from frozen fixed-mode PHY, not decoded TX truth",actual online waveform measurement
P4084_N4084_seed2026092404,n07583066/ILSVRC2012_val_00001378_n07583066,4ef8d7654f413fc4c954518cbccd29a113420341a0d8e90382f62e6d689a1aa3,7,2003,SHORT-PREFIX-20260923-priority-selected-v1,59b70217b3081ced610b38538606e94fd7e1d1b33cd56b152ca98eace465118b,4084,0,0,4084,8167.99989756823,not_applicable,not_applicable,not_applicable,0,0,0,0,0,0,0,0,0,"derived from frozen fixed-mode PHY, not decoded TX truth",actual online waveform measurement
P4084_N4084_seed2026092404,n07583066/ILSVRC2012_val_00001378_n07583066,4ef8d7654f413fc4c954518cbccd29a113420341a0d8e90382f62e6d689a1aa3,13,2001,SHORT-PREFIX-20260923-priority-selected-v1,59b70217b3081ced610b38538606e94fd7e1d1b33cd56b152ca98eace465118b,4084,0,0,4084,8167.99989756823,not_applicable,not_applicable,not_applicable,0,0,0,0,0,0,0,0,0,"derived from frozen fixed-mode PHY, not decoded TX truth",actual online waveform measurement
P4084_N4084_seed2026092404,n07583066/ILSVRC2012_val_00001378_n07583066,4ef8d7654f413fc4c954518cbccd29a113420341a0d8e90382f62e6d689a1aa3,13,2002,SHORT-PREFIX-20260923-priority-selected-v1,59b70217b3081ced610b38538606e94fd7e1d1b33cd56b152ca98eace465118b,4084,0,0,4084,8167.99989756823,not_applicable,not_applicable,not_applicable,0,0,0,0,0,0,0,0,0,"derived from frozen fixed-mode PHY, not decoded TX truth",actual online waveform measurement
P4084_N4084_seed2026092404,n07583066/ILSVRC2012_val_00001378_n07583066,4ef8d7654f413fc4c954518cbccd29a113420341a0d8e90382f62e6d689a1aa3,13,2003,SHORT-PREFIX-20260923-priority-selected-v1,59b70217b3081ced610b38538606e94fd7e1d1b33cd56b152ca98eace465118b,4084,0,0,4084,8167.99989756823,not_applicable,not_applicable,not_applicable,0,0,0,0,0,0,0,0,0,"derived from frozen fixed-mode PHY, not decoded TX truth",actual online waveform measurement
P4084_N4084_seed2026092404,n07583066/ILSVRC2012_val_00001378_n07583066,4ef8d7654f413fc4c954518cbccd29a113420341a0d8e90382f62e6d689a1aa3,19,2001,SHORT-PREFIX-20260923-priority-selected-v1,59b70217b3081ced610b38538606e94fd7e1d1b33cd56b152ca98eace465118b,4084,0,0,4084,8167.99989756823,not_applicable,not_applicable,not_applicable,0,0,0,0,0,0,0,0,0,"derived from frozen fixed-mode PHY, not decoded TX truth",actual online waveform measurement
P4084_N4084_seed2026092404,n07583066/ILSVRC2012_val_00001378_n07583066,4ef8d7654f413fc4c954518cbccd29a113420341a0d8e90382f62e6d689a1aa3,19,2002,SHORT-PREFIX-20260923-priority-selected-v1,59b70217b3081ced610b38538606e94fd7e1d1b33cd56b152ca98eace465118b,4084,0,0,4084,8167.99989756823,not_applicable,not_applicable,not_applicable,0,0,0,0,0,0,0,0,0,"derived from frozen fixed-mode PHY, not decoded TX truth",actual online waveform measurement
P4084_N4084_seed2026092404,n07583066/ILSVRC2012_val_00001378_n07583066,4ef8d7654f413fc4c954518cbccd29a113420341a0d8e90382f62e6d689a1aa3,19,2003,SHORT-PREFIX-20260923-priority-selected-v1,59b70217b3081ced610b38538606e94fd7e1d1b33cd56b152ca98eace465118b,4084,0,0,4084,8167.99989756823,not_applicable,not_applicable,not_applicable,0,0,0,0,0,0,0,0,0,"derived from frozen fixed-mode PHY, not decoded TX truth",actual online waveform measurement
P4084_N4084_seed2026092404,n07590611/ILSVRC2012_val_00030972_n07590611,9c48e6f2ebe13ddb403d08c32bf75e310519ee41d0ce439b7e8fe60fd1f4d2db,1,2001,SHORT-PREFIX-20260923-priority-selected-v1,59b70217b3081ced610b38538606e94fd7e1d1b33cd56b152ca98eace465118b,4084,0,0,4084,8168.001489796643,not_applicable,not_applicable,not_applicable,0,0,0,0,0,0,0,0,0,"derived from frozen fixed-mode PHY, not decoded TX truth",actual online waveform measurement
P4084_N4084_seed2026092404,n07590611/ILSVRC2012_val_00030972_n07590611,9c48e6f2ebe13ddb403d08c32bf75e310519ee41d0ce439b7e8fe60fd1f4d2db,1,2002,SHORT-PREFIX-20260923-priority-selected-v1,59b70217b3081ced610b38538606e94fd7e1d1b33cd56b152ca98eace465118b,4084,0,0,4084,8168.001489796643,not_applicable,not_applicable,not_applicable,0,0,0,0,0,0,0,0,0,"derived from frozen fixed-mode PHY, not decoded TX truth",actual online waveform measurement
P4084_N4084_seed2026092404,n07590611/ILSVRC2012_val_00030972_n07590611,9c48e6f2ebe13ddb403d08c32bf75e310519ee41d0ce439b7e8fe60fd1f4d2db,1,2003,SHORT-PREFIX-20260923-priority-selected-v1,59b70217b3081ced610b38538606e94fd7e1d1b33cd56b152ca98eace465118b,4084,0,0,4084,8168.001489796643,not_applicable,not_applicable,not_applicable,0,0,0,0,0,0,0,0,0,"derived from frozen fixed-mode PHY, not decoded TX truth",actual online waveform measurement
P4084_N4084_seed2026092404,n07590611/ILSVRC2012_val_00030972_n07590611,9c48e6f2ebe13ddb403d08c32bf75e310519ee41d0ce439b7e8fe60fd1f4d2db,4,2001,SHORT-PREFIX-20260923-priority-selected-v1,59b70217b3081ced610b38538606e94fd7e1d1b33cd56b152ca98eace465118b,4084,0,0,4084,8168.001489796643,not_applicable,not_applicable,not_applicable,0,0,0,0,0,0,0,0,0,"derived from frozen fixed-mode PHY, not decoded TX truth",actual online waveform measurement
P4084_N4084_seed2026092404,n07590611/ILSVRC2012_val_00030972_n07590611,9c48e6f2ebe13ddb403d08c32bf75e310519ee41d0ce439b7e8fe60fd1f4d2db,4,2002,SHORT-PREFIX-20260923-priority-selected-v1,59b70217b3081ced610b38538606e94fd7e1d1b33cd56b152ca98eace465118b,4084,0,0,4084,8168.001489796643,not_applicable,not_applicable,not_applicable,0,0,0,0,0,0,0,0,0,"derived from frozen fixed-mode PHY, not decoded TX truth",actual online waveform measurement
P4084_N4084_seed2026092404,n07590611/ILSVRC2012_val_00030972_n07590611,9c48e6f2ebe13ddb403d08c32bf75e310519ee41d0ce439b7e8fe60fd1f4d2db,4,2003,SHORT-PREFIX-20260923-priority-selected-v1,59b70217b3081ced610b38538606e94fd7e1d1b33cd56b152ca98eace465118b,4084,0,0,4084,8168.001489796643,not_applicable,not_applicable,not_applicable,0,0,0,0,0,0,0,0,0,"derived from frozen fixed-mode PHY, not decoded TX truth",actual online waveform measurement
P4084_N4084_seed2026092404,n07590611/ILSVRC2012_val_00030972_n07590611,9c48e6f2ebe13ddb403d08c32bf75e310519ee41d0ce439b7e8fe60fd1f4d2db,7,2001,SHORT-PREFIX-20260923-priority-selected-v1,59b70217b3081ced610b38538606e94fd7e1d1b33cd56b152ca98eace465118b,4084,0,0,4084,8168.001489796643,not_applicable,not_applicable,not_applicable,0,0,0,0,0,0,0,0,0,"derived from frozen fixed-mode PHY, not decoded TX truth",actual online waveform measurement
P4084_N4084_seed2026092404,n07590611/ILSVRC2012_val_00030972_n07590611,9c48e6f2ebe13ddb403d08c32bf75e310519ee41d0ce439b7e8fe60fd1f4d2db,7,2002,SHORT-PREFIX-20260923-priority-selected-v1,59b70217b3081ced610b38538606e94fd7e1d1b33cd56b152ca98eace465118b,4084,0,0,4084,8168.001489796643,not_applicable,not_applicable,not_applicable,0,0,0,0,0,0,0,0,0,"derived from frozen fixed-mode PHY, not decoded TX truth",actual online waveform measurement
P4084_N4084_seed2026092404,n07590611/ILSVRC2012_val_00030972_n07590611,9c48e6f2ebe13ddb403d08c32bf75e310519ee41d0ce439b7e8fe60fd1f4d2db,7,2003,SHORT-PREFIX-20260923-priority-selected-v1,59b70217b3081ced610b38538606e94fd7e1d1b33cd56b152ca98eace465118b,4084,0,0,4084,8168.001489796643,not_applicable,not_applicable,not_applicable,0,0,0,0,0,0,0,0,0,"derived from frozen fixed-mode PHY, not decoded TX truth",actual online waveform measurement
P4084_N4084_seed2026092404,n07590611/ILSVRC2012_val_00030972_n07590611,9c48e6f2ebe13ddb403d08c32bf75e310519ee41d0ce439b7e8fe60fd1f4d2db,13,2001,SHORT-PREFIX-20260923-priority-selected-v1,59b70217b3081ced610b38538606e94fd7e1d1b33cd56b152ca98eace465118b,4084,0,0,4084,8168.001489796643,not_applicable,not_applicable,not_applicable,0,0,0,0,0,0,0,0,0,"derived from frozen fixed-mode PHY, not decoded TX truth",actual online waveform measurement
P4084_N4084_seed2026092404,n07590611/ILSVRC2012_val_00030972_n07590611,9c48e6f2ebe13ddb403d08c32bf75e310519ee41d0ce439b7e8fe60fd1f4d2db,13,2002,SHORT-PREFIX-20260923-priority-selected-v1,59b70217b3081ced610b38538606e94fd7e1d1b33cd56b152ca98eace465118b,4084,0,0,4084,8168.001489796643,not_applicable,not_applicable,not_applicable,0,0,0,0,0,0,0,0,0,"derived from frozen fixed-mode PHY, not decoded TX truth",actual online waveform measurement
P4084_N4084_seed2026092404,n07590611/ILSVRC2012_val_00030972_n07590611,9c48e6f2ebe13ddb403d08c32bf75e310519ee41d0ce439b7e8fe60fd1f4d2db,13,2003,SHORT-PREFIX-20260923-priority-selected-v1,59b70217b3081ced610b38538606e94fd7e1d1b33cd56b152ca98eace465118b,4084,0,0,4084,8168.001489796643,not_applicable,not_applicable,not_applicable,0,0,0,0,0,0,0,0,0,"derived from frozen fixed-mode PHY, not decoded TX truth",actual online waveform measurement
P4084_N4084_seed2026092404,n07590611/ILSVRC2012_val_00030972_n07590611,9c48e6f2ebe13ddb403d08c32bf75e310519ee41d0ce439b7e8fe60fd1f4d2db,19,2001,SHORT-PREFIX-20260923-priority-selected-v1,59b70217b3081ced610b38538606e94fd7e1d1b33cd56b152ca98eace465118b,4084,0,0,4084,8168.001489796643,not_applicable,not_applicable,not_applicable,0,0,0,0,0,0,0,0,0,"derived from frozen fixed-mode PHY, not decoded TX truth",actual online waveform measurement
P4084_N4084_seed2026092404,n07590611/ILSVRC2012_val_00030972_n07590611,9c48e6f2ebe13ddb403d08c32bf75e310519ee41d0ce439b7e8fe60fd1f4d2db,19,2002,SHORT-PREFIX-20260923-priority-selected-v1,59b70217b3081ced610b38538606e94fd7e1d1b33cd56b152ca98eace465118b,4084,0,0,4084,8168.001489796643,not_applicable,not_applicable,not_applicable,0,0,0,0,0,0,0,0,0,"derived from frozen fixed-mode PHY, not decoded TX truth",actual online waveform measurement
P4084_N4084_seed2026092404,n07590611/ILSVRC2012_val_00030972_n07590611,9c48e6f2ebe13ddb403d08c32bf75e310519ee41d0ce439b7e8fe60fd1f4d2db,19,2003,SHORT-PREFIX-20260923-priority-selected-v1,59b70217b3081ced610b38538606e94fd7e1d1b33cd56b152ca98eace465118b,4084,0,0,4084,8168.001489796643,not_applicable,not_applicable,not_applicable,0,0,0,0,0,0,0,0,0,"derived from frozen fixed-mode PHY, not decoded TX truth",actual online waveform measurement
P4084_N4084_seed2026092404,n07714990/ILSVRC2012_val_00008416_n07714990,fa679471f22e180ea849cf5603d78bf57767d47fa978e63d5b4fc7a16cf1c58e,1,2001,SHORT-PREFIX-20260923-priority-selected-v1,59b70217b3081ced610b38538606e94fd7e1d1b33cd56b152ca98eace465118b,4084,0,0,4084,8168.000131774408,not_applicable,not_applicable,not_applicable,0,0,0,0,0,0,0,0,0,"derived from frozen fixed-mode PHY, not decoded TX truth",actual online waveform measurement
P4084_N4084_seed2026092404,n07714990/ILSVRC2012_val_00008416_n07714990,fa679471f22e180ea849cf5603d78bf57767d47fa978e63d5b4fc7a16cf1c58e,1,2002,SHORT-PREFIX-20260923-priority-selected-v1,59b70217b3081ced610b38538606e94fd7e1d1b33cd56b152ca98eace465118b,4084,0,0,4084,8168.000131774408,not_applicable,not_applicable,not_applicable,0,0,0,0,0,0,0,0,0,"derived from frozen fixed-mode PHY, not decoded TX truth",actual online waveform measurement
P4084_N4084_seed2026092404,n07714990/ILSVRC2012_val_00008416_n07714990,fa679471f22e180ea849cf5603d78bf57767d47fa978e63d5b4fc7a16cf1c58e,1,2003,SHORT-PREFIX-20260923-priority-selected-v1,59b70217b3081ced610b38538606e94fd7e1d1b33cd56b152ca98eace465118b,4084,0,0,4084,8168.000131774408,not_applicable,not_applicable,not_applicable,0,0,0,0,0,0,0,0,0,"derived from frozen fixed-mode PHY, not decoded TX truth",actual online waveform measurement
P4084_N4084_seed2026092404,n07714990/ILSVRC2012_val_00008416_n07714990,fa679471f22e180ea849cf5603d78bf57767d47fa978e63d5b4fc7a16cf1c58e,4,2001,SHORT-PREFIX-20260923-priority-selected-v1,59b70217b3081ced610b38538606e94fd7e1d1b33cd56b152ca98eace465118b,4084,0,0,4084,8168.000131774408,not_applicable,not_applicable,not_applicable,0,0,0,0,0,0,0,0,0,"derived from frozen fixed-mode PHY, not decoded TX truth",actual online waveform measurement
P4084_N4084_seed2026092404,n07714990/ILSVRC2012_val_00008416_n07714990,fa679471f22e180ea849cf5603d78bf57767d47fa978e63d5b4fc7a16cf1c58e,4,2002,SHORT-PREFIX-20260923-priority-selected-v1,59b70217b3081ced610b38538606e94fd7e1d1b33cd56b152ca98eace465118b,4084,0,0,4084,8168.000131774408,not_applicable,not_applicable,not_applicable,0,0,0,0,0,0,0,0,0,"derived from frozen fixed-mode PHY, not decoded TX truth",actual online waveform measurement
P4084_N4084_seed2026092404,n07714990/ILSVRC2012_val_00008416_n07714990,fa679471f22e180ea849cf5603d78bf57767d47fa978e63d5b4fc7a16cf1c58e,4,2003,SHORT-PREFIX-20260923-priority-selected-v1,59b70217b3081ced610b38538606e94fd7e1d1b33cd56b152ca98eace465118b,4084,0,0,4084,8168.000131774408,not_applicable,not_applicable,not_applicable,0,0,0,0,0,0,0,0,0,"derived from frozen fixed-mode PHY, not decoded TX truth",actual online waveform measurement
P4084_N4084_seed2026092404,n07714990/ILSVRC2012_val_00008416_n07714990,fa679471f22e180ea849cf5603d78bf57767d47fa978e63d5b4fc7a16cf1c58e,7,2001,SHORT-PREFIX-20260923-priority-selected-v1,59b70217b3081ced610b38538606e94fd7e1d1b33cd56b152ca98eace465118b,4084,0,0,4084,8168.000131774408,not_applicable,not_applicable,not_applicable,0,0,0,0,0,0,0,0,0,"derived from frozen fixed-mode PHY, not decoded TX truth",actual online waveform measurement
P4084_N4084_seed2026092404,n07714990/ILSVRC2012_val_00008416_n07714990,fa679471f22e180ea849cf5603d78bf57767d47fa978e63d5b4fc7a16cf1c58e,7,2002,SHORT-PREFIX-20260923-priority-selected-v1,59b70217b3081ced610b38538606e94fd7e1d1b33cd56b152ca98eace465118b,4084,0,0,4084,8168.000131774408,not_applicable,not_applicable,not_applicable,0,0,0,0,0,0,0,0,0,"derived from frozen fixed-mode PHY, not decoded TX truth",actual online waveform measurement
P4084_N4084_seed2026092404,n07714990/ILSVRC2012_val_00008416_n07714990,fa679471f22e180ea849cf5603d78bf57767d47fa978e63d5b4fc7a16cf1c58e,7,2003,SHORT-PREFIX-20260923-priority-selected-v1,59b70217b3081ced610b38538606e94fd7e1d1b33cd56b152ca98eace465118b,4084,0,0,4084,8168.000131774408,not_applicable,not_applicable,not_applicable,0,0,0,0,0,0,0,0,0,"derived from frozen fixed-mode PHY, not decoded TX truth",actual online waveform measurement
P4084_N4084_seed2026092404,n07714990/ILSVRC2012_val_00008416_n07714990,fa679471f22e180ea849cf5603d78bf57767d47fa978e63d5b4fc7a16cf1c58e,13,2001,SHORT-PREFIX-20260923-priority-selected-v1,59b70217b3081ced610b38538606e94fd7e1d1b33cd56b152ca98eace465118b,4084,0,0,4084,8168.000131774408,not_applicable,not_applicable,not_applicable,0,0,0,0,0,0,0,0,0,"derived from frozen fixed-mode PHY, not decoded TX truth",actual online waveform measurement
P4084_N4084_seed2026092404,n07714990/ILSVRC2012_val_00008416_n07714990,fa679471f22e180ea849cf5603d78bf57767d47fa978e63d5b4fc7a16cf1c58e,13,2002,SHORT-PREFIX-20260923-priority-selected-v1,59b70217b3081ced610b38538606e94fd7e1d1b33cd56b152ca98eace465118b,4084,0,0,4084,8168.000131774408,not_applicable,not_applicable,not_applicable,0,0,0,0,0,0,0,0,0,"derived from frozen fixed-mode PHY, not decoded TX truth",actual online waveform measurement
P4084_N4084_seed2026092404,n07714990/ILSVRC2012_val_00008416_n07714990,fa679471f22e180ea849cf5603d78bf57767d47fa978e63d5b4fc7a16cf1c58e,13,2003,SHORT-PREFIX-20260923-priority-selected-v1,59b70217b3081ced610b38538606e94fd7e1d1b33cd56b152ca98eace465118b,4084,0,0,4084,8168.000131774408,not_applicable,not_applicable,not_applicable,0,0,0,0,0,0,0,0,0,"derived from frozen fixed-mode PHY, not decoded TX truth",actual online waveform measurement
P4084_N4084_seed2026092404,n07714990/ILSVRC2012_val_00008416_n07714990,fa679471f22e180ea849cf5603d78bf57767d47fa978e63d5b4fc7a16cf1c58e,19,2001,SHORT-PREFIX-20260923-priority-selected-v1,59b70217b3081ced610b38538606e94fd7e1d1b33cd56b152ca98eace465118b,4084,0,0,4084,8168.000131774408,not_applicable,not_applicable,not_applicable,0,0,0,0,0,0,0,0,0,"derived from frozen fixed-mode PHY, not decoded TX truth",actual online waveform measurement
P4084_N4084_seed2026092404,n07714990/ILSVRC2012_val_00008416_n07714990,fa679471f22e180ea849cf5603d78bf57767d47fa978e63d5b4fc7a16cf1c58e,19,2002,SHORT-PREFIX-20260923-priority-selected-v1,59b70217b3081ced610b38538606e94fd7e1d1b33cd56b152ca98eace465118b,4084,0,0,4084,8168.000131774408,not_applicable,not_applicable,not_applicable,0,0,0,0,0,0,0,0,0,"derived from frozen fixed-mode PHY, not decoded TX truth",actual online waveform measurement
P4084_N4084_seed2026092404,n07714990/ILSVRC2012_val_00008416_n07714990,fa679471f22e180ea849cf5603d78bf57767d47fa978e63d5b4fc7a16cf1c58e,19,2003,SHORT-PREFIX-20260923-priority-selected-v1,59b70217b3081ced610b38538606e94fd7e1d1b33cd56b152ca98eace465118b,4084,0,0,4084,8168.000131774408,not_applicable,not_applicable,not_applicable,0,0,0,0,0,0,0,0,0,"derived from frozen fixed-mode PHY, not decoded TX truth",actual online waveform measurement
P4084_N4084_seed2026092404,n07716906/ILSVRC2012_val_00011140_n07716906,f5bb633b7ca92a84ca97938ec4618656e2d6c0c3276cce9e41ce3a9dc5201b68,1,2001,SHORT-PREFIX-20260923-priority-selected-v1,59b70217b3081ced610b38538606e94fd7e1d1b33cd56b152ca98eace465118b,4084,0,0,4084,8167.999349945454,not_applicable,not_applicable,not_applicable,0,0,0,0,0,0,0,0,0,"derived from frozen fixed-mode PHY, not decoded TX truth",actual online waveform measurement
P4084_N4084_seed2026092404,n07716906/ILSVRC2012_val_00011140_n07716906,f5bb633b7ca92a84ca97938ec4618656e2d6c0c3276cce9e41ce3a9dc5201b68,1,2002,SHORT-PREFIX-20260923-priority-selected-v1,59b70217b3081ced610b38538606e94fd7e1d1b33cd56b152ca98eace465118b,4084,0,0,4084,8167.999349945454,not_applicable,not_applicable,not_applicable,0,0,0,0,0,0,0,0,0,"derived from frozen fixed-mode PHY, not decoded TX truth",actual online waveform measurement
P4084_N4084_seed2026092404,n07716906/ILSVRC2012_val_00011140_n07716906,f5bb633b7ca92a84ca97938ec4618656e2d6c0c3276cce9e41ce3a9dc5201b68,1,2003,SHORT-PREFIX-20260923-priority-selected-v1,59b70217b3081ced610b38538606e94fd7e1d1b33cd56b152ca98eace465118b,4084,0,0,4084,8167.999349945454,not_applicable,not_applicable,not_applicable,0,0,0,0,0,0,0,0,0,"derived from frozen fixed-mode PHY, not decoded TX truth",actual online waveform measurement
P4084_N4084_seed2026092404,n07716906/ILSVRC2012_val_00011140_n07716906,f5bb633b7ca92a84ca97938ec4618656e2d6c0c3276cce9e41ce3a9dc5201b68,4,2001,SHORT-PREFIX-20260923-priority-selected-v1,59b70217b3081ced610b38538606e94fd7e1d1b33cd56b152ca98eace465118b,4084,0,0,4084,8167.999349945454,not_applicable,not_applicable,not_applicable,0,0,0,0,0,0,0,0,0,"derived from frozen fixed-mode PHY, not decoded TX truth",actual online waveform measurement
P4084_N4084_seed2026092404,n07716906/ILSVRC2012_val_00011140_n07716906,f5bb633b7ca92a84ca97938ec4618656e2d6c0c3276cce9e41ce3a9dc5201b68,4,2002,SHORT-PREFIX-20260923-priority-selected-v1,59b70217b3081ced610b38538606e94fd7e1d1b33cd56b152ca98eace465118b,4084,0,0,4084,8167.999349945454,not_applicable,not_applicable,not_applicable,0,0,0,0,0,0,0,0,0,"derived from frozen fixed-mode PHY, not decoded TX truth",actual online waveform measurement
P4084_N4084_seed2026092404,n07716906/ILSVRC2012_val_00011140_n07716906,f5bb633b7ca92a84ca97938ec4618656e2d6c0c3276cce9e41ce3a9dc5201b68,4,2003,SHORT-PREFIX-20260923-priority-selected-v1,59b70217b3081ced610b38538606e94fd7e1d1b33cd56b152ca98eace465118b,4084,0,0,4084,8167.999349945454,not_applicable,not_applicable,not_applicable,0,0,0,0,0,0,0,0,0,"derived from frozen fixed-mode PHY, not decoded TX truth",actual online waveform measurement
P4084_N4084_seed2026092404,n07716906/ILSVRC2012_val_00011140_n07716906,f5bb633b7ca92a84ca97938ec4618656e2d6c0c3276cce9e41ce3a9dc5201b68,7,2001,SHORT-PREFIX-20260923-priority-selected-v1,59b70217b3081ced610b38538606e94fd7e1d1b33cd56b152ca98eace465118b,4084,0,0,4084,8167.999349945454,not_applicable,not_applicable,not_applicable,0,0,0,0,0,0,0,0,0,"derived from frozen fixed-mode PHY, not decoded TX truth",actual online waveform measurement
P4084_N4084_seed2026092404,n07716906/ILSVRC2012_val_00011140_n07716906,f5bb633b7ca92a84ca97938ec4618656e2d6c0c3276cce9e41ce3a9dc5201b68,7,2002,SHORT-PREFIX-20260923-priority-selected-v1,59b70217b3081ced610b38538606e94fd7e1d1b33cd56b152ca98eace465118b,4084,0,0,4084,8167.999349945454,not_applicable,not_applicable,not_applicable,0,0,0,0,0,0,0,0,0,"derived from frozen fixed-mode PHY, not decoded TX truth",actual online waveform measurement
P4084_N4084_seed2026092404,n07716906/ILSVRC2012_val_00011140_n07716906,f5bb633b7ca92a84ca97938ec4618656e2d6c0c3276cce9e41ce3a9dc5201b68,7,2003,SHORT-PREFIX-20260923-priority-selected-v1,59b70217b3081ced610b38538606e94fd7e1d1b33cd56b152ca98eace465118b,4084,0,0,4084,8167.999349945454,not_applicable,not_applicable,not_applicable,0,0,0,0,0,0,0,0,0,"derived from frozen fixed-mode PHY, not decoded TX truth",actual online waveform measurement
P4084_N4084_seed2026092404,n07716906/ILSVRC2012_val_00011140_n07716906,f5bb633b7ca92a84ca97938ec4618656e2d6c0c3276cce9e41ce3a9dc5201b68,13,2001,SHORT-PREFIX-20260923-priority-selected-v1,59b70217b3081ced610b38538606e94fd7e1d1b33cd56b152ca98eace465118b,4084,0,0,4084,8167.999349945454,not_applicable,not_applicable,not_applicable,0,0,0,0,0,0,0,0,0,"derived from frozen fixed-mode PHY, not decoded TX truth",actual online waveform measurement
P4084_N4084_seed2026092404,n07716906/ILSVRC2012_val_00011140_n07716906,f5bb633b7ca92a84ca97938ec4618656e2d6c0c3276cce9e41ce3a9dc5201b68,13,2002,SHORT-PREFIX-20260923-priority-selected-v1,59b70217b3081ced610b38538606e94fd7e1d1b33cd56b152ca98eace465118b,4084,0,0,4084,8167.999349945454,not_applicable,not_applicable,not_applicable,0,0,0,0,0,0,0,0,0,"derived from frozen fixed-mode PHY, not decoded TX truth",actual online waveform measurement
P4084_N4084_seed2026092404,n07716906/ILSVRC2012_val_00011140_n07716906,f5bb633b7ca92a84ca97938ec4618656e2d6c0c3276cce9e41ce3a9dc5201b68,13,2003,SHORT-PREFIX-20260923-priority-selected-v1,59b70217b3081ced610b38538606e94fd7e1d1b33cd56b152ca98eace465118b,4084,0,0,4084,8167.999349945454,not_applicable,not_applicable,not_applicable,0,0,0,0,0,0,0,0,0,"derived from frozen fixed-mode PHY, not decoded TX truth",actual online waveform measurement
P4084_N4084_seed2026092404,n07716906/ILSVRC2012_val_00011140_n07716906,f5bb633b7ca92a84ca97938ec4618656e2d6c0c3276cce9e41ce3a9dc5201b68,19,2001,SHORT-PREFIX-20260923-priority-selected-v1,59b70217b3081ced610b38538606e94fd7e1d1b33cd56b152ca98eace465118b,4084,0,0,4084,8167.999349945454,not_applicable,not_applicable,not_applicable,0,0,0,0,0,0,0,0,0,"derived from frozen fixed-mode PHY, not decoded TX truth",actual online waveform measurement
P4084_N4084_seed2026092404,n07716906/ILSVRC2012_val_00011140_n07716906,f5bb633b7ca92a84ca97938ec4618656e2d6c0c3276cce9e41ce3a9dc5201b68,19,2002,SHORT-PREFIX-20260923-priority-selected-v1,59b70217b3081ced610b38538606e94fd7e1d1b33cd56b152ca98eace465118b,4084,0,0,4084,8167.999349945454,not_applicable,not_applicable,not_applicable,0,0,0,0,0,0,0,0,0,"derived from frozen fixed-mode PHY, not decoded TX truth",actual online waveform measurement
P4084_N4084_seed2026092404,n07716906/ILSVRC2012_val_00011140_n07716906,f5bb633b7ca92a84ca97938ec4618656e2d6c0c3276cce9e41ce3a9dc5201b68,19,2003,SHORT-PREFIX-20260923-priority-selected-v1,59b70217b3081ced610b38538606e94fd7e1d1b33cd56b152ca98eace465118b,4084,0,0,4084,8167.999349945454,not_applicable,not_applicable,not_applicable,0,0,0,0,0,0,0,0,0,"derived from frozen fixed-mode PHY, not decoded TX truth",actual online waveform measurement
P4084_N4084_seed2026092404,n07720875/ILSVRC2012_val_00000423_n07720875,94c61912cfaf43eb86fef5f9db09de3f28c217adde3eb95d1e48babd448b9893,1,2001,SHORT-PREFIX-20260923-priority-selected-v1,59b70217b3081ced610b38538606e94fd7e1d1b33cd56b152ca98eace465118b,4084,0,0,4084,8168.000429640435,not_applicable,not_applicable,not_applicable,0,0,0,0,0,0,0,0,0,"derived from frozen fixed-mode PHY, not decoded TX truth",actual online waveform measurement
P4084_N4084_seed2026092404,n07720875/ILSVRC2012_val_00000423_n07720875,94c61912cfaf43eb86fef5f9db09de3f28c217adde3eb95d1e48babd448b9893,1,2002,SHORT-PREFIX-20260923-priority-selected-v1,59b70217b3081ced610b38538606e94fd7e1d1b33cd56b152ca98eace465118b,4084,0,0,4084,8168.000429640435,not_applicable,not_applicable,not_applicable,0,0,0,0,0,0,0,0,0,"derived from frozen fixed-mode PHY, not decoded TX truth",actual online waveform measurement
P4084_N4084_seed2026092404,n07720875/ILSVRC2012_val_00000423_n07720875,94c61912cfaf43eb86fef5f9db09de3f28c217adde3eb95d1e48babd448b9893,1,2003,SHORT-PREFIX-20260923-priority-selected-v1,59b70217b3081ced610b38538606e94fd7e1d1b33cd56b152ca98eace465118b,4084,0,0,4084,8168.000429640435,not_applicable,not_applicable,not_applicable,0,0,0,0,0,0,0,0,0,"derived from frozen fixed-mode PHY, not decoded TX truth",actual online waveform measurement
P4084_N4084_seed2026092404,n07720875/ILSVRC2012_val_00000423_n07720875,94c61912cfaf43eb86fef5f9db09de3f28c217adde3eb95d1e48babd448b9893,4,2001,SHORT-PREFIX-20260923-priority-selected-v1,59b70217b3081ced610b38538606e94fd7e1d1b33cd56b152ca98eace465118b,4084,0,0,4084,8168.000429640435,not_applicable,not_applicable,not_applicable,0,0,0,0,0,0,0,0,0,"derived from frozen fixed-mode PHY, not decoded TX truth",actual online waveform measurement
P4084_N4084_seed2026092404,n07720875/ILSVRC2012_val_00000423_n07720875,94c61912cfaf43eb86fef5f9db09de3f28c217adde3eb95d1e48babd448b9893,4,2002,SHORT-PREFIX-20260923-priority-selected-v1,59b70217b3081ced610b38538606e94fd7e1d1b33cd56b152ca98eace465118b,4084,0,0,4084,8168.000429640435,not_applicable,not_applicable,not_applicable,0,0,0,0,0,0,0,0,0,"derived from frozen fixed-mode PHY, not decoded TX truth",actual online waveform measurement
P4084_N4084_seed2026092404,n07720875/ILSVRC2012_val_00000423_n07720875,94c61912cfaf43eb86fef5f9db09de3f28c217adde3eb95d1e48babd448b9893,4,2003,SHORT-PREFIX-20260923-priority-selected-v1,59b70217b3081ced610b38538606e94fd7e1d1b33cd56b152ca98eace465118b,4084,0,0,4084,8168.000429640435,not_applicable,not_applicable,not_applicable,0,0,0,0,0,0,0,0,0,"derived from frozen fixed-mode PHY, not decoded TX truth",actual online waveform measurement
P4084_N4084_seed2026092404,n07720875/ILSVRC2012_val_00000423_n07720875,94c61912cfaf43eb86fef5f9db09de3f28c217adde3eb95d1e48babd448b9893,7,2001,SHORT-PREFIX-20260923-priority-selected-v1,59b70217b3081ced610b38538606e94fd7e1d1b33cd56b152ca98eace465118b,4084,0,0,4084,8168.000429640435,not_applicable,not_applicable,not_applicable,0,0,0,0,0,0,0,0,0,"derived from frozen fixed-mode PHY, not decoded TX truth",actual online waveform measurement
P4084_N4084_seed2026092404,n07720875/ILSVRC2012_val_00000423_n07720875,94c61912cfaf43eb86fef5f9db09de3f28c217adde3eb95d1e48babd448b9893,7,2002,SHORT-PREFIX-20260923-priority-selected-v1,59b70217b3081ced610b38538606e94fd7e1d1b33cd56b152ca98eace465118b,4084,0,0,4084,8168.000429640435,not_applicable,not_applicable,not_applicable,0,0,0,0,0,0,0,0,0,"derived from frozen fixed-mode PHY, not decoded TX truth",actual online waveform measurement
P4084_N4084_seed2026092404,n07720875/ILSVRC2012_val_00000423_n07720875,94c61912cfaf43eb86fef5f9db09de3f28c217adde3eb95d1e48babd448b9893,7,2003,SHORT-PREFIX-20260923-priority-selected-v1,59b70217b3081ced610b38538606e94fd7e1d1b33cd56b152ca98eace465118b,4084,0,0,4084,8168.000429640435,not_applicable,not_applicable,not_applicable,0,0,0,0,0,0,0,0,0,"derived from frozen fixed-mode PHY, not decoded TX truth",actual online waveform measurement
P4084_N4084_seed2026092404,n07720875/ILSVRC2012_val_00000423_n07720875,94c61912cfaf43eb86fef5f9db09de3f28c217adde3eb95d1e48babd448b9893,13,2001,SHORT-PREFIX-20260923-priority-selected-v1,59b70217b3081ced610b38538606e94fd7e1d1b33cd56b152ca98eace465118b,4084,0,0,4084,8168.000429640435,not_applicable,not_applicable,not_applicable,0,0,0,0,0,0,0,0,0,"derived from frozen fixed-mode PHY, not decoded TX truth",actual online waveform measurement
P4084_N4084_seed2026092404,n07720875/ILSVRC2012_val_00000423_n07720875,94c61912cfaf43eb86fef5f9db09de3f28c217adde3eb95d1e48babd448b9893,13,2002,SHORT-PREFIX-20260923-priority-selected-v1,59b70217b3081ced610b38538606e94fd7e1d1b33cd56b152ca98eace465118b,4084,0,0,4084,8168.000429640435,not_applicable,not_applicable,not_applicable,0,0,0,0,0,0,0,0,0,"derived from frozen fixed-mode PHY, not decoded TX truth",actual online waveform measurement
P4084_N4084_seed2026092404,n07720875/ILSVRC2012_val_00000423_n07720875,94c61912cfaf43eb86fef5f9db09de3f28c217adde3eb95d1e48babd448b9893,13,2003,SHORT-PREFIX-20260923-priority-selected-v1,59b70217b3081ced610b38538606e94fd7e1d1b33cd56b152ca98eace465118b,4084,0,0,4084,8168.000429640435,not_applicable,not_applicable,not_applicable,0,0,0,0,0,0,0,0,0,"derived from frozen fixed-mode PHY, not decoded TX truth",actual online waveform measurement
P4084_N4084_seed2026092404,n07720875/ILSVRC2012_val_00000423_n07720875,94c61912cfaf43eb86fef5f9db09de3f28c217adde3eb95d1e48babd448b9893,19,2001,SHORT-PREFIX-20260923-priority-selected-v1,59b70217b3081ced610b38538606e94fd7e1d1b33cd56b152ca98eace465118b,4084,0,0,4084,8168.000429640435,not_applicable,not_applicable,not_applicable,0,0,0,0,0,0,0,0,0,"derived from frozen fixed-mode PHY, not decoded TX truth",actual online waveform measurement
P4084_N4084_seed2026092404,n07720875/ILSVRC2012_val_00000423_n07720875,94c61912cfaf43eb86fef5f9db09de3f28c217adde3eb95d1e48babd448b9893,19,2002,SHORT-PREFIX-20260923-priority-selected-v1,59b70217b3081ced610b38538606e94fd7e1d1b33cd56b152ca98eace465118b,4084,0,0,4084,8168.000429640435,not_applicable,not_applicable,not_applicable,0,0,0,0,0,0,0,0,0,"derived from frozen fixed-mode PHY, not decoded TX truth",actual online waveform measurement
P4084_N4084_seed2026092404,n07720875/ILSVRC2012_val_00000423_n07720875,94c61912cfaf43eb86fef5f9db09de3f28c217adde3eb95d1e48babd448b9893,19,2003,SHORT-PREFIX-20260923-priority-selected-v1,59b70217b3081ced610b38538606e94fd7e1d1b33cd56b152ca98eace465118b,4084,0,0,4084,8168.000429640435,not_applicable,not_applicable,not_applicable,0,0,0,0,0,0,0,0,0,"derived from frozen fixed-mode PHY, not decoded TX truth",actual online waveform measurement
P4084_N4084_seed2026092404,n07860988/ILSVRC2012_val_00010848_n07860988,ab3fd1840a939a1fefbb0669c3678defc0c18d07886a9283fc4e357eeb609b40,1,2001,SHORT-PREFIX-20260923-priority-selected-v1,59b70217b3081ced610b38538606e94fd7e1d1b33cd56b152ca98eace465118b,4084,0,0,4084,8168.000713890925,not_applicable,not_applicable,not_applicable,0,0,0,0,0,0,0,0,0,"derived from frozen fixed-mode PHY, not decoded TX truth",actual online waveform measurement
P4084_N4084_seed2026092404,n07860988/ILSVRC2012_val_00010848_n07860988,ab3fd1840a939a1fefbb0669c3678defc0c18d07886a9283fc4e357eeb609b40,1,2002,SHORT-PREFIX-20260923-priority-selected-v1,59b70217b3081ced610b38538606e94fd7e1d1b33cd56b152ca98eace465118b,4084,0,0,4084,8168.000713890925,not_applicable,not_applicable,not_applicable,0,0,0,0,0,0,0,0,0,"derived from frozen fixed-mode PHY, not decoded TX truth",actual online waveform measurement
P4084_N4084_seed2026092404,n07860988/ILSVRC2012_val_00010848_n07860988,ab3fd1840a939a1fefbb0669c3678defc0c18d07886a9283fc4e357eeb609b40,1,2003,SHORT-PREFIX-20260923-priority-selected-v1,59b70217b3081ced610b38538606e94fd7e1d1b33cd56b152ca98eace465118b,4084,0,0,4084,8168.000713890925,not_applicable,not_applicable,not_applicable,0,0,0,0,0,0,0,0,0,"derived from frozen fixed-mode PHY, not decoded TX truth",actual online waveform measurement
P4084_N4084_seed2026092404,n07860988/ILSVRC2012_val_00010848_n07860988,ab3fd1840a939a1fefbb0669c3678defc0c18d07886a9283fc4e357eeb609b40,4,2001,SHORT-PREFIX-20260923-priority-selected-v1,59b70217b3081ced610b38538606e94fd7e1d1b33cd56b152ca98eace465118b,4084,0,0,4084,8168.000713890925,not_applicable,not_applicable,not_applicable,0,0,0,0,0,0,0,0,0,"derived from frozen fixed-mode PHY, not decoded TX truth",actual online waveform measurement
P4084_N4084_seed2026092404,n07860988/ILSVRC2012_val_00010848_n07860988,ab3fd1840a939a1fefbb0669c3678defc0c18d07886a9283fc4e357eeb609b40,4,2002,SHORT-PREFIX-20260923-priority-selected-v1,59b70217b3081ced610b38538606e94fd7e1d1b33cd56b152ca98eace465118b,4084,0,0,4084,8168.000713890925,not_applicable,not_applicable,not_applicable,0,0,0,0,0,0,0,0,0,"derived from frozen fixed-mode PHY, not decoded TX truth",actual online waveform measurement
P4084_N4084_seed2026092404,n07860988/ILSVRC2012_val_00010848_n07860988,ab3fd1840a939a1fefbb0669c3678defc0c18d07886a9283fc4e357eeb609b40,4,2003,SHORT-PREFIX-20260923-priority-selected-v1,59b70217b3081ced610b38538606e94fd7e1d1b33cd56b152ca98eace465118b,4084,0,0,4084,8168.000713890925,not_applicable,not_applicable,not_applicable,0,0,0,0,0,0,0,0,0,"derived from frozen fixed-mode PHY, not decoded TX truth",actual online waveform measurement
P4084_N4084_seed2026092404,n07860988/ILSVRC2012_val_00010848_n07860988,ab3fd1840a939a1fefbb0669c3678defc0c18d07886a9283fc4e357eeb609b40,7,2001,SHORT-PREFIX-20260923-priority-selected-v1,59b70217b3081ced610b38538606e94fd7e1d1b33cd56b152ca98eace465118b,4084,0,0,4084,8168.000713890925,not_applicable,not_applicable,not_applicable,0,0,0,0,0,0,0,0,0,"derived from frozen fixed-mode PHY, not decoded TX truth",actual online waveform measurement
P4084_N4084_seed2026092404,n07860988/ILSVRC2012_val_00010848_n07860988,ab3fd1840a939a1fefbb0669c3678defc0c18d07886a9283fc4e357eeb609b40,7,2002,SHORT-PREFIX-20260923-priority-selected-v1,59b70217b3081ced610b38538606e94fd7e1d1b33cd56b152ca98eace465118b,4084,0,0,4084,8168.000713890925,not_applicable,not_applicable,not_applicable,0,0,0,0,0,0,0,0,0,"derived from frozen fixed-mode PHY, not decoded TX truth",actual online waveform measurement
P4084_N4084_seed2026092404,n07860988/ILSVRC2012_val_00010848_n07860988,ab3fd1840a939a1fefbb0669c3678defc0c18d07886a9283fc4e357eeb609b40,7,2003,SHORT-PREFIX-20260923-priority-selected-v1,59b70217b3081ced610b38538606e94fd7e1d1b33cd56b152ca98eace465118b,4084,0,0,4084,8168.000713890925,not_applicable,not_applicable,not_applicable,0,0,0,0,0,0,0,0,0,"derived from frozen fixed-mode PHY, not decoded TX truth",actual online waveform measurement
P4084_N4084_seed2026092404,n07860988/ILSVRC2012_val_00010848_n07860988,ab3fd1840a939a1fefbb0669c3678defc0c18d07886a9283fc4e357eeb609b40,13,2001,SHORT-PREFIX-20260923-priority-selected-v1,59b70217b3081ced610b38538606e94fd7e1d1b33cd56b152ca98eace465118b,4084,0,0,4084,8168.000713890925,not_applicable,not_applicable,not_applicable,0,0,0,0,0,0,0,0,0,"derived from frozen fixed-mode PHY, not decoded TX truth",actual online waveform measurement
P4084_N4084_seed2026092404,n07860988/ILSVRC2012_val_00010848_n07860988,ab3fd1840a939a1fefbb0669c3678defc0c18d07886a9283fc4e357eeb609b40,13,2002,SHORT-PREFIX-20260923-priority-selected-v1,59b70217b3081ced610b38538606e94fd7e1d1b33cd56b152ca98eace465118b,4084,0,0,4084,8168.000713890925,not_applicable,not_applicable,not_applicable,0,0,0,0,0,0,0,0,0,"derived from frozen fixed-mode PHY, not decoded TX truth",actual online waveform measurement
P4084_N4084_seed2026092404,n07860988/ILSVRC2012_val_00010848_n07860988,ab3fd1840a939a1fefbb0669c3678defc0c18d07886a9283fc4e357eeb609b40,13,2003,SHORT-PREFIX-20260923-priority-selected-v1,59b70217b3081ced610b38538606e94fd7e1d1b33cd56b152ca98eace465118b,4084,0,0,4084,8168.000713890925,not_applicable,not_applicable,not_applicable,0,0,0,0,0,0,0,0,0,"derived from frozen fixed-mode PHY, not decoded TX truth",actual online waveform measurement
P4084_N4084_seed2026092404,n07860988/ILSVRC2012_val_00010848_n07860988,ab3fd1840a939a1fefbb0669c3678defc0c18d07886a9283fc4e357eeb609b40,19,2001,SHORT-PREFIX-20260923-priority-selected-v1,59b70217b3081ced610b38538606e94fd7e1d1b33cd56b152ca98eace465118b,4084,0,0,4084,8168.000713890925,not_applicable,not_applicable,not_applicable,0,0,0,0,0,0,0,0,0,"derived from frozen fixed-mode PHY, not decoded TX truth",actual online waveform measurement
P4084_N4084_seed2026092404,n07860988/ILSVRC2012_val_00010848_n07860988,ab3fd1840a939a1fefbb0669c3678defc0c18d07886a9283fc4e357eeb609b40,19,2002,SHORT-PREFIX-20260923-priority-selected-v1,59b70217b3081ced610b38538606e94fd7e1d1b33cd56b152ca98eace465118b,4084,0,0,4084,8168.000713890925,not_applicable,not_applicable,not_applicable,0,0,0,0,0,0,0,0,0,"derived from frozen fixed-mode PHY, not decoded TX truth",actual online waveform measurement
P4084_N4084_seed2026092404,n07860988/ILSVRC2012_val_00010848_n07860988,ab3fd1840a939a1fefbb0669c3678defc0c18d07886a9283fc4e357eeb609b40,19,2003,SHORT-PREFIX-20260923-priority-selected-v1,59b70217b3081ced610b38538606e94fd7e1d1b33cd56b152ca98eace465118b,4084,0,0,4084,8168.000713890925,not_applicable,not_applicable,not_applicable,0,0,0,0,0,0,0,0,0,"derived from frozen fixed-mode PHY, not decoded TX truth",actual online waveform measurement
P4084_N4084_seed2026092404,n09288635/ILSVRC2012_val_00001270_n09288635,395c9c967ef9c7d6df3793270822b636d0ea3102c5beb3b455eb5d1d84992499,1,2001,SHORT-PREFIX-20260923-priority-selected-v1,59b70217b3081ced610b38538606e94fd7e1d1b33cd56b152ca98eace465118b,4084,0,0,4084,8168.001044233237,not_applicable,not_applicable,not_applicable,0,0,0,0,0,0,0,0,0,"derived from frozen fixed-mode PHY, not decoded TX truth",actual online waveform measurement
P4084_N4084_seed2026092404,n09288635/ILSVRC2012_val_00001270_n09288635,395c9c967ef9c7d6df3793270822b636d0ea3102c5beb3b455eb5d1d84992499,1,2002,SHORT-PREFIX-20260923-priority-selected-v1,59b70217b3081ced610b38538606e94fd7e1d1b33cd56b152ca98eace465118b,4084,0,0,4084,8168.001044233237,not_applicable,not_applicable,not_applicable,0,0,0,0,0,0,0,0,0,"derived from frozen fixed-mode PHY, not decoded TX truth",actual online waveform measurement
P4084_N4084_seed2026092404,n09288635/ILSVRC2012_val_00001270_n09288635,395c9c967ef9c7d6df3793270822b636d0ea3102c5beb3b455eb5d1d84992499,1,2003,SHORT-PREFIX-20260923-priority-selected-v1,59b70217b3081ced610b38538606e94fd7e1d1b33cd56b152ca98eace465118b,4084,0,0,4084,8168.001044233237,not_applicable,not_applicable,not_applicable,0,0,0,0,0,0,0,0,0,"derived from frozen fixed-mode PHY, not decoded TX truth",actual online waveform measurement
P4084_N4084_seed2026092404,n09288635/ILSVRC2012_val_00001270_n09288635,395c9c967ef9c7d6df3793270822b636d0ea3102c5beb3b455eb5d1d84992499,4,2001,SHORT-PREFIX-20260923-priority-selected-v1,59b70217b3081ced610b38538606e94fd7e1d1b33cd56b152ca98eace465118b,4084,0,0,4084,8168.001044233237,not_applicable,not_applicable,not_applicable,0,0,0,0,0,0,0,0,0,"derived from frozen fixed-mode PHY, not decoded TX truth",actual online waveform measurement
P4084_N4084_seed2026092404,n09288635/ILSVRC2012_val_00001270_n09288635,395c9c967ef9c7d6df3793270822b636d0ea3102c5beb3b455eb5d1d84992499,4,2002,SHORT-PREFIX-20260923-priority-selected-v1,59b70217b3081ced610b38538606e94fd7e1d1b33cd56b152ca98eace465118b,4084,0,0,4084,8168.001044233237,not_applicable,not_applicable,not_applicable,0,0,0,0,0,0,0,0,0,"derived from frozen fixed-mode PHY, not decoded TX truth",actual online waveform measurement
P4084_N4084_seed2026092404,n09288635/ILSVRC2012_val_00001270_n09288635,395c9c967ef9c7d6df3793270822b636d0ea3102c5beb3b455eb5d1d84992499,4,2003,SHORT-PREFIX-20260923-priority-selected-v1,59b70217b3081ced610b38538606e94fd7e1d1b33cd56b152ca98eace465118b,4084,0,0,4084,8168.001044233237,not_applicable,not_applicable,not_applicable,0,0,0,0,0,0,0,0,0,"derived from frozen fixed-mode PHY, not decoded TX truth",actual online waveform measurement
P4084_N4084_seed2026092404,n09288635/ILSVRC2012_val_00001270_n09288635,395c9c967ef9c7d6df3793270822b636d0ea3102c5beb3b455eb5d1d84992499,7,2001,SHORT-PREFIX-20260923-priority-selected-v1,59b70217b3081ced610b38538606e94fd7e1d1b33cd56b152ca98eace465118b,4084,0,0,4084,8168.001044233237,not_applicable,not_applicable,not_applicable,0,0,0,0,0,0,0,0,0,"derived from frozen fixed-mode PHY, not decoded TX truth",actual online waveform measurement
P4084_N4084_seed2026092404,n09288635/ILSVRC2012_val_00001270_n09288635,395c9c967ef9c7d6df3793270822b636d0ea3102c5beb3b455eb5d1d84992499,7,2002,SHORT-PREFIX-20260923-priority-selected-v1,59b70217b3081ced610b38538606e94fd7e1d1b33cd56b152ca98eace465118b,4084,0,0,4084,8168.001044233237,not_applicable,not_applicable,not_applicable,0,0,0,0,0,0,0,0,0,"derived from frozen fixed-mode PHY, not decoded TX truth",actual online waveform measurement
P4084_N4084_seed2026092404,n09288635/ILSVRC2012_val_00001270_n09288635,395c9c967ef9c7d6df3793270822b636d0ea3102c5beb3b455eb5d1d84992499,7,2003,SHORT-PREFIX-20260923-priority-selected-v1,59b70217b3081ced610b38538606e94fd7e1d1b33cd56b152ca98eace465118b,4084,0,0,4084,8168.001044233237,not_applicable,not_applicable,not_applicable,0,0,0,0,0,0,0,0,0,"derived from frozen fixed-mode PHY, not decoded TX truth",actual online waveform measurement
P4084_N4084_seed2026092404,n09288635/ILSVRC2012_val_00001270_n09288635,395c9c967ef9c7d6df3793270822b636d0ea3102c5beb3b455eb5d1d84992499,13,2001,SHORT-PREFIX-20260923-priority-selected-v1,59b70217b3081ced610b38538606e94fd7e1d1b33cd56b152ca98eace465118b,4084,0,0,4084,8168.001044233237,not_applicable,not_applicable,not_applicable,0,0,0,0,0,0,0,0,0,"derived from frozen fixed-mode PHY, not decoded TX truth",actual online waveform measurement
P4084_N4084_seed2026092404,n09288635/ILSVRC2012_val_00001270_n09288635,395c9c967ef9c7d6df3793270822b636d0ea3102c5beb3b455eb5d1d84992499,13,2002,SHORT-PREFIX-20260923-priority-selected-v1,59b70217b3081ced610b38538606e94fd7e1d1b33cd56b152ca98eace465118b,4084,0,0,4084,8168.001044233237,not_applicable,not_applicable,not_applicable,0,0,0,0,0,0,0,0,0,"derived from frozen fixed-mode PHY, not decoded TX truth",actual online waveform measurement
P4084_N4084_seed2026092404,n09288635/ILSVRC2012_val_00001270_n09288635,395c9c967ef9c7d6df3793270822b636d0ea3102c5beb3b455eb5d1d84992499,13,2003,SHORT-PREFIX-20260923-priority-selected-v1,59b70217b3081ced610b38538606e94fd7e1d1b33cd56b152ca98eace465118b,4084,0,0,4084,8168.001044233237,not_applicable,not_applicable,not_applicable,0,0,0,0,0,0,0,0,0,"derived from frozen fixed-mode PHY, not decoded TX truth",actual online waveform measurement
P4084_N4084_seed2026092404,n09288635/ILSVRC2012_val_00001270_n09288635,395c9c967ef9c7d6df3793270822b636d0ea3102c5beb3b455eb5d1d84992499,19,2001,SHORT-PREFIX-20260923-priority-selected-v1,59b70217b3081ced610b38538606e94fd7e1d1b33cd56b152ca98eace465118b,4084,0,0,4084,8168.001044233237,not_applicable,not_applicable,not_applicable,0,0,0,0,0,0,0,0,0,"derived from frozen fixed-mode PHY, not decoded TX truth",actual online waveform measurement
P4084_N4084_seed2026092404,n09288635/ILSVRC2012_val_00001270_n09288635,395c9c967ef9c7d6df3793270822b636d0ea3102c5beb3b455eb5d1d84992499,19,2002,SHORT-PREFIX-20260923-priority-selected-v1,59b70217b3081ced610b38538606e94fd7e1d1b33cd56b152ca98eace465118b,4084,0,0,4084,8168.001044233237,not_applicable,not_applicable,not_applicable,0,0,0,0,0,0,0,0,0,"derived from frozen fixed-mode PHY, not decoded TX truth",actual online waveform measurement
P4084_N4084_seed2026092404,n09288635/ILSVRC2012_val_00001270_n09288635,395c9c967ef9c7d6df3793270822b636d0ea3102c5beb3b455eb5d1d84992499,19,2003,SHORT-PREFIX-20260923-priority-selected-v1,59b70217b3081ced610b38538606e94fd7e1d1b33cd56b152ca98eace465118b,4084,0,0,4084,8168.001044233237,not_applicable,not_applicable,not_applicable,0,0,0,0,0,0,0,0,0,"derived from frozen fixed-mode PHY, not decoded TX truth",actual online waveform measurement
P4084_N4084_seed2026092404,n09468604/ILSVRC2012_val_00030741_n09468604,c3ce3780f589689f70061a32c01d4cddde53cc93f13c72d6da0f606f6be56ae3,1,2001,SHORT-PREFIX-20260923-priority-selected-v1,59b70217b3081ced610b38538606e94fd7e1d1b33cd56b152ca98eace465118b,4084,0,0,4084,8168.000149734185,not_applicable,not_applicable,not_applicable,0,0,0,0,0,0,0,0,0,"derived from frozen fixed-mode PHY, not decoded TX truth",actual online waveform measurement
P4084_N4084_seed2026092404,n09468604/ILSVRC2012_val_00030741_n09468604,c3ce3780f589689f70061a32c01d4cddde53cc93f13c72d6da0f606f6be56ae3,1,2002,SHORT-PREFIX-20260923-priority-selected-v1,59b70217b3081ced610b38538606e94fd7e1d1b33cd56b152ca98eace465118b,4084,0,0,4084,8168.000149734185,not_applicable,not_applicable,not_applicable,0,0,0,0,0,0,0,0,0,"derived from frozen fixed-mode PHY, not decoded TX truth",actual online waveform measurement
P4084_N4084_seed2026092404,n09468604/ILSVRC2012_val_00030741_n09468604,c3ce3780f589689f70061a32c01d4cddde53cc93f13c72d6da0f606f6be56ae3,1,2003,SHORT-PREFIX-20260923-priority-selected-v1,59b70217b3081ced610b38538606e94fd7e1d1b33cd56b152ca98eace465118b,4084,0,0,4084,8168.000149734185,not_applicable,not_applicable,not_applicable,0,0,0,0,0,0,0,0,0,"derived from frozen fixed-mode PHY, not decoded TX truth",actual online waveform measurement
P4084_N4084_seed2026092404,n09468604/ILSVRC2012_val_00030741_n09468604,c3ce3780f589689f70061a32c01d4cddde53cc93f13c72d6da0f606f6be56ae3,4,2001,SHORT-PREFIX-20260923-priority-selected-v1,59b70217b3081ced610b38538606e94fd7e1d1b33cd56b152ca98eace465118b,4084,0,0,4084,8168.000149734185,not_applicable,not_applicable,not_applicable,0,0,0,0,0,0,0,0,0,"derived from frozen fixed-mode PHY, not decoded TX truth",actual online waveform measurement
P4084_N4084_seed2026092404,n09468604/ILSVRC2012_val_00030741_n09468604,c3ce3780f589689f70061a32c01d4cddde53cc93f13c72d6da0f606f6be56ae3,4,2002,SHORT-PREFIX-20260923-priority-selected-v1,59b70217b3081ced610b38538606e94fd7e1d1b33cd56b152ca98eace465118b,4084,0,0,4084,8168.000149734185,not_applicable,not_applicable,not_applicable,0,0,0,0,0,0,0,0,0,"derived from frozen fixed-mode PHY, not decoded TX truth",actual online waveform measurement
P4084_N4084_seed2026092404,n09468604/ILSVRC2012_val_00030741_n09468604,c3ce3780f589689f70061a32c01d4cddde53cc93f13c72d6da0f606f6be56ae3,4,2003,SHORT-PREFIX-20260923-priority-selected-v1,59b70217b3081ced610b38538606e94fd7e1d1b33cd56b152ca98eace465118b,4084,0,0,4084,8168.000149734185,not_applicable,not_applicable,not_applicable,0,0,0,0,0,0,0,0,0,"derived from frozen fixed-mode PHY, not decoded TX truth",actual online waveform measurement
P4084_N4084_seed2026092404,n09468604/ILSVRC2012_val_00030741_n09468604,c3ce3780f589689f70061a32c01d4cddde53cc93f13c72d6da0f606f6be56ae3,7,2001,SHORT-PREFIX-20260923-priority-selected-v1,59b70217b3081ced610b38538606e94fd7e1d1b33cd56b152ca98eace465118b,4084,0,0,4084,8168.000149734185,not_applicable,not_applicable,not_applicable,0,0,0,0,0,0,0,0,0,"derived from frozen fixed-mode PHY, not decoded TX truth",actual online waveform measurement
P4084_N4084_seed2026092404,n09468604/ILSVRC2012_val_00030741_n09468604,c3ce3780f589689f70061a32c01d4cddde53cc93f13c72d6da0f606f6be56ae3,7,2002,SHORT-PREFIX-20260923-priority-selected-v1,59b70217b3081ced610b38538606e94fd7e1d1b33cd56b152ca98eace465118b,4084,0,0,4084,8168.000149734185,not_applicable,not_applicable,not_applicable,0,0,0,0,0,0,0,0,0,"derived from frozen fixed-mode PHY, not decoded TX truth",actual online waveform measurement
P4084_N4084_seed2026092404,n09468604/ILSVRC2012_val_00030741_n09468604,c3ce3780f589689f70061a32c01d4cddde53cc93f13c72d6da0f606f6be56ae3,7,2003,SHORT-PREFIX-20260923-priority-selected-v1,59b70217b3081ced610b38538606e94fd7e1d1b33cd56b152ca98eace465118b,4084,0,0,4084,8168.000149734185,not_applicable,not_applicable,not_applicable,0,0,0,0,0,0,0,0,0,"derived from frozen fixed-mode PHY, not decoded TX truth",actual online waveform measurement
P4084_N4084_seed2026092404,n09468604/ILSVRC2012_val_00030741_n09468604,c3ce3780f589689f70061a32c01d4cddde53cc93f13c72d6da0f606f6be56ae3,13,2001,SHORT-PREFIX-20260923-priority-selected-v1,59b70217b3081ced610b38538606e94fd7e1d1b33cd56b152ca98eace465118b,4084,0,0,4084,8168.000149734185,not_applicable,not_applicable,not_applicable,0,0,0,0,0,0,0,0,0,"derived from frozen fixed-mode PHY, not decoded TX truth",actual online waveform measurement
P4084_N4084_seed2026092404,n09468604/ILSVRC2012_val_00030741_n09468604,c3ce3780f589689f70061a32c01d4cddde53cc93f13c72d6da0f606f6be56ae3,13,2002,SHORT-PREFIX-20260923-priority-selected-v1,59b70217b3081ced610b38538606e94fd7e1d1b33cd56b152ca98eace465118b,4084,0,0,4084,8168.000149734185,not_applicable,not_applicable,not_applicable,0,0,0,0,0,0,0,0,0,"derived from frozen fixed-mode PHY, not decoded TX truth",actual online waveform measurement
P4084_N4084_seed2026092404,n09468604/ILSVRC2012_val_00030741_n09468604,c3ce3780f589689f70061a32c01d4cddde53cc93f13c72d6da0f606f6be56ae3,13,2003,SHORT-PREFIX-20260923-priority-selected-v1,59b70217b3081ced610b38538606e94fd7e1d1b33cd56b152ca98eace465118b,4084,0,0,4084,8168.000149734185,not_applicable,not_applicable,not_applicable,0,0,0,0,0,0,0,0,0,"derived from frozen fixed-mode PHY, not decoded TX truth",actual online waveform measurement
P4084_N4084_seed2026092404,n09468604/ILSVRC2012_val_00030741_n09468604,c3ce3780f589689f70061a32c01d4cddde53cc93f13c72d6da0f606f6be56ae3,19,2001,SHORT-PREFIX-20260923-priority-selected-v1,59b70217b3081ced610b38538606e94fd7e1d1b33cd56b152ca98eace465118b,4084,0,0,4084,8168.000149734185,not_applicable,not_applicable,not_applicable,0,0,0,0,0,0,0,0,0,"derived from frozen fixed-mode PHY, not decoded TX truth",actual online waveform measurement
P4084_N4084_seed2026092404,n09468604/ILSVRC2012_val_00030741_n09468604,c3ce3780f589689f70061a32c01d4cddde53cc93f13c72d6da0f606f6be56ae3,19,2002,SHORT-PREFIX-20260923-priority-selected-v1,59b70217b3081ced610b38538606e94fd7e1d1b33cd56b152ca98eace465118b,4084,0,0,4084,8168.000149734185,not_applicable,not_applicable,not_applicable,0,0,0,0,0,0,0,0,0,"derived from frozen fixed-mode PHY, not decoded TX truth",actual online waveform measurement
P4084_N4084_seed2026092404,n09468604/ILSVRC2012_val_00030741_n09468604,c3ce3780f589689f70061a32c01d4cddde53cc93f13c72d6da0f606f6be56ae3,19,2003,SHORT-PREFIX-20260923-priority-selected-v1,59b70217b3081ced610b38538606e94fd7e1d1b33cd56b152ca98eace465118b,4084,0,0,4084,8168.000149734185,not_applicable,not_applicable,not_applicable,0,0,0,0,0,0,0,0,0,"derived from frozen fixed-mode PHY, not decoded TX truth",actual online waveform measurement
P4084_N4084_seed2026092404,n11939491/ILSVRC2012_val_00034896_n11939491,5d503e995423b79fedecacd5389da614cd1fde446e0a222677d4ad33e0179cdd,1,2001,SHORT-PREFIX-20260923-priority-selected-v1,59b70217b3081ced610b38538606e94fd7e1d1b33cd56b152ca98eace465118b,4084,0,0,4084,8168.000336243754,not_applicable,not_applicable,not_applicable,0,0,0,0,0,0,0,0,0,"derived from frozen fixed-mode PHY, not decoded TX truth",actual online waveform measurement
P4084_N4084_seed2026092404,n11939491/ILSVRC2012_val_00034896_n11939491,5d503e995423b79fedecacd5389da614cd1fde446e0a222677d4ad33e0179cdd,1,2002,SHORT-PREFIX-20260923-priority-selected-v1,59b70217b3081ced610b38538606e94fd7e1d1b33cd56b152ca98eace465118b,4084,0,0,4084,8168.000336243754,not_applicable,not_applicable,not_applicable,0,0,0,0,0,0,0,0,0,"derived from frozen fixed-mode PHY, not decoded TX truth",actual online waveform measurement
P4084_N4084_seed2026092404,n11939491/ILSVRC2012_val_00034896_n11939491,5d503e995423b79fedecacd5389da614cd1fde446e0a222677d4ad33e0179cdd,1,2003,SHORT-PREFIX-20260923-priority-selected-v1,59b70217b3081ced610b38538606e94fd7e1d1b33cd56b152ca98eace465118b,4084,0,0,4084,8168.000336243754,not_applicable,not_applicable,not_applicable,0,0,0,0,0,0,0,0,0,"derived from frozen fixed-mode PHY, not decoded TX truth",actual online waveform measurement
P4084_N4084_seed2026092404,n11939491/ILSVRC2012_val_00034896_n11939491,5d503e995423b79fedecacd5389da614cd1fde446e0a222677d4ad33e0179cdd,4,2001,SHORT-PREFIX-20260923-priority-selected-v1,59b70217b3081ced610b38538606e94fd7e1d1b33cd56b152ca98eace465118b,4084,0,0,4084,8168.000336243754,not_applicable,not_applicable,not_applicable,0,0,0,0,0,0,0,0,0,"derived from frozen fixed-mode PHY, not decoded TX truth",actual online waveform measurement
P4084_N4084_seed2026092404,n11939491/ILSVRC2012_val_00034896_n11939491,5d503e995423b79fedecacd5389da614cd1fde446e0a222677d4ad33e0179cdd,4,2002,SHORT-PREFIX-20260923-priority-selected-v1,59b70217b3081ced610b38538606e94fd7e1d1b33cd56b152ca98eace465118b,4084,0,0,4084,8168.000336243754,not_applicable,not_applicable,not_applicable,0,0,0,0,0,0,0,0,0,"derived from frozen fixed-mode PHY, not decoded TX truth",actual online waveform measurement
P4084_N4084_seed2026092404,n11939491/ILSVRC2012_val_00034896_n11939491,5d503e995423b79fedecacd5389da614cd1fde446e0a222677d4ad33e0179cdd,4,2003,SHORT-PREFIX-20260923-priority-selected-v1,59b70217b3081ced610b38538606e94fd7e1d1b33cd56b152ca98eace465118b,4084,0,0,4084,8168.000336243754,not_applicable,not_applicable,not_applicable,0,0,0,0,0,0,0,0,0,"derived from frozen fixed-mode PHY, not decoded TX truth",actual online waveform measurement
P4084_N4084_seed2026092404,n11939491/ILSVRC2012_val_00034896_n11939491,5d503e995423b79fedecacd5389da614cd1fde446e0a222677d4ad33e0179cdd,7,2001,SHORT-PREFIX-20260923-priority-selected-v1,59b70217b3081ced610b38538606e94fd7e1d1b33cd56b152ca98eace465118b,4084,0,0,4084,8168.000336243754,not_applicable,not_applicable,not_applicable,0,0,0,0,0,0,0,0,0,"derived from frozen fixed-mode PHY, not decoded TX truth",actual online waveform measurement
P4084_N4084_seed2026092404,n11939491/ILSVRC2012_val_00034896_n11939491,5d503e995423b79fedecacd5389da614cd1fde446e0a222677d4ad33e0179cdd,7,2002,SHORT-PREFIX-20260923-priority-selected-v1,59b70217b3081ced610b38538606e94fd7e1d1b33cd56b152ca98eace465118b,4084,0,0,4084,8168.000336243754,not_applicable,not_applicable,not_applicable,0,0,0,0,0,0,0,0,0,"derived from frozen fixed-mode PHY, not decoded TX truth",actual online waveform measurement
P4084_N4084_seed2026092404,n11939491/ILSVRC2012_val_00034896_n11939491,5d503e995423b79fedecacd5389da614cd1fde446e0a222677d4ad33e0179cdd,7,2003,SHORT-PREFIX-20260923-priority-selected-v1,59b70217b3081ced610b38538606e94fd7e1d1b33cd56b152ca98eace465118b,4084,0,0,4084,8168.000336243754,not_applicable,not_applicable,not_applicable,0,0,0,0,0,0,0,0,0,"derived from frozen fixed-mode PHY, not decoded TX truth",actual online waveform measurement
P4084_N4084_seed2026092404,n11939491/ILSVRC2012_val_00034896_n11939491,5d503e995423b79fedecacd5389da614cd1fde446e0a222677d4ad33e0179cdd,13,2001,SHORT-PREFIX-20260923-priority-selected-v1,59b70217b3081ced610b38538606e94fd7e1d1b33cd56b152ca98eace465118b,4084,0,0,4084,8168.000336243754,not_applicable,not_applicable,not_applicable,0,0,0,0,0,0,0,0,0,"derived from frozen fixed-mode PHY, not decoded TX truth",actual online waveform measurement
P4084_N4084_seed2026092404,n11939491/ILSVRC2012_val_00034896_n11939491,5d503e995423b79fedecacd5389da614cd1fde446e0a222677d4ad33e0179cdd,13,2002,SHORT-PREFIX-20260923-priority-selected-v1,59b70217b3081ced610b38538606e94fd7e1d1b33cd56b152ca98eace465118b,4084,0,0,4084,8168.000336243754,not_applicable,not_applicable,not_applicable,0,0,0,0,0,0,0,0,0,"derived from frozen fixed-mode PHY, not decoded TX truth",actual online waveform measurement
P4084_N4084_seed2026092404,n11939491/ILSVRC2012_val_00034896_n11939491,5d503e995423b79fedecacd5389da614cd1fde446e0a222677d4ad33e0179cdd,13,2003,SHORT-PREFIX-20260923-priority-selected-v1,59b70217b3081ced610b38538606e94fd7e1d1b33cd56b152ca98eace465118b,4084,0,0,4084,8168.000336243754,not_applicable,not_applicable,not_applicable,0,0,0,0,0,0,0,0,0,"derived from frozen fixed-mode PHY, not decoded TX truth",actual online waveform measurement
P4084_N4084_seed2026092404,n11939491/ILSVRC2012_val_00034896_n11939491,5d503e995423b79fedecacd5389da614cd1fde446e0a222677d4ad33e0179cdd,19,2001,SHORT-PREFIX-20260923-priority-selected-v1,59b70217b3081ced610b38538606e94fd7e1d1b33cd56b152ca98eace465118b,4084,0,0,4084,8168.000336243754,not_applicable,not_applicable,not_applicable,0,0,0,0,0,0,0,0,0,"derived from frozen fixed-mode PHY, not decoded TX truth",actual online waveform measurement
P4084_N4084_seed2026092404,n11939491/ILSVRC2012_val_00034896_n11939491,5d503e995423b79fedecacd5389da614cd1fde446e0a222677d4ad33e0179cdd,19,2002,SHORT-PREFIX-20260923-priority-selected-v1,59b70217b3081ced610b38538606e94fd7e1d1b33cd56b152ca98eace465118b,4084,0,0,4084,8168.000336243754,not_applicable,not_applicable,not_applicable,0,0,0,0,0,0,0,0,0,"derived from frozen fixed-mode PHY, not decoded TX truth",actual online waveform measurement
P4084_N4084_seed2026092404,n11939491/ILSVRC2012_val_00034896_n11939491,5d503e995423b79fedecacd5389da614cd1fde446e0a222677d4ad33e0179cdd,19,2003,SHORT-PREFIX-20260923-priority-selected-v1,59b70217b3081ced610b38538606e94fd7e1d1b33cd56b152ca98eace465118b,4084,0,0,4084,8168.000336243754,not_applicable,not_applicable,not_applicable,0,0,0,0,0,0,0,0,0,"derived from frozen fixed-mode PHY, not decoded TX truth",actual online waveform measurement
P4084_N4084_seed2026092404,n15075141/ILSVRC2012_val_00005846_n15075141,ce31aa6dd81ff9b435997c347d185e440fc323084b9ff3782ff8a8c869dcf5b6,1,2001,SHORT-PREFIX-20260923-priority-selected-v1,59b70217b3081ced610b38538606e94fd7e1d1b33cd56b152ca98eace465118b,4084,0,0,4084,8168.000473120425,not_applicable,not_applicable,not_applicable,0,0,0,0,0,0,0,0,0,"derived from frozen fixed-mode PHY, not decoded TX truth",actual online waveform measurement
P4084_N4084_seed2026092404,n15075141/ILSVRC2012_val_00005846_n15075141,ce31aa6dd81ff9b435997c347d185e440fc323084b9ff3782ff8a8c869dcf5b6,1,2002,SHORT-PREFIX-20260923-priority-selected-v1,59b70217b3081ced610b38538606e94fd7e1d1b33cd56b152ca98eace465118b,4084,0,0,4084,8168.000473120425,not_applicable,not_applicable,not_applicable,0,0,0,0,0,0,0,0,0,"derived from frozen fixed-mode PHY, not decoded TX truth",actual online waveform measurement
P4084_N4084_seed2026092404,n15075141/ILSVRC2012_val_00005846_n15075141,ce31aa6dd81ff9b435997c347d185e440fc323084b9ff3782ff8a8c869dcf5b6,1,2003,SHORT-PREFIX-20260923-priority-selected-v1,59b70217b3081ced610b38538606e94fd7e1d1b33cd56b152ca98eace465118b,4084,0,0,4084,8168.000473120425,not_applicable,not_applicable,not_applicable,0,0,0,0,0,0,0,0,0,"derived from frozen fixed-mode PHY, not decoded TX truth",actual online waveform measurement
P4084_N4084_seed2026092404,n15075141/ILSVRC2012_val_00005846_n15075141,ce31aa6dd81ff9b435997c347d185e440fc323084b9ff3782ff8a8c869dcf5b6,4,2001,SHORT-PREFIX-20260923-priority-selected-v1,59b70217b3081ced610b38538606e94fd7e1d1b33cd56b152ca98eace465118b,4084,0,0,4084,8168.000473120425,not_applicable,not_applicable,not_applicable,0,0,0,0,0,0,0,0,0,"derived from frozen fixed-mode PHY, not decoded TX truth",actual online waveform measurement
P4084_N4084_seed2026092404,n15075141/ILSVRC2012_val_00005846_n15075141,ce31aa6dd81ff9b435997c347d185e440fc323084b9ff3782ff8a8c869dcf5b6,4,2002,SHORT-PREFIX-20260923-priority-selected-v1,59b70217b3081ced610b38538606e94fd7e1d1b33cd56b152ca98eace465118b,4084,0,0,4084,8168.000473120425,not_applicable,not_applicable,not_applicable,0,0,0,0,0,0,0,0,0,"derived from frozen fixed-mode PHY, not decoded TX truth",actual online waveform measurement
P4084_N4084_seed2026092404,n15075141/ILSVRC2012_val_00005846_n15075141,ce31aa6dd81ff9b435997c347d185e440fc323084b9ff3782ff8a8c869dcf5b6,4,2003,SHORT-PREFIX-20260923-priority-selected-v1,59b70217b3081ced610b38538606e94fd7e1d1b33cd56b152ca98eace465118b,4084,0,0,4084,8168.000473120425,not_applicable,not_applicable,not_applicable,0,0,0,0,0,0,0,0,0,"derived from frozen fixed-mode PHY, not decoded TX truth",actual online waveform measurement
P4084_N4084_seed2026092404,n15075141/ILSVRC2012_val_00005846_n15075141,ce31aa6dd81ff9b435997c347d185e440fc323084b9ff3782ff8a8c869dcf5b6,7,2001,SHORT-PREFIX-20260923-priority-selected-v1,59b70217b3081ced610b38538606e94fd7e1d1b33cd56b152ca98eace465118b,4084,0,0,4084,8168.000473120425,not_applicable,not_applicable,not_applicable,0,0,0,0,0,0,0,0,0,"derived from frozen fixed-mode PHY, not decoded TX truth",actual online waveform measurement
P4084_N4084_seed2026092404,n15075141/ILSVRC2012_val_00005846_n15075141,ce31aa6dd81ff9b435997c347d185e440fc323084b9ff3782ff8a8c869dcf5b6,7,2002,SHORT-PREFIX-20260923-priority-selected-v1,59b70217b3081ced610b38538606e94fd7e1d1b33cd56b152ca98eace465118b,4084,0,0,4084,8168.000473120425,not_applicable,not_applicable,not_applicable,0,0,0,0,0,0,0,0,0,"derived from frozen fixed-mode PHY, not decoded TX truth",actual online waveform measurement
P4084_N4084_seed2026092404,n15075141/ILSVRC2012_val_00005846_n15075141,ce31aa6dd81ff9b435997c347d185e440fc323084b9ff3782ff8a8c869dcf5b6,7,2003,SHORT-PREFIX-20260923-priority-selected-v1,59b70217b3081ced610b38538606e94fd7e1d1b33cd56b152ca98eace465118b,4084,0,0,4084,8168.000473120425,not_applicable,not_applicable,not_applicable,0,0,0,0,0,0,0,0,0,"derived from frozen fixed-mode PHY, not decoded TX truth",actual online waveform measurement
P4084_N4084_seed2026092404,n15075141/ILSVRC2012_val_00005846_n15075141,ce31aa6dd81ff9b435997c347d185e440fc323084b9ff3782ff8a8c869dcf5b6,13,2001,SHORT-PREFIX-20260923-priority-selected-v1,59b70217b3081ced610b38538606e94fd7e1d1b33cd56b152ca98eace465118b,4084,0,0,4084,8168.000473120425,not_applicable,not_applicable,not_applicable,0,0,0,0,0,0,0,0,0,"derived from frozen fixed-mode PHY, not decoded TX truth",actual online waveform measurement
P4084_N4084_seed2026092404,n15075141/ILSVRC2012_val_00005846_n15075141,ce31aa6dd81ff9b435997c347d185e440fc323084b9ff3782ff8a8c869dcf5b6,13,2002,SHORT-PREFIX-20260923-priority-selected-v1,59b70217b3081ced610b38538606e94fd7e1d1b33cd56b152ca98eace465118b,4084,0,0,4084,8168.000473120425,not_applicable,not_applicable,not_applicable,0,0,0,0,0,0,0,0,0,"derived from frozen fixed-mode PHY, not decoded TX truth",actual online waveform measurement
P4084_N4084_seed2026092404,n15075141/ILSVRC2012_val_00005846_n15075141,ce31aa6dd81ff9b435997c347d185e440fc323084b9ff3782ff8a8c869dcf5b6,13,2003,SHORT-PREFIX-20260923-priority-selected-v1,59b70217b3081ced610b38538606e94fd7e1d1b33cd56b152ca98eace465118b,4084,0,0,4084,8168.000473120425,not_applicable,not_applicable,not_applicable,0,0,0,0,0,0,0,0,0,"derived from frozen fixed-mode PHY, not decoded TX truth",actual online waveform measurement
P4084_N4084_seed2026092404,n15075141/ILSVRC2012_val_00005846_n15075141,ce31aa6dd81ff9b435997c347d185e440fc323084b9ff3782ff8a8c869dcf5b6,19,2001,SHORT-PREFIX-20260923-priority-selected-v1,59b70217b3081ced610b38538606e94fd7e1d1b33cd56b152ca98eace465118b,4084,0,0,4084,8168.000473120425,not_applicable,not_applicable,not_applicable,0,0,0,0,0,0,0,0,0,"derived from frozen fixed-mode PHY, not decoded TX truth",actual online waveform measurement
P4084_N4084_seed2026092404,n15075141/ILSVRC2012_val_00005846_n15075141,ce31aa6dd81ff9b435997c347d185e440fc323084b9ff3782ff8a8c869dcf5b6,19,2002,SHORT-PREFIX-20260923-priority-selected-v1,59b70217b3081ced610b38538606e94fd7e1d1b33cd56b152ca98eace465118b,4084,0,0,4084,8168.000473120425,not_applicable,not_applicable,not_applicable,0,0,0,0,0,0,0,0,0,"derived from frozen fixed-mode PHY, not decoded TX truth",actual online waveform measurement
P4084_N4084_seed2026092404,n15075141/ILSVRC2012_val_00005846_n15075141,ce31aa6dd81ff9b435997c347d185e440fc323084b9ff3782ff8a8c869dcf5b6,19,2003,SHORT-PREFIX-20260923-priority-selected-v1,59b70217b3081ced610b38538606e94fd7e1d1b33cd56b152ca98eace465118b,4084,0,0,4084,8168.000473120425,not_applicable,not_applicable,not_applicable,0,0,0,0,0,0,0,0,0,"derived from frozen fixed-mode PHY, not decoded TX truth",actual online waveform measurement
