step,method,source_index,image_id,snr_db,noise_count,mse,lpips_alex,normalized_latent,utility,U_image
15000,H8-V,0,n01440764/ILSVRC2012_val_00045866_n01440764,1,3,0.010357245181997618,0.24248731136322021,0.686308761437734,0.04146906485160192,0.03460597743590673
15000,H8-V,0,n01440764/ILSVRC2012_val_00045866_n01440764,4,3,0.004808100561300914,0.12131801247596741,0.5249226093292236,0.022189127281308174,0.01693990205725034
15000,H8-V,0,n01440764/ILSVRC2012_val_00045866_n01440764,7,3,0.00447695842012763,0.11497429509957631,0.49547622601191205,0.02092915028333664,0.015974388147393864
15000,H8-V,0,n01440764/ILSVRC2012_val_00045866_n01440764,13,3,0.004182132116208474,0.10779016464948654,0.47012002269426983,0.01966234917442004,0.014961148612201214
15000,H8-V,0,n01440764/ILSVRC2012_val_00045866_n01440764,19,3,0.004112730113168557,0.10477303713560104,0.46469347675641376,0.019236968830227852,0.014590033950905005
15000,H8-V,1,n01443537/ILSVRC2012_val_00044095_n01443537,1,3,0.012008055734137693,0.22523928682009378,0.6993036468823751,0.04152502243717512,0.03453198571999868
15000,H8-V,1,n01443537/ILSVRC2012_val_00044095_n01443537,4,3,0.009635676319400469,0.17528376976648966,0.6039644082387289,0.03320369869470596,0.02716405379275481
15000,H8-V,1,n01443537/ILSVRC2012_val_00044095_n01443537,7,3,0.00929496188958486,0.16680454711119333,0.5746474464734396,0.03172188997268677,0.025975416724880535
15000,H8-V,1,n01443537/ILSVRC2012_val_00044095_n01443537,13,3,0.008986745650569597,0.15518606205781302,0.5486931403477987,0.029992282390594482,0.024505351359645527
15000,H8-V,1,n01443537/ILSVRC2012_val_00044095_n01443537,19,3,0.008901738251248995,0.14878384272257486,0.5423747102419535,0.029203870023290317,0.023780123020211857
15000,H8-V,2,n01484850/ILSVRC2012_val_00029481_n01484850,1,3,0.006261529556165139,0.15784065425395966,0.48676682511965436,0.02691326414545377,0.022045595571398735
15000,H8-V,2,n01484850/ILSVRC2012_val_00029481_n01484850,4,3,0.003516958405574163,0.09977969527244568,0.3852866192658742,0.017347794647018116,0.013494928677876791
15000,H8-V,2,n01484850/ILSVRC2012_val_00029481_n01484850,7,3,0.00289584300480783,0.09037453681230545,0.3592049777507782,0.015525346621870995,0.011933297229309877
15000,H8-V,2,n01484850/ILSVRC2012_val_00029481_n01484850,13,3,0.002531674380103747,0.07983841747045517,0.3391031225522359,0.013906547799706459,0.010515516313413778
15000,H8-V,2,n01484850/ILSVRC2012_val_00029481_n01484850,19,3,0.0024273779708892107,0.07490332176287968,0.3354061146577199,0.013271771371364594,0.009917710286875566
15000,H8-V,3,n01491361/ILSVRC2012_val_00049000_n01491361,1,3,0.0035315584779406586,0.13621430347363153,0.4105759859085083,0.021258749067783356,0.01715298897276322
15000,H8-V,3,n01491361/ILSVRC2012_val_00049000_n01491361,4,3,0.0013396521875013907,0.07432980587085088,0.3122093180815379,0.01189472588400046,0.00877263272802035
15000,H8-V,3,n01491361/ILSVRC2012_val_00049000_n01491361,7,3,0.0012621294784670074,0.0704269011815389,0.28811614712079364,0.011185980712374052,0.008304819464683533
15000,H8-V,3,n01491361/ILSVRC2012_val_00049000_n01491361,13,3,0.0012020641006529331,0.06691022465626399,0.26832009355227154,0.010576287594934305,0.007893086721499762
15000,H8-V,3,n01491361/ILSVRC2012_val_00049000_n01491361,19,3,0.0011918980938692887,0.06511569519837697,0.26433677474657696,0.010346835168699423,0.0077034675826629
15000,H8-V,4,n01494475/ILSVRC2012_val_00027283_n01494475,1,3,0.005816788567850987,0.1508271594842275,0.49634695053100586,0.025862973804275196,0.02089950442314148
15000,H8-V,4,n01494475/ILSVRC2012_val_00027283_n01494475,4,3,0.003168725874274969,0.0863150085012118,0.38865766922632855,0.015686803807814915,0.011800227376321951
15000,H8-V,4,n01494475/ILSVRC2012_val_00027283_n01494475,7,3,0.0030144243501126766,0.08087026327848434,0.3624892433484395,0.01472634356468916,0.011101451081534227
15000,H8-V,4,n01494475/ILSVRC2012_val_00027283_n01494475,13,3,0.0028975265255818763,0.07497284809748332,0.3395024240016937,0.01378983569641908,0.010394811630249023
15000,H8-V,4,n01494475/ILSVRC2012_val_00027283_n01494475,19,3,0.0028714931880434356,0.07231984535853068,0.33383095264434814,0.013441787101328373,0.010103477785984675
15000,H8-V,5,n01496331/ILSVRC2012_val_00041248_n01496331,1,3,0.005129348952323198,0.15234075486660004,0.35649579763412476,0.023928382744391758,0.020363424594203632
15000,H8-V,5,n01496331/ILSVRC2012_val_00041248_n01496331,4,3,0.0012205633490035932,0.06912874927123387,0.2481562246878942,0.010615000501275063,0.008133438415825367
15000,H8-V,5,n01496331/ILSVRC2012_val_00041248_n01496331,7,3,0.0011106306143725912,0.06426134208838145,0.22568127512931824,0.00979357740531365,0.007536764722317457
15000,H8-V,5,n01496331/ILSVRC2012_val_00041248_n01496331,13,3,0.0010383354189495246,0.05899754911661148,0.20959212382634482,0.009034011823435625,0.006938090547919273
15000,H8-V,5,n01496331/ILSVRC2012_val_00041248_n01496331,19,3,0.0010689940924445789,0.05721567322810491,0.20900073647499084,0.00888056866824627,0.006790561601519585
15000,H8-V,6,n01498041/ILSVRC2012_val_00030470_n01498041,1,3,0.013596681877970695,0.26250140368938446,0.6608991026878357,0.046455814192692436,0.039846823861201607
15000,H8-V,6,n01498041/ILSVRC2012_val_00030470_n01498041,4,3,0.007517124526202679,0.14820300042629242,0.5180689295132955,0.02751811407506466,0.022337424879272778
15000,H8-V,6,n01498041/ILSVRC2012_val_00030470_n01498041,7,3,0.007082228859265645,0.14129403233528137,0.49010095993677777,0.026112642139196396,0.021211632216970127
15000,H8-V,6,n01498041/ILSVRC2012_val_00030470_n01498041,13,3,0.006600863145043452,0.1325232833623886,0.46508583426475525,0.02450404999156793,0.019853191450238228
15000,H8-V,6,n01498041/ILSVRC2012_val_00030470_n01498041,19,3,0.006454463582485914,0.12923539181550345,0.4584114650885264,0.02396211711068948,0.019378002732992172
15000,H8-V,7,n01514668/ILSVRC2012_val_00016052_n01514668,1,3,0.01695103260378043,0.23744551837444305,0.9421752492586771,0.05011733869711558,0.04069558531045914
15000,H8-V,7,n01514668/ILSVRC2012_val_00016052_n01514668,4,3,0.010423247702419758,0.14869030813376108,0.7927287618319193,0.03321956594785055,0.025292277957002323
15000,H8-V,7,n01514668/ILSVRC2012_val_00016052_n01514668,7,3,0.009738064060608545,0.1395822415749232,0.7598749796549479,0.03129503813882669,0.023696288466453552
15000,H8-V,7,n01514668/ILSVRC2012_val_00016052_n01514668,13,3,0.009191856409112612,0.13082347313563028,0.728078822294871,0.02955499291419983,0.02227420484026273
15000,H8-V,7,n01514668/ILSVRC2012_val_00016052_n01514668,19,3,0.009084086244304975,0.12738430500030518,0.7176630894343058,0.028999147315820057,0.02182251711686452
15000,H8-V,8,n01514859/ILSVRC2012_val_00006195_n01514859,1,3,0.013258414342999458,0.19529501100381216,0.7821311553319296,0.04060922563076019,0.032787914698322616
15000,H8-V,8,n01514859/ILSVRC2012_val_00006195_n01514859,4,3,0.009663228256007036,0.1436508595943451,0.658295214176178,0.030611266071597736,0.024028314277529716
15000,H8-V,8,n01514859/ILSVRC2012_val_00006195_n01514859,7,3,0.009175889814893404,0.13840975364049277,0.6268294453620911,0.029285158962011337,0.02301686443388462
15000,H8-V,8,n01514859/ILSVRC2012_val_00006195_n01514859,13,3,0.008744407755633196,0.1326997677485148,0.5986212491989136,0.028000596910715103,0.022014384468396504
15000,H8-V,8,n01514859/ILSVRC2012_val_00006195_n01514859,19,3,0.008659342924753824,0.13102131088574728,0.5916827519734701,0.02767830217878024,0.021761474510033924
15000,H8-V,9,n01518878/ILSVRC2012_val_00033181_n01518878,1,3,0.007629803071419398,0.1554317275683085,0.49416465560595196,0.028114621837933857,0.023172975828250248
15000,H8-V,9,n01518878/ILSVRC2012_val_00033181_n01518878,4,3,0.003912516326333086,0.08323563635349274,0.3744041522343953,0.015980121369163196,0.012236079821983973
15000,H8-V,9,n01518878/ILSVRC2012_val_00033181_n01518878,7,3,0.003699318738654256,0.07867976526419322,0.3484285871187846,0.01505158127595981,0.011567295528948307
15000,H8-V,9,n01518878/ILSVRC2012_val_00033181_n01518878,13,3,0.0035401918770124516,0.07360098262627919,0.32695286472638446,0.014169818721711636,0.010900290062030157
15000,H8-V,9,n01518878/ILSVRC2012_val_00033181_n01518878,19,3,0.0035070894906918206,0.07196636746327083,0.32283544540405273,0.013932080318530401,0.010703726050754389
15000,H8-V,10,n01530575/ILSVRC2012_val_00027374_n01530575,1,3,0.013912570973237356,0.24221517642339072,1.092873215675354,0.049062820772329964,0.038134089360634484
15000,H8-V,10,n01530575/ILSVRC2012_val_00027374_n01530575,4,3,0.00694140341753761,0.1326762189467748,0.9043679237365723,0.029252704853812855,0.020209025591611862
15000,H8-V,10,n01530575/ILSVRC2012_val_00027374_n01530575,7,3,0.006375251027444999,0.1258908361196518,0.8652919332186381,0.02761725460489591,0.018964335322380066
15000,H8-V,10,n01530575/ILSVRC2012_val_00027374_n01530575,13,3,0.005877328881373008,0.11969148119290669,0.8272093733151754,0.026118570938706398,0.017846477528413136
15000,H8-V,10,n01530575/ILSVRC2012_val_00027374_n01530575,19,3,0.005762807559221983,0.11862367143233617,0.8144723375638326,0.025769896805286407,0.017625174795587856
15000,H8-V,11,n01531178/ILSVRC2012_val_00025888_n01531178,1,3,0.005937349206457536,0.13218221813440323,0.46310850977897644,0.02378665655851364,0.01915557123720646
15000,H8-V,11,n01531178/ILSVRC2012_val_00025888_n01531178,4,3,0.0043599833734333515,0.07866859187682469,0.36674698193868,0.015894312411546707,0.01222684265424808
15000,H8-V,11,n01531178/ILSVRC2012_val_00025888_n01531178,7,3,0.004159658371160428,0.07610879093408585,0.3416667977968852,0.015187205746769905,0.011770537743965784
15000,H8-V,11,n01531178/ILSVRC2012_val_00025888_n01531178,13,3,0.00396175201361378,0.0737144723534584,0.3214028875033061,0.014547227571407953,0.011333199217915535
15000,H8-V,11,n01531178/ILSVRC2012_val_00025888_n01531178,19,3,0.0039003651278714337,0.07283436258633931,0.31755977869033813,0.014359399055441221,0.011183801417549452
15000,H8-V,12,n01532829/ILSVRC2012_val_00030042_n01532829,1,3,0.014960001533230146,0.1596034268538157,0.5799129207928976,0.036719473699728646,0.030920345336198807
15000,H8-V,12,n01532829/ILSVRC2012_val_00030042_n01532829,4,3,0.008483456758161386,0.07147040963172913,0.44101471702257794,0.020040645574529965,0.015630497907598812
15000,H8-V,12,n01532829/ILSVRC2012_val_00030042_n01532829,7,3,0.008067146564523378,0.06828080117702484,0.41433460513750714,0.019038572907447815,0.014895226806402206
15000,H8-V,12,n01532829/ILSVRC2012_val_00030042_n01532829,13,3,0.007697294310977061,0.06588740646839142,0.3917529881000519,0.018203565229972202,0.014286035050948461
15000,H8-V,12,n01532829/ILSVRC2012_val_00030042_n01532829,19,3,0.007596731806794803,0.06472908705472946,0.3858775695164998,0.017928415909409523,0.014069640388091406
15000,H8-V,13,n01534433/ILSVRC2012_val_00030911_n01534433,1,3,0.009451322878400484,0.13281734784444174,0.7065898378690084,0.029798955967028935,0.02273305815955003
15000,H8-V,13,n01534433/ILSVRC2012_val_00030911_n01534433,4,3,0.005649331025779247,0.08526622007290523,0.5881876548131307,0.02005783033867677,0.014175953343510628
15000,H8-V,13,n01534433/ILSVRC2012_val_00030911_n01534433,7,3,0.005218451377004385,0.07921823114156723,0.5585170785586039,0.01872544487317403,0.013140274522205194
15000,H8-V,13,n01534433/ILSVRC2012_val_00030911_n01534433,13,3,0.00485975481569767,0.07392552743355434,0.5325657327969869,0.017577964812517166,0.01225230780740579
15000,H8-V,13,n01534433/ILSVRC2012_val_00030911_n01534433,19,3,0.004790927283465862,0.07253366460402806,0.5266690452893575,0.017310984432697296,0.0120442941163977
15000,H8-V,14,n01537544/ILSVRC2012_val_00031716_n01537544,1,3,0.011167177620033423,0.1401462803284327,0.549076497554779,0.03067257006963094,0.02518180509408315
15000,H8-V,14,n01537544/ILSVRC2012_val_00031716_n01537544,4,3,0.008444374737640222,0.10014014939467113,0.46968089540799457,0.023155198742945988,0.01845839060842991
15000,H8-V,14,n01537544/ILSVRC2012_val_00031716_n01537544,7,3,0.007992416309813658,0.09606862564881642,0.44309280316034955,0.022030207018057506,0.017599279060959816
15000,H8-V,14,n01537544/ILSVRC2012_val_00031716_n01537544,13,3,0.0075634584451715154,0.09144251048564911,0.4209097921848297,0.020916807775696118,0.016707709680000942
15000,H8-V,14,n01537544/ILSVRC2012_val_00031716_n01537544,19,3,0.007429201776782672,0.09018603712320328,0.4163280924161275,0.020611087481180828,0.016447806109984715
15000,H8-V,15,n01558993/ILSVRC2012_val_00029417_n01558993,1,3,0.008874900949498018,0.13481676826874414,0.41710996627807617,0.02652767797311147,0.022356577838460606
15000,H8-V,15,n01558993/ILSVRC2012_val_00029417_n01558993,4,3,0.006354207017769416,0.06715057045221329,0.31279851992925006,0.01619724929332733,0.013069264280299345
15000,H8-V,15,n01558993/ILSVRC2012_val_00029417_n01558993,7,3,0.006066703703254461,0.062354600677887596,0.2871605356534322,0.015173768935104212,0.012302163677910963
15000,H8-V,15,n01558993/ILSVRC2012_val_00029417_n01558993,13,3,0.005798088541875283,0.058348445842663445,0.266552338997523,0.014298456410566965,0.011632932970921198
15000,H8-V,15,n01558993/ILSVRC2012_val_00029417_n01558993,19,3,0.005720520857721567,0.05785622323552767,0.26288679242134094,0.014135011471807957,0.011506143336494764
15000,H8-V,16,n01560419/ILSVRC2012_val_00041990_n01560419,1,3,0.00635899572322766,0.1665004094441732,0.32810260852177936,0.026290062814950943,0.023009037598967552
15000,H8-V,16,n01560419/ILSVRC2012_val_00041990_n01560419,4,3,0.0021165084714690843,0.05471980447570483,0.20263140896956125,0.009614802896976471,0.007588488981127739
15000,H8-V,16,n01560419/ILSVRC2012_val_00041990_n01560419,7,3,0.0019622549104193845,0.0507116528848807,0.1796907832225164,0.008830327851076921,0.007033420105775197
15000,H8-V,16,n01560419/ILSVRC2012_val_00041990_n01560419,13,3,0.0018025449244305491,0.04763917997479439,0.16410099963347116,0.00820747297257185,0.00656646303832531
15000,H8-V,16,n01560419/ILSVRC2012_val_00041990_n01560419,19,3,0.0017413298677032192,0.046724773943424225,0.16439262529214224,0.00805773368726174,0.006413807316372792
15000,H8-V,17,n01580077/ILSVRC2012_val_00032831_n01580077,1,3,0.013527159579098225,0.18498237431049347,0.8416948715845743,0.04044234752655029,0.03202539806564649
15000,H8-V,17,n01580077/ILSVRC2012_val_00032831_n01580077,4,3,0.00649405550211668,0.09558709462483723,0.7000699241956075,0.023053464169303577,0.016052764529983204
15000,H8-V,17,n01580077/ILSVRC2012_val_00032831_n01580077,7,3,0.005903336840371291,0.09026831140120824,0.6645797689755758,0.021575965608159702,0.01493016816675663
15000,H8-V,17,n01580077/ILSVRC2012_val_00032831_n01580077,13,3,0.005396502868582805,0.08580159892638524,0.6323822736740112,0.020300485814611118,0.013976662730177244
15000,H8-V,17,n01580077/ILSVRC2012_val_00032831_n01580077,19,3,0.005246222950518131,0.08513389279445012,0.6235681374867758,0.01999529389043649,0.0137596121057868
15000,H8-V,18,n01582220/ILSVRC2012_val_00018183_n01582220,1,3,0.007906495283047358,0.20087235669294992,0.5644435087839762,0.033638165021936096,0.02799373057981332
15000,H8-V,18,n01582220/ILSVRC2012_val_00018183_n01582220,4,3,0.006158890202641487,0.1386072834332784,0.45708606640497845,0.02459047921001911,0.020019618794322014
15000,H8-V,18,n01582220/ILSVRC2012_val_00018183_n01582220,7,3,0.005924698120603959,0.13481605052947998,0.4320288797219594,0.023726593082149822,0.019406304384271305
15000,H8-V,18,n01582220/ILSVRC2012_val_00018183_n01582220,13,3,0.005702046832690637,0.12974060575167337,0.4111771782239278,0.022787879531582195,0.01867610774934292
15000,H8-V,18,n01582220/ILSVRC2012_val_00018183_n01582220,19,3,0.005653928189227979,0.128042201201121,0.4078148702780406,0.022536296397447586,0.01845814784367879
15000,H8-V,19,n01592084/ILSVRC2012_val_00019788_n01592084,1,3,0.007003803427020709,0.2037463585535685,0.7916673620541891,0.0352951151629289,0.027378440524140995
15000,H8-V,19,n01592084/ILSVRC2012_val_00019788_n01592084,4,3,0.004623442267378171,0.13942281901836395,0.6782254775365194,0.025347978497544926,0.01856572429339091
15000,H8-V,19,n01592084/ILSVRC2012_val_00019788_n01592084,7,3,0.004230629497518142,0.13182047506173453,0.6458602150281271,0.02387127901117007,0.01741267740726471
15000,H8-V,19,n01592084/ILSVRC2012_val_00019788_n01592084,13,3,0.0038799395163853965,0.12397488206624985,0.6151244044303894,0.02242867151896159,0.016277427474657696
15000,H8-V,19,n01592084/ILSVRC2012_val_00019788_n01592084,19,3,0.003768727726613482,0.1218527282277743,0.6058168212572733,0.022012168541550636,0.015954000254472096
15000,H8-V,20,n01601694/ILSVRC2012_val_00020730_n01601694,1,3,0.011402208358049393,0.20370016495386759,0.5214889248212179,0.03698711345593134,0.03177222485343615
15000,H8-V,20,n01601694/ILSVRC2012_val_00020730_n01601694,4,3,0.006347086280584335,0.09700231750806172,0.3938501179218292,0.019985819856325786,0.016047318776448567
15000,H8-V,20,n01601694/ILSVRC2012_val_00020730_n01601694,7,3,0.0060339995349446935,0.09311053156852722,0.36811985572179157,0.019026251509785652,0.015345052815973759
15000,H8-V,20,n01601694/ILSVRC2012_val_00020730_n01601694,13,3,0.005742254201322794,0.08858184019724528,0.34740589062372845,0.01807449758052826,0.014600438376267752
15000,H8-V,20,n01601694/ILSVRC2012_val_00020730_n01601694,19,3,0.005669993348419666,0.08662022898594539,0.34388909737269086,0.017770906910300255,0.014332015998661518
15000,H8-V,21,n01608432/ILSVRC2012_val_00018796_n01608432,1,3,0.007276301893095176,0.11715232829252879,0.2995516161123912,0.02198705015083154,0.018991533977289993
15000,H8-V,21,n01608432/ILSVRC2012_val_00018796_n01608432,4,3,0.001974706770852208,0.039515418310960136,0.17948070168495178,0.007721055764704943,0.005926248772690694
15000,H8-V,21,n01608432/ILSVRC2012_val_00018796_n01608432,7,3,0.00186454722036918,0.037662831445535026,0.15691129863262177,0.007199943531304598,0.00563083045805494
15000,H8-V,21,n01608432/ILSVRC2012_val_00018796_n01608432,13,3,0.0018033939801777403,0.03560839965939522,0.14232695599397024,0.006787503603845835,0.00536423393835624
15000,H8-V,21,n01608432/ILSVRC2012_val_00018796_n01608432,19,3,0.0018031721701845527,0.03505869582295418,0.14411865174770355,0.006750228193898995,0.005309041744718949
15000,H8-V,22,n01614925/ILSVRC2012_val_00044921_n01614925,1,3,0.00464988243766129,0.106157585978508,0.25635359187920886,0.01782917696982622,0.015265640802681446
15000,H8-V,22,n01614925/ILSVRC2012_val_00044921_n01614925,4,3,0.001913926680572331,0.040480642269055046,0.16121874252955118,0.0075741782784461975,0.005961990915238857
15000,H8-V,22,n01614925/ILSVRC2012_val_00044921_n01614925,7,3,0.001485670645100375,0.03357815990845362,0.13922889033953348,0.006235775693009297,0.004843486783405145
15000,H8-V,22,n01614925/ILSVRC2012_val_00044921_n01614925,13,3,0.0014029871284340818,0.03196044638752937,0.12493141243855159,0.005848346122850974,0.004599031837036212
15000,H8-V,22,n01614925/ILSVRC2012_val_00044921_n01614925,19,3,0.0013688829882691305,0.032689529160658516,0.1256589194138845,0.005894425014654796,0.004637835857768853
15000,H8-V,23,n01616318/ILSVRC2012_val_00006250_n01616318,1,3,0.013077280794580778,0.23473447064558664,0.5527101159095764,0.042077829440434776,0.03655072798331579
15000,H8-V,23,n01616318/ILSVRC2012_val_00006250_n01616318,4,3,0.009536626748740673,0.13982794185479483,0.42798182368278503,0.027799238140384357,0.02351942037542661
15000,H8-V,23,n01616318/ILSVRC2012_val_00006250_n01616318,7,3,0.009171630255877972,0.1349878410498301,0.4022373557090759,0.02669278842707475,0.02267041491965453
15000,H8-V,23,n01616318/ILSVRC2012_val_00006250_n01616318,13,3,0.00883099747200807,0.13131628930568695,0.3814930518468221,0.025777557243903477,0.021962627147634823
15000,H8-V,23,n01616318/ILSVRC2012_val_00006250_n01616318,19,3,0.00873897938678662,0.13008408745129904,0.37818161646525067,0.025529203936457634,0.021747387945652008
15000,H8-V,24,n01622779/ILSVRC2012_val_00016292_n01622779,1,3,0.022763312483827274,0.2072689632574717,1.3567476669947307,0.057057686150074005,0.0434902086853981
15000,H8-V,24,n01622779/ILSVRC2012_val_00016292_n01622779,4,3,0.01857692499955495,0.1700083166360855,1.219665288925171,0.04777440925439199,0.035577756663163505
15000,H8-V,24,n01622779/ILSVRC2012_val_00016292_n01622779,7,3,0.0175929789741834,0.16508259375890097,1.180433750152588,0.04590557639797529,0.034101239095131554
15000,H8-V,24,n01622779/ILSVRC2012_val_00016292_n01622779,13,3,0.01672183784345786,0.16014955937862396,1.1397990385691326,0.044134783248106636,0.03273679440220197
15000,H8-V,24,n01622779/ILSVRC2012_val_00016292_n01622779,19,3,0.01646958291530609,0.1586193392674128,1.124946157137553,0.04358097786704699,0.032331516345342
15000,H8-V,25,n01629819/ILSVRC2012_val_00000890_n01629819,1,3,0.016216006129980087,0.22017134229342142,0.8192538420359293,0.046425677835941315,0.03823313986261686
15000,H8-V,25,n01629819/ILSVRC2012_val_00000890_n01629819,4,3,0.010771849813560644,0.14458213249842325,0.6824281811714172,0.03205434481302897,0.025230063125491142
15000,H8-V,25,n01629819/ILSVRC2012_val_00000890_n01629819,7,3,0.010196196846663952,0.13796134293079376,0.6502622763315836,0.03049495443701744,0.023992331698536873
15000,H8-V,25,n01629819/ILSVRC2012_val_00000890_n01629819,13,3,0.009663393100102743,0.13209125399589539,0.6188463370005289,0.029060981546839077,0.02287251812716325
15000,H8-V,25,n01629819/ILSVRC2012_val_00000890_n01629819,19,3,0.009532611506680647,0.1300425132115682,0.6089684963226318,0.02862654874722163,0.022536863883336384
15000,H8-V,26,n01630670/ILSVRC2012_val_00002774_n01630670,1,3,0.015662663305799168,0.18139755725860596,0.9441742897033691,0.04324416319529215,0.033802419900894165
15000,H8-V,26,n01630670/ILSVRC2012_val_00002774_n01630670,4,3,0.013098030971984068,0.1524461309115092,0.8471474846204122,0.03681411842505137,0.028342644373575848
15000,H8-V,26,n01630670/ILSVRC2012_val_00002774_n01630670,7,3,0.012403666973114014,0.1464624305566152,0.8126251697540283,0.03517616167664528,0.027049910898009937
15000,H8-V,26,n01630670/ILSVRC2012_val_00002774_n01630670,13,3,0.011784068619211515,0.13903677463531494,0.7788293162981669,0.033476038525501885,0.025687746082743008
15000,H8-V,26,n01630670/ILSVRC2012_val_00002774_n01630670,19,3,0.011627641506493092,0.13696004450321198,0.7684405247370402,0.033008052657047905,0.025323646143078804
15000,H8-V,27,n01631663/ILSVRC2012_val_00011416_n01631663,1,3,0.012190704544385275,0.1991919924815496,0.7222712834676107,0.039332617074251175,0.03210990379254023
15000,H8-V,27,n01631663/ILSVRC2012_val_00011416_n01631663,4,3,0.007383101775000493,0.12607790033022562,0.6222346822420756,0.026213239257534344,0.019990892459948856
15000,H8-V,27,n01631663/ILSVRC2012_val_00011416_n01631663,7,3,0.0069204955361783504,0.12081648657719295,0.594517985979716,0.02494732476770878,0.019002144535382588
15000,H8-V,27,n01631663/ILSVRC2012_val_00011416_n01631663,13,3,0.006399212094644706,0.11470240851243337,0.5683124661445618,0.023552577942609787,0.0178694532563289
15000,H8-V,27,n01631663/ILSVRC2012_val_00011416_n01631663,19,3,0.006180910083154838,0.11176884919404984,0.5606855352719625,0.02296465076506138,0.01735779580970605
15000,H8-V,28,n01632458/ILSVRC2012_val_00007050_n01632458,1,3,0.023181972404321034,0.2304584632317225,1.348236083984375,0.059710181007782616,0.04622781897584597
15000,H8-V,28,n01632458/ILSVRC2012_val_00007050_n01632458,4,3,0.016172007968028385,0.16805049777030945,1.1831131378809612,0.0448081890741984,0.0329770582417647
15000,H8-V,28,n01632458/ILSVRC2012_val_00007050_n01632458,7,3,0.015365416804949442,0.1613167772690455,1.141549825668335,0.04291259373227755,0.031497095401088394
15000,H8-V,28,n01632458/ILSVRC2012_val_00007050_n01632458,13,3,0.014662858098745346,0.15243962407112122,1.0990059773127239,0.04089688012997309,0.029906820505857468
15000,H8-V,28,n01632458/ILSVRC2012_val_00007050_n01632458,19,3,0.01450312944749991,0.1488182544708252,1.0843584934870403,0.04022854069868723,0.029384955763816833
15000,H8-V,29,n01632777/ILSVRC2012_val_00044504_n01632777,1,3,0.00742840642730395,0.21271675328413645,0.5503800908724467,0.03420388326048851,0.028700082873304684
15000,H8-V,29,n01632777/ILSVRC2012_val_00044504_n01632777,4,3,0.0021860250271856785,0.09793627262115479,0.3970896601676941,0.01595054877301057,0.01197965256869793
15000,H8-V,29,n01632777/ILSVRC2012_val_00044504_n01632777,7,3,0.0019941149512305856,0.09404220183690389,0.3710142870744069,0.015108478255569935,0.011398335297902426
15000,H8-V,29,n01632777/ILSVRC2012_val_00044504_n01632777,13,3,0.0018283989823733766,0.08880816648403804,0.34871066610018414,0.014196322609980902,0.010709215886890888
15000,H8-V,29,n01632777/ILSVRC2012_val_00044504_n01632777,19,3,0.0017801655922085047,0.08622012535730998,0.3439588447411855,0.013841766553620497,0.010402178391814232
15000,H8-V,30,n01641577/ILSVRC2012_val_00003748_n01641577,1,3,0.010286823846399784,0.21076658368110657,0.8509534796079,0.03987301513552666,0.03136348227659861
15000,H8-V,30,n01641577/ILSVRC2012_val_00003748_n01641577,4,3,0.006020070519298315,0.12887208412090936,0.7074445088704427,0.02598172426223755,0.018907278776168823
15000,H8-V,30,n01641577/ILSVRC2012_val_00003748_n01641577,7,3,0.005602419842034578,0.1227435643474261,0.6728244225184122,0.02460502025981744,0.017876775935292244
15000,H8-V,30,n01641577/ILSVRC2012_val_00003748_n01641577,13,3,0.005256231874227524,0.11847684284051259,0.6406172315279642,0.023510087902347248,0.01710391603410244
15000,H8-V,30,n01641577/ILSVRC2012_val_00003748_n01641577,19,3,0.005185192761321862,0.11757329603036244,0.6314856211344401,0.023257379109660786,0.016942522798975308
15000,H8-V,31,n01644373/ILSVRC2012_val_00012248_n01644373,1,3,0.005115254626919826,0.12550289928913116,0.30693791309992474,0.0207349235812823,0.017665544524788857
15000,H8-V,31,n01644373/ILSVRC2012_val_00012248_n01644373,4,3,0.0015300024533644319,0.04415395110845566,0.18790549039840698,0.007824452438702187,0.005945397696147363
15000,H8-V,31,n01644373/ILSVRC2012_val_00012248_n01644373,7,3,0.0013973955841114123,0.04147458200653394,0.16628746688365936,0.007207728456705809,0.005544853707154592
15000,H8-V,31,n01644373/ILSVRC2012_val_00012248_n01644373,13,3,0.0012781471014022827,0.038410031547149025,0.15152779718240103,0.0066344281658530235,0.005119150349249442
15000,H8-V,31,n01644373/ILSVRC2012_val_00012248_n01644373,19,3,0.0012427864130586386,0.03726945569117864,0.1516451636950175,0.006486183498054743,0.004969731904566288
15000,H8-V,32,n01644900/ILSVRC2012_val_00011303_n01644900,1,3,0.006498738502462705,0.1598802904287974,0.6495127280553182,0.028981894875566166,0.022486768662929535
15000,H8-V,32,n01644900/ILSVRC2012_val_00011303_n01644900,4,3,0.004314586830635865,0.11278665065765381,0.5463495453198751,0.021056747684876125,0.015593251834313074
15000,H8-V,32,n01644900/ILSVRC2012_val_00011303_n01644900,7,3,0.004059663663307826,0.10747437924146652,0.5177451968193054,0.019984553878506024,0.014807101959983507
15000,H8-V,32,n01644900/ILSVRC2012_val_00011303_n01644900,13,3,0.0038240541083117328,0.10084230204423268,0.49124258756637573,0.018820710480213165,0.013908284405867258
15000,H8-V,32,n01644900/ILSVRC2012_val_00011303_n01644900,19,3,0.0037538747613628707,0.09831599642833073,0.4834466179211934,0.018419940024614334,0.013585474342107773
15000,H8-V,33,n01664065/ILSVRC2012_val_00022525_n01664065,1,3,0.006199253567804893,0.25725745658079785,0.47679723302523297,0.03669297198454539,0.03192500025033951
15000,H8-V,33,n01664065/ILSVRC2012_val_00022525_n01664065,4,3,0.005153863690793514,0.172586460908254,0.3608565131823222,0.026021075745423634,0.022412510588765144
15000,H8-V,33,n01664065/ILSVRC2012_val_00022525_n01664065,7,3,0.0049962156141797704,0.16959563891092935,0.3370938499768575,0.025326718886693318,0.02195578006406625
15000,H8-V,33,n01664065/ILSVRC2012_val_00022525_n01664065,13,3,0.004867395386099815,0.16476243237654367,0.31981463233629864,0.024541785940527916,0.021343639741341274
15000,H8-V,33,n01664065/ILSVRC2012_val_00022525_n01664065,19,3,0.004850404957930247,0.1632248262564341,0.3192747433980306,0.024365636830528576,0.021172889197866123
15000,H8-V,34,n01665541/ILSVRC2012_val_00043504_n01665541,1,3,0.0076966797932982445,0.1838515748580297,0.6127878626187643,0.03220971549550692,0.026081837713718414
15000,H8-V,34,n01665541/ILSVRC2012_val_00043504_n01665541,4,3,0.005298442207276821,0.12424155821402867,0.49932976563771564,0.022715895747145016,0.01772259796659152
15000,H8-V,34,n01665541/ILSVRC2012_val_00043504_n01665541,7,3,0.005014215130358934,0.11904085427522659,0.47265125314394635,0.021644812698165577,0.016918300340572994
15000,H8-V,34,n01665541/ILSVRC2012_val_00043504_n01665541,13,3,0.00473386545976003,0.11199751247962315,0.44890789190928143,0.020422696446379025,0.01593361732860406
15000,H8-V,34,n01665541/ILSVRC2012_val_00043504_n01665541,19,3,0.00464600386718909,0.10902718951304753,0.4429182509581248,0.019977905477086704,0.015548723128934702
15000,H8-V,35,n01667114/ILSVRC2012_val_00038527_n01667114,1,3,0.006045320847382148,0.1758709599574407,0.6598657170931498,0.030231074740489323,0.023632417743404705
15000,H8-V,35,n01667114/ILSVRC2012_val_00038527_n01667114,4,3,0.0032586990855634212,0.10404069224993388,0.5354516903559366,0.019017285356918972,0.01366276852786541
15000,H8-V,35,n01667114/ILSVRC2012_val_00038527_n01667114,7,3,0.0029457229344795146,0.10046196728944778,0.5059420267740885,0.01805133993426959,0.012991920113563538
15000,H8-V,35,n01667114/ILSVRC2012_val_00038527_n01667114,13,3,0.0027610050359119973,0.09520247081915538,0.4786484440167745,0.017067736635605495,0.012281252071261406
15000,H8-V,35,n01667114/ILSVRC2012_val_00038527_n01667114,19,3,0.0027247900143265724,0.09426247825225194,0.47191137075424194,0.016870150963465374,0.01215103796372811
15000,H8-V,36,n01667778/ILSVRC2012_val_00031815_n01667778,1,3,0.008684854954481125,0.2844906648000081,0.6517502665519714,0.04365142434835434,0.03713392217954
15000,H8-V,36,n01667778/ILSVRC2012_val_00031815_n01667778,4,3,0.003631877868125836,0.10433960457642873,0.4782099624474843,0.018847938006122906,0.014065838418900967
15000,H8-V,36,n01667778/ILSVRC2012_val_00031815_n01667778,7,3,0.0034326985478401184,0.09965859105189641,0.4512267808119456,0.017910826330383618,0.013398557901382446
15000,H8-V,36,n01667778/ILSVRC2012_val_00031815_n01667778,13,3,0.0032683786315222583,0.09526340166727702,0.4282074570655823,0.01707679343720277,0.012794719388087591
15000,H8-V,36,n01667778/ILSVRC2012_val_00031815_n01667778,19,3,0.0032467981800436974,0.0942068522175153,0.42295996348063153,0.01689708357055982,0.012667483960588774
15000,H8-V,37,n01669191/ILSVRC2012_val_00009376_n01669191,1,3,0.012304434242347876,0.2176997313896815,0.7935922940572103,0.042010328421990074,0.03407440582911173
15000,H8-V,37,n01669191/ILSVRC2012_val_00009376_n01669191,4,3,0.009629948685566584,0.16540319720904031,0.6830073595046997,0.03300034130613009,0.026170268654823303
15000,H8-V,37,n01669191/ILSVRC2012_val_00009376_n01669191,7,3,0.009104620975752672,0.15891174972057343,0.6494221687316895,0.03149001859128475,0.024995796382427216
15000,H8-V,37,n01669191/ILSVRC2012_val_00009376_n01669191,13,3,0.008586833874384562,0.14998532831668854,0.6171236832936605,0.029756604383389156,0.02358536732693513
15000,H8-V,37,n01669191/ILSVRC2012_val_00009376_n01669191,19,3,0.008438654864827791,0.1471050481001536,0.6069827477137247,0.029218987251321476,0.02314916004737218
15000,H8-V,38,n01675722/ILSVRC2012_val_00014468_n01675722,1,3,0.0076075925802191096,0.22350282470385233,0.5834938089052836,0.03579281394680341,0.029957875609397888
15000,H8-V,38,n01675722/ILSVRC2012_val_00014468_n01675722,4,3,0.003448436347146829,0.12766923755407333,0.481682687997818,0.021032186845938366,0.01621536010255416
15000,H8-V,38,n01675722/ILSVRC2012_val_00014468_n01675722,7,3,0.003161290194839239,0.11793781816959381,0.4517715970675151,0.01947278839846452,0.014955072353283564
15000,H8-V,38,n01675722/ILSVRC2012_val_00014468_n01675722,13,3,0.0029009890276938677,0.10588991393645604,0.4271158774693807,0.017761139199137688,0.013489980561037859
15000,H8-V,38,n01675722/ILSVRC2012_val_00014468_n01675722,19,3,0.0028504435128221908,0.10235307614008586,0.42232490579287213,0.017309000715613365,0.013085751173396906
15000,H8-V,39,n01677366/ILSVRC2012_val_00028571_n01677366,1,3,0.013299269291261831,0.260908563931783,0.8135790427525839,0.04752591624855995,0.03939012562235197
15000,H8-V,39,n01677366/ILSVRC2012_val_00028571_n01677366,4,3,0.009823692652086416,0.16723457475503287,0.6922075351079305,0.033469224969546,0.026547149444619816
15000,H8-V,39,n01677366/ILSVRC2012_val_00028571_n01677366,7,3,0.009423088282346725,0.15992621580759683,0.6603616873423258,0.03201932584246,0.025415709242224693
15000,H8-V,39,n01677366/ILSVRC2012_val_00028571_n01677366,13,3,0.009150398584703604,0.15384809176127115,0.6315780679384867,0.03085098850230376,0.02453520769874255
15000,H8-V,39,n01677366/ILSVRC2012_val_00028571_n01677366,19,3,0.009119896528621515,0.15146233141422272,0.6242595314979553,0.030508723730842274,0.02426612873872121
15000,H8-V,40,n01682714/ILSVRC2012_val_00015721_n01682714,1,3,0.008224590371052424,0.2411395808060964,0.42836233973503113,0.03662217284242312,0.03233854907254378
15000,H8-V,40,n01682714/ILSVRC2012_val_00015721_n01682714,4,3,0.0064723991478482885,0.15551093220710754,0.32524604598681134,0.025275953734914463,0.02202349342405796
15000,H8-V,40,n01682714/ILSVRC2012_val_00015721_n01682714,7,3,0.006322024079660575,0.1506169537703196,0.3028550644715627,0.02441227063536644,0.02138371951878071
15000,H8-V,40,n01682714/ILSVRC2012_val_00015721_n01682714,13,3,0.0061568211143215494,0.14511131246884665,0.2864829897880554,0.023532782370845478,0.0206679521749417
15000,H8-V,40,n01682714/ILSVRC2012_val_00015721_n01682714,19,3,0.0061110590274135275,0.145342489083608,0.2860571543375651,0.023505879566073418,0.0206453079978625
15000,H8-V,41,n01685808/ILSVRC2012_val_00017641_n01685808,1,3,0.019823333869377773,0.255434254805247,1.0928332805633545,0.05629509190718333,0.04536675910154978
15000,H8-V,41,n01685808/ILSVRC2012_val_00017641_n01685808,4,3,0.013696125398079554,0.18299798667430878,0.9463728268941244,0.04145965104301771,0.03199592356880506
15000,H8-V,41,n01685808/ILSVRC2012_val_00017641_n01685808,7,3,0.012968438987930616,0.17834552625815073,0.9102560877799988,0.03990555182099342,0.030802991862098377
15000,H8-V,41,n01685808/ILSVRC2012_val_00017641_n01685808,13,3,0.012365576500693956,0.17487813532352448,0.8754026492436727,0.03860741729537646,0.029853390529751778
15000,H8-V,41,n01685808/ILSVRC2012_val_00017641_n01685808,19,3,0.012221935205161572,0.17493027448654175,0.8645586967468262,0.03836054975787798,0.02971496308843295
15000,H8-V,42,n01687978/ILSVRC2012_val_00011541_n01687978,1,3,0.012978166341781616,0.2101543148358663,0.7265444199244181,0.041259040435155235,0.03399359807372093
15000,H8-V,42,n01687978/ILSVRC2012_val_00011541_n01687978,4,3,0.009896384552121162,0.1286339064439138,0.6079537272453308,0.0288393118729194,0.022759774699807167
15000,H8-V,42,n01687978/ILSVRC2012_val_00011541_n01687978,7,3,0.00945352017879486,0.12389270961284637,0.5779696702957153,0.027622488016883533,0.021842791388432186
15000,H8-V,42,n01687978/ILSVRC2012_val_00011541_n01687978,13,3,0.009042772464454174,0.1186236838499705,0.550579826037089,0.02641093855102857,0.020905140787363052
15000,H8-V,42,n01687978/ILSVRC2012_val_00011541_n01687978,19,3,0.008939574472606182,0.11713870366414388,0.543608546257019,0.02608952981730302,0.020653444652756054
15000,H8-V,43,n01688243/ILSVRC2012_val_00015981_n01688243,1,3,0.014089164013663927,0.2675748864809672,0.6178309520085653,0.047024961560964584,0.04084665266176065
15000,H8-V,43,n01688243/ILSVRC2012_val_00015981_n01688243,4,3,0.0097719623396794,0.1404253492752711,0.4709656337896983,0.028524153555432957,0.023814497515559196
15000,H8-V,43,n01688243/ILSVRC2012_val_00015981_n01688243,7,3,0.009341977226237455,0.1336388885974884,0.4431162178516388,0.027137028674284618,0.022705866023898125
15000,H8-V,43,n01688243/ILSVRC2012_val_00015981_n01688243,13,3,0.009008088459571203,0.12871127823988596,0.419196754693985,0.02607118400434653,0.02187921603520711
15000,H8-V,43,n01688243/ILSVRC2012_val_00015981_n01688243,19,3,0.00893903337419033,0.1261758009592692,0.4136810898780823,0.025693425287803013,0.021556613966822624
15000,H8-V,44,n01689811/ILSVRC2012_val_00017174_n01689811,1,3,0.013028820666174093,0.2253911793231964,0.667117973168691,0.04223911960919698,0.03556794052322706
15000,H8-V,44,n01689811/ILSVRC2012_val_00017174_n01689811,4,3,0.010851685578624407,0.17811033129692078,0.5535494883855184,0.03419821336865425,0.028662719453374546
15000,H8-V,44,n01689811/ILSVRC2012_val_00017174_n01689811,7,3,0.010484524071216583,0.1745507518450419,0.5257998903592428,0.033197599152723946,0.027939599628249805
15000,H8-V,44,n01689811/ILSVRC2012_val_00017174_n01689811,13,3,0.010169501726826033,0.17062571148077646,0.5009157657623291,0.03224123020966848,0.02723207324743271
15000,H8-V,44,n01689811/ILSVRC2012_val_00017174_n01689811,19,3,0.01008554951598247,0.16808968782424927,0.4942579468091329,0.031837097058693566,0.02689451848467191
15000,H8-V,45,n01692333/ILSVRC2012_val_00041887_n01692333,1,3,0.01295476189504067,0.27184316515922546,0.5278398791948954,0.04541747892896334,0.040139079093933105
15000,H8-V,45,n01692333/ILSVRC2012_val_00041887_n01692333,4,3,0.010171202632288137,0.1547419677178065,0.4076258142789205,0.029721657435099285,0.02564539946615696
15000,H8-V,45,n01692333/ILSVRC2012_val_00041887_n01692333,7,3,0.009747277634839216,0.14967290063699087,0.38150927424430847,0.028529660776257515,0.02471456800897916
15000,H8-V,45,n01692333/ILSVRC2012_val_00041887_n01692333,13,3,0.009323262609541416,0.14354014893372855,0.35985132058461505,0.02727579077084859,0.023677277689178784
15000,H8-V,45,n01692333/ILSVRC2012_val_00041887_n01692333,19,3,0.009164470247924328,0.1416227469841639,0.3559353748957316,0.026886098086833954,0.02332674463589986
15000,H8-V,46,n01693334/ILSVRC2012_val_00013036_n01693334,1,3,0.022721221670508385,0.2160650591055552,1.0593074162801106,0.054920803755521774,0.04432772845029831
15000,H8-V,46,n01693334/ILSVRC2012_val_00013036_n01693334,4,3,0.016301742444435757,0.14539896448453268,0.9246199131011963,0.04008783772587776,0.030841639265418053
15000,H8-V,46,n01693334/ILSVRC2012_val_00013036_n01693334,7,3,0.015528697210053602,0.14097236096858978,0.8872777620951334,0.03849871208270391,0.029625934238235157
15000,H8-V,46,n01693334/ILSVRC2012_val_00013036_n01693334,13,3,0.014869023735324541,0.1343244363864263,0.8489182392756144,0.03679064909617106,0.028301467498143513
15000,H8-V,46,n01693334/ILSVRC2012_val_00013036_n01693334,19,3,0.014703926940759024,0.13239082197348276,0.8360208868980408,0.03630321845412254,0.02794300951063633
15000,H8-V,47,n01694178/ILSVRC2012_val_00015667_n01694178,1,3,0.011873284975687662,0.22513566414515176,0.5227365493774414,0.03961421797672907,0.0343868521352609
15000,H8-V,47,n01694178/ILSVRC2012_val_00015667_n01694178,4,3,0.008795985020697117,0.14261946082115173,0.4150878091653188,0.02720880943040053,0.023057931413253147
15000,H8-V,47,n01694178/ILSVRC2012_val_00015667_n01694178,7,3,0.00848697746793429,0.13638595243295035,0.3900515337785085,0.0260260875026385,0.022125572587052982
15000,H8-V,47,n01694178/ILSVRC2012_val_00015667_n01694178,13,3,0.008195127050081888,0.13054955999056497,0.36978037158648175,0.02494788666566213,0.021250083421667416
15000,H8-V,47,n01694178/ILSVRC2012_val_00015667_n01694178,19,3,0.008101909110943476,0.12928692499796549,0.3660322229067485,0.02469092297057311,0.021030601114034653
15000,H8-V,48,n01695060/ILSVRC2012_val_00036512_n01695060,1,3,0.00624608031163613,0.19712625443935394,0.5680602391560873,0.03163930835823218,0.025958705693483353
15000,H8-V,48,n01695060/ILSVRC2012_val_00036512_n01695060,4,3,0.004506773625810941,0.13836572070916495,0.4588105082511902,0.022931451598803203,0.018343346193432808
15000,H8-V,48,n01695060/ILSVRC2012_val_00036512_n01695060,7,3,0.004329467657953501,0.13325470685958862,0.43344302972157794,0.021989368523160618,0.017654938623309135
15000,H8-V,48,n01695060/ILSVRC2012_val_00036512_n01695060,13,3,0.004172167585541804,0.12724673748016357,0.41269750396410626,0.021023816739519436,0.016896842047572136
15000,H8-V,48,n01695060/ILSVRC2012_val_00036512_n01695060,19,3,0.0041285281380017596,0.12459236135085423,0.4094228744506836,0.020681992794076603,0.016587764024734497
15000,H8-V,49,n01697457/ILSVRC2012_val_00038188_n01697457,1,3,0.014768593634168306,0.19779125849405924,0.7026306589444479,0.041574024905761085,0.03454771886269251
15000,H8-V,49,n01697457/ILSVRC2012_val_00038188_n01697457,4,3,0.007322303329904874,0.11237082382043202,0.5600622495015463,0.024160008256634075,0.018559386332829792
15000,H8-V,49,n01697457/ILSVRC2012_val_00038188_n01697457,7,3,0.006773103183756272,0.10568220416704814,0.5281511743863424,0.022622834891080856,0.01734132319688797
15000,H8-V,49,n01697457/ILSVRC2012_val_00038188_n01697457,13,3,0.006301291597386201,0.09956415990988414,0.49864529569943744,0.02124416021009286,0.01625770702958107
15000,H8-V,49,n01697457/ILSVRC2012_val_00038188_n01697457,19,3,0.006230669716993968,0.09821254014968872,0.4907139837741852,0.020959063122669857,0.016051923856139183
15000,H8-V,50,n01698640/ILSVRC2012_val_00039888_n01698640,1,3,0.007237651540587346,0.2859536409378052,0.6523880958557129,0.04235689714550972,0.03583301603794098
15000,H8-V,50,n01698640/ILSVRC2012_val_00039888_n01698640,4,3,0.004793489507089059,0.17862170934677124,0.524860163529714,0.027904262766242027,0.02265566090742747
15000,H8-V,50,n01698640/ILSVRC2012_val_00039888_n01698640,7,3,0.004542868273953597,0.173454150557518,0.4982828398545583,0.02687111186484496,0.021888283391793568
15000,H8-V,50,n01698640/ILSVRC2012_val_00039888_n01698640,13,3,0.004283644879857699,0.16832789778709412,0.4745607177416484,0.02586204248170058,0.021116434906919796
15000,H8-V,50,n01698640/ILSVRC2012_val_00039888_n01698640,19,3,0.004179918672889471,0.16763101518154144,0.46870894233385724,0.025630110253890354,0.02094302015999953
15000,H8-V,51,n01704323/ILSVRC2012_val_00007339_n01704323,1,3,0.009776121315856775,0.25091532866160077,0.7638017336527506,0.042505670338869095,0.03486765300234159
15000,H8-V,51,n01704323/ILSVRC2012_val_00007339_n01704323,4,3,0.00515238397444288,0.16864159206549326,0.6206984321276346,0.028223526974519093,0.022016543274124462
15000,H8-V,51,n01704323/ILSVRC2012_val_00007339_n01704323,7,3,0.004815584359069665,0.15857420365015665,0.5914723873138428,0.02658772903184096,0.020673005531231563
15000,H8-V,51,n01704323/ILSVRC2012_val_00007339_n01704323,13,3,0.004509637287507455,0.14836757878462473,0.5643635590871176,0.024990030874808628,0.019346394886573155
15000,H8-V,51,n01704323/ILSVRC2012_val_00007339_n01704323,19,3,0.004417864916225274,0.14486963550249735,0.5564571420351664,0.024469399824738503,0.018904828776915867
15000,H8-V,52,n01728572/ILSVRC2012_val_00018775_n01728572,1,3,0.019861867651343346,0.2912312199672063,0.7833119630813599,0.05681810900568962,0.0489849882821242
15000,H8-V,52,n01728572/ILSVRC2012_val_00018775_n01728572,4,3,0.016636690124869347,0.21092737714449564,0.6627457141876221,0.04435688629746437,0.03772942846020063
15000,H8-V,52,n01728572/ILSVRC2012_val_00018775_n01728572,7,3,0.0161619633436203,0.20517914990584055,0.6323376893997192,0.04300325488050779,0.036679877589146294
15000,H8-V,52,n01728572/ILSVRC2012_val_00018775_n01728572,13,3,0.015701665232578915,0.19809211790561676,0.6042867501576742,0.04155374566713969,0.03551087776819865
15000,H8-V,52,n01728572/ILSVRC2012_val_00018775_n01728572,19,3,0.015568872603277365,0.1959996372461319,0.5964363813400269,0.04113319764534632,0.03516883527239164
15000,H8-V,53,n01728920/ILSVRC2012_val_00013215_n01728920,1,3,0.006693968394150336,0.16197601954142252,0.517417311668396,0.028065744166572888,0.02289157050351302
15000,H8-V,53,n01728920/ILSVRC2012_val_00013215_n01728920,4,3,0.003412305455033978,0.09350103388230006,0.40709489583969116,0.016833357512950897,0.012762409014006456
15000,H8-V,53,n01728920/ILSVRC2012_val_00013215_n01728920,7,3,0.0031166247402628264,0.08708858986695607,0.3793660004933675,0.015619143533209959,0.011825483602782091
15000,H8-V,53,n01728920/ILSVRC2012_val_00013215_n01728920,13,3,0.002851679610709349,0.08108319838841756,0.35691819588343304,0.01452918133387963,0.010959999325374762
15000,H8-V,53,n01728920/ILSVRC2012_val_00013215_n01728920,19,3,0.0027852250883976617,0.07929535458485286,0.35314349333445233,0.014246196175614992,0.010714761291941008
15000,H8-V,54,n01729322/ILSVRC2012_val_00038823_n01729322,1,3,0.022707457964619,0.21504859626293182,1.1356401443481445,0.055568717420101166,0.044212317715088524
15000,H8-V,54,n01729322/ILSVRC2012_val_00038823_n01729322,4,3,0.016166079168518383,0.1431540995836258,0.9949290951093038,0.04043078050017357,0.030481488754351933
15000,H8-V,54,n01729322/ILSVRC2012_val_00038823_n01729322,7,3,0.014957422390580177,0.13627228637536368,0.9569195707639059,0.0381538470586141,0.02858465164899826
15000,H8-V,54,n01729322/ILSVRC2012_val_00038823_n01729322,13,3,0.014127536366383234,0.13380627830823263,0.91726686557134,0.036680832505226135,0.027508164445559185
15000,H8-V,54,n01729322/ILSVRC2012_val_00038823_n01729322,19,3,0.013934768736362457,0.13515795270601907,0.9023680488268534,0.03647424653172493,0.0274505652487278
15000,H8-V,55,n01729977/ILSVRC2012_val_00002101_n01729977,1,3,0.011818625964224339,0.2123754322528839,0.6390212376912435,0.03944638247291247,0.03305616912742456
15000,H8-V,55,n01729977/ILSVRC2012_val_00002101_n01729977,4,3,0.006910954446842273,0.13301672786474228,0.5184412002563477,0.025397039329012234,0.020212627326448757
15000,H8-V,55,n01729977/ILSVRC2012_val_00002101_n01729977,7,3,0.006474832693735759,0.12453404317299525,0.49061054984728497,0.02383434275786082,0.018928236638506252
15000,H8-V,55,n01729977/ILSVRC2012_val_00002101_n01729977,13,3,0.006107899205138286,0.11597247670094173,0.46751437584559125,0.022380291173855465,0.017705147465070088
15000,H8-V,55,n01729977/ILSVRC2012_val_00002101_n01729977,19,3,0.00603671558201313,0.11347389221191406,0.46327141920725506,0.02201681894560655,0.017384105051557224
15000,H8-V,56,n01734418/ILSVRC2012_val_00006218_n01734418,1,3,0.00986863300204277,0.17780879139900208,0.5297292073567709,0.03294680453836918,0.027649512514472008
15000,H8-V,56,n01734418/ILSVRC2012_val_00006218_n01734418,4,3,0.006540954889108737,0.09941915919383366,0.42722264925638836,0.020755097270011902,0.016482871025800705
15000,H8-V,56,n01734418/ILSVRC2012_val_00006218_n01734418,7,3,0.006202739508201678,0.0943299134572347,0.4009474714597066,0.01964520538846652,0.015635731009145577
15000,H8-V,56,n01734418/ILSVRC2012_val_00006218_n01734418,13,3,0.005872153056164582,0.0901603028178215,0.3796276847521464,0.01868445985019207,0.01488818321377039
15000,H8-V,56,n01734418/ILSVRC2012_val_00006218_n01734418,19,3,0.005760019334654014,0.0886170615752538,0.3760414520899455,0.01838213950395584,0.014621725616355738
15000,H8-V,57,n01735189/ILSVRC2012_val_00016144_n01735189,1,3,0.025642625987529755,0.18904276192188263,1.002547303835551,0.05457237487037977,0.04454690217971802
15000,H8-V,57,n01735189/ILSVRC2012_val_00016144_n01735189,4,3,0.020129645243287086,0.15193489690621695,0.8707471291224161,0.04403060550491015,0.03532313431302706
15000,H8-V,57,n01735189/ILSVRC2012_val_00016144_n01735189,7,3,0.019295547778407734,0.14643721282482147,0.8333598176638285,0.04227286825577418,0.0339392696817716
15000,H8-V,57,n01735189/ILSVRC2012_val_00016144_n01735189,13,3,0.01866747997701168,0.1404569000005722,0.7990975777308146,0.040704146027565,0.03271317109465599
15000,H8-V,57,n01735189/ILSVRC2012_val_00016144_n01735189,19,3,0.01855745290716489,0.13823888202508292,0.7893897493680319,0.04027523845434189,0.032381340861320496
15000,H8-V,58,n01737021/ILSVRC2012_val_00049609_n01737021,1,3,0.016428929443160694,0.3080051740010579,1.0431058009465535,0.05766050641735395,0.04722944895426432
15000,H8-V,58,n01737021/ILSVRC2012_val_00049609_n01737021,4,3,0.013725998190542063,0.27225897709528607,0.9302429954210917,0.050254326313734055,0.04095189645886421
15000,H8-V,58,n01737021/ILSVRC2012_val_00049609_n01737021,7,3,0.012908953242003918,0.26425888140996295,0.8942893346150717,0.04827773695190748,0.03933484231432279
15000,H8-V,58,n01737021/ILSVRC2012_val_00049609_n01737021,13,3,0.012231158403058847,0.2552746037642161,0.8594896197319031,0.04635351523756981,0.03775861859321594
15000,H8-V,58,n01737021/ILSVRC2012_val_00049609_n01737021,19,3,0.012060156092047691,0.25355496009190875,0.8486449519793192,0.04590210194389025,0.03741565222541491
15000,H8-V,59,n01739381/ILSVRC2012_val_00003095_n01739381,1,3,0.0061954666549960775,0.15018002688884735,0.43503167231877643,0.02556378518541654,0.021213469405968983
15000,H8-V,59,n01739381/ILSVRC2012_val_00003095_n01739381,4,3,0.003157764207571745,0.07024704416592915,0.32316450277964276,0.013414113782346249,0.010182468841473261
15000,H8-V,59,n01739381/ILSVRC2012_val_00003095_n01739381,7,3,0.0029432319570332766,0.06609561294317245,0.2987634837627411,0.012540428278346857,0.009552793266872564
15000,H8-V,59,n01739381/ILSVRC2012_val_00003095_n01739381,13,3,0.002729541389271617,0.06029253453016281,0.2799191971619924,0.011557987270255884,0.008758795137206713
15000,H8-V,59,n01739381/ILSVRC2012_val_00003095_n01739381,19,3,0.002691293445726236,0.058942229797442756,0.2772110601266225,0.01135762749860684,0.008585516673823198
15000,H8-V,60,n01740131/ILSVRC2012_val_00023975_n01740131,1,3,0.016336519892017048,0.3012315134207408,0.692242165406545,0.053382093707720436,0.046459672351678215
15000,H8-V,60,n01740131/ILSVRC2012_val_00023975_n01740131,4,3,0.009254580674072107,0.16699537634849548,0.5284573435783386,0.031238692502180736,0.025954117998480797
15000,H8-V,60,n01740131/ILSVRC2012_val_00023975_n01740131,7,3,0.008719956502318382,0.161801611383756,0.49899129072825116,0.0298900306224823,0.02490011788904667
15000,H8-V,60,n01740131/ILSVRC2012_val_00023975_n01740131,13,3,0.008171282087763151,0.15646651883920035,0.4729952613512675,0.028547887379924457,0.023817934716741245
15000,H8-V,60,n01740131/ILSVRC2012_val_00023975_n01740131,19,3,0.007976726939280828,0.1530551016330719,0.46676159898440045,0.027949852868914604,0.023282237350940704
15000,H8-V,61,n01742172/ILSVRC2012_val_00021660_n01742172,1,3,0.028280846774578094,0.31109702587127686,1.8592910369237263,0.07798346132040024,0.059390549858411155
15000,H8-V,61,n01742172/ILSVRC2012_val_00021660_n01742172,4,3,0.020991886655489605,0.19289085765679678,1.6426936388015747,0.056707909951607384,0.040280972917874656
15000,H8-V,61,n01742172/ILSVRC2012_val_00021660_n01742172,7,3,0.01983356972535451,0.1838601678609848,1.596609075864156,0.05418567731976509,0.038219587256511055
15000,H8-V,61,n01742172/ILSVRC2012_val_00021660_n01742172,13,3,0.01873890310525894,0.17399524648984274,1.5452245473861694,0.05159067238370577,0.03613842775424322
15000,H8-V,61,n01742172/ILSVRC2012_val_00021660_n01742172,19,3,0.018429140249888103,0.1707395613193512,1.5249480406443279,0.050752575198809304,0.03550309563676516
15000,H8-V,62,n01744401/ILSVRC2012_val_00039489_n01744401,1,3,0.00550252307827274,0.2037638376156489,0.5314793586730957,0.031193700308601063,0.025878906870881718
15000,H8-V,62,n01744401/ILSVRC2012_val_00039489_n01744401,4,3,0.0034460107951114574,0.11833061774571736,0.4398055374622345,0.019677128021915753,0.01527907264729341
15000,H8-V,62,n01744401/ILSVRC2012_val_00039489_n01744401,7,3,0.003174564645936092,0.10857768108447392,0.4135915736357371,0.01816824885706107,0.0140323331579566
15000,H8-V,62,n01744401/ILSVRC2012_val_00039489_n01744401,13,3,0.0028914460757126412,0.09809925158818562,0.3913462559382121,0.016614834467569988,0.012701371684670448
15000,H8-V,62,n01744401/ILSVRC2012_val_00039489_n01744401,19,3,0.0027945280695954957,0.09564543515443802,0.3862105806668599,0.01622117745379607,0.012359071833391985
15000,H8-V,63,n01748264/ILSVRC2012_val_00006426_n01748264,1,3,0.008967554196715355,0.2535281131664912,0.8208437561988831,0.042528800666332245,0.03432036439577738
15000,H8-V,63,n01748264/ILSVRC2012_val_00006426_n01748264,4,3,0.006413605374594529,0.18686939775943756,0.6728467146555582,0.0318290131787459,0.025100545957684517
15000,H8-V,63,n01748264/ILSVRC2012_val_00006426_n01748264,7,3,0.005953094766785701,0.18094119926293692,0.6416672070821127,0.030463887378573418,0.02404721515874068
15000,H8-V,63,n01748264/ILSVRC2012_val_00006426_n01748264,13,3,0.0055218821701904135,0.1735053410132726,0.6124844749768575,0.028997260456283886,0.02287241630256176
15000,H8-V,63,n01748264/ILSVRC2012_val_00006426_n01748264,19,3,0.005384438205510378,0.17074472705523172,0.6044075091679891,0.02850298583507538,0.022458910942077637
15000,H8-V,64,n01749939/ILSVRC2012_val_00000298_n01749939,1,3,0.012734285866220793,0.23205828666687012,0.5941224495569865,0.0418813390036424,0.03594011440873146
15000,H8-V,64,n01749939/ILSVRC2012_val_00000298_n01749939,4,3,0.004708936748405297,0.10915312170982361,0.44090016682942706,0.020033251494169235,0.015624249664445719
15000,H8-V,64,n01749939/ILSVRC2012_val_00000298_n01749939,7,3,0.004345665530612071,0.1032998189330101,0.41418447097142536,0.018817491829395294,0.014675647641221682
15000,H8-V,64,n01749939/ILSVRC2012_val_00000298_n01749939,13,3,0.003998673676202695,0.09861591706673305,0.3915594418843587,0.01777585968375206,0.013860265724360943
15000,H8-V,64,n01749939/ILSVRC2012_val_00000298_n01749939,19,3,0.0038942822720855474,0.09761200845241547,0.387477586666743,0.01753025936583678,0.013655483722686768
15000,H8-V,65,n01751748/ILSVRC2012_val_00049933_n01751748,1,3,0.006904324050992727,0.3184441924095154,0.707135279973348,0.04582009588678678,0.03874874363342921
15000,H8-V,65,n01751748/ILSVRC2012_val_00049933_n01751748,4,3,0.005197164136916399,0.2109112540880839,0.571150561173757,0.03199979538718859,0.026288289576768875
15000,H8-V,65,n01751748/ILSVRC2012_val_00049933_n01751748,7,3,0.004948543074230353,0.20533129076162973,0.5427644848823547,0.030909317235151928,0.02548167233665784
15000,H8-V,65,n01751748/ILSVRC2012_val_00049933_n01751748,13,3,0.004699473114063342,0.1973734200000763,0.5171100497245789,0.02960791562994321,0.024436815331379574
15000,H8-V,65,n01751748/ILSVRC2012_val_00049933_n01751748,19,3,0.00462052629639705,0.19292068481445312,0.5105816920598348,0.029018412654598553,0.023912595584988594
15000,H8-V,66,n01753488/ILSVRC2012_val_00015221_n01753488,1,3,0.007277867756783962,0.28210320075352985,0.40308305621147156,0.03951901818315188,0.03548818826675415
15000,H8-V,66,n01753488/ILSVRC2012_val_00015221_n01753488,4,3,0.005889183996866147,0.1801951676607132,0.2838350633780162,0.02674705224732558,0.02390870141486327
15000,H8-V,66,n01753488/ILSVRC2012_val_00015221_n01753488,7,3,0.005739815067499876,0.17659577230612436,0.260963499546051,0.026009027535716694,0.0233993927637736
15000,H8-V,66,n01753488/ILSVRC2012_val_00015221_n01753488,13,3,0.005587313479433457,0.17030623058478037,0.24385934074719748,0.025056530411044758,0.022617936755220096
15000,H8-V,66,n01753488/ILSVRC2012_val_00015221_n01753488,19,3,0.005547636809448401,0.16848374406496683,0.2426101118326187,0.024822112172842026,0.022396011278033257
15000,H8-V,67,n01755581/ILSVRC2012_val_00009692_n01755581,1,3,0.015492894997199377,0.2591705818970998,0.6260312795639038,0.04767026628057162,0.041409953186909355
15000,H8-V,67,n01755581/ILSVRC2012_val_00009692_n01755581,4,3,0.012672722029189268,0.20103622476259866,0.5177704493204752,0.03795404856403669,0.03277634580930074
15000,H8-V,67,n01755581/ILSVRC2012_val_00009692_n01755581,7,3,0.012235024633506933,0.19483014941215515,0.4893875817457835,0.036611915876468025,0.03171804050604502
15000,H8-V,67,n01755581/ILSVRC2012_val_00009692_n01755581,13,3,0.011814231052994728,0.18623988330364227,0.464844544728597,0.035086666544278465,0.030438220749298733
15000,H8-V,67,n01755581/ILSVRC2012_val_00009692_n01755581,19,3,0.011677305834988752,0.18391201893488565,0.45940618713696796,0.034662569562594094,0.03006850803891818
15000,H8-V,68,n01756291/ILSVRC2012_val_00038102_n01756291,1,3,0.005385787691920996,0.11322831362485886,0.4190501868724823,0.020899121339122455,0.01670861927171548
15000,H8-V,68,n01756291/ILSVRC2012_val_00038102_n01756291,4,3,0.00293801825804015,0.05599855383237203,0.3148210346698761,0.011686084171136221,0.00853787362575531
15000,H8-V,68,n01756291/ILSVRC2012_val_00038102_n01756291,7,3,0.0027359541660795608,0.050709313402573265,0.2891176740328471,0.010698062057296434,0.00780688567707936
15000,H8-V,68,n01756291/ILSVRC2012_val_00038102_n01756291,13,3,0.002562467552100619,0.044901313881079354,0.26801997423171997,0.009732798673212528,0.007052599297215541
15000,H8-V,68,n01756291/ILSVRC2012_val_00038102_n01756291,19,3,0.002526049269363284,0.04246287668744723,0.2636466721693675,0.009408803656697273,0.006772337015718222
15000,H8-V,69,n01768244/ILSVRC2012_val_00035606_n01768244,1,3,0.003630211033547918,0.21464364727338156,0.45367516080538434,0.029631327216823895,0.02509457617998123
15000,H8-V,69,n01768244/ILSVRC2012_val_00035606_n01768244,4,3,0.0018843762809410691,0.10912898431221645,0.33629228671391803,0.016160198176900547,0.012797274937232336
15000,H8-V,69,n01768244/ILSVRC2012_val_00035606_n01768244,7,3,0.0017751350145166118,0.10498199860254924,0.3115965624650319,0.015389300572375456,0.0122733348980546
15000,H8-V,69,n01768244/ILSVRC2012_val_00035606_n01768244,13,3,0.0016739820518220465,0.10240744054317474,0.29379571477572125,0.014852683680752913,0.011914726346731186
15000,H8-V,69,n01768244/ILSVRC2012_val_00035606_n01768244,19,3,0.0016478686593472958,0.10350811978181203,0.2930526336034139,0.014929207041859627,0.011998680730660757
15000,H8-V,70,n01770081/ILSVRC2012_val_00031037_n01770081,1,3,0.009672703842322031,0.2327717145284017,0.7293970386187235,0.040243844191233315,0.032949874798456825
15000,H8-V,70,n01770081/ILSVRC2012_val_00031037_n01770081,4,3,0.0040780397442479925,0.12704244256019592,0.5755172371864319,0.022537455583612125,0.016782283782958984
15000,H8-V,70,n01770081/ILSVRC2012_val_00031037_n01770081,7,3,0.0037181156997879348,0.12126071254412334,0.542375902334849,0.021267945567766827,0.015844186767935753
15000,H8-V,70,n01770081/ILSVRC2012_val_00031037_n01770081,13,3,0.0033630146645009518,0.11400197446346283,0.5119420289993286,0.019882632419466972,0.014763212452332178
15000,H8-V,70,n01770081/ILSVRC2012_val_00031037_n01770081,19,3,0.0032499637454748154,0.11103208114703496,0.5038878917694092,0.01939205142358939,0.014353172232707342
15000,H8-V,71,n01770393/ILSVRC2012_val_00028434_n01770393,1,3,0.00985999001810948,0.19142087797323862,0.8334548870722452,0.03733662764231364,0.029002077877521515
15000,H8-V,71,n01770393/ILSVRC2012_val_00028434_n01770393,4,3,0.0069592952107389765,0.14578105509281158,0.7171838482220968,0.02870923839509487,0.02153740016122659
15000,H8-V,71,n01770393/ILSVRC2012_val_00028434_n01770393,7,3,0.00655486232911547,0.13932993014653525,0.6851109464963278,0.027338965485493343,0.02048785611987114
15000,H8-V,71,n01770393/ILSVRC2012_val_00028434_n01770393,13,3,0.0062251171718041105,0.131621723373731,0.6549595991770426,0.025936884805560112,0.01938728926082452
15000,H8-V,71,n01770393/ILSVRC2012_val_00028434_n01770393,19,3,0.006140420368562142,0.130864679813385,0.6465572516123453,0.02569246105849743,0.01922688881556193
15000,H8-V,72,n01773157/ILSVRC2012_val_00003008_n01773157,1,3,0.010933000904818376,0.16853744784990946,0.7979503870010376,0.03576625076433023,0.027786746621131897
15000,H8-V,72,n01773157/ILSVRC2012_val_00003008_n01773157,4,3,0.007434942449132602,0.12391434609889984,0.6878401438395182,0.026704778894782066,0.019826377431551617
15000,H8-V,72,n01773157/ILSVRC2012_val_00003008_n01773157,7,3,0.007014304709931214,0.1182936280965805,0.6583669384320577,0.025427337735891342,0.018843667581677437
15000,H8-V,72,n01773157/ILSVRC2012_val_00003008_n01773157,13,3,0.006606616235027711,0.11269024014472961,0.6300297180811564,0.024175936977068584,0.01787564034263293
15000,H8-V,72,n01773157/ILSVRC2012_val_00003008_n01773157,19,3,0.006495441775768995,0.11153221378723781,0.6212557951609293,0.023861221348245937,0.017648663992683094
15000,H8-V,73,n01773549/ILSVRC2012_val_00019042_n01773549,1,3,0.01094338142623504,0.22685021658738455,0.8142111301422119,0.04177051534255346,0.0336284035195907
15000,H8-V,73,n01773549/ILSVRC2012_val_00019042_n01773549,4,3,0.006611282626787822,0.13036841650803885,0.6512062350908915,0.0261601855357488,0.019648124153415363
15000,H8-V,73,n01773549/ILSVRC2012_val_00019042_n01773549,7,3,0.006025937230636676,0.1241036628683408,0.6189698775609335,0.024626002336541813,0.018436303362250328
15000,H8-V,73,n01773549/ILSVRC2012_val_00019042_n01773549,13,3,0.005546702382465203,0.11759495983521144,0.5874878764152527,0.023181076472004254,0.01730619805554549
15000,H8-V,73,n01773549/ILSVRC2012_val_00019042_n01773549,19,3,0.005463354599972566,0.1152599627772967,0.5772349039713541,0.022761700054009754,0.016989351560672123
15000,H8-V,74,n01773797/ILSVRC2012_val_00003353_n01773797,1,3,0.004466432146728039,0.1329007918636004,0.471163938442866,0.022468150903781254,0.01775651176770528
15000,H8-V,74,n01773797/ILSVRC2012_val_00003353_n01773797,4,3,0.00297725402439634,0.08257069687048595,0.36977354685465497,0.014932059682905674,0.01123432411501805
15000,H8-V,74,n01773797/ILSVRC2012_val_00003353_n01773797,7,3,0.002824819879606366,0.07916926095883052,0.3462135394414266,0.014203881534437338,0.010741746363540491
15000,H8-V,74,n01773797/ILSVRC2012_val_00003353_n01773797,13,3,0.0026547007728368044,0.07469876358906428,0.3280026912689209,0.01340460404753685,0.010124577209353447
15000,H8-V,74,n01773797/ILSVRC2012_val_00003353_n01773797,19,3,0.0025804368779063225,0.07161258161067963,0.3257760504881541,0.012999456065396467,0.009741695287326971
15000,H8-V,75,n01774384/ILSVRC2012_val_00024261_n01774384,1,3,0.007163200527429581,0.18862838049729666,0.5082835157712301,0.031108873585859936,0.026026038452982903
15000,H8-V,75,n01774384/ILSVRC2012_val_00024261_n01774384,4,3,0.0030351898167282343,0.07113229235013326,0.38118897875150043,0.013960308705766996,0.010148419067263603
15000,H8-V,75,n01774384/ILSVRC2012_val_00024261_n01774384,7,3,0.0028267002974947295,0.0662026156981786,0.3545536994934082,0.012992498775323233,0.009446961805224419
15000,H8-V,75,n01774384/ILSVRC2012_val_00024261_n01774384,13,3,0.002625948361431559,0.0611092783510685,0.33242712418238324,0.012061147640148798,0.008736876460413137
15000,H8-V,75,n01774384/ILSVRC2012_val_00024261_n01774384,19,3,0.002565644526233276,0.05933572848637899,0.3275589942932129,0.01177480723708868,0.008499217530091604
15000,H8-V,76,n01774750/ILSVRC2012_val_00010503_n01774750,1,3,0.011354348932703337,0.20074226458867392,0.7448301116625468,0.03887687623500824,0.031428574894865356
15000,H8-V,76,n01774750/ILSVRC2012_val_00010503_n01774750,4,3,0.007768335752189159,0.15031865239143372,0.6307574907938639,0.029107775539159775,0.022800200929244358
15000,H8-V,76,n01774750/ILSVRC2012_val_00010503_n01774750,7,3,0.007309309517343839,0.14323258896668753,0.5997763872146606,0.027630332857370377,0.021632569531599682
15000,H8-V,76,n01774750/ILSVRC2012_val_00010503_n01774750,13,3,0.006835695045689742,0.13738743464152017,0.5704190731048584,0.02627863051990668,0.02057443931698799
15000,H8-V,76,n01774750/ILSVRC2012_val_00010503_n01774750,19,3,0.006671194297571977,0.13482865691184998,0.5612438321113586,0.02576649809877078,0.02015406017502149
15000,H8-V,77,n01775062/ILSVRC2012_val_00000986_n01775062,1,3,0.011866625398397446,0.22496644655863443,0.7462879220644633,0.04182614882787069,0.0343632698059082
15000,H8-V,77,n01775062/ILSVRC2012_val_00000986_n01775062,4,3,0.009355667357643446,0.18201051155726114,0.6397412816683451,0.033954132348299026,0.02755671925842762
15000,H8-V,77,n01775062/ILSVRC2012_val_00000986_n01775062,7,3,0.008931727148592472,0.1765397439400355,0.6087255477905273,0.03267295782764753,0.02658570185303688
15000,H8-V,77,n01775062/ILSVRC2012_val_00000986_n01775062,13,3,0.008621903446813425,0.17178772389888763,0.5821723739306132,0.03162239988644918,0.02580067639549573
15000,H8-V,77,n01775062/ILSVRC2012_val_00000986_n01775062,19,3,0.008584383875131607,0.17008475959300995,0.5767048994700114,0.03135990848143896,0.025592859834432602
15000,H8-V,78,n01776313/ILSVRC2012_val_00000943_n01776313,1,3,0.006063299874464671,0.19639723499615988,0.640586276849111,0.03210888554652532,0.025703023498257
15000,H8-V,78,n01776313/ILSVRC2012_val_00000943_n01776313,4,3,0.003075372582922379,0.11582946528991063,0.5123547712961832,0.019781867042183876,0.01465831883251667
15000,H8-V,78,n01776313/ILSVRC2012_val_00000943_n01776313,7,3,0.002828097358966867,0.11016024649143219,0.4839286009470622,0.018683408076564472,0.013844122489293417
15000,H8-V,78,n01776313/ILSVRC2012_val_00000943_n01776313,13,3,0.002630296473701795,0.10502746204535167,0.45869767665863037,0.017720019444823265,0.013133042802413305
15000,H8-V,78,n01776313/ILSVRC2012_val_00000943_n01776313,19,3,0.0025771360378712416,0.10330939044555028,0.4523684084415436,0.017431759585936863,0.012908075625697771
15000,H8-V,79,n01784675/ILSVRC2012_val_00035667_n01784675,1,3,0.008291620140274366,0.1497330665588379,0.5656395355860392,0.028921322897076607,0.023264927168687183
15000,H8-V,79,n01784675/ILSVRC2012_val_00035667_n01784675,4,3,0.005562455703814824,0.09540406862894694,0.4576989412307739,0.019679851830005646,0.015102862690885862
15000,H8-V,79,n01784675/ILSVRC2012_val_00035667_n01784675,7,3,0.00513635699947675,0.0878146489461263,0.4279996454715729,0.01819781834880511,0.013917822080353895
15000,H8-V,79,n01784675/ILSVRC2012_val_00035667_n01784675,13,3,0.004768855559329192,0.08059113472700119,0.4026355743408203,0.016854324688514073,0.012827969156205654
15000,H8-V,79,n01784675/ILSVRC2012_val_00035667_n01784675,19,3,0.004664539359509945,0.07787868628899257,0.39680778980255127,0.01642048607269923,0.01245240836093823
15000,H8-V,80,n01795545/ILSVRC2012_val_00040203_n01795545,1,3,0.01281696961571773,0.24353410800298056,0.634607195854187,0.04351645211378733,0.03717038035392761
15000,H8-V,80,n01795545/ILSVRC2012_val_00040203_n01795545,4,3,0.008636432078977426,0.15638262530167898,0.5050175189971924,0.02932486931482951,0.02427469442288081
15000,H8-V,80,n01795545/ILSVRC2012_val_00040203_n01795545,7,3,0.00826642227669557,0.15090765555699667,0.4773469865322113,0.028130656729141872,0.02335718770821889
15000,H8-V,80,n01795545/ILSVRC2012_val_00040203_n01795545,13,3,0.007952936924993992,0.1453179121017456,0.45298828681310016,0.027014610668023426,0.02248472844560941
15000,H8-V,80,n01795545/ILSVRC2012_val_00040203_n01795545,19,3,0.007894734541575113,0.14337574442227682,0.44716935356458026,0.026704002792636555,0.022232309604684513
15000,H8-V,81,n01796340/ILSVRC2012_val_00022095_n01796340,1,3,0.027942633877197903,0.252679521838824,0.9478951295216879,0.06268953780333202,0.05321058630943298
15000,H8-V,81,n01796340/ILSVRC2012_val_00022095_n01796340,4,3,0.02325649621586005,0.20543651779492697,0.8364009658495585,0.052164157231648765,0.0438001478711764
15000,H8-V,81,n01796340/ILSVRC2012_val_00022095_n01796340,7,3,0.022479965041081112,0.19838259617487589,0.8008893330891927,0.050327117244402565,0.04231822366515795
15000,H8-V,81,n01796340/ILSVRC2012_val_00022095_n01796340,13,3,0.0217911209911108,0.19149048129717508,0.7668917775154114,0.04860908662279447,0.040940169245004654
15000,H8-V,81,n01796340/ILSVRC2012_val_00022095_n01796340,19,3,0.021604591980576515,0.18768772979577383,0.7562789916992188,0.04793615390857061,0.04037336508433024
15000,H8-V,82,n01797886/ILSVRC2012_val_00005675_n01797886,1,3,0.016683213723202545,0.2049146294593811,0.8965968688329061,0.0461406446993351,0.037174676855405174
15000,H8-V,82,n01797886/ILSVRC2012_val_00005675_n01797886,4,3,0.012436932573715845,0.14883153637250265,0.7471437652905782,0.03479152296980222,0.027320085714260738
15000,H8-V,82,n01797886/ILSVRC2012_val_00005675_n01797886,7,3,0.01178433932363987,0.1435845841964086,0.7144846518834432,0.03328764562805494,0.026142798364162445
15000,H8-V,82,n01797886/ILSVRC2012_val_00005675_n01797886,13,3,0.011176112728814283,0.13797494272391,0.6818151871363322,0.031791759033997856,0.024973607311646145
15000,H8-V,82,n01797886/ILSVRC2012_val_00005675_n01797886,19,3,0.011004330590367317,0.13697309295336405,0.6707088947296143,0.0314087284108003,0.024701640009880066
15000,H8-V,83,n01798484/ILSVRC2012_val_00046410_n01798484,1,3,0.011860775761306286,0.25708527366320294,0.9110656579335531,0.04667995870113373,0.037569303065538406
15000,H8-V,83,n01798484/ILSVRC2012_val_00046410_n01798484,4,3,0.008747311619420847,0.17400232950846353,0.7542333602905273,0.03368987888097763,0.026147545004884403
15000,H8-V,83,n01798484/ILSVRC2012_val_00046410_n01798484,7,3,0.008319833626349768,0.16712993383407593,0.7214247783025106,0.03224707394838333,0.02503282700975736
15000,H8-V,83,n01798484/ILSVRC2012_val_00046410_n01798484,13,3,0.007956206177671751,0.16104792058467865,0.6911125779151917,0.03097212438782056,0.02406099873284499
15000,H8-V,83,n01798484/ILSVRC2012_val_00046410_n01798484,19,3,0.007890496713419756,0.15906062225500742,0.6827318867047628,0.03062387742102146,0.02379655900100867
15000,H8-V,84,n01806143/ILSVRC2012_val_00005599_n01806143,1,3,0.018599553654591244,0.17813611527283987,0.3807063301404317,0.040220229576031365,0.03641316543022791
15000,H8-V,84,n01806143/ILSVRC2012_val_00005599_n01806143,4,3,0.015974000717202824,0.13284148772557577,0.3066277901331584,0.03232442711790403,0.029258149365584057
15000,H8-V,84,n01806143/ILSVRC2012_val_00005599_n01806143,7,3,0.015602544570962587,0.13051016132036844,0.28267985582351685,0.031480359534422554,0.028653560827175777
15000,H8-V,84,n01806143/ILSVRC2012_val_00005599_n01806143,13,3,0.01525021716952324,0.1273853083451589,0.26496784885724384,0.030638426542282104,0.027988748004039127
15000,H8-V,84,n01806143/ILSVRC2012_val_00005599_n01806143,19,3,0.015169276235004267,0.12582455575466156,0.2633086144924164,0.030384817471106846,0.027751731375853222
15000,H8-V,85,n01806567/ILSVRC2012_val_00034349_n01806567,1,3,0.014061459650595983,0.23465117812156677,0.7889994382858276,0.04541657119989395,0.03752657709022363
15000,H8-V,85,n01806567/ILSVRC2012_val_00034349_n01806567,4,3,0.010223664343357086,0.15654703974723816,0.6540452241897583,0.032418822248776756,0.025878369187315304
15000,H8-V,85,n01806567/ILSVRC2012_val_00034349_n01806567,7,3,0.009768438525497913,0.15390785535176596,0.6234891215960184,0.031394115959604584,0.02515922486782074
15000,H8-V,85,n01806567/ILSVRC2012_val_00034349_n01806567,13,3,0.009366740162173906,0.14998885989189148,0.5951288342475891,0.030316914121309917,0.024365626275539398
15000,H8-V,85,n01806567/ILSVRC2012_val_00034349_n01806567,19,3,0.009278426878154278,0.1482012371222178,0.5868741273880005,0.029967291901508968,0.024098550900816917
15000,H8-V,86,n01807496/ILSVRC2012_val_00038023_n01807496,1,3,0.02250101479391257,0.25503310561180115,1.2760796944300334,0.06076512113213539,0.04800432423750559
15000,H8-V,86,n01807496/ILSVRC2012_val_00038023_n01807496,4,3,0.016241392120718956,0.19992251694202423,1.1126373608907063,0.04736001665393511,0.036233643690745033
15000,H8-V,86,n01807496/ILSVRC2012_val_00038023_n01807496,7,3,0.015132153717180094,0.19308785597483316,1.074023167292277,0.045181172589461006,0.0344409408668677
15000,H8-V,86,n01807496/ILSVRC2012_val_00038023_n01807496,13,3,0.014101996086537838,0.18355067571004233,1.034647544225057,0.042803539584080376,0.032457063595453896
15000,H8-V,86,n01807496/ILSVRC2012_val_00038023_n01807496,19,3,0.01376368540028731,0.17806289593378702,1.021326740582784,0.04178324217597643,0.031569975117842354
15000,H8-V,87,n01817953/ILSVRC2012_val_00024592_n01817953,1,3,0.007881222758442163,0.17294431229432425,0.6918083628018697,0.032093737895290055,0.025175654018918674
15000,H8-V,87,n01817953/ILSVRC2012_val_00024592_n01817953,4,3,0.005140836661060651,0.1371805121501287,0.5987925926844279,0.024846813331047695,0.01885888787607352
15000,H8-V,87,n01817953/ILSVRC2012_val_00024592_n01817953,7,3,0.004689037644614776,0.12676646560430527,0.5688244501749674,0.02305392858882745,0.017365684111913044
15000,H8-V,87,n01817953/ILSVRC2012_val_00024592_n01817953,13,3,0.004186646081507206,0.11589345335960388,0.5418641964594523,0.021194633096456528,0.01577599160373211
15000,H8-V,87,n01817953/ILSVRC2012_val_00024592_n01817953,19,3,0.003945031125719349,0.11204262574513753,0.5350995262463888,0.020500289276242256,0.015149294088284174
15000,H8-V,88,n01818515/ILSVRC2012_val_00027656_n01818515,1,3,0.009047112117211023,0.19710352520147958,0.538263221581777,0.03414009635647138,0.02875746414065361
15000,H8-V,88,n01818515/ILSVRC2012_val_00027656_n01818515,4,3,0.00470774124066035,0.08994901925325394,0.3976827561855316,0.01767947090168794,0.01370264341433843
15000,H8-V,88,n01818515/ILSVRC2012_val_00027656_n01818515,7,3,0.004455823916941881,0.08479994038740794,0.37129459778467816,0.01664876379072666,0.012935817862550417
15000,H8-V,88,n01818515/ILSVRC2012_val_00027656_n01818515,13,3,0.00422474058965842,0.08080601195494334,0.35005953907966614,0.015805937970678013,0.012305341971417269
15000,H8-V,88,n01818515/ILSVRC2012_val_00027656_n01818515,19,3,0.004172837206472953,0.0795351912577947,0.346584031979243,0.015592196335395178,0.012126356363296509
15000,H8-V,89,n01819313/ILSVRC2012_val_00041041_n01819313,1,3,0.008005307987332344,0.1886100023984909,0.5275767842928568,0.03214207539955775,0.026866308723886807
15000,H8-V,89,n01819313/ILSVRC2012_val_00041041_n01819313,4,3,0.005555653013288975,0.12901130318641663,0.4130834142367045,0.02258761723836263,0.018456783145666122
15000,H8-V,89,n01819313/ILSVRC2012_val_00041041_n01819313,7,3,0.005286422247687976,0.1243747075398763,0.3870742718378703,0.021594636142253876,0.017723893746733665
15000,H8-V,89,n01819313/ILSVRC2012_val_00041041_n01819313,13,3,0.005022392763445775,0.11729531238476436,0.36628546317418414,0.02041477896273136,0.01675192390878995
15000,H8-V,89,n01819313/ILSVRC2012_val_00041041_n01819313,19,3,0.004967893473803997,0.11493486911058426,0.36287132898966473,0.020090094457070034,0.01646138106783231
15000,H8-V,90,n01820546/ILSVRC2012_val_00017939_n01820546,1,3,0.02463686962922414,0.23405628899733225,1.028010606765747,0.05832260474562645,0.04804249852895737
15000,H8-V,90,n01820546/ILSVRC2012_val_00017939_n01820546,4,3,0.020141751194993656,0.17127599815527597,0.9071695407231649,0.04634104669094086,0.03726935262481371
15000,H8-V,90,n01820546/ILSVRC2012_val_00017939_n01820546,7,3,0.0188704002648592,0.15602153539657593,0.8703325390815735,0.043175878624121346,0.03447255368034045
15000,H8-V,90,n01820546/ILSVRC2012_val_00017939_n01820546,13,3,0.017673250908652943,0.1421611855427424,0.8366057078043619,0.04025542611877123,0.031889369090398155
15000,H8-V,90,n01820546/ILSVRC2012_val_00017939_n01820546,19,3,0.01727761762837569,0.13632133106390634,0.8263338208198547,0.03917308896780014,0.0309097512314717
15000,H8-V,91,n01824575/ILSVRC2012_val_00001142_n01824575,1,3,0.00555845412115256,0.1125207245349884,0.31631075342496234,0.01997363505264123,0.016810527071356773
15000,H8-V,91,n01824575/ILSVRC2012_val_00001142_n01824575,4,3,0.003774442709982395,0.06431054572264354,0.23689446846644083,0.012574442041416964,0.01020549734433492
15000,H8-V,91,n01824575/ILSVRC2012_val_00001142_n01824575,7,3,0.0036024156336983046,0.06169811263680458,0.21417257686456045,0.01191395272811254,0.009772227145731449
15000,H8-V,91,n01824575/ILSVRC2012_val_00001142_n01824575,13,3,0.003408172633498907,0.05899812529484431,0.19881333907445273,0.011296118920048078,0.009307985504468283
15000,H8-V,91,n01824575/ILSVRC2012_val_00001142_n01824575,19,3,0.0033158269555618367,0.05826126163204511,0.1992173691590627,0.011134126534064611,0.009141953041156134
15000,H8-V,92,n01828970/ILSVRC2012_val_00033962_n01828970,1,3,0.0032780938781797886,0.10191847880681355,0.35817216833432514,0.017051663249731064,0.013469941914081573
15000,H8-V,92,n01828970/ILSVRC2012_val_00033962_n01828970,4,3,0.0018081327046578128,0.042637117207050323,0.2563503483931224,0.008635348329941431,0.006071844759086768
15000,H8-V,92,n01828970/ILSVRC2012_val_00033962_n01828970,7,3,0.0016916683719803889,0.039543612549702324,0.23119542499383292,0.007957983762025833,0.005646029797693093
15000,H8-V,92,n01828970/ILSVRC2012_val_00033962_n01828970,13,3,0.001579480633760492,0.0368501270810763,0.2116669019063314,0.007381162450959285,0.005264493481566508
15000,H8-V,92,n01828970/ILSVRC2012_val_00033962_n01828970,19,3,0.0015359501509616773,0.03585231179992358,0.20887963970502219,0.007209978066384792,0.0051211815637846785
15000,H8-V,93,n01829413/ILSVRC2012_val_00002843_n01829413,1,3,0.016341288884480793,0.21520687639713287,0.6532241900761923,0.04439421743154526,0.03786197553078333
15000,H8-V,93,n01829413/ILSVRC2012_val_00002843_n01829413,4,3,0.006546101998537779,0.11187144617239635,0.5225628813107809,0.022958876565098763,0.017733247329791386
15000,H8-V,93,n01829413/ILSVRC2012_val_00002843_n01829413,7,3,0.006180993281304836,0.10802089671293895,0.4937711258729299,0.021920794621109962,0.016983083138863247
15000,H8-V,93,n01829413/ILSVRC2012_val_00002843_n01829413,13,3,0.005872853410740693,0.10537124921878178,0.46851163109143573,0.021095094581445057,0.0164099782705307
15000,H8-V,93,n01829413/ILSVRC2012_val_00002843_n01829413,19,3,0.005748165460924308,0.1038958728313446,0.462571253379186,0.02076346551378568,0.016137752681970596
15000,H8-V,94,n01833805/ILSVRC2012_val_00020443_n01833805,1,3,0.01225116973121961,0.2184669772783915,0.783358613650004,0.041931454092264175,0.034097867707411446
15000,H8-V,94,n01833805/ILSVRC2012_val_00020443_n01833805,4,3,0.008625447129209837,0.1257191151380539,0.6463306546211243,0.027660665412743885,0.02119735876719157
15000,H8-V,94,n01833805/ILSVRC2012_val_00020443_n01833805,7,3,0.008189008881648382,0.12019816040992737,0.6176627079645792,0.02638545197745164,0.020208825046817463
15000,H8-V,94,n01833805/ILSVRC2012_val_00020443_n01833805,13,3,0.007762504120667775,0.11392612258593242,0.5902754465738932,0.025057870894670486,0.019155116751790047
15000,H8-V,94,n01833805/ILSVRC2012_val_00020443_n01833805,19,3,0.007625447275737922,0.11165789514780045,0.5816900531450907,0.02460813770691554,0.018791237225135166
15000,H8-V,95,n01843065/ILSVRC2012_val_00033281_n01843065,1,3,0.004137916956096888,0.10657022645076115,0.3648075461387634,0.018443015093604725,0.014794939508040747
15000,H8-V,95,n01843065/ILSVRC2012_val_00033281_n01843065,4,3,0.0022523796651512384,0.04983728503187498,0.2603299121061961,0.009839407168328762,0.007236108339081208
15000,H8-V,95,n01843065/ILSVRC2012_val_00033281_n01843065,7,3,0.002078338215748469,0.04688184832533201,0.2357529898484548,0.009124052710831165,0.006766523079325755
15000,H8-V,95,n01843065/ILSVRC2012_val_00033281_n01843065,13,3,0.001899853542757531,0.04434894770383835,0.21743281185626984,0.008509076200425625,0.006334748429556687
15000,H8-V,95,n01843065/ILSVRC2012_val_00033281_n01843065,19,3,0.0018230790349965293,0.04343400150537491,0.21575969457626343,0.008324076111117998,0.006166479395081599
15000,H8-V,96,n01843383/ILSVRC2012_val_00030000_n01843383,1,3,0.01420502116282781,0.1145060807466507,0.3240303893884023,0.028895933801929157,0.025655629734198254
15000,H8-V,96,n01843383/ILSVRC2012_val_00030000_n01843383,4,3,0.004365796068062385,0.047080446034669876,0.21414395173390707,0.011215280120571455,0.00907384076466163
15000,H8-V,96,n01843383/ILSVRC2012_val_00030000_n01843383,7,3,0.0036405581049621105,0.04279769708712896,0.19155697524547577,0.009835897634426752,0.007920327906807264
15000,H8-V,96,n01843383/ILSVRC2012_val_00030000_n01843383,13,3,0.0033428284029165902,0.039608205358187355,0.17685750126838684,0.009072223988672098,0.007303648938735326
15000,H8-V,96,n01843383/ILSVRC2012_val_00030000_n01843383,19,3,0.003222359965244929,0.03753794729709625,0.1780254195133845,0.008756408778329691,0.006976154632866383
15000,H8-V,97,n01847000/ILSVRC2012_val_00029070_n01847000,1,3,0.004685332843412955,0.10735440502564113,0.2920604944229126,0.018341378619273502,0.015420773687462011
15000,H8-V,97,n01847000/ILSVRC2012_val_00029070_n01847000,4,3,0.002660606987774372,0.06323786700765292,0.21560944120089212,0.011140488088130951,0.008984393750627836
15000,H8-V,97,n01847000/ILSVRC2012_val_00029070_n01847000,7,3,0.0024951808930685124,0.06025588388244311,0.19418652852376303,0.01046263457586368,0.008520769265790781
15000,H8-V,97,n01847000/ILSVRC2012_val_00029070_n01847000,13,3,0.0023112831792483726,0.055921232948700585,0.180607999364535,0.009709486737847328,0.007903406396508217
15000,H8-V,97,n01847000/ILSVRC2012_val_00029070_n01847000,19,3,0.0022242318373173475,0.05314562718073527,0.18236961464087167,0.009362490847706795,0.0075387948503096896
15000,H8-V,98,n01855032/ILSVRC2012_val_00042824_n01855032,1,3,0.007807494296381871,0.16300915678342184,0.45496458808581036,0.02865805725256602,0.02410841112335523
15000,H8-V,98,n01855032/ILSVRC2012_val_00042824_n01855032,4,3,0.005217746676256259,0.09818880011638005,0.3358076711495717,0.018394703045487404,0.01503662671893835
15000,H8-V,98,n01855032/ILSVRC2012_val_00042824_n01855032,7,3,0.005048811590919892,0.09599001208941142,0.3126964072386424,0.01777477686603864,0.014647812892993292
15000,H8-V,98,n01855032/ILSVRC2012_val_00042824_n01855032,13,3,0.004897932056337595,0.09430726865927379,0.29582610726356506,0.017286920299132664,0.014328658891220888
15000,H8-V,98,n01855032/ILSVRC2012_val_00042824_n01855032,19,3,0.004857227206230164,0.0941259041428566,0.2949894766012828,0.017219712336858112,0.014269817620515823
15000,H8-V,99,n01855672/ILSVRC2012_val_00012089_n01855672,1,3,0.021271446098883946,0.3076319992542267,0.870805025100708,0.060742697368065514,0.0520346462726593
15000,H8-V,99,n01855672/ILSVRC2012_val_00012089_n01855672,4,3,0.014400662233432135,0.15926683942476907,0.7118944327036539,0.037446290254592896,0.030327346175909042
15000,H8-V,99,n01855672/ILSVRC2012_val_00012089_n01855672,7,3,0.013734792048732439,0.15225806832313538,0.6796992818514506,0.035757591327031456,0.02896059863269329
15000,H8-V,99,n01855672/ILSVRC2012_val_00012089_n01855672,13,3,0.01319353748112917,0.14561861753463745,0.6495395104090372,0.034250794599453606,0.027755398924152058
15000,H8-V,99,n01855672/ILSVRC2012_val_00012089_n01855672,19,3,0.013039783574640751,0.1435586710770925,0.6410410006841024,0.0338060607512792,0.02739565074443817
15000,H8-V,100,n01860187/ILSVRC2012_val_00007700_n01860187,1,3,0.01754111920793851,0.17685575783252716,0.5732592940330505,0.040959288676579796,0.03522669648130735
15000,H8-V,100,n01860187/ILSVRC2012_val_00007700_n01860187,4,3,0.013983204029500484,0.11907882740100224,0.46660234530766803,0.03055711028476556,0.02589108670751254
15000,H8-V,100,n01860187/ILSVRC2012_val_00007700_n01860187,7,3,0.013436361216008663,0.11585470040639241,0.44099892179171246,0.029431820536653202,0.025021831194559734
15000,H8-V,100,n01860187/ILSVRC2012_val_00007700_n01860187,13,3,0.012860634364187717,0.11222312102715175,0.4200854003429413,0.028283800308903057,0.024082946280638378
15000,H8-V,100,n01860187/ILSVRC2012_val_00007700_n01860187,19,3,0.012641231839855513,0.11105249573787053,0.41639378666877747,0.027910419429341953,0.023746481786171596
15000,H8-V,101,n01871265/ILSVRC2012_val_00031112_n01871265,1,3,0.021500724678238232,0.26408148805300397,0.7497205932935079,0.05540608117977778,0.0479088748494784
15000,H8-V,101,n01871265/ILSVRC2012_val_00031112_n01871265,4,3,0.014044198207557201,0.14918047686417898,0.5963129202524821,0.03492537513375282,0.028962246452768643
15000,H8-V,101,n01871265/ILSVRC2012_val_00031112_n01871265,7,3,0.013388069656987986,0.14397122462590536,0.5665878454844157,0.033451070388158165,0.027785191933314007
15000,H8-V,101,n01871265/ILSVRC2012_val_00031112_n01871265,13,3,0.01274899517496427,0.13743747770786285,0.5391272107760111,0.03188401460647583,0.02649274282157421
15000,H8-V,101,n01871265/ILSVRC2012_val_00031112_n01871265,19,3,0.012569768354296684,0.1329746296008428,0.5317776600519816,0.031185008585453033,0.025867231811086338
15000,H8-V,102,n01872401/ILSVRC2012_val_00034301_n01872401,1,3,0.015311875070134798,0.22030616799990335,0.6859423716862997,0.04420191546281179,0.03734249249100685
15000,H8-V,102,n01872401/ILSVRC2012_val_00034301_n01872401,4,3,0.012721566172937552,0.13766125837961832,0.5439066886901855,0.03192675982912382,0.026487691948811214
15000,H8-V,102,n01872401/ILSVRC2012_val_00034301_n01872401,7,3,0.012308386154472828,0.13284380733966827,0.5173223416010538,0.030765990416208904,0.02559276670217514
15000,H8-V,102,n01872401/ILSVRC2012_val_00034301_n01872401,13,3,0.011937606148421764,0.1292767475048701,0.49548550446828205,0.02982013610502084,0.024865280836820602
15000,H8-V,102,n01872401/ILSVRC2012_val_00034301_n01872401,19,3,0.011839532293379307,0.12773541112740835,0.49147186676661175,0.029527792086203892,0.024613073716561
15000,H8-V,103,n01873310/ILSVRC2012_val_00016323_n01873310,1,3,0.025405840948224068,0.18558010955651602,0.8358277479807535,0.052322130650281906,0.04396385202805201
15000,H8-V,103,n01873310/ILSVRC2012_val_00016323_n01873310,4,3,0.020665128404895466,0.13186310231685638,0.7053069869677225,0.04090450828274091,0.03385143851240476
15000,H8-V,103,n01873310/ILSVRC2012_val_00016323_n01873310,7,3,0.019805763537685078,0.127675990263621,0.6756766438484192,0.0393301285803318,0.03257336219151815
15000,H8-V,103,n01873310/ILSVRC2012_val_00016323_n01873310,13,3,0.018969663729270298,0.12340298543373744,0.6480624079704285,0.03779058655103048,0.03130996289352576
15000,H8-V,103,n01873310/ILSVRC2012_val_00016323_n01873310,19,3,0.01872001091639201,0.12261888136466344,0.6403432091077169,0.03738533208767573,0.030981899549563725
15000,H8-V,104,n01877812/ILSVRC2012_val_00041445_n01877812,1,3,0.012303139083087444,0.24043854574362436,1.0749465624491374,0.047096461057662964,0.03634699434041977
15000,H8-V,104,n01877812/ILSVRC2012_val_00041445_n01877812,4,3,0.0078452971453468,0.17566207547982535,0.9179775516192118,0.0345912811656793,0.02541150525212288
15000,H8-V,104,n01877812/ILSVRC2012_val_00041445_n01877812,7,3,0.007308053318411112,0.16870979964733124,0.8834156592686971,0.033013189832369484,0.024179033935070038
15000,H8-V,104,n01877812/ILSVRC2012_val_00041445_n01877812,13,3,0.006845144089311361,0.16132239003976187,0.848564068476359,0.03146302451690038,0.02297738380730152
15000,H8-V,104,n01877812/ILSVRC2012_val_00041445_n01877812,19,3,0.006758727598935366,0.1583269238471985,0.8370053966840109,0.030961474403738976,0.02259142075975736
15000,H8-V,105,n01882714/ILSVRC2012_val_00003254_n01882714,1,3,0.00927576639999946,0.1971623251835505,0.6473862131436666,0.03546586136023203,0.028991999104619026
15000,H8-V,105,n01882714/ILSVRC2012_val_00003254_n01882714,4,3,0.00631689125051101,0.13695689539114633,0.5365924040476481,0.02537850538889567,0.0200125811000665
15000,H8-V,105,n01882714/ILSVRC2012_val_00003254_n01882714,7,3,0.0059079282606641454,0.1286324461301168,0.5064261754353842,0.02383543426791827,0.01877117281158765
15000,H8-V,105,n01882714/ILSVRC2012_val_00003254_n01882714,13,3,0.005554713308811188,0.12051862229903539,0.4795163571834564,0.02240173891186714,0.017606575042009354
15000,H8-V,105,n01882714/ILSVRC2012_val_00003254_n01882714,19,3,0.0054757799953222275,0.11776451518138249,0.47189905246098834,0.02197122263411681,0.01725223163763682
15000,H8-V,106,n01883070/ILSVRC2012_val_00012372_n01883070,1,3,0.009058704599738121,0.21236373980840048,0.6640714804331461,0.03693579385677973,0.030295078953107197
15000,H8-V,106,n01883070/ILSVRC2012_val_00012372_n01883070,4,3,0.007078619363407294,0.16465401649475098,0.5731051365534464,0.02927507273852825,0.023544021571675938
15000,H8-V,106,n01883070/ILSVRC2012_val_00012372_n01883070,7,3,0.006725190517803033,0.1590116024017334,0.5427547295888265,0.028053898364305496,0.022626350944240887
15000,H8-V,106,n01883070/ILSVRC2012_val_00012372_n01883070,13,3,0.006423036102205515,0.15237556397914886,0.5156469742457072,0.02681706224878629,0.021660592406988144
15000,H8-V,106,n01883070/ILSVRC2012_val_00012372_n01883070,19,3,0.006360352815439303,0.14963989953200021,0.5086173017819723,0.026410515730579693,0.021324343358476956
15000,H8-V,107,n01910747/ILSVRC2012_val_00014265_n01910747,1,3,0.007424648695935805,0.1265035221974055,0.3215226133664449,0.02329022716730833,0.020075000822544098
15000,H8-V,107,n01910747/ILSVRC2012_val_00014265_n01910747,4,3,0.0026584540804227195,0.05121298010150591,0.22008225321769714,0.009980574871102968,0.007779752369970083
15000,H8-V,107,n01910747/ILSVRC2012_val_00014265_n01910747,7,3,0.0022012582824875913,0.04507078478733698,0.19864919781684875,0.008694828487932682,0.006708336838831504
15000,H8-V,107,n01910747/ILSVRC2012_val_00014265_n01910747,13,3,0.001921754136371116,0.04104427993297577,0.18349733452002207,0.007861155395706495,0.006026182323694229
15000,H8-V,107,n01910747/ILSVRC2012_val_00014265_n01910747,19,3,0.0018382140745719273,0.039537242303291954,0.18383028109868368,0.0076302411034703255,0.005791938242812951
15000,H8-V,108,n01914609/ILSVRC2012_val_00041889_n01914609,1,3,0.013587634079158306,0.24368664622306824,1.0152067343393962,0.048108367870251335,0.03795629988114039
15000,H8-V,108,n01914609/ILSVRC2012_val_00041889_n01914609,4,3,0.010116335315008959,0.18010771771272024,0.8723615407943726,0.036850723127524056,0.02812710776925087
15000,H8-V,108,n01914609/ILSVRC2012_val_00041889_n01914609,7,3,0.009478012099862099,0.17415220042069754,0.8390671412150065,0.035283904522657394,0.026893232638637226
15000,H8-V,108,n01914609/ILSVRC2012_val_00041889_n01914609,13,3,0.008843603233496347,0.1641780436038971,0.8050983945528666,0.033312391489744186,0.02526140833894412
15000,H8-V,108,n01914609/ILSVRC2012_val_00041889_n01914609,19,3,0.008646536308030287,0.16174814601739249,0.7930400570233663,0.03275175020098686,0.024821351592739422
15000,H8-V,109,n01917289/ILSVRC2012_val_00049679_n01917289,1,3,0.018061163524786632,0.26444249351819354,0.6338296333948771,0.05084370821714401,0.04450541237990061
15000,H8-V,109,n01917289/ILSVRC2012_val_00049679_n01917289,4,3,0.013942295064528784,0.1898984213670095,0.5167258977890015,0.03809939697384834,0.03293213744958242
15000,H8-V,109,n01917289/ILSVRC2012_val_00049679_n01917289,7,3,0.01352045809229215,0.18691988786061606,0.48962029814720154,0.037108649810155235,0.03221244737505913
15000,H8-V,109,n01917289/ILSVRC2012_val_00049679_n01917289,13,3,0.013049640071888765,0.18130006392796835,0.4657176236311595,0.03583682204286257,0.031179646030068398
15000,H8-V,109,n01917289/ILSVRC2012_val_00049679_n01917289,19,3,0.012851878379782041,0.17583865920702615,0.4598871171474457,0.03503461554646492,0.03043574405213197
15000,H8-V,110,n01924916/ILSVRC2012_val_00004904_n01924916,1,3,0.011533670127391815,0.22635065019130707,0.7825191219647726,0.04199392472704252,0.03416873514652252
15000,H8-V,110,n01924916/ILSVRC2012_val_00004904_n01924916,4,3,0.005753485641131799,0.14783044159412384,0.6627887686093649,0.02716441700855891,0.02053652952114741
15000,H8-V,110,n01924916/ILSVRC2012_val_00004904_n01924916,7,3,0.005202777838955323,0.13978341221809387,0.630591611067454,0.025487034892042477,0.019181118657191593
15000,H8-V,110,n01924916/ILSVRC2012_val_00004904_n01924916,13,3,0.004701482908179362,0.13143919905026755,0.5999662081400553,0.023845064143339794,0.017845402161280315
15000,H8-V,110,n01924916/ILSVRC2012_val_00004904_n01924916,19,3,0.00455145367110769,0.1286031554142634,0.5905198852221171,0.023316968232393265,0.017411769057313602
15000,H8-V,111,n01930112/ILSVRC2012_val_00031388_n01930112,1,3,0.0015245183215787013,0.16254842281341553,0.4526776770750682,0.02230613740781943,0.01777936052531004
15000,H8-V,111,n01930112/ILSVRC2012_val_00031388_n01930112,4,3,0.0011524891791244347,0.0983048528432846,0.36194829146067303,0.0146024568627278,0.01098297443240881
15000,H8-V,111,n01930112/ILSVRC2012_val_00031388_n01930112,7,3,0.0011001372865090768,0.09377856304248174,0.33826934297879535,0.013860687303046385,0.010477993947764238
15000,H8-V,111,n01930112/ILSVRC2012_val_00031388_n01930112,13,3,0.0010406856114665668,0.08781601240237553,0.3199816544850667,0.013022103036443392,0.009822286665439606
15000,H8-V,111,n01930112/ILSVRC2012_val_00031388_n01930112,19,3,0.001013765422006448,0.08527391652266185,0.3176773289839427,0.012717930289606253,0.009541157012184462
15000,H8-V,112,n01943899/ILSVRC2012_val_00040963_n01943899,1,3,0.004947122652083635,0.19259539246559143,0.5062071979045868,0.0292687335362037,0.024206661929686863
15000,H8-V,112,n01943899/ILSVRC2012_val_00040963_n01943899,4,3,0.0027675305027514696,0.12347844491402309,0.3966657221317291,0.01908203276495139,0.015115375320116678
15000,H8-V,112,n01943899/ILSVRC2012_val_00040963_n01943899,7,3,0.002544691553339362,0.11646152287721634,0.3700113594532013,0.01789095811545849,0.014190844260156155
15000,H8-V,112,n01943899/ILSVRC2012_val_00040963_n01943899,13,3,0.0023300820030272007,0.10877957443396251,0.3478645086288452,0.016686684141556423,0.013208039725820223
15000,H8-V,112,n01943899/ILSVRC2012_val_00040963_n01943899,19,3,0.00226495205424726,0.10555073618888855,0.34351829687754315,0.01625520922243595,0.012820025905966759
15000,H8-V,113,n01944390/ILSVRC2012_val_00019782_n01944390,1,3,0.007030552563567956,0.2224967380364736,0.7670225898424784,0.03695045163234075,0.029280226056774456
15000,H8-V,113,n01944390/ILSVRC2012_val_00019782_n01944390,4,3,0.005389908328652382,0.17117246985435486,0.6524638136227926,0.029031793897350628,0.022507155934969585
15000,H8-V,113,n01944390/ILSVRC2012_val_00019782_n01944390,7,3,0.00501504090304176,0.16391835113366446,0.6212149659792582,0.027619025359551113,0.021406875923275948
15000,H8-V,113,n01944390/ILSVRC2012_val_00019782_n01944390,13,3,0.004659654106944799,0.1533669432004293,0.5910621881484985,0.025906970103581745,0.019996348147590954
15000,H8-V,113,n01944390/ILSVRC2012_val_00019782_n01944390,19,3,0.004552645764003198,0.14869103332360586,0.5812765955924988,0.025234514847397804,0.019421749437848728
15000,H8-V,114,n01945685/ILSVRC2012_val_00028852_n01945685,1,3,0.02351635197798411,0.2641552686691284,0.8458710312843323,0.058390588810046516,0.04993187884489695
15000,H8-V,114,n01945685/ILSVRC2012_val_00028852_n01945685,4,3,0.007683109492063522,0.11778127650419871,0.6649780869483948,0.026111017912626266,0.019461236894130707
15000,H8-V,114,n01945685/ILSVRC2012_val_00028852_n01945685,7,3,0.0068203409512837725,0.10784599184989929,0.6325122912724813,0.023930063471198082,0.01760494088133176
15000,H8-V,114,n01945685/ILSVRC2012_val_00028852_n01945685,13,3,0.006226681017627318,0.10202362388372421,0.601899782816569,0.022448041165868442,0.01642904368539651
15000,H8-V,114,n01945685/ILSVRC2012_val_00028852_n01945685,19,3,0.006084103292475144,0.10150911907354991,0.5932605663935343,0.022167621180415154,0.01623501566549142
15000,H8-V,115,n01950731/ILSVRC2012_val_00012985_n01950731,1,3,0.013922978503008684,0.25972894827524823,1.0697788000106812,0.05059366052349409,0.03989587351679802
15000,H8-V,115,n01950731/ILSVRC2012_val_00012985_n01950731,4,3,0.010724689501027266,0.17670224606990814,0.9097576936086019,0.037492490063110985,0.028394913921753567
15000,H8-V,115,n01950731/ILSVRC2012_val_00012985_n01950731,7,3,0.010197696896890799,0.16942802568276724,0.8739199638366699,0.03587969889243444,0.027140500023961067
15000,H8-V,115,n01950731/ILSVRC2012_val_00012985_n01950731,13,3,0.009678424336016178,0.16020695368448892,0.8366868495941162,0.034065987914800644,0.02569912001490593
15000,H8-V,115,n01950731/ILSVRC2012_val_00012985_n01950731,19,3,0.009517757842938105,0.15526068210601807,0.8237547079722086,0.03328137472271919,0.025043826550245285
15000,H8-V,116,n01955084/ILSVRC2012_val_00028815_n01955084,1,3,0.008051954520245394,0.22614177564779916,0.7191213766733805,0.037857344994942345,0.030666131526231766
15000,H8-V,116,n01955084/ILSVRC2012_val_00028815_n01955084,4,3,0.006144846634318431,0.19388928016026816,0.613216757774353,0.03166594356298447,0.02553377610941728
15000,H8-V,116,n01955084/ILSVRC2012_val_00028815_n01955084,7,3,0.005854742756734292,0.18719890216986337,0.5857216119766235,0.030431849261124928,0.024574633687734604
15000,H8-V,116,n01955084/ILSVRC2012_val_00028815_n01955084,13,3,0.005522866888592641,0.17931892474492392,0.5602078636487325,0.029056838403145473,0.02345475989083449
15000,H8-V,116,n01955084/ILSVRC2012_val_00028815_n01955084,19,3,0.005368082008014123,0.1728008488814036,0.5530298749605814,0.028178467104832332,0.02264816810687383
15000,H8-V,117,n01968897/ILSVRC2012_val_00038131_n01968897,1,3,0.01629697624593973,0.2060291369756063,1.1649796962738037,0.048549686868985496,0.03689989075064659
15000,H8-V,117,n01968897/ILSVRC2012_val_00038131_n01968897,4,3,0.011006366461515427,0.13859047989050546,1.0246623754501343,0.03511203949650129,0.024865414947271347
15000,H8-V,117,n01968897/ILSVRC2012_val_00038131_n01968897,7,3,0.010181143259008726,0.13176525632540384,0.9838409026463827,0.03319607923428217,0.023357669512430828
15000,H8-V,117,n01968897/ILSVRC2012_val_00038131_n01968897,13,3,0.009409351895252863,0.123755378027757,0.9440616766611735,0.03122550683716933,0.021784889822204907
15000,H8-V,117,n01968897/ILSVRC2012_val_00038131_n01968897,19,3,0.009187225873271624,0.12047301977872849,0.9319799343744913,0.03055432563026746,0.021234527230262756
15000,H8-V,118,n01978287/ILSVRC2012_val_00014895_n01978287,1,3,0.010581923959155878,0.20967424909273782,0.8569367527961731,0.04011871665716171,0.031549349427223206
15000,H8-V,118,n01978287/ILSVRC2012_val_00014895_n01978287,4,3,0.006750604913880427,0.14180031418800354,0.7364808917045593,0.02829544556637605,0.020930636674165726
15000,H8-V,118,n01978287/ILSVRC2012_val_00014895_n01978287,7,3,0.006207797210663557,0.13127670685450235,0.7010390559832255,0.026345858350396156,0.01933546798924605
15000,H8-V,118,n01978287/ILSVRC2012_val_00014895_n01978287,13,3,0.005737876053899527,0.12076326707998912,0.6674919128417969,0.02448912151157856,0.017814202855030697
15000,H8-V,118,n01978287/ILSVRC2012_val_00014895_n01978287,19,3,0.0056360250649352866,0.11761378993590672,0.6579983830451965,0.023977387696504593,0.017397404337922733
15000,H8-V,119,n01978455/ILSVRC2012_val_00033808_n01978455,1,3,0.015547859172026316,0.2893586258093516,0.8182435830434164,0.052666157484054565,0.04448372249801954
15000,H8-V,119,n01978455/ILSVRC2012_val_00033808_n01978455,4,3,0.009816803969442844,0.18250668048858643,0.6595413486162821,0.034662884970506035,0.02806747208038966
15000,H8-V,119,n01978455/ILSVRC2012_val_00033808_n01978455,7,3,0.009291262365877628,0.17780924836794534,0.628227690855662,0.033354464918375015,0.02707218813399474
15000,H8-V,119,n01978455/ILSVRC2012_val_00033808_n01978455,13,3,0.008836330225070318,0.17265811562538147,0.5994275013605753,0.0320964182416598,0.02610214240849018
15000,H8-V,119,n01978455/ILSVRC2012_val_00033808_n01978455,19,3,0.008723256488641104,0.1703059325615565,0.5913968086242676,0.03166781738400459,0.025753849496444065
15000,H8-V,120,n01980166/ILSVRC2012_val_00023550_n01980166,1,3,0.021848695663114388,0.2960676650206248,1.186704436937968,0.0633225068449974,0.0514554629723231
15000,H8-V,120,n01980166/ILSVRC2012_val_00023550_n01980166,4,3,0.013469033564130465,0.15944150586922964,0.9973138570785522,0.039386323342720665,0.029413184771935146
15000,H8-V,120,n01980166/ILSVRC2012_val_00023550_n01980166,7,3,0.01243475234756867,0.14974514643351236,0.9597638448079427,0.03700690716505051,0.02740926792224248
15000,H8-V,120,n01980166/ILSVRC2012_val_00023550_n01980166,13,3,0.011605226745208105,0.14221540093421936,0.9230182568232218,0.035056949903567634,0.025826767086982727
15000,H8-V,120,n01980166/ILSVRC2012_val_00023550_n01980166,19,3,0.011420602910220623,0.140744149684906,0.9111923972765604,0.03460694352785746,0.02549501818915208
15000,H8-V,121,n01981276/ILSVRC2012_val_00049981_n01981276,1,3,0.006827594867597024,0.2251304934422175,0.7912277579307556,0.03725292285283407,0.02934064467748006
15000,H8-V,121,n01981276/ILSVRC2012_val_00049981_n01981276,4,3,0.0037385995189348855,0.13929572701454163,0.6609959403673807,0.024278132244944572,0.01766817271709442
15000,H8-V,121,n01981276/ILSVRC2012_val_00049981_n01981276,7,3,0.003455549944192171,0.13129281997680664,0.6295570929845175,0.022880403324961662,0.016584832221269608
15000,H8-V,121,n01981276/ILSVRC2012_val_00049981_n01981276,13,3,0.0031891079464306435,0.12245960781971614,0.6014463305473328,0.021449532359838486,0.015435068868100643
15000,H8-V,121,n01981276/ILSVRC2012_val_00049981_n01981276,19,3,0.0031164484098553658,0.11945409576098125,0.5942408641179403,0.021004266416033108,0.015061858420570692
15000,H8-V,122,n01983481/ILSVRC2012_val_00001531_n01983481,1,3,0.0217248039940993,0.28369365135828656,1.361039121945699,0.06370455771684647,0.05009416863322258
15000,H8-V,122,n01983481/ILSVRC2012_val_00001531_n01983481,4,3,0.01525344637533029,0.20319593449433646,1.2063953876495361,0.04763699322938919,0.03557304044564565
15000,H8-V,122,n01983481/ILSVRC2012_val_00001531_n01983481,7,3,0.01424273569136858,0.19432896872361502,1.1636275053024292,0.045311909168958664,0.03367563337087631
15000,H8-V,122,n01983481/ILSVRC2012_val_00001531_n01983481,13,3,0.01336150523275137,0.1829867164293925,1.1218992869059246,0.042879167944192886,0.03166017557183901
15000,H8-V,122,n01983481/ILSVRC2012_val_00001531_n01983481,19,3,0.013161528234680494,0.17938143014907837,1.1090644200642903,0.04219031582276026,0.0310996708770593
15000,H8-V,123,n01984695/ILSVRC2012_val_00004219_n01984695,1,3,0.010840097442269325,0.2738531182209651,0.61575315395991,0.04438294221957525,0.03822541112701098
15000,H8-V,123,n01984695/ILSVRC2012_val_00004219_n01984695,4,3,0.008400996526082357,0.207965816060702,0.5151788791020712,0.03434936578075091,0.029197577387094498
15000,H8-V,123,n01984695/ILSVRC2012_val_00004219_n01984695,7,3,0.008103988133370876,0.1999297241369883,0.4892297089099884,0.032989258567492165,0.028096960857510567
15000,H8-V,123,n01984695/ILSVRC2012_val_00004219_n01984695,13,3,0.007826367082695166,0.19450955589612326,0.4665516217549642,0.03194284066557884,0.027277323106924694
15000,H8-V,123,n01984695/ILSVRC2012_val_00004219_n01984695,19,3,0.007741188785682122,0.1939253956079483,0.461463063955307,0.031748359402020775,0.027133729308843613
15000,H8-V,124,n01985128/ILSVRC2012_val_00023253_n01985128,1,3,0.023333710928757984,0.2653253674507141,1.248486876487732,0.062351117531458534,0.04986624916394552
15000,H8-V,124,n01985128/ILSVRC2012_val_00023253_n01985128,4,3,0.0165142510086298,0.16797872881094614,1.0605136553446453,0.04391726106405258,0.03331212451060613
15000,H8-V,124,n01985128/ILSVRC2012_val_00023253_n01985128,7,3,0.015711059793829918,0.16309480865796408,1.0219651063283284,0.04224019249280294,0.032020541528860726
15000,H8-V,124,n01985128/ILSVRC2012_val_00023253_n01985128,13,3,0.014910051288704077,0.15831676622231802,0.982626219590505,0.04056799163420995,0.030741728221376736
15000,H8-V,124,n01985128/ILSVRC2012_val_00023253_n01985128,19,3,0.014643373899161816,0.15669928987820944,0.9694894750912985,0.04000819846987724,0.03031330369412899
15000,H8-V,125,n01986214/ILSVRC2012_val_00040059_n01986214,1,3,0.0045263246477892,0.10473071535428365,0.35385576883951825,0.018537954116861027,0.014999396478136381
15000,H8-V,125,n01986214/ILSVRC2012_val_00040059_n01986214,4,3,0.0022975748870521784,0.07139723499615987,0.2692156732082367,0.012129454873502254,0.009437298402190208
15000,H8-V,125,n01986214/ILSVRC2012_val_00040059_n01986214,7,3,0.0019263826155414183,0.06590176373720169,0.24499334394931793,0.01096649250636498,0.008516559066871801
15000,H8-V,125,n01986214/ILSVRC2012_val_00040059_n01986214,13,3,0.0016947322292253375,0.061130727330843605,0.22584693630536398,0.01006627424309651,0.007807805047680934
15000,H8-V,125,n01986214/ILSVRC2012_val_00040059_n01986214,19,3,0.0016295501651863258,0.05910143628716469,0.22287440796693167,0.009768437904616198,0.007539693887035052
15000,H8-V,126,n01990800/ILSVRC2012_val_00034806_n01990800,1,3,0.005289992783218622,0.1948152333498001,0.388350913921992,0.028655025487144787,0.024771516521771748
15000,H8-V,126,n01990800/ILSVRC2012_val_00034806_n01990800,4,3,0.002881065709516406,0.09598885973294576,0.27645288904507953,0.015244480532904467,0.012479951605200768
15000,H8-V,126,n01990800/ILSVRC2012_val_00034806_n01990800,7,3,0.0027412144312014184,0.0929165706038475,0.25335782766342163,0.014566450379788876,0.012032872065901756
15000,H8-V,126,n01990800/ILSVRC2012_val_00034806_n01990800,13,3,0.002592337472985188,0.08906690527995427,0.23689237733681998,0.013867951619128386,0.011499028032024702
15000,H8-V,126,n01990800/ILSVRC2012_val_00034806_n01990800,19,3,0.0025509060360491276,0.08824320137500763,0.23634368181228638,0.013738663556675116,0.011375226701299349
15000,H8-V,127,n02002556/ILSVRC2012_val_00026760_n02002556,1,3,0.009148982043067614,0.1679516832033793,0.32441044847170514,0.02918825608988603,0.025944150984287262
15000,H8-V,127,n02002556/ILSVRC2012_val_00026760_n02002556,4,3,0.002865326125174761,0.05443661411603292,0.2140663613875707,0.010449651318291822,0.008308987754086653
15000,H8-V,127,n02002556/ILSVRC2012_val_00026760_n02002556,7,3,0.002679193547616402,0.05168962230285009,0.19165472189585367,0.00976470299065113,0.007848155684769154
15000,H8-V,127,n02002556/ILSVRC2012_val_00026760_n02002556,13,3,0.002537025837227702,0.049302479873100914,0.17645306885242462,0.009231804870069027,0.007467274088412523
15000,H8-V,127,n02002556/ILSVRC2012_val_00026760_n02002556,19,3,0.0025107465529193482,0.04858348642786344,0.17691225310166678,0.009138217506309351,0.0073690951491395635
15000,H8-V,128,n02002724/ILSVRC2012_val_00029692_n02002724,1,3,0.0021105927880853415,0.16214989125728607,0.46182897686958313,0.02294387233753999,0.018325582146644592
15000,H8-V,128,n02002724/ILSVRC2012_val_00029692_n02002724,4,3,0.0013381964527070522,0.11938874920209248,0.377824733654658,0.017055319001277287,0.013277071838577589
15000,H8-V,128,n02002724/ILSVRC2012_val_00029692_n02002724,7,3,0.0012499054428189993,0.11506594717502594,0.35343881448109943,0.01629088819026947,0.012756500082711378
15000,H8-V,128,n02002724/ILSVRC2012_val_00029692_n02002724,13,3,0.0011606084881350398,0.11093166470527649,0.335285226504008,0.015606627489129702,0.012253774950901667
15000,H8-V,128,n02002724/ILSVRC2012_val_00029692_n02002724,19,3,0.0011397415849690635,0.10996592541535695,0.3340805371602376,0.015477139502763748,0.01213633424292008
15000,H8-V,129,n02006656/ILSVRC2012_val_00021933_n02006656,1,3,0.00922654631237189,0.1691487431526184,0.5054191748301188,0.031195613245169323,0.026141421248515446
15000,H8-V,129,n02006656/ILSVRC2012_val_00021933_n02006656,4,3,0.005677365232259035,0.10515376180410385,0.4005275269349416,0.02019801673789819,0.016192741692066193
15000,H8-V,129,n02006656/ILSVRC2012_val_00021933_n02006656,7,3,0.005444417397181193,0.10022884110609691,0.3759603401025136,0.019226904958486557,0.015467301631967226
15000,H8-V,129,n02006656/ILSVRC2012_val_00021933_n02006656,13,3,0.005247858508179585,0.09444781144460042,0.3565811316172282,0.018258451173702877,0.0146926399320364
15000,H8-V,129,n02006656/ILSVRC2012_val_00021933_n02006656,19,3,0.00518994964659214,0.09294535219669342,0.3537346323331197,0.018021831288933754,0.014484485300878683
15000,H8-V,130,n02007558/ILSVRC2012_val_00030095_n02007558,1,3,0.009054044416795174,0.13170766085386276,0.4570237497488658,0.02679504764576753,0.02222481059531371
15000,H8-V,130,n02007558/ILSVRC2012_val_00030095_n02007558,4,3,0.00419055422147115,0.07044807076454163,0.351653258005778,0.014751894399523735,0.01123536191880703
15000,H8-V,130,n02007558/ILSVRC2012_val_00030095_n02007558,7,3,0.0037632637346784272,0.06555398056904475,0.32445330421129864,0.013563194622596106,0.01031866172949473
15000,H8-V,130,n02007558/ILSVRC2012_val_00030095_n02007558,13,3,0.0033385230538745723,0.06045161187648773,0.3028144836425781,0.012411829084157944,0.009383684334655603
15000,H8-V,130,n02007558/ILSVRC2012_val_00030095_n02007558,19,3,0.0032137938930342593,0.05923386166493098,0.29951391617457074,0.012132319000860056,0.00913718001296123
15000,H8-V,131,n02009229/ILSVRC2012_val_00030263_n02009229,1,3,0.006232338026165962,0.11879741897185643,0.35293463865915936,0.02164142703016599,0.01811208048214515
15000,H8-V,131,n02009229/ILSVRC2012_val_00030263_n02009229,4,3,0.00282283880126973,0.05312064290046692,0.24813746909300485,0.010616277965406576,0.008134903386235237
15000,H8-V,131,n02009229/ILSVRC2012_val_00030263_n02009229,7,3,0.002663632621988654,0.050373807549476624,0.223697563012441,0.009937988904615244,0.00770101339245836
15000,H8-V,131,n02009229/ILSVRC2012_val_00030263_n02009229,13,3,0.0024903372395783663,0.04788341621557871,0.20533261199792227,0.00933200524499019,0.007278678938746452
15000,H8-V,131,n02009229/ILSVRC2012_val_00030263_n02009229,19,3,0.0024237635855873427,0.047084985921780266,0.20351756115754446,0.009167437752087912,0.0071322619915008545
15000,H8-V,132,n02009912/ILSVRC2012_val_00014361_n02009912,1,3,0.01194993375490109,0.1959745536247889,0.5162692467371622,0.03671008224288622,0.0315473893036445
15000,H8-V,132,n02009912/ILSVRC2012_val_00014361_n02009912,4,3,0.0060702115297317505,0.10456446061531703,0.4032312830289205,0.020558970669905346,0.016526658087968826
15000,H8-V,132,n02009912/ILSVRC2012_val_00014361_n02009912,7,3,0.005664217751473188,0.09898225714763005,0.3771762251853943,0.019334205115834873,0.015562443683544794
15000,H8-V,132,n02009912/ILSVRC2012_val_00014361_n02009912,13,3,0.005338162959863742,0.09408741692701976,0.3554742634296417,0.018301647777358692,0.014746904683609804
15000,H8-V,132,n02009912/ILSVRC2012_val_00014361_n02009912,19,3,0.005288938370843728,0.0920511136452357,0.35126492381095886,0.0180066991597414,0.014494049983719984
15000,H8-V,133,n02011460/ILSVRC2012_val_00047470_n02011460,1,3,0.018390890210866928,0.27951255440711975,1.0648693641026814,0.05699083829919497,0.0463421456515789
15000,H8-V,133,n02011460/ILSVRC2012_val_00047470_n02011460,4,3,0.01609436795115471,0.2375148485104243,0.9346110423405966,0.049191964169343315,0.03984585404396057
15000,H8-V,133,n02011460/ILSVRC2012_val_00047470_n02011460,7,3,0.015361166248718897,0.23061251640319824,0.8970044453938802,0.047392463932434716,0.03842241937915484
15000,H8-V,133,n02011460/ILSVRC2012_val_00047470_n02011460,13,3,0.014715588030715784,0.2236301153898239,0.8614697058995565,0.04569329569737116,0.03707859913508097
15000,H8-V,133,n02011460/ILSVRC2012_val_00047470_n02011460,19,3,0.014562778795758883,0.22074872255325317,0.8507489760716757,0.04514514158169428,0.03663765266537666
15000,H8-V,134,n02012849/ILSVRC2012_val_00046408_n02012849,1,3,0.0062251887284219265,0.18786362806955972,0.621905505657196,0.031230608001351357,0.02501155249774456
15000,H8-V,134,n02012849/ILSVRC2012_val_00046408_n02012849,4,3,0.004184782039374113,0.13023361066977182,0.5053982138633728,0.022262124344706535,0.017208142826954525
15000,H8-V,134,n02012849/ILSVRC2012_val_00046408_n02012849,7,3,0.0038897025709350905,0.12082706391811371,0.47857932249705,0.02075820229947567,0.015972409397363663
15000,H8-V,134,n02012849/ILSVRC2012_val_00046408_n02012849,13,3,0.0036387907651563487,0.11209055781364441,0.4562230209509532,0.019410076240698498,0.01484784639130036
15000,H8-V,134,n02012849/ILSVRC2012_val_00046408_n02012849,19,3,0.0035674876999109983,0.10921914627154668,0.45238861441612244,0.019013288741310436,0.014489402373631796
15000,H8-V,135,n02013706/ILSVRC2012_val_00019049_n02013706,1,3,0.011771383074422678,0.16729046404361725,0.6040299336115519,0.03454072897632917,0.028500429665048916
15000,H8-V,135,n02013706/ILSVRC2012_val_00019049_n02013706,4,3,0.009564281130830446,0.12477505455414455,0.5045258204142252,0.027087044591705006,0.022041786462068558
15000,H8-V,135,n02013706/ILSVRC2012_val_00019049_n02013706,7,3,0.009219387546181679,0.1209562396009763,0.4770439962546031,0.026085451245307922,0.02131501150627931
15000,H8-V,135,n02013706/ILSVRC2012_val_00019049_n02013706,13,3,0.008929921003679434,0.1166324367125829,0.4544091025988261,0.025137256210048992,0.020593165109554928
15000,H8-V,135,n02013706/ILSVRC2012_val_00019049_n02013706,19,3,0.00887198963512977,0.11491590241591136,0.4499644736448924,0.02486322509745757,0.02036358043551445
15000,H8-V,136,n02017213/ILSVRC2012_val_00023773_n02017213,1,3,0.01232854618380467,0.1981102079153061,0.6343568960825602,0.038483135402202606,0.032139567037423454
15000,H8-V,136,n02017213/ILSVRC2012_val_00023773_n02017213,4,3,0.008895322990914186,0.13826140264670053,0.5364590287208557,0.028086052586634953,0.022721463193496067
15000,H8-V,136,n02017213/ILSVRC2012_val_00023773_n02017213,7,3,0.008488386558989683,0.1331209788719813,0.5087854067484537,0.02688833822806676,0.021800484508275986
15000,H8-V,136,n02017213/ILSVRC2012_val_00023773_n02017213,13,3,0.008104211961229643,0.12926414608955383,0.48400957385698956,0.02587072178721428,0.021030626570185024
15000,H8-V,136,n02017213/ILSVRC2012_val_00023773_n02017213,19,3,0.007979338678220907,0.12893256545066833,0.4780186315377553,0.02565278174976508,0.020872595409552257
15000,H8-V,137,n02018207/ILSVRC2012_val_00027996_n02018207,1,3,0.008328731947888931,0.16106549402077994,0.616912047068278,0.030604403465986252,0.024435282374421757
15000,H8-V,137,n02018207/ILSVRC2012_val_00027996_n02018207,4,3,0.004264592969169219,0.09561712543169658,0.4826353092988332,0.018652658288677532,0.013826305667559305
15000,H8-V,137,n02018207/ILSVRC2012_val_00027996_n02018207,7,3,0.003981733229011297,0.09154066443443298,0.45572687188784283,0.017693068832159042,0.013135800138115883
15000,H8-V,137,n02018207/ILSVRC2012_val_00027996_n02018207,13,3,0.0037116967141628265,0.08633927255868912,0.43262092272440594,0.016671832650899887,0.012345623845855394
15000,H8-V,137,n02018207/ILSVRC2012_val_00027996_n02018207,19,3,0.0036260539200156927,0.08385768284400304,0.4277771512667338,0.016289594272772472,0.012011822623511156
15000,H8-V,138,n02018795/ILSVRC2012_val_00004001_n02018795,1,3,0.019123390316963196,0.32416049639383954,0.613753875096639,0.05767697965105375,0.051539440949757896
15000,H8-V,138,n02018795/ILSVRC2012_val_00004001_n02018795,4,3,0.015864333137869835,0.17608527342478433,0.47061681747436523,0.0381790262957414,0.03347285961111387
15000,H8-V,138,n02018795/ILSVRC2012_val_00004001_n02018795,7,3,0.015406883011261622,0.1734857807556788,0.44494767983754474,0.03720493738849958,0.03275546059012413
15000,H8-V,138,n02018795/ILSVRC2012_val_00004001_n02018795,13,3,0.015018359137078127,0.1705317497253418,0.4256912072499593,0.03632844612002373,0.03207153454422951
15000,H8-V,138,n02018795/ILSVRC2012_val_00004001_n02018795,19,3,0.014979762956500053,0.16781488060951233,0.4244575500488281,0.036005827287832894,0.031761251389980316
15000,H8-V,139,n02025239/ILSVRC2012_val_00012781_n02025239,1,3,0.0073773049128552275,0.20667353769143423,0.566625197728475,0.03371091187000275,0.02804465964436531
15000,H8-V,139,n02025239/ILSVRC2012_val_00012781_n02025239,4,3,0.005227152879039447,0.13857121268908182,0.45264872908592224,0.023610762010018032,0.019084274768829346
15000,H8-V,139,n02025239/ILSVRC2012_val_00012781_n02025239,7,3,0.005013850051909685,0.1333614538113276,0.4268721242745717,0.02261871596177419,0.018349995215733845
15000,H8-V,139,n02025239/ILSVRC2012_val_00012781_n02025239,13,3,0.004818523147453864,0.127033198873202,0.40613096952438354,0.02158315231402715,0.017521843314170837
15000,H8-V,139,n02025239/ILSVRC2012_val_00012781_n02025239,19,3,0.004769796505570412,0.12394058952728908,0.4029269715150197,0.021193124974767368,0.017163855955004692
15000,H8-V,140,n02027492/ILSVRC2012_val_00048725_n02027492,1,3,0.009782881165544191,0.17112882435321808,0.5543957750002543,0.032439720506469406,0.026895762731631596
15000,H8-V,140,n02027492/ILSVRC2012_val_00048725_n02027492,4,3,0.005289921071380377,0.08907395601272583,0.4325084090232849,0.018522401029864948,0.014197316952049732
15000,H8-V,140,n02027492/ILSVRC2012_val_00048725_n02027492,7,3,0.004913166320572297,0.08331377059221268,0.40530381600062054,0.017297582079966862,0.013244543535013994
15000,H8-V,140,n02027492/ILSVRC2012_val_00048725_n02027492,13,3,0.00456287261719505,0.0762290929754575,0.3815413912137349,0.01600119595726331,0.012185781883696714
15000,H8-V,140,n02027492/ILSVRC2012_val_00048725_n02027492,19,3,0.004455371294170618,0.07381953299045563,0.37600331505139667,0.015597357725103697,0.01183732474843661
15000,H8-V,141,n02028035/ILSVRC2012_val_00012213_n02028035,1,3,0.006857899017632008,0.2577347606420517,0.5305222471555074,0.03793659619987011,0.03263137489557266
15000,H8-V,141,n02028035/ILSVRC2012_val_00012213_n02028035,4,3,0.003140789456665516,0.10748524467150371,0.39482290546099347,0.01783754366139571,0.013889314606785774
15000,H8-V,141,n02028035/ILSVRC2012_val_00012213_n02028035,7,3,0.0029464938367406526,0.10454787810643514,0.3692519764105479,0.017093801250060398,0.013401282019913197
15000,H8-V,141,n02028035/ILSVRC2012_val_00012213_n02028035,13,3,0.002762038027867675,0.1012543390194575,0.34941314657529193,0.016381603976090748,0.012887472286820412
15000,H8-V,141,n02028035/ILSVRC2012_val_00012213_n02028035,19,3,0.0026986755741139254,0.10036385307709376,0.34743523597717285,0.016209412987033527,0.012735060726602873
15000,H8-V,142,n02033041/ILSVRC2012_val_00025241_n02033041,1,3,0.006321192874262731,0.2665766378243764,0.522688756386439,0.038205746561288834,0.03297885817786058
15000,H8-V,142,n02033041/ILSVRC2012_val_00025241_n02033041,4,3,0.003669830970466137,0.14315407474835715,0.38518940409024555,0.021837132051587105,0.01798523838321368
15000,H8-V,142,n02033041/ILSVRC2012_val_00025241_n02033041,7,3,0.0035183733173956475,0.1382028857866923,0.3615316351254781,0.020953978101412456,0.017338662097851436
15000,H8-V,142,n02033041/ILSVRC2012_val_00025241_n02033041,13,3,0.0033933493153502545,0.13676557938257852,0.34463099638621014,0.02051621675491333,0.017069907238086064
15000,H8-V,142,n02033041/ILSVRC2012_val_00025241_n02033041,19,3,0.003376243015130361,0.13865948716799417,0.34464432795842487,0.02068863498667876,0.017242191980282467
15000,H8-V,143,n02037110/ILSVRC2012_val_00026476_n02037110,1,3,0.012124981420735518,0.15007294217745462,0.5464938084284464,0.0325972152252992,0.027132276445627213
15000,H8-V,143,n02037110/ILSVRC2012_val_00026476_n02037110,4,3,0.007105465357502301,0.09025371819734573,0.42921846111615497,0.020423021788398426,0.01613083730141322
15000,H8-V,143,n02037110/ILSVRC2012_val_00026476_n02037110,7,3,0.006710451717178027,0.08681709816058476,0.40199575821558636,0.019412119562427204,0.015392161905765533
15000,H8-V,143,n02037110/ILSVRC2012_val_00026476_n02037110,13,3,0.006323864217847586,0.08248560378948848,0.37860124309857685,0.018358437344431877,0.014572425124545893
15000,H8-V,143,n02037110/ILSVRC2012_val_00026476_n02037110,19,3,0.006197234150022268,0.08019035557905833,0.3733757535616557,0.017950026939312618,0.014216269676884016
15000,H8-V,144,n02051845/ILSVRC2012_val_00030044_n02051845,1,3,0.012831846562524637,0.19363286594549814,0.5884707967440287,0.03807984168330828,0.03219513346751531
15000,H8-V,144,n02051845/ILSVRC2012_val_00030044_n02051845,4,3,0.007453049222628276,0.11304774632056554,0.4691109359264374,0.02344893291592598,0.01875782385468483
15000,H8-V,144,n02051845/ILSVRC2012_val_00030044_n02051845,7,3,0.0068837351476152735,0.10702405373255412,0.4412962595621745,0.021999103327592213,0.017586141203840572
15000,H8-V,144,n02051845/ILSVRC2012_val_00030044_n02051845,13,3,0.006340287315348784,0.0993616630633672,0.4181368350982666,0.020457822208603222,0.016276453932126362
15000,H8-V,144,n02051845/ILSVRC2012_val_00030044_n02051845,19,3,0.006186429255952437,0.09709900120894115,0.4130848248799642,0.020027177408337593,0.015896329656243324
15000,H8-V,145,n02056570/ILSVRC2012_val_00044119_n02056570,1,3,0.005715624584505956,0.12562413762013117,0.45275864005088806,0.022805624331037205,0.01827803875009219
15000,H8-V,145,n02056570/ILSVRC2012_val_00044119_n02056570,4,3,0.0034996993684520326,0.08507024496793747,0.3644582728544871,0.015651307068765163,0.012006724253296852
15000,H8-V,145,n02056570/ILSVRC2012_val_00044119_n02056570,7,3,0.003209358391662439,0.0806184137860934,0.33960625529289246,0.014667262323200703,0.01127119983235995
15000,H8-V,145,n02056570/ILSVRC2012_val_00044119_n02056570,13,3,0.002936882898211479,0.07413497070471446,0.3193684717019399,0.013544064946472645,0.010350380403300127
15000,H8-V,145,n02056570/ILSVRC2012_val_00044119_n02056570,19,3,0.0028579396506150565,0.07141087204217911,0.31578319271405536,0.013156858583291372,0.009999026854832968
15000,H8-V,146,n02058221/ILSVRC2012_val_00010399_n02058221,1,3,0.018576755188405514,0.36845431725184125,0.6180200775464376,0.06160238633553187,0.055422186851501465
15000,H8-V,146,n02058221/ILSVRC2012_val_00010399_n02058221,4,3,0.013282691438992819,0.17526273429393768,0.4576318562030792,0.0353852833310763,0.03080896536509196
15000,H8-V,146,n02058221/ILSVRC2012_val_00010399_n02058221,7,3,0.012757989577949047,0.16547207534313202,0.4315267304579417,0.03362046554684639,0.02930519791940848
15000,H8-V,146,n02058221/ILSVRC2012_val_00010399_n02058221,13,3,0.012406004592776299,0.1618069758017858,0.40983543793360394,0.0326850563287735,0.028586701800425846
15000,H8-V,146,n02058221/ILSVRC2012_val_00010399_n02058221,19,3,0.012358906989296278,0.16267302632331848,0.4060043493906657,0.03268625338872274,0.028626209124922752
15000,H8-V,147,n02066245/ILSVRC2012_val_00018578_n02066245,1,3,0.0070264881166319055,0.22485570112864176,0.5066244602203369,0.03457830287516117,0.029512058943510056
15000,H8-V,147,n02066245/ILSVRC2012_val_00018578_n02066245,4,3,0.004262296482920647,0.14622019728024802,0.38904091715812683,0.022774725531538326,0.01888431670765082
15000,H8-V,147,n02066245/ILSVRC2012_val_00018578_n02066245,7,3,0.004055493976920843,0.13937913874785104,0.3653472661972046,0.021646880855162937,0.017993407944838207
15000,H8-V,147,n02066245/ILSVRC2012_val_00018578_n02066245,13,3,0.0039010195372005305,0.13467910885810852,0.3461211423079173,0.020830142001310985,0.017368930702408154
15000,H8-V,147,n02066245/ILSVRC2012_val_00018578_n02066245,19,3,0.0038870379018286863,0.13389126459757486,0.3431933621565501,0.020708097144961357,0.017276164144277573
15000,H8-V,148,n02071294/ILSVRC2012_val_00046988_n02071294,1,3,0.001660307520069182,0.10020450005928676,0.252544770638148,0.014206205494701862,0.011680757937331995
15000,H8-V,148,n02071294/ILSVRC2012_val_00046988_n02071294,4,3,0.001026106416247785,0.05081131805976232,0.16692987581094107,0.007776536978781223,0.0061072382765511675
15000,H8-V,148,n02071294/ILSVRC2012_val_00046988_n02071294,7,3,0.00098336967251574,0.04956044753392538,0.1454615443944931,0.007394029603650172,0.0059394144142667455
15000,H8-V,148,n02071294/ILSVRC2012_val_00046988_n02071294,13,3,0.0009461179336843392,0.0487043671309948,0.13083399335543314,0.007124894609053929,0.0058165546506643295
15000,H8-V,148,n02071294/ILSVRC2012_val_00046988_n02071294,19,3,0.0009360295565177997,0.04920888692140579,0.1310489277044932,0.007167407777160406,0.005856918481489022
15000,H8-V,149,n02074367/ILSVRC2012_val_00030275_n02074367,1,3,0.005394896647582452,0.1641514947017034,0.42867404222488403,0.026096786682804424,0.02181004670759042
15000,H8-V,149,n02074367/ILSVRC2012_val_00030275_n02074367,4,3,0.001825744635425508,0.07415675620237987,0.32128437360127765,0.012454263865947723,0.009241420465211073
15000,H8-V,149,n02074367/ILSVRC2012_val_00030275_n02074367,7,3,0.0017174412884439032,0.0684962198138237,0.29633041222890216,0.011530367657542229,0.008567063448329767
15000,H8-V,149,n02074367/ILSVRC2012_val_00030275_n02074367,13,3,0.0016751469811424613,0.06467542300621669,0.27569466829299927,0.010899635963141918,0.008142689553399881
15000,H8-V,149,n02074367/ILSVRC2012_val_00030275_n02074367,19,3,0.0017567618827645977,0.06436953196922938,0.2711910804112752,0.010905625919500986,0.008193715165058771
15000,H8-V,150,n02077923/ILSVRC2012_val_00044328_n02077923,1,3,0.022976770376165707,0.3191029628117879,0.8192060987154642,0.06307912742098172,0.0548870675265789
15000,H8-V,150,n02077923/ILSVRC2012_val_00044328_n02077923,4,3,0.01462759729474783,0.14841365814208984,0.622231682141622,0.0356912799179554,0.029468963543574016
15000,H8-V,150,n02077923/ILSVRC2012_val_00044328_n02077923,7,3,0.013979576528072357,0.14271299044291177,0.5895005464553833,0.03414588297406832,0.02825087619324525
15000,H8-V,150,n02077923/ILSVRC2012_val_00044328_n02077923,13,3,0.013378294184803963,0.13639144599437714,0.5586551229159037,0.032603991528352104,0.027017439405123394
15000,H8-V,150,n02077923/ILSVRC2012_val_00044328_n02077923,19,3,0.013199828254679838,0.1348783622185389,0.5499767462412516,0.03218743329246839,0.026687664911150932
15000,H8-V,151,n02085620/ILSVRC2012_val_00043872_n02085620,1,3,0.009701026603579521,0.1837859253088633,0.65321151415507,0.03461173363029957,0.02807961901028951
15000,H8-V,151,n02085620/ILSVRC2012_val_00043872_n02085620,4,3,0.004810272095104058,0.11727432906627655,0.530926525592804,0.021846969922383625,0.016537704815467198
15000,H8-V,151,n02085620/ILSVRC2012_val_00043872_n02085620,7,3,0.004358204547315836,0.11029524852832158,0.4979108174641927,0.020366837580998737,0.01538772943119208
15000,H8-V,151,n02085620/ILSVRC2012_val_00043872_n02085620,13,3,0.003975793331240614,0.10158884276946385,0.46796000997225445,0.01881427752474944,0.014134677747885386
15000,H8-V,151,n02085620/ILSVRC2012_val_00043872_n02085620,19,3,0.0038984682566175857,0.09823374450206757,0.46039318044980365,0.018325773999094963,0.013721842629214128
15000,H8-V,152,n02085782/ILSVRC2012_val_00038257_n02085782,1,3,0.01104503342260917,0.18147167066733041,0.6670198639233907,0.03586239988605181,0.0291922011723121
15000,H8-V,152,n02085782/ILSVRC2012_val_00038257_n02085782,4,3,0.0068148537538945675,0.13092884421348572,0.5562003056208292,0.025469741473595302,0.01990773839255174
15000,H8-V,152,n02085782/ILSVRC2012_val_00038257_n02085782,7,3,0.006407661053041617,0.1258644461631775,0.5273161133130392,0.02426726681490739,0.018994105979800224
15000,H8-V,152,n02085782/ILSVRC2012_val_00038257_n02085782,13,3,0.006064927826325099,0.12172754357258479,0.5020297368367513,0.023257979502280552,0.018237682059407234
15000,H8-V,152,n02085782/ILSVRC2012_val_00038257_n02085782,19,3,0.0060080173425376415,0.12042151639858882,0.4963054259618123,0.023013222962617874,0.018050168951352436
15000,H8-V,153,n02085936/ILSVRC2012_val_00047729_n02085936,1,3,0.002938878179217378,0.13316998382409415,0.3372912108898163,0.01962878927588463,0.01625587698072195
15000,H8-V,153,n02085936/ILSVRC2012_val_00047729_n02085936,4,3,0.0017873891241227586,0.08268279830614726,0.27478378017743427,0.012803506727019945,0.010055668962498506
15000,H8-V,153,n02085936/ILSVRC2012_val_00047729_n02085936,7,3,0.0016727059846743941,0.07842555145422618,0.2512575685977936,0.01202783640474081,0.00951526096711556
15000,H8-V,153,n02085936/ILSVRC2012_val_00047729_n02085936,13,3,0.001513569305340449,0.07108911623557408,0.23373190065224966,0.010959799711902937,0.008622480866809687
15000,H8-V,153,n02085936/ILSVRC2012_val_00047729_n02085936,19,3,0.0014275107920790713,0.06756359090407689,0.23220196863015494,0.010505889231959978,0.008183869843681654
15000,H8-V,154,n02086079/ILSVRC2012_val_00013878_n02086079,1,3,0.010873334792753061,0.20306861400604248,0.5771957834561666,0.03695215533177058,0.031180196752150852
15000,H8-V,154,n02086079/ILSVRC2012_val_00013878_n02086079,4,3,0.005306161629656951,0.10387802124023438,0.4228780468304952,0.01992274448275566,0.01569396381576856
15000,H8-V,154,n02086079/ILSVRC2012_val_00013878_n02086079,7,3,0.004931863863021135,0.09955440958340962,0.3960695266723633,0.018848000094294548,0.014887304976582527
15000,H8-V,154,n02086079/ILSVRC2012_val_00013878_n02086079,13,3,0.004582360076407592,0.09559426208337148,0.37217625975608826,0.017863549292087555,0.014141786533097426
15000,H8-V,154,n02086079/ILSVRC2012_val_00013878_n02086079,19,3,0.004474949712554614,0.09467770159244537,0.3656455874443054,0.01759917599459489,0.013942720058063665
15000,H8-V,155,n02086240/ILSVRC2012_val_00011754_n02086240,1,3,0.012950229768951734,0.18575057884057364,0.9230830669403076,0.04075611879428228,0.031525288398067154
15000,H8-V,155,n02086240/ILSVRC2012_val_00011754_n02086240,4,3,0.008795605351527533,0.1467509319384893,0.8021002809206644,0.03149170242249966,0.023470699166258175
15000,H8-V,155,n02086240/ILSVRC2012_val_00011754_n02086240,7,3,0.00813872025658687,0.13907632728417715,0.7665774623552958,0.029712127521634102,0.022046353047092754
15000,H8-V,155,n02086240/ILSVRC2012_val_00011754_n02086240,13,3,0.007598642415056626,0.13196931779384613,0.7332229812939962,0.028127803777654965,0.02079557441174984
15000,H8-V,155,n02086240/ILSVRC2012_val_00011754_n02086240,19,3,0.0074773964782555895,0.13001251220703125,0.7231306433677673,0.027709952866037686,0.02047864720225334
15000,H8-V,156,n02086646/ILSVRC2012_val_00022521_n02086646,1,3,0.0055990673912068205,0.1185123547911644,0.4663528501987457,0.02211383233467738,0.017450303460160892
15000,H8-V,156,n02086646/ILSVRC2012_val_00022521_n02086646,4,3,0.003109219872082273,0.06965111941099167,0.36864076058069867,0.013760739626983801,0.010074332046012083
15000,H8-V,156,n02086646/ILSVRC2012_val_00022521_n02086646,7,3,0.0028669703751802444,0.06579862783352534,0.3427663544813792,0.012874496479829153,0.009446832972268263
15000,H8-V,156,n02086646/ILSVRC2012_val_00022521_n02086646,13,3,0.0026073357245574393,0.06271618356307347,0.3219383160273234,0.012098337523639202,0.008878954375783602
15000,H8-V,156,n02086646/ILSVRC2012_val_00022521_n02086646,19,3,0.002522550212840239,0.0620149460931619,0.31825584173202515,0.011906603661676248,0.008724045318861803
15000,H8-V,157,n02086910/ILSVRC2012_val_00027518_n02086910,1,3,0.01172624621540308,0.21745609243710837,0.7931979497273763,0.04140383501847585,0.03347185626626015
15000,H8-V,157,n02086910/ILSVRC2012_val_00027518_n02086910,4,3,0.0069816443137824535,0.13350887596607208,0.6417553822199503,0.026750086496273678,0.020332532624403637
15000,H8-V,157,n02086910/ILSVRC2012_val_00027518_n02086910,7,3,0.006494586045543353,0.12825224300225577,0.6103033423423767,0.025422843794027965,0.019319810594121616
15000,H8-V,157,n02086910/ILSVRC2012_val_00027518_n02086910,13,3,0.006076839442054431,0.12137562781572342,0.5807459950447083,0.024021862695614498,0.018214402720332146
15000,H8-V,157,n02086910/ILSVRC2012_val_00027518_n02086910,19,3,0.005967429218192895,0.11831258485714595,0.5717733502388,0.023516422137618065,0.017798688262701035
15000,H8-V,158,n02087046/ILSVRC2012_val_00025550_n02087046,1,3,0.012637497546772162,0.21614840626716614,0.6447832981745402,0.040700171142816544,0.034252338111400604
15000,H8-V,158,n02087046/ILSVRC2012_val_00025550_n02087046,4,3,0.007744728742788236,0.1379620482524236,0.540455679098765,0.02694549101094405,0.021540934219956398
15000,H8-V,158,n02087046/ILSVRC2012_val_00025550_n02087046,7,3,0.007093143338958423,0.12773069739341736,0.5090915759404501,0.0249571284900109,0.0198662132024765
15000,H8-V,158,n02087046/ILSVRC2012_val_00025550_n02087046,13,3,0.006573618234445651,0.1205766499042511,0.48137518763542175,0.02344503564139207,0.018631283814708393
15000,H8-V,158,n02087046/ILSVRC2012_val_00025550_n02087046,19,3,0.006404725989947717,0.11806992689768474,0.474442978700002,0.02295614778995514,0.018211718027790386
15000,H8-V,159,n02087394/ILSVRC2012_val_00018933_n02087394,1,3,0.016850382089614868,0.23048861821492514,1.0391084750493367,0.05029032751917839,0.03989924366275469
15000,H8-V,159,n02087394/ILSVRC2012_val_00018933_n02087394,4,3,0.012052947965761026,0.17299166321754456,0.8815287152926127,0.03816740090648333,0.029352114846309025
15000,H8-V,159,n02087394/ILSVRC2012_val_00018933_n02087394,7,3,0.011393632118900618,0.16618821521600088,0.8461717764536539,0.036474170784155525,0.02801245388885339
15000,H8-V,159,n02087394/ILSVRC2012_val_00018933_n02087394,13,3,0.010867834401627382,0.16009112695852915,0.8118361035982767,0.03499530876676241,0.0268769475320975
15000,H8-V,159,n02087394/ILSVRC2012_val_00018933_n02087394,19,3,0.010742496699094772,0.15701950093110403,0.8009858926137289,0.03445430596669515,0.02644444691638152
15000,H8-V,160,n02088094/ILSVRC2012_val_00010933_n02088094,1,3,0.011738989502191544,0.1852244089047114,0.7789890964825948,0.03805132086078326,0.030261429647604626
15000,H8-V,160,n02088094/ILSVRC2012_val_00010933_n02088094,4,3,0.007280637510120869,0.11994485060373943,0.6598974068959554,0.025874096900224686,0.01927512263258298
15000,H8-V,160,n02088094/ILSVRC2012_val_00010933_n02088094,7,3,0.006790044096608956,0.11414844542741776,0.6267520387967428,0.02447240985929966,0.018204889570673306
15000,H8-V,160,n02088094/ILSVRC2012_val_00010933_n02088094,13,3,0.006406565196812153,0.1091963176925977,0.596497654914856,0.023291173080603283,0.017326196655631065
15000,H8-V,160,n02088094/ILSVRC2012_val_00010933_n02088094,19,3,0.006363180776437123,0.1092698872089386,0.5884614189465841,0.02317478321492672,0.01729016937315464
15000,H8-V,161,n02088238/ILSVRC2012_val_00049819_n02088238,1,3,0.0092029869556427,0.18792352080345154,0.5319437185923258,0.03331477691729864,0.027995338663458824
15000,H8-V,161,n02088238/ILSVRC2012_val_00049819_n02088238,4,3,0.0066126082092523575,0.11555663744608562,0.42650553584098816,0.022433328131834667,0.018168272450566292
15000,H8-V,161,n02088238/ILSVRC2012_val_00049819_n02088238,7,3,0.006349150246630113,0.10979184259970982,0.4004460374514262,0.021332794800400734,0.017328334351380665
15000,H8-V,161,n02088238/ILSVRC2012_val_00049819_n02088238,13,3,0.006110404462864001,0.10334394375483195,0.3785020709037781,0.020229820162057877,0.016444799179832142
15000,H8-V,161,n02088238/ILSVRC2012_val_00049819_n02088238,19,3,0.006043420638889074,0.1008087769150734,0.3735775947570801,0.019860075165828068,0.0161242987960577
15000,H8-V,162,n02088364/ILSVRC2012_val_00032527_n02088364,1,3,0.010559357702732086,0.19905438522497812,0.7225065032641093,0.03768986091017723,0.030464796349406242
15000,H8-V,162,n02088364/ILSVRC2012_val_00032527_n02088364,4,3,0.003546614432707429,0.1010893185933431,0.5629335840543112,0.019284882272283237,0.013655546742180983
15000,H8-V,162,n02088364/ILSVRC2012_val_00032527_n02088364,7,3,0.0031542691867798567,0.094552015264829,0.5326133171717325,0.017935603236158688,0.012609470946093401
15000,H8-V,162,n02088364/ILSVRC2012_val_00032527_n02088364,13,3,0.0028220665796349445,0.08713206897179286,0.5044364929199219,0.01657963916659355,0.011535273864865303
15000,H8-V,162,n02088364/ILSVRC2012_val_00032527_n02088364,19,3,0.002748465475936731,0.08477755387624104,0.4964061180750529,0.01619028237958749,0.011226221298178038
15000,H8-V,163,n02088466/ILSVRC2012_val_00008460_n02088466,1,3,0.01361609467615684,0.2143419235944748,0.6820259491602579,0.04187054683764776,0.03505028784275055
15000,H8-V,163,n02088466/ILSVRC2012_val_00008460_n02088466,4,3,0.006330321387698253,0.10102808972199757,0.5381983319918314,0.021815114344159763,0.01643313094973564
15000,H8-V,163,n02088466/ILSVRC2012_val_00008460_n02088466,7,3,0.005854474535832803,0.0945414478580157,0.508168617884318,0.0203903050472339,0.015308619476854801
15000,H8-V,163,n02088466/ILSVRC2012_val_00008460_n02088466,13,3,0.005437779861191909,0.08855227132638295,0.48080889383951825,0.019101095696290333,0.014293006621301174
15000,H8-V,163,n02088466/ILSVRC2012_val_00008460_n02088466,19,3,0.005331733729690313,0.08647915472586949,0.4734383523464203,0.01871403306722641,0.013979649171233177
15000,H8-V,164,n02088632/ILSVRC2012_val_00007966_n02088632,1,3,0.020267426346739132,0.20351563394069672,0.7729728023211161,0.048348717391490936,0.04061898961663246
15000,H8-V,164,n02088632/ILSVRC2012_val_00007966_n02088632,4,3,0.015250747712949911,0.14948121209939322,0.6554511984189352,0.03675337880849838,0.030198868364095688
15000,H8-V,164,n02088632/ILSVRC2012_val_00007966_n02088632,7,3,0.014678076220055422,0.14288932581742605,0.6249993642171224,0.03521700327595075,0.028967009236415226
15000,H8-V,164,n02088632/ILSVRC2012_val_00007966_n02088632,13,3,0.014183588636418184,0.13755214711030325,0.596919576327006,0.033907998353242874,0.02793880303700765
15000,H8-V,164,n02088632/ILSVRC2012_val_00007966_n02088632,19,3,0.014069829446574053,0.13790160417556763,0.5894221862157186,0.03375421091914177,0.027859989553689957
15000,H8-V,165,n02089078/ILSVRC2012_val_00012293_n02089078,1,3,0.00825850572437048,0.17852508028348288,0.6394641399383545,0.032505655040343605,0.026111014187335968
15000,H8-V,165,n02089078/ILSVRC2012_val_00012293_n02089078,4,3,0.004577968114366134,0.1103477527697881,0.5413915514945984,0.02102665975689888,0.01561274379491806
15000,H8-V,165,n02089078/ILSVRC2012_val_00012293_n02089078,7,3,0.004229856034119924,0.10401680320501328,0.5144370396931967,0.019775907198588055,0.014631536478797594
15000,H8-V,165,n02089078/ILSVRC2012_val_00012293_n02089078,13,3,0.003862878152479728,0.09573984891176224,0.4910159806410472,0.01834702305495739,0.013436863198876381
15000,H8-V,165,n02089078/ILSVRC2012_val_00012293_n02089078,19,3,0.0037453672072539725,0.09225928286711375,0.4860880176226298,0.017832175518075626,0.012971295664707819
15000,H8-V,166,n02089867/ILSVRC2012_val_00036492_n02089867,1,3,0.012366580155988535,0.18534941971302032,0.5271705389022827,0.03617322941621145,0.030901523927847546
15000,H8-V,166,n02089867/ILSVRC2012_val_00036492_n02089867,4,3,0.008247305328647295,0.11979502439498901,0.4003576636314392,0.024230383957425754,0.020226807643969853
15000,H8-V,166,n02089867/ILSVRC2012_val_00036492_n02089867,7,3,0.007899274739126364,0.11527629444996516,0.3750852545102437,0.023177757238348324,0.019426904618740082
15000,H8-V,166,n02089867/ILSVRC2012_val_00036492_n02089867,13,3,0.007576902241756518,0.11019107202688853,0.35448599855105084,0.022140868629018467,0.018596009040872257
15000,H8-V,166,n02089867/ILSVRC2012_val_00036492_n02089867,19,3,0.007472169740746419,0.10892853140830994,0.35027554631233215,0.0218677781522274,0.018365022415916126
15000,H8-V,167,n02089973/ILSVRC2012_val_00029164_n02089973,1,3,0.006654645316302776,0.1461936185757319,0.5990786552429199,0.027264794955650967,0.021274007856845856
15000,H8-V,167,n02089973/ILSVRC2012_val_00029164_n02089973,4,3,0.004452299326658249,0.09612317383289337,0.5015114744504293,0.01907973177731037,0.01406461683412393
15000,H8-V,167,n02089973/ILSVRC2012_val_00029164_n02089973,7,3,0.004114239476621151,0.09016197919845581,0.47186173995335895,0.017849054808417957,0.013130437272290388
15000,H8-V,167,n02089973/ILSVRC2012_val_00029164_n02089973,13,3,0.0037981700928260884,0.08315067738294601,0.44632835189501446,0.016576521719495457,0.012113238374392191
15000,H8-V,167,n02089973/ILSVRC2012_val_00029164_n02089973,19,3,0.0037130518661191068,0.08071712652842204,0.4405480623245239,0.016190245126684506,0.011784764938056469
15000,H8-V,168,n02090379/ILSVRC2012_val_00001363_n02090379,1,3,0.011812517109016577,0.2047553857167562,0.5680833061536154,0.03796888887882233,0.032288055246075
15000,H8-V,168,n02090379/ILSVRC2012_val_00001363_n02090379,4,3,0.00837147825707992,0.15770713488260904,0.4797052840391795,0.028939244026939075,0.024142191434899967
15000,H8-V,168,n02090379/ILSVRC2012_val_00001363_n02090379,7,3,0.007959750791390737,0.15052716930707297,0.45252525806427,0.027537721519668896,0.023012468591332436
15000,H8-V,168,n02090379/ILSVRC2012_val_00001363_n02090379,13,3,0.0075576710514724255,0.1424648662408193,0.42956510186195374,0.026099809134999912,0.02180415764451027
15000,H8-V,168,n02090379/ILSVRC2012_val_00001363_n02090379,19,3,0.0074394165227810545,0.13895317912101746,0.4249347647031148,0.025584082429607708,0.0213347344348828
15000,H8-V,169,n02090622/ILSVRC2012_val_00013804_n02090622,1,3,0.005119771386186282,0.18452078104019165,0.4926735758781433,0.028498586267232895,0.023571850111087162
15000,H8-V,169,n02090622/ILSVRC2012_val_00013804_n02090622,4,3,0.002615224647646149,0.10879826297362645,0.3934413691361745,0.01742946480711301,0.013495051302015781
15000,H8-V,169,n02090622/ILSVRC2012_val_00013804_n02090622,7,3,0.002437631289164225,0.10319413493076961,0.36905279755592346,0.01644757327934106,0.012757044906417528
15000,H8-V,169,n02090622/ILSVRC2012_val_00013804_n02090622,13,3,0.0022332909672210612,0.09715873003005981,0.3496885498364766,0.015446049782137075,0.011949164172013601
15000,H8-V,169,n02090622/ILSVRC2012_val_00013804_n02090622,19,3,0.0021490275394171476,0.09515158583720525,0.3468966881434123,0.015133153026302656,0.011664186293880144
15000,H8-V,170,n02090721/ILSVRC2012_val_00049744_n02090721,1,3,0.011700475588440895,0.17877288162708282,0.789593776067098,0.03747370218237241,0.029577764372030895
15000,H8-V,170,n02090721/ILSVRC2012_val_00049744_n02090721,4,3,0.00694822504495581,0.1218979184826215,0.6669631799062093,0.025807648276289303,0.01913801704843839
15000,H8-V,170,n02090721/ILSVRC2012_val_00049744_n02090721,7,3,0.006514489185065031,0.11698197325070699,0.6353684266408285,0.024566371614734333,0.018212687224149704
15000,H8-V,170,n02090721/ILSVRC2012_val_00049744_n02090721,13,3,0.006085509900003672,0.11048826575279236,0.6046200593312582,0.023180536925792694,0.01713433675467968
15000,H8-V,170,n02090721/ILSVRC2012_val_00049744_n02090721,19,3,0.005942968962093194,0.10733140508333842,0.5948197642962137,0.02262430638074875,0.01667610928416252
15000,H8-V,171,n02091032/ILSVRC2012_val_00022684_n02091032,1,3,0.011846646356085936,0.21292040745417276,0.8293538888295492,0.04143222545584043,0.03313868741194407
15000,H8-V,171,n02091032/ILSVRC2012_val_00022684_n02091032,4,3,0.008330144298573336,0.15253332257270813,0.7071250875790914,0.030654727791746456,0.02358347736299038
15000,H8-V,171,n02091032/ILSVRC2012_val_00022684_n02091032,7,3,0.007770070340484381,0.1482501725355784,0.6741630037625631,0.029336716358860333,0.022595087066292763
15000,H8-V,171,n02091032/ILSVRC2012_val_00022684_n02091032,13,3,0.0072404746897518635,0.14190015693505606,0.6432874997456869,0.02786336528758208,0.021430490538477898
15000,H8-V,171,n02091032/ILSVRC2012_val_00022684_n02091032,19,3,0.007091273864110311,0.13991164664427438,0.634545624256134,0.02742789499461651,0.02108243852853775
15000,H8-V,172,n02091134/ILSVRC2012_val_00004823_n02091134,1,3,0.00588317650059859,0.18910162647565207,0.6060861547787985,0.030854201565186184,0.024793340514103573
15000,H8-V,172,n02091134/ILSVRC2012_val_00004823_n02091134,4,3,0.0027201867972811065,0.1074413259824117,0.47625043988227844,0.01822682407995065,0.013464319830139479
15000,H8-V,172,n02091134/ILSVRC2012_val_00004823_n02091134,7,3,0.0024904770931849876,0.10178698847691219,0.4497316877047221,0.01716649221877257,0.012669175863265991
15000,H8-V,172,n02091134/ILSVRC2012_val_00004823_n02091134,13,3,0.002263525423283378,0.09459911783536275,0.4282808204491933,0.01600624496738116,0.011723437036077181
15000,H8-V,172,n02091134/ILSVRC2012_val_00004823_n02091134,19,3,0.0021910252204785743,0.0913344273964564,0.4252306918303172,0.015576775185763836,0.011324468379219374
15000,H8-V,173,n02091244/ILSVRC2012_val_00035257_n02091244,1,3,0.00867842355122169,0.20401062071323395,0.656781792640686,0.035647302865982056,0.029079485063751537
15000,H8-V,173,n02091244/ILSVRC2012_val_00035257_n02091244,4,3,0.003993205881367127,0.1112912471095721,0.5357577204704285,0.020479907592137653,0.015122330747544765
15000,H8-V,173,n02091244/ILSVRC2012_val_00035257_n02091244,7,3,0.003672265447676182,0.10709430525700252,0.5036331415176392,0.019418027872840565,0.014381696470081806
15000,H8-V,173,n02091244/ILSVRC2012_val_00035257_n02091244,13,3,0.0033275482710450888,0.10287021845579147,0.4754224320252736,0.01836879427234332,0.013614570101102194
15000,H8-V,173,n02091244/ILSVRC2012_val_00035257_n02091244,19,3,0.0032381739001721144,0.10149333377679189,0.46877507368723553,0.018075258160630863,0.013387507759034634
15000,H8-V,174,n02091467/ILSVRC2012_val_00022530_n02091467,1,3,0.006313136002669732,0.15314569572607675,0.5699791312217712,0.02732749655842781,0.021627705544233322
15000,H8-V,174,n02091467/ILSVRC2012_val_00022530_n02091467,4,3,0.003249845545118054,0.08957986533641815,0.44659262895584106,0.016673758625984192,0.012207832497855028
15000,H8-V,174,n02091467/ILSVRC2012_val_00022530_n02091467,7,3,0.00300565540480117,0.08583661665519078,0.42110637823740643,0.01580038107931614,0.011589317272106806
15000,H8-V,174,n02091467/ILSVRC2012_val_00022530_n02091467,13,3,0.002782223435739676,0.08140877385934193,0.39786030848821,0.014901703844467798,0.010923100945850214
15000,H8-V,174,n02091467/ILSVRC2012_val_00022530_n02091467,19,3,0.0027125775814056396,0.07882961134115855,0.39198290308316547,0.014515367647012075,0.010595538653433323
15000,H8-V,175,n02091635/ILSVRC2012_val_00037989_n02091635,1,3,0.010123022831976414,0.20032168428103128,0.6642764806747437,0.03679795811573664,0.03015519306063652
15000,H8-V,175,n02091635/ILSVRC2012_val_00037989_n02091635,4,3,0.005283509225895007,0.12095685551563899,0.5317234992980957,0.022696430484453838,0.01737919511894385
15000,H8-V,175,n02091635/ILSVRC2012_val_00037989_n02091635,7,3,0.004837191508462031,0.11612140387296677,0.5029178063074747,0.021478510772188503,0.01644933285812537
15000,H8-V,175,n02091635/ILSVRC2012_val_00037989_n02091635,13,3,0.00445743774374326,0.11069010694821675,0.47799643874168396,0.020306413372357685,0.015526448686917623
15000,H8-V,175,n02091635/ILSVRC2012_val_00037989_n02091635,19,3,0.004378930199891329,0.1090418001015981,0.4724754790465037,0.02000786488254865,0.015283110551536083
15000,H8-V,176,n02091831/ILSVRC2012_val_00039822_n02091831,1,3,0.0112122626354297,0.1752034773429235,0.48917702833811444,0.03362438020606836,0.028732610245545704
15000,H8-V,176,n02091831/ILSVRC2012_val_00039822_n02091831,4,3,0.006298629722247521,0.10235920796791713,0.36294227838516235,0.020163973793387413,0.016534550736347835
15000,H8-V,176,n02091831/ILSVRC2012_val_00039822_n02091831,7,3,0.005961979894588391,0.09870222210884094,0.337964395682017,0.019211846093336742,0.0158322025090456
15000,H8-V,176,n02091831/ILSVRC2012_val_00039822_n02091831,13,3,0.005712572640428941,0.09480313708384831,0.31931110223134357,0.0183859970420599,0.015192886193593344
15000,H8-V,176,n02091831/ILSVRC2012_val_00039822_n02091831,19,3,0.005685405960927407,0.09413892527421315,0.3178469041983287,0.018277767424782116,0.015099298519392809
15000,H8-V,177,n02092002/ILSVRC2012_val_00010896_n02092002,1,3,0.01381410751491785,0.18670115371545157,0.5618928074836731,0.03810315206646919,0.03248422344525655
15000,H8-V,177,n02092002/ILSVRC2012_val_00010896_n02092002,4,3,0.009965236609180769,0.12080539266268413,0.4453917145729065,0.02649969297150771,0.02204577624797821
15000,H8-V,177,n02092002/ILSVRC2012_val_00010896_n02092002,7,3,0.009602559419969717,0.11770391712586085,0.41910425821940106,0.025563993180791538,0.021372950946291287
15000,H8-V,177,n02092002/ILSVRC2012_val_00010896_n02092002,13,3,0.009275739702085653,0.1151564617951711,0.39757104714711505,0.02476709708571434,0.02079138656457265
15000,H8-V,177,n02092002/ILSVRC2012_val_00010896_n02092002,19,3,0.00919788796454668,0.11521018048127492,0.39328157901763916,0.024651722361644108,0.020718906074762344
15000,H8-V,178,n02092339/ILSVRC2012_val_00044137_n02092339,1,3,0.01593172550201416,0.2816588083902995,0.8417172829310099,0.052514780312776566,0.04409760733445486
15000,H8-V,178,n02092339/ILSVRC2012_val_00044137_n02092339,4,3,0.007809080183506012,0.14802095790704092,0.6646305720011393,0.029257481917738914,0.022611175974210102
15000,H8-V,178,n02092339/ILSVRC2012_val_00044137_n02092339,7,3,0.007343140120307605,0.14070963859558105,0.632443904876709,0.02773854322731495,0.021414104228218395
15000,H8-V,178,n02092339/ILSVRC2012_val_00044137_n02092339,13,3,0.006874833566447099,0.1319320946931839,0.6013715267181396,0.026081758240858715,0.020068043222030003
15000,H8-V,178,n02092339/ILSVRC2012_val_00044137_n02092339,19,3,0.006688842549920082,0.1278534084558487,0.5917764703432719,0.025391947478055954,0.01947418289879958
15000,H8-V,179,n02093256/ILSVRC2012_val_00033683_n02093256,1,3,0.01613654475659132,0.18199031551678976,0.6560755968093872,0.04089633251229922,0.03433557723959287
15000,H8-V,179,n02093256/ILSVRC2012_val_00033683_n02093256,4,3,0.00836330217619737,0.10241203010082245,0.530381977558136,0.023908324539661407,0.018604505186279614
15000,H8-V,179,n02093256/ILSVRC2012_val_00033683_n02093256,7,3,0.007892241701483727,0.09924317399660747,0.5008090138435364,0.022824648767709732,0.017816559101144474
15000,H8-V,179,n02093256/ILSVRC2012_val_00033683_n02093256,13,3,0.007470195492108663,0.09626324723164241,0.47498804330825806,0.021846400573849678,0.01709652009109656
15000,H8-V,179,n02093256/ILSVRC2012_val_00033683_n02093256,19,3,0.007343200035393238,0.09507783502340317,0.46856842438379925,0.02153666689991951,0.016850983103116352
15000,H8-V,180,n02093428/ILSVRC2012_val_00019276_n02093428,1,3,0.006907401606440544,0.15407813588778177,0.49343923727671307,0.02724960756798585,0.022315215319395065
15000,H8-V,180,n02093428/ILSVRC2012_val_00019276_n02093428,4,3,0.003937416554739078,0.0914551317691803,0.38445202509562176,0.0169274490326643,0.013082929576436678
15000,H8-V,180,n02093428/ILSVRC2012_val_00019276_n02093428,7,3,0.003646927187219262,0.08602145810921986,0.35719650983810425,0.015821038434902828,0.01224907332410415
15000,H8-V,180,n02093428/ILSVRC2012_val_00019276_n02093428,13,3,0.0033296064163247743,0.0806016946832339,0.33430282274882,0.014732804149389267,0.01138977613300085
15000,H8-V,180,n02093428/ILSVRC2012_val_00019276_n02093428,19,3,0.0032085560572644076,0.0787222112218539,0.3295926054318746,0.014376703649759293,0.011080777583022913
15000,H8-V,181,n02093647/ILSVRC2012_val_00005189_n02093647,1,3,0.009097083782156309,0.1793185075124105,0.5042860209941864,0.0320717953145504,0.02702893503010273
15000,H8-V,181,n02093647/ILSVRC2012_val_00005189_n02093647,4,3,0.007395307223002116,0.15282371640205383,0.4297010004520416,0.02697468859453996,0.022677678614854813
15000,H8-V,181,n02093647/ILSVRC2012_val_00005189_n02093647,7,3,0.007006192735085885,0.14892145991325378,0.4027321736017863,0.025925661126772564,0.02189833919207255
15000,H8-V,181,n02093647/ILSVRC2012_val_00005189_n02093647,13,3,0.006612348059813182,0.14359240233898163,0.3801449437936147,0.024773037061095238,0.020971588169535
15000,H8-V,181,n02093647/ILSVRC2012_val_00005189_n02093647,19,3,0.0064700148068368435,0.14144346117973328,0.37553176283836365,0.024369677528738976,0.02061436076958974
15000,H8-V,182,n02093754/ILSVRC2012_val_00014318_n02093754,1,3,0.008069405176987251,0.15371370315551758,0.3953322768211365,0.027394099161028862,0.02344077577193578
15000,H8-V,182,n02093754/ILSVRC2012_val_00014318_n02093754,4,3,0.004777850427975257,0.09580213576555252,0.3152398069699605,0.01751046193142732,0.014358064159750938
15000,H8-V,182,n02093754/ILSVRC2012_val_00014318_n02093754,7,3,0.0045112983013192815,0.0914915253718694,0.2915351986885071,0.016575803359349568,0.013660451086858908
15000,H8-V,182,n02093754/ILSVRC2012_val_00014318_n02093754,13,3,0.00424411753192544,0.08748013029495876,0.2730875015258789,0.015723004937171936,0.0129921305924654
15000,H8-V,182,n02093754/ILSVRC2012_val_00014318_n02093754,19,3,0.004157364368438721,0.08608431617418925,0.2702061931292216,0.015467858252425989,0.012765796234210333
15000,H8-V,183,n02093859/ILSVRC2012_val_00021000_n02093859,1,3,0.0054267604524890585,0.11634612083435059,0.4939536948998769,0.022000908851623535,0.01706137228757143
15000,H8-V,183,n02093859/ILSVRC2012_val_00021000_n02093859,4,3,0.003116519500811895,0.08134149511655171,0.41697919368743896,0.01542046076307694,0.01125066913664341
15000,H8-V,183,n02093859/ILSVRC2012_val_00021000_n02093859,7,3,0.0028932581190019846,0.07829511413971584,0.39052027463912964,0.014627971996863684,0.010722769424319267
15000,H8-V,183,n02093859/ILSVRC2012_val_00021000_n02093859,13,3,0.00265704949075977,0.07434312502543132,0.368766725063324,0.013779029250144958,0.010091362210611502
15000,H8-V,183,n02093859/ILSVRC2012_val_00021000_n02093859,19,3,0.0025882384118934474,0.07199334849913915,0.36478273073832196,0.013435400401552519,0.009787573168675104
15000,H8-V,184,n02093991/ILSVRC2012_val_00014418_n02093991,1,3,0.010529012108842531,0.16692326466242471,0.6791295806566874,0.03401263554890951,0.02722133944431941
15000,H8-V,184,n02093991/ILSVRC2012_val_00014418_n02093991,4,3,0.007964018421868483,0.1198113535841306,0.5786115328470866,0.025731269270181656,0.01994515396654606
15000,H8-V,184,n02093991/ILSVRC2012_val_00014418_n02093991,7,3,0.007550549538185199,0.11453124384085338,0.5485432147979736,0.02448910598953565,0.019003673767050106
15000,H8-V,184,n02093991/ILSVRC2012_val_00014418_n02093991,13,3,0.007157548796385527,0.11050322651863098,0.5203347404797872,0.02341121869782607,0.018207871665557224
15000,H8-V,184,n02093991/ILSVRC2012_val_00014418_n02093991,19,3,0.0070394491776824,0.10841831316550572,0.5124499201774597,0.023005779832601547,0.017881281053026516
15000,H8-V,185,n02094114/ILSVRC2012_val_00001869_n02094114,1,3,0.01510048812876145,0.24897344907124838,0.7883123755455017,0.0478809562822183,0.03999783347050349
15000,H8-V,185,n02094114/ILSVRC2012_val_00001869_n02094114,4,3,0.0071446810228129225,0.1254661058386167,0.603813091913859,0.025729422147075336,0.019691291575630505
15000,H8-V,185,n02094114/ILSVRC2012_val_00001869_n02094114,7,3,0.0066223374257485075,0.11861382921536763,0.572537899017334,0.024209099511305492,0.0184837207198143
15000,H8-V,185,n02094114/ILSVRC2012_val_00001869_n02094114,13,3,0.006119605774680774,0.11348190903663635,0.5428709387779236,0.022896505892276764,0.017467796802520752
15000,H8-V,185,n02094114/ILSVRC2012_val_00001869_n02094114,19,3,0.005977546330541372,0.11290827641884486,0.5339972178141276,0.022608345995346706,0.01726837394138177
15000,H8-V,186,n02094258/ILSVRC2012_val_00007880_n02094258,1,3,0.0069223749451339245,0.18260261913140616,0.5061012109120687,0.030243650699655216,0.025182638317346573
15000,H8-V,186,n02094258/ILSVRC2012_val_00007880_n02094258,4,3,0.003930461825802922,0.10553867121537526,0.3854715625445048,0.018339044724901516,0.014484329149127007
15000,H8-V,186,n02094258/ILSVRC2012_val_00007880_n02094258,7,3,0.00319727153206865,0.09447191903988521,0.358176330725352,0.016226226463913918,0.012644463529189428
15000,H8-V,186,n02094258/ILSVRC2012_val_00007880_n02094258,13,3,0.0029814982941995063,0.08873922129472096,0.33800901969273883,0.015235510654747486,0.011855420656502247
15000,H8-V,186,n02094258/ILSVRC2012_val_00007880_n02094258,19,3,0.0029196129956593118,0.0858624850710233,0.3348015248775482,0.014853877015411854,0.011505861766636372
15000,H8-V,187,n02094433/ILSVRC2012_val_00043233_n02094433,1,3,0.005727638024836779,0.15325659016768137,0.5900997122128805,0.02695429449280103,0.021053297445178032
15000,H8-V,187,n02094433/ILSVRC2012_val_00043233_n02094433,4,3,0.003727382126574715,0.10344273348649342,0.4928646981716156,0.019000302379329998,0.014071655459702015
15000,H8-V,187,n02094433/ILSVRC2012_val_00043233_n02094433,7,3,0.0034768125818421445,0.09792663653691609,0.46602462728818256,0.017929722865422566,0.0132694769029816
15000,H8-V,187,n02094433/ILSVRC2012_val_00043233_n02094433,13,3,0.003243073665847381,0.09179218858480453,0.44266913334528607,0.016848984484871227,0.012422292493283749
15000,H8-V,187,n02094433/ILSVRC2012_val_00043233_n02094433,19,3,0.0031790845872213445,0.08862266441186269,0.4377824366092682,0.01641917477051417,0.012041350826621056
15000,H8-V,188,n02095314/ILSVRC2012_val_00037153_n02095314,1,3,0.01161771391828855,0.2260178029537201,0.7144554257392883,0.04136404891808828,0.03421949471036593
15000,H8-V,188,n02095314/ILSVRC2012_val_00037153_n02095314,4,3,0.0071806965085367365,0.1279533008734385,0.5667103131612142,0.025643129522601765,0.019976026689012844
15000,H8-V,188,n02095314/ILSVRC2012_val_00037153_n02095314,7,3,0.00674856873229146,0.12112511446078618,0.5371089577674866,0.02423216961324215,0.018861080209414165
15000,H8-V,188,n02095314/ILSVRC2012_val_00037153_n02095314,13,3,0.0063609097463389235,0.11256067703167598,0.5101936260859171,0.022718913853168488,0.01761697791516781
15000,H8-V,188,n02095314/ILSVRC2012_val_00037153_n02095314,19,3,0.0062581319361925125,0.10912521680196126,0.5026228229204813,0.02219688209394614,0.017170653368035953
15000,H8-V,189,n02095570/ILSVRC2012_val_00002773_n02095570,1,3,0.01260666890690724,0.25196435550848645,1.0849766731262207,0.04865287120143572,0.03780310476819674
15000,H8-V,189,n02095570/ILSVRC2012_val_00002773_n02095570,4,3,0.006986972720672687,0.14307525753974915,0.9155796766281128,0.030450295036037762,0.021294498816132545
15000,H8-V,189,n02095570/ILSVRC2012_val_00002773_n02095570,7,3,0.006246767317255338,0.13354105750719705,0.877271850903829,0.028373591601848602,0.019600873192151386
15000,H8-V,189,n02095570/ILSVRC2012_val_00002773_n02095570,13,3,0.005617454182356596,0.12473798791567485,0.8402966658274332,0.026494219278295834,0.01809125269452731
15000,H8-V,189,n02095570/ILSVRC2012_val_00002773_n02095570,19,3,0.005426662353177865,0.12135542680819829,0.8289842208226522,0.02585204690694809,0.017562204971909523
15000,H8-V,190,n02095889/ILSVRC2012_val_00006840_n02095889,1,3,0.008473724437256655,0.1723246971766154,0.49832509954770404,0.030689445634682972,0.02570619434118271
15000,H8-V,190,n02095889/ILSVRC2012_val_00006840_n02095889,4,3,0.0036686151288449764,0.0897038330634435,0.3839753568172455,0.016478751475612324,0.012638998528321585
15000,H8-V,190,n02095889/ILSVRC2012_val_00006840_n02095889,7,3,0.0033718569514652095,0.08414607743422191,0.35841940840085346,0.015370658909281095,0.011786465222636858
15000,H8-V,190,n02095889/ILSVRC2012_val_00006840_n02095889,13,3,0.0031350895296782255,0.07898303618033727,0.3384788930416107,0.014418182273705801,0.011033393442630768
15000,H8-V,190,n02095889/ILSVRC2012_val_00006840_n02095889,19,3,0.003100521940117081,0.0775635043780009,0.3357645372549693,0.014214517859121164,0.0108568724244833
15000,H8-V,191,n02096051/ILSVRC2012_val_00039147_n02096051,1,3,0.02286572443942229,0.21976538002490997,0.977818489074707,0.05462044601639112,0.044842260579268135
15000,H8-V,191,n02096051/ILSVRC2012_val_00039147_n02096051,4,3,0.016998999441663425,0.1561045249303182,0.8246859113375345,0.040856312960386276,0.03260945280392965
15000,H8-V,191,n02096051/ILSVRC2012_val_00039147_n02096051,7,3,0.016214594865838688,0.15093191961447397,0.7896807591120402,0.03920459498961767,0.03130778670310974
15000,H8-V,191,n02096051/ILSVRC2012_val_00039147_n02096051,13,3,0.015448237458864847,0.14535945653915405,0.75359578927358,0.03752014165123304,0.029984183609485626
15000,H8-V,191,n02096051/ILSVRC2012_val_00039147_n02096051,19,3,0.015208355461557707,0.1429819961388906,0.7403278549512228,0.036909833550453186,0.029506555447975796
15000,H8-V,192,n02096177/ILSVRC2012_val_00026417_n02096177,1,3,0.00574663778146108,0.2155068169037501,0.5048435926437378,0.03234575688838959,0.027297320465246838
15000,H8-V,192,n02096177/ILSVRC2012_val_00026417_n02096177,4,3,0.003098433061192433,0.08946419258912404,0.37149975697199505,0.015759849920868874,0.01204485259950161
15000,H8-V,192,n02096177/ILSVRC2012_val_00026417_n02096177,7,3,0.0028945625914881625,0.08355580518643062,0.34599260489145917,0.014710069944461187,0.011250143870711327
15000,H8-V,192,n02096177/ILSVRC2012_val_00026417_n02096177,13,3,0.002720336429774761,0.0781146635611852,0.32669999202092487,0.013798802780608336,0.010531802972157797
15000,H8-V,192,n02096177/ILSVRC2012_val_00026417_n02096177,19,3,0.002699811321993669,0.07715066522359848,0.32489290833473206,0.013663806952536106,0.010414877906441689
15000,H8-V,193,n02096294/ILSVRC2012_val_00019747_n02096294,1,3,0.01155452181895574,0.21765934427579245,0.738484263420105,0.04070529838403066,0.03332045736412207
15000,H8-V,193,n02096294/ILSVRC2012_val_00019747_n02096294,4,3,0.0062369561443726225,0.10005358358224233,0.5758904814720154,0.02200121929248174,0.016242314750949543
15000,H8-V,193,n02096294/ILSVRC2012_val_00019747_n02096294,7,3,0.005746319269140561,0.09358659634987514,0.544699490070343,0.020551973953843117,0.015104978966216246
15000,H8-V,193,n02096294/ILSVRC2012_val_00019747_n02096294,13,3,0.005319324787706137,0.0868169441819191,0.5164194305737814,0.01916521353026231,0.014001019299030304
15000,H8-V,193,n02096294/ILSVRC2012_val_00019747_n02096294,19,3,0.005209196669360002,0.08479245007038116,0.508536179860433,0.018773802866538365,0.013688441676398119
15000,H8-V,194,n02096437/ILSVRC2012_val_00022882_n02096437,1,3,0.007652220161010821,0.16591385006904602,0.6437975168228149,0.030681580305099487,0.02424360563357671
15000,H8-V,194,n02096437/ILSVRC2012_val_00022882_n02096437,4,3,0.004794948423902194,0.11349336554606755,0.5319312810897827,0.02146359843512376,0.016144285599390667
15000,H8-V,194,n02096437/ILSVRC2012_val_00022882_n02096437,7,3,0.004436952527612448,0.1079634428024292,0.5032216310501099,0.020265513410170872,0.015233296900987625
15000,H8-V,194,n02096437/ILSVRC2012_val_00022882_n02096437,13,3,0.004105664634456237,0.10237033913532893,0.4775566558043162,0.019118265559275944,0.014342698889474073
15000,H8-V,194,n02096437/ILSVRC2012_val_00022882_n02096437,19,3,0.004026933728406827,0.1010078564286232,0.4708830614884694,0.018836549793680508,0.014127719836930433
15000,H8-V,195,n02096585/ILSVRC2012_val_00010449_n02096585,1,3,0.007116796138385932,0.16111862162748972,0.5129175186157227,0.028357834244767826,0.023228658984104793
15000,H8-V,195,n02096585/ILSVRC2012_val_00010449_n02096585,4,3,0.0037836726599683366,0.10432162880897522,0.4105677505334218,0.01832151288787524,0.014215835991005102
15000,H8-V,195,n02096585/ILSVRC2012_val_00010449_n02096585,7,3,0.0034519316783795753,0.09853570908308029,0.3844741682211558,0.01715024436513583,0.013305502633253733
15000,H8-V,195,n02096585/ILSVRC2012_val_00010449_n02096585,13,3,0.0031371346364418664,0.0931764543056488,0.3630941112836202,0.01608572155237198,0.012454780439535776
15000,H8-V,195,n02096585/ILSVRC2012_val_00010449_n02096585,19,3,0.003024089072520534,0.09162866075833638,0.3588937520980835,0.015775892262657482,0.012186955039699873
15000,H8-V,196,n02097047/ILSVRC2012_val_00041605_n02097047,1,3,0.011373023192087809,0.21855834623177847,0.6490987737973531,0.03971984734137853,0.03322885992626349
15000,H8-V,196,n02097047/ILSVRC2012_val_00041605_n02097047,4,3,0.006758909362057845,0.14231016238530478,0.5233686367670695,0.02622361232837041,0.02098992591102918
15000,H8-V,196,n02097047/ILSVRC2012_val_00041605_n02097047,7,3,0.006368992539743583,0.13640522956848145,0.49362942576408386,0.024945809816320736,0.020009515807032585
15000,H8-V,196,n02097047/ILSVRC2012_val_00041605_n02097047,13,3,0.0060419974227746325,0.12983483572800955,0.4665857752164205,0.023691338797410328,0.019025480995575588
15000,H8-V,196,n02097047/ILSVRC2012_val_00041605_n02097047,19,3,0.005982604343444109,0.12825232247511545,0.4591529369354248,0.023399364824096363,0.01880783587694168
15000,H8-V,197,n02097130/ILSVRC2012_val_00023320_n02097130,1,3,0.011261492657164732,0.16180047392845154,0.5282864967981974,0.032724404707551,0.027441540112098057
15000,H8-V,197,n02097130/ILSVRC2012_val_00023320_n02097130,4,3,0.0075739069531361265,0.10803195337454478,0.43517816066741943,0.02272888459265232,0.01837710291147232
15000,H8-V,197,n02097130/ILSVRC2012_val_00023320_n02097130,7,3,0.007151189260184765,0.10196686287720998,0.4074868659178416,0.021422744418183964,0.017347875361641247
15000,H8-V,197,n02097130/ILSVRC2012_val_00023320_n02097130,13,3,0.006780872431894143,0.09623996665080388,0.3844238022963206,0.020249107231696446,0.016404869655768078
15000,H8-V,197,n02097130/ILSVRC2012_val_00023320_n02097130,19,3,0.006711340043693781,0.09418332328399022,0.38016754388809204,0.01993134741981824,0.016129672527313232
15000,H8-V,198,n02097209/ILSVRC2012_val_00031127_n02097209,1,3,0.007276269296805064,0.18817682564258575,0.6479153434435526,0.03257310576736927,0.02609395297865073
15000,H8-V,198,n02097209/ILSVRC2012_val_00031127_n02097209,4,3,0.004467185586690903,0.11267032970984776,0.540184497833252,0.021136063461502392,0.015734218681852024
15000,H8-V,198,n02097209/ILSVRC2012_val_00031127_n02097209,7,3,0.004201220038036506,0.10747680068016052,0.5131184657414755,0.02008008522291978,0.01494890016814073
15000,H8-V,198,n02097209/ILSVRC2012_val_00031127_n02097209,13,3,0.003968900224814813,0.10407080749670665,0.48940784732500714,0.01927005996306737,0.01437598125388225
15000,H8-V,198,n02097209/ILSVRC2012_val_00031127_n02097209,19,3,0.003901770726467172,0.10355936735868454,0.4832255144913991,0.019089963287115097,0.014257707943518957
15000,H8-V,199,n02097298/ILSVRC2012_val_00017057_n02097298,1,3,0.012081191254158815,0.18630838890870413,0.6497443119684855,0.03720947355031967,0.030712030827999115
15000,H8-V,199,n02097298/ILSVRC2012_val_00017057_n02097298,4,3,0.008803319496413073,0.13558418055375418,0.5457341074943542,0.027819079036513965,0.02236173798640569
15000,H8-V,199,n02097298/ILSVRC2012_val_00017057_n02097298,7,3,0.00838863973816236,0.12991816302140555,0.5162916580835978,0.02654337262113889,0.021380456164479256
15000,H8-V,199,n02097298/ILSVRC2012_val_00017057_n02097298,13,3,0.008007310951749483,0.1226562038064003,0.49060992399851483,0.025179030373692513,0.020272931704918545
15000,H8-V,199,n02097298/ILSVRC2012_val_00017057_n02097298,19,3,0.007923554008205732,0.11938974012931187,0.48497048020362854,0.024712232872843742,0.019862528269489605
15000,H8-V,200,n02097474/ILSVRC2012_val_00008488_n02097474,1,3,0.012501925540467104,0.16314407686392465,0.44321369131406146,0.033248470475276314,0.028816333661476772
15000,H8-V,200,n02097474/ILSVRC2012_val_00008488_n02097474,4,3,0.009132671480377516,0.10838677485783894,0.34297386805216473,0.023401088391741116,0.019971349587043125
15000,H8-V,200,n02097474/ILSVRC2012_val_00008488_n02097474,7,3,0.008754198749860128,0.1041550263762474,0.31819790601730347,0.022351680944363277,0.019169701884190243
15000,H8-V,200,n02097474/ILSVRC2012_val_00008488_n02097474,13,3,0.008405279368162155,0.0996265634894371,0.2999441623687744,0.021367377291123073,0.018367936213811237
15000,H8-V,200,n02097474/ILSVRC2012_val_00008488_n02097474,19,3,0.00832717369000117,0.0985982616742452,0.29899394512176514,0.021176939209302265,0.018187000105778377
15000,H8-V,201,n02097658/ILSVRC2012_val_00014259_n02097658,1,3,0.01634071208536625,0.30478238066037494,0.6819334427515665,0.053638286888599396,0.046818951765696205
15000,H8-V,201,n02097658/ILSVRC2012_val_00014259_n02097658,4,3,0.0074732791011532145,0.12453607469797134,0.4990716576576233,0.0249176025390625,0.019926886384685833
15000,H8-V,201,n02097658/ILSVRC2012_val_00014259_n02097658,7,3,0.007096197300901015,0.11853569249312083,0.46988391876220703,0.02364860599239667,0.018949766953786213
15000,H8-V,201,n02097658/ILSVRC2012_val_00014259_n02097658,13,3,0.006714182440191507,0.11155211677153905,0.44450972477595013,0.022314491371313732,0.01786939427256584
15000,H8-V,201,n02097658/ILSVRC2012_val_00014259_n02097658,19,3,0.006616231519728899,0.10938117156426112,0.4388521909713745,0.021942870691418648,0.017554348955551784
15000,H8-V,202,n02098105/ILSVRC2012_val_00022576_n02098105,1,3,0.006902420117209355,0.1789256582657496,0.49130793412526447,0.029708065713445347,0.024794986471533775
15000,H8-V,202,n02098105/ILSVRC2012_val_00022576_n02098105,4,3,0.003769214420268933,0.08431876699129741,0.364456166823705,0.015845653290549915,0.012201091585059961
15000,H8-V,202,n02098105/ILSVRC2012_val_00022576_n02098105,7,3,0.0034942879186322293,0.07877067724863689,0.3374902009963989,0.014746258035302162,0.011371356124679247
15000,H8-V,202,n02098105/ILSVRC2012_val_00022576_n02098105,13,3,0.0032384059547136226,0.07328398525714874,0.31443174680074054,0.01371112217505773,0.010566804558038712
15000,H8-V,202,n02098105/ILSVRC2012_val_00022576_n02098105,19,3,0.0031699005824824176,0.07100309431552887,0.3090103566646576,0.013360313760737577,0.010270210293432077
15000,H8-V,203,n02098286/ILSVRC2012_val_00010524_n02098286,1,3,0.008563658377776543,0.22405803203582764,0.7314812541007996,0.038284274439016976,0.030969461426138878
15000,H8-V,203,n02098286/ILSVRC2012_val_00010524_n02098286,4,3,0.0036032177352656922,0.11411670843760173,0.5628451704978943,0.02064334104458491,0.01501488902916511
15000,H8-V,203,n02098286/ILSVRC2012_val_00010524_n02098286,7,3,0.003198131608466307,0.10564831147591273,0.5312238136927286,0.019075201203425724,0.013762963314851126
15000,H8-V,203,n02098286/ILSVRC2012_val_00010524_n02098286,13,3,0.0028704010571042695,0.09741014738877614,0.502929667631785,0.01764071360230446,0.012611416478951773
15000,H8-V,203,n02098286/ILSVRC2012_val_00010524_n02098286,19,3,0.0027989907345424094,0.0954924076795578,0.49596648414929706,0.01730789616703987,0.012348231859505177
15000,H8-V,204,n02098413/ILSVRC2012_val_00011063_n02098413,1,3,0.014245077657202879,0.1998667319615682,0.7647666732470194,0.041879417995611824,0.03423175153632959
15000,H8-V,204,n02098413/ILSVRC2012_val_00011063_n02098413,4,3,0.008245716492335001,0.12488356232643127,0.6467615962028503,0.027201689158876736,0.020734072973330814
15000,H8-V,204,n02098413/ILSVRC2012_val_00011063_n02098413,7,3,0.00771282147616148,0.11867998788754146,0.6141298015912374,0.025722117473681767,0.019580819954474766
15000,H8-V,204,n02098413/ILSVRC2012_val_00011063_n02098413,13,3,0.007268734897176425,0.11363160858551662,0.5838393370310465,0.024470290169119835,0.01863189662496249
15000,H8-V,204,n02098413/ILSVRC2012_val_00011063_n02098413,19,3,0.007182763889431953,0.11255219082037608,0.5754366119702657,0.024192349364360172,0.018437983468174934
15000,H8-V,205,n02099267/ILSVRC2012_val_00011764_n02099267,1,3,0.009395508716503779,0.16012068341175714,0.46007370948791504,0.030008314177393913,0.02540757693350315
15000,H8-V,205,n02099267/ILSVRC2012_val_00011764_n02099267,4,3,0.004220289954294761,0.08528588712215424,0.346361368894577,0.016212492249906063,0.012748878759642443
15000,H8-V,205,n02099267/ILSVRC2012_val_00011764_n02099267,7,3,0.004067075128356616,0.08093847086032231,0.32160527507464093,0.015376975449422995,0.012160922400653362
15000,H8-V,205,n02099267/ILSVRC2012_val_00011764_n02099267,13,3,0.003927655906106035,0.07706283529599507,0.3021639982859294,0.01465557919194301,0.0116339394201835
15000,H8-V,205,n02099267/ILSVRC2012_val_00011764_n02099267,19,3,0.0038881530053913593,0.0765501856803894,0.29936157663663227,0.014536787134905657,0.011543171480298042
15000,H8-V,206,n02099429/ILSVRC2012_val_00032181_n02099429,1,3,0.012814649070302645,0.28904805580774945,0.5671507716178894,0.047390962640444435,0.041719455271959305
15000,H8-V,206,n02099429/ILSVRC2012_val_00032181_n02099429,4,3,0.00963847308109204,0.21563294529914856,0.45588111877441406,0.03576057900985082,0.031201768666505814
15000,H8-V,206,n02099429/ILSVRC2012_val_00032181_n02099429,7,3,0.009240384524067244,0.20927328864733377,0.4290436903635661,0.034458150466283165,0.03016771376132965
15000,H8-V,206,n02099429/ILSVRC2012_val_00032181_n02099429,13,3,0.008877458361287912,0.20291033883889517,0.40608325600624084,0.03322932496666908,0.029168492803970974
15000,H8-V,206,n02099429/ILSVRC2012_val_00032181_n02099429,19,3,0.0087860735754172,0.19961403807004294,0.4011356333891551,0.0327588344613711,0.028747477879126866
15000,H8-V,207,n02099601/ILSVRC2012_val_00023159_n02099601,1,3,0.01171180016050736,0.18084772924582163,0.8454594612121582,0.038251167784134545,0.029796573023001354
15000,H8-V,207,n02099601/ILSVRC2012_val_00023159_n02099601,4,3,0.0067013963125646114,0.10745242486397426,0.7106951475143433,0.02455359014372031,0.017446639016270638
15000,H8-V,207,n02099601/ILSVRC2012_val_00023159_n02099601,7,3,0.006134657810131709,0.10308940956989925,0.6775596539179484,0.023219195504983265,0.016443598394592602
15000,H8-V,207,n02099601/ILSVRC2012_val_00023159_n02099601,13,3,0.005583837007482846,0.09846731275320053,0.645383377869924,0.021884402260184288,0.015430568717420101
15000,H8-V,207,n02099601/ILSVRC2012_val_00023159_n02099601,19,3,0.0053949424376090365,0.09768012911081314,0.6354274352391561,0.021517228956023853,0.015162955348690351
15000,H8-V,208,n02099712/ILSVRC2012_val_00038361_n02099712,1,3,0.008585848069439331,0.19947285453478494,0.5765419999758402,0.03429855530460676,0.02853313460946083
15000,H8-V,208,n02099712/ILSVRC2012_val_00038361_n02099712,4,3,0.0026537002995610237,0.08741068591674168,0.4373912612597148,0.015768681342403095,0.011394768953323364
15000,H8-V,208,n02099712/ILSVRC2012_val_00038361_n02099712,7,3,0.002283992866675059,0.07917857418457667,0.41016221046447754,0.014303472203512987,0.010201850285132727
15000,H8-V,208,n02099712/ILSVRC2012_val_00038361_n02099712,13,3,0.0019210127259915073,0.07224477827548981,0.38354594508806866,0.012980950064957142,0.009145490825176239
15000,H8-V,208,n02099712/ILSVRC2012_val_00038361_n02099712,19,3,0.0018096028361469507,0.07006464898586273,0.3765701452891032,0.01258176937699318,0.008816068060696125
15000,H8-V,209,n02099849/ILSVRC2012_val_00006078_n02099849,1,3,0.014954991017778715,0.20800648629665375,0.8863925139109293,0.04461956520875295,0.03575564051667849
15000,H8-V,209,n02099849/ILSVRC2012_val_00006078_n02099849,4,3,0.007453991410632928,0.11745882282654445,0.7526244521141052,0.026726117357611656,0.0191998736311992
15000,H8-V,209,n02099849/ILSVRC2012_val_00006078_n02099849,7,3,0.006495435256510973,0.10568158825238545,0.7184852361679077,0.02424844664831956,0.017063594112793606
15000,H8-V,209,n02099849/ILSVRC2012_val_00006078_n02099849,13,3,0.005779666981349389,0.09427079061667125,0.6858263413111368,0.022065008680025738,0.015206745825707912
15000,H8-V,209,n02099849/ILSVRC2012_val_00006078_n02099849,19,3,0.005610070036103328,0.09005183478196462,0.6754231850306193,0.021369485184550285,0.014615253545343876
15000,H8-V,210,n02100236/ILSVRC2012_val_00023726_n02100236,1,3,0.007664162976046403,0.20600798229376474,0.5160266359647115,0.0334252268075943,0.028264962136745453
15000,H8-V,210,n02100236/ILSVRC2012_val_00023726_n02100236,4,3,0.003530933599298199,0.09468038876851399,0.3774327039718628,0.016773300245404243,0.012998972708980242
15000,H8-V,210,n02100236/ILSVRC2012_val_00023726_n02100236,7,3,0.0032276164274662733,0.08815715461969376,0.35180185238520306,0.015561350310842196,0.012043332060178122
15000,H8-V,210,n02100236/ILSVRC2012_val_00023726_n02100236,13,3,0.002978682052344084,0.08406062175830205,0.33175825079282123,0.014702326618134975,0.011384744197130203
15000,H8-V,210,n02100236/ILSVRC2012_val_00023726_n02100236,19,3,0.002919452109684547,0.08437752723693848,0.3290630479653676,0.01464783555517594,0.011357205299039682
15000,H8-V,211,n02100583/ILSVRC2012_val_00047990_n02100583,1,3,0.007557460572570562,0.19311265150705972,0.5789004762967428,0.03265773132443428,0.02686872643729051
15000,H8-V,211,n02100583/ILSVRC2012_val_00047990_n02100583,4,3,0.004121900070458651,0.10975752770900726,0.45102901260058087,0.019607943172256153,0.015097652872403463
15000,H8-V,211,n02100583/ILSVRC2012_val_00047990_n02100583,7,3,0.003790517725671331,0.10512121766805649,0.42405328154563904,0.018543172627687454,0.014302639911572138
15000,H8-V,211,n02100583/ILSVRC2012_val_00047990_n02100583,13,3,0.0034906683334459863,0.0995807871222496,0.40116164088249207,0.01746036298573017,0.013448746874928474
15000,H8-V,211,n02100583/ILSVRC2012_val_00047990_n02100583,19,3,0.0034158838291962943,0.09681758532921474,0.39634931087493896,0.01706113542119662,0.013097642920911312
15000,H8-V,212,n02100735/ILSVRC2012_val_00017592_n02100735,1,3,0.0075737677204112215,0.1707246427734693,0.4989501436551412,0.029635732372601826,0.024646231904625893
15000,H8-V,212,n02100735/ILSVRC2012_val_00017592_n02100735,4,3,0.0028452209662646055,0.07188029338916142,0.3660221795241038,0.013693472060064474,0.010033250165482363
15000,H8-V,212,n02100735/ILSVRC2012_val_00017592_n02100735,7,3,0.0025924427900463343,0.06799099097649257,0.3393766184647878,0.012785308063030243,0.009391541903217634
15000,H8-V,212,n02100735/ILSVRC2012_val_00017592_n02100735,13,3,0.002375239972025156,0.06414775302012761,0.3169122040271759,0.0119591373950243,0.00879001555343469
15000,H8-V,212,n02100735/ILSVRC2012_val_00017592_n02100735,19,3,0.00231293891556561,0.0629551075398922,0.31194184223810834,0.011727867648005486,0.00860844956090053
15000,H8-V,213,n02100877/ILSVRC2012_val_00015518_n02100877,1,3,0.011682219492892424,0.263667826851209,0.6670176188151041,0.0447191788504521,0.038049002488454185
15000,H8-V,213,n02100877/ILSVRC2012_val_00015518_n02100877,4,3,0.005325691308826208,0.09237783898909886,0.48504074414571124,0.019413882866501808,0.014563475735485554
15000,H8-V,213,n02100877/ILSVRC2012_val_00015518_n02100877,7,3,0.004855950207759936,0.08748837063709895,0.4565803309281667,0.018170590202013653,0.013604787488778433
15000,H8-V,213,n02100877/ILSVRC2012_val_00015518_n02100877,13,3,0.004411295987665653,0.08246198793252309,0.43203607201576233,0.01697785531481107,0.012657495215535164
15000,H8-V,213,n02100877/ILSVRC2012_val_00015518_n02100877,19,3,0.0042922524735331535,0.08104135592778523,0.42636791865030926,0.016660066942373913,0.012396388376752535
15000,H8-V,214,n02101006/ILSVRC2012_val_00014744_n02101006,1,3,0.009502364012102285,0.18695759773254395,0.7506399552027384,0.03570452332496643,0.02819812421997388
15000,H8-V,214,n02101006/ILSVRC2012_val_00014744_n02101006,4,3,0.005258845631033182,0.11507731676101685,0.6240461468696594,0.02300703835984071,0.01676657733817895
15000,H8-V,214,n02101006/ILSVRC2012_val_00014744_n02101006,7,3,0.00491328164935112,0.10907815893491109,0.5920674800872803,0.021741772691408794,0.015821097729106743
15000,H8-V,214,n02101006/ILSVRC2012_val_00014744_n02101006,13,3,0.004583516313383977,0.10228152573108673,0.5619288682937622,0.020430957277615864,0.014811669165889422
15000,H8-V,214,n02101006/ILSVRC2012_val_00014744_n02101006,19,3,0.004490067871908347,0.09999040265878041,0.5528243978818258,0.020017352576057117,0.014489108075698217
15000,H8-V,215,n02101388/ILSVRC2012_val_00031633_n02101388,1,3,0.012200715641180674,0.18087732791900635,0.606939454873403,0.036357843006650604,0.030288447936375935
15000,H8-V,215,n02101388/ILSVRC2012_val_00031633_n02101388,4,3,0.0058235822555919485,0.09963151812553406,0.4873657027880351,0.02066039169828097,0.0157867344096303
15000,H8-V,215,n02101388/ILSVRC2012_val_00031633_n02101388,7,3,0.00524535837272803,0.0930776372551918,0.45840951800346375,0.01913721797366937,0.014553122222423553
15000,H8-V,215,n02101388/ILSVRC2012_val_00031633_n02101388,13,3,0.004729756309340398,0.08747274428606033,0.4332207540671031,0.01780923828482628,0.013477030831078688
15000,H8-V,215,n02101388/ILSVRC2012_val_00031633_n02101388,19,3,0.0045338962227106094,0.08515329907337825,0.427410364151001,0.01732332942386468,0.013049226254224777
15000,H8-V,216,n02101556/ILSVRC2012_val_00045011_n02101556,1,3,0.007995163400967916,0.1694471463561058,0.5119602779547373,0.030059481660525005,0.02493987853328387
15000,H8-V,216,n02101556/ILSVRC2012_val_00045011_n02101556,4,3,0.004946717992424965,0.09021793554226558,0.39692039291063946,0.017937716096639633,0.01396851179500421
15000,H8-V,216,n02101556/ILSVRC2012_val_00045011_n02101556,7,3,0.004630759824067354,0.08675666898488998,0.37050461769104004,0.01701147233446439,0.01330642681568861
15000,H8-V,216,n02101556/ILSVRC2012_val_00045011_n02101556,13,3,0.004369127564132214,0.08335063358147939,0.34864282608032227,0.0161906195183595,0.012704191108544668
15000,H8-V,216,n02101556/ILSVRC2012_val_00045011_n02101556,19,3,0.004305378533899784,0.08250291148821513,0.3448512355486552,0.016004181777437527,0.012555669682721296
15000,H8-V,217,n02102040/ILSVRC2012_val_00027182_n02102040,1,3,0.011877561919391155,0.18444601694742838,0.8070517977078756,0.03839268287022909,0.030322164297103882
15000,H8-V,217,n02102040/ILSVRC2012_val_00027182_n02102040,4,3,0.004980643435070912,0.11200142403443654,0.6712606549263,0.022893392170468967,0.016180785993734997
15000,H8-V,217,n02102040/ILSVRC2012_val_00027182_n02102040,7,3,0.004476964318503936,0.10415726651748021,0.6390447815259298,0.021283138543367386,0.014892691125472387
15000,H8-V,217,n02102040/ILSVRC2012_val_00027182_n02102040,13,3,0.0039861807599663734,0.09535369525353114,0.6099801063537598,0.01962135173380375,0.013521550533672174
15000,H8-V,217,n02102040/ILSVRC2012_val_00027182_n02102040,19,3,0.0038392936500410237,0.09163257479667664,0.6028306086858114,0.019030858452121418,0.013002551781634489
15000,H8-V,218,n02102177/ILSVRC2012_val_00032784_n02102177,1,3,0.014816589343051115,0.17579326530297598,0.6067065993944804,0.03846298033992449,0.032395915438731514
15000,H8-V,218,n02102177/ILSVRC2012_val_00032784_n02102177,4,3,0.009081104770302773,0.11127251883347829,0.4812060296535492,0.02502041682600975,0.02020835690200329
15000,H8-V,218,n02102177/ILSVRC2012_val_00032784_n02102177,7,3,0.008582612499594688,0.1066916286945343,0.4521033664544423,0.02377280965447426,0.01925177623828252
15000,H8-V,218,n02102177/ILSVRC2012_val_00032784_n02102177,13,3,0.008106778686245283,0.10224609325329463,0.4274893601735433,0.02260628156363964,0.018331388011574745
15000,H8-V,218,n02102177/ILSVRC2012_val_00032784_n02102177,19,3,0.00795625833173593,0.10076380272706349,0.421921968460083,0.02225185992817084,0.018032639597853024
15000,H8-V,219,n02102318/ILSVRC2012_val_00024691_n02102318,1,3,0.007880124573906263,0.18553667763868967,0.6290089885393778,0.032723882546027504,0.026433792586127918
15000,H8-V,219,n02102318/ILSVRC2012_val_00024691_n02102318,4,3,0.0036791393843789897,0.09233693033456802,0.48259467879931134,0.0177387793858846,0.012912832821408907
15000,H8-V,219,n02102318/ILSVRC2012_val_00024691_n02102318,7,3,0.003341708409910401,0.08664786318937938,0.4541732569535573,0.016548226897915203,0.012006494837502638
15000,H8-V,219,n02102318/ILSVRC2012_val_00024691_n02102318,13,3,0.0030364865281929574,0.08028850952784221,0.42879800001780194,0.015353317682941755,0.011065337806940079
15000,H8-V,219,n02102318/ILSVRC2012_val_00024691_n02102318,19,3,0.002955001856510838,0.07781227678060532,0.4222513834635417,0.014958743005990982,0.010736229519049326
15000,H8-V,220,n02102480/ILSVRC2012_val_00002303_n02102480,1,3,0.00861758211006721,0.19927925368150076,0.6948091983795166,0.035493599250912666,0.028545507540305454
15000,H8-V,220,n02102480/ILSVRC2012_val_00002303_n02102480,4,3,0.005661811834822099,0.12440767884254456,0.5628897150357565,0.023731477558612823,0.018102580060561497
15000,H8-V,220,n02102480/ILSVRC2012_val_00002303_n02102480,7,3,0.00536788006623586,0.11991614103317261,0.5334970156351725,0.022694464772939682,0.01735949454208215
15000,H8-V,220,n02102480/ILSVRC2012_val_00002303_n02102480,13,3,0.005149335289994876,0.11607389400402705,0.5083409547805786,0.021840134635567665,0.016756725187102955
15000,H8-V,220,n02102480/ILSVRC2012_val_00002303_n02102480,19,3,0.005114311818033457,0.11417185018459956,0.5025996764500936,0.02155749375621478,0.01653149661918481
15000,H8-V,221,n02102973/ILSVRC2012_val_00047277_n02102973,1,3,0.013967913885911306,0.19319868087768555,0.5736924608548483,0.03902470568815867,0.03328778098026911
15000,H8-V,221,n02102973/ILSVRC2012_val_00047277_n02102973,4,3,0.007508549839258194,0.09599113712708156,0.4445412854353587,0.021553077424565952,0.01710766429702441
15000,H8-V,221,n02102973/ILSVRC2012_val_00047277_n02102973,7,3,0.007107606312880914,0.09327677388985951,0.41668981313705444,0.020602181553840637,0.016435283546646435
15000,H8-V,221,n02102973/ILSVRC2012_val_00047277_n02102973,13,3,0.006719150425245364,0.09211867799361546,0.3933309316635132,0.01986432820558548,0.015931018938620884
15000,H8-V,221,n02102973/ILSVRC2012_val_00047277_n02102973,19,3,0.006609159056097269,0.09112384418646495,0.38859962423642475,0.01960753897825877,0.01572154276072979
15000,H8-V,222,n02104029/ILSVRC2012_val_00024981_n02104029,1,3,0.01376107893884182,0.19128157198429108,0.5800742705663046,0.03868997593720754,0.03288923452297846
15000,H8-V,222,n02104029/ILSVRC2012_val_00024981_n02104029,4,3,0.011842817068099976,0.16079925497372946,0.5003450711568197,0.03292619436979294,0.027922742689649265
15000,H8-V,222,n02104029/ILSVRC2012_val_00024981_n02104029,7,3,0.01145584632953008,0.15662662188212076,0.47351240118344623,0.03185363238056501,0.027118507772684097
15000,H8-V,222,n02104029/ILSVRC2012_val_00024981_n02104029,13,3,0.011146135007341703,0.15288502971331278,0.4509505033493042,0.03094414249062538,0.02643463760614395
15000,H8-V,222,n02104029/ILSVRC2012_val_00024981_n02104029,19,3,0.011064688675105572,0.15128943820794424,0.44622639815012616,0.030655897532900173,0.026193633675575256
15000,H8-V,223,n02104365/ILSVRC2012_val_00037330_n02104365,1,3,0.012171271877984205,0.22776168088118234,0.5922250350316366,0.04086969171961149,0.03494744002819061
15000,H8-V,223,n02104365/ILSVRC2012_val_00037330_n02104365,4,3,0.0053177069251736,0.08448820561170578,0.4182593027750651,0.017949120452006657,0.013766527486344179
15000,H8-V,223,n02104365/ILSVRC2012_val_00037330_n02104365,7,3,0.00488757931937774,0.07964365929365158,0.39104557037353516,0.01676240066687266,0.012851945435007414
15000,H8-V,223,n02104365/ILSVRC2012_val_00037330_n02104365,13,3,0.004513607515643041,0.07453116029500961,0.3673485020796458,0.01564020849764347,0.011966723948717117
15000,H8-V,223,n02104365/ILSVRC2012_val_00037330_n02104365,19,3,0.0044199915913244086,0.07251324752966563,0.3614061375459035,0.015285378011564413,0.0116713164995114
15000,H8-V,224,n02105056/ILSVRC2012_val_00048051_n02105056,1,3,0.014969225352009138,0.17994306484858194,0.7426693439483643,0.04039022450645765,0.03296353171269099
15000,H8-V,224,n02105056/ILSVRC2012_val_00048051_n02105056,4,3,0.010969975031912327,0.13975296914577484,0.6348992983500162,0.03129426452020804,0.024945272132754326
15000,H8-V,224,n02105056/ILSVRC2012_val_00048051_n02105056,7,3,0.0104063522691528,0.13468845188617706,0.6027888456980387,0.02990308590233326,0.023875198016564052
15000,H8-V,224,n02105056/ILSVRC2012_val_00048051_n02105056,13,3,0.00992821715772152,0.1302925099929174,0.5717449982961019,0.028674918537338574,0.022957468405365944
15000,H8-V,224,n02105056/ILSVRC2012_val_00048051_n02105056,19,3,0.009833117946982384,0.12850046157836914,0.5620144406954447,0.028303309033314388,0.022683164725701015
15000,H8-V,225,n02105162/ILSVRC2012_val_00012708_n02105162,1,3,0.00882793078199029,0.1650452713171641,0.727880040804545,0.03261125894884268,0.025332458317279816
15000,H8-V,225,n02105162/ILSVRC2012_val_00012708_n02105162,4,3,0.005913209014882644,0.11172422269980113,0.6028663118680319,0.023114294434587162,0.01708563168843587
15000,H8-V,225,n02105162/ILSVRC2012_val_00012708_n02105162,7,3,0.005513610939184825,0.10602525621652603,0.5721374154090881,0.02183751141031583,0.01611613730589549
15000,H8-V,225,n02105162/ILSVRC2012_val_00012708_n02105162,13,3,0.005122896128644546,0.1009352554877599,0.5429838498433431,0.02064626043041547,0.015216421956817308
15000,H8-V,225,n02105162/ILSVRC2012_val_00012708_n02105162,19,3,0.0049934495861331625,0.09978830069303513,0.5340086817741394,0.020312366386254627,0.014972279779613018
15000,H8-V,226,n02105251/ILSVRC2012_val_00026208_n02105251,1,3,0.00944663304835558,0.1596782704194387,0.8183807134628296,0.03359826778372129,0.02541446064909299
15000,H8-V,226,n02105251/ILSVRC2012_val_00026208_n02105251,4,3,0.006859402017047008,0.12348122894763947,0.7114892800649008,0.026322417582074802,0.019207524756590526
15000,H8-V,226,n02105251/ILSVRC2012_val_00026208_n02105251,7,3,0.00640546220044295,0.11861391365528107,0.6797654032707214,0.02506450687845548,0.01826685294508934
15000,H8-V,226,n02105251/ILSVRC2012_val_00026208_n02105251,13,3,0.005995149568965037,0.1138793130715688,0.6493542591730753,0.023876623560984928,0.017383080596725147
15000,H8-V,226,n02105251/ILSVRC2012_val_00026208_n02105251,19,3,0.005881738228102525,0.11296052485704422,0.6400289138158163,0.023578080038229626,0.017177791024247806
15000,H8-V,227,n02105412/ILSVRC2012_val_00015210_n02105412,1,3,0.011012275392810503,0.1932661533355713,0.6569730639457703,0.03690862158934275,0.030338890850543976
15000,H8-V,227,n02105412/ILSVRC2012_val_00015210_n02105412,4,3,0.005239206521461408,0.11321805665890376,0.5259819428126017,0.021820831423004467,0.016561012094219524
15000,H8-V,227,n02105412/ILSVRC2012_val_00015210_n02105412,7,3,0.0047818647387127084,0.10740111023187637,0.4976555605729421,0.020498530939221382,0.015521975544591745
15000,H8-V,227,n02105412/ILSVRC2012_val_00015210_n02105412,13,3,0.004251797683537006,0.10136860609054565,0.4731180767218272,0.01911983887354533,0.014388658416767916
15000,H8-V,227,n02105412/ILSVRC2012_val_00015210_n02105412,19,3,0.0040418280599017935,0.09955231100320816,0.4677979548772176,0.018675039211908977,0.013997059315443039
15000,H8-V,228,n02105505/ILSVRC2012_val_00019932_n02105505,1,3,0.009986172740658125,0.16796444853146872,0.4248228371143341,0.03103084738055865,0.02678261821468671
15000,H8-V,228,n02105505/ILSVRC2012_val_00019932_n02105505,4,3,0.007787352738281091,0.12032648672660191,0.34329302112261456,0.023252931113044422,0.01982000097632408
15000,H8-V,228,n02105505/ILSVRC2012_val_00019932_n02105505,7,3,0.007531403253475825,0.11595605313777924,0.3195665180683136,0.022322673350572586,0.01912700819472472
15000,H8-V,228,n02105505/ILSVRC2012_val_00019932_n02105505,13,3,0.007312620369096597,0.1120576336979866,0.30218159159024555,0.021540199716885883,0.01851838392515977
15000,H8-V,228,n02105505/ILSVRC2012_val_00019932_n02105505,19,3,0.007273958685497443,0.11074136197566986,0.30120813846588135,0.02136017568409443,0.018348094696799915
15000,H8-V,229,n02105641/ILSVRC2012_val_00022259_n02105641,1,3,0.010844110511243343,0.16355987638235092,0.6276359955469767,0.03347645824154218,0.027200098459919293
15000,H8-V,229,n02105641/ILSVRC2012_val_00022259_n02105641,4,3,0.006482904311269522,0.10406845559676488,0.5227820674578348,0.022117571905255318,0.016889750957489014
15000,H8-V,229,n02105641/ILSVRC2012_val_00022259_n02105641,7,3,0.006062582600861788,0.09989061454931895,0.4962995747725169,0.021014639486869175,0.01605164383848508
15000,H8-V,229,n02105641/ILSVRC2012_val_00022259_n02105641,13,3,0.00565763795748353,0.09513442466656367,0.4731909732023875,0.019902989889184635,0.015171080517272154
15000,H8-V,229,n02105641/ILSVRC2012_val_00022259_n02105641,19,3,0.0055039725266397,0.09370784213145573,0.46732352177302044,0.019547992075483005,0.014874756957093874
15000,H8-V,230,n02105855/ILSVRC2012_val_00032064_n02105855,1,3,0.0138465433071057,0.2017588218053182,1.041128396987915,0.04443370923399925,0.034022425611813865
15000,H8-V,230,n02105855/ILSVRC2012_val_00032064_n02105855,4,3,0.010693937229613463,0.13931227227052054,0.9202394882837931,0.033827558159828186,0.024625164767106373
15000,H8-V,230,n02105855/ILSVRC2012_val_00032064_n02105855,7,3,0.010061403426031271,0.13307764132817587,0.8848552505175272,0.03221771990259489,0.02336916762093703
15000,H8-V,230,n02105855/ILSVRC2012_val_00032064_n02105855,13,3,0.009450608864426613,0.12662942707538605,0.8484703103701273,0.030598254253466923,0.02211355169614156
15000,H8-V,230,n02105855/ILSVRC2012_val_00032064_n02105855,19,3,0.00928607645134131,0.12366968393325806,0.8355008363723755,0.03000805340707302,0.02165304496884346
15000,H8-V,231,n02106030/ILSVRC2012_val_00027522_n02106030,1,3,0.012073668030401071,0.1523441175619761,0.5009439786275228,0.03231751980880896,0.027308080345392227
15000,H8-V,231,n02106030/ILSVRC2012_val_00027522_n02106030,4,3,0.008455966909726461,0.0947461873292923,0.40505985418955487,0.02198118343949318,0.01793058527012666
15000,H8-V,231,n02106030/ILSVRC2012_val_00027522_n02106030,7,3,0.008054409176111221,0.0909702405333519,0.379034827152888,0.020941781500975292,0.017151433353622753
15000,H8-V,231,n02106030/ILSVRC2012_val_00027522_n02106030,13,3,0.007701181185742219,0.08664108564456303,0.3571251531442006,0.019936541095376015,0.01636528968811035
15000,H8-V,231,n02106030/ILSVRC2012_val_00027522_n02106030,19,3,0.007624009003241857,0.08550341924031575,0.35265687108039856,0.01970091958840688,0.016174351175626118
15000,H8-V,232,n02106166/ILSVRC2012_val_00018080_n02106166,1,3,0.022564296300212543,0.19894583523273468,0.6144657929738363,0.04860353656113148,0.04245887945095698
15000,H8-V,232,n02106166/ILSVRC2012_val_00018080_n02106166,4,3,0.008435207729538282,0.08167465776205063,0.4598981440067291,0.02120165526866913,0.016602673878272373
15000,H8-V,232,n02106166/ILSVRC2012_val_00018080_n02106166,7,3,0.007934758129219214,0.07764192173878352,0.43284091353416443,0.0200273593266805,0.01569895011683305
15000,H8-V,232,n02106166/ILSVRC2012_val_00018080_n02106166,13,3,0.007449944193164508,0.07372614741325378,0.40840135018030804,0.018906572212775547,0.0148225591207544
15000,H8-V,232,n02106166/ILSVRC2012_val_00018080_n02106166,19,3,0.007298124643663566,0.07169012725353241,0.40159807602564496,0.01848311846454938,0.01446713755528132
15000,H8-V,233,n02106382/ILSVRC2012_val_00030971_n02106382,1,3,0.010589753898481527,0.2602054923772812,0.5944472551345825,0.04255477711558342,0.03661030468841394
15000,H8-V,233,n02106382/ILSVRC2012_val_00030971_n02106382,4,3,0.005085933022201061,0.12866205970446268,0.44459692637125653,0.02239810861647129,0.017952139178911846
15000,H8-V,233,n02106382/ILSVRC2012_val_00030971_n02106382,7,3,0.004782470253606637,0.12414517750342687,0.417418251434962,0.021371170257528622,0.017196988066037495
15000,H8-V,233,n02106382/ILSVRC2012_val_00030971_n02106382,13,3,0.0045389931959410506,0.11837516725063324,0.3936993479728699,0.020313503220677376,0.0163765096416076
15000,H8-V,233,n02106382/ILSVRC2012_val_00030971_n02106382,19,3,0.004494750872254372,0.11461163560549419,0.38805025815963745,0.01983641708890597,0.01595591443280379
15000,H8-V,234,n02106550/ILSVRC2012_val_00047499_n02106550,1,3,0.007616146933287382,0.1868749608596166,0.7658653457959493,0.033962298184633255,0.026303643360733986
15000,H8-V,234,n02106550/ILSVRC2012_val_00047499_n02106550,4,3,0.004360328583667676,0.12207519511381786,0.655161996682485,0.023119468241930008,0.016567848001917202
15000,H8-V,234,n02106550/ILSVRC2012_val_00047499_n02106550,7,3,0.004044658504426479,0.11697107553482056,0.62595001856486,0.022001266479492188,0.015741766119996708
15000,H8-V,234,n02106550/ILSVRC2012_val_00047499_n02106550,13,3,0.0037756517995148897,0.11244885871807735,0.5986709396044413,0.021007247269153595,0.01502053781102101
15000,H8-V,234,n02106550/ILSVRC2012_val_00047499_n02106550,19,3,0.003715160069987178,0.11095842222372691,0.5906917254130045,0.02071791949371497,0.014811002338925997
15000,H8-V,235,n02106662/ILSVRC2012_val_00032995_n02106662,1,3,0.011054867568115393,0.2273270239432653,0.617041826248169,0.03995798900723457,0.033787570893764496
15000,H8-V,235,n02106662/ILSVRC2012_val_00032995_n02106662,4,3,0.008832150138914585,0.17279005547364554,0.5281836986541748,0.0313929927845796,0.026111156369249027
15000,H8-V,235,n02106662/ILSVRC2012_val_00032995_n02106662,7,3,0.008453940972685814,0.1649425576130549,0.5001282890637716,0.029949480046828587,0.02494819772740205
15000,H8-V,235,n02106662/ILSVRC2012_val_00032995_n02106662,13,3,0.008098469426234564,0.1548873335123062,0.47450382510821026,0.028332241500417393,0.02358720265328884
15000,H8-V,235,n02106662/ILSVRC2012_val_00032995_n02106662,19,3,0.008006137485305468,0.1508412559827169,0.46741436918576557,0.027764407296975453,0.023090263207753498
15000,H8-V,236,n02107142/ILSVRC2012_val_00037089_n02107142,1,3,0.01509196994205316,0.21243232985337576,0.8252243399620056,0.04458744699756304,0.03633520379662514
15000,H8-V,236,n02107142/ILSVRC2012_val_00037089_n02107142,4,3,0.011711250059306622,0.15117462972799936,0.7045629421869913,0.033874341597159706,0.026828712473313015
15000,H8-V,236,n02107142/ILSVRC2012_val_00037089_n02107142,7,3,0.011121896716455618,0.14488751192887625,0.6717888116836548,0.03232853611310323,0.02561064747472604
15000,H8-V,236,n02107142/ILSVRC2012_val_00037089_n02107142,13,3,0.010594308686753115,0.1383556922276815,0.6411383350690206,0.03084126114845276,0.02442987821996212
15000,H8-V,236,n02107142/ILSVRC2012_val_00037089_n02107142,19,3,0.010462588320175806,0.13620297610759735,0.632079561551412,0.030403681720296543,0.024082886055111885
15000,H8-V,237,n02107312/ILSVRC2012_val_00016577_n02107312,1,3,0.013218565533558527,0.2625575512647629,0.9682790040969849,0.049157114078601204,0.03947432339191437
15000,H8-V,237,n02107312/ILSVRC2012_val_00016577_n02107312,4,3,0.007261572716136773,0.1274383788307508,0.7779094576835632,0.02778450461725394,0.02000541053712368
15000,H8-V,237,n02107312/ILSVRC2012_val_00016577_n02107312,7,3,0.006762146484106779,0.1218000054359436,0.7465658783912659,0.026407805581887562,0.01894214687248071
15000,H8-V,237,n02107312/ILSVRC2012_val_00016577_n02107312,13,3,0.006290961367388566,0.11639933288097382,0.7162537376085917,0.025093432515859604,0.01793089509010315
15000,H8-V,237,n02107312/ILSVRC2012_val_00016577_n02107312,19,3,0.006152637458095948,0.11463516702254613,0.7071441809336344,0.024687595665454865,0.01761615400513013
15000,H8-V,238,n02107574/ILSVRC2012_val_00018178_n02107574,1,3,0.008078353789945444,0.14775786300500235,0.5914193590482076,0.028768333916862805,0.022854140028357506
15000,H8-V,238,n02107574/ILSVRC2012_val_00018178_n02107574,4,3,0.004513784466932218,0.08770351111888885,0.47679515679677326,0.018052086234092712,0.013284135609865189
15000,H8-V,238,n02107574/ILSVRC2012_val_00018178_n02107574,7,3,0.0041750050149858,0.0823574885725975,0.4491193691889445,0.016901947557926178,0.012410753717025122
15000,H8-V,238,n02107574/ILSVRC2012_val_00018178_n02107574,13,3,0.003853833225245277,0.07776395479838054,0.42368844151496887,0.01586711344619592,0.011630229031046232
15000,H8-V,238,n02107574/ILSVRC2012_val_00018178_n02107574,19,3,0.003753024541462461,0.07677245636781056,0.4164503514766693,0.015594773304959139,0.01143027034898599
15000,H8-V,239,n02107683/ILSVRC2012_val_00005175_n02107683,1,3,0.006900114938616753,0.15867115557193756,0.5526501735051473,0.028293732553720474,0.02276723086833954
15000,H8-V,239,n02107683/ILSVRC2012_val_00005175_n02107683,4,3,0.003177143710975846,0.08135530352592468,0.4464284082253774,0.01577695831656456,0.0113126744205753
15000,H8-V,239,n02107683/ILSVRC2012_val_00005175_n02107683,7,3,0.0028994664705048003,0.07621885587771733,0.41788522402445477,0.014700204133987427,0.010521352291107178
15000,H8-V,239,n02107683/ILSVRC2012_val_00005175_n02107683,13,3,0.0026419179824491343,0.07158962885538737,0.3941636383533478,0.013742516748607159,0.009800880836943785
15000,H8-V,239,n02107683/ILSVRC2012_val_00005175_n02107683,19,3,0.0025954080435136953,0.07222107301155727,0.3894337515036265,0.013711852952837944,0.00981751549988985
15000,H8-V,240,n02107908/ILSVRC2012_val_00040952_n02107908,1,3,0.013131658546626568,0.226426030198733,0.8196983734766642,0.04397124424576759,0.03577426200111707
15000,H8-V,240,n02107908/ILSVRC2012_val_00040952_n02107908,4,3,0.009381309151649475,0.13719742993513742,0.6701672871907552,0.029802725960810978,0.02310105289022128
15000,H8-V,240,n02107908/ILSVRC2012_val_00040952_n02107908,7,3,0.008894548751413822,0.1325882375240326,0.639267086982727,0.02854604460299015,0.022153373807668686
15000,H8-V,240,n02107908/ILSVRC2012_val_00040952_n02107908,13,3,0.008459560573101044,0.12675049901008606,0.6097373167673746,0.027231982598702114,0.021134609977404278
15000,H8-V,240,n02107908/ILSVRC2012_val_00040952_n02107908,19,3,0.008341079577803612,0.12637620170911154,0.6008381048838297,0.026987080772717793,0.02097870036959648
15000,H8-V,241,n02108000/ILSVRC2012_val_00037858_n02108000,1,3,0.020226243883371353,0.2806695302327474,1.2809805075327556,0.061103002478679024,0.04829319814840952
15000,H8-V,241,n02108000/ILSVRC2012_val_00037858_n02108000,4,3,0.008559252756337324,0.1425313005844752,1.0621078411738079,0.033433460940917335,0.022812383249402046
15000,H8-V,241,n02108000/ILSVRC2012_val_00037858_n02108000,7,3,0.007855793616424004,0.13596430917580923,1.0225016276041667,0.031677241126696266,0.021452223882079124
15000,H8-V,241,n02108000/ILSVRC2012_val_00037858_n02108000,13,3,0.00716749004398783,0.12835351129372916,0.9803868532180786,0.02980670953790347,0.020002841328581173
15000,H8-V,241,n02108000/ILSVRC2012_val_00037858_n02108000,19,3,0.006932573858648539,0.12567796558141708,0.9641549785931905,0.029141920308272045,0.01950037106871605
15000,H8-V,242,n02108089/ILSVRC2012_val_00013856_n02108089,1,3,0.010975699250896772,0.21909280121326447,0.8410223722457886,0.04129520306984583,0.032884979620575905
15000,H8-V,242,n02108089/ILSVRC2012_val_00013856_n02108089,4,3,0.0075973171430329485,0.14813066522280374,0.7319744427998861,0.029730127503474552,0.022410383448004723
15000,H8-V,242,n02108089/ILSVRC2012_val_00013856_n02108089,7,3,0.00701029800499479,0.1429804563522339,0.6979488929112753,0.028287832935651142,0.02130834385752678
15000,H8-V,242,n02108089/ILSVRC2012_val_00013856_n02108089,13,3,0.006513663412382205,0.13793460031350455,0.6658486127853394,0.026965609441200893,0.02030712366104126
15000,H8-V,242,n02108089/ILSVRC2012_val_00013856_n02108089,19,3,0.006382243242114782,0.13667608300844827,0.65645698706309,0.02661442073682944,0.02004985138773918
15000,H8-V,243,n02108422/ILSVRC2012_val_00026273_n02108422,1,3,0.010585753247141838,0.1798577457666397,0.7627124985059103,0.036198653280735016,0.02857152869304021
15000,H8-V,243,n02108422/ILSVRC2012_val_00026273_n02108422,4,3,0.007775417839487393,0.12708706657091776,0.6627211173375448,0.027111335347096126,0.020484124620755512
15000,H8-V,243,n02108422/ILSVRC2012_val_00026273_n02108422,7,3,0.0071814460679888725,0.12204467008511226,0.6315082907676697,0.025700995698571205,0.019385913386940956
15000,H8-V,243,n02108422/ILSVRC2012_val_00026273_n02108422,13,3,0.006657797532776992,0.11393193155527115,0.6020851929982504,0.024071843052903812,0.018050990998744965
15000,H8-V,243,n02108422/ILSVRC2012_val_00026273_n02108422,19,3,0.006527690837780635,0.11143358796834946,0.5936966935793558,0.023608015850186348,0.01767104926208655
15000,H8-V,244,n02108551/ILSVRC2012_val_00016579_n02108551,1,3,0.007883579780658087,0.20912090937296549,0.6737877329190572,0.03553354740142822,0.028795670717954636
15000,H8-V,244,n02108551/ILSVRC2012_val_00016579_n02108551,4,3,0.0037459238277127347,0.11553154389063518,0.539039413134257,0.02068947193523248,0.015299078387518724
15000,H8-V,244,n02108551/ILSVRC2012_val_00016579_n02108551,7,3,0.003479210970302423,0.10945372531811397,0.5094642241795858,0.019519224762916565,0.014424583253761133
15000,H8-V,244,n02108551/ILSVRC2012_val_00016579_n02108551,13,3,0.0032366778080662093,0.10280710955460866,0.4828708966573079,0.01834609794119994,0.013517389073967934
15000,H8-V,244,n02108551/ILSVRC2012_val_00016579_n02108551,19,3,0.0031828949383149543,0.1012241542339325,0.47563745578130084,0.018061685065428417,0.013305310780803362
15000,H8-V,245,n02108915/ILSVRC2012_val_00018792_n02108915,1,3,0.004937471666683753,0.13441482186317444,0.5695070823033651,0.024074024831255276,0.018378954380750656
15000,H8-V,245,n02108915/ILSVRC2012_val_00018792_n02108915,4,3,0.002960527470956246,0.08660409351189931,0.47631292541821796,0.01638406639297803,0.011620937225719294
15000,H8-V,245,n02108915/ILSVRC2012_val_00018792_n02108915,7,3,0.0026681107313682637,0.07995848606030147,0.4460169275601705,0.015124129131436348,0.01066395981858174
15000,H8-V,245,n02108915/ILSVRC2012_val_00018792_n02108915,13,3,0.002413060205678145,0.07235301782687505,0.41961653033892315,0.013844527925054232,0.009648362485071024
15000,H8-V,245,n02108915/ILSVRC2012_val_00018792_n02108915,19,3,0.002351735718548298,0.0702442725499471,0.4138202667236328,0.013514365690449873,0.009376162973543009
15000,H8-V,246,n02109047/ILSVRC2012_val_00036231_n02109047,1,3,0.006864210590720177,0.1782089670499166,0.6028728286425272,0.03071383573114872,0.02468510779241721
15000,H8-V,246,n02109047/ILSVRC2012_val_00036231_n02109047,4,3,0.003985946765169501,0.1265322963396708,0.5006761848926544,0.021645937735835712,0.016639176135261852
15000,H8-V,246,n02109047/ILSVRC2012_val_00036231_n02109047,7,3,0.00372363223383824,0.12131428718566895,0.473345806201299,0.020588519051671028,0.01585506120075782
15000,H8-V,246,n02109047/ILSVRC2012_val_00036231_n02109047,13,3,0.0034418560098856688,0.114341306189696,0.44964827100435895,0.019372469435135525,0.014875986613333225
15000,H8-V,246,n02109047/ILSVRC2012_val_00036231_n02109047,19,3,0.003388249004880587,0.11095495025316875,0.4442324737707774,0.018926067898670833,0.014483744278550148
15000,H8-V,247,n02109525/ILSVRC2012_val_00048400_n02109525,1,3,0.019803574308753014,0.3137501577536265,0.9031555453936259,0.060210143526395164,0.05117858946323395
15000,H8-V,247,n02109525/ILSVRC2012_val_00048400_n02109525,4,3,0.013838328110675016,0.18677784005800882,0.725353995958964,0.0397696519891421,0.03251611193021139
15000,H8-V,247,n02109525/ILSVRC2012_val_00048400_n02109525,7,3,0.01321025968839725,0.17827929059664407,0.692182183265686,0.03796001151204109,0.031038188685973484
15000,H8-V,247,n02109525/ILSVRC2012_val_00048400_n02109525,13,3,0.01273042211929957,0.1711157262325287,0.661408265431722,0.036456077049175896,0.029841994245847065
15000,H8-V,247,n02109525/ILSVRC2012_val_00048400_n02109525,19,3,0.012634311492244402,0.16812637448310852,0.6531055370966593,0.03597800433635712,0.02944694956143697
15000,H8-V,248,n02109961/ILSVRC2012_val_00002066_n02109961,1,3,0.009768273836622635,0.24373392264048258,0.6650342543919882,0.04079200762013594,0.03414166594545046
15000,H8-V,248,n02109961/ILSVRC2012_val_00002066_n02109961,4,3,0.003564319262901942,0.11184367537498474,0.49504854281743366,0.0196991724272569,0.01474868692457676
15000,H8-V,248,n02109961/ILSVRC2012_val_00002066_n02109961,7,3,0.0032474373001605272,0.10514684518178304,0.4652278621991475,0.01841440051794052,0.013762122020125389
15000,H8-V,248,n02109961/ILSVRC2012_val_00002066_n02109961,13,3,0.002947503545631965,0.09834080934524536,0.4381589690844218,0.017163173605998356,0.01278158463537693
15000,H8-V,248,n02109961/ILSVRC2012_val_00002066_n02109961,19,3,0.0028583971628298364,0.09621066351731618,0.4310891926288605,0.01679035524527232,0.012479463592171669
15000,H8-V,249,n02110063/ILSVRC2012_val_00019342_n02110063,1,3,0.00747173357134064,0.20343403021494547,0.5841776529947916,0.033656914408008255,0.027815137679378193
15000,H8-V,249,n02110063/ILSVRC2012_val_00019342_n02110063,4,3,0.0045491354539990425,0.13542168339093527,0.4740199347337087,0.02283150392274062,0.018091304848591488
15000,H8-V,249,n02110063/ILSVRC2012_val_00019342_n02110063,7,3,0.00428882148116827,0.128152996301651,0.447256475687027,0.021576686451832455,0.017104121545950573
15000,H8-V,249,n02110063/ILSVRC2012_val_00019342_n02110063,13,3,0.004034637783964475,0.12026595324277878,0.42415936787923175,0.020302826538681984,0.01606123335659504
15000,H8-V,249,n02110063/ILSVRC2012_val_00019342_n02110063,19,3,0.003950292710214853,0.116852305829525,0.41906357804934186,0.01982615888118744,0.015635523324211437
15000,H8-V,250,n02110185/ILSVRC2012_val_00048830_n02110185,1,3,0.008479786105453968,0.20721912880738577,0.5792240103085836,0.03499394034345945,0.029201700041691463
15000,H8-V,250,n02110185/ILSVRC2012_val_00048830_n02110185,4,3,0.005588583027323087,0.14595588048299155,0.4721841017405192,0.024906012540062267,0.020184171075622242
15000,H8-V,250,n02110185/ILSVRC2012_val_00048830_n02110185,7,3,0.005224404080460469,0.137736847003301,0.44440531730651855,0.0234421423325936,0.018998088936010998
15000,H8-V,250,n02110185/ILSVRC2012_val_00048830_n02110185,13,3,0.004918169075002273,0.12769526739915213,0.41979048649470013,0.021885601182778675,0.017687696342666943
15000,H8-V,250,n02110185/ILSVRC2012_val_00048830_n02110185,19,3,0.004830782301723957,0.12477399160464604,0.41319281856218976,0.021440111100673676,0.017308182393511135
15000,H8-V,251,n02110341/ILSVRC2012_val_00020015_n02110341,1,3,0.011605926789343357,0.18960540493329367,0.5004060467084249,0.03557052711645762,0.030566467593113582
15000,H8-V,251,n02110341/ILSVRC2012_val_00020015_n02110341,4,3,0.009392570393780867,0.14798501133918762,0.40366069475809735,0.028227678189675014,0.0241910715897878
15000,H8-V,251,n02110341/ILSVRC2012_val_00020015_n02110341,7,3,0.009063635642329851,0.1449685643116633,0.3786847194035848,0.027347340558966,0.023560492942730587
15000,H8-V,251,n02110341/ILSVRC2012_val_00020015_n02110341,13,3,0.008764737285673618,0.1422200252612432,0.3584578235944112,0.02657131850719452,0.02298674111564954
15000,H8-V,251,n02110341/ILSVRC2012_val_00020015_n02110341,19,3,0.00866333736727635,0.14053212106227875,0.35481534401575726,0.026264702901244164,0.022716549535592396
15000,H8-V,252,n02110627/ILSVRC2012_val_00014374_n02110627,1,3,0.006358807751288016,0.2142924020687739,0.6920831799507141,0.03470887988805771,0.02778804861009121
15000,H8-V,252,n02110627/ILSVRC2012_val_00014374_n02110627,4,3,0.003334794503947099,0.12966123720010123,0.5537174940109253,0.021838093176484108,0.01630091791351636
15000,H8-V,252,n02110627/ILSVRC2012_val_00014374_n02110627,7,3,0.0031254802209635577,0.12396396448214848,0.5244471629460653,0.02076634888847669,0.015521876824398836
15000,H8-V,252,n02110627/ILSVRC2012_val_00014374_n02110627,13,3,0.0029455768720557294,0.11906529466311137,0.49764037132263184,0.0198285107811292,0.014852106881638369
15000,H8-V,252,n02110627/ILSVRC2012_val_00014374_n02110627,19,3,0.002909461036324501,0.11786772559086482,0.49090516567230225,0.019605285798509915,0.0146962342162927
15000,H8-V,253,n02110806/ILSVRC2012_val_00047019_n02110806,1,3,0.006700002588331699,0.2144596427679062,0.6210905313491821,0.03435687286158403,0.028145967051386833
15000,H8-V,253,n02110806/ILSVRC2012_val_00047019_n02110806,4,3,0.002964302431792021,0.11883125454187393,0.49040382107098895,0.01975146618982156,0.0148474279170235
15000,H8-V,253,n02110806/ILSVRC2012_val_00047019_n02110806,7,3,0.0026842360384762287,0.10945482800404231,0.4604797164599101,0.01823451618353526,0.013629719304541746
15000,H8-V,253,n02110806/ILSVRC2012_val_00047019_n02110806,13,3,0.0024777271319180727,0.09950885425011317,0.43452464540799457,0.016773859038949013,0.012428613069156805
15000,H8-V,253,n02110806/ILSVRC2012_val_00047019_n02110806,19,3,0.0024634390914191804,0.0954354281226794,0.42835869391759235,0.016290569057067234,0.01200698254009088
15000,H8-V,254,n02110958/ILSVRC2012_val_00047017_n02110958,1,3,0.012244715976218382,0.19905973970890045,0.7429805795351664,0.039580496648947396,0.03215069075425466
15000,H8-V,254,n02110958/ILSVRC2012_val_00047017_n02110958,4,3,0.007621950004249811,0.11301218718290329,0.6221603353818258,0.02514477198322614,0.018923168381055195
15000,H8-V,254,n02110958/ILSVRC2012_val_00047017_n02110958,7,3,0.007139378227293491,0.10838850835959117,0.5909219185511271,0.023887448633710544,0.017978229249517124
15000,H8-V,254,n02110958/ILSVRC2012_val_00047017_n02110958,13,3,0.006707183551043272,0.10361897945404053,0.5607746839523315,0.022676828627785046,0.01706908146540324
15000,H8-V,254,n02110958/ILSVRC2012_val_00047017_n02110958,19,3,0.006564155376205842,0.10184503595034282,0.5508372584978739,0.022257031872868538,0.016748659312725067
15000,H8-V,255,n02111129/ILSVRC2012_val_00021370_n02111129,1,3,0.00998444544772307,0.14698333044846854,0.508005827665329,0.029762835552295048,0.024682778244217236
15000,H8-V,255,n02111129/ILSVRC2012_val_00021370_n02111129,4,3,0.005014254245907068,0.08212367196877797,0.3815147479375203,0.01704176887869835,0.013226622094710669
15000,H8-V,255,n02111129/ILSVRC2012_val_00021370_n02111129,7,3,0.004683402832597494,0.07788561284542084,0.3546905716260274,0.016018870597084362,0.012471964582800865
15000,H8-V,255,n02111129/ILSVRC2012_val_00021370_n02111129,13,3,0.004406394281735023,0.0738243783513705,0.33236958583196,0.015112527956565222,0.011788832023739815
15000,H8-V,255,n02111129/ILSVRC2012_val_00021370_n02111129,19,3,0.004326581334074338,0.07225415855646133,0.3275056481361389,0.014827053993940353,0.011551997313896814
15000,H8-V,256,n02111277/ILSVRC2012_val_00023569_n02111277,1,3,0.012566698715090752,0.29752206802368164,0.6877872347831726,0.049196778486172356,0.04231890539328257
15000,H8-V,256,n02111277/ILSVRC2012_val_00023569_n02111277,4,3,0.0068038095099230604,0.12632107734680176,0.4934541384379069,0.024370459218819935,0.01943591795861721
15000,H8-V,256,n02111277/ILSVRC2012_val_00023569_n02111277,7,3,0.006469367382427056,0.12110725790262222,0.46525754531224567,0.02323266863822937,0.018580093358953793
15000,H8-V,256,n02111277/ILSVRC2012_val_00023569_n02111277,13,3,0.006120499533911546,0.11515228698650996,0.4395933747291565,0.02203166236480077,0.0176357285430034
15000,H8-V,256,n02111277/ILSVRC2012_val_00023569_n02111277,19,3,0.005992675044884284,0.11217128733793895,0.43262221415837604,0.021536026770869892,0.01720980430642764
15000,H8-V,257,n02111500/ILSVRC2012_val_00037456_n02111500,1,3,0.005593511431167523,0.12063564608494441,0.4458349843819936,0.022115426138043404,0.017657076319058735
15000,H8-V,257,n02111500/ILSVRC2012_val_00037456_n02111500,4,3,0.0032856580801308155,0.07617810865243275,0.35039674242337543,0.01440743605295817,0.010903468976418177
15000,H8-V,257,n02111500/ILSVRC2012_val_00037456_n02111500,7,3,0.0030947493699689708,0.07244490832090378,0.32518718640009564,0.013591112258533636,0.010339240543544292
15000,H8-V,257,n02111500/ILSVRC2012_val_00037456_n02111500,13,3,0.002908572476978103,0.06892722845077515,0.3052114148934682,0.01285340947409471,0.009801295275489489
15000,H8-V,257,n02111500/ILSVRC2012_val_00037456_n02111500,19,3,0.0028546010920157037,0.0684220294157664,0.30243709683418274,0.012721175017456213,0.009696803987026215
15000,H8-V,258,n02111889/ILSVRC2012_val_00023884_n02111889,1,3,0.003857405468200644,0.16152519484361014,0.5533265074094137,0.02554318991800149,0.0200099249680837
15000,H8-V,258,n02111889/ILSVRC2012_val_00023884_n02111889,4,3,0.001733116068256398,0.09024355312188466,0.42936911185582477,0.01505116249124209,0.010757471434772015
15000,H8-V,258,n02111889/ILSVRC2012_val_00023884_n02111889,7,3,0.0015794523448372881,0.08472712337970734,0.40077592929204303,0.014059923589229584,0.010052164706091085
15000,H8-V,258,n02111889/ILSVRC2012_val_00023884_n02111889,13,3,0.0014375244888166587,0.08028765022754669,0.37553538878758747,0.013221644175549349,0.00946629016349713
15000,H8-V,258,n02111889/ILSVRC2012_val_00023884_n02111889,19,3,0.0013987922963375847,0.07896672934293747,0.36887762943903607,0.012984241358935833,0.00929546511421601
15000,H8-V,259,n02112018/ILSVRC2012_val_00020488_n02112018,1,3,0.01037997535119454,0.1533773491779963,0.42165375749270123,0.029934247955679893,0.025717710455258686
15000,H8-V,259,n02112018/ILSVRC2012_val_00020488_n02112018,4,3,0.008130812707046667,0.1057216003537178,0.3475847740968068,0.022178821886579197,0.018702973922093708
15000,H8-V,259,n02112018/ILSVRC2012_val_00020488_n02112018,7,3,0.007850691055258116,0.10351880391438802,0.3243540624777476,0.021446112543344498,0.018202571819225948
15000,H8-V,259,n02112018/ILSVRC2012_val_00020488_n02112018,13,3,0.007601415738463402,0.10216585050026576,0.30738499760627747,0.020891850193341572,0.01781800016760826
15000,H8-V,259,n02112018/ILSVRC2012_val_00020488_n02112018,19,3,0.007546326611191034,0.10277413576841354,0.3061390419801076,0.020885130390524864,0.017823740219076473
15000,H8-V,260,n02112137/ILSVRC2012_val_00006537_n02112137,1,3,0.006964600489785274,0.21223421891530356,0.7444860935211182,0.035632883509000145,0.0281880230953296
15000,H8-V,260,n02112137/ILSVRC2012_val_00006537_n02112137,4,3,0.004129355618109305,0.12092537184556325,0.5925286412239075,0.02214717927078406,0.01622189333041509
15000,H8-V,260,n02112137/ILSVRC2012_val_00006537_n02112137,7,3,0.0038206910248845816,0.11448713640371959,0.5628359516461691,0.020897764712572098,0.015269404898087183
15000,H8-V,260,n02112137/ILSVRC2012_val_00006537_n02112137,13,3,0.0035598895822962127,0.10840151458978653,0.5360469619433085,0.01976051057378451,0.014400041662156582
15000,H8-V,260,n02112137/ILSVRC2012_val_00006537_n02112137,19,3,0.0035133533334980407,0.10632324715455373,0.5287587841351827,0.019433266793688137,0.014145678530136744
15000,H8-V,261,n02112350/ILSVRC2012_val_00018521_n02112350,1,3,0.005860344817241033,0.17312845587730408,0.5175751745700836,0.02834894259770711,0.02317319003244241
15000,H8-V,261,n02112350/ILSVRC2012_val_00018521_n02112350,4,3,0.0036629148138066134,0.1238979622721672,0.4268605709075928,0.0203213170170784,0.016052710823714733
15000,H8-V,261,n02112350/ILSVRC2012_val_00018521_n02112350,7,3,0.0034090411694099507,0.11911160250504811,0.3990485370159149,0.019310686737298965,0.015320201714833578
15000,H8-V,261,n02112350/ILSVRC2012_val_00018521_n02112350,13,3,0.00317578436806798,0.11208063612381618,0.3755050301551819,0.018138897915681202,0.014383847825229168
15000,H8-V,261,n02112350/ILSVRC2012_val_00018521_n02112350,19,3,0.003107528124625484,0.11068347593148549,0.37069090207417804,0.017882784828543663,0.014175876043736935
15000,H8-V,262,n02112706/ILSVRC2012_val_00039060_n02112706,1,3,0.012464357540011406,0.23834397892157236,0.6275514960289001,0.042574270317951836,0.03629875493546327
15000,H8-V,262,n02112706/ILSVRC2012_val_00039060_n02112706,4,3,0.007798630278557539,0.133241797486941,0.4964299698670705,0.026087109620372455,0.0211228101203839
15000,H8-V,262,n02112706/ILSVRC2012_val_00039060_n02112706,7,3,0.007361724351843198,0.1274439146121343,0.467381884654363,0.024779935056964558,0.020106115688880283
15000,H8-V,262,n02112706/ILSVRC2012_val_00039060_n02112706,13,3,0.006942855815092723,0.1209063654144605,0.4423095981280009,0.0234565877666076,0.01903349223236243
15000,H8-V,262,n02112706/ILSVRC2012_val_00039060_n02112706,19,3,0.006832768364499013,0.11951325833797455,0.43640583753585815,0.023148151735464733,0.018784093980987866
15000,H8-V,263,n02113023/ILSVRC2012_val_00007634_n02113023,1,3,0.008981214215358099,0.1700000762939453,0.604968249797821,0.03203090404470762,0.025981222589810688
15000,H8-V,263,n02113023/ILSVRC2012_val_00007634_n02113023,4,3,0.004740205127745867,0.12368098398049672,0.5080737074216207,0.022189040357867878,0.01710830380519231
15000,H8-V,263,n02113023/ILSVRC2012_val_00007634_n02113023,7,3,0.004294847138226032,0.11827416469653447,0.47937731941541034,0.020916036640604336,0.01612226354579131
15000,H8-V,263,n02113023/ILSVRC2012_val_00007634_n02113023,13,3,0.0037619459132353463,0.10949968298276265,0.4534952441851298,0.019246866926550865,0.0147119148944815
15000,H8-V,263,n02113023/ILSVRC2012_val_00007634_n02113023,19,3,0.0035212764826913676,0.10494019587834676,0.4463374118010203,0.018478669847051304,0.0140152961636583
15000,H8-V,264,n02113186/ILSVRC2012_val_00031206_n02113186,1,3,0.016713930914799374,0.2399319609006246,0.6528886556625366,0.04723601291577021,0.04070712625980377
15000,H8-V,264,n02113186/ILSVRC2012_val_00031206_n02113186,4,3,0.012479765651126703,0.13768457372983298,0.5065351327260336,0.031313574562470116,0.0262482234587272
15000,H8-V,264,n02113186/ILSVRC2012_val_00031206_n02113186,7,3,0.012136428927381834,0.1329810917377472,0.4791921377182007,0.030226459726691246,0.02543453872203827
15000,H8-V,264,n02113186/ILSVRC2012_val_00031206_n02113186,13,3,0.011828919872641563,0.12624002248048782,0.4556743999322255,0.029009666293859482,0.024452922244866688
15000,H8-V,264,n02113186/ILSVRC2012_val_00031206_n02113186,19,3,0.011748726479709148,0.12214713295300801,0.45046035448710126,0.028468043853839237,0.02396344020962715
15000,H8-V,265,n02113624/ILSVRC2012_val_00044258_n02113624,1,3,0.008148241012046734,0.15691880881786346,0.32069910566012066,0.027047112584114075,0.023840122545758884
15000,H8-V,265,n02113624/ILSVRC2012_val_00044258_n02113624,4,3,0.004257713754971822,0.0656226413945357,0.214258074760437,0.012962558306753635,0.010819977770249048
15000,H8-V,265,n02113624/ILSVRC2012_val_00044258_n02113624,7,3,0.004118495931228002,0.0626586526632309,0.1922752410173416,0.012307113657395044,0.010384361259639263
15000,H8-V,265,n02113624/ILSVRC2012_val_00044258_n02113624,13,3,0.003981718172629674,0.06063393006722132,0.1779402792453766,0.011824514095981916,0.010045111179351807
15000,H8-V,265,n02113624/ILSVRC2012_val_00044258_n02113624,19,3,0.003947991877794266,0.059990989665190377,0.17900756001472473,0.011737166593472162,0.009947090720136961
15000,H8-V,266,n02113712/ILSVRC2012_val_00031415_n02113712,1,3,0.005016894234965245,0.16527508199214935,0.5111253261566162,0.026655655975143116,0.021544403086105984
15000,H8-V,266,n02113712/ILSVRC2012_val_00031415_n02113712,4,3,0.0019383449495459597,0.09773367643356323,0.3970673382282257,0.0156823859239618,0.011711712616185347
15000,H8-V,266,n02113712/ILSVRC2012_val_00031415_n02113712,7,3,0.001742785214446485,0.09270883599917094,0.3701617916425069,0.014715286903083324,0.011013668961822987
15000,H8-V,266,n02113712/ILSVRC2012_val_00031415_n02113712,13,3,0.001525719145623346,0.08733897407849629,0.34740660587946576,0.013733682843546072,0.010259616809586683
15000,H8-V,266,n02113712/ILSVRC2012_val_00031415_n02113712,19,3,0.0014370746600131195,0.08496551960706711,0.34231771032015484,0.01335680422683557,0.009933626900116602
15000,H8-V,267,n02113799/ILSVRC2012_val_00009523_n02113799,1,3,0.008240179158747196,0.16032982369263968,0.6011091470718384,0.030284252638618153,0.024273161465922993
15000,H8-V,267,n02113799/ILSVRC2012_val_00009523_n02113799,4,3,0.004635609220713377,0.09363234788179398,0.5005646646022797,0.019004490226507187,0.013998844350377718
15000,H8-V,267,n02113799/ILSVRC2012_val_00009523_n02113799,7,3,0.004357499536126852,0.08810174465179443,0.4728718400001526,0.017896392693122227,0.013167674032350382
15000,H8-V,267,n02113799/ILSVRC2012_val_00009523_n02113799,13,3,0.004087871716668208,0.08127229660749435,0.44733309745788574,0.01668843316535155,0.012215101470549902
15000,H8-V,267,n02113799/ILSVRC2012_val_00009523_n02113799,19,3,0.003997196288158496,0.07836385319630305,0.4393364091714223,0.016226946065823238,0.01183358176300923
15000,H8-V,268,n02113978/ILSVRC2012_val_00030255_n02113978,1,3,0.017813280845681827,0.19147530694802603,0.7358622749646505,0.0443194347123305,0.036960811664660774
15000,H8-V,268,n02113978/ILSVRC2012_val_00030255_n02113978,4,3,0.009095294401049614,0.08942692975203197,0.5864210923512777,0.023902198920647304,0.018037987872958183
15000,H8-V,268,n02113978/ILSVRC2012_val_00030255_n02113978,7,3,0.008463545081516108,0.08469413469235103,0.5550612409909567,0.022483571122090023,0.016932958737015724
15000,H8-V,268,n02113978/ILSVRC2012_val_00030255_n02113978,13,3,0.007907918033500513,0.07990666478872299,0.5256991585095724,0.021155576532085735,0.015898584698637325
15000,H8-V,268,n02113978/ILSVRC2012_val_00030255_n02113978,19,3,0.0077668447047472,0.07793284704287846,0.5173221429189047,0.02073335088789463,0.015560129346946875
15000,H8-V,269,n02114367/ILSVRC2012_val_00043363_n02114367,1,3,0.02368161641061306,0.24727652966976166,1.3416197299957275,0.061825466652711235,0.048409268260002136
15000,H8-V,269,n02114367/ILSVRC2012_val_00043363_n02114367,4,3,0.019655377914508183,0.19584524631500244,1.1712092955907185,0.05095199619730314,0.03923990329106649
15000,H8-V,269,n02114367/ILSVRC2012_val_00043363_n02114367,7,3,0.018736184885104496,0.1889919936656952,1.1307544310887654,0.048942928512891136,0.03763538474837939
15000,H8-V,269,n02114367/ILSVRC2012_val_00043363_n02114367,13,3,0.017876132080952328,0.18488234281539917,1.0897166728973389,0.04726153239607811,0.03636436661084493
15000,H8-V,269,n02114367/ILSVRC2012_val_00043363_n02114367,19,3,0.01766738233466943,0.18403171499570212,1.0758803685506184,0.04682936022679011,0.036070555448532104
15000,H8-V,270,n02114548/ILSVRC2012_val_00048997_n02114548,1,3,0.007493552130957444,0.19458395739396414,0.5620928804079691,0.032572876662015915,0.026951948180794716
15000,H8-V,270,n02114548/ILSVRC2012_val_00048997_n02114548,4,3,0.004950317088514566,0.13255744675795236,0.4509139657020569,0.022715202222267788,0.018206062416235607
15000,H8-V,270,n02114548/ILSVRC2012_val_00048997_n02114548,7,3,0.004656253227343162,0.1275830864906311,0.42208048701286316,0.02163536660373211,0.017414561783274014
15000,H8-V,270,n02114548/ILSVRC2012_val_00048997_n02114548,13,3,0.004378696127484242,0.12104164063930511,0.39558411637942,0.020438700914382935,0.01648285984992981
15000,H8-V,270,n02114548/ILSVRC2012_val_00048997_n02114548,19,3,0.004276657166580359,0.11780333022276561,0.3876928190390269,0.01993391787012418,0.01605699025094509
15000,H8-V,271,n02114712/ILSVRC2012_val_00018735_n02114712,1,3,0.006694911513477564,0.1745457947254181,0.5941850145657858,0.0300913422058026,0.024149491762121517
15000,H8-V,271,n02114712/ILSVRC2012_val_00018735_n02114712,4,3,0.003861354353527228,0.11149681607882182,0.4717783232529958,0.01972881890833378,0.015011036458114782
15000,H8-V,271,n02114712/ILSVRC2012_val_00018735_n02114712,7,3,0.003528441690529386,0.1041118601957957,0.44330548246701557,0.018372682854533195,0.013939627756675085
15000,H8-V,271,n02114712/ILSVRC2012_val_00018735_n02114712,13,3,0.0031959291081875563,0.09542127698659897,0.41746602455774945,0.016912716751297314,0.012738057101766268
15000,H8-V,271,n02114712/ILSVRC2012_val_00018735_n02114712,19,3,0.00309591779174904,0.0924531618754069,0.4102690517902374,0.016443924978375435,0.012341234212120375
15000,H8-V,272,n02114855/ILSVRC2012_val_00037275_n02114855,1,3,0.006692003613958756,0.20425995190938315,0.8428985277811686,0.03554698576529821,0.027117999891440075
15000,H8-V,272,n02114855/ILSVRC2012_val_00037275_n02114855,4,3,0.005038129165768623,0.15877401332060495,0.7408140500386556,0.028323672090967495,0.020915531863768894
15000,H8-V,272,n02114855/ILSVRC2012_val_00037275_n02114855,7,3,0.004610256602366765,0.15185458958148956,0.7075062990188599,0.026870778451363247,0.019795715808868408
15000,H8-V,272,n02114855/ILSVRC2012_val_00037275_n02114855,13,3,0.004230441525578499,0.1447962373495102,0.6762885649998983,0.02547295143206914,0.018710065633058548
15000,H8-V,272,n02114855/ILSVRC2012_val_00037275_n02114855,19,3,0.004133273692180713,0.14283994833628336,0.6675872206687927,0.025093141322334606,0.018417268991470337
15000,H8-V,273,n02115641/ILSVRC2012_val_00042731_n02115641,1,3,0.015520351938903332,0.17991818487644196,0.8705257177352905,0.04221742848555247,0.0335121713578701
15000,H8-V,273,n02115641/ILSVRC2012_val_00042731_n02115641,4,3,0.011804379212359587,0.13000986476739249,0.7544408241907755,0.032349773993094764,0.024805365751187008
15000,H8-V,273,n02115641/ILSVRC2012_val_00042731_n02115641,7,3,0.011126264308889708,0.12327624609073003,0.7194437185923258,0.030648326501250267,0.023453889414668083
15000,H8-V,273,n02115641/ILSVRC2012_val_00042731_n02115641,13,3,0.01050191434721152,0.11763810614744823,0.6867568691571554,0.02913329377770424,0.022265725458661716
15000,H8-V,273,n02115641/ILSVRC2012_val_00042731_n02115641,19,3,0.010318877485891184,0.11662735044956207,0.6769444346427917,0.028751057262221973,0.021981613089640934
15000,H8-V,274,n02115913/ILSVRC2012_val_00023202_n02115913,1,3,0.011247468180954456,0.26161301632722217,0.8568333983421326,0.04597710445523262,0.03740877037247022
15000,H8-V,274,n02115913/ILSVRC2012_val_00023202_n02115913,4,3,0.008101952883104483,0.15923993786176047,0.6876026590665182,0.030901974067091942,0.02402594747642676
15000,H8-V,274,n02115913/ILSVRC2012_val_00023202_n02115913,7,3,0.007706934120506048,0.15427595376968384,0.6562833388646444,0.029697362954417866,0.023134528969724972
15000,H8-V,274,n02115913/ILSVRC2012_val_00023202_n02115913,13,3,0.007387607047955195,0.15041592717170715,0.6283051172892252,0.028712250913182896,0.022429199889302254
15000,H8-V,274,n02115913/ILSVRC2012_val_00023202_n02115913,19,3,0.007324990971634786,0.14889636635780334,0.6206236282984415,0.028420864293972652,0.022214628135164578
15000,H8-V,275,n02116738/ILSVRC2012_val_00044707_n02116738,1,3,0.010179347669084867,0.20101437966028848,0.6677852471669515,0.036958638578653336,0.030280786876877148
15000,H8-V,275,n02116738/ILSVRC2012_val_00044707_n02116738,4,3,0.005154504595945279,0.12735480070114136,0.5333829919497172,0.023223814864953358,0.017889984572927158
15000,H8-V,275,n02116738/ILSVRC2012_val_00044707_n02116738,7,3,0.0047791275816659136,0.12223243713378906,0.5032958189646403,0.022035329913099606,0.017002371450265247
15000,H8-V,275,n02116738/ILSVRC2012_val_00044707_n02116738,13,3,0.004470887904365857,0.11749590188264847,0.4763980805873871,0.020984457805752754,0.016220477720101673
15000,H8-V,275,n02116738/ILSVRC2012_val_00044707_n02116738,19,3,0.004397555409620206,0.11613799631595612,0.4695323904355367,0.020706679051121075,0.016011355444788933
15000,H8-V,276,n02117135/ILSVRC2012_val_00048181_n02117135,1,3,0.012950344011187553,0.19459608693917593,0.6804280479749044,0.03921423231561979,0.032409953574339546
15000,H8-V,276,n02117135/ILSVRC2012_val_00048181_n02117135,4,3,0.009811586079498133,0.1368510772784551,0.5880040923754374,0.02937673528989156,0.023496694241960842
15000,H8-V,276,n02117135/ILSVRC2012_val_00048181_n02117135,7,3,0.009319127847750982,0.13246263563632965,0.5583643317222595,0.028149034827947617,0.02256539153556029
15000,H8-V,276,n02117135/ILSVRC2012_val_00048181_n02117135,13,3,0.008906186558306217,0.12890979647636414,0.5323245525360107,0.02712041201690833,0.021797166516383488
15000,H8-V,276,n02117135/ILSVRC2012_val_00048181_n02117135,19,3,0.008859983334938685,0.12785694499810538,0.5261480212211609,0.02690715839465459,0.02164567820727825
15000,H8-V,277,n02119022/ILSVRC2012_val_00003974_n02119022,1,3,0.007746808075656493,0.13972018659114838,0.5353178381919861,0.027072004973888397,0.021718826765815418
15000,H8-V,277,n02119022/ILSVRC2012_val_00003974_n02119022,4,3,0.003961780884613593,0.09229356795549393,0.4339805543422699,0.017530943577488262,0.013191138083736101
15000,H8-V,277,n02119022/ILSVRC2012_val_00003974_n02119022,7,3,0.0036653027248879275,0.08763118336598079,0.4078776339689891,0.01650719717144966,0.012428421527147293
15000,H8-V,277,n02119022/ILSVRC2012_val_00003974_n02119022,13,3,0.0033751040852318206,0.08222749332586925,0.38515909512837726,0.015449444142480692,0.011597853464384874
15000,H8-V,277,n02119022/ILSVRC2012_val_00003974_n02119022,19,3,0.003272131939108173,0.07918105522791545,0.37994325160980225,0.014989670055607954,0.01119023778786262
15000,H8-V,278,n02119789/ILSVRC2012_val_00009128_n02119789,1,3,0.01672145848472913,0.28588388363520306,0.7032533884048462,0.05234238257010778,0.04530984784166018
15000,H8-V,278,n02119789/ILSVRC2012_val_00009128_n02119789,4,3,0.013405617947379747,0.16157986223697662,0.5550467371940613,0.035114072263240814,0.029563605164488155
15000,H8-V,278,n02119789/ILSVRC2012_val_00009128_n02119789,7,3,0.012984421104192734,0.1580354372660319,0.5273488561312357,0.03406145299474398,0.02878796433409055
15000,H8-V,278,n02119789/ILSVRC2012_val_00009128_n02119789,13,3,0.012615724777181944,0.1528086463610331,0.5028446515401205,0.03292503456274668,0.027896589289108913
15000,H8-V,278,n02119789/ILSVRC2012_val_00009128_n02119789,19,3,0.01254624935487906,0.15143920481204987,0.49652857581774396,0.032655456413825355,0.02769017033278942
15000,H8-V,279,n02120079/ILSVRC2012_val_00011211_n02120079,1,3,0.005724707928796609,0.13829626639684042,0.5025164584318796,0.024579498916864395,0.019554334382216137
15000,H8-V,279,n02120079/ILSVRC2012_val_00011211_n02120079,4,3,0.003269292414188385,0.09016645451386769,0.40844083825747174,0.016370346148808796,0.012285938486456871
15000,H8-V,279,n02120079/ILSVRC2012_val_00011211_n02120079,7,3,0.002988049372409781,0.08540649463733037,0.38237443566322327,0.015352443791925907,0.011528699348370234
15000,H8-V,279,n02120079/ILSVRC2012_val_00011211_n02120079,13,3,0.0027150093422581754,0.07996011525392532,0.3604527513186137,0.014315548973778883,0.010711021410922209
15000,H8-V,279,n02120079/ILSVRC2012_val_00011211_n02120079,19,3,0.0026297916968663535,0.07723423341910045,0.35557496547698975,0.013908964581787586,0.010353215038776398
15000,H8-V,280,n02120505/ILSVRC2012_val_00044748_n02120505,1,3,0.005816260663171609,0.14620924244324365,0.3938954671223958,0.02437614028652509,0.020437185342113178
15000,H8-V,280,n02120505/ILSVRC2012_val_00044748_n02120505,4,3,0.002632374099145333,0.07240396986405055,0.2803317606449127,0.012676088760296503,0.009872770868241787
15000,H8-V,280,n02120505/ILSVRC2012_val_00044748_n02120505,7,3,0.0024499626209338508,0.06829826533794403,0.25553656617800397,0.011835154766837755,0.009279789092640081
15000,H8-V,280,n02120505/ILSVRC2012_val_00044748_n02120505,13,3,0.002300672000274062,0.06518856187661488,0.23872360587120056,0.011206764417390028,0.008819528544942537
15000,H8-V,280,n02120505/ILSVRC2012_val_00044748_n02120505,19,3,0.002285716589540243,0.06477978080511093,0.23860944310824075,0.011149789206683636,0.008763694825271765
15000,H8-V,281,n02123045/ILSVRC2012_val_00016483_n02123045,1,3,0.008235395265122255,0.18682271738847098,0.8763996164004008,0.03568166494369507,0.02691766805946827
15000,H8-V,281,n02123045/ILSVRC2012_val_00016483_n02123045,4,3,0.005991160403937101,0.1530372699101766,0.765661617120107,0.028951503957311314,0.021294887488087017
15000,H8-V,281,n02123045/ILSVRC2012_val_00016483_n02123045,7,3,0.005536075681447983,0.14643646776676178,0.7334067026774088,0.027513790254791577,0.02017972307900588
15000,H8-V,281,n02123045/ILSVRC2012_val_00016483_n02123045,13,3,0.005128131403277318,0.1392447551091512,0.7029421528180441,0.026082028324405353,0.01905260669688384
15000,H8-V,281,n02123045/ILSVRC2012_val_00016483_n02123045,19,3,0.005024065418789784,0.13596021135648093,0.6944236755371094,0.025564323489864666,0.018620086833834648
15000,H8-V,282,n02123159/ILSVRC2012_val_00031361_n02123159,1,3,0.00532946332047383,0.14489402621984482,0.5620640913645426,0.025439507017532986,0.019818866004546482
15000,H8-V,282,n02123159/ILSVRC2012_val_00031361_n02123159,4,3,0.002872535182784001,0.08652527630329132,0.4567518134911855,0.016092580432693165,0.011525062844157219
15000,H8-V,282,n02123159/ILSVRC2012_val_00031361_n02123159,7,3,0.002634241866568724,0.08062728742758433,0.4292229612668355,0.01498920035858949,0.010696970547238985
15000,H8-V,282,n02123159/ILSVRC2012_val_00031361_n02123159,13,3,0.002406407225256165,0.0746219555536906,0.40485721826553345,0.013917175121605396,0.009868602889279524
15000,H8-V,282,n02123159/ILSVRC2012_val_00031361_n02123159,19,3,0.0023256507702171803,0.07158385713895161,0.398146112759908,0.013465497021873793,0.009484036515156427
15000,H8-V,283,n02123394/ILSVRC2012_val_00001040_n02123394,1,3,0.0054976123695572214,0.22607035438219705,0.5799610416094462,0.033904257540901504,0.028104647373159725
15000,H8-V,283,n02123394/ILSVRC2012_val_00001040_n02123394,4,3,0.002340497449040413,0.12127058207988739,0.45394496122996014,0.019007005418340366,0.014467555719117323
15000,H8-V,283,n02123394/ILSVRC2012_val_00001040_n02123394,7,3,0.002174324511239926,0.11224142462015152,0.4268454809983571,0.01766692226131757,0.01339846725265185
15000,H8-V,283,n02123394/ILSVRC2012_val_00001040_n02123394,13,3,0.0020038189832121134,0.10300684471925099,0.4040445188681285,0.016344948361317318,0.012304503470659256
15000,H8-V,283,n02123394/ILSVRC2012_val_00001040_n02123394,19,3,0.0019631055183708668,0.10060424109299977,0.3994691073894501,0.016018221775690716,0.012023530279596647
15000,H8-V,284,n02123597/ILSVRC2012_val_00017325_n02123597,1,3,0.009124638823171457,0.20355472465356192,0.6822747786839803,0.03630285834272703,0.029480111474792164
15000,H8-V,284,n02123597/ILSVRC2012_val_00017325_n02123597,4,3,0.004374204824368159,0.11997730533281963,0.5484824577967325,0.021856759985287983,0.016371935606002808
15000,H8-V,284,n02123597/ILSVRC2012_val_00017325_n02123597,7,3,0.003990840632468462,0.11353219797213872,0.5189597805341085,0.02053365856409073,0.015344060646990934
15000,H8-V,284,n02123597/ILSVRC2012_val_00017325_n02123597,13,3,0.0035986073004702726,0.10649097214142482,0.49257797996203107,0.019173483674724896,0.014247704297304153
15000,H8-V,284,n02123597/ILSVRC2012_val_00017325_n02123597,19,3,0.0034385089141627154,0.10316786418358485,0.48565147320429486,0.018611809859673183,0.013755295425653458
15000,H8-V,285,n02124075/ILSVRC2012_val_00038976_n02124075,1,3,0.008862388941148916,0.21500355005264282,0.7049450476964315,0.03741219515601794,0.030362744505206745
15000,H8-V,285,n02124075/ILSVRC2012_val_00038976_n02124075,4,3,0.004755817664166291,0.11310289055109024,0.5723093748092651,0.021789201224843662,0.01606610727806886
15000,H8-V,285,n02124075/ILSVRC2012_val_00038976_n02124075,7,3,0.0044070629713435965,0.10646360367536545,0.542842169602712,0.02048184536397457,0.015053423742453257
15000,H8-V,285,n02124075/ILSVRC2012_val_00038976_n02124075,13,3,0.0040689255110919476,0.09891790648301442,0.5158891479174296,0.019119607284665108,0.013960716314613819
15000,H8-V,285,n02124075/ILSVRC2012_val_00038976_n02124075,19,3,0.003968089663734038,0.09723842392365138,0.5087984402974447,0.018779917309681576,0.013691932583848635
15000,H8-V,286,n02125311/ILSVRC2012_val_00010823_n02125311,1,3,0.008250267865757147,0.18828284243742624,0.8510897358258566,0.03558944786588351,0.027078551550706226
15000,H8-V,286,n02125311/ILSVRC2012_val_00010823_n02125311,4,3,0.006049030305196841,0.13462538023789725,0.7393055160840353,0.026904623334606487,0.019511568049589794
15000,H8-V,286,n02125311/ILSVRC2012_val_00010823_n02125311,7,3,0.005663819145411253,0.12901893258094788,0.7066581845283508,0.025632294515768688,0.018565712496638298
15000,H8-V,286,n02125311/ILSVRC2012_val_00010823_n02125311,13,3,0.005327828694134951,0.1234142929315567,0.6752159396807352,0.024421418085694313,0.017669258639216423
15000,H8-V,286,n02125311/ILSVRC2012_val_00010823_n02125311,19,3,0.005238743809362252,0.12044195582469304,0.665592610836029,0.023938866953055065,0.017282940447330475
15000,H8-V,287,n02127052/ILSVRC2012_val_00031090_n02127052,1,3,0.009295933259030184,0.24609021345774332,0.7609397768974304,0.04151435320576032,0.03390495479106903
15000,H8-V,287,n02127052/ILSVRC2012_val_00031090_n02127052,4,3,0.005634854237238566,0.1532575637102127,0.62952987353007,0.027255909517407417,0.020960610980788868
15000,H8-V,287,n02127052/ILSVRC2012_val_00031090_n02127052,7,3,0.005234274081885815,0.1474056194225947,0.6000911196072897,0.025975747654835384,0.019974836458762486
15000,H8-V,287,n02127052/ILSVRC2012_val_00031090_n02127052,13,3,0.004861510669191678,0.14006280402342478,0.5723890463511149,0.024591681857903797,0.018867791319886845
15000,H8-V,287,n02127052/ILSVRC2012_val_00031090_n02127052,19,3,0.0047622995140651865,0.1364519347747167,0.56374591588974,0.024044952044884365,0.018407493208845455
15000,H8-V,288,n02128385/ILSVRC2012_val_00042868_n02128385,1,3,0.02280796878039837,0.16548746824264526,0.671157439549764,0.046068290869394936,0.039356715977191925
15000,H8-V,288,n02128385/ILSVRC2012_val_00042868_n02128385,4,3,0.016020767390727997,0.07404705882072449,0.5373908082644144,0.02879938172797362,0.023425473521153133
15000,H8-V,288,n02128385/ILSVRC2012_val_00042868_n02128385,7,3,0.015440055479605993,0.07232062766949336,0.5093485911687216,0.027765603736042976,0.02267211799820264
15000,H8-V,288,n02128385/ILSVRC2012_val_00042868_n02128385,13,3,0.014954480653007826,0.06963196148475011,0.4838525354862213,0.026756202181180317,0.021917677174011867
15000,H8-V,288,n02128385/ILSVRC2012_val_00042868_n02128385,19,3,0.014840649130443731,0.06849718590577443,0.4760722517967224,0.02645109035074711,0.021690368031462032
15000,H8-V,289,n02128757/ILSVRC2012_val_00007548_n02128757,1,3,0.0037837985437363386,0.22759789725144705,0.6972155968348185,0.03351574515302976,0.0265435886879762
15000,H8-V,289,n02128757/ILSVRC2012_val_00007548_n02128757,4,3,0.0027788899218042693,0.1807254453500112,0.585008978843689,0.026701524232824642,0.020851435139775276
15000,H8-V,289,n02128757/ILSVRC2012_val_00007548_n02128757,7,3,0.0025479168786356845,0.17019731799761453,0.5537494818369547,0.02510514420767625,0.019567649190624554
15000,H8-V,289,n02128757/ILSVRC2012_val_00007548_n02128757,13,3,0.002340536331757903,0.16169798374176025,0.5257861812909445,0.02376819650332133,0.01851033481458823
15000,H8-V,289,n02128757/ILSVRC2012_val_00007548_n02128757,19,3,0.002273695388187965,0.15820259352525076,0.517575720945994,0.023269712924957275,0.018093955392638843
15000,H8-V,290,n02128925/ILSVRC2012_val_00009924_n02128925,1,3,0.017438664411505062,0.20071638623873392,1.2213767766952515,0.04972407097617785,0.0375103031595548
15000,H8-V,290,n02128925/ILSVRC2012_val_00009924_n02128925,4,3,0.013418969387809435,0.13560685515403748,1.062251091003418,0.037602165093024574,0.02697965440650781
15000,H8-V,290,n02128925/ILSVRC2012_val_00009924_n02128925,7,3,0.012640646658837795,0.1283016949892044,1.0220077435175579,0.035690893729527794,0.025470816840728123
15000,H8-V,290,n02128925/ILSVRC2012_val_00009924_n02128925,13,3,0.011972078743080298,0.12136522183815639,0.9790805776913961,0.03389940535028776,0.02410860111316045
15000,H8-V,290,n02128925/ILSVRC2012_val_00009924_n02128925,19,3,0.011800987335542837,0.11856763313213985,0.9623897274335226,0.033281647910674415,0.02365775095919768
15000,H8-V,291,n02129165/ILSVRC2012_val_00012343_n02129165,1,3,0.010213959341247877,0.29863788684209186,0.6672744750976562,0.04675049210588137,0.04007774839798609
15000,H8-V,291,n02129165/ILSVRC2012_val_00012343_n02129165,4,3,0.006845215335488319,0.15559297303358713,0.5023856858412424,0.027428369969129562,0.022404513011376064
15000,H8-V,291,n02129165/ILSVRC2012_val_00012343_n02129165,7,3,0.006494772930939992,0.14781354864438376,0.47512151797612506,0.026027342304587364,0.02127612754702568
15000,H8-V,291,n02129165/ILSVRC2012_val_00012343_n02129165,13,3,0.006167824845761061,0.14316010971864065,0.449527382850647,0.024979110186298687,0.02048383591075738
15000,H8-V,291,n02129165/ILSVRC2012_val_00012343_n02129165,19,3,0.0061092750790218515,0.14215280612309775,0.44262705246607464,0.024750825638572376,0.020324555536111195
15000,H8-V,292,n02129604/ILSVRC2012_val_00034256_n02129604,1,3,0.01539229912062486,0.200003981590271,0.7533788084983826,0.042926484098037086,0.03539269665877024
15000,H8-V,292,n02129604/ILSVRC2012_val_00034256_n02129604,4,3,0.007852298828462759,0.09328377743562062,0.6200713515281677,0.023381389677524567,0.017180676261583965
15000,H8-V,292,n02129604/ILSVRC2012_val_00034256_n02129604,7,3,0.007318778584400813,0.08914793779452641,0.5896109342575073,0.022129680961370468,0.016233572115500767
15000,H8-V,292,n02129604/ILSVRC2012_val_00034256_n02129604,13,3,0.006894467243303855,0.08550837884346645,0.560128370920817,0.02104658881823222,0.0154453053449591
15000,H8-V,292,n02129604/ILSVRC2012_val_00034256_n02129604,19,3,0.006807840274025996,0.08405984689791997,0.5494570732116699,0.02070839578906695,0.015213825119038423
15000,H8-V,293,n02130308/ILSVRC2012_val_00040790_n02130308,1,3,0.01718680498500665,0.2673905889193217,0.7960285941759745,0.05188614999254545,0.043925864001115165
15000,H8-V,293,n02130308/ILSVRC2012_val_00040790_n02130308,4,3,0.015167228567103544,0.20540561775366464,0.6715499560038248,0.04242328926920891,0.03570779040455818
15000,H8-V,293,n02130308/ILSVRC2012_val_00040790_n02130308,7,3,0.01475081934283177,0.20000640551249185,0.6433915495872498,0.041185375303030014,0.03475145995616913
15000,H8-V,293,n02130308/ILSVRC2012_val_00040790_n02130308,13,3,0.014377890465160212,0.1926555037498474,0.6180132627487183,0.039823575566212334,0.03364344189564387
15000,H8-V,293,n02130308/ILSVRC2012_val_00040790_n02130308,19,3,0.014305169694125652,0.18949076036612192,0.611461321512858,0.039368859181801476,0.03325424591700236
15000,H8-V,294,n02132136/ILSVRC2012_val_00010281_n02132136,1,3,0.026788925131162006,0.2425781488418579,0.6562271118164062,0.05760901172955831,0.05104674150546392
15000,H8-V,294,n02132136/ILSVRC2012_val_00010281_n02132136,4,3,0.023538358509540558,0.17660545309384665,0.5465582211812338,0.04666448632876078,0.04119890431563059
15000,H8-V,294,n02132136/ILSVRC2012_val_00010281_n02132136,7,3,0.023092593997716904,0.17114782333374023,0.5187865296999613,0.04539524267117182,0.04020737732450167
15000,H8-V,294,n02132136/ILSVRC2012_val_00010281_n02132136,13,3,0.02269500804444154,0.16348334153493246,0.4942972461382548,0.04398631428678831,0.039043342073758446
15000,H8-V,294,n02132136/ILSVRC2012_val_00010281_n02132136,19,3,0.022608144208788872,0.15926140050093332,0.4884820779164632,0.043419105311234794,0.03853428487976392
15000,H8-V,295,n02133161/ILSVRC2012_val_00027292_n02133161,1,3,0.01029971707612276,0.20936011771361032,0.5950170954068502,0.03718589867154757,0.03123572903374831
15000,H8-V,295,n02133161/ILSVRC2012_val_00027292_n02133161,4,3,0.0073224335598448915,0.15682909389336905,0.5012383262316386,0.028017727037270863,0.023005343973636627
15000,H8-V,295,n02133161/ILSVRC2012_val_00027292_n02133161,7,3,0.0069613768719136715,0.1497571369012197,0.4732094903786977,0.026669185608625412,0.021937090903520584
15000,H8-V,295,n02133161/ILSVRC2012_val_00027292_n02133161,13,3,0.006677360429118077,0.14363254606723785,0.4492066005865733,0.025532681494951248,0.02104061593612035
15000,H8-V,295,n02133161/ILSVRC2012_val_00027292_n02133161,19,3,0.0066253128461539745,0.14145904779434204,0.44464847445487976,0.025217702612280846,0.020771217842896778
15000,H8-V,296,n02134084/ILSVRC2012_val_00027089_n02134084,1,3,0.012031679041683674,0.22984479367733002,0.694462517897288,0.0419607845445474,0.035016159216562905
15000,H8-V,296,n02134084/ILSVRC2012_val_00027089_n02134084,4,3,0.005943770830829938,0.1510779708623886,0.5665648579597473,0.0267172163973252,0.021051568289597828
15000,H8-V,296,n02134084/ILSVRC2012_val_00027089_n02134084,7,3,0.005561302105585734,0.1414904942115148,0.5354074835777283,0.025064426163832348,0.019710350781679153
15000,H8-V,296,n02134084/ILSVRC2012_val_00027089_n02134084,13,3,0.005153359534839789,0.13503392040729523,0.507656474908193,0.023733315989375114,0.018656751761833828
15000,H8-V,296,n02134084/ILSVRC2012_val_00027089_n02134084,19,3,0.0049977802361051244,0.1319407025973002,0.4985913932323456,0.02317776468892892,0.018191850433746975
15000,H8-V,297,n02134418/ILSVRC2012_val_00044901_n02134418,1,3,0.009214165930946669,0.20061536133289337,0.9180262486139933,0.03845596437652906,0.029275701691706974
15000,H8-V,297,n02134418/ILSVRC2012_val_00044901_n02134418,4,3,0.005466543448468049,0.12001406401395798,0.7922635475794474,0.025390585884451866,0.017467950160304706
15000,H8-V,297,n02134418/ILSVRC2012_val_00044901_n02134418,7,3,0.004973428323864937,0.11322661737600963,0.7578093210856119,0.02387418287495772,0.016296089937289555
15000,H8-V,297,n02134418/ILSVRC2012_val_00044901_n02134418,13,3,0.004487229666362206,0.1067928746342659,0.7238592902819315,0.02240511029958725,0.015166517657538256
15000,H8-V,297,n02134418/ILSVRC2012_val_00044901_n02134418,19,3,0.004335976826647918,0.10534771035114925,0.7129768331845602,0.022000515833497047,0.014870747923851013
15000,H8-V,298,n02137549/ILSVRC2012_val_00019975_n02137549,1,3,0.009516899784406027,0.242006187637647,0.5085218747456869,0.038802736749251686,0.033717518051465355
15000,H8-V,298,n02137549/ILSVRC2012_val_00019975_n02137549,4,3,0.0074900416657328606,0.17176300287246704,0.3890821735064189,0.02855716397364934,0.02466634226342042
15000,H8-V,298,n02137549/ILSVRC2012_val_00019975_n02137549,7,3,0.007193408440798521,0.16699963311354318,0.36370399594306946,0.0275304118792216,0.023893372466166813
15000,H8-V,298,n02137549/ILSVRC2012_val_00019975_n02137549,13,3,0.006937089220931132,0.16311432421207428,0.3446311354637146,0.026694832369685173,0.023248521611094475
15000,H8-V,298,n02137549/ILSVRC2012_val_00019975_n02137549,19,3,0.00689655418197314,0.16310471296310425,0.343052476644516,0.02663755106429259,0.023207026223341625
15000,H8-V,299,n02138441/ILSVRC2012_val_00026404_n02138441,1,3,0.006678047900398572,0.12499149888753891,0.37738102674484253,0.022951008131106693,0.019177197789152462
15000,H8-V,299,n02138441/ILSVRC2012_val_00026404_n02138441,4,3,0.0025101296293238797,0.06841061760981877,0.2876314123471578,0.012227505445480347,0.009351191110908985
15000,H8-V,299,n02138441/ILSVRC2012_val_00026404_n02138441,7,3,0.002219432576869925,0.06340738137563069,0.26195257902145386,0.011179696147640547,0.008560170729955038
15000,H8-V,299,n02138441/ILSVRC2012_val_00026404_n02138441,13,3,0.0019354412409787376,0.058030089984337486,0.2414163053035736,0.010152613123257955,0.007738450231651465
15000,H8-V,299,n02138441/ILSVRC2012_val_00026404_n02138441,19,3,0.001843948111248513,0.05666997780402502,0.23803991576035818,0.009891345476110777,0.00751094613224268
15000,H8-V,300,n02165105/ILSVRC2012_val_00002141_n02165105,1,3,0.02704437014957269,0.2789137363433838,1.1513337691624959,0.06644908090432484,0.05493574341138204
15000,H8-V,300,n02165105/ILSVRC2012_val_00002141_n02165105,4,3,0.022236400594313938,0.22481655577818552,1.0166843732198079,0.054884900649388633,0.04471805691719055
15000,H8-V,300,n02165105/ILSVRC2012_val_00002141_n02165105,7,3,0.021317719171444576,0.21604585150877634,0.9792991081873575,0.05271529654661814,0.04292230432232221
15000,H8-V,300,n02165105/ILSVRC2012_val_00002141_n02165105,13,3,0.020485224823156994,0.20781352619330087,0.9417241414388021,0.05068381751577059,0.041266576697429024
15000,H8-V,300,n02165105/ILSVRC2012_val_00002141_n02165105,19,3,0.020301394785443943,0.2076894243558248,0.9292245308558146,0.05036258200804392,0.041070337096850075
15000,H8-V,301,n02165456/ILSVRC2012_val_00034497_n02165456,1,3,0.005498436590035756,0.12341885517040889,0.5101808508237203,0.02294213076432546,0.017840322417517502
15000,H8-V,301,n02165456/ILSVRC2012_val_00034497_n02165456,4,3,0.0041573190440734225,0.08593021829922994,0.4199616014957428,0.016949957236647606,0.012750340936084589
15000,H8-V,301,n02165456/ILSVRC2012_val_00034497_n02165456,7,3,0.003951820389678081,0.08217405527830124,0.3925289809703827,0.016094516962766647,0.012169226383169493
15000,H8-V,301,n02165456/ILSVRC2012_val_00034497_n02165456,13,3,0.003752193491285046,0.07929007212320964,0.36892707149187726,0.015370471403002739,0.011681200936436653
15000,H8-V,301,n02165456/ILSVRC2012_val_00034497_n02165456,19,3,0.0036779115131745734,0.07861228287220001,0.3634830216566722,0.01517396979033947,0.011539139784872532
15000,H8-V,302,n02167151/ILSVRC2012_val_00030459_n02167151,1,3,0.013758151481548945,0.26340270042419434,0.851751963297526,0.048615939915180206,0.04009842003385226
15000,H8-V,302,n02167151/ILSVRC2012_val_00030459_n02167151,4,3,0.006274007571240266,0.13054422537485758,0.7031694849332174,0.026360124349594116,0.019328429674108822
15000,H8-V,302,n02167151/ILSVRC2012_val_00030459_n02167151,7,3,0.005735769712676604,0.1231002410252889,0.6712060570716858,0.024757854640483856,0.01804579421877861
15000,H8-V,302,n02167151/ILSVRC2012_val_00030459_n02167151,13,3,0.005232413299381733,0.11516647537549336,0.6415848135948181,0.02316490871210893,0.016749061023195583
15000,H8-V,302,n02167151/ILSVRC2012_val_00030459_n02167151,19,3,0.005075028321395318,0.11290803303321202,0.6330973704655966,0.022696804876128834,0.016365831717848778
15000,H8-V,303,n02168699/ILSVRC2012_val_00001529_n02168699,1,3,0.005820394804080327,0.16302204628785452,0.3520339826742808,0.025642940153678257,0.02212259980539481
15000,H8-V,303,n02168699/ILSVRC2012_val_00001529_n02168699,4,3,0.003517925584067901,0.07773391902446747,0.250531072417895,0.013796628452837467,0.011291317641735077
15000,H8-V,303,n02168699/ILSVRC2012_val_00001529_n02168699,7,3,0.003354504859695832,0.07353415340185165,0.22779244681199393,0.012985844475527605,0.01070792010674874
15000,H8-V,303,n02168699/ILSVRC2012_val_00001529_n02168699,13,3,0.003151855974768599,0.06976922353108723,0.21122056245803833,0.01224098385622104,0.010128778405487537
15000,H8-V,303,n02168699/ILSVRC2012_val_00001529_n02168699,19,3,0.0030654461588710546,0.06915254642566045,0.20989951491355896,0.012079696170985699,0.0099807009100914
15000,H8-V,304,n02169497/ILSVRC2012_val_00020652_n02169497,1,3,0.019906166940927505,0.28103920817375183,1.3001872301101685,0.06101196010907491,0.04801008850336075
15000,H8-V,304,n02169497/ILSVRC2012_val_00020652_n02169497,4,3,0.012865816242992878,0.2024053285519282,1.1452141205469768,0.0445584903160731,0.033106349408626556
15000,H8-V,304,n02169497/ILSVRC2012_val_00020652_n02169497,7,3,0.011818440320591131,0.191745455066363,1.1067200501759846,0.04206018646558126,0.030992986634373665
15000,H8-V,304,n02169497/ILSVRC2012_val_00020652_n02169497,13,3,0.011062130642433962,0.18084409832954407,1.0683420499165852,0.03982996195554733,0.02914654091000557
15000,H8-V,304,n02169497/ILSVRC2012_val_00020652_n02169497,19,3,0.010854957314829031,0.1762880136569341,1.0554087162017822,0.03903784602880478,0.028483759611845016
15000,H8-V,305,n02172182/ILSVRC2012_val_00020397_n02172182,1,3,0.005356083624064922,0.152247354388237,0.3207599421342214,0.02378841924170653,0.02058082011838754
15000,H8-V,305,n02172182/ILSVRC2012_val_00020397_n02172182,4,3,0.004166032653301954,0.08882885426282883,0.21852233012517294,0.01523414192100366,0.013048918607334295
15000,H8-V,305,n02172182/ILSVRC2012_val_00020397_n02172182,7,3,0.0040349204403658705,0.08597638458013535,0.19632952411969504,0.014595853785673777,0.012632558743158976
15000,H8-V,305,n02172182/ILSVRC2012_val_00020397_n02172182,13,3,0.0038962140679359436,0.08266221731901169,0.18100541333357492,0.013972490094602108,0.012162435799837112
15000,H8-V,305,n02172182/ILSVRC2012_val_00020397_n02172182,19,3,0.0038464161722610393,0.08197372158368428,0.18126545349756876,0.013856443266073862,0.01204378871868054
15000,H8-V,306,n02174001/ILSVRC2012_val_00043410_n02174001,1,3,0.028704235330224037,0.2788633704185486,1.2676879564921062,0.06926745176315308,0.0565905732413133
15000,H8-V,306,n02174001/ILSVRC2012_val_00043410_n02174001,4,3,0.020043207953373592,0.18193482359250387,1.080626408259074,0.0490429550409317,0.03823669130603472
15000,H8-V,306,n02174001/ILSVRC2012_val_00043410_n02174001,7,3,0.01898707014818986,0.1742658813794454,1.0398627122243245,0.04681228597958883,0.03641365965207418
15000,H8-V,306,n02174001/ILSVRC2012_val_00043410_n02174001,13,3,0.018143353362878162,0.16656790177027384,0.9998836318651835,0.044798980156580605,0.03480014453331629
15000,H8-V,306,n02174001/ILSVRC2012_val_00043410_n02174001,19,3,0.017968460296591122,0.16531766454378763,0.9866741299629211,0.04436696941653887,0.03450022762020429
15000,H8-V,307,n02177972/ILSVRC2012_val_00012825_n02177972,1,3,0.008103938618053993,0.1599960451324781,0.42487676938374835,0.02835231088101864,0.024103543410698574
15000,H8-V,307,n02177972/ILSVRC2012_val_00012825_n02177972,4,3,0.0036700844454268613,0.06742573032776515,0.3024500111738841,0.01343715749680996,0.010412657633423805
15000,H8-V,307,n02177972/ILSVRC2012_val_00012825_n02177972,7,3,0.0034605521553506455,0.06404707456628482,0.27752822637557983,0.01264054204026858,0.009865259751677513
15000,H8-V,307,n02177972/ILSVRC2012_val_00012825_n02177972,13,3,0.003255004994571209,0.05891204997897148,0.2576793630917867,0.011723003350198269,0.009146209806203842
15000,H8-V,307,n02177972/ILSVRC2012_val_00012825_n02177972,19,3,0.0032153052743524313,0.05670971795916557,0.2539733648300171,0.0114260104795297,0.008886277054746946
15000,H8-V,308,n02190166/ILSVRC2012_val_00039130_n02190166,1,3,0.0045648204783598585,0.13219526161750159,0.39284921685854596,0.021712839603424072,0.01778434744725625
15000,H8-V,308,n02190166/ILSVRC2012_val_00039130_n02190166,4,3,0.001891538267955184,0.07098452250162761,0.29099157452583313,0.011899906521042189,0.008989990688860416
15000,H8-V,308,n02190166/ILSVRC2012_val_00039130_n02190166,7,3,0.0017234601158027847,0.06725237766901652,0.26551203926404315,0.0111038185035189,0.008448698247472445
15000,H8-V,308,n02190166/ILSVRC2012_val_00039130_n02190166,13,3,0.001541576619880895,0.061649719874064125,0.24527939160664877,0.010159342549741268,0.007706548863401015
15000,H8-V,308,n02190166/ILSVRC2012_val_00039130_n02190166,19,3,0.0014727268135175109,0.05862421294053396,0.2419274648030599,0.009754423052072525,0.0073351482860744
15000,H8-V,309,n02206856/ILSVRC2012_val_00045227_n02206856,1,3,0.01581849902868271,0.2293305198351542,1.1381436189015706,0.050132988641659416,0.03875155250231425
15000,H8-V,309,n02206856/ILSVRC2012_val_00045227_n02206856,4,3,0.009663214596609274,0.1508334775765737,0.9846599499384562,0.034593161195516586,0.024746562043825786
15000,H8-V,309,n02206856/ILSVRC2012_val_00045227_n02206856,7,3,0.008862758055329323,0.14197718600432077,0.9462931950887045,0.032523409773906074,0.023060477028290432
15000,H8-V,309,n02206856/ILSVRC2012_val_00045227_n02206856,13,3,0.008250972566505274,0.13488074640432993,0.9077086051305135,0.030816134065389633,0.02173904764155547
15000,H8-V,309,n02206856/ILSVRC2012_val_00045227_n02206856,19,3,0.008116645738482475,0.1326634387175242,0.8942787448565165,0.030325777207811672,0.02138298936188221
15000,H8-V,310,n02219486/ILSVRC2012_val_00020792_n02219486,1,3,0.00671948508049051,0.17034199833869934,0.6435306469599406,0.030188991998632748,0.023753685255845387
15000,H8-V,310,n02219486/ILSVRC2012_val_00020792_n02219486,4,3,0.003557539312168956,0.10894982020060222,0.5174899101257324,0.019627420231699944,0.014452521378795305
15000,H8-V,310,n02219486/ILSVRC2012_val_00020792_n02219486,7,3,0.0033033224754035473,0.10308429350455602,0.48839759826660156,0.018495727330446243,0.01361175129810969
15000,H8-V,310,n02219486/ILSVRC2012_val_00020792_n02219486,13,3,0.0030751385105152926,0.09677206724882126,0.4622967640558879,0.017375312745571136,0.012752345452706019
15000,H8-V,310,n02219486/ILSVRC2012_val_00020792_n02219486,19,3,0.003022639391322931,0.09454922129710515,0.45550719896952313,0.01703263322512309,0.012477561521033445
15000,H8-V,311,n02226429/ILSVRC2012_val_00000972_n02226429,1,3,0.006607022446890672,0.1665328989426295,0.6103078524271647,0.02936339130004247,0.023260312775770824
15000,H8-V,311,n02226429/ILSVRC2012_val_00000972_n02226429,4,3,0.0035838954305897155,0.10293715198834737,0.5028005043665568,0.01890561543405056,0.013877610675990582
15000,H8-V,311,n02226429/ILSVRC2012_val_00000972_n02226429,7,3,0.0032787311356514692,0.09518666068712871,0.47350264588991803,0.0175324243803819,0.012797397561371326
15000,H8-V,311,n02226429/ILSVRC2012_val_00000972_n02226429,13,3,0.0030308198959877095,0.08685052146514256,0.4470726450284322,0.01618659868836403,0.011715872213244438
15000,H8-V,311,n02226429/ILSVRC2012_val_00000972_n02226429,19,3,0.0029850446929534278,0.08405790477991104,0.4397170941034953,0.01578800690670808,0.011390835357209047
15000,H8-V,312,n02229544/ILSVRC2012_val_00035710_n02229544,1,3,0.006651416265716155,0.15150851011276245,0.6086439291636149,0.027888707195719082,0.021802267680565517
15000,H8-V,312,n02229544/ILSVRC2012_val_00035710_n02229544,4,3,0.0038900573272258043,0.09886223822832108,0.511841873327891,0.01889469971259435,0.013776281538108984
15000,H8-V,312,n02229544/ILSVRC2012_val_00035710_n02229544,7,3,0.003563755191862583,0.09310684601465861,0.483653982480367,0.01771097940703233,0.012874439669152101
15000,H8-V,312,n02229544/ILSVRC2012_val_00035710_n02229544,13,3,0.003249733398358027,0.08735384543736775,0.45828890800476074,0.016568007568518322,0.011985118190447489
15000,H8-V,312,n02229544/ILSVRC2012_val_00035710_n02229544,19,3,0.003158070224647721,0.0850735530257225,0.45178257425626117,0.016183250894149143,0.0116654255737861
15000,H8-V,313,n02231487/ILSVRC2012_val_00043867_n02231487,1,3,0.005927303185065587,0.19673957427342734,0.4841699500878652,0.030442959318558376,0.025601260364055634
15000,H8-V,313,n02231487/ILSVRC2012_val_00043867_n02231487,4,3,0.0033402408783634505,0.1037362590432167,0.3650225102901459,0.01736409217119217,0.013713867093125979
15000,H8-V,313,n02231487/ILSVRC2012_val_00043867_n02231487,7,3,0.003171206684783101,0.09886361410220464,0.340898464123408,0.016466552391648293,0.013057568420966467
15000,H8-V,313,n02231487/ILSVRC2012_val_00043867_n02231487,13,3,0.002982395002618432,0.09550923605759938,0.32170165578524273,0.015750335529446602,0.0125333188722531
15000,H8-V,313,n02231487/ILSVRC2012_val_00043867_n02231487,19,3,0.002896935911849141,0.0943996583422025,0.3184935351212819,0.015521837087968985,0.012336901699503263
15000,H8-V,314,n02233338/ILSVRC2012_val_00001884_n02233338,1,3,0.019504467646280926,0.3406526843706767,0.6156882047653198,0.0597266194721063,0.0535697378218174
15000,H8-V,314,n02233338/ILSVRC2012_val_00001884_n02233338,4,3,0.00652234706406792,0.12881051500638327,0.4402816991011302,0.023806214953462284,0.019403398657838505
15000,H8-V,314,n02233338/ILSVRC2012_val_00001884_n02233338,7,3,0.0061394525691866875,0.12145103514194489,0.41274964809417725,0.02241205299894015,0.01828455614546935
15000,H8-V,314,n02233338/ILSVRC2012_val_00001884_n02233338,13,3,0.005736070840309064,0.11221492042144139,0.38987281918525696,0.02085629105567932,0.016957563037673633
15000,H8-V,314,n02233338/ILSVRC2012_val_00001884_n02233338,19,3,0.005597041919827461,0.10854121545950572,0.38565880060195923,0.020307751993338268,0.016451163838307064
15000,H8-V,315,n02236044/ILSVRC2012_val_00002415_n02236044,1,3,0.01279836210111777,0.1487384115656217,0.45276052753130597,0.03219980746507645,0.02767220263679822
15000,H8-V,315,n02236044/ILSVRC2012_val_00002415_n02236044,4,3,0.0074957602967818575,0.06979077557722728,0.34599695603052777,0.017934807265798252,0.014474837730328241
15000,H8-V,315,n02236044/ILSVRC2012_val_00002415_n02236044,7,3,0.006929529054711263,0.06347384303808212,0.3203537662823995,0.016480451449751854,0.013276913513739904
15000,H8-V,315,n02236044/ILSVRC2012_val_00002415_n02236044,13,3,0.006411725810418527,0.05788696681459745,0.30027798811594647,0.01520320245375236,0.012200422585010529
15000,H8-V,315,n02236044/ILSVRC2012_val_00002415_n02236044,19,3,0.006294045442094405,0.05652096370855967,0.297493318716685,0.014921075043578943,0.011946142030258974
15000,H8-V,316,n02256656/ILSVRC2012_val_00034839_n02256656,1,3,0.008012212192018827,0.14423558115959167,0.5737222035725912,0.028172992169857025,0.022435770680507023
15000,H8-V,316,n02256656/ILSVRC2012_val_00034839_n02256656,4,3,0.005223133601248264,0.11083993315696716,0.4901323119799296,0.021208449577291805,0.016307126730680466
15000,H8-V,316,n02256656/ILSVRC2012_val_00034839_n02256656,7,3,0.004742567582676808,0.10236537456512451,0.46368229389190674,0.01961592771112919,0.014979104821880659
15000,H8-V,316,n02256656/ILSVRC2012_val_00034839_n02256656,13,3,0.004344710148870945,0.0930690864721934,0.44027961293856305,0.01805441516141097,0.013651619044442972
15000,H8-V,316,n02256656/ILSVRC2012_val_00034839_n02256656,19,3,0.004269839885334174,0.0901745210091273,0.4344864785671234,0.01763215723137061,0.013287292482952276
15000,H8-V,317,n02259212/ILSVRC2012_val_00030505_n02259212,1,3,0.005994201948245366,0.18226934472719827,0.6986016035079956,0.03120715357363224,0.024221137786904972
15000,H8-V,317,n02259212/ILSVRC2012_val_00030505_n02259212,4,3,0.003522008890286088,0.11862506220738094,0.5834801197052002,0.02121931624909242,0.015384515436987082
15000,H8-V,317,n02259212/ILSVRC2012_val_00030505_n02259212,7,3,0.003227272148554524,0.11245230833689372,0.5516201655069987,0.019988705093661945,0.01447250321507454
15000,H8-V,317,n02259212/ILSVRC2012_val_00030505_n02259212,13,3,0.002977668462942044,0.10634009291728337,0.5226062138875326,0.018837740644812584,0.013611678034067154
15000,H8-V,317,n02259212/ILSVRC2012_val_00030505_n02259212,19,3,0.002936379906410972,0.10473123441139857,0.5147685805956522,0.018557189653317135,0.013409503425161043
15000,H8-V,318,n02264363/ILSVRC2012_val_00047717_n02264363,1,3,0.013089636340737343,0.18209281067053476,0.7383558750152588,0.03868247692783674,0.03129891740779082
15000,H8-V,318,n02264363/ILSVRC2012_val_00047717_n02264363,4,3,0.00817263995607694,0.11779989798863728,0.6254941622416178,0.026207571228345234,0.01995263062417507
15000,H8-V,318,n02264363/ILSVRC2012_val_00047717_n02264363,7,3,0.007548971101641655,0.1110105390350024,0.5948288043340048,0.024598313495516777,0.018650025129318237
15000,H8-V,318,n02264363/ILSVRC2012_val_00047717_n02264363,13,3,0.006965340425570806,0.10336293776830037,0.565640906492869,0.022958042720953625,0.017301633954048157
15000,H8-V,318,n02264363/ILSVRC2012_val_00047717_n02264363,19,3,0.0068244618984560175,0.1004097933570544,0.5566085974375407,0.02243152695397536,0.016865440954764683
15000,H8-V,319,n02268443/ILSVRC2012_val_00007425_n02268443,1,3,0.008655037265270948,0.19324513773123422,0.9325684905052185,0.037305235862731934,0.027979550883173943
15000,H8-V,319,n02268443/ILSVRC2012_val_00007425_n02268443,4,3,0.005354023538529873,0.14120136201381683,0.8062846660614014,0.02753700688481331,0.01947416054705779
15000,H8-V,319,n02268443/ILSVRC2012_val_00007425_n02268443,7,3,0.004864029120653868,0.1335228532552719,0.7703745365142822,0.02592005953192711,0.018216314415136974
15000,H8-V,319,n02268443/ILSVRC2012_val_00007425_n02268443,13,3,0.004416971777876218,0.12503269066413245,0.7344571352005005,0.024264812469482422,0.016920241837700207
15000,H8-V,319,n02268443/ILSVRC2012_val_00007425_n02268443,19,3,0.004302734353890021,0.1219790776570638,0.722915252049764,0.023729795590043068,0.016500642523169518
15000,H8-V,320,n02268853/ILSVRC2012_val_00000965_n02268853,1,3,0.01338558861364921,0.17161315182844797,0.39032092690467834,0.03445011377334595,0.030546903610229492
15000,H8-V,320,n02268853/ILSVRC2012_val_00000965_n02268853,4,3,0.005664978176355362,0.06773339708646138,0.2659535010655721,0.015097852796316147,0.012438318071266016
15000,H8-V,320,n02268853/ILSVRC2012_val_00000965_n02268853,7,3,0.005333405298491319,0.0642513856291771,0.2421489159266154,0.014180033467710018,0.011758544171849886
15000,H8-V,320,n02268853/ILSVRC2012_val_00000965_n02268853,13,3,0.005003627544889848,0.06042164067427317,0.22396031518777212,0.013285395068426928,0.011045791829625765
15000,H8-V,320,n02268853/ILSVRC2012_val_00000965_n02268853,19,3,0.004897843891133864,0.05931445211172104,0.221778134504954,0.013047070242464542,0.010829289133350054
15000,H8-V,321,n02276258/ILSVRC2012_val_00021108_n02276258,1,3,0.011788762484987577,0.20174685617287955,0.9518035848935446,0.04148148621122042,0.03196344959239165
15000,H8-V,321,n02276258/ILSVRC2012_val_00021108_n02276258,4,3,0.007559079521646102,0.12548955529928207,0.8035778601964315,0.028143813212712605,0.020108035455147426
15000,H8-V,321,n02276258/ILSVRC2012_val_00021108_n02276258,7,3,0.00706607320656379,0.11873407413562138,0.7679159045219421,0.026618640248974163,0.018939480806390446
15000,H8-V,321,n02276258/ILSVRC2012_val_00021108_n02276258,13,3,0.006662476031730573,0.1131385068098704,0.7322564919789633,0.025298891589045525,0.01797632686793804
15000,H8-V,321,n02276258/ILSVRC2012_val_00021108_n02276258,19,3,0.006551578175276518,0.11187384774287541,0.720382571220398,0.0249427892267704,0.017738963787754376
15000,H8-V,322,n02277742/ILSVRC2012_val_00029616_n02277742,1,3,0.009378794270257155,0.14829687029123306,0.40198079744974774,0.028228289758165676,0.024208481113115948
15000,H8-V,322,n02277742/ILSVRC2012_val_00029616_n02277742,4,3,0.006295549683272839,0.07398518919944763,0.29208770394325256,0.016614945605397224,0.013694068727393946
15000,H8-V,322,n02277742/ILSVRC2012_val_00029616_n02277742,7,3,0.006003293519218762,0.07173116008440654,0.26758278409639996,0.01585223712027073,0.013176409527659416
15000,H8-V,322,n02277742/ILSVRC2012_val_00029616_n02277742,13,3,0.005721805151551962,0.06946589549382527,0.24985683957735697,0.015166963450610638,0.012668395104507605
15000,H8-V,322,n02277742/ILSVRC2012_val_00029616_n02277742,19,3,0.0056339277264972525,0.06882491707801819,0.24883931378523508,0.015004812429348627,0.012516419403254986
15000,H8-V,323,n02279972/ILSVRC2012_val_00023084_n02279972,1,3,0.011062467470765114,0.23694447676340738,0.8637699286142985,0.043394615252812706,0.03475691626469294
15000,H8-V,323,n02279972/ILSVRC2012_val_00023084_n02279972,4,3,0.00659736789142092,0.15914606551329294,0.7323293089866638,0.029835267613331478,0.02251197521885236
15000,H8-V,323,n02279972/ILSVRC2012_val_00023084_n02279972,7,3,0.006163490004837513,0.15176919599374136,0.7025462985038757,0.02836587280035019,0.021340409914652508
15000,H8-V,323,n02279972/ILSVRC2012_val_00023084_n02279972,13,3,0.005676411868383487,0.14184587697188059,0.6746642788251241,0.02660764257113139,0.019860999658703804
15000,H8-V,323,n02279972/ILSVRC2012_val_00023084_n02279972,19,3,0.00549522756288449,0.1367069681485494,0.6667347550392151,0.02583327206472556,0.019165924439827602
15000,H8-V,324,n02280649/ILSVRC2012_val_00028853_n02280649,1,3,0.01240596113105615,0.19184887409210205,0.6698019107182821,0.03828886648019155,0.03159084854026636
15000,H8-V,324,n02280649/ILSVRC2012_val_00028853_n02280649,4,3,0.007204702123999596,0.11274580160776775,0.5360690752665201,0.023839973534146946,0.0184792826573054
15000,H8-V,324,n02280649/ILSVRC2012_val_00028853_n02280649,7,3,0.006730583341171344,0.10808537900447845,0.5040862361590067,0.022579983497659366,0.017539121210575104
15000,H8-V,324,n02280649/ILSVRC2012_val_00028853_n02280649,13,3,0.006288266275078058,0.10407206167777379,0.47547457615534466,0.021450217813253403,0.016695472101370495
15000,H8-V,324,n02280649/ILSVRC2012_val_00028853_n02280649,19,3,0.006170796230435371,0.10243432472149532,0.46787624557813007,0.02109299103418986,0.016414228826761246
15000,H8-V,325,n02281406/ILSVRC2012_val_00045771_n02281406,1,3,0.023146311442057293,0.2798624336719513,1.8082069158554077,0.06921462466319402,0.051132556051015854
15000,H8-V,325,n02281406/ILSVRC2012_val_00045771_n02281406,4,3,0.016932480037212372,0.21026470263799033,1.6266713937123616,0.054225663344065346,0.037958951046069465
15000,H8-V,325,n02281406/ILSVRC2012_val_00045771_n02281406,7,3,0.01567885900537173,0.20252863069375357,1.5784164269765217,0.051715885599454246,0.03593172257145246
15000,H8-V,325,n02281406/ILSVRC2012_val_00045771_n02281406,13,3,0.014670067156354586,0.19190683464209238,1.529169003168742,0.04915244008104006,0.03386075049638748
15000,H8-V,325,n02281406/ILSVRC2012_val_00045771_n02281406,19,3,0.014473163522779942,0.18724924325942993,1.5119431813557942,0.04831751932700475,0.03319808840751648
15000,H8-V,326,n02281787/ILSVRC2012_val_00011979_n02281787,1,3,0.010229309710363546,0.22877899805704752,0.868859608968099,0.04179580633838972,0.0331072099506855
15000,H8-V,326,n02281787/ILSVRC2012_val_00011979_n02281787,4,3,0.00545717915520072,0.1250707507133484,0.7106509804725647,0.025070763503511746,0.01796425444384416
15000,H8-V,326,n02281787/ILSVRC2012_val_00011979_n02281787,7,3,0.005052619303266208,0.11863466600577037,0.6782605250676473,0.02369869127869606,0.01691608565549056
15000,H8-V,326,n02281787/ILSVRC2012_val_00011979_n02281787,13,3,0.00468491002296408,0.1106716717282931,0.6463818748792013,0.022215896596511204,0.01575207772354285
15000,H8-V,326,n02281787/ILSVRC2012_val_00011979_n02281787,19,3,0.004612122817585866,0.10828300317128499,0.6361296772956848,0.021801720062891643,0.015440423352022966
15000,H8-V,327,n02317335/ILSVRC2012_val_00043732_n02317335,1,3,0.017965570092201233,0.20735457042853037,0.9934426744778951,0.04863545546929041,0.038701027631759644
15000,H8-V,327,n02317335/ILSVRC2012_val_00043732_n02317335,4,3,0.012488510459661484,0.138912503918012,0.8427478472391764,0.034807238727808,0.026379760975639027
15000,H8-V,327,n02317335/ILSVRC2012_val_00043732_n02317335,7,3,0.011843605277438959,0.13349100450674692,0.8068875471750895,0.03326158101360003,0.025192705914378166
15000,H8-V,327,n02317335/ILSVRC2012_val_00043732_n02317335,13,3,0.011219616048038006,0.12814348936080933,0.7715598344802856,0.03174956267078718,0.024033964922030766
15000,H8-V,327,n02317335/ILSVRC2012_val_00043732_n02317335,19,3,0.01103598748644193,0.12692500154177347,0.7599336306254069,0.03132782379786173,0.02372848739226659
15000,H8-V,328,n02319095/ILSVRC2012_val_00042173_n02319095,1,3,0.0077119094009200735,0.2723662207523982,0.7089745799700419,0.042038278033336006,0.034948532159129776
15000,H8-V,328,n02319095/ILSVRC2012_val_00042173_n02319095,4,3,0.0052679710400601225,0.18252730866273245,0.5921858350435892,0.029442560548583668,0.023520702496170998
15000,H8-V,328,n02319095/ILSVRC2012_val_00042173_n02319095,7,3,0.005012145731598139,0.1767980009317398,0.5647425254185995,0.02833937170604865,0.022691946476697922
15000,H8-V,328,n02319095/ILSVRC2012_val_00042173_n02319095,13,3,0.004751373082399368,0.16914372146129608,0.5413487156232198,0.027079231416185696,0.021665745104352634
15000,H8-V,328,n02319095/ILSVRC2012_val_00042173_n02319095,19,3,0.004683696664869785,0.1666507621606191,0.5370418826738993,0.026719192042946815,0.021348773191372555
15000,H8-V,329,n02321529/ILSVRC2012_val_00029107_n02321529,1,3,0.005948508779207866,0.1919739991426468,0.6415568590164185,0.03156147710978985,0.025145908817648888
15000,H8-V,329,n02321529/ILSVRC2012_val_00029107_n02321529,4,3,0.0045834883737067384,0.14745948712031046,0.5515408317248026,0.024844845136006672,0.019329436744252842
15000,H8-V,329,n02321529/ILSVRC2012_val_00029107_n02321529,7,3,0.004354162296901147,0.14139937857786813,0.5238176782925924,0.023732276633381844,0.018494099999467533
15000,H8-V,329,n02321529/ILSVRC2012_val_00029107_n02321529,13,3,0.004130685081084569,0.1332619140545527,0.4990636607011159,0.022447513416409492,0.01745687673489253
15000,H8-V,329,n02321529/ILSVRC2012_val_00029107_n02321529,19,3,0.004062606953084469,0.12925545374552408,0.4929598768552144,0.02191775230069955,0.016988153258959453
15000,H8-V,330,n02325366/ILSVRC2012_val_00004300_n02325366,1,3,0.00677670103808244,0.1833716481924057,0.44542184472084045,0.029568084205190342,0.02511386511226495
15000,H8-V,330,n02325366/ILSVRC2012_val_00004300_n02325366,4,3,0.0039013370405882597,0.12378795196612676,0.35585327943166095,0.019838665301601093,0.01628013203541438
15000,H8-V,330,n02325366/ILSVRC2012_val_00004300_n02325366,7,3,0.0037004159142573676,0.11915398637453715,0.33148179451624554,0.01893063262104988,0.015615814986328283
15000,H8-V,330,n02325366/ILSVRC2012_val_00004300_n02325366,13,3,0.0035221280995756388,0.1133290355404218,0.3127920627593994,0.017982952917615574,0.014855032165845236
15000,H8-V,330,n02325366/ILSVRC2012_val_00004300_n02325366,19,3,0.0034885491089274487,0.11085994293292363,0.31018006801605225,0.017676344762245815,0.014574543572962284
15000,H8-V,331,n02326432/ILSVRC2012_val_00034786_n02326432,1,3,0.011784294620156288,0.26000983516375226,0.6529309352238973,0.0443145881096522,0.037785278633236885
15000,H8-V,331,n02326432/ILSVRC2012_val_00034786_n02326432,4,3,0.00849863545348247,0.1464953968922297,0.5156048138936361,0.028304224212964375,0.023148175328969955
15000,H8-V,331,n02326432/ILSVRC2012_val_00034786_n02326432,7,3,0.008153229641417662,0.14188019931316376,0.4894639054934184,0.027235889186461765,0.022341250131527584
15000,H8-V,331,n02326432/ILSVRC2012_val_00034786_n02326432,13,3,0.007871756330132484,0.1381441056728363,0.46818875273068744,0.02636805425087611,0.021686167145768803
15000,H8-V,331,n02326432/ILSVRC2012_val_00034786_n02326432,19,3,0.00783751749744018,0.13773236672083536,0.4646729628245036,0.026257485151290894,0.021610754852493603
15000,H8-V,332,n02328150/ILSVRC2012_val_00017261_n02328150,1,3,0.0074991886503994465,0.18331579367319742,0.623396635055542,0.0320647352685531,0.025830769290526707
15000,H8-V,332,n02328150/ILSVRC2012_val_00017261_n02328150,4,3,0.00483896645406882,0.11658951391776402,0.49743083119392395,0.021472225586573284,0.01649791809419791
15000,H8-V,332,n02328150/ILSVRC2012_val_00017261_n02328150,7,3,0.0045708549829820795,0.11208607753117879,0.4710852305094401,0.020490315432349842,0.01577946326384942
15000,H8-V,332,n02328150/ILSVRC2012_val_00017261_n02328150,13,3,0.004308885118613641,0.10774565736452739,0.4478905300299327,0.019562356173992157,0.015083451134463152
15000,H8-V,332,n02328150/ILSVRC2012_val_00017261_n02328150,19,3,0.004222437118490537,0.10573174307743709,0.4424807627995809,0.019220418607195217,0.014795611302057901
15000,H8-V,333,n02342885/ILSVRC2012_val_00013528_n02342885,1,3,0.009281198804577192,0.16745716830094656,0.6468642354011536,0.03249555826187134,0.02602691575884819
15000,H8-V,333,n02342885/ILSVRC2012_val_00013528_n02342885,4,3,0.004747895058244467,0.10158687084913254,0.5335726936658224,0.02024230919778347,0.014906582422554493
15000,H8-V,333,n02342885/ILSVRC2012_val_00013528_n02342885,7,3,0.004255341676374276,0.09391140192747116,0.5041648745536804,0.018688130502899487,0.013646481869121393
15000,H8-V,333,n02342885/ILSVRC2012_val_00013528_n02342885,13,3,0.0037568064872175455,0.08470577994982402,0.4774742126464844,0.017002126822868984,0.012227384683986505
15000,H8-V,333,n02342885/ILSVRC2012_val_00013528_n02342885,19,3,0.0036345880944281816,0.08093043913443883,0.47046510378519696,0.01643228344619274,0.011727632023394108
15000,H8-V,334,n02346627/ILSVRC2012_val_00036853_n02346627,1,3,0.015085907652974129,0.28134166200955707,0.8216232061386108,0.05143630628784498,0.04322007422645887
15000,H8-V,334,n02346627/ILSVRC2012_val_00036853_n02346627,4,3,0.010355786420404911,0.16491531829039255,0.6559408704439799,0.03340672701597214,0.026847318435708683
15000,H8-V,334,n02346627/ILSVRC2012_val_00036853_n02346627,7,3,0.009853087365627289,0.15659157931804657,0.6261250774065653,0.03177349641919136,0.025512245173255604
15000,H8-V,334,n02346627/ILSVRC2012_val_00036853_n02346627,13,3,0.009395093967517218,0.14855937659740448,0.5985591014226278,0.030236622939507168,0.024251031999786694
15000,H8-V,334,n02346627/ILSVRC2012_val_00036853_n02346627,19,3,0.00923875036338965,0.14377558728059134,0.5912026961644491,0.029528335978587467,0.023616308967272442
15000,H8-V,335,n02356798/ILSVRC2012_val_00047262_n02356798,1,3,0.008255510590970516,0.16840490698814392,0.7724481423695883,0.03282048304875692,0.02509600172440211
15000,H8-V,335,n02356798/ILSVRC2012_val_00047262_n02356798,4,3,0.005602503350625436,0.12282315889994304,0.63606858253479,0.02424550491074721,0.017884818837046623
15000,H8-V,335,n02356798/ILSVRC2012_val_00047262_n02356798,7,3,0.005267230328172445,0.12002765884002049,0.604450543721517,0.023314501469333965,0.01726999630530675
15000,H8-V,335,n02356798/ILSVRC2012_val_00047262_n02356798,13,3,0.0049575647960106535,0.11617686599493027,0.574462095896403,0.022319871932268143,0.01657525139550368
15000,H8-V,335,n02356798/ILSVRC2012_val_00047262_n02356798,19,3,0.004890158772468567,0.11468417445818584,0.5656783183415731,0.022015359873572986,0.016358576714992523
15000,H8-V,336,n02361337/ILSVRC2012_val_00018582_n02361337,1,3,0.005287838789323966,0.3015611320734024,0.558191180229187,0.04102586582303047,0.035443954169750214
15000,H8-V,336,n02361337/ILSVRC2012_val_00018582_n02361337,4,3,0.002506564293677608,0.12763959666093191,0.4174768626689911,0.019445293272535007,0.01527052434782187
15000,H8-V,336,n02361337/ILSVRC2012_val_00018582_n02361337,7,3,0.0023529481453200183,0.12248335033655167,0.3912886480490367,0.018514170000950497,0.014601283396283785
15000,H8-V,336,n02361337/ILSVRC2012_val_00018582_n02361337,13,3,0.002184760912011067,0.11664144446452458,0.3696177105108897,0.017545082916816074,0.013848905762036642
15000,H8-V,336,n02361337/ILSVRC2012_val_00018582_n02361337,19,3,0.0021103769540786743,0.11383603264888127,0.3653232753276825,0.017147213220596313,0.013493980591495832
15000,H8-V,337,n02363005/ILSVRC2012_val_00028341_n02363005,1,3,0.012256459643443426,0.23112928867340088,0.5549789269765218,0.04091917723417282,0.0353693887591362
15000,H8-V,337,n02363005/ILSVRC2012_val_00028341_n02363005,4,3,0.0071496002686520415,0.12453814844290416,0.41643229126930237,0.02376773829261462,0.019603415081898373
15000,H8-V,337,n02363005/ILSVRC2012_val_00028341_n02363005,7,3,0.006835058021048705,0.11936848858992259,0.3899268905321757,0.022671176120638847,0.018771907314658165
15000,H8-V,337,n02363005/ILSVRC2012_val_00028341_n02363005,13,3,0.006523755689462026,0.11514352013667424,0.3675076365470886,0.02171318419277668,0.018038108324011166
15000,H8-V,337,n02363005/ILSVRC2012_val_00028341_n02363005,19,3,0.006421446489791076,0.11404845366875331,0.36277639865875244,0.02145405610402425,0.01782629204293092
15000,H8-V,338,n02364673/ILSVRC2012_val_00006685_n02364673,1,3,0.00807134946808219,0.17165193458398184,0.4246651530265808,0.029483195394277573,0.025236543267965317
15000,H8-V,338,n02364673/ILSVRC2012_val_00006685_n02364673,4,3,0.005758394952863455,0.10294235746065776,0.3203864097595215,0.01925649493932724,0.01605263041953246
15000,H8-V,338,n02364673/ILSVRC2012_val_00006685_n02364673,7,3,0.005521463385472695,0.09805644551912944,0.2960534195105235,0.018287641927599907,0.015327108403046926
15000,H8-V,338,n02364673/ILSVRC2012_val_00006685_n02364673,13,3,0.005259999384482701,0.0929435243209203,0.2786210775375366,0.017340562616785366,0.014554351568222046
15000,H8-V,338,n02364673/ILSVRC2012_val_00006685_n02364673,19,3,0.0051703428228696184,0.09032017489274342,0.27780042092005414,0.0169803649187088,0.014202360374232134
15000,H8-V,339,n02389026/ILSVRC2012_val_00039474_n02389026,1,3,0.009541163531442484,0.12246015667915344,0.44764431317647296,0.02626362380882104,0.021787180254856747
15000,H8-V,339,n02389026/ILSVRC2012_val_00039474_n02389026,4,3,0.0038865036331117153,0.05710528542598089,0.3452536165714264,0.013049568049609661,0.009597032330930233
15000,H8-V,339,n02389026/ILSVRC2012_val_00039474_n02389026,7,3,0.003572559216991067,0.05236121515432993,0.32018356521924335,0.012010516288379828,0.008808680499593416
15000,H8-V,339,n02389026/ILSVRC2012_val_00039474_n02389026,13,3,0.0032579025719314814,0.04762032131354014,0.2998386820157369,0.011018321538964907,0.008019934718807539
15000,H8-V,339,n02389026/ILSVRC2012_val_00039474_n02389026,19,3,0.0031448885953674712,0.04580546791354815,0.2959432005882263,0.010684867389500141,0.007725435464332501
15000,H8-V,340,n02391049/ILSVRC2012_val_00034575_n02391049,1,3,0.013371409537891546,0.16175337135791779,0.8362489740053812,0.03790923704703649,0.029546746984124184
15000,H8-V,340,n02391049/ILSVRC2012_val_00034575_n02391049,4,3,0.008465636211136976,0.0851015994946162,0.7061658302942911,0.024037453656395275,0.016975795850157738
15000,H8-V,340,n02391049/ILSVRC2012_val_00034575_n02391049,7,3,0.007805662229657173,0.08027829974889755,0.6748466293017069,0.022581958522399265,0.0158334927012523
15000,H8-V,340,n02391049/ILSVRC2012_val_00034575_n02391049,13,3,0.007270369989176591,0.07603088021278381,0.6454593340555826,0.02132805126408736,0.014873457762102285
15000,H8-V,340,n02391049/ILSVRC2012_val_00034575_n02391049,19,3,0.007146305870264769,0.07438372075557709,0.6365559498469034,0.020950237289071083,0.014584677914778391
15000,H8-V,341,n02395406/ILSVRC2012_val_00032734_n02395406,1,3,0.015295797027647495,0.2570529282093048,0.8163217703501383,0.049164307614167534,0.04100109015901884
15000,H8-V,341,n02395406/ILSVRC2012_val_00032734_n02395406,4,3,0.010434916242957115,0.15380088488260904,0.6748826106389364,0.03256383165717125,0.02581500510374705
15000,H8-V,341,n02395406/ILSVRC2012_val_00032734_n02395406,7,3,0.009858593965570131,0.14414847393830618,0.6431598663330078,0.030705039699872334,0.02427344148357709
15000,H8-V,341,n02395406/ILSVRC2012_val_00032734_n02395406,13,3,0.009319997082153956,0.1366802453994751,0.6133376558621725,0.02912139768401782,0.02298802137374878
15000,H8-V,341,n02395406/ILSVRC2012_val_00032734_n02395406,19,3,0.009198542373875776,0.136520783106486,0.6053781112035116,0.028904402007659275,0.02285062087078889
15000,H8-V,342,n02396427/ILSVRC2012_val_00028931_n02396427,1,3,0.009099866884450117,0.2283815344174703,0.6544033487637838,0.03848205382625262,0.03193802013993263
15000,H8-V,342,n02396427/ILSVRC2012_val_00028931_n02396427,4,3,0.005936242174357176,0.14406162997086844,0.5231241782506307,0.025573647270600002,0.020342405885457993
15000,H8-V,342,n02396427/ILSVRC2012_val_00028931_n02396427,7,3,0.005493584244201581,0.13849703470865884,0.49475498000780743,0.024290837968389194,0.019343287994464237
15000,H8-V,342,n02396427/ILSVRC2012_val_00028931_n02396427,13,3,0.004758746363222599,0.1320993254582087,0.46909337242444354,0.022659612198670704,0.0179686788469553
15000,H8-V,342,n02396427/ILSVRC2012_val_00028931_n02396427,19,3,0.004312555150439342,0.12698367734750113,0.46259479721387226,0.021636870379249256,0.017010922233263653
15000,H8-V,343,n02397096/ILSVRC2012_val_00028546_n02397096,1,3,0.006823583040386438,0.20468698938687643,0.6255581776301066,0.0335478646059831,0.027292282630999882
15000,H8-V,343,n02397096/ILSVRC2012_val_00028546_n02397096,4,3,0.0048834700137376785,0.1365844706694285,0.5247095425923666,0.02378901280462742,0.018541917204856873
15000,H8-V,343,n02397096/ILSVRC2012_val_00028546_n02397096,7,3,0.00457869687428077,0.13077314694722494,0.4962351322174072,0.022618362059195835,0.017656010886033375
15000,H8-V,343,n02397096/ILSVRC2012_val_00028546_n02397096,13,3,0.004286852665245533,0.12574159850676855,0.4702659050623576,0.02156367152929306,0.01686101220548153
15000,H8-V,343,n02397096/ILSVRC2012_val_00028546_n02397096,19,3,0.00420328105489413,0.12373424073060353,0.4632330338160197,0.021209036310513813,0.01657670612136523
15000,H8-V,344,n02398521/ILSVRC2012_val_00014340_n02398521,1,3,0.007022436708211899,0.22071947157382965,0.5591425100962321,0.03468580978612105,0.029094383741418522
15000,H8-V,344,n02398521/ILSVRC2012_val_00014340_n02398521,4,3,0.004712361531953017,0.14809595545132956,0.4526674250761668,0.024048630769054096,0.01952195664246877
15000,H8-V,344,n02398521/ILSVRC2012_val_00014340_n02398521,7,3,0.00445957559471329,0.14262271424134573,0.4276340405146281,0.022998187690973282,0.01872184748450915
15000,H8-V,344,n02398521/ILSVRC2012_val_00014340_n02398521,13,3,0.004222060243288676,0.13615985214710236,0.4061242739359538,0.021899288520216942,0.017838045954704285
15000,H8-V,344,n02398521/ILSVRC2012_val_00014340_n02398521,19,3,0.004143147574116786,0.13329008221626282,0.40155892570813495,0.021487745145956676,0.01747215601305167
15000,H8-V,345,n02403003/ILSVRC2012_val_00021400_n02403003,1,3,0.01914101590712865,0.2459818422794342,0.8469377358754476,0.05220857635140419,0.0437391996383667
15000,H8-V,345,n02403003/ILSVRC2012_val_00021400_n02403003,4,3,0.011911298458774885,0.15574736893177032,0.7171736160914103,0.034657771388689675,0.027486034979422886
15000,H8-V,345,n02403003/ILSVRC2012_val_00021400_n02403003,7,3,0.011221931626399359,0.14822321633497873,0.6857391595840454,0.03290164346496264,0.026044253259897232
15000,H8-V,345,n02403003/ILSVRC2012_val_00021400_n02403003,13,3,0.010549898259341717,0.14107688764731088,0.6567247112592062,0.031224834422270458,0.024657587210337322
15000,H8-V,345,n02403003/ILSVRC2012_val_00021400_n02403003,19,3,0.010340144236882528,0.13806656499703726,0.6487802068392435,0.030634601910909016,0.02414680023988088
15000,H8-V,346,n02408429/ILSVRC2012_val_00000456_n02408429,1,3,0.01544038268427054,0.28874314824740094,0.6134026447931925,0.050448725620905556,0.044314698626597725
15000,H8-V,346,n02408429/ILSVRC2012_val_00000456_n02408429,4,3,0.010076890389124552,0.19130613406499228,0.4833727876345317,0.034041233360767365,0.02920750466485818
15000,H8-V,346,n02408429/ILSVRC2012_val_00000456_n02408429,7,3,0.009653309981028238,0.18667530020078024,0.45612676938374835,0.032882108042637505,0.02832084024945895
15000,H8-V,346,n02408429/ILSVRC2012_val_00000456_n02408429,13,3,0.009245775329569975,0.17726446191469827,0.43253107865651447,0.031297532841563225,0.026972221831480663
15000,H8-V,346,n02408429/ILSVRC2012_val_00000456_n02408429,19,3,0.009129289537668228,0.17302306989828745,0.42707063754399616,0.0307023028532664,0.026431596527496975
15000,H8-V,347,n02410509/ILSVRC2012_val_00039568_n02410509,1,3,0.00914566001544396,0.24861916402975717,0.578152616818746,0.03978910172979037,0.034007576604684196
15000,H8-V,347,n02410509/ILSVRC2012_val_00039568_n02410509,4,3,0.006335218747456868,0.14863088726997375,0.4546869397163391,0.025745177641510963,0.021198308716217678
15000,H8-V,347,n02410509/ILSVRC2012_val_00039568_n02410509,7,3,0.006055891513824463,0.1428677886724472,0.4286575714747111,0.024629247064391773,0.0203426710019509
15000,H8-V,347,n02410509/ILSVRC2012_val_00039568_n02410509,13,3,0.005802409102519353,0.13725265363852182,0.40713462233543396,0.02359902113676071,0.019527674963076908
15000,H8-V,347,n02410509/ILSVRC2012_val_00039568_n02410509,19,3,0.0057363420103987055,0.1363658607006073,0.40307026108105976,0.023403630281488102,0.019372927645842235
15000,H8-V,348,n02412080/ILSVRC2012_val_00016555_n02412080,1,3,0.010114960062007109,0.17854522168636322,0.664826512336731,0.034617748111486435,0.02796948266526063
15000,H8-V,348,n02412080/ILSVRC2012_val_00016555_n02412080,4,3,0.006736370424429576,0.11020630101362865,0.5427250464757284,0.02318425104022026,0.017757001022497814
15000,H8-V,348,n02412080/ILSVRC2012_val_00016555_n02412080,7,3,0.006233658486356338,0.10482612997293472,0.5122279723485311,0.021838552008072536,0.016716272259751957
15000,H8-V,348,n02412080/ILSVRC2012_val_00016555_n02412080,13,3,0.005726862233132124,0.10070543984572093,0.4842633903026581,0.020640041058262188,0.015797407055894535
15000,H8-V,348,n02412080/ILSVRC2012_val_00016555_n02412080,19,3,0.005514435314883788,0.10027080029249191,0.4761846462885539,0.020303362359603245,0.015541515623529753
15000,H8-V,349,n02415577/ILSVRC2012_val_00019055_n02415577,1,3,0.009145920320103565,0.2760195881128311,0.6676983038584391,0.04342486336827278,0.03674788028001785
15000,H8-V,349,n02415577/ILSVRC2012_val_00019055_n02415577,4,3,0.006241496031483014,0.15384599069754282,0.5239177147547404,0.026865271851420403,0.021626094977060955
15000,H8-V,349,n02415577/ILSVRC2012_val_00019055_n02415577,7,3,0.0059410519897937775,0.14958598713080087,0.4960404435793559,0.025860056281089783,0.02089965095122655
15000,H8-V,349,n02415577/ILSVRC2012_val_00019055_n02415577,13,3,0.005682233100136121,0.14478989442189535,0.4715233047803243,0.024876455465952556,0.020161222666502
15000,H8-V,349,n02415577/ILSVRC2012_val_00019055_n02415577,19,3,0.005626068450510502,0.14345387121041617,0.46496501564979553,0.0246211060633262,0.01997145637869835
15000,H8-V,350,n02417914/ILSVRC2012_val_00002583_n02417914,1,3,0.030285998558004696,0.2362029254436493,0.8410400946935018,0.06231669088204702,0.05390629048148791
15000,H8-V,350,n02417914/ILSVRC2012_val_00002583_n02417914,4,3,0.02370482621093591,0.14970196783542633,0.6853894790013632,0.04552891726295153,0.038675022621949516
15000,H8-V,350,n02417914/ILSVRC2012_val_00002583_n02417914,7,3,0.022867637996872265,0.14589745302995047,0.6526788075764974,0.04398417224486669,0.037457384169101715
15000,H8-V,350,n02417914/ILSVRC2012_val_00002583_n02417914,13,3,0.02209802282353242,0.1408278246720632,0.6217582821846008,0.042398386945327125,0.036180805414915085
15000,H8-V,350,n02417914/ILSVRC2012_val_00002583_n02417914,19,3,0.021870674565434456,0.13978401323159537,0.6127675970395406,0.04197675113876661,0.03584907576441765
15000,H8-V,351,n02422106/ILSVRC2012_val_00028542_n02422106,1,3,0.007300867388645808,0.21865169207255045,0.513651450475057,0.03430255129933357,0.02916603721678257
15000,H8-V,351,n02422106/ILSVRC2012_val_00028542_n02422106,4,3,0.005598028345654408,0.1676680694023768,0.41471438606580097,0.02651197959979375,0.022364836186170578
15000,H8-V,351,n02422106/ILSVRC2012_val_00028542_n02422106,7,3,0.005326454372455676,0.16337360938390097,0.38876192768414813,0.025551435227195423,0.021663816024859745
15000,H8-V,351,n02422106/ILSVRC2012_val_00028542_n02422106,13,3,0.005083797654757897,0.16105112433433533,0.36859484513600665,0.024874858558177948,0.02118890980879466
15000,H8-V,351,n02422106/ILSVRC2012_val_00028542_n02422106,19,3,0.005034758088489373,0.15851799150307974,0.3659938375155131,0.024546495949228603,0.020886557797590893
15000,H8-V,352,n02422699/ILSVRC2012_val_00027012_n02422699,1,3,0.015549006250997385,0.24207399785518646,0.8880541721979777,0.04863694806893667,0.0397564060986042
15000,H8-V,352,n02422699/ILSVRC2012_val_00027012_n02422699,4,3,0.009998129991193613,0.1539724419514338,0.7283488313357035,0.03267886365453402,0.025395375366012257
15000,H8-V,352,n02422699/ILSVRC2012_val_00027012_n02422699,7,3,0.009492158889770508,0.1501004844903946,0.6973013281822205,0.03147522173821926,0.02450220783551534
15000,H8-V,352,n02422699/ILSVRC2012_val_00027012_n02422699,13,3,0.009066608734428883,0.14547137916088104,0.6668947140375773,0.030282693604628246,0.023613746588428814
15000,H8-V,352,n02422699/ILSVRC2012_val_00027012_n02422699,19,3,0.00896492786705494,0.14307640492916107,0.6572588086128235,0.029845155775547028,0.023272568359971046
15000,H8-V,353,n02423022/ILSVRC2012_val_00023976_n02423022,1,3,0.01432529433319966,0.19508707026640573,0.6269009709358215,0.0401030108332634,0.03383400167028109
15000,H8-V,353,n02423022/ILSVRC2012_val_00023976_n02423022,4,3,0.00930865885068973,0.1353311985731125,0.5127411484718323,0.02796919085085392,0.02284177889426549
15000,H8-V,353,n02423022/ILSVRC2012_val_00023976_n02423022,7,3,0.008854300094147524,0.12944598495960236,0.4866887032985687,0.026665786281228065,0.02179889939725399
15000,H8-V,353,n02423022/ILSVRC2012_val_00023976_n02423022,13,3,0.00845700285087029,0.12223439663648605,0.4650137921174367,0.025330580150087673,0.020680442452430725
15000,H8-V,353,n02423022/ILSVRC2012_val_00023976_n02423022,19,3,0.008327991080780825,0.1195804700255394,0.4608018894990285,0.02489405684173107,0.020286037897070248
15000,H8-V,354,n02437312/ILSVRC2012_val_00015872_n02437312,1,3,0.013957625875870386,0.18989403545856476,0.6809056599934896,0.039756085723638535,0.032947029918432236
15000,H8-V,354,n02437312/ILSVRC2012_val_00015872_n02437312,4,3,0.009938901600738367,0.11867273598909378,0.5426377256711324,0.027232553188999493,0.021806175510088604
15000,H8-V,354,n02437312/ILSVRC2012_val_00015872_n02437312,7,3,0.00934543584783872,0.11291911453008652,0.5134708881378174,0.025772056852777798,0.0206373476733764
15000,H8-V,354,n02437312/ILSVRC2012_val_00015872_n02437312,13,3,0.008760171321531137,0.10852397233247757,0.4886189003785451,0.02449875759581725,0.019612568741043408
15000,H8-V,354,n02437312/ILSVRC2012_val_00015872_n02437312,19,3,0.00858508919676145,0.10779011249542236,0.4832893908023834,0.024196994801362354,0.01936410057048003
15000,H8-V,355,n02437616/ILSVRC2012_val_00019044_n02437616,1,3,0.022858255232373875,0.3104660014311473,1.4035396973292034,0.06794025252262752,0.05390485500295957
15000,H8-V,355,n02437616/ILSVRC2012_val_00019044_n02437616,4,3,0.01277543076624473,0.219575434923172,1.199966311454773,0.04673263678948084,0.034732973823944725
15000,H8-V,355,n02437616/ILSVRC2012_val_00019044_n02437616,7,3,0.011790957612295946,0.207524706919988,1.15951669216156,0.04413859670360883,0.03254342948397001
15000,H8-V,355,n02437616/ILSVRC2012_val_00019044_n02437616,13,3,0.01089834856490294,0.19435670971870422,1.1174678007761638,0.04150869697332382,0.030334020033478737
15000,H8-V,355,n02437616/ILSVRC2012_val_00019044_n02437616,19,3,0.010642150727411112,0.1892982472976049,1.102338711420695,0.04059536134203275,0.0295719758917888
15000,H8-V,356,n02441942/ILSVRC2012_val_00003458_n02441942,1,3,0.007159806943188111,0.19207332034905752,0.5955688158671061,0.03232282710572084,0.026367138450344402
15000,H8-V,356,n02441942/ILSVRC2012_val_00003458_n02441942,4,3,0.0036459145291397967,0.11316892504692078,0.4867135286331177,0.01982994315524896,0.014962807608147463
15000,H8-V,356,n02441942/ILSVRC2012_val_00003458_n02441942,7,3,0.0033465318847447634,0.10450675586859386,0.46070679028828937,0.01840427579979102,0.013797208045919737
15000,H8-V,356,n02441942/ILSVRC2012_val_00003458_n02441942,13,3,0.0030268822641422353,0.09604592869679134,0.43774521350860596,0.017008927340308826,0.012631475615004698
15000,H8-V,356,n02441942/ILSVRC2012_val_00003458_n02441942,19,3,0.0028785808632771173,0.09232711791992188,0.4318571885426839,0.016429864491025608,0.01211129284153382
15000,H8-V,357,n02442845/ILSVRC2012_val_00014437_n02442845,1,3,0.010891362093389034,0.15977496902147928,0.7589684724807739,0.03445854286352793,0.026868858685096104
15000,H8-V,357,n02442845/ILSVRC2012_val_00014437_n02442845,4,3,0.007010147751619418,0.12096829215685527,0.6542130510012308,0.02564910737176736,0.019106976687908173
15000,H8-V,357,n02442845/ILSVRC2012_val_00014437_n02442845,7,3,0.00646785677721103,0.11552136888106664,0.6216920018196106,0.024236914391318958,0.018019994099934895
15000,H8-V,357,n02442845/ILSVRC2012_val_00014437_n02442845,13,3,0.005986308368543784,0.11072199791669846,0.5911223292350769,0.022969731440146763,0.017058508470654488
15000,H8-V,357,n02442845/ILSVRC2012_val_00014437_n02442845,19,3,0.005857684183865786,0.10833609104156494,0.582421064376831,0.02251550368964672,0.016691293567419052
15000,H8-V,358,n02443114/ILSVRC2012_val_00010052_n02443114,1,3,0.008300428123523792,0.17391630510489145,0.5743073423703512,0.03143513388931751,0.025692059968908627
15000,H8-V,358,n02443114/ILSVRC2012_val_00010052_n02443114,4,3,0.0047880544637640314,0.11143459628025691,0.4582022825876872,0.02051353765030702,0.01593151440223058
15000,H8-V,358,n02443114/ILSVRC2012_val_00010052_n02443114,7,3,0.004466673359274864,0.10565037280321121,0.4305761754512787,0.019337472195426624,0.015031710577507814
15000,H8-V,358,n02443114/ILSVRC2012_val_00010052_n02443114,13,3,0.004164959924916427,0.09757186224063237,0.4059446354707082,0.017981592565774918,0.013922146211067835
15000,H8-V,358,n02443114/ILSVRC2012_val_00010052_n02443114,19,3,0.00407031054298083,0.09335072090228398,0.39966193834940594,0.01740200196703275,0.013405382943650087
15000,H8-V,359,n02443484/ILSVRC2012_val_00030982_n02443484,1,3,0.014137108499805132,0.2113690823316574,0.6618601083755493,0.041892619182666145,0.035274017602205276
15000,H8-V,359,n02443484/ILSVRC2012_val_00030982_n02443484,4,3,0.007355443046738704,0.11360327154397964,0.532727857430776,0.02404304842154185,0.018715770294268925
15000,H8-V,359,n02443484/ILSVRC2012_val_00030982_n02443484,7,3,0.006875257628659408,0.10653961946566899,0.5033591588338217,0.02256281115114689,0.017529219388961792
15000,H8-V,359,n02443484/ILSVRC2012_val_00030982_n02443484,13,3,0.006500288378447294,0.10032835354407628,0.47719425956408185,0.021305065602064133,0.016533123329281807
15000,H8-V,359,n02443484/ILSVRC2012_val_00030982_n02443484,19,3,0.006408051898082097,0.0972537025809288,0.4703669548034668,0.020837092772126198,0.016133422652880352
15000,H8-V,360,n02444819/ILSVRC2012_val_00032035_n02444819,1,3,0.008429474662989378,0.1719969759384791,0.6443404157956442,0.03207257638374964,0.02562917210161686
15000,H8-V,360,n02444819/ILSVRC2012_val_00032035_n02444819,4,3,0.0059109836195906,0.10993211964766185,0.5292202432950338,0.022196399047970772,0.016904196391503017
15000,H8-V,360,n02444819/ILSVRC2012_val_00032035_n02444819,7,3,0.005581230856478214,0.10596504559119542,0.5018753409385681,0.021196488291025162,0.016177734980980556
15000,H8-V,360,n02444819/ILSVRC2012_val_00032035_n02444819,13,3,0.005259488243609667,0.1019756942987442,0.4781436820824941,0.020238495121399563,0.01545705801496903
15000,H8-V,360,n02444819/ILSVRC2012_val_00032035_n02444819,19,3,0.005178191078205903,0.10118177533149719,0.47257645924886066,0.020022133365273476,0.01529636885970831
15000,H8-V,361,n02445715/ILSVRC2012_val_00034780_n02445715,1,3,0.0074928835965693,0.2131806214650472,0.8164598147074381,0.03697554456690947,0.028810946891705196
15000,H8-V,361,n02445715/ILSVRC2012_val_00034780_n02445715,4,3,0.0038018169968078532,0.121683436135451,0.6766910950342814,0.02273707091808319,0.015970160563786823
15000,H8-V,361,n02445715/ILSVRC2012_val_00034780_n02445715,7,3,0.00346906118405362,0.11225869009892146,0.6459450125694275,0.02115438071389993,0.014694930675129095
15000,H8-V,361,n02445715/ILSVRC2012_val_00034780_n02445715,13,3,0.0031824410737802586,0.10413804898659389,0.616270919640859,0.019758955265084904,0.013596246019005775
15000,H8-V,361,n02445715/ILSVRC2012_val_00034780_n02445715,19,3,0.003110778285190463,0.10064711173375447,0.6068220138549805,0.01924370974302292,0.013175489691396555
15000,H8-V,362,n02447366/ILSVRC2012_val_00017114_n02447366,1,3,0.008813700949152311,0.19064319133758545,0.7418204744656881,0.03529622405767441,0.027878019958734512
15000,H8-V,362,n02447366/ILSVRC2012_val_00017114_n02447366,4,3,0.007054836489260197,0.13396552205085754,0.645349899927775,0.026904887830217678,0.020451389253139496
15000,H8-V,362,n02447366/ILSVRC2012_val_00017114_n02447366,7,3,0.00663150055333972,0.12890640397866568,0.6161941885948181,0.025684083501497906,0.01952214166522026
15000,H8-V,362,n02447366/ILSVRC2012_val_00017114_n02447366,13,3,0.006262537091970444,0.12290014574925105,0.5898895263671875,0.024451447029908497,0.018552552287777264
15000,H8-V,362,n02447366/ILSVRC2012_val_00017114_n02447366,19,3,0.006176760575423638,0.12114482621351878,0.5830687284469604,0.024121931443611782,0.01829124428331852
15000,H8-V,363,n02454379/ILSVRC2012_val_00011597_n02454379,1,3,0.02174586554368337,0.2775819003582001,1.324592113494873,0.06274997691313426,0.049504056572914124
15000,H8-V,363,n02454379/ILSVRC2012_val_00011597_n02454379,4,3,0.013719535743196806,0.177086407939593,1.157813588778178,0.043006310860315956,0.0314281756679217
15000,H8-V,363,n02454379/ILSVRC2012_val_00011597_n02454379,7,3,0.013006173384686312,0.17039313912391663,1.1183801889419556,0.04122928902506828,0.030045486986637115
15000,H8-V,363,n02454379/ILSVRC2012_val_00011597_n02454379,13,3,0.012384804897010326,0.16487565139929453,1.077702005704244,0.03964938968420029,0.02887237009902795
15000,H8-V,363,n02454379/ILSVRC2012_val_00011597_n02454379,19,3,0.012235064680377642,0.16293099522590637,1.0634313027064006,0.03916247685750326,0.028528164451320965
15000,H8-V,364,n02457408/ILSVRC2012_val_00013700_n02457408,1,3,0.01323101514329513,0.22768357396125793,1.2302547295888264,0.04830192029476166,0.03599937384327253
15000,H8-V,364,n02457408/ILSVRC2012_val_00013700_n02457408,4,3,0.010334677994251251,0.171939750512441,1.0731583038965862,0.03826023762424787,0.02752865416308244
15000,H8-V,364,n02457408/ILSVRC2012_val_00013700_n02457408,7,3,0.009523730414609114,0.16266054411729178,1.0352060397466023,0.036141845087210335,0.025789785509308178
15000,H8-V,364,n02457408/ILSVRC2012_val_00013700_n02457408,13,3,0.008830243411163488,0.1513966222604116,0.9974607626597086,0.033944511165221534,0.023969904830058415
15000,H8-V,364,n02457408/ILSVRC2012_val_00013700_n02457408,19,3,0.008675496404369673,0.14650720357894897,0.9849575360616049,0.03317579130331675,0.023326216265559196
15000,H8-V,365,n02480495/ILSVRC2012_val_00005726_n02480495,1,3,0.025305308401584625,0.256546954313914,1.4227981567382812,0.06518798694014549,0.050960004329681396
15000,H8-V,365,n02480495/ILSVRC2012_val_00005726_n02480495,4,3,0.017155320073167484,0.1729167401790619,1.2401798566182454,0.04684879258275032,0.0344469944636027
15000,H8-V,365,n02480495/ILSVRC2012_val_00005726_n02480495,7,3,0.016160039852062862,0.1652266929546992,1.20073405901591,0.04469005142649015,0.0326827106376489
15000,H8-V,365,n02480495/ILSVRC2012_val_00005726_n02480495,13,3,0.015193804477651915,0.1536665012439092,1.1612228949864705,0.04217268402377764,0.030560454974571865
15000,H8-V,365,n02480495/ILSVRC2012_val_00005726_n02480495,19,3,0.014920344886680445,0.1515679955482483,1.148444692293803,0.04156158988674482,0.030077144503593445
15000,H8-V,366,n02480855/ILSVRC2012_val_00005565_n02480855,1,3,0.01087860514720281,0.1906504730383555,0.725804070631663,0.03720169266064962,0.029943651830156643
15000,H8-V,366,n02480855/ILSVRC2012_val_00005565_n02480855,4,3,0.007071959941337506,0.12040226409832637,0.6100806792577108,0.02521299384534359,0.01911218712727229
15000,H8-V,366,n02480855/ILSVRC2012_val_00005565_n02480855,7,3,0.006683267963429292,0.11436948925256729,0.5803587237993876,0.023923804983496666,0.018120217447479565
15000,H8-V,366,n02480855/ILSVRC2012_val_00005565_n02480855,13,3,0.006328538836290439,0.10889301697413127,0.5523344079653422,0.022741184880336125,0.017217840999364853
15000,H8-V,366,n02480855/ILSVRC2012_val_00005565_n02480855,19,3,0.006227717734873295,0.10771220674117406,0.5433476368586222,0.022432414814829826,0.016998938595255215
15000,H8-V,367,n02481823/ILSVRC2012_val_00044781_n02481823,1,3,0.01301504299044609,0.26612452665964764,0.7152220408121744,0.046779715766509376,0.039627496153116226
15000,H8-V,367,n02481823/ILSVRC2012_val_00044781_n02481823,4,3,0.007990268990397453,0.14673740168412527,0.5591455101966858,0.028255464509129524,0.022664009282986324
15000,H8-V,367,n02481823/ILSVRC2012_val_00044781_n02481823,7,3,0.0073523859803875284,0.137602170308431,0.5255338946978251,0.02636794187128544,0.021112603445847828
15000,H8-V,367,n02481823/ILSVRC2012_val_00044781_n02481823,13,3,0.006771423543492953,0.12901062766710916,0.49507537484169006,0.024623240033785503,0.01967248631020387
15000,H8-V,367,n02481823/ILSVRC2012_val_00044781_n02481823,19,3,0.0065953428857028484,0.12643797198931375,0.4867514371871948,0.02410665402809779,0.019239139432708423
15000,H8-V,368,n02483362/ILSVRC2012_val_00041756_n02483362,1,3,0.01632848164687554,0.21121107041835785,0.9043587843577067,0.046493176370859146,0.03744958837827047
15000,H8-V,368,n02483362/ILSVRC2012_val_00041756_n02483362,4,3,0.007767699658870697,0.13064233462015787,0.74149489402771,0.028246881440281868,0.02083193262418111
15000,H8-V,368,n02483362/ILSVRC2012_val_00041756_n02483362,7,3,0.007146854729702075,0.12370027353366216,0.7088298797607422,0.026605181396007538,0.01951688217620055
15000,H8-V,368,n02483362/ILSVRC2012_val_00041756_n02483362,13,3,0.006406767293810844,0.11599267770846684,0.6767821311950684,0.024773857245842617,0.018006035437186558
15000,H8-V,368,n02483362/ILSVRC2012_val_00041756_n02483362,19,3,0.005850926041603088,0.11155959715445836,0.6667978962262472,0.023674864942828815,0.017006886502106983
15000,H8-V,369,n02483708/ILSVRC2012_val_00039346_n02483708,1,3,0.007759672900040944,0.1665145754814148,0.5427644848823547,0.02983877497414748,0.024411130075653393
15000,H8-V,369,n02483708/ILSVRC2012_val_00039346_n02483708,4,3,0.0043662781827151775,0.10150436808665593,0.4291592836380005,0.018808307747046154,0.014516715270777544
15000,H8-V,369,n02483708/ILSVRC2012_val_00039346_n02483708,7,3,0.004096544502923886,0.09703875581423442,0.4030121366182963,0.01783054197827975,0.013800419867038727
15000,H8-V,369,n02483708/ILSVRC2012_val_00039346_n02483708,13,3,0.0038194986215482154,0.09228135645389557,0.3816516598065694,0.0168641513834397,0.01304763462394476
15000,H8-V,369,n02483708/ILSVRC2012_val_00039346_n02483708,19,3,0.00373551482334733,0.09026577820380528,0.3778255085150401,0.016540347288052242,0.012762092364331087
15000,H8-V,370,n02484975/ILSVRC2012_val_00002334_n02484975,1,3,0.018013921255866688,0.2552857647339503,1.0994062026341755,0.054536559929450355,0.04354249810179075
15000,H8-V,370,n02484975/ILSVRC2012_val_00002334_n02484975,4,3,0.013363508818050226,0.18639771143595377,0.9397943417231241,0.04140122358997663,0.03200327977538109
15000,H8-V,370,n02484975/ILSVRC2012_val_00002334_n02484975,7,3,0.01259336806833744,0.17787442604700723,0.9028356075286865,0.039409166822830834,0.03038081092139085
15000,H8-V,370,n02484975/ILSVRC2012_val_00002334_n02484975,13,3,0.01184931273261706,0.1695641428232193,0.8661295970280966,0.03746702273686727,0.028805727139115334
15000,H8-V,370,n02484975/ILSVRC2012_val_00002334_n02484975,19,3,0.011622198236485323,0.16620343923568726,0.8534862995147705,0.03677740568916003,0.028242542097965877
15000,H8-V,371,n02486261/ILSVRC2012_val_00047740_n02486261,1,3,0.014223113966484865,0.346129114429156,0.5628811120986938,0.0544648344318072,0.0488360250989596
15000,H8-V,371,n02486261/ILSVRC2012_val_00047740_n02486261,4,3,0.010066081459323565,0.17056642472743988,0.4036405583222707,0.031159130856394768,0.027122724801301956
15000,H8-V,371,n02486261/ILSVRC2012_val_00047740_n02486261,7,3,0.009814454863468805,0.16546190281709036,0.3798617422580719,0.030159263561169308,0.0263606458902359
15000,H8-V,371,n02486261/ILSVRC2012_val_00047740_n02486261,13,3,0.009610130451619625,0.15893486142158508,0.3610323369503021,0.02911394089460373,0.025503617400924366
15000,H8-V,371,n02486261/ILSVRC2012_val_00047740_n02486261,19,3,0.009572960125903288,0.15503890812397003,0.3582780063152313,0.02865963118771712,0.02507685124874115
15000,H8-V,372,n02486410/ILSVRC2012_val_00001155_n02486410,1,3,0.011340168615182241,0.2870258043209712,0.4771006107330322,0.04481375589966774,0.04004275053739548
15000,H8-V,372,n02486410/ILSVRC2012_val_00001155_n02486410,4,3,0.00972213875502348,0.1801875482002894,0.3733367423216502,0.03147426247596741,0.027740894506374996
15000,H8-V,372,n02486410/ILSVRC2012_val_00001155_n02486410,7,3,0.009412912031014761,0.1746635138988495,0.3487784167130788,0.0303670484572649,0.026879264041781425
15000,H8-V,372,n02486410/ILSVRC2012_val_00001155_n02486410,13,3,0.009147520487507185,0.17086495459079742,0.33069533109664917,0.02954096905887127,0.026234015822410583
15000,H8-V,372,n02486410/ILSVRC2012_val_00001155_n02486410,19,3,0.009108303425212702,0.17207332452138266,0.32924086848894757,0.029608045394221943,0.026315636932849884
15000,H8-V,373,n02487347/ILSVRC2012_val_00005306_n02487347,1,3,0.008432732274134954,0.1431217392285665,0.39936184883117676,0.0267385250578324,0.022744907066226006
15000,H8-V,373,n02487347/ILSVRC2012_val_00005306_n02487347,4,3,0.002213279716670513,0.06192914520700773,0.30318209528923035,0.011438015227516493,0.008406194237371286
15000,H8-V,373,n02487347/ILSVRC2012_val_00005306_n02487347,7,3,0.0020109090643624463,0.05772579461336136,0.27922457456588745,0.010575734389324984,0.007783488680919011
15000,H8-V,373,n02487347/ILSVRC2012_val_00005306_n02487347,13,3,0.001809068179378907,0.0532782773176829,0.2620190481344859,0.009757086324195067,0.007136895786970854
15000,H8-V,373,n02487347/ILSVRC2012_val_00005306_n02487347,19,3,0.0017665495009471972,0.05191435540715853,0.2613217830657959,0.009571202720204989,0.006957985150317351
15000,H8-V,374,n02488291/ILSVRC2012_val_00048817_n02488291,1,3,0.01981825257341067,0.2524925072987874,1.8660715421040852,0.06372821951905887,0.04506750404834747
15000,H8-V,374,n02488291/ILSVRC2012_val_00048817_n02488291,4,3,0.012808186312516531,0.17818550268809,1.6480833689371746,0.04710756987333298,0.03062673658132553
15000,H8-V,374,n02488291/ILSVRC2012_val_00048817_n02488291,7,3,0.01183654305835565,0.16969908277193704,1.6024922927220662,0.0448313740392526,0.028806451087196667
15000,H8-V,374,n02488291/ILSVRC2012_val_00048817_n02488291,13,3,0.01089145801961422,0.1597000459829966,1.5526890754699707,0.04238835473855337,0.026861463362971943
15000,H8-V,374,n02488291/ILSVRC2012_val_00048817_n02488291,19,3,0.010591940643886725,0.15582321087519327,1.5342259009679158,0.04151652008295059,0.026174262166023254
15000,H8-V,375,n02488702/ILSVRC2012_val_00027834_n02488702,1,3,0.007964269413302342,0.1981457769870758,0.5661416252454122,0.03344026332100233,0.02777884714305401
15000,H8-V,375,n02488702/ILSVRC2012_val_00027834_n02488702,4,3,0.003181775643800696,0.09860705335934956,0.4400263826052348,0.017442744846145313,0.013042481305698553
15000,H8-V,375,n02488702/ILSVRC2012_val_00027834_n02488702,7,3,0.0029379948197553554,0.0926138162612915,0.41393305857976276,0.01633870725830396,0.012199376399318377
15000,H8-V,375,n02488702/ILSVRC2012_val_00027834_n02488702,13,3,0.0027094900142401457,0.0872679352760315,0.39157459139823914,0.015352029353380203,0.011436283898850283
15000,H8-V,375,n02488702/ILSVRC2012_val_00027834_n02488702,19,3,0.0026396712443480888,0.08633111168940862,0.3867674767971039,0.015140457389255365,0.011272782770295938
15000,H8-V,376,n02489166/ILSVRC2012_val_00023802_n02489166,1,3,0.021293095623453457,0.21905887126922607,1.1358192364374797,0.05455717444419861,0.04319898287455241
15000,H8-V,376,n02489166/ILSVRC2012_val_00023802_n02489166,4,3,0.018255161121487617,0.1712092806895574,1.0111407041549683,0.04548749576012293,0.0353760893146197
15000,H8-V,376,n02489166/ILSVRC2012_val_00023802_n02489166,7,3,0.017477406809727352,0.1656392365694046,0.9740170836448669,0.043781500309705734,0.034041330218315125
15000,H8-V,376,n02489166/ILSVRC2012_val_00023802_n02489166,13,3,0.016772164031863213,0.16100994249184927,0.937682052453359,0.042249978830417,0.03287315865357717
15000,H8-V,376,n02489166/ILSVRC2012_val_00023802_n02489166,19,3,0.016596296181281407,0.15947787960370383,0.9262837568918864,0.04180692012111346,0.03254408265153567
15000,H8-V,377,n02490219/ILSVRC2012_val_00001504_n02490219,1,3,0.010729216039180756,0.19154509902000427,0.6417567531267802,0.036301293720801674,0.029883726810415585
15000,H8-V,377,n02490219/ILSVRC2012_val_00001504_n02490219,4,3,0.006201949746658404,0.1129356821378072,0.5177145004272461,0.022672662511467934,0.01749551792939504
15000,H8-V,377,n02490219/ILSVRC2012_val_00001504_n02490219,7,3,0.005763857780645291,0.10699924578269322,0.48821287353833515,0.02134591154754162,0.016463783259193104
15000,H8-V,377,n02490219/ILSVRC2012_val_00001504_n02490219,13,3,0.005311208001027505,0.09943206359942754,0.46210768818855286,0.019875490417083103,0.015254414329926172
15000,H8-V,377,n02490219/ILSVRC2012_val_00001504_n02490219,19,3,0.005170029898484548,0.0971459870537122,0.45554893215497333,0.019440118223428726,0.014884628665943941
15000,H8-V,378,n02492035/ILSVRC2012_val_00043766_n02492035,1,3,0.01489090546965599,0.2263585776090622,0.8847038745880127,0.0463738019267718,0.037526762733856835
15000,H8-V,378,n02492035/ILSVRC2012_val_00043766_n02492035,4,3,0.008779482915997505,0.1361215909322103,0.7545856436093649,0.0299374982714653,0.02239164151251316
15000,H8-V,378,n02492035/ILSVRC2012_val_00043766_n02492035,7,3,0.008124482817947865,0.12875782946745554,0.7210886279741923,0.028211152801911037,0.021000266075134277
15000,H8-V,378,n02492035/ILSVRC2012_val_00043766_n02492035,13,3,0.007509637779245774,0.11987072477738063,0.6882422169049581,0.026379132643342018,0.019496710350116093
15000,H8-V,378,n02492035/ILSVRC2012_val_00043766_n02492035,19,3,0.007328575321783622,0.11651066690683365,0.677947461605072,0.02575911705692609,0.018979642540216446
15000,H8-V,379,n02492660/ILSVRC2012_val_00007297_n02492660,1,3,0.028123655046025913,0.2961568733056386,1.5819284915924072,0.07355862855911255,0.057739343494176865
15000,H8-V,379,n02492660/ILSVRC2012_val_00007297_n02492660,4,3,0.02032086004813512,0.18938701351483664,1.370761553446452,0.05296717708309492,0.03925956164797147
15000,H8-V,379,n02492660/ILSVRC2012_val_00007297_n02492660,7,3,0.01930200681090355,0.18271412452061972,1.324249505996704,0.05081591382622719,0.03757341826955477
15000,H8-V,379,n02492660/ILSVRC2012_val_00007297_n02492660,13,3,0.018391433482368786,0.17583660781383514,1.2761305173238118,0.048736399660507836,0.03597509488463402
15000,H8-V,379,n02492660/ILSVRC2012_val_00007297_n02492660,19,3,0.018147088587284088,0.17336172858874002,1.2594767014185588,0.04807802910606066,0.03548326219121615
15000,H8-V,380,n02493509/ILSVRC2012_val_00029108_n02493509,1,3,0.0477609820663929,0.31706079840660095,2.0950120290120444,0.10041718433300655,0.07946706314881642
15000,H8-V,380,n02493509/ILSVRC2012_val_00029108_n02493509,4,3,0.03920416533946991,0.19708610077699026,1.8586804072062175,0.07749958088000615,0.05891277641057968
15000,H8-V,380,n02493509/ILSVRC2012_val_00029108_n02493509,7,3,0.037714436650276184,0.1929125835498174,1.8070659637451172,0.07507635404666264,0.05700569599866867
15000,H8-V,380,n02493509/ILSVRC2012_val_00029108_n02493509,13,3,0.03628907601038615,0.18820181985696158,1.750834544499715,0.072617602845033,0.05510925749937693
15000,H8-V,380,n02493509/ILSVRC2012_val_00029108_n02493509,19,3,0.035877796510855355,0.18651869396368662,1.729782263437907,0.07182748864094417,0.054529666900634766
15000,H8-V,381,n02493793/ILSVRC2012_val_00047641_n02493793,1,3,0.019632672270139057,0.21540421744187674,1.2147979338963826,0.053321074694395065,0.04117309550444285
15000,H8-V,381,n02493793/ILSVRC2012_val_00047641_n02493793,4,3,0.01592097617685795,0.1817864030599594,1.0905112028121948,0.04500473042329153,0.034099617352088295
15000,H8-V,381,n02493793/ILSVRC2012_val_00047641_n02493793,7,3,0.015085609008868536,0.17455549538135529,1.04996657371521,0.04304082443316778,0.03254115954041481
15000,H8-V,381,n02493793/ILSVRC2012_val_00047641_n02493793,13,3,0.014445216084520021,0.1671362817287445,1.0100944836934407,0.041259790460268654,0.031158844629923504
15000,H8-V,381,n02493793/ILSVRC2012_val_00047641_n02493793,19,3,0.014353610885639986,0.16459515194098154,0.9976325631141663,0.04078945269187292,0.030813126514355343
15000,H8-V,382,n02494079/ILSVRC2012_val_00046565_n02494079,1,3,0.006343066381911437,0.20320256551106772,0.713987390200297,0.03380319724480311,0.026663323243459065
15000,H8-V,382,n02494079/ILSVRC2012_val_00046565_n02494079,4,3,0.004023439561327298,0.13284234702587128,0.5949874718983968,0.02325754923125108,0.017307674512267113
15000,H8-V,382,n02494079/ILSVRC2012_val_00046565_n02494079,7,3,0.0037283910593638816,0.12662203113238016,0.5658074021339417,0.02204866831501325,0.01639059434334437
15000,H8-V,382,n02494079/ILSVRC2012_val_00046565_n02494079,13,3,0.003409839002415538,0.11900872488816579,0.5379384160041809,0.02069009592135747,0.015310711848239103
15000,H8-V,382,n02494079/ILSVRC2012_val_00046565_n02494079,19,3,0.0033144759945571423,0.11652766913175583,0.5296147267023722,0.02026338999470075,0.014967242876688639
15000,H8-V,383,n02497673/ILSVRC2012_val_00042160_n02497673,1,3,0.022691622376441956,0.2695081929365794,1.53987721602122,0.06504121422767639,0.04964244117339452
15000,H8-V,383,n02497673/ILSVRC2012_val_00042160_n02497673,4,3,0.01533354384203752,0.19437216718991598,1.3567299445470173,0.04833806057771047,0.034770761926968895
15000,H8-V,383,n02497673/ILSVRC2012_val_00042160_n02497673,7,3,0.014376284554600716,0.1853887140750885,1.3111257155736287,0.04602641239762306,0.032915156334638596
15000,H8-V,383,n02497673/ILSVRC2012_val_00042160_n02497673,13,3,0.013417433947324753,0.17627963423728943,1.265578826268514,0.04370118429263433,0.031045397122701008
15000,H8-V,383,n02497673/ILSVRC2012_val_00042160_n02497673,19,3,0.013149872732659182,0.17352921267350516,1.2477776209513347,0.04298057034611702,0.030502794310450554
15000,H8-V,384,n02500267/ILSVRC2012_val_00043257_n02500267,1,3,0.03976665064692497,0.21620714664459229,1.942491094271342,0.08081227789322536,0.06138736754655838
15000,H8-V,384,n02500267/ILSVRC2012_val_00043257_n02500267,4,3,0.02971529836455981,0.15892735123634338,1.74017600218455,0.06300979355971019,0.04560803373654684
15000,H8-V,384,n02500267/ILSVRC2012_val_00043257_n02500267,7,3,0.02822184128065904,0.15331476430098215,1.6901103655497234,0.06045441950360934,0.04355331758658091
15000,H8-V,384,n02500267/ILSVRC2012_val_00043257_n02500267,13,3,0.026925109326839447,0.14852825800577799,1.635432521502177,0.058132258554299675,0.04177793487906456
15000,H8-V,384,n02500267/ILSVRC2012_val_00043257_n02500267,19,3,0.026614564160505932,0.1468033641576767,1.6154024998346965,0.057448926071325936,0.04129490132133166
15000,H8-V,385,n02504013/ILSVRC2012_val_00022028_n02504013,1,3,0.005128622365494569,0.20684323211510977,0.5245124101638794,0.031058071181178093,0.025812946259975433
15000,H8-V,385,n02504013/ILSVRC2012_val_00022028_n02504013,4,3,0.0028377479563156762,0.11835817495981853,0.42055025696754456,0.01887906777362029,0.0146735655143857
15000,H8-V,385,n02504013/ILSVRC2012_val_00022028_n02504013,7,3,0.0026386200139919915,0.11390655487775803,0.39410736163457233,0.017970349018772442,0.014029275625944138
15000,H8-V,385,n02504013/ILSVRC2012_val_00022028_n02504013,13,3,0.002433387329801917,0.10808740804592769,0.37216630578041077,0.016963791723052662,0.013242128615578016
15000,H8-V,385,n02504013/ILSVRC2012_val_00022028_n02504013,19,3,0.0023561047855764627,0.1057321826616923,0.36785327394803363,0.01660785637795925,0.012929323129355907
15000,H8-V,386,n02504458/ILSVRC2012_val_00040375_n02504458,1,3,0.011024191354711851,0.1590183029572169,0.5056056181589762,0.03198207728564739,0.026926021402080853
15000,H8-V,386,n02504458/ILSVRC2012_val_00040375_n02504458,4,3,0.008153970663746199,0.12036971251169841,0.4151819547017415,0.02434276168545087,0.020190941790739696
15000,H8-V,386,n02504458/ILSVRC2012_val_00040375_n02504458,7,3,0.00776622553045551,0.1151517704129219,0.3891160686810811,0.023172562941908836,0.019281402851144474
15000,H8-V,386,n02504458/ILSVRC2012_val_00040375_n02504458,13,3,0.007409242447465658,0.10988799730936687,0.36842512091000873,0.0220822940270106,0.018398042768239975
15000,H8-V,386,n02504458/ILSVRC2012_val_00040375_n02504458,19,3,0.007315115847935279,0.10855412483215332,0.36557479699452716,0.021826276555657387,0.018170528734723728
15000,H8-V,387,n02509815/ILSVRC2012_val_00035546_n02509815,1,3,0.01838726115723451,0.20610124369462332,1.1600696245829265,0.05059808244307836,0.038997385650873184
15000,H8-V,387,n02509815/ILSVRC2012_val_00035546_n02509815,4,3,0.012633527629077435,0.13738544782002768,1.0005333224932353,0.03637740636865298,0.026372072597344715
15000,H8-V,387,n02509815/ILSVRC2012_val_00035546_n02509815,7,3,0.011839846459527811,0.13121022780736288,0.9597081740697225,0.03455795099337896,0.024960869923233986
15000,H8-V,387,n02509815/ILSVRC2012_val_00035546_n02509815,13,3,0.011151087159911791,0.1239672303199768,0.9179291327794393,0.032727101196845375,0.023547810812791187
15000,H8-V,387,n02509815/ILSVRC2012_val_00035546_n02509815,19,3,0.010999104628960291,0.12155067423979442,0.903435210386912,0.032188523560762405,0.02315417242546876
15000,H8-V,388,n02510455/ILSVRC2012_val_00012542_n02510455,1,3,0.012901927344501019,0.1874588131904602,0.7825204332669576,0.039473013331492744,0.03164780822892984
15000,H8-V,388,n02510455/ILSVRC2012_val_00012542_n02510455,4,3,0.006835327638934056,0.10366557290156682,0.6520886818567911,0.023722772176067036,0.017201884960134823
15000,H8-V,388,n02510455/ILSVRC2012_val_00012542_n02510455,7,3,0.006250422913581133,0.09660664945840836,0.6189353267351786,0.022100441778699558,0.0159110880146424
15000,H8-V,388,n02510455/ILSVRC2012_val_00012542_n02510455,13,3,0.005683164422710736,0.08860962092876434,0.587894340356191,0.020423070217172306,0.014544126577675343
15000,H8-V,388,n02510455/ILSVRC2012_val_00012542_n02510455,19,3,0.005507439064482848,0.08505086849133174,0.5790026386578878,0.019802552337447803,0.014012526410321394
15000,H8-V,389,n02514041/ILSVRC2012_val_00047394_n02514041,1,3,0.010805449138085047,0.19778046508630118,0.6203628778457642,0.036787124971548714,0.030583495895067852
15000,H8-V,389,n02514041/ILSVRC2012_val_00047394_n02514041,4,3,0.007126877860476573,0.12518741190433502,0.5097200274467468,0.02474281998972098,0.01964561951657136
15000,H8-V,389,n02514041/ILSVRC2012_val_00047394_n02514041,7,3,0.006763865084697803,0.11851189037164052,0.4828566610813141,0.023443620651960373,0.018615054587523144
15000,H8-V,389,n02514041/ILSVRC2012_val_00047394_n02514041,13,3,0.006419471775492032,0.11183358232180278,0.4604726731777191,0.022207557534178097,0.017602830504377682
15000,H8-V,389,n02514041/ILSVRC2012_val_00047394_n02514041,19,3,0.006312101768950622,0.109674371778965,0.4560863971710205,0.021840402235587437,0.01727953863640626
15000,H8-V,390,n02526121/ILSVRC2012_val_00011544_n02526121,1,3,0.021799589196840923,0.2619747320810954,0.6495353579521179,0.05449241648117701,0.04799706240495046
15000,H8-V,390,n02526121/ILSVRC2012_val_00011544_n02526121,4,3,0.018742984781662624,0.17951754232247671,0.5210308233896891,0.041905046751101814,0.036694739013910294
15000,H8-V,390,n02526121/ILSVRC2012_val_00011544_n02526121,7,3,0.018297644952932995,0.1766210546096166,0.4937586486339569,0.040897337098916374,0.03595975041389465
15000,H8-V,390,n02526121/ILSVRC2012_val_00011544_n02526121,13,3,0.017917600149909656,0.1717527856429418,0.4705630838871002,0.03979850932955742,0.035092879086732864
15000,H8-V,390,n02526121/ILSVRC2012_val_00011544_n02526121,19,3,0.01782985031604767,0.16923388838768005,0.46586013833681744,0.0394118403395017,0.03475323940316836
15000,H8-V,391,n02536864/ILSVRC2012_val_00027799_n02536864,1,3,0.005699175409972668,0.20511671900749207,0.5372958580652872,0.03158380649983883,0.02621084824204445
15000,H8-V,391,n02536864/ILSVRC2012_val_00027799_n02536864,4,3,0.003092086330677072,0.09282754361629486,0.40488316615422565,0.01642367181678613,0.012374840676784515
15000,H8-V,391,n02536864/ILSVRC2012_val_00027799_n02536864,7,3,0.002878885172928373,0.08817355583111446,0.3782196044921875,0.015478436214228472,0.01169624055425326
15000,H8-V,391,n02536864/ILSVRC2012_val_00027799_n02536864,13,3,0.0026617498757938543,0.08302475015322368,0.35658613840738934,0.014530086268981298,0.010964224735895792
15000,H8-V,391,n02536864/ILSVRC2012_val_00027799_n02536864,19,3,0.002585210449372729,0.08047787348429362,0.3528021275997162,0.014161018965144953,0.010632997999588648
15000,H8-V,392,n02606052/ILSVRC2012_val_00033908_n02606052,1,3,0.020237779865662258,0.276367723941803,0.823434034983317,0.056108893205722175,0.04787455374995867
15000,H8-V,392,n02606052/ILSVRC2012_val_00033908_n02606052,4,3,0.011354715873797735,0.13041541973749796,0.6557091474533081,0.03095334954559803,0.02439625809590022
15000,H8-V,392,n02606052/ILSVRC2012_val_00033908_n02606052,7,3,0.010760667733848095,0.12467504541079204,0.6250549157460531,0.02947872132062912,0.023228172833720844
15000,H8-V,392,n02606052/ILSVRC2012_val_00033908_n02606052,13,3,0.010195870883762836,0.11876069009304047,0.59700874487559,0.02804202710588773,0.02207194020350774
15000,H8-V,392,n02606052/ILSVRC2012_val_00033908_n02606052,19,3,0.010067706617216269,0.11788575599590938,0.5896646579106649,0.02775292843580246,0.02185628190636635
15000,H8-V,393,n02607072/ILSVRC2012_val_00018465_n02607072,1,3,0.02162371079126994,0.2088586986064911,1.13040026028951,0.053813582907120384,0.042509580651919045
15000,H8-V,393,n02607072/ILSVRC2012_val_00018465_n02607072,4,3,0.01767179121573766,0.16450928151607513,1.0047524372736614,0.044170244286457695,0.03412272036075592
15000,H8-V,393,n02607072/ILSVRC2012_val_00018465_n02607072,7,3,0.01690420260032018,0.15964042147000632,0.9703456163406372,0.04257170110940933,0.0328682449956735
15000,H8-V,393,n02607072/ILSVRC2012_val_00018465_n02607072,13,3,0.01627834451695283,0.15351719657580057,0.9358457724253336,0.04098852351307869,0.03163006529211998
15000,H8-V,393,n02607072/ILSVRC2012_val_00018465_n02607072,19,3,0.0160962026566267,0.15127613147099814,0.9242371122042338,0.040466186900933586,0.03122381555537383
15000,H8-V,394,n02640242/ILSVRC2012_val_00048433_n02640242,1,3,0.011742160034676393,0.20438219110171,0.7724551757176717,0.03990492969751358,0.03218037883440653
15000,H8-V,394,n02640242/ILSVRC2012_val_00048433_n02640242,4,3,0.0072078462690114975,0.13125513990720114,0.6426121393839518,0.026759482299288113,0.020333360880613327
15000,H8-V,394,n02640242/ILSVRC2012_val_00048433_n02640242,7,3,0.006779039278626442,0.12358485658963521,0.6113416949907938,0.025250942756732304,0.019137525310118992
15000,H8-V,394,n02640242/ILSVRC2012_val_00048433_n02640242,13,3,0.006380356537799041,0.11685950557390849,0.5817240277926127,0.023883547633886337,0.01806630752980709
15000,H8-V,394,n02640242/ILSVRC2012_val_00048433_n02640242,19,3,0.006242883391678333,0.1136326218644778,0.5730780363082886,0.023336925233403843,0.0176061453918616
15000,H8-V,395,n02641379/ILSVRC2012_val_00030998_n02641379,1,3,0.018707615012923878,0.27451549967130023,1.2109386920928955,0.05826854954163233,0.04615916435917219
15000,H8-V,395,n02641379/ILSVRC2012_val_00030998_n02641379,4,3,0.014580489446719488,0.22422000269095102,1.0620688597361247,0.047623179852962494,0.037002490212519966
15000,H8-V,395,n02641379/ILSVRC2012_val_00030998_n02641379,7,3,0.013826330192387104,0.21797795097033182,1.0258829991022747,0.04588295643528303,0.03562412535150846
15000,H8-V,395,n02641379/ILSVRC2012_val_00030998_n02641379,13,3,0.01311878797908624,0.21017190317312875,0.9885144233703613,0.0440211221575737,0.03413597742716471
15000,H8-V,395,n02641379/ILSVRC2012_val_00030998_n02641379,19,3,0.012931243826945623,0.20755149920781454,0.9759465257326762,0.04344585662086805,0.033686393251021705
15000,H8-V,396,n02643566/ILSVRC2012_val_00004464_n02643566,1,3,0.03204856005807718,0.24581111470858255,1.204009731610616,0.06866977115472157,0.05662967264652252
15000,H8-V,396,n02643566/ILSVRC2012_val_00004464_n02643566,4,3,0.02605816659828027,0.1881422152121862,1.0637056430180867,0.05550944432616234,0.04487238824367523
15000,H8-V,396,n02643566/ILSVRC2012_val_00004464_n02643566,7,3,0.024974212671319645,0.18110229074954987,1.0246846675872803,0.05333128819863001,0.04308444261550903
15000,H8-V,396,n02643566/ILSVRC2012_val_00004464_n02643566,13,3,0.023949945345520973,0.17241629461447397,0.9873131314913431,0.051064704855283104,0.041191574186086655
15000,H8-V,396,n02643566/ILSVRC2012_val_00004464_n02643566,19,3,0.023577699437737465,0.1670814057191213,0.9724688331286112,0.05001052717367808,0.040285839388767876
15000,H8-V,397,n02655020/ILSVRC2012_val_00005213_n02655020,1,3,0.009568064473569393,0.22764966388543448,0.6524774630864462,0.03885780523220698,0.03233303067584833
15000,H8-V,397,n02655020/ILSVRC2012_val_00005213_n02655020,4,3,0.00685771694406867,0.1493511199951172,0.5328987638155619,0.02712181583046913,0.021792829036712646
15000,H8-V,397,n02655020/ILSVRC2012_val_00005213_n02655020,7,3,0.006597893623014291,0.14408094684282938,0.5074185331662496,0.02608017437160015,0.021005988741914432
15000,H8-V,397,n02655020/ILSVRC2012_val_00005213_n02655020,13,3,0.006405119939396779,0.13484700520833334,0.4829496145248413,0.024719317133227985,0.019889820987979572
15000,H8-V,397,n02655020/ILSVRC2012_val_00005213_n02655020,19,3,0.006406338885426521,0.12914749483267465,0.4747181832790375,0.02406826987862587,0.019321088989575703
15000,H8-V,398,n02666196/ILSVRC2012_val_00038861_n02666196,1,3,0.007027947188665469,0.23764283955097198,0.504553496837616,0.03583776702483495,0.03079223136107127
15000,H8-V,398,n02666196/ILSVRC2012_val_00038861_n02666196,4,3,0.004096670231471459,0.11341295888026555,0.3533254861831665,0.018971220900615055,0.01543796652307113
15000,H8-V,398,n02666196/ILSVRC2012_val_00038861_n02666196,7,3,0.0038666403852403164,0.10903570552666982,0.32947413126627606,0.018064952145020168,0.014770211031039556
15000,H8-V,398,n02666196/ILSVRC2012_val_00038861_n02666196,13,3,0.00367207204302152,0.10510685791571935,0.3126666247844696,0.01730942353606224,0.014182757896681627
15000,H8-V,398,n02666196/ILSVRC2012_val_00038861_n02666196,19,3,0.003631396063913902,0.10342136770486832,0.3123619357744853,0.017097152769565582,0.013973533175885677
15000,H8-V,399,n02667093/ILSVRC2012_val_00027935_n02667093,1,3,0.01031658643235763,0.15341434876124063,0.5700353781382242,0.03135837490359942,0.025658021370569866
15000,H8-V,399,n02667093/ILSVRC2012_val_00027935_n02667093,4,3,0.006299581068257491,0.09321421633164088,0.45682164033253986,0.020189218843976658,0.01562100276350975
15000,H8-V,399,n02667093/ILSVRC2012_val_00027935_n02667093,7,3,0.005857272073626518,0.08615624904632568,0.42774125933647156,0.018750309944152832,0.014472897164523602
15000,H8-V,399,n02667093/ILSVRC2012_val_00027935_n02667093,13,3,0.005420404641578595,0.08108407507340114,0.40334513783454895,0.01756226395567258,0.013528812366227308
15000,H8-V,399,n02667093/ILSVRC2012_val_00027935_n02667093,19,3,0.005281298421323299,0.08012762169043224,0.398408184448878,0.017278142894307773,0.013294060714542866
15000,H8-V,400,n02669723/ILSVRC2012_val_00047615_n02669723,1,3,0.02552880470951398,0.26593752205371857,1.4854220549265544,0.06697677820920944,0.05212255815664927
15000,H8-V,400,n02669723/ILSVRC2012_val_00047615_n02669723,4,3,0.016520078604420025,0.180154616634051,1.2982784509658813,0.04751832534869512,0.03453554088870684
15000,H8-V,400,n02669723/ILSVRC2012_val_00047615_n02669723,7,3,0.015475296104947725,0.1724488784869512,1.2533106803894043,0.0452532892425855,0.03272018333276113
15000,H8-V,400,n02669723/ILSVRC2012_val_00047615_n02669723,13,3,0.014608779611686865,0.1641917179028193,1.2092241446177165,0.04312019298473994,0.03102795158823331
15000,H8-V,400,n02669723/ILSVRC2012_val_00047615_n02669723,19,3,0.014439490002890428,0.16168898344039917,1.1954808632532756,0.042563196271657944,0.03060838890572389
15000,H8-V,401,n02672831/ILSVRC2012_val_00000204_n02672831,1,3,0.009639639717837175,0.21892999112606049,0.6055236458778381,0.037587874879439674,0.03153263901670774
15000,H8-V,401,n02672831/ILSVRC2012_val_00000204_n02672831,4,3,0.0052040754817426205,0.10880072166522343,0.4618589182694753,0.02070273645222187,0.01608414761722088
15000,H8-V,401,n02672831/ILSVRC2012_val_00000204_n02672831,7,3,0.004834181473900874,0.10101502637068431,0.43582773208618164,0.01929396080474059,0.014935683769484362
15000,H8-V,401,n02672831/ILSVRC2012_val_00000204_n02672831,13,3,0.004453923398007949,0.09442863365014394,0.4146388868490855,0.01804317596058051,0.013896786918242773
15000,H8-V,401,n02672831/ILSVRC2012_val_00000204_n02672831,19,3,0.004338190114746491,0.09258278210957845,0.41100255648295086,0.01770649415751298,0.013596468605101109
15000,H8-V,402,n02676566/ILSVRC2012_val_00039740_n02676566,1,3,0.01643577901025613,0.2688401440779368,1.2922734419504802,0.056242529302835464,0.04331979528069496
15000,H8-V,402,n02676566/ILSVRC2012_val_00039740_n02676566,4,3,0.012588464344541231,0.21363159020741782,1.1684322754542034,0.04563594609498978,0.033951623986164726
15000,H8-V,402,n02676566/ILSVRC2012_val_00039740_n02676566,7,3,0.011933247558772564,0.20357889433701834,1.130207856496175,0.04359321544567744,0.032291137923796974
15000,H8-V,402,n02676566/ILSVRC2012_val_00039740_n02676566,13,3,0.011340748829146227,0.19248256087303162,1.0917055209477742,0.041506061951319374,0.030589005599419277
15000,H8-V,402,n02676566/ILSVRC2012_val_00039740_n02676566,19,3,0.01117654051631689,0.18825145562489828,1.0787445704142253,0.040789131075143814,0.030001686265071232
15000,H8-V,403,n02687172/ILSVRC2012_val_00000289_n02687172,1,3,0.007117199711501598,0.19158082207043967,0.4805801908175151,0.03108108416199684,0.026275282104810078
15000,H8-V,403,n02687172/ILSVRC2012_val_00000289_n02687172,4,3,0.004135269516458114,0.10382094730933507,0.38128167390823364,0.01833018163839976,0.014517364713052908
15000,H8-V,403,n02687172/ILSVRC2012_val_00000289_n02687172,7,3,0.0038183885626494884,0.0966033215324084,0.35573331514994305,0.01703605428338051,0.013478721181551615
15000,H8-V,403,n02687172/ILSVRC2012_val_00000289_n02687172,13,3,0.0035149007259557643,0.09056477497021358,0.33558110396067303,0.015927189961075783,0.012571378611028194
15000,H8-V,403,n02687172/ILSVRC2012_val_00000289_n02687172,19,3,0.0033752276406933865,0.08815159897009532,0.33257632454236347,0.015516150432328383,0.012190387584269047
15000,H8-V,404,n02690373/ILSVRC2012_val_00030319_n02690373,1,3,0.009524943307042122,0.15921886761983237,0.5425084034601847,0.030871914078791935,0.025446830317378044
15000,H8-V,404,n02690373/ILSVRC2012_val_00030319_n02690373,4,3,0.004977871974309285,0.09306903680165608,0.4344489673773448,0.01862926532824834,0.014284775902827581
15000,H8-V,404,n02690373/ILSVRC2012_val_00030319_n02690373,7,3,0.00462327462931474,0.08780422310034434,0.4097639818986257,0.017501336832841236,0.013403697249790033
15000,H8-V,404,n02690373/ILSVRC2012_val_00030319_n02690373,13,3,0.004277991907050212,0.08215959618488948,0.38977111379305523,0.01639166350166003,0.012493951867024103
15000,H8-V,404,n02690373/ILSVRC2012_val_00030319_n02690373,19,3,0.004146918033560117,0.0792518009742101,0.38621413707733154,0.015934239452083904,0.012072098751862844
15000,H8-V,405,n02692877/ILSVRC2012_val_00013056_n02692877,1,3,0.00712265803789099,0.1164034033815066,0.3242976168791453,0.022005975246429443,0.01876299890379111
15000,H8-V,405,n02692877/ILSVRC2012_val_00013056_n02692877,4,3,0.0038193666841834784,0.07537379364172618,0.23303170005480447,0.013687063318987688,0.011356746157010397
15000,H8-V,405,n02692877/ILSVRC2012_val_00013056_n02692877,7,3,0.003679282342394193,0.07206694781780243,0.21046655376752219,0.012990642649432024,0.010885977186262608
15000,H8-V,405,n02692877/ILSVRC2012_val_00013056_n02692877,13,3,0.003586648187289635,0.06838001559178035,0.19437094032764435,0.012368359602987766,0.01042464996377627
15000,H8-V,405,n02692877/ILSVRC2012_val_00013056_n02692877,19,3,0.0036142560032506785,0.06631508221228917,0.19360067943731943,0.012181770987808704,0.010245764007170996
15000,H8-V,406,n02699494/ILSVRC2012_val_00006295_n02699494,1,3,0.01938150202234586,0.2575264324744542,0.857851246992747,0.053712659825881325,0.04513414576649666
15000,H8-V,406,n02699494/ILSVRC2012_val_00006295_n02699494,4,3,0.011499222678442797,0.16482502222061157,0.7107324997584025,0.035089049488306046,0.027981724590063095
15000,H8-V,406,n02699494/ILSVRC2012_val_00006295_n02699494,7,3,0.010890647148092588,0.15653212865193686,0.6782527367273966,0.03332638864715894,0.026543860634167988
15000,H8-V,406,n02699494/ILSVRC2012_val_00006295_n02699494,13,3,0.01035092119127512,0.14992937445640564,0.648231049378713,0.03182616954048475,0.02534385956823826
15000,H8-V,406,n02699494/ILSVRC2012_val_00006295_n02699494,19,3,0.010260845224062601,0.14723709225654602,0.6399733026822408,0.03138428802291552,0.02498455469806989
15000,H8-V,407,n02701002/ILSVRC2012_val_00003703_n02701002,1,3,0.021897053966919582,0.23626486957073212,1.1849122444788616,0.05737266317009926,0.04552354166905085
15000,H8-V,407,n02701002/ILSVRC2012_val_00003703_n02701002,4,3,0.015496466929713884,0.15303239226341248,1.0238545735677083,0.04103825117150942,0.030799706776936848
15000,H8-V,407,n02701002/ILSVRC2012_val_00003703_n02701002,7,3,0.014643382591505846,0.1444115787744522,0.9865274429321289,0.03894981493552526,0.02908454028268655
15000,H8-V,407,n02701002/ILSVRC2012_val_00003703_n02701002,13,3,0.013841937606533369,0.13567440708478293,0.9495831926663717,0.036905210465192795,0.02740937906006972
15000,H8-V,407,n02701002/ILSVRC2012_val_00003703_n02701002,19,3,0.0137081661572059,0.13366568088531494,0.9376964569091797,0.036451698591311775,0.027074734369913738
15000,H8-V,408,n02704792/ILSVRC2012_val_00026031_n02704792,1,3,0.012734338330725828,0.23992852866649628,0.946846067905426,0.04619565233588219,0.03672719125946363
15000,H8-V,408,n02704792/ILSVRC2012_val_00026031_n02704792,4,3,0.009261890314519405,0.18085442980130514,0.8226797183354696,0.0355741282304128,0.027347333108385403
15000,H8-V,408,n02704792/ILSVRC2012_val_00026031_n02704792,7,3,0.008719509777923426,0.17504966259002686,0.7913484374682108,0.03413795928160349,0.026224476595719654
15000,H8-V,408,n02704792/ILSVRC2012_val_00026031_n02704792,13,3,0.00825066523005565,0.1684174338976542,0.7622439861297607,0.0327148474752903,0.025092408061027527
15000,H8-V,408,n02704792/ILSVRC2012_val_00026031_n02704792,19,3,0.008136088338991007,0.16546094417572021,0.753561814626058,0.03221780185898145,0.024682183439532917
15000,H8-V,409,n02708093/ILSVRC2012_val_00024278_n02708093,1,3,0.013362516338626543,0.19416231910387674,0.8413355549176534,0.04119210441907247,0.032778749242424965
15000,H8-V,409,n02708093/ILSVRC2012_val_00024278_n02708093,4,3,0.011222813899318377,0.14009171227614084,0.7168040076891581,0.032400025675694145,0.02523198475440343
15000,H8-V,409,n02708093/ILSVRC2012_val_00024278_n02708093,7,3,0.010921128715078035,0.13599511484305063,0.6871430476506551,0.03139207015434901,0.024520639951030414
15000,H8-V,409,n02708093/ILSVRC2012_val_00024278_n02708093,13,3,0.010695921257138252,0.13233313461144766,0.6580509344736735,0.030509744460384052,0.023929235214988392
15000,H8-V,409,n02708093/ILSVRC2012_val_00024278_n02708093,19,3,0.010680779193838438,0.1300166149934133,0.6482632557551066,0.03016507315138976,0.023682440941532452
15000,H8-V,410,n02727426/ILSVRC2012_val_00007765_n02727426,1,3,0.029264625782767933,0.26753806074460346,0.9386326869328817,0.06540475785732269,0.056018431981404625
15000,H8-V,410,n02727426/ILSVRC2012_val_00007765_n02727426,4,3,0.021369123210509617,0.13449808458487192,0.7918688654899597,0.042737619330485664,0.034818931172291435
15000,H8-V,410,n02727426/ILSVRC2012_val_00007765_n02727426,7,3,0.020395745212833088,0.12877629697322845,0.7621243198712667,0.0408946176369985,0.03327337528268496
15000,H8-V,410,n02727426/ILSVRC2012_val_00007765_n02727426,13,3,0.019524166360497475,0.12387106319268544,0.7352981567382812,0.039264253030220665,0.031911272555589676
15000,H8-V,410,n02727426/ILSVRC2012_val_00007765_n02727426,19,3,0.019275113319357235,0.12303292254606883,0.7286139925320944,0.038864546765883766,0.03157840669155121
15000,H8-V,411,n02730930/ILSVRC2012_val_00001135_n02730930,1,3,0.015561308711767197,0.2439097911119461,0.6785921851793925,0.04673820982376734,0.03995228807131449
15000,H8-V,411,n02730930/ILSVRC2012_val_00001135_n02730930,4,3,0.009802334941923618,0.14739438891410828,0.5293120543162028,0.029834893842538197,0.02454177352289359
15000,H8-V,411,n02730930/ILSVRC2012_val_00001135_n02730930,7,3,0.00939427192012469,0.1424692173798879,0.5024699171384176,0.028665892779827118,0.02364119328558445
15000,H8-V,411,n02730930/ILSVRC2012_val_00001135_n02730930,13,3,0.009054701154430708,0.1387480547030767,0.4794149200121562,0.027723655725518864,0.022929506997267406
15000,H8-V,411,n02730930/ILSVRC2012_val_00001135_n02730930,19,3,0.009011158409217993,0.13828009366989136,0.47434931993484497,0.027582660938302677,0.022839168086647987
15000,H8-V,412,n02747177/ILSVRC2012_val_00046138_n02747177,1,3,0.017286632520457108,0.21640507380167642,0.5560567776362101,0.04448770980040232,0.03892714095612367
15000,H8-V,412,n02747177/ILSVRC2012_val_00046138_n02747177,4,3,0.01037088626374801,0.13503416875998178,0.4482598602771759,0.02835690105954806,0.023874302705128986
15000,H8-V,412,n02747177/ILSVRC2012_val_00046138_n02747177,7,3,0.009884827770292759,0.12980159123738608,0.4216064512729645,0.027081051841378212,0.02286498745282491
15000,H8-V,412,n02747177/ILSVRC2012_val_00046138_n02747177,13,3,0.009397871171434721,0.12305461366971333,0.4004286328951518,0.02570761926472187,0.021703332662582397
15000,H8-V,412,n02747177/ILSVRC2012_val_00046138_n02747177,19,3,0.009254566704233488,0.11985400567452113,0.3972094456354777,0.025212062522768974,0.021239967395861942
15000,H8-V,413,n02749479/ILSVRC2012_val_00042983_n02749479,1,3,0.011033623168865839,0.19019431869188944,0.7998815377553304,0.03805187220374743,0.030053056155641873
15000,H8-V,413,n02749479/ILSVRC2012_val_00042983_n02749479,4,3,0.006843070654819409,0.11227502922217052,0.676429033279419,0.024834863220651943,0.01807057298719883
15000,H8-V,413,n02749479/ILSVRC2012_val_00042983_n02749479,7,3,0.006302398474266131,0.10396904249986012,0.6417574683825175,0.023116877302527428,0.016699302941560745
15000,H8-V,413,n02749479/ILSVRC2012_val_00042983_n02749479,13,3,0.005746203785141309,0.09591622402270635,0.6096150477727255,0.021433976168433826,0.015337826063235601
15000,H8-V,413,n02749479/ILSVRC2012_val_00042983_n02749479,19,3,0.005619501229375601,0.09355676670869191,0.6005802551905314,0.02098098024725914,0.014975178055465221
15000,H8-V,414,n02769748/ILSVRC2012_val_00019321_n02769748,1,3,0.017126065368453663,0.19856845339139303,1.1171436707178752,0.04815434664487839,0.03698291132847468
15000,H8-V,414,n02769748/ILSVRC2012_val_00019321_n02769748,4,3,0.011183725049098333,0.15554329752922058,0.9696901043256124,0.03643495465318362,0.02673805442949136
15000,H8-V,414,n02769748/ILSVRC2012_val_00019321_n02769748,7,3,0.01040825309852759,0.14877369006474814,0.9318647583325704,0.0346042700111866,0.025285621484120686
15000,H8-V,414,n02769748/ILSVRC2012_val_00019321_n02769748,13,3,0.009689936724801859,0.14126302798589072,0.8937007188796997,0.032753247767686844,0.02381624033053716
15000,H8-V,414,n02769748/ILSVRC2012_val_00019321_n02769748,19,3,0.00948754387597243,0.13807252049446106,0.880914310614268,0.03210393960277239,0.02329479654630025
15000,H8-V,415,n02776631/ILSVRC2012_val_00040240_n02776631,1,3,0.0072136845750113325,0.20521385471026102,0.6801390846570333,0.03453646103541056,0.027735070635875065
15000,H8-V,415,n02776631/ILSVRC2012_val_00040240_n02776631,4,3,0.004754629762222369,0.13698817789554596,0.5580470959345499,0.024033918976783752,0.018453447769085567
15000,H8-V,415,n02776631/ILSVRC2012_val_00040240_n02776631,7,3,0.004449639779826005,0.1291714310646057,0.5279939770698547,0.022646722694238026,0.01736678307255109
15000,H8-V,415,n02776631/ILSVRC2012_val_00040240_n02776631,13,3,0.004223391879349947,0.12214003751675288,0.502101997534434,0.021458415935436886,0.016437395786245663
15000,H8-V,415,n02776631/ILSVRC2012_val_00040240_n02776631,19,3,0.00420010710755984,0.12034591784079869,0.4961359004179637,0.02119605801999569,0.01623469901581605
15000,H8-V,416,n02777292/ILSVRC2012_val_00003803_n02777292,1,3,0.011861670141418776,0.15002241979042688,0.5250172813733419,0.032114086051781975,0.02686391274134318
15000,H8-V,416,n02777292/ILSVRC2012_val_00003803_n02777292,4,3,0.004966592416167259,0.0696081171433131,0.41313507159550983,0.01605875479678313,0.011927404130498568
15000,H8-V,416,n02777292/ILSVRC2012_val_00003803_n02777292,7,3,0.004595673798273007,0.06620686749617259,0.3880884647369385,0.015097245884438356,0.011216361075639725
15000,H8-V,416,n02777292/ILSVRC2012_val_00003803_n02777292,13,3,0.00422583178927501,0.06369434297084808,0.36711185177167255,0.01426638476550579,0.010595266396800676
15000,H8-V,416,n02777292/ILSVRC2012_val_00003803_n02777292,19,3,0.004103944015999635,0.0632268562912941,0.3627593517303467,0.014054223584632078,0.010426629955569902
15000,H8-V,417,n02782093/ILSVRC2012_val_00047373_n02782093,1,3,0.018782842283447582,0.2026584893465042,0.9555716117223104,0.04860440889994303,0.039048692832390465
15000,H8-V,417,n02782093/ILSVRC2012_val_00047373_n02782093,4,3,0.012963249968985716,0.13497539361317953,0.8369600772857666,0.034830388923486076,0.026460789144039154
15000,H8-V,417,n02782093/ILSVRC2012_val_00047373_n02782093,7,3,0.012105619224409262,0.1271815150976181,0.8020521004994711,0.03284429137905439,0.02482377054790656
15000,H8-V,417,n02782093/ILSVRC2012_val_00047373_n02782093,13,3,0.011318162083625793,0.11745470762252808,0.7673184871673584,0.03073681704699993,0.02306363234917323
15000,H8-V,417,n02782093/ILSVRC2012_val_00047373_n02782093,19,3,0.01108826386431853,0.1138242135445277,0.7554010550181071,0.0300246961414814,0.022470685963829357
15000,H8-V,418,n02783161/ILSVRC2012_val_00001098_n02783161,1,3,0.0076638452398280306,0.19298560420672098,0.3731498718261719,0.03069390542805195,0.026962406933307648
15000,H8-V,418,n02783161/ILSVRC2012_val_00001098_n02783161,4,3,0.003369977232068777,0.07247265179951985,0.26317716638247174,0.013249014193813006,0.01061724250515302
15000,H8-V,418,n02783161/ILSVRC2012_val_00001098_n02783161,7,3,0.0031661707907915115,0.06828220188617706,0.24085009098052979,0.012402892423172792,0.009994391351938248
15000,H8-V,418,n02783161/ILSVRC2012_val_00001098_n02783161,13,3,0.002971969312056899,0.06345486640930176,0.22451083858807883,0.01156256472071012,0.009317456123729547
15000,H8-V,418,n02783161/ILSVRC2012_val_00001098_n02783161,19,3,0.0028901439315328994,0.061038050800561905,0.2230898787577947,0.011224847907821337,0.008993949120243391
15000,H8-V,419,n02786058/ILSVRC2012_val_00000400_n02786058,1,3,0.00788278691470623,0.20972641805807749,0.6059965888659159,0.03491539508104324,0.028855429341395695
15000,H8-V,419,n02786058/ILSVRC2012_val_00000400_n02786058,4,3,0.0029572388157248497,0.10526598244905472,0.4902811149756114,0.01838664834698041,0.013483837557335695
15000,H8-V,419,n02786058/ILSVRC2012_val_00000400_n02786058,7,3,0.002678587411840757,0.09872454156478246,0.4619988302389781,0.017171030243237812,0.012551041940848032
15000,H8-V,419,n02786058/ILSVRC2012_val_00000400_n02786058,13,3,0.00243075261823833,0.09102567782004674,0.43676575024922687,0.015900978197654087,0.011533320881426334
15000,H8-V,419,n02786058/ILSVRC2012_val_00000400_n02786058,19,3,0.002387496487547954,0.08858876923720042,0.43017592032750446,0.015548132670422396,0.011246373566488424
15000,H8-V,420,n02787622/ILSVRC2012_val_00042522_n02787622,1,3,0.013365676316122213,0.29363933205604553,0.7148720820744833,0.04987833028038343,0.04272960995634397
15000,H8-V,420,n02787622/ILSVRC2012_val_00042522_n02787622,4,3,0.004414551115284364,0.10433764507373174,0.5242896676063538,0.020091212665041287,0.014848315777877966
15000,H8-V,420,n02787622/ILSVRC2012_val_00042522_n02787622,7,3,0.004079982793579499,0.09610004474719365,0.4956306318442027,0.01864629363020261,0.01368998767187198
15000,H8-V,420,n02787622/ILSVRC2012_val_00042522_n02787622,13,3,0.003796738339588046,0.08830389628807704,0.47145188848177594,0.01734164667626222,0.012627128201226393
15000,H8-V,420,n02787622/ILSVRC2012_val_00042522_n02787622,19,3,0.0037311959701279798,0.0860905572772026,0.46663867433865863,0.017006638770302136,0.012340251977245012
15000,H8-V,421,n02788148/ILSVRC2012_val_00037788_n02788148,1,3,0.007398021873086691,0.16328238447507223,0.4916289746761322,0.028642550731698673,0.023726260910431545
15000,H8-V,421,n02788148/ILSVRC2012_val_00037788_n02788148,4,3,0.004478746249030034,0.10448117554187775,0.40477845072746277,0.01897464816768964,0.014926863834261894
15000,H8-V,421,n02788148/ILSVRC2012_val_00037788_n02788148,7,3,0.004163434108098348,0.09633228927850723,0.3806825975577037,0.017603489259878796,0.013796663222213587
15000,H8-V,421,n02788148/ILSVRC2012_val_00037788_n02788148,13,3,0.003907854047914346,0.08849932501713435,0.3629278043905894,0.01638706463078658,0.01275778686006864
15000,H8-V,421,n02788148/ILSVRC2012_val_00037788_n02788148,19,3,0.0038511079425613084,0.08578437318404515,0.3620455066363017,0.01605000098546346,0.012429545943935713
15000,H8-V,422,n02790996/ILSVRC2012_val_00036280_n02790996,1,3,0.011896892450749874,0.21843148271242777,0.791655421257019,0.041656595965226494,0.033740041156609855
15000,H8-V,422,n02790996/ILSVRC2012_val_00036280_n02790996,4,3,0.007742809597402811,0.14055564999580383,0.667190670967102,0.028470280890663464,0.021798374752203625
15000,H8-V,422,n02790996/ILSVRC2012_val_00036280_n02790996,7,3,0.007194124162197113,0.13220858573913574,0.6369588176409403,0.026784570887684822,0.02041498323281606
15000,H8-V,422,n02790996/ILSVRC2012_val_00036280_n02790996,13,3,0.006694969721138477,0.1191885198156039,0.6083358923594157,0.024697181458274525,0.018613822758197784
15000,H8-V,422,n02790996/ILSVRC2012_val_00036280_n02790996,19,3,0.0065414065805574255,0.11309107144673665,0.599192221959432,0.02384243595103423,0.01785051388045152
15000,H8-V,423,n02791124/ILSVRC2012_val_00001289_n02791124,1,3,0.00956476821253697,0.22897237042586008,0.7850892345110575,0.040312898655732475,0.032462005193034806
15000,H8-V,423,n02791124/ILSVRC2012_val_00001289_n02791124,4,3,0.005941378107915322,0.1608489453792572,0.668036142985026,0.028706634417176247,0.02202627311150233
15000,H8-V,423,n02791124/ILSVRC2012_val_00001289_n02791124,7,3,0.005526810729255279,0.15265774726867676,0.6335035562515259,0.027127620453635853,0.02079258548716704
15000,H8-V,423,n02791124/ILSVRC2012_val_00001289_n02791124,13,3,0.005110268481075764,0.14360077679157257,0.6006718277931213,0.02547706353167693,0.019470345849792164
15000,H8-V,423,n02791124/ILSVRC2012_val_00001289_n02791124,19,3,0.005002202776571115,0.14009215434392294,0.5913044810295105,0.0249244620402654,0.019011418024698894
15000,H8-V,424,n02791270/ILSVRC2012_val_00037657_n02791270,1,3,0.011401453365882238,0.19649036725362143,0.6043545603752136,0.03709403549631437,0.031050490215420723
15000,H8-V,424,n02791270/ILSVRC2012_val_00037657_n02791270,4,3,0.008026797169198593,0.13195866843064627,0.4869382977485657,0.026092047492663067,0.021222664664189022
15000,H8-V,424,n02791270/ILSVRC2012_val_00037657_n02791270,7,3,0.007549991675963004,0.12520675112803778,0.4603261848290761,0.02467392881711324,0.020070667068163555
15000,H8-V,424,n02791270/ILSVRC2012_val_00037657_n02791270,13,3,0.007115499737362067,0.12001422295967738,0.43718765179316205,0.023488798489173252,0.019116921971241634
15000,H8-V,424,n02791270/ILSVRC2012_val_00037657_n02791270,19,3,0.0070057848157982034,0.119750181833903,0.4320017794768016,0.0233008215824763,0.018980803589026134
15000,H8-V,425,n02793495/ILSVRC2012_val_00010809_n02793495,1,3,0.01611061270038287,0.25229895611604053,0.7307340502738953,0.048647849510113396,0.0413405088086923
15000,H8-V,425,n02793495/ILSVRC2012_val_00010809_n02793495,4,3,0.012276845363279184,0.17275658746560416,0.5992618004480997,0.03554512312014898,0.029552505041162174
15000,H8-V,425,n02793495/ILSVRC2012_val_00010809_n02793495,7,3,0.011802341478566328,0.1667423595984777,0.5706170797348022,0.0341827484468619,0.0284765778730313
15000,H8-V,425,n02793495/ILSVRC2012_val_00010809_n02793495,13,3,0.011378280197580656,0.1590543289979299,0.5443160136540731,0.03272687395413717,0.027283713221549988
15000,H8-V,425,n02793495/ILSVRC2012_val_00010809_n02793495,19,3,0.011285129313667616,0.15552937984466553,0.5374695062637329,0.032212761541207634,0.026838067298134167
15000,H8-V,426,n02794156/ILSVRC2012_val_00032123_n02794156,1,3,0.010999542661011219,0.15728260576725006,0.4737612307071686,0.031465416153271995,0.026727803672353428
15000,H8-V,426,n02794156/ILSVRC2012_val_00032123_n02794156,4,3,0.0029683016085376344,0.0696593647201856,0.34790881474812824,0.013413325573007265,0.00993423784772555
15000,H8-V,426,n02794156/ILSVRC2012_val_00032123_n02794156,7,3,0.0026724482886493206,0.06510904431343079,0.3230333626270294,0.012413686451812586,0.009183352502683798
15000,H8-V,426,n02794156/ILSVRC2012_val_00032123_n02794156,13,3,0.0024171496431032815,0.06103188544511795,0.30425429344177246,0.011562880749503771,0.008520338063438734
15000,H8-V,426,n02794156/ILSVRC2012_val_00032123_n02794156,19,3,0.0023599485866725445,0.059660752614339195,0.30215463042259216,0.011347570456564426,0.008326024127503237
15000,H8-V,427,n02795169/ILSVRC2012_val_00044303_n02795169,1,3,0.018737173328797024,0.13709379732608795,0.7720517118771871,0.04016706968347231,0.03244655206799507
15000,H8-V,427,n02795169/ILSVRC2012_val_00044303_n02795169,4,3,0.01265114980439345,0.10218921800454457,0.6592555046081543,0.029462626824776333,0.022870071853200596
15000,H8-V,427,n02795169/ILSVRC2012_val_00044303_n02795169,7,3,0.011989133432507515,0.0982533444960912,0.6278512477874756,0.02809298038482666,0.02181446800629298
15000,H8-V,427,n02795169/ILSVRC2012_val_00044303_n02795169,13,3,0.011450427894790968,0.09481871128082275,0.6000002026557922,0.026932300999760628,0.02093229939540227
15000,H8-V,427,n02795169/ILSVRC2012_val_00044303_n02795169,19,3,0.01134741585701704,0.09485587726036708,0.59299236536026,0.02676292695105076,0.02083300364514192
15000,H8-V,428,n02797295/ILSVRC2012_val_00005347_n02797295,1,3,0.01718256250023842,0.2827838559945424,0.8832601110140482,0.05429354930917422,0.045460948099692665
15000,H8-V,428,n02797295/ILSVRC2012_val_00005347_n02797295,4,3,0.008531706718107065,0.14593106508255005,0.6843787034352621,0.029968600099285442,0.02312481279174487
15000,H8-V,428,n02797295/ILSVRC2012_val_00005347_n02797295,7,3,0.00801316990206639,0.1387671927611033,0.6542836626370748,0.028432725618282955,0.021889889612793922
15000,H8-V,428,n02797295/ILSVRC2012_val_00005347_n02797295,13,3,0.007547173649072647,0.1322238196929296,0.6265832384427389,0.027035387853781383,0.02076955574254195
15000,H8-V,428,n02797295/ILSVRC2012_val_00005347_n02797295,19,3,0.007453147477159898,0.13029012580712637,0.6187703013420105,0.026669862990578014,0.02048216015100479
15000,H8-V,429,n02799071/ILSVRC2012_val_00021134_n02799071,1,3,0.01612950147440036,0.16683025161425272,0.8741786479949951,0.04155431315302849,0.03281252707044283
15000,H8-V,429,n02799071/ILSVRC2012_val_00021134_n02799071,4,3,0.012480862438678741,0.09326802442471187,0.7286587556203207,0.02909425211449464,0.021807664384444553
15000,H8-V,429,n02799071/ILSVRC2012_val_00021134_n02799071,7,3,0.012056640970210234,0.09046572943528493,0.6955468654632568,0.028058682878812153,0.021103213851650555
15000,H8-V,429,n02799071/ILSVRC2012_val_00021134_n02799071,13,3,0.011734484074016413,0.08684728294610977,0.6634750366210938,0.027053962151209515,0.02041921205818653
15000,H8-V,429,n02799071/ILSVRC2012_val_00021134_n02799071,19,3,0.011687114834785461,0.08576716482639313,0.6524582107861837,0.026788414145509403,0.020263832062482834
15000,H8-V,430,n02802426/ILSVRC2012_val_00038899_n02802426,1,3,0.010897231133033832,0.19150428970654806,0.6887434522310892,0.036935096606612206,0.030047661314407986
15000,H8-V,430,n02802426/ILSVRC2012_val_00038899_n02802426,4,3,0.0037029678157220283,0.09229910125335057,0.5441572666168213,0.018374450504779816,0.012932877987623215
15000,H8-V,430,n02802426/ILSVRC2012_val_00038899_n02802426,7,3,0.0033080574745933213,0.0854704553882281,0.5124825437863668,0.016979928438862164,0.011855103075504303
15000,H8-V,430,n02802426/ILSVRC2012_val_00038899_n02802426,13,3,0.002938691060990095,0.07819239298502605,0.48290275533994037,0.015586957956353823,0.0107579305768013
15000,H8-V,430,n02802426/ILSVRC2012_val_00038899_n02802426,19,3,0.002838974663366874,0.07621892541646957,0.47457196315129596,0.015206586879988512,0.010460867546498775
15000,H8-V,431,n02804414/ILSVRC2012_val_00008402_n02804414,1,3,0.010357361907760302,0.24431666235129038,0.41343637307484943,0.038923392072319984,0.03478902826706568
15000,H8-V,431,n02804414/ILSVRC2012_val_00008402_n02804414,4,3,0.003675867881005009,0.09100902080535889,0.2695988416671753,0.015472758871813616,0.012776770628988743
15000,H8-V,431,n02804414/ILSVRC2012_val_00008402_n02804414,7,3,0.003460302483290434,0.08514792223771413,0.24588413536548615,0.014433936215937138,0.01197509498645862
15000,H8-V,431,n02804414/ILSVRC2012_val_00008402_n02804414,13,3,0.003231931012123823,0.07799287140369415,0.22894654671351114,0.013320683501660824,0.011031218183537325
15000,H8-V,431,n02804414/ILSVRC2012_val_00008402_n02804414,19,3,0.0031586043381442628,0.07472029328346252,0.22807557384173074,0.012911389271418253,0.010630633682012558
15000,H8-V,432,n02804610/ILSVRC2012_val_00033629_n02804610,1,3,0.026227188607056934,0.24352150162061056,1.584627628326416,0.06642561530073483,0.05057933802405993
15000,H8-V,432,n02804610/ILSVRC2012_val_00033629_n02804610,4,3,0.015554266981780529,0.16729097565015158,1.4019211133321126,0.046302574376265206,0.03228336448470751
15000,H8-V,432,n02804610/ILSVRC2012_val_00033629_n02804610,7,3,0.014228671168287596,0.15717409054438272,1.3597245613733928,0.043543326358000435,0.029946081340312958
15000,H8-V,432,n02804610/ILSVRC2012_val_00033629_n02804610,13,3,0.013348964663843313,0.15112309157848358,1.316535194714864,0.04162662476301193,0.028461274380485218
15000,H8-V,432,n02804610/ILSVRC2012_val_00033629_n02804610,19,3,0.013170802034437656,0.149557426571846,1.3019976615905762,0.04114652300874392,0.028126545250415802
15000,H8-V,433,n02807133/ILSVRC2012_val_00049413_n02807133,1,3,0.01669651921838522,0.18302077054977417,0.7777498165766398,0.04277609412868818,0.03499859571456909
15000,H8-V,433,n02807133/ILSVRC2012_val_00049413_n02807133,4,3,0.009820358827710152,0.11602273831764857,0.6389451225598654,0.027812083562215168,0.02142263265947501
15000,H8-V,433,n02807133/ILSVRC2012_val_00049413_n02807133,7,3,0.00915212028970321,0.10975246131420135,0.6073414087295532,0.026200780024131138,0.020127365986506145
15000,H8-V,433,n02807133/ILSVRC2012_val_00049413_n02807133,13,3,0.008523319537440935,0.10284567375977834,0.5770460367202759,0.02457834780216217,0.018807887410124142
15000,H8-V,433,n02807133/ILSVRC2012_val_00049413_n02807133,19,3,0.008335632272064686,0.10003585120042165,0.567665696144104,0.02401587429145972,0.018339217950900395
15000,H8-V,434,n02808304/ILSVRC2012_val_00019021_n02808304,1,3,0.011592268322904905,0.2191071460644404,0.6110634605089823,0.03961361820499102,0.03350298417111238
15000,H8-V,434,n02808304/ILSVRC2012_val_00019021_n02808304,4,3,0.004970892022053401,0.10587649295727412,0.4690641562143962,0.020249182358384132,0.015558541441957155
15000,H8-V,434,n02808304/ILSVRC2012_val_00019021_n02808304,7,3,0.004584336498131354,0.09708098073800404,0.4427080452442169,0.01871951607366403,0.014292435099681219
15000,H8-V,434,n02808304/ILSVRC2012_val_00019021_n02808304,13,3,0.004282138931254546,0.09022719164689381,0.42024295528729755,0.017507287363211315,0.013304858158032099
15000,H8-V,434,n02808304/ILSVRC2012_val_00019021_n02808304,19,3,0.0042152670212090015,0.08867555608352025,0.41507333517074585,0.017233555515607197,0.013082822474340597
15000,H8-V,435,n02808440/ILSVRC2012_val_00015881_n02808440,1,3,0.03440177688995997,0.30108338097731274,0.999921719233195,0.0745093325773875,0.06451011449098587
15000,H8-V,435,n02808440/ILSVRC2012_val_00015881_n02808440,4,3,0.027613115807374317,0.17488010227680206,0.8226522008577982,0.053327648590008415,0.045101127276817955
15000,H8-V,435,n02808440/ILSVRC2012_val_00015881_n02808440,7,3,0.026724778736631077,0.16734437147776285,0.7890075246493021,0.05134929219881693,0.04345921675364176
15000,H8-V,435,n02808440/ILSVRC2012_val_00015881_n02808440,13,3,0.02587091860671838,0.15924877425034842,0.7558947602907816,0.04935474321246147,0.04179579640428225
15000,H8-V,435,n02808440/ILSVRC2012_val_00015881_n02808440,19,3,0.025587004298965137,0.15637766818205515,0.744697093963623,0.0486717422803243,0.041224771489699684
15000,H8-V,436,n02814533/ILSVRC2012_val_00037160_n02814533,1,3,0.02096591827770074,0.25964384774367016,0.950927714506785,0.056439582258462906,0.04693030441800753
15000,H8-V,436,n02814533/ILSVRC2012_val_00037160_n02814533,4,3,0.013471421475211779,0.14663560191790262,0.7779263257980347,0.035914244751135506,0.028134981791178387
15000,H8-V,436,n02814533/ILSVRC2012_val_00037160_n02814533,7,3,0.012779797116915384,0.13960797588030496,0.7428844372431437,0.034169437984625496,0.026740594456593197
15000,H8-V,436,n02814533/ILSVRC2012_val_00037160_n02814533,13,3,0.01214184487859408,0.13199239472548166,0.7099437514940897,0.0324405220647653,0.025341084226965904
15000,H8-V,436,n02814533/ILSVRC2012_val_00037160_n02814533,19,3,0.011946842384835085,0.1302316039800644,0.7006291349728903,0.03197629377245903,0.024970002472400665
15000,H8-V,437,n02814860/ILSVRC2012_val_00035911_n02814860,1,3,0.006958977474520604,0.1298025200764338,0.5606976747512817,0.025546206161379814,0.019939229513208073
15000,H8-V,437,n02814860/ILSVRC2012_val_00035911_n02814860,4,3,0.004546879790723324,0.08894158651431401,0.4585550328095754,0.01802658848464489,0.013441038317978382
15000,H8-V,437,n02814860/ILSVRC2012_val_00035911_n02814860,7,3,0.004211628654350837,0.08477735022703807,0.43103696902592975,0.016999733323852222,0.012689363832275072
15000,H8-V,437,n02814860/ILSVRC2012_val_00035911_n02814860,13,3,0.003919802373275161,0.078957532842954,0.4074363112449646,0.01588991843163967,0.01181555570413669
15000,H8-V,437,n02814860/ILSVRC2012_val_00035911_n02814860,19,3,0.003822105238214135,0.07592984785636266,0.40232014656066895,0.015438291244208813,0.011415090101460615
15000,H8-V,438,n02815834/ILSVRC2012_val_00046614_n02815834,1,3,0.007223102108885844,0.23988784849643707,0.8908963004748026,0.04012085124850273,0.031211887796719868
15000,H8-V,438,n02815834/ILSVRC2012_val_00046614_n02815834,4,3,0.004416062496602535,0.14991876979668936,0.7600038051605225,0.027007977788647015,0.01940793978671233
15000,H8-V,438,n02815834/ILSVRC2012_val_00046614_n02815834,7,3,0.0038464051516105733,0.13663844764232635,0.7249605258305868,0.02475985512137413,0.017510250210762024
15000,H8-V,438,n02815834/ILSVRC2012_val_00046614_n02815834,13,3,0.003453374064217011,0.12619613111019135,0.6912423968315125,0.022985410566131275,0.016072986647486687
15000,H8-V,438,n02815834/ILSVRC2012_val_00046614_n02815834,19,3,0.0033463588915765285,0.12108399470647176,0.6803442239761353,0.022258200993140537,0.015454758889973164
15000,H8-V,439,n02817516/ILSVRC2012_val_00011116_n02817516,1,3,0.025199121485153835,0.23833073675632477,1.2762196858723958,0.06179439276456833,0.049032196402549744
15000,H8-V,439,n02817516/ILSVRC2012_val_00011116_n02817516,4,3,0.019039568801720936,0.17188588778177896,1.1223441362380981,0.04745160167415937,0.0362281600634257
15000,H8-V,439,n02817516/ILSVRC2012_val_00011116_n02817516,7,3,0.01803276998301347,0.1673379639784495,1.0802299578984578,0.045568867276112236,0.03476656725009283
15000,H8-V,439,n02817516/ILSVRC2012_val_00011116_n02817516,13,3,0.017126556485891342,0.16281276941299438,1.0387677748998005,0.04379551112651825,0.03340783342719078
15000,H8-V,439,n02817516/ILSVRC2012_val_00011116_n02817516,19,3,0.016907929132382076,0.16049139698346457,1.0253581603368123,0.04321064924200376,0.032957068334023155
15000,H8-V,440,n02823428/ILSVRC2012_val_00034979_n02823428,1,3,0.029415594413876534,0.22928765416145325,1.038429578145345,0.06272865707675616,0.052344360699256264
15000,H8-V,440,n02823428/ILSVRC2012_val_00034979_n02823428,4,3,0.016516761854290962,0.13320975005626678,0.8567057450612386,0.038404795030752815,0.029837737480799358
15000,H8-V,440,n02823428/ILSVRC2012_val_00034979_n02823428,7,3,0.015348585632940134,0.12566463152567545,0.8197929859161377,0.036112980296214424,0.027915049344301224
15000,H8-V,440,n02823428/ILSVRC2012_val_00034979_n02823428,13,3,0.014560051262378693,0.12024413049221039,0.7834511399269104,0.03441897531350454,0.026584464435776074
15000,H8-V,440,n02823428/ILSVRC2012_val_00034979_n02823428,19,3,0.014474287939568361,0.11944973468780518,0.7719711860020956,0.03413897380232811,0.026419262091318767
15000,H8-V,441,n02823750/ILSVRC2012_val_00007874_n02823750,1,3,0.017680806418259937,0.28087521096070606,1.1188636620839436,0.056956964234511055,0.04576832801103592
15000,H8-V,441,n02823750/ILSVRC2012_val_00007874_n02823750,4,3,0.009383961247901121,0.14586920042832693,0.9218400915463766,0.03318928306301435,0.02397088147699833
15000,H8-V,441,n02823750/ILSVRC2012_val_00007874_n02823750,7,3,0.008810454358657202,0.13978299995263418,0.8856840133666992,0.031645593543847404,0.02278875435392062
15000,H8-V,441,n02823750/ILSVRC2012_val_00007874_n02823750,13,3,0.008261699539919695,0.13397833704948425,0.84954833984375,0.030155017351110775,0.021659533803661663
15000,H8-V,441,n02823750/ILSVRC2012_val_00007874_n02823750,19,3,0.008107582107186317,0.13078912595907846,0.8376966714859009,0.029563461740811665,0.021186495199799538
15000,H8-V,442,n02825657/ILSVRC2012_val_00004562_n02825657,1,3,0.012110039591789246,0.2115813990434011,0.48245426019032794,0.0380927212536335,0.033268179123600326
15000,H8-V,442,n02825657/ILSVRC2012_val_00004562_n02825657,4,3,0.0053027025423944,0.0947040319442749,0.3572559158007304,0.018345664565761883,0.014773105892042318
15000,H8-V,442,n02825657/ILSVRC2012_val_00004562_n02825657,7,3,0.0049920726257065935,0.09023106346527736,0.33372825384140015,0.017352461193998654,0.014015179127454758
15000,H8-V,442,n02825657/ILSVRC2012_val_00004562_n02825657,13,3,0.004717443448801835,0.0859794169664383,0.31608693798383075,0.016476255531112354,0.013315385828415552
15000,H8-V,442,n02825657/ILSVRC2012_val_00004562_n02825657,19,3,0.0046321482708056765,0.08391146113475163,0.31458937128384906,0.01616918792327245,0.013023294198016325
15000,H8-V,443,n02834397/ILSVRC2012_val_00011752_n02834397,1,3,0.015521906316280365,0.23434749245643616,0.7221428155899048,0.04617808386683464,0.03895665456851324
15000,H8-V,443,n02834397/ILSVRC2012_val_00011752_n02834397,4,3,0.012107466347515583,0.16921847065289816,0.6102865139643351,0.03513217717409134,0.029029314095775288
15000,H8-V,443,n02834397/ILSVRC2012_val_00011752_n02834397,7,3,0.01161031269778808,0.1619119793176651,0.5808748404184977,0.03361025949319204,0.02780151056746642
15000,H8-V,443,n02834397/ILSVRC2012_val_00011752_n02834397,13,3,0.01110725849866867,0.1532971908648809,0.5545441309611002,0.03198241939147314,0.026436977709333103
15000,H8-V,443,n02834397/ILSVRC2012_val_00011752_n02834397,19,3,0.010961036197841167,0.1498722086350123,0.5478843847910563,0.031427101542552315,0.0259482574959596
15000,H8-V,444,n02835271/ILSVRC2012_val_00037658_n02835271,1,3,0.011664417882760366,0.25799571971098584,0.7082682251930237,0.04454667121171951,0.03746398910880089
15000,H8-V,444,n02835271/ILSVRC2012_val_00037658_n02835271,4,3,0.009018807051082453,0.14573665459950766,0.5858244895935059,0.02945071707169215,0.023592472697297733
15000,H8-V,444,n02835271/ILSVRC2012_val_00037658_n02835271,7,3,0.008230970862011114,0.1373081256945928,0.5561780532201132,0.02752356417477131,0.02196178399026394
15000,H8-V,444,n02835271/ILSVRC2012_val_00037658_n02835271,13,3,0.007600090155998866,0.12977556387583414,0.5288585225741068,0.025866232812404633,0.020577647412816685
15000,H8-V,444,n02835271/ILSVRC2012_val_00037658_n02835271,19,3,0.007429600693285465,0.12703228990236917,0.521113653977712,0.025343966359893482,0.020132829745610554
15000,H8-V,445,n02837789/ILSVRC2012_val_00018702_n02837789,1,3,0.013341796584427357,0.18922043343385062,0.7514189680417379,0.03977803016702334,0.032263840859134994
15000,H8-V,445,n02837789/ILSVRC2012_val_00018702_n02837789,4,3,0.008912712646027407,0.13372933864593506,0.6285284558931986,0.028570930783947308,0.02228564644853274
15000,H8-V,445,n02837789/ILSVRC2012_val_00018702_n02837789,7,3,0.007772768381983042,0.12316156178712845,0.5970178445180258,0.02605910288790862,0.020088924715916317
15000,H8-V,445,n02837789/ILSVRC2012_val_00018702_n02837789,13,3,0.0068784790734450025,0.11133692413568497,0.5677802364031473,0.02368997409939766,0.01801217223207156
15000,H8-V,445,n02837789/ILSVRC2012_val_00018702_n02837789,19,3,0.00666189876695474,0.10897921522458394,0.5599205493927002,0.023159026478727657,0.017559820786118507
15000,H8-V,446,n02840245/ILSVRC2012_val_00011302_n02840245,1,3,0.003747856089224418,0.1318659707903862,0.43362176418304443,0.021270671859383583,0.01693445382018884
15000,H8-V,446,n02840245/ILSVRC2012_val_00011302_n02840245,4,3,0.002666012461607655,0.09354131668806076,0.34843867023785907,0.015504530941446623,0.012020144301156202
15000,H8-V,446,n02840245/ILSVRC2012_val_00011302_n02840245,7,3,0.002536929833392302,0.09072443842887878,0.3258449633916219,0.01486782388140758,0.011609374235073725
15000,H8-V,446,n02840245/ILSVRC2012_val_00011302_n02840245,13,3,0.0024315674478809037,0.08935721963644028,0.3093783458073934,0.014461072472234568,0.01136728934943676
15000,H8-V,446,n02840245/ILSVRC2012_val_00011302_n02840245,19,3,0.0024121812699983516,0.08824385702610016,0.30854372183481854,0.014322004280984402,0.011236567050218582
15000,H8-V,447,n02841315/ILSVRC2012_val_00016652_n02841315,1,3,0.0192764059950908,0.18758981426556906,0.9008085529009501,0.04704347252845764,0.038035387794176735
15000,H8-V,447,n02841315/ILSVRC2012_val_00016652_n02841315,4,3,0.013573203546305498,0.1355169117450714,0.7644773721694946,0.034769667933384575,0.02712489478290081
15000,H8-V,447,n02841315/ILSVRC2012_val_00016652_n02841315,7,3,0.012897645744184652,0.12953916688760123,0.731958289941152,0.03317114462455114,0.025851561998327572
15000,H8-V,447,n02841315/ILSVRC2012_val_00016652_n02841315,13,3,0.012254655671616396,0.12351008752981822,0.7007405559221903,0.03161307113866011,0.024605664735039074
15000,H8-V,447,n02841315/ILSVRC2012_val_00016652_n02841315,19,3,0.012071905036767324,0.12153027206659317,0.6912556489308676,0.03113748940328757,0.02422493261595567
15000,H8-V,448,n02843684/ILSVRC2012_val_00013138_n02843684,1,3,0.00829821452498436,0.26669709881146747,0.7905190785725912,0.04287311310569445,0.03496792291601499
15000,H8-V,448,n02843684/ILSVRC2012_val_00013138_n02843684,4,3,0.003934451068441073,0.1443866789340973,0.6313161253929138,0.02468628001709779,0.018373118713498116
15000,H8-V,448,n02843684/ILSVRC2012_val_00013138_n02843684,7,3,0.00363420438952744,0.1380782574415207,0.598064104715983,0.023422671481966972,0.01744203083217144
15000,H8-V,448,n02843684/ILSVRC2012_val_00013138_n02843684,13,3,0.003366923270126184,0.1322373847166697,0.5678860743840536,0.022269522150357563,0.016590661679704983
15000,H8-V,448,n02843684/ILSVRC2012_val_00013138_n02843684,19,3,0.0032866578549146652,0.13091119130452475,0.5598834951718649,0.021976611266533535,0.016377776861190796
15000,H8-V,449,n02859443/ILSVRC2012_val_00000724_n02859443,1,3,0.013965624695022901,0.20080926020940146,0.644243319829305,0.04048898567756017,0.03404655183355013
15000,H8-V,449,n02859443/ILSVRC2012_val_00000724_n02859443,4,3,0.008498036613066992,0.1365958402554194,0.5246711174647013,0.02740433191259702,0.022157620638608932
15000,H8-V,449,n02859443/ILSVRC2012_val_00000724_n02859443,7,3,0.008109461205701033,0.13128976027170816,0.49646087487538654,0.02620304562151432,0.02123843754331271
15000,H8-V,449,n02859443/ILSVRC2012_val_00000724_n02859443,13,3,0.007793317704151074,0.12628385672966638,0.47089489301045734,0.025130652512113254,0.020421703656514485
15000,H8-V,449,n02859443/ILSVRC2012_val_00000724_n02859443,19,3,0.007716921623796225,0.12536112715800604,0.464021493991216,0.024893249074618023,0.020253034308552742
15000,H8-V,450,n02860847/ILSVRC2012_val_00004620_n02860847,1,3,0.021556898951530457,0.20526020725568137,1.3782856464385986,0.05586577827731768,0.04208292067050934
15000,H8-V,450,n02860847/ILSVRC2012_val_00004620_n02860847,4,3,0.013753164559602737,0.13807980716228485,1.2226186990737915,0.0397873322168986,0.027561144903302193
15000,H8-V,450,n02860847/ILSVRC2012_val_00004620_n02860847,7,3,0.01283417921513319,0.13055708010991415,1.1801749070485432,0.037691635390122734,0.025889887164036434
15000,H8-V,450,n02860847/ILSVRC2012_val_00004620_n02860847,13,3,0.01200867723673582,0.12243533382813136,1.139253854751587,0.035644748558600746,0.024252210433284443
15000,H8-V,450,n02860847/ILSVRC2012_val_00004620_n02860847,19,3,0.011839445369939009,0.12182888140281041,1.1268473068873088,0.03529080624381701,0.024022333323955536
15000,H8-V,451,n02865351/ILSVRC2012_val_00008265_n02865351,1,3,0.013688271244366964,0.16773338615894318,1.0580987930297852,0.041042596101760864,0.030461609984437626
15000,H8-V,451,n02865351/ILSVRC2012_val_00008265_n02865351,4,3,0.010072947790225347,0.11652581145366032,0.9155929088592529,0.03088145765165488,0.021725529183944065
15000,H8-V,451,n02865351/ILSVRC2012_val_00008265_n02865351,7,3,0.009350610276063284,0.10934831202030182,0.877416988213857,0.029059610640009243,0.02028544122974078
15000,H8-V,451,n02865351/ILSVRC2012_val_00008265_n02865351,13,3,0.008748913804690043,0.10443128893772761,0.8385310570398966,0.027577353020509083,0.019192043070991833
15000,H8-V,451,n02865351/ILSVRC2012_val_00008265_n02865351,19,3,0.00860872274885575,0.1034050186475118,0.825568159421285,0.027204905947049458,0.018949224924047787
15000,H8-V,452,n02869837/ILSVRC2012_val_00033752_n02869837,1,3,0.00933163147419691,0.14607363939285278,0.6720046003659567,0.03065904105703036,0.023938994854688644
15000,H8-V,452,n02869837/ILSVRC2012_val_00033752_n02869837,4,3,0.005500920582562685,0.09140122185150783,0.5827215512593588,0.02046825736761093,0.014641042798757553
15000,H8-V,452,n02869837/ILSVRC2012_val_00033752_n02869837,7,3,0.005035789062579473,0.08589022109905879,0.5515072147051493,0.019139882797996204,0.013624811234573523
15000,H8-V,452,n02869837/ILSVRC2012_val_00033752_n02869837,13,3,0.004592700240512689,0.08119804660479228,0.5230512420336405,0.017943016563852627,0.012712504714727402
15000,H8-V,452,n02869837/ILSVRC2012_val_00033752_n02869837,19,3,0.004456156554321448,0.08048179497321446,0.5160580078760783,0.017664916813373566,0.012504336424171925
15000,H8-V,453,n02870880/ILSVRC2012_val_00012376_n02870880,1,3,0.008855111741771301,0.21390765408674875,0.39279905954996747,0.03417386797567209,0.03024587718149026
15000,H8-V,453,n02870880/ILSVRC2012_val_00012376_n02870880,4,3,0.0029481969928989806,0.06502655645211537,0.24692436556021372,0.01192009604225556,0.009450852560500303
15000,H8-V,453,n02870880/ILSVRC2012_val_00012376_n02870880,7,3,0.0027856508580346904,0.06292510901888211,0.22496865689754486,0.01132784845928351,0.009078161790966988
15000,H8-V,453,n02870880/ILSVRC2012_val_00012376_n02870880,13,3,0.002635661124562224,0.0604351411263148,0.21032965183258057,0.010782471857964993,0.008679175438980261
15000,H8-V,453,n02870880/ILSVRC2012_val_00012376_n02870880,19,3,0.002611352518821756,0.05906519417961439,0.21174509823322296,0.010635323201616606,0.00851787223170201
15000,H8-V,454,n02871525/ILSVRC2012_val_00034004_n02871525,1,3,0.027213916803399723,0.2705091784397761,1.1394364436467488,0.06565920015176137,0.05426483477155367
15000,H8-V,454,n02871525/ILSVRC2012_val_00034004_n02871525,4,3,0.015138321866591772,0.15341844658056894,0.93520188331604,0.03983218471209208,0.030480166897177696
15000,H8-V,454,n02871525/ILSVRC2012_val_00034004_n02871525,7,3,0.014303094086547693,0.14574511349201202,0.8963523904482523,0.037841130048036575,0.02887760599454244
15000,H8-V,454,n02871525/ILSVRC2012_val_00034004_n02871525,13,3,0.013595617997149626,0.1388990432024002,0.8580409487088522,0.03606593112150828,0.027485522131125133
15000,H8-V,454,n02871525/ILSVRC2012_val_00034004_n02871525,19,3,0.013415584030250708,0.13724123438199362,0.8459214766820272,0.03559892252087593,0.027139707778890926
15000,H8-V,455,n02877765/ILSVRC2012_val_00021639_n02877765,1,3,0.022427568212151527,0.205678328871727,1.259866992632548,0.05559407050410906,0.04299540196855863
15000,H8-V,455,n02877765/ILSVRC2012_val_00021639_n02877765,4,3,0.013269328512251377,0.10774162163337071,1.0591017405192058,0.03463450695077578,0.02404349111020565
15000,H8-V,455,n02877765/ILSVRC2012_val_00021639_n02877765,7,3,0.01238183801372846,0.10203973203897476,1.0204557577768962,0.032790367801984154,0.022585811093449593
15000,H8-V,455,n02877765/ILSVRC2012_val_00021639_n02877765,13,3,0.011688124388456345,0.0970319112141927,0.9815353949864706,0.03120666928589344,0.021391315385699272
15000,H8-V,455,n02877765/ILSVRC2012_val_00021639_n02877765,19,3,0.011559484216074148,0.09515004605054855,0.9676507711410522,0.03075099674363931,0.021074488759040833
15000,H8-V,456,n02879718/ILSVRC2012_val_00006182_n02879718,1,3,0.008441465285917124,0.20070975025494894,0.5285868247350057,0.03379830718040466,0.028512440000971157
15000,H8-V,456,n02879718/ILSVRC2012_val_00006182_n02879718,4,3,0.004154655151069164,0.1148541842897733,0.4127953549226125,0.019768026967843372,0.015640073145429294
15000,H8-V,456,n02879718/ILSVRC2012_val_00006182_n02879718,7,3,0.003849917867531379,0.10935389747222264,0.38673349221547443,0.018652642145752907,0.014785307769974073
15000,H8-V,456,n02879718/ILSVRC2012_val_00006182_n02879718,13,3,0.0035783370646337667,0.10388824343681335,0.3658316135406494,0.017625477785865467,0.013967161998152733
15000,H8-V,456,n02879718/ILSVRC2012_val_00006182_n02879718,19,3,0.0034829878713935614,0.10152483979860942,0.36245129505793255,0.017259985208511353,0.013635472394526005
15000,H8-V,457,n02883205/ILSVRC2012_val_00039581_n02883205,1,3,0.006777549472947915,0.17381121714909872,0.5271308422088623,0.029429979622364044,0.024158672119180363
15000,H8-V,457,n02883205/ILSVRC2012_val_00039581_n02883205,4,3,0.0043346321520706015,0.10580126692851384,0.4242363969484965,0.019157123441497486,0.014914759434759617
15000,H8-V,457,n02883205/ILSVRC2012_val_00039581_n02883205,7,3,0.004113935399800539,0.10037088890870412,0.3977958758672078,0.018128983055551846,0.014151024321715036
15000,H8-V,457,n02883205/ILSVRC2012_val_00039581_n02883205,13,3,0.004024824593216181,0.09899551918109258,0.3767459491888682,0.01769183638195197,0.013924377039074898
15000,H8-V,457,n02883205/ILSVRC2012_val_00039581_n02883205,19,3,0.004119906419267257,0.10142616430918376,0.37366148829460144,0.017999138062198956,0.014262522881229719
15000,H8-V,458,n02892201/ILSVRC2012_val_00027456_n02892201,1,3,0.0104928994551301,0.25032144288221997,0.6786686579386393,0.04231173172593117,0.0355250450472037
15000,H8-V,458,n02892201/ILSVRC2012_val_00027456_n02892201,4,3,0.0066543676269551115,0.16192949811617532,0.5393351117769877,0.028240668897827465,0.02284731778005759
15000,H8-V,458,n02892201/ILSVRC2012_val_00027456_n02892201,7,3,0.006293664996822675,0.15483980377515158,0.511010746161143,0.02688775273660819,0.021777645995219547
15000,H8-V,458,n02892201/ILSVRC2012_val_00027456_n02892201,13,3,0.005970589816570282,0.14702393611272177,0.4866427381833394,0.025539409990111988,0.020672983179489773
15000,H8-V,458,n02892201/ILSVRC2012_val_00027456_n02892201,19,3,0.005871124720821778,0.14505288004875183,0.4813389877478282,0.025189802050590515,0.02037641281882922
15000,H8-V,459,n02892767/ILSVRC2012_val_00029015_n02892767,1,3,0.00541206596729656,0.16124673187732697,0.46591389179229736,0.02619587940474351,0.021536740163962047
15000,H8-V,459,n02892767/ILSVRC2012_val_00029015_n02892767,4,3,0.0024772376442948976,0.09289504836002986,0.36950061718622845,0.015461748465895653,0.011766742604474226
15000,H8-V,459,n02892767/ILSVRC2012_val_00029015_n02892767,7,3,0.002199969564874967,0.08453318228324254,0.3423255483309428,0.014076543661455313,0.010653288414080938
15000,H8-V,459,n02892767/ILSVRC2012_val_00029015_n02892767,13,3,0.0019341983910029132,0.07605524112780888,0.32092973589897156,0.012749020010232925,0.009539722775419554
15000,H8-V,459,n02892767/ILSVRC2012_val_00029015_n02892767,19,3,0.0018806001947571833,0.0743675281604131,0.31780169407526654,0.012495369339982668,0.009317352746923765
15000,H8-V,460,n02894605/ILSVRC2012_val_00003389_n02894605,1,3,0.005613456945866346,0.21449937423070273,0.5095221002896627,0.032158615067601204,0.027063395207126934
15000,H8-V,460,n02894605/ILSVRC2012_val_00003389_n02894605,4,3,0.0031445169200499854,0.11291365573803584,0.39144672950108844,0.018350349739193916,0.014435882369677225
15000,H8-V,460,n02894605/ILSVRC2012_val_00003389_n02894605,7,3,0.0029914151721944413,0.1081731840968132,0.3676692048708598,0.017485424876213074,0.01380873347322146
15000,H8-V,460,n02894605/ILSVRC2012_val_00003389_n02894605,13,3,0.0028754739711682,0.10409651448329289,0.34961647788683575,0.016781290372212727,0.013285125916202864
15000,H8-V,460,n02894605/ILSVRC2012_val_00003389_n02894605,19,3,0.0028628025514384112,0.10303932428359985,0.3478139340877533,0.016644874587655067,0.01316673525919517
15000,H8-V,461,n02895154/ILSVRC2012_val_00021348_n02895154,1,3,0.01102592796087265,0.12724677721659342,0.45779741803805035,0.028328579540054005,0.023750605682531994
15000,H8-V,461,n02895154/ILSVRC2012_val_00021348_n02895154,4,3,0.006842373249431451,0.07956161846717198,0.37453298767407733,0.018543865531682968,0.014798535654942194
15000,H8-V,461,n02895154/ILSVRC2012_val_00021348_n02895154,7,3,0.006240262184292078,0.07506730904181798,0.34748531381289166,0.0172218456864357,0.01374699299534162
15000,H8-V,461,n02895154/ILSVRC2012_val_00021348_n02895154,13,3,0.0056436074276765185,0.07021892815828323,0.3239667812983195,0.015905168528358143,0.0126655005539457
15000,H8-V,461,n02895154/ILSVRC2012_val_00021348_n02895154,19,3,0.005452996275077264,0.0680120587348938,0.31855878233909607,0.01543978943179051,0.0122542018070817
15000,H8-V,462,n02906734/ILSVRC2012_val_00042973_n02906734,1,3,0.028180646399656933,0.24080566068490347,0.8055975039800009,0.0603171872595946,0.052261212219794594
15000,H8-V,462,n02906734/ILSVRC2012_val_00042973_n02906734,4,3,0.022631992275516193,0.161028782526652,0.6715502738952637,0.045450374484062195,0.038734870652357735
15000,H8-V,462,n02906734/ILSVRC2012_val_00042973_n02906734,7,3,0.021803845341006916,0.15555175145467123,0.6379936933517456,0.043738958736260734,0.03735902160406113
15000,H8-V,462,n02906734/ILSVRC2012_val_00042973_n02906734,13,3,0.02097905861834685,0.14968528350194296,0.6066274245580038,0.04201386123895645,0.03594758858283361
15000,H8-V,462,n02906734/ILSVRC2012_val_00042973_n02906734,19,3,0.020689764991402626,0.1479895661274592,0.597933808962504,0.041468060264984764,0.035488722225030266
15000,H8-V,463,n02909870/ILSVRC2012_val_00042290_n02909870,1,3,0.012104779792328676,0.1560320109128952,0.6207450032234192,0.03391543154915174,0.027707981566588085
15000,H8-V,463,n02909870/ILSVRC2012_val_00042290_n02909870,4,3,0.0072352744949360686,0.0963887944817543,0.5156008203824362,0.02203016293545564,0.016874154408772785
15000,H8-V,463,n02909870/ILSVRC2012_val_00042290_n02909870,7,3,0.006764516079177459,0.08959455291430156,0.4874218801657359,0.020598191147049267,0.015723971960445244
15000,H8-V,463,n02909870/ILSVRC2012_val_00042290_n02909870,13,3,0.006284741219133139,0.08134528249502182,0.46306876341501874,0.019049956773718197,0.014419269437591234
15000,H8-V,463,n02909870/ILSVRC2012_val_00042290_n02909870,19,3,0.0061025763861835,0.07758236428101857,0.4574495156606038,0.01843530808885892,0.013860813031593958
15000,H8-V,464,n02910353/ILSVRC2012_val_00012854_n02910353,1,3,0.012196654453873634,0.1931441823641459,0.592780868212382,0.037438880652189255,0.03151107206940651
15000,H8-V,464,n02910353/ILSVRC2012_val_00012854_n02910353,4,3,0.007267271634191275,0.10368966559569041,0.4770076970259349,0.02240631418923537,0.017636237666010857
15000,H8-V,464,n02910353/ILSVRC2012_val_00012854_n02910353,7,3,0.006823448774715264,0.1008676141500473,0.4501715302467346,0.021411925554275513,0.016910210251808167
15000,H8-V,464,n02910353/ILSVRC2012_val_00012854_n02910353,13,3,0.006242157270510991,0.09451816976070404,0.4272568126519521,0.019966542720794678,0.01569397437075774
15000,H8-V,464,n02910353/ILSVRC2012_val_00012854_n02910353,19,3,0.006029825036724408,0.08943922321001689,0.4216639002164205,0.019190386558572452,0.01497374785443147
15000,H8-V,465,n02916936/ILSVRC2012_val_00018897_n02916936,1,3,0.01707162180294593,0.1946741243203481,0.858863631884257,0.04512766872843107,0.03653903305530548
15000,H8-V,465,n02916936/ILSVRC2012_val_00018897_n02916936,4,3,0.0060158657530943556,0.12405972927808762,0.7409135699272156,0.025830974181493122,0.018421838680903118
15000,H8-V,465,n02916936/ILSVRC2012_val_00018897_n02916936,7,3,0.005504775947580735,0.11888589213291804,0.7064625223477682,0.02445798988143603,0.017393364881475765
15000,H8-V,465,n02916936/ILSVRC2012_val_00018897_n02916936,13,3,0.005037850700318813,0.11453058322270711,0.6737963557243347,0.02322887194653352,0.016490908960501354
15000,H8-V,465,n02916936/ILSVRC2012_val_00018897_n02916936,19,3,0.004917234648019075,0.1139800027012825,0.6639960209528605,0.022955195357402165,0.016315235445896786
15000,H8-V,466,n02917067/ILSVRC2012_val_00041806_n02917067,1,3,0.017167776823043823,0.253205547730128,0.7807518045107523,0.05029585212469101,0.04248833407958349
15000,H8-V,466,n02917067/ILSVRC2012_val_00041806_n02917067,4,3,0.01336071795473496,0.17588267723719278,0.6494686802228292,0.03744367385903994,0.0309489859888951
15000,H8-V,466,n02917067/ILSVRC2012_val_00041806_n02917067,7,3,0.01277877235164245,0.16823725402355194,0.6209402283032736,0.03581189985076586,0.029602497195204098
15000,H8-V,466,n02917067/ILSVRC2012_val_00041806_n02917067,13,3,0.012233418102065722,0.16035548349221548,0.5950547059377035,0.034219514578580856,0.0282689668238163
15000,H8-V,466,n02917067/ILSVRC2012_val_00041806_n02917067,19,3,0.012068688869476318,0.15919390320777893,0.5884953737258911,0.03387303277850151,0.027988079314430554
15000,H8-V,467,n02927161/ILSVRC2012_val_00043322_n02927161,1,3,0.026029083256920178,0.2886546055475871,1.2390209039052327,0.06728475292523702,0.054894544184207916
15000,H8-V,467,n02927161/ILSVRC2012_val_00043322_n02927161,4,3,0.011493311574061712,0.14908716082572937,1.0146195491154988,0.03654822458823522,0.026402028277516365
15000,H8-V,467,n02927161/ILSVRC2012_val_00043322_n02927161,7,3,0.010324962126712004,0.13851377864678702,0.9742574493090311,0.03391891593734423,0.02417634055018425
15000,H8-V,467,n02927161/ILSVRC2012_val_00043322_n02927161,13,3,0.009126810046533743,0.12757879992326102,0.9370248715082804,0.031254938493172325,0.021884689728418987
15000,H8-V,467,n02927161/ILSVRC2012_val_00043322_n02927161,19,3,0.008926032111048698,0.12457190702358882,0.926997979482015,0.030653202285369236,0.02138322281340758
15000,H8-V,468,n02930766/ILSVRC2012_val_00004197_n02930766,1,3,0.022129527603586514,0.2126337339480718,0.9828913410504659,0.05322181557615598,0.04339290161927541
15000,H8-V,468,n02930766/ILSVRC2012_val_00004197_n02930766,4,3,0.01638045907020569,0.15101957321166992,0.8641966183980306,0.04012438158194224,0.031482415894667305
15000,H8-V,468,n02930766/ILSVRC2012_val_00004197_n02930766,7,3,0.015490358074506124,0.14177851875623068,0.8310996492703756,0.03797920669118563,0.029668210074305534
15000,H8-V,468,n02930766/ILSVRC2012_val_00004197_n02930766,13,3,0.014703722360233465,0.1320843001206716,0.7986558278401693,0.03589871029059092,0.027912152310212452
15000,H8-V,468,n02930766/ILSVRC2012_val_00004197_n02930766,19,3,0.014522050507366657,0.12978405753771463,0.7884528239568075,0.035384985307852425,0.02750045619904995
15000,H8-V,469,n02939185/ILSVRC2012_val_00046481_n02939185,1,3,0.031329778333505,0.3453510304292043,1.7235493262608845,0.08310037602980931,0.06586488336324692
15000,H8-V,469,n02939185/ILSVRC2012_val_00046481_n02939185,4,3,0.021167622258265812,0.21505643924077353,1.476662238438924,0.05743989100058874,0.0426732674241066
15000,H8-V,469,n02939185/ILSVRC2012_val_00046481_n02939185,7,3,0.020032551760474842,0.2074033667643865,1.429792841275533,0.05507081747055054,0.04077288880944252
15000,H8-V,469,n02939185/ILSVRC2012_val_00046481_n02939185,13,3,0.019050148005286854,0.19912915428479513,1.3821446498235066,0.052784508715073265,0.03896306330959002
15000,H8-V,469,n02939185/ILSVRC2012_val_00046481_n02939185,19,3,0.01879203071196874,0.19668524960676828,1.366551160812378,0.05212606738011042,0.03846055641770363
15000,H8-V,470,n02948072/ILSVRC2012_val_00038456_n02948072,1,3,0.024853544930617016,0.3549673656622569,1.888055404027303,0.07923083504041036,0.06035028273860613
15000,H8-V,470,n02948072/ILSVRC2012_val_00038456_n02948072,4,3,0.01608392285803954,0.2295487473408381,1.6350230773289998,0.05538902928431829,0.03903879846135775
15000,H8-V,470,n02948072/ILSVRC2012_val_00038456_n02948072,7,3,0.015143149842818579,0.21843785047531128,1.5876548290252686,0.05286348362763723,0.03698693464199702
15000,H8-V,470,n02948072/ILSVRC2012_val_00038456_n02948072,13,3,0.014412255647281805,0.20886204640070596,1.540573279062907,0.05070419361193975,0.03529846047361692
15000,H8-V,470,n02948072/ILSVRC2012_val_00038456_n02948072,19,3,0.014303122026224932,0.207302192846934,1.5258051951726277,0.05029139295220375,0.03503334025541941
15000,H8-V,471,n02950826/ILSVRC2012_val_00020752_n02950826,1,3,0.02910088188946247,0.23693342010180155,1.2453501224517822,0.0652477244536082,0.052794224272171654
15000,H8-V,471,n02950826/ILSVRC2012_val_00020752_n02950826,4,3,0.02146870146195094,0.1515072137117386,1.069846471150716,0.04731788858771324,0.036619423578182854
15000,H8-V,471,n02950826/ILSVRC2012_val_00020752_n02950826,7,3,0.020396371682484944,0.14493847886721292,1.0302557547887166,0.04519277562697729,0.0348902183274428
15000,H8-V,471,n02950826/ILSVRC2012_val_00020752_n02950826,13,3,0.019440369059642155,0.13613294561704,0.9901431202888489,0.0429550955692927,0.033053663869698845
15000,H8-V,471,n02950826/ILSVRC2012_val_00020752_n02950826,19,3,0.01925399402777354,0.13344304263591766,0.9766339659690857,0.04236463705698649,0.03259829804301262
15000,H8-V,472,n02951358/ILSVRC2012_val_00013191_n02951358,1,3,0.012212222752471765,0.18211887776851654,0.5636552770932516,0.03606066480278969,0.030424111833175022
15000,H8-V,472,n02951358/ILSVRC2012_val_00013191_n02951358,4,3,0.0076210567106803255,0.10791785269975662,0.4444929262002309,0.02285777156551679,0.018412842104832332
15000,H8-V,472,n02951358/ILSVRC2012_val_00013191_n02951358,7,3,0.007218257989734411,0.10171422859032948,0.41723894079526264,0.021562070896228153,0.017389681190252304
15000,H8-V,472,n02951358/ILSVRC2012_val_00013191_n02951358,13,3,0.00688557792454958,0.09529376775026321,0.3939172029495239,0.02035412626961867,0.016414954637487728
15000,H8-V,472,n02951358/ILSVRC2012_val_00013191_n02951358,19,3,0.006827396961549918,0.09312923500935237,0.3885473310947418,0.020025793462991714,0.016140320648749668
15000,H8-V,473,n02951585/ILSVRC2012_val_00009761_n02951585,1,3,0.008777845340470472,0.16315220793088278,0.4773662288983663,0.029866728310783703,0.025093066195646923
15000,H8-V,473,n02951585/ILSVRC2012_val_00009761_n02951585,4,3,0.002548336051404476,0.06733306497335434,0.34693750739097595,0.012751017386714617,0.009281642424563566
15000,H8-V,473,n02951585/ILSVRC2012_val_00009761_n02951585,7,3,0.0024103570419053235,0.06359948217868805,0.32153958082199097,0.011985701198379198,0.008770305352906385
15000,H8-V,473,n02951585/ILSVRC2012_val_00009761_n02951585,13,3,0.00225145579315722,0.05976810803016027,0.30054590106010437,0.011233725274602572,0.00822826630125443
15000,H8-V,473,n02951585/ILSVRC2012_val_00009761_n02951585,19,3,0.0021972019070138535,0.058023564517498016,0.2962138056755066,0.010961696195105711,0.007999558622638384
15000,H8-V,474,n02963159/ILSVRC2012_val_00000982_n02963159,1,3,0.024202875172098477,0.22495541969935098,0.870591938495636,0.055404338985681534,0.04669841875632604
15000,H8-V,474,n02963159/ILSVRC2012_val_00000982_n02963159,4,3,0.012768602930009365,0.13059173027674356,0.7353135943412781,0.03318091109395027,0.025827776019771893
15000,H8-V,474,n02963159/ILSVRC2012_val_00000982_n02963159,7,3,0.011827176436781883,0.12434150526920955,0.7029813130696615,0.03129114086429278,0.02426132746040821
15000,H8-V,474,n02963159/ILSVRC2012_val_00000982_n02963159,13,3,0.010503596936662992,0.11486451079448064,0.6732650995254517,0.028722698489824932,0.02199004776775837
15000,H8-V,474,n02963159/ILSVRC2012_val_00000982_n02963159,19,3,0.01023330632597208,0.11077796171108882,0.6653777956962585,0.0279648806899786,0.021311103055874508
15000,H8-V,475,n02965783/ILSVRC2012_val_00032105_n02965783,1,3,0.00894772664954265,0.20359045763810477,0.6464530229568481,0.03577130287885666,0.029306773096323013
15000,H8-V,475,n02965783/ILSVRC2012_val_00032105_n02965783,4,3,0.005889032036066055,0.11318305134773254,0.5280994772911072,0.02248833142220974,0.017207336922486622
15000,H8-V,475,n02965783/ILSVRC2012_val_00032105_n02965783,7,3,0.0055405921302735806,0.1067193125685056,0.4991209805011749,0.021203733359773953,0.016212523604432743
15000,H8-V,475,n02965783/ILSVRC2012_val_00032105_n02965783,13,3,0.005190080963075161,0.09975118935108185,0.4722426136334737,0.01988762617111206,0.015165200146536032
15000,H8-V,475,n02965783/ILSVRC2012_val_00032105_n02965783,19,3,0.005064675584435463,0.09829597423473994,0.46464760104815167,0.01954074886937936,0.0148942731320858
15000,H8-V,476,n02966193/ILSVRC2012_val_00009011_n02966193,1,3,0.022323831915855408,0.28862838943799335,1.3015538056691487,0.06420220931371053,0.05118667085965475
15000,H8-V,476,n02966193/ILSVRC2012_val_00009011_n02966193,4,3,0.014887836451331774,0.17393112182617188,1.1123395760854085,0.04340434446930885,0.03228094925483068
15000,H8-V,476,n02966193/ILSVRC2012_val_00009011_n02966193,7,3,0.014072899706661701,0.16571389635403952,1.0710930824279785,0.041355219980080925,0.030644289528330166
15000,H8-V,476,n02966193/ILSVRC2012_val_00009011_n02966193,13,3,0.01337225486834844,0.15796391169230142,1.0304966767628987,0.039473614344994225,0.029168646161754925
15000,H8-V,476,n02966193/ILSVRC2012_val_00009011_n02966193,19,3,0.013189950647453466,0.1570046345392863,1.017618974049886,0.03906660402814547,0.028890414163470268
15000,H8-V,477,n02966687/ILSVRC2012_val_00007100_n02966687,1,3,0.014514619174102942,0.18238900105158487,0.9079461097717285,0.04183297976851463,0.03275351909299692
15000,H8-V,477,n02966687/ILSVRC2012_val_00007100_n02966687,4,3,0.007337222962329785,0.1047446479399999,0.7475348313649496,0.02528703585267067,0.017811687663197517
15000,H8-V,477,n02966687/ILSVRC2012_val_00007100_n02966687,7,3,0.006877990129093329,0.09992020577192307,0.7162904342015585,0.02403291625281175,0.01687001126507918
15000,H8-V,477,n02966687/ILSVRC2012_val_00007100_n02966687,13,3,0.006432535437246163,0.09418975313504536,0.6862906813621521,0.022714418669541676,0.015851511309544247
15000,H8-V,477,n02966687/ILSVRC2012_val_00007100_n02966687,19,3,0.0063281250186264515,0.09294352928797404,0.6770031054814657,0.02239251012603442,0.015622479220231375
15000,H8-V,478,n02971356/ILSVRC2012_val_00041985_n02971356,1,3,0.004755055997520685,0.1915242224931717,0.6238633195559183,0.030146112044652302,0.023907478898763657
15000,H8-V,478,n02971356/ILSVRC2012_val_00041985_n02971356,4,3,0.0029661274359871945,0.13123129308223724,0.5076817472775778,0.0211660744001468,0.01608925685286522
15000,H8-V,478,n02971356/ILSVRC2012_val_00041985_n02971356,7,3,0.0027409032142410674,0.12344226241111755,0.4807582398255666,0.01989271181325118,0.015085129998624325
15000,H8-V,478,n02971356/ILSVRC2012_val_00041985_n02971356,13,3,0.002513181030129393,0.11524936556816101,0.4569374918937683,0.01860749286909898,0.014038117912908396
15000,H8-V,478,n02971356/ILSVRC2012_val_00041985_n02971356,19,3,0.0024461261151979365,0.11241649587949117,0.4511590500672658,0.018199366206924122,0.013687776091198126
15000,H8-V,479,n02974003/ILSVRC2012_val_00009164_n02974003,1,3,0.014965184964239597,0.22584768136342367,0.8480046391487122,0.04602999985218048,0.037549953907728195
15000,H8-V,479,n02974003/ILSVRC2012_val_00009164_n02974003,4,3,0.01117771677672863,0.14319516718387604,0.7085904280344645,0.032583137353261314,0.025497233495116234
15000,H8-V,479,n02974003/ILSVRC2012_val_00009164_n02974003,7,3,0.010568417608737946,0.1343837926785151,0.6764573454856873,0.030771370356281597,0.024006797621647518
15000,H8-V,479,n02974003/ILSVRC2012_val_00009164_n02974003,13,3,0.009932459332048893,0.12423042207956314,0.6463965574900309,0.02881946663061778,0.02235550122956435
15000,H8-V,479,n02974003/ILSVRC2012_val_00009164_n02974003,19,3,0.009742307166258493,0.12120390435059865,0.6375956932703654,0.028238654757539432,0.02186269809802373
15000,H8-V,480,n02977058/ILSVRC2012_val_00011876_n02977058,1,3,0.009974857481817404,0.2749173790216446,0.5503239730993906,0.04296983778476715,0.03746659681200981
15000,H8-V,480,n02977058/ILSVRC2012_val_00011876_n02977058,4,3,0.004531542460123698,0.08738444248835246,0.37164294719696045,0.016986416031916935,0.01326998695731163
15000,H8-V,480,n02977058/ILSVRC2012_val_00011876_n02977058,7,3,0.004283643948535125,0.08243555575609207,0.3470975359280904,0.015998174746831257,0.01252719946205616
15000,H8-V,480,n02977058/ILSVRC2012_val_00011876_n02977058,13,3,0.004054571967571974,0.07739373793204625,0.32808173696200055,0.01507476344704628,0.011793946226437887
15000,H8-V,480,n02977058/ILSVRC2012_val_00011876_n02977058,19,3,0.003971017586688201,0.07491165151198705,0.32533055543899536,0.014715488068759441,0.011462182737886906
15000,H8-V,481,n02978881/ILSVRC2012_val_00031192_n02978881,1,3,0.00805986269066731,0.16069927314917246,0.5246153076489767,0.029375943665703137,0.024129789943496387
15000,H8-V,481,n02978881/ILSVRC2012_val_00031192_n02978881,4,3,0.004115917099018891,0.10514090955257416,0.41243402163187665,0.018754348158836365,0.01463000817845265
15000,H8-V,481,n02978881/ILSVRC2012_val_00031192_n02978881,7,3,0.003720679242784778,0.10061753789583842,0.384374737739563,0.01762618062396844,0.013782433234155178
15000,H8-V,481,n02978881/ILSVRC2012_val_00031192_n02978881,13,3,0.0033376209127406278,0.09477654347817104,0.3591004212697347,0.016406279678146046,0.012815275539954504
15000,H8-V,481,n02978881/ILSVRC2012_val_00031192_n02978881,19,3,0.0032221380776415267,0.09210606664419174,0.3521181046962738,0.015953925748666126,0.012432745036979517
15000,H8-V,482,n02979186/ILSVRC2012_val_00027735_n02979186,1,3,0.01765349383155505,0.19658117989699045,0.8138366540273031,0.04544997836152712,0.03731161169707775
15000,H8-V,482,n02979186/ILSVRC2012_val_00027735_n02979186,4,3,0.010686914126078287,0.12002149969339371,0.6789295474688212,0.02947835934658845,0.022689064343770344
15000,H8-V,482,n02979186/ILSVRC2012_val_00027735_n02979186,7,3,0.009898265823721886,0.11321038256088893,0.6480508049329122,0.027699812625845272,0.02121930445233981
15000,H8-V,482,n02979186/ILSVRC2012_val_00027735_n02979186,13,3,0.009088676422834396,0.10682979722817738,0.6193722486495972,0.025965379551053047,0.01977165664235751
15000,H8-V,482,n02979186/ILSVRC2012_val_00027735_n02979186,19,3,0.008834410769244036,0.10442574073870976,0.6110392808914185,0.02538737716774146,0.019276984656850498
15000,H8-V,483,n02980441/ILSVRC2012_val_00014642_n02980441,1,3,0.006500421868016322,0.16726667682329813,0.45184872547785443,0.027745577196280163,0.023227090016007423
15000,H8-V,483,n02980441/ILSVRC2012_val_00014642_n02980441,4,3,0.0034822033097346625,0.10413010666767757,0.34483763575553894,0.0173435906569163,0.013895214224855105
15000,H8-V,483,n02980441/ILSVRC2012_val_00014642_n02980441,7,3,0.0032959682090828815,0.09973883877197902,0.3201267123222351,0.01647111897667249,0.01326985222597917
15000,H8-V,483,n02980441/ILSVRC2012_val_00014642_n02980441,13,3,0.003109883749857545,0.09551423539717992,0.30057887236277264,0.015667096090813477,0.012661307429273924
15000,H8-V,483,n02980441/ILSVRC2012_val_00014642_n02980441,19,3,0.0030597172056635222,0.09503988176584244,0.2977258066336314,0.015540963349243006,0.012563705444335938
15000,H8-V,484,n02981792/ILSVRC2012_val_00012592_n02981792,1,3,0.01041381899267435,0.2088889181613922,0.5811026493708292,0.0371137373149395,0.03130271099507809
15000,H8-V,484,n02981792/ILSVRC2012_val_00012592_n02981792,4,3,0.007936780961851278,0.1220473845799764,0.4493911763032277,0.024635431667168934,0.020141519606113434
15000,H8-V,484,n02981792/ILSVRC2012_val_00012592_n02981792,7,3,0.007614365002761285,0.11755744119485219,0.4236974020799001,0.023607083906730015,0.01937010946373145
15000,H8-V,484,n02981792/ILSVRC2012_val_00012592_n02981792,13,3,0.007319129072129726,0.11406356592973073,0.4024244050184886,0.022749730075399082,0.018725485851367314
15000,H8-V,484,n02981792/ILSVRC2012_val_00012592_n02981792,19,3,0.007234479145457347,0.1123608003060023,0.3981271982192993,0.022451831648747127,0.018470559890071552
15000,H8-V,485,n02988304/ILSVRC2012_val_00013693_n02988304,1,3,0.014084051363170147,0.24062051872412363,1.0295348366101582,0.04844145352641741,0.03814610466361046
15000,H8-V,485,n02988304/ILSVRC2012_val_00013693_n02988304,4,3,0.009167006239295006,0.14299211899439493,0.8773624300956726,0.03223984315991402,0.02346621888379256
15000,H8-V,485,n02988304/ILSVRC2012_val_00013693_n02988304,7,3,0.008597477960089842,0.1363182266553243,0.8413845896720886,0.030643146485090256,0.022229300811886787
15000,H8-V,485,n02988304/ILSVRC2012_val_00013693_n02988304,13,3,0.008132924636205038,0.1281110793352127,0.8077256878217062,0.02902128795782725,0.020944032197197277
15000,H8-V,485,n02988304/ILSVRC2012_val_00013693_n02988304,19,3,0.008038531988859177,0.1251609226067861,0.7981770833333334,0.028536394859353702,0.020554624497890472
15000,H8-V,486,n02992211/ILSVRC2012_val_00012509_n02992211,1,3,0.00807617682342728,0.19535244007905325,0.6976112524668375,0.034587534765402474,0.027611421421170235
15000,H8-V,486,n02992211/ILSVRC2012_val_00012509_n02992211,4,3,0.0050477768915394945,0.13126572469870249,0.5869369705518087,0.024043718352913857,0.018174349640806515
15000,H8-V,486,n02992211/ILSVRC2012_val_00012509_n02992211,7,3,0.0045935832895338535,0.12232428789138794,0.558014710744222,0.022406158968806267,0.016826012482245762
15000,H8-V,486,n02992211/ILSVRC2012_val_00012509_n02992211,13,3,0.004204893329491218,0.11192957311868668,0.5326921741167704,0.02072477216521899,0.015397851044933
15000,H8-V,486,n02992211/ILSVRC2012_val_00012509_n02992211,19,3,0.0041087307035923,0.10826499511798222,0.5270635485649109,0.020205865303675335,0.014935229904949665
15000,H8-V,487,n02992529/ILSVRC2012_val_00036024_n02992529,1,3,0.0077976152921716375,0.1785515546798706,0.37099742889404297,0.029362744962175686,0.025652770573894184
15000,H8-V,487,n02992529/ILSVRC2012_val_00036024_n02992529,4,3,0.0034241510244707265,0.08093867699305217,0.2592812478542328,0.014110831543803215,0.011518018941084543
15000,H8-V,487,n02992529/ILSVRC2012_val_00036024_n02992529,7,3,0.003188147908076644,0.0776471197605133,0.23669224977493286,0.013319781981408596,0.01095285980651776
15000,H8-V,487,n02992529/ILSVRC2012_val_00036024_n02992529,13,3,0.002940570547555884,0.07406425724426906,0.2210854391256968,0.012557850840191046,0.010346996287504831
15000,H8-V,487,n02992529/ILSVRC2012_val_00036024_n02992529,19,3,0.00282536578985552,0.07245949407418568,0.2210891842842102,0.012282206676900387,0.010071315181752047
15000,H8-V,488,n02999410/ILSVRC2012_val_00018148_n02999410,1,3,0.015441399067640305,0.23532832165559134,0.9100655714670817,0.04807488744457563,0.03897423172990481
15000,H8-V,488,n02999410/ILSVRC2012_val_00018148_n02999410,4,3,0.009194054951270422,0.15234090387821198,0.7585587898890177,0.03201373293995857,0.024428146580855053
15000,H8-V,488,n02999410/ILSVRC2012_val_00018148_n02999410,7,3,0.00850350068261226,0.1433175504207611,0.7265490889549255,0.03010074608027935,0.022835255910952885
15000,H8-V,488,n02999410/ILSVRC2012_val_00018148_n02999410,13,3,0.007781013225515683,0.13255914549032846,0.6946313182512919,0.02798324016233285,0.02103692727784316
15000,H8-V,488,n02999410/ILSVRC2012_val_00018148_n02999410,19,3,0.007543602337439855,0.1272889425357183,0.6840412020683289,0.02711290866136551,0.02027249646683534
15000,H8-V,489,n03000134/ILSVRC2012_val_00048776_n03000134,1,3,0.005917152389883995,0.17566209534804025,0.4613665242989858,0.02809702729185422,0.023483362048864365
15000,H8-V,489,n03000134/ILSVRC2012_val_00048776_n03000134,4,3,0.0033827921530852714,0.1143165851632754,0.3518268863360087,0.018332719802856445,0.014814451026419798
15000,H8-V,489,n03000134/ILSVRC2012_val_00048776_n03000134,7,3,0.003198117483407259,0.11179046829541524,0.3254447877407074,0.0176316120972236,0.014377164654433727
15000,H8-V,489,n03000134/ILSVRC2012_val_00048776_n03000134,13,3,0.0030472901028891406,0.10610924164454143,0.30472848812739056,0.016705498720208805,0.01365821436047554
15000,H8-V,489,n03000134/ILSVRC2012_val_00048776_n03000134,19,3,0.0030237346266706786,0.10266394168138504,0.30189375082651776,0.016309066986044247,0.013290129291514555
15000,H8-V,490,n03000247/ILSVRC2012_val_00015584_n03000247,1,3,0.010837081509331862,0.23799046377340952,0.47558416922887164,0.039391970882813133,0.03463612993558248
15000,H8-V,490,n03000247/ILSVRC2012_val_00015584_n03000247,4,3,0.008311676792800426,0.1439709315697352,0.35137129823366803,0.026222484186291695,0.022708770508567493
15000,H8-V,490,n03000247/ILSVRC2012_val_00015584_n03000247,7,3,0.008102383154133955,0.13888276120026907,0.3293103277683258,0.02528376132249832,0.021990658715367317
15000,H8-V,490,n03000247/ILSVRC2012_val_00015584_n03000247,13,3,0.007887228081623713,0.1358292500178019,0.312338521083196,0.02459353767335415,0.021470153083403904
15000,H8-V,490,n03000247/ILSVRC2012_val_00015584_n03000247,19,3,0.007835378249486288,0.13361234962940216,0.31209765871365863,0.024317589898904163,0.02119661308825016
15000,H8-V,491,n03000684/ILSVRC2012_val_00043196_n03000684,1,3,0.016549965366721153,0.2503190189599991,0.7623110214869181,0.04920497660835584,0.04158186664183935
15000,H8-V,491,n03000684/ILSVRC2012_val_00043196_n03000684,4,3,0.010921152929464975,0.13029461602369943,0.6296525994936625,0.030247140675783157,0.023950614656011265
15000,H8-V,491,n03000684/ILSVRC2012_val_00043196_n03000684,7,3,0.010401383973658085,0.1247330109278361,0.5991123914718628,0.028865808621048927,0.022874685004353523
15000,H8-V,491,n03000684/ILSVRC2012_val_00043196_n03000684,13,3,0.009832808437446753,0.11695134888092677,0.5700652201970419,0.027228595068057377,0.021527943511803944
15000,H8-V,491,n03000684/ILSVRC2012_val_00043196_n03000684,19,3,0.009619172972937426,0.11300598084926605,0.5609884659449259,0.02652965672314167,0.02091977186501026
15000,H8-V,492,n03014705/ILSVRC2012_val_00048599_n03014705,1,3,0.017416718726356823,0.20390440026919046,0.9030767480532328,0.04683792466918627,0.037807157884041466
15000,H8-V,492,n03014705/ILSVRC2012_val_00048599_n03014705,4,3,0.01005381935586532,0.12052852660417557,0.7500623067220052,0.029607295369108517,0.022106672326723736
15000,H8-V,492,n03014705/ILSVRC2012_val_00048599_n03014705,7,3,0.009474237139026323,0.1143105576435725,0.7157522042592367,0.028062815467516582,0.02090529352426529
15000,H8-V,492,n03014705/ILSVRC2012_val_00048599_n03014705,13,3,0.008999146521091461,0.10817297299702962,0.6838575204213461,0.02665501895050208,0.019816443944970768
15000,H8-V,492,n03014705/ILSVRC2012_val_00048599_n03014705,19,3,0.008912881215413412,0.10678732891877492,0.6754439075787863,0.026346052686373394,0.01959161398311456
15000,H8-V,493,n03016953/ILSVRC2012_val_00014557_n03016953,1,3,0.006246314539263646,0.17872913678487143,0.48906288544336957,0.029009856283664703,0.02411922812461853
15000,H8-V,493,n03016953/ILSVRC2012_val_00014557_n03016953,4,3,0.002805699516708652,0.08342794080575307,0.36709163586298627,0.014819410629570484,0.011148494357864061
15000,H8-V,493,n03016953/ILSVRC2012_val_00014557_n03016953,7,3,0.0026480715411404767,0.0790429636836052,0.3434687952200572,0.013987055669228235,0.010552367816368738
15000,H8-V,493,n03016953/ILSVRC2012_val_00014557_n03016953,13,3,0.0024697910994291306,0.07452767342329025,0.3257138431072235,0.01317969678590695,0.009922558441758156
15000,H8-V,493,n03016953/ILSVRC2012_val_00014557_n03016953,19,3,0.0023970712597171464,0.07432870070139568,0.3240547279516856,0.013070488659044107,0.009829941516121229
15000,H8-V,494,n03017168/ILSVRC2012_val_00041338_n03017168,1,3,0.014302637428045273,0.20135335127512613,0.4230099519093831,0.038668072472016014,0.03443797305226326
15000,H8-V,494,n03017168/ILSVRC2012_val_00041338_n03017168,4,3,0.005164468195289373,0.092314213514328,0.2977202832698822,0.01737309278299411,0.014395889826118946
15000,H8-V,494,n03017168/ILSVRC2012_val_00041338_n03017168,7,3,0.004619721633692582,0.08556997527678807,0.27227960030237836,0.015899515400330227,0.013176719658076763
15000,H8-V,494,n03017168/ILSVRC2012_val_00041338_n03017168,13,3,0.0034549138508737087,0.06986642132202785,0.25308311978975934,0.012972386864324411,0.010441555952032408
15000,H8-V,494,n03017168/ILSVRC2012_val_00041338_n03017168,19,3,0.003317203295106689,0.06631982574860255,0.25087103247642517,0.012457896023988724,0.009949185885488987
15000,H8-V,495,n03018349/ILSVRC2012_val_00021012_n03018349,1,3,0.014801752753555775,0.1782501389582952,0.8317676186561584,0.040944443394740425,0.032626766711473465
15000,H8-V,495,n03018349/ILSVRC2012_val_00021012_n03018349,4,3,0.010583128780126572,0.12771778305371603,0.7009145816167196,0.030364053323864937,0.02335490720967452
15000,H8-V,495,n03018349/ILSVRC2012_val_00021012_n03018349,7,3,0.010048752961059412,0.1227724626660347,0.6701523264249166,0.029027522231141727,0.02232599879304568
15000,H8-V,495,n03018349/ILSVRC2012_val_00021012_n03018349,13,3,0.009557217669983705,0.11795154462258021,0.6418213844299316,0.027770585070053738,0.02135237182180087
15000,H8-V,495,n03018349/ILSVRC2012_val_00021012_n03018349,19,3,0.009445836767554283,0.115488700568676,0.6340305407842001,0.02733501171072324,0.02099470670024554
15000,H8-V,496,n03026506/ILSVRC2012_val_00045066_n03026506,1,3,0.02287624528010686,0.22927346328894296,0.9137830932935079,0.054941424479087196,0.04580359160900116
15000,H8-V,496,n03026506/ILSVRC2012_val_00045066_n03026506,4,3,0.015214457487066587,0.13933884104092917,0.7686281204223633,0.0368346224228541,0.029148342087864876
15000,H8-V,496,n03026506/ILSVRC2012_val_00045066_n03026506,7,3,0.014618358885248503,0.13492750624815622,0.7374648054440817,0.03548575937747955,0.028111110130945843
15000,H8-V,496,n03026506/ILSVRC2012_val_00045066_n03026506,13,3,0.014058828353881836,0.13118091225624084,0.709138294061025,0.03426830222209295,0.027176919703682263
15000,H8-V,496,n03026506/ILSVRC2012_val_00045066_n03026506,19,3,0.01391315832734108,0.12941807011763254,0.7014009753863016,0.03386897469560305,0.02685496521492799
15000,H8-V,497,n03028079/ILSVRC2012_val_00046232_n03028079,1,3,0.006220692303031683,0.17517158389091492,0.6269245743751526,0.030007096628348034,0.023737851530313492
15000,H8-V,497,n03028079/ILSVRC2012_val_00046232_n03028079,4,3,0.004050747801860173,0.1292770355939865,0.5322508811950684,0.02230095925430457,0.016978451361258824
15000,H8-V,497,n03028079/ILSVRC2012_val_00046232_n03028079,7,3,0.0037925917810449996,0.12245361755291621,0.5052711367607117,0.021090665211280186,0.01603795401751995
15000,H8-V,497,n03028079/ILSVRC2012_val_00046232_n03028079,13,3,0.0035352464765310287,0.1141135220726331,0.4814385175704956,0.019760983685652416,0.014946598559617996
15000,H8-V,497,n03028079/ILSVRC2012_val_00046232_n03028079,19,3,0.0034490941713253656,0.11198319743076961,0.4755401810010274,0.019402815649906795,0.014647414286931356
15000,H8-V,498,n03032252/ILSVRC2012_val_00034704_n03032252,1,3,0.017564258227745693,0.21838276088237762,0.8136660655339559,0.04753919690847397,0.03940253580609957
15000,H8-V,498,n03032252/ILSVRC2012_val_00034704_n03032252,4,3,0.012922187335789204,0.1444564958413442,0.6828574736913046,0.034196410328149796,0.027367836485306423
15000,H8-V,498,n03032252/ILSVRC2012_val_00034704_n03032252,7,3,0.012310534405211607,0.13743806382020315,0.6544177333513895,0.03259851783514023,0.026054341346025467
15000,H8-V,498,n03032252/ILSVRC2012_val_00034704_n03032252,13,3,0.011639571438233057,0.129636416832606,0.6280048688252767,0.030883261933922768,0.024603213494022686
15000,H8-V,498,n03032252/ILSVRC2012_val_00034704_n03032252,19,3,0.011403305766483149,0.12785457571347555,0.6210896968841553,0.030399660269419353,0.024188763772447903
15000,H8-V,499,n03041632/ILSVRC2012_val_00004379_n03041632,1,3,0.014993525420626005,0.24034573634465536,1.025618553161621,0.049284285555283226,0.03902809942762057
15000,H8-V,499,n03041632/ILSVRC2012_val_00004379_n03041632,4,3,0.008317259761194387,0.15253481765588126,0.8842809398969015,0.03241355220476786,0.02357074183722337
15000,H8-V,499,n03041632/ILSVRC2012_val_00004379_n03041632,7,3,0.0077075546917816,0.14473299185434976,0.8508047660191854,0.030688901121417683,0.022180854032437008
15000,H8-V,499,n03041632/ILSVRC2012_val_00004379_n03041632,13,3,0.007131743089606364,0.13606407245000204,0.8171362479527792,0.028909513105948765,0.0207381509244442
15000,H8-V,499,n03041632/ILSVRC2012_val_00004379_n03041632,19,3,0.00694334755341212,0.13365615904331207,0.8057175477345785,0.02836613915860653,0.0203089639544487
15000,H8-V,500,n03042490/ILSVRC2012_val_00021502_n03042490,1,3,0.022376432393987972,0.2530754953622818,1.386261026064555,0.061546592662731804,0.047683982799450554
15000,H8-V,500,n03042490/ILSVRC2012_val_00021502_n03042490,4,3,0.015941734425723553,0.18769649167855582,1.2293312152226765,0.04700469598174095,0.034711383283138275
15000,H8-V,500,n03042490/ILSVRC2012_val_00021502_n03042490,7,3,0.014962706714868546,0.18128620584805807,1.187535007794698,0.044966677824656166,0.033091326554616295
15000,H8-V,500,n03042490/ILSVRC2012_val_00021502_n03042490,13,3,0.014062937969962755,0.17357684671878815,1.1454538106918335,0.04287515953183174,0.03142062140007814
15000,H8-V,500,n03042490/ILSVRC2012_val_00021502_n03042490,19,3,0.01379730241994063,0.1704078217347463,1.1314448515574138,0.04215253392855326,0.03083808533847332
15000,H8-V,501,n03045698/ILSVRC2012_val_00027135_n03045698,1,3,0.018501683448751766,0.22981972992420197,0.8540477355321249,0.05002413441737493,0.041483656813700996
15000,H8-V,501,n03045698/ILSVRC2012_val_00027135_n03045698,4,3,0.011989297655721506,0.15081240236759186,0.7221303184827169,0.03429183984796206,0.027070538451274235
15000,H8-V,501,n03045698/ILSVRC2012_val_00027135_n03045698,7,3,0.011235194901625315,0.14342181384563446,0.689506471157074,0.03247244159380595,0.025577376907070477
15000,H8-V,501,n03045698/ILSVRC2012_val_00027135_n03045698,13,3,0.010321611228088537,0.13318769137064615,0.6581424474716187,0.030221804976463318,0.023640380551417668
15000,H8-V,501,n03045698/ILSVRC2012_val_00027135_n03045698,19,3,0.010131694376468658,0.12944423655668894,0.6481454769770304,0.029557572677731514,0.02307611828049024
15000,H8-V,502,n03047690/ILSVRC2012_val_00021516_n03047690,1,3,0.0088233039714396,0.14876701682806015,0.3797781964143117,0.0274977870285511,0.023700005064407986
15000,H8-V,502,n03047690/ILSVRC2012_val_00021516_n03047690,4,3,0.0038823868768910566,0.07227499534686406,0.2823781172434489,0.013933667913079262,0.011109886690974236
15000,H8-V,502,n03047690/ILSVRC2012_val_00021516_n03047690,7,3,0.0036108312973131738,0.06733260055383046,0.2602568070093791,0.012946659388641516,0.010344091492394606
15000,H8-V,502,n03047690/ILSVRC2012_val_00021516_n03047690,13,3,0.0033307761574784913,0.062163316955169044,0.24573862055937448,0.012004494046171507,0.009547107852995396
15000,H8-V,502,n03047690/ILSVRC2012_val_00021516_n03047690,19,3,0.0032442715795089803,0.06030750647187233,0.24622511863708496,0.011737274006009102,0.0092750225837032
15000,H8-V,503,n03062245/ILSVRC2012_val_00028278_n03062245,1,3,0.005547980157037576,0.19106243550777435,0.5286642710367838,0.02994086655477683,0.024654224514961243
15000,H8-V,503,n03062245/ILSVRC2012_val_00028278_n03062245,4,3,0.003291197121143341,0.11718955387671788,0.41622206568717957,0.01917237291733424,0.015010152322550615
15000,H8-V,503,n03062245/ILSVRC2012_val_00028278_n03062245,7,3,0.0030379052429149547,0.11004295945167542,0.3913029531637828,0.01795523116985957,0.014042201451957226
15000,H8-V,503,n03062245/ILSVRC2012_val_00028278_n03062245,13,3,0.002789932768791914,0.10249467939138412,0.371555229028066,0.016754953811566036,0.013039401111503443
15000,H8-V,503,n03062245/ILSVRC2012_val_00028278_n03062245,19,3,0.002709370106458664,0.10053348292907079,0.36847354968388873,0.016447453449169796,0.012762718213101229
15000,H8-V,504,n03063599/ILSVRC2012_val_00010622_n03063599,1,3,0.008733666191498438,0.1607020894686381,0.38569291432698566,0.02866080403327942,0.024803875635067623
15000,H8-V,504,n03063599/ILSVRC2012_val_00010622_n03063599,4,3,0.0024450266112883887,0.062324587255716324,0.2583606044451396,0.011261091257135073,0.008677485088507334
15000,H8-V,504,n03063599/ILSVRC2012_val_00010622_n03063599,7,3,0.0021897139182935157,0.05832482253511747,0.23460494975248972,0.010368245343367258,0.008022196125239134
15000,H8-V,504,n03063599/ILSVRC2012_val_00010622_n03063599,13,3,0.0019391600120191772,0.054820350060860314,0.21763442953427634,0.00959753959129254,0.007421195196608703
15000,H8-V,504,n03063599/ILSVRC2012_val_00010622_n03063599,19,3,0.0018421493005007505,0.054032597690820694,0.21671066184838614,0.009412515598038832,0.007245409147193034
15000,H8-V,505,n03063689/ILSVRC2012_val_00012589_n03063689,1,3,0.005683070203910272,0.18812495470046997,0.4622073570887248,0.029117640107870102,0.024495566884676617
15000,H8-V,505,n03063689/ILSVRC2012_val_00012589_n03063689,4,3,0.0030011696896205344,0.1116035928328832,0.361544797817866,0.0177769772708416,0.014161529329915842
15000,H8-V,505,n03063689/ILSVRC2012_val_00012589_n03063689,7,3,0.00279169421022137,0.10587831834952037,0.3361294666926066,0.016740821301937103,0.013379526324570179
15000,H8-V,505,n03063689/ILSVRC2012_val_00012589_n03063689,13,3,0.002578907801459233,0.09973809371391933,0.3168404797712962,0.015721121802926064,0.012552717079718908
15000,H8-V,505,n03063689/ILSVRC2012_val_00012589_n03063689,19,3,0.0025072466426839433,0.0979510893424352,0.31495992342631024,0.015451954677700996,0.012302355530361334
15000,H8-V,506,n03065424/ILSVRC2012_val_00040791_n03065424,1,3,0.017020632202426594,0.17159493267536163,0.5939074754714966,0.04011920094490051,0.03418012584249178
15000,H8-V,506,n03065424/ILSVRC2012_val_00040791_n03065424,4,3,0.012171553758283457,0.09623429675896962,0.4683696925640106,0.026478680471579235,0.02179498349626859
15000,H8-V,506,n03065424/ILSVRC2012_val_00040791_n03065424,7,3,0.011526258662343025,0.09287953128417333,0.4422394533952077,0.025236607218782108,0.020814212659994762
15000,H8-V,506,n03065424/ILSVRC2012_val_00040791_n03065424,13,3,0.01076952243844668,0.0862054352958997,0.42094744245211285,0.02359954019387563,0.019390066464742024
15000,H8-V,506,n03065424/ILSVRC2012_val_00040791_n03065424,19,3,0.010442830001314482,0.08173929651578267,0.41728822390238446,0.022789642214775085,0.018616759528716404
15000,H8-V,507,n03075370/ILSVRC2012_val_00020842_n03075370,1,3,0.006980869763841231,0.17794709901014963,0.6074920892715454,0.030850500489274662,0.024775579571723938
15000,H8-V,507,n03075370/ILSVRC2012_val_00020842_n03075370,4,3,0.002929898056512078,0.09351234883069992,0.5028017361958822,0.01730915034810702,0.012281133482853571
15000,H8-V,507,n03075370/ILSVRC2012_val_00020842_n03075370,7,3,0.0026692116322616735,0.08902807037035625,0.47533612449963886,0.016325379411379497,0.011572018886605898
15000,H8-V,507,n03075370/ILSVRC2012_val_00020842_n03075370,13,3,0.0024523541796952486,0.08503423382838567,0.4526122311751048,0.015481900423765182,0.01095577764014403
15000,H8-V,507,n03075370/ILSVRC2012_val_00020842_n03075370,19,3,0.002425317962964376,0.08382456004619598,0.44820619622866315,0.015289835631847382,0.010807773719231287
15000,H8-V,508,n03085013/ILSVRC2012_val_00015382_n03085013,1,3,0.007665007375180721,0.1837000052134196,0.6897897322972616,0.0329329048593839,0.026035007710258167
15000,H8-V,508,n03085013/ILSVRC2012_val_00015382_n03085013,4,3,0.004378961399197578,0.11355299005905788,0.551271120707194,0.02124697094162305,0.01573426059136788
15000,H8-V,508,n03085013/ILSVRC2012_val_00015382_n03085013,7,3,0.004062263450274865,0.1085091307759285,0.523912787437439,0.020152303700645764,0.01491317618638277
15000,H8-V,508,n03085013/ILSVRC2012_val_00015382_n03085013,13,3,0.0037601936298112073,0.10333703209956487,0.5009705622990926,0.019103602816661198,0.014093897305428982
15000,H8-V,508,n03085013/ILSVRC2012_val_00015382_n03085013,19,3,0.003675671759992838,0.10163375486930211,0.49630332986513775,0.01880207968254884,0.01383904709170262
15000,H8-V,509,n03089624/ILSVRC2012_val_00024403_n03089624,1,3,0.02785450095931689,0.2905799051125844,1.7697720130284627,0.07461021343866985,0.05691249420245489
15000,H8-V,509,n03089624/ILSVRC2012_val_00024403_n03089624,4,3,0.020877229670683544,0.22267115116119385,1.5962915817896526,0.05910726139942805,0.043144346525271736
15000,H8-V,509,n03089624/ILSVRC2012_val_00024403_n03089624,7,3,0.01997209091981252,0.21583480636278787,1.553319772084554,0.05708876997232437,0.04155557230114937
15000,H8-V,509,n03089624/ILSVRC2012_val_00024403_n03089624,13,3,0.019143791248401005,0.20783909658590952,1.5104751586914062,0.05503245194753011,0.03992770115534464
15000,H8-V,509,n03089624/ILSVRC2012_val_00024403_n03089624,19,3,0.018909063190221786,0.20465628306070963,1.4966083765029907,0.05434077481428782,0.03937469174464544
15000,H8-V,510,n03095699/ILSVRC2012_val_00001339_n03095699,1,3,0.01209693681448698,0.2310182750225067,0.7946860392888387,0.04314562429984411,0.03519876425464948
15000,H8-V,510,n03095699/ILSVRC2012_val_00001339_n03095699,4,3,0.007816962587336699,0.15788576503594717,0.6738165219624838,0.03034370330472787,0.02360553853213787
15000,H8-V,510,n03095699/ILSVRC2012_val_00001339_n03095699,7,3,0.0073813578734795255,0.15094404419263205,0.644089957078298,0.028916661938031513,0.02247576229274273
15000,H8-V,510,n03095699/ILSVRC2012_val_00001339_n03095699,13,3,0.0070009493889908,0.14260908961296082,0.6178062756856283,0.02743992085258166,0.02126185844341914
15000,H8-V,510,n03095699/ILSVRC2012_val_00001339_n03095699,19,3,0.006895816419273615,0.14008881151676178,0.6117127339045206,0.027021824692686398,0.020904697477817535
15000,H8-V,511,n03100240/ILSVRC2012_val_00019647_n03100240,1,3,0.01584622698525588,0.2068119098742803,0.7224548657735189,0.04375196620821953,0.03652741760015488
15000,H8-V,511,n03100240/ILSVRC2012_val_00019647_n03100240,4,3,0.010308600341280302,0.14198222756385803,0.6041180094083151,0.03054800381263097,0.024506823470195133
15000,H8-V,511,n03100240/ILSVRC2012_val_00019647_n03100240,7,3,0.009512089813748995,0.1335223118464152,0.5734427372614542,0.028598747526605923,0.022864320625861485
15000,H8-V,511,n03100240/ILSVRC2012_val_00019647_n03100240,13,3,0.008782236215968927,0.12459394584099452,0.5458429257074991,0.026700059572855633,0.021241630737980206
15000,H8-V,511,n03100240/ILSVRC2012_val_00019647_n03100240,19,3,0.008556723594665527,0.11983547359704971,0.5385499795277914,0.025925771643718083,0.020540271575252216
15000,H8-V,512,n03109150/ILSVRC2012_val_00025609_n03109150,1,3,0.007541516330093145,0.18716919422149658,0.5377232631047567,0.0316356693704923,0.026258436342080433
15000,H8-V,512,n03109150/ILSVRC2012_val_00025609_n03109150,4,3,0.003901533782482147,0.10254367937644322,0.42353497942288715,0.018391252184907596,0.014155901968479156
15000,H8-V,512,n03109150/ILSVRC2012_val_00025609_n03109150,7,3,0.0036239627127846083,0.09736160685618718,0.3966960112253825,0.017327083895603817,0.013360123460491499
15000,H8-V,512,n03109150/ILSVRC2012_val_00025609_n03109150,13,3,0.0033770480658859015,0.09267251193523407,0.3744816581408183,0.016389116644859314,0.012644299926857153
15000,H8-V,512,n03109150/ILSVRC2012_val_00025609_n03109150,19,3,0.0032750768586993217,0.09003272652626038,0.36966391404469806,0.01597498854001363,0.012278350070118904
15000,H8-V,513,n03110669/ILSVRC2012_val_00015433_n03110669,1,3,0.017395456011096638,0.14687291781107584,0.6045775016148885,0.03812852253516515,0.03208274766802788
15000,H8-V,513,n03110669/ILSVRC2012_val_00015433_n03110669,4,3,0.007351735606789589,0.062486796329418816,0.47658859690030414,0.01836630143225193,0.013600415550172329
15000,H8-V,513,n03110669/ILSVRC2012_val_00015433_n03110669,7,3,0.006692847702652216,0.057315013060967125,0.4496331612269084,0.016920680180191994,0.012424349163969358
15000,H8-V,513,n03110669/ILSVRC2012_val_00015433_n03110669,13,3,0.006146666283408801,0.052754866580168404,0.4260802964369456,0.01568295620381832,0.011422153251866499
15000,H8-V,513,n03110669/ILSVRC2012_val_00015433_n03110669,19,3,0.0059907203540205956,0.05143909901380539,0.4200408061345418,0.015335038304328918,0.011134630379577478
15000,H8-V,514,n03124043/ILSVRC2012_val_00034264_n03124043,1,3,0.006727382695923249,0.2604724069436391,0.8151460687319437,0.04092608640591303,0.03277462472518285
15000,H8-V,514,n03124043/ILSVRC2012_val_00034264_n03124043,4,3,0.0039031305350363255,0.16714001695315042,0.6715774138768514,0.027332906300822895,0.020617132385571797
15000,H8-V,514,n03124043/ILSVRC2012_val_00034264_n03124043,7,3,0.0036577255620310702,0.15878990292549133,0.6417470773061117,0.02595418691635132,0.019536716242631275
15000,H8-V,514,n03124043/ILSVRC2012_val_00034264_n03124043,13,3,0.0034371765796095133,0.14827336370944977,0.613737940788269,0.024401892597476642,0.01826451284190019
15000,H8-V,514,n03124043/ILSVRC2012_val_00034264_n03124043,19,3,0.003362705154965321,0.14390050868193308,0.6053768595059713,0.02380652477343877,0.017752756054202717
15000,H8-V,515,n03124170/ILSVRC2012_val_00013839_n03124170,1,3,0.0055488770206769305,0.09287204841772716,0.27532434463500977,0.017589325085282326,0.01483608161409696
15000,H8-V,515,n03124170/ILSVRC2012_val_00013839_n03124170,4,3,0.002297309615338842,0.04076080024242401,0.20244782666365305,0.008397868213554224,0.00637338977927963
15000,H8-V,515,n03124170/ILSVRC2012_val_00013839_n03124170,7,3,0.0021763708597669997,0.03737407922744751,0.17980997264385223,0.007711878977715969,0.005913779139518738
15000,H8-V,515,n03124170/ILSVRC2012_val_00013839_n03124170,13,3,0.002055851509794593,0.03388470287124316,0.1648674557606379,0.007092996345212062,0.005444321781396866
15000,H8-V,515,n03124170/ILSVRC2012_val_00013839_n03124170,19,3,0.002009483907992641,0.03222382813692093,0.16587194800376892,0.006890586422135432,0.005231866923471292
15000,H8-V,516,n03125729/ILSVRC2012_val_00044994_n03125729,1,3,0.011139906321962675,0.22209182381629944,0.7293852965037028,0.040642941991488137,0.033349089324474335
15000,H8-V,516,n03125729/ILSVRC2012_val_00044994_n03125729,4,3,0.005391075896720092,0.12198219448328018,0.5967766245206197,0.023557061950365703,0.017589295903841656
15000,H8-V,516,n03125729/ILSVRC2012_val_00044994_n03125729,7,3,0.004764382261782885,0.11005436877409618,0.5661579370498657,0.021431398888429005,0.01576982003947099
15000,H8-V,516,n03125729/ILSVRC2012_val_00044994_n03125729,13,3,0.004404075754185517,0.10164500772953033,0.5386349558830261,0.019954925402998924,0.014568576278785864
15000,H8-V,516,n03125729/ILSVRC2012_val_00044994_n03125729,19,3,0.004329675808548927,0.09851614385843277,0.5310871998469034,0.019492163012425106,0.014181290753185749
15000,H8-V,517,n03126707/ILSVRC2012_val_00043871_n03126707,1,3,0.011610159029563269,0.18307355542977652,0.3100050191084544,0.033017564564943314,0.02991751457254092
15000,H8-V,517,n03126707/ILSVRC2012_val_00043871_n03126707,4,3,0.006955631542950869,0.07825495054324468,0.21264679729938507,0.016907593856255215,0.01478112613161405
15000,H8-V,517,n03126707/ILSVRC2012_val_00043871_n03126707,7,3,0.006674471156050761,0.07533692320187886,0.19133148590723673,0.016121478130420048,0.014208163445194563
15000,H8-V,517,n03126707/ILSVRC2012_val_00043871_n03126707,13,3,0.006428824737668037,0.0690589298804601,0.17585896452267966,0.015093307631711165,0.013334717911978563
15000,H8-V,517,n03126707/ILSVRC2012_val_00043871_n03126707,19,3,0.006326820856581132,0.06374028821786244,0.17445959647496542,0.014445445810755094,0.012700849833587805
15000,H8-V,518,n03127747/ILSVRC2012_val_00006425_n03127747,1,3,0.01426355168223381,0.14620637893676758,0.40662631392478943,0.03295045283933481,0.028884189824263256
15000,H8-V,518,n03127747/ILSVRC2012_val_00006425_n03127747,4,3,0.005698104544232289,0.06533250957727432,0.300460418065389,0.01523595986266931,0.012231355843444666
15000,H8-V,518,n03127747/ILSVRC2012_val_00006425_n03127747,7,3,0.0052125053480267525,0.061692738284667335,0.27557315429051715,0.014137510831157366,0.011381779486934343
15000,H8-V,518,n03127747/ILSVRC2012_val_00006425_n03127747,13,3,0.0047881645150482655,0.05812780683239301,0.25662259260813397,0.013167171428600946,0.010600945601860682
15000,H8-V,518,n03127747/ILSVRC2012_val_00006425_n03127747,19,3,0.0046796185585359735,0.057353079319000244,0.2544497450192769,0.012959424095849196,0.010414926645656427
15000,H8-V,519,n03127925/ILSVRC2012_val_00047344_n03127925,1,3,0.010583086870610714,0.24326238532861075,0.6410189469655355,0.041319514314333596,0.034909325341383614
15000,H8-V,519,n03127925/ILSVRC2012_val_00047344_n03127925,4,3,0.006592008130004008,0.14287183185418448,0.5228178103764852,0.026107368990778923,0.020879191036025684
15000,H8-V,519,n03127925/ILSVRC2012_val_00047344_n03127925,7,3,0.006227734809120496,0.1364338199297587,0.49644115567207336,0.024835528805851936,0.019871117547154427
15000,H8-V,519,n03127925/ILSVRC2012_val_00047344_n03127925,13,3,0.0058462899178266525,0.13119966785113016,0.4749297797679901,0.02371555504699548,0.018966256951292355
15000,H8-V,519,n03127925/ILSVRC2012_val_00047344_n03127925,19,3,0.005697397204736869,0.1295121262470881,0.47140273451805115,0.023362637187043827,0.018648609519004822
15000,H8-V,520,n03131574/ILSVRC2012_val_00045370_n03131574,1,3,0.009974016807973385,0.17374053100744882,0.45669135451316833,0.03191498356560866,0.027348070715864498
15000,H8-V,520,n03131574/ILSVRC2012_val_00045370_n03131574,4,3,0.004448049856970708,0.08520899961392085,0.3452237943808238,0.016421187669038773,0.012968949973583221
15000,H8-V,520,n03131574/ILSVRC2012_val_00045370_n03131574,7,3,0.004120910074561834,0.07985415309667587,0.31921467185020447,0.015298471786081791,0.01210632516692082
15000,H8-V,520,n03131574/ILSVRC2012_val_00045370_n03131574,13,3,0.003823676457007726,0.07486401498317719,0.29941025376319885,0.014304180319110552,0.011310077893237272
15000,H8-V,520,n03131574/ILSVRC2012_val_00045370_n03131574,19,3,0.0037440668481091657,0.07335280378659566,0.297041783730189,0.014049765343467394,0.01107934738198916
15000,H8-V,521,n03133878/ILSVRC2012_val_00029502_n03133878,1,3,0.011281143873929977,0.2541014452775319,0.6860736807187399,0.04355202615261078,0.03669128939509392
15000,H8-V,521,n03133878/ILSVRC2012_val_00029502_n03133878,4,3,0.005969901569187641,0.14699607094128928,0.5473462144533793,0.026142971590161324,0.020669509346286457
15000,H8-V,521,n03133878/ILSVRC2012_val_00029502_n03133878,7,3,0.0055383786869545775,0.13998834788799286,0.5194830298423767,0.024732043966650963,0.01953721356888612
15000,H8-V,521,n03133878/ILSVRC2012_val_00029502_n03133878,13,3,0.005075687697778146,0.12945279975732168,0.49525704979896545,0.02297353868683179,0.018020968263347942
15000,H8-V,521,n03133878/ILSVRC2012_val_00029502_n03133878,19,3,0.004915836888055007,0.12579489747683206,0.48971453309059143,0.022392472252249718,0.017495326697826385
15000,H8-V,522,n03134739/ILSVRC2012_val_00035923_n03134739,1,3,0.018150328968962032,0.20917539795239767,0.8286914229393005,0.04735478386282921,0.03906787062684695
15000,H8-V,522,n03134739/ILSVRC2012_val_00035923_n03134739,4,3,0.012242860160768032,0.1251602644721667,0.698386569817861,0.03174275097747644,0.024758885925014813
15000,H8-V,522,n03134739/ILSVRC2012_val_00035923_n03134739,7,3,0.011343283578753471,0.11740842958291371,0.6658745209376017,0.02974287172158559,0.0230841264128685
15000,H8-V,522,n03134739/ILSVRC2012_val_00035923_n03134739,13,3,0.010694379918277264,0.11006464312473933,0.6351185043652853,0.0280520295103391,0.021700844168663025
15000,H8-V,522,n03134739/ILSVRC2012_val_00035923_n03134739,19,3,0.010512081906199455,0.10746721178293228,0.6257094144821167,0.027515897527337074,0.0212588037053744
15000,H8-V,523,n03141823/ILSVRC2012_val_00013219_n03141823,1,3,0.00625806488096714,0.15913341442743936,0.402599960565567,0.02619740553200245,0.02217140669624011
15000,H8-V,523,n03141823/ILSVRC2012_val_00013219_n03141823,4,3,0.0035662714702387652,0.10049525896708171,0.3183148205280304,0.016798946385582287,0.013615797894696394
15000,H8-V,523,n03141823/ILSVRC2012_val_00013219_n03141823,7,3,0.0033023771829903126,0.0945083275437355,0.29395665725072223,0.0156927773108085,0.01275321034093698
15000,H8-V,523,n03141823/ILSVRC2012_val_00013219_n03141823,13,3,0.0030091004446148872,0.08740412443876266,0.27591301997502643,0.014508643187582493,0.01174951313684384
15000,H8-V,523,n03141823/ILSVRC2012_val_00013219_n03141823,19,3,0.0029071034708370766,0.08491221070289612,0.27441208561261493,0.014142445599039396,0.011398325053354105
15000,H8-V,524,n03146219/ILSVRC2012_val_00036276_n03146219,1,3,0.005724323292573293,0.2532806098461151,0.6812151273091634,0.03786453604698181,0.031052383904655773
15000,H8-V,524,n03146219/ILSVRC2012_val_00036276_n03146219,4,3,0.003411477509265145,0.17514604330062866,0.5643198688824972,0.02656927953163783,0.02092608188589414
15000,H8-V,524,n03146219/ILSVRC2012_val_00036276_n03146219,7,3,0.003179743963604172,0.16844824453194937,0.5346200863520304,0.025370769823590916,0.020024569084246952
15000,H8-V,524,n03146219/ILSVRC2012_val_00036276_n03146219,13,3,0.0029503811771670976,0.16023866832256317,0.5082541306813558,0.024056789154807728,0.018974248319864273
15000,H8-V,524,n03146219/ILSVRC2012_val_00036276_n03146219,19,3,0.0028787924287219844,0.15347844858964285,0.5021928350130717,0.023248566314578056,0.018226637815435726
15000,H8-V,525,n03160309/ILSVRC2012_val_00000330_n03160309,1,3,0.007050330750644207,0.17471884191036224,0.506680965423584,0.02958902468283971,0.024522215127944946
15000,H8-V,525,n03160309/ILSVRC2012_val_00000330_n03160309,4,3,0.004066796973347664,0.1051820417245229,0.3815239667892456,0.018400241310397785,0.014585001394152641
15000,H8-V,525,n03160309/ILSVRC2012_val_00000330_n03160309,7,3,0.003781998452420036,0.09930925071239471,0.357395480076472,0.017286878700057667,0.013712923973798752
15000,H8-V,525,n03160309/ILSVRC2012_val_00000330_n03160309,13,3,0.0035051220717529454,0.09452421963214874,0.33855658769607544,0.01634311055143674,0.012957544686893622
15000,H8-V,525,n03160309/ILSVRC2012_val_00000330_n03160309,19,3,0.0033777697632710138,0.09163280824820201,0.33600383003552753,0.01590108871459961,0.012541050712267557
15000,H8-V,526,n03179701/ILSVRC2012_val_00040102_n03179701,1,3,0.015510772665341696,0.21378131210803986,0.8485643068949381,0.045374548683563866,0.03688890486955643
15000,H8-V,526,n03179701/ILSVRC2012_val_00040102_n03179701,4,3,0.008739857003092766,0.12572530408700308,0.7035302122433981,0.028347689658403397,0.02131238766014576
15000,H8-V,526,n03179701/ILSVRC2012_val_00040102_n03179701,7,3,0.008181798582275709,0.11804372568925221,0.6714421510696411,0.026700593531131744,0.019986172517140705
15000,H8-V,526,n03179701/ILSVRC2012_val_00040102_n03179701,13,3,0.007679314042131106,0.11008362223704656,0.6408578157424927,0.02509625442326069,0.018687676638364792
15000,H8-V,526,n03179701/ILSVRC2012_val_00040102_n03179701,19,3,0.007534662416825692,0.1085582822561264,0.6316506663958231,0.024706996977329254,0.01839049036304156
15000,H8-V,527,n03180011/ILSVRC2012_val_00033297_n03180011,1,3,0.009070230647921562,0.19688176612059274,0.6322896083196005,0.03508130398889383,0.02875840725998084
15000,H8-V,527,n03180011/ILSVRC2012_val_00033297_n03180011,4,3,0.004810747690498829,0.1308061977227529,0.5239901940027872,0.023131269961595535,0.01789136789739132
15000,H8-V,527,n03180011/ILSVRC2012_val_00033297_n03180011,7,3,0.004462039563804865,0.12446126838525136,0.4961969355742137,0.02187013564010461,0.016908166309197743
15000,H8-V,527,n03180011/ILSVRC2012_val_00033297_n03180011,13,3,0.004117395884046952,0.11702703187863032,0.4720023473103841,0.020540122563640278,0.015820099661747616
15000,H8-V,527,n03180011/ILSVRC2012_val_00033297_n03180011,19,3,0.004004103597253561,0.11358475436766942,0.46674084663391113,0.020029987518986065,0.015362579375505447
15000,H8-V,528,n03187595/ILSVRC2012_val_00022668_n03187595,1,3,0.015690381328264873,0.18833308418591818,0.4347633322079976,0.03887132244805495,0.034523689498504005
15000,H8-V,528,n03187595/ILSVRC2012_val_00022668_n03187595,4,3,0.004366580707331498,0.05845979476968447,0.2900986075401306,0.013113546495636305,0.010212560184299946
15000,H8-V,528,n03187595/ILSVRC2012_val_00022668_n03187595,7,3,0.004120094546427329,0.055506281554698944,0.26647720734278363,0.012335495091974735,0.009670722919205824
15000,H8-V,528,n03187595/ILSVRC2012_val_00022668_n03187595,13,3,0.003928757427881162,0.052994166811307274,0.24929267168045044,0.011721100968619188,0.009228174574673176
15000,H8-V,528,n03187595/ILSVRC2012_val_00022668_n03187595,19,3,0.003916052790979545,0.05324624478816986,0.2482654849688212,0.011723332417507967,0.009240677580237389
15000,H8-V,529,n03188531/ILSVRC2012_val_00007673_n03188531,1,3,0.01365991464505593,0.26593225200970966,0.8213688731193542,0.048466830203930535,0.04025314127405485
15000,H8-V,529,n03188531/ILSVRC2012_val_00007673_n03188531,4,3,0.009305501356720924,0.1811910072962443,0.6844055652618408,0.034268658608198166,0.027424602458874386
15000,H8-V,529,n03188531/ILSVRC2012_val_00007673_n03188531,7,3,0.00874362327158451,0.17278605699539185,0.6526525417963663,0.03254875416556994,0.026022229964534443
15000,H8-V,529,n03188531/ILSVRC2012_val_00007673_n03188531,13,3,0.008180798652271429,0.16444702446460724,0.6238536636034647,0.030864037573337555,0.02462550128499667
15000,H8-V,529,n03188531/ILSVRC2012_val_00007673_n03188531,19,3,0.00800775270909071,0.1609976440668106,0.6163870493570963,0.03027138796945413,0.024107517674565315
15000,H8-V,530,n03196217/ILSVRC2012_val_00011568_n03196217,1,3,0.005828160016487042,0.1630678673585256,0.28229547540346783,0.024957902108629543,0.02213494728008906
15000,H8-V,530,n03196217/ILSVRC2012_val_00011568_n03196217,4,3,0.0011979002350320418,0.05210243662198385,0.18036183714866638,0.008211762644350529,0.006408144099016984
15000,H8-V,530,n03196217/ILSVRC2012_val_00011568_n03196217,7,3,0.0010950585128739476,0.047573974976936974,0.15884287655353546,0.007440884908040364,0.005852456204593182
15000,H8-V,530,n03196217/ILSVRC2012_val_00011568_n03196217,13,3,0.0009914302499964833,0.04350965345899264,0.14587132136027017,0.006801108984897534,0.005342395820965369
15000,H8-V,530,n03196217/ILSVRC2012_val_00011568_n03196217,19,3,0.0009756239790779849,0.04194497441252073,0.1473613828420639,0.006643735182782014,0.005170121478537719
15000,H8-V,531,n03197337/ILSVRC2012_val_00003455_n03197337,1,3,0.015750287100672722,0.21023201445738474,0.6369190017382304,0.04314267883698145,0.036773488546411194
15000,H8-V,531,n03197337/ILSVRC2012_val_00003455_n03197337,4,3,0.007115285222729047,0.09778642902771632,0.48826631903648376,0.021776591738065083,0.01689392887055874
15000,H8-V,531,n03197337/ILSVRC2012_val_00003455_n03197337,7,3,0.006650901399552822,0.09230738629897435,0.460340956846873,0.020485049734512966,0.01588164021571477
15000,H8-V,531,n03197337/ILSVRC2012_val_00003455_n03197337,13,3,0.0062158255216976,0.08610375722249348,0.43571795026461285,0.019183381150166195,0.014826201523343721
15000,H8-V,531,n03197337/ILSVRC2012_val_00003455_n03197337,19,3,0.006085492360095183,0.08358526726563771,0.4301062226295471,0.01874508212010066,0.0144440196454525
15000,H8-V,532,n03201208/ILSVRC2012_val_00000241_n03201208,1,3,0.009084503476818403,0.21004032095273337,0.48542254169782,0.034942761063575745,0.030088535820444424
15000,H8-V,532,n03201208/ILSVRC2012_val_00000241_n03201208,4,3,0.005875043570995331,0.13557948172092438,0.3752174377441406,0.023185167461633682,0.019432992363969486
15000,H8-V,532,n03201208/ILSVRC2012_val_00000241_n03201208,7,3,0.005611719253162543,0.13153040409088135,0.35080387194951373,0.022272799164056778,0.018764760345220566
15000,H8-V,532,n03201208/ILSVRC2012_val_00000241_n03201208,13,3,0.0053400810187061625,0.12542171527942023,0.3324114481608073,0.021206367760896683,0.017882253353794415
15000,H8-V,532,n03201208/ILSVRC2012_val_00000241_n03201208,19,3,0.005249594338238239,0.12397478024164836,0.3309033711751302,0.020956105863054592,0.017647072051962216
15000,H8-V,533,n03207743/ILSVRC2012_val_00028314_n03207743,1,3,0.008119917009025812,0.21955047051111856,0.3419440488020579,0.0334944042066733,0.030074963967005413
15000,H8-V,533,n03207743/ILSVRC2012_val_00028314_n03207743,4,3,0.003415627327437202,0.09320299079020818,0.23931370178858438,0.01512906358887752,0.012735926546156406
15000,H8-V,533,n03207743/ILSVRC2012_val_00028314_n03207743,7,3,0.0032858164049685,0.09139873832464218,0.217805748184522,0.014603748296697935,0.012425690578917662
15000,H8-V,533,n03207743/ILSVRC2012_val_00028314_n03207743,13,3,0.0031533808602641025,0.08894623816013336,0.20308146874109903,0.014078819503386816,0.012048004815975824
15000,H8-V,533,n03207743/ILSVRC2012_val_00028314_n03207743,19,3,0.003093008960907658,0.08862748742103577,0.2039085179567337,0.013994842767715454,0.011955757935841879
15000,H8-V,534,n03207941/ILSVRC2012_val_00029869_n03207941,1,3,0.014393705564240614,0.19707769652207693,0.8932986656824747,0.043034461637338005,0.034101475651065506
15000,H8-V,534,n03207941/ILSVRC2012_val_00029869_n03207941,4,3,0.008658666474123796,0.13660967350006104,0.7604983846346537,0.029924617459376652,0.02231963351368904
15000,H8-V,534,n03207941/ILSVRC2012_val_00029869_n03207941,7,3,0.007921402342617512,0.1278611421585083,0.72713836034139,0.027978900199135143,0.020707516620556515
15000,H8-V,534,n03207941/ILSVRC2012_val_00029869_n03207941,13,3,0.0072328488652904825,0.11853687465190887,0.6953325470288595,0.026039861763517063,0.01908653664092223
15000,H8-V,534,n03207941/ILSVRC2012_val_00029869_n03207941,19,3,0.007019384764134884,0.11532923330863316,0.6854268511136373,0.025406576693058014,0.018552307660381
15000,H8-V,535,n03208938/ILSVRC2012_val_00003128_n03208938,1,3,0.015248447967072329,0.20988047122955322,0.7219909826914469,0.04345640540122986,0.03623649602135023
15000,H8-V,535,n03208938/ILSVRC2012_val_00003128_n03208938,4,3,0.008245989990731081,0.12648355960845947,0.5789523124694824,0.0266838688403368,0.02089434613784154
15000,H8-V,535,n03208938/ILSVRC2012_val_00003128_n03208938,7,3,0.0077566093144317465,0.12022486329078674,0.5497929056485494,0.025277024134993553,0.01977909542620182
15000,H8-V,535,n03208938/ILSVRC2012_val_00003128_n03208938,13,3,0.0073245080808798475,0.1143625130256017,0.5241983334223429,0.024002742643157642,0.018760759383440018
15000,H8-V,535,n03208938/ILSVRC2012_val_00003128_n03208938,19,3,0.007228436724593242,0.1137220064798991,0.5180788636207581,0.023781425630052883,0.01860063709318638
15000,H8-V,536,n03216828/ILSVRC2012_val_00001983_n03216828,1,3,0.014075782150030136,0.26108016570409137,0.9526941378911337,0.049710740645726524,0.04018379872043928
15000,H8-V,536,n03216828/ILSVRC2012_val_00001983_n03216828,4,3,0.010699670140941938,0.1850096434354782,0.8230761885643005,0.037431396543979645,0.029200633987784386
15000,H8-V,536,n03216828/ILSVRC2012_val_00001983_n03216828,7,3,0.010088954120874405,0.18219484885533652,0.785966177781423,0.036168100933233895,0.028308439378937084
15000,H8-V,536,n03216828/ILSVRC2012_val_00001983_n03216828,13,3,0.009597520033518473,0.17563332120577493,0.7534985939661661,0.034695837646722794,0.027160852526624996
15000,H8-V,536,n03216828/ILSVRC2012_val_00001983_n03216828,19,3,0.00946124829351902,0.17313361167907715,0.7432759602864584,0.03420737013220787,0.026774610082308452
15000,H8-V,537,n03218198/ILSVRC2012_val_00011006_n03218198,1,3,0.010403920585910479,0.21006784836451212,0.8763505419095358,0.040174211064974465,0.03141070591906706
15000,H8-V,537,n03218198/ILSVRC2012_val_00011006_n03218198,4,3,0.0068371362673739595,0.12978683412075043,0.7425474921862284,0.027241293340921402,0.019815819337964058
15000,H8-V,537,n03218198/ILSVRC2012_val_00011006_n03218198,7,3,0.0063850455917418,0.12463185687859853,0.7109461426734924,0.02595769241452217,0.01884823168317477
15000,H8-V,537,n03218198/ILSVRC2012_val_00011006_n03218198,13,3,0.006027490521470706,0.12052028129498164,0.6801427205403646,0.024880944440762203,0.018079518030087154
15000,H8-V,537,n03218198/ILSVRC2012_val_00011006_n03218198,19,3,0.005996826725701491,0.12052089969317119,0.670189638932546,0.02475081260005633,0.01804891663293044
15000,H8-V,538,n03220513/ILSVRC2012_val_00007941_n03220513,1,3,0.011436402797698975,0.1645257224639257,0.5031488537788391,0.03292046363155047,0.02788897541662057
15000,H8-V,538,n03220513/ILSVRC2012_val_00007941_n03220513,4,3,0.007550566922873259,0.09137289474407832,0.36489640673001605,0.020336820433537166,0.01668785698711872
15000,H8-V,538,n03220513/ILSVRC2012_val_00007941_n03220513,7,3,0.007240189394603173,0.08590039859215419,0.3426349659760793,0.019256580000122387,0.015830229657391708
15000,H8-V,538,n03220513/ILSVRC2012_val_00007941_n03220513,13,3,0.006951912306249142,0.0815227950612704,0.3236551384131114,0.018340743457277615,0.015104191998640696
15000,H8-V,538,n03220513/ILSVRC2012_val_00007941_n03220513,19,3,0.006886246148496866,0.07929360866546631,0.3214775224526723,0.01803038145105044,0.014815607108175755
15000,H8-V,539,n03223299/ILSVRC2012_val_00017336_n03223299,1,3,0.008314938905338446,0.22829741736253104,0.35409881671269733,0.03468566946685314,0.03114468107620875
15000,H8-V,539,n03223299/ILSVRC2012_val_00017336_n03223299,4,3,0.004400462998698155,0.10695480555295944,0.23497965931892395,0.01744574060042699,0.015095943585038185
15000,H8-V,539,n03223299/ILSVRC2012_val_00017336_n03223299,7,3,0.004229448114832242,0.1029568463563919,0.21262027323246002,0.016651335482796032,0.014525132874647776
15000,H8-V,539,n03223299/ILSVRC2012_val_00017336_n03223299,13,3,0.004123967761794726,0.09986466417709987,0.197720338900884,0.01608763759334882,0.01411043448994557
15000,H8-V,539,n03223299/ILSVRC2012_val_00017336_n03223299,19,3,0.00412767194211483,0.0995920995871226,0.1989078571399053,0.01607596067090829,0.014086881962915262
15000,H8-V,540,n03240683/ILSVRC2012_val_00025593_n03240683,1,3,0.002819423175727328,0.14804509778817496,0.28561705350875854,0.020480103169878323,0.017623933032155037
15000,H8-V,540,n03240683/ILSVRC2012_val_00025593_n03240683,4,3,0.0011292940859372418,0.05449744934837023,0.18729656438032785,0.008452004753053188,0.00657903915271163
15000,H8-V,540,n03240683/ILSVRC2012_val_00025593_n03240683,7,3,0.0010812463394055765,0.0514489971101284,0.1656467169523239,0.007882613378266493,0.006226146283249061
15000,H8-V,540,n03240683/ILSVRC2012_val_00025593_n03240683,13,3,0.0010347399317348998,0.04939528306325277,0.15023932854334512,0.007476661509523789,0.005974268230299155
15000,H8-V,540,n03240683/ILSVRC2012_val_00025593_n03240683,19,3,0.0010171882652988036,0.04906047508120537,0.14912951985994974,0.0074145314283668995,0.005923236099382241
15000,H8-V,541,n03249569/ILSVRC2012_val_00020695_n03249569,1,3,0.018334132929642994,0.25023215015729267,0.9612598021825155,0.05296994869907697,0.043357349932193756
15000,H8-V,541,n03249569/ILSVRC2012_val_00020695_n03249569,4,3,0.011733322714765867,0.13875916600227356,0.7963422536849976,0.03357266013820966,0.025609238694111507
15000,H8-V,541,n03249569/ILSVRC2012_val_00020695_n03249569,7,3,0.011256807794173559,0.13194107512633005,0.7632719278335571,0.03208363552888235,0.024450915555159252
15000,H8-V,541,n03249569/ILSVRC2012_val_00020695_n03249569,13,3,0.010916432986656824,0.12649420400460562,0.7310526371002197,0.03087637883921464,0.023565853014588356
15000,H8-V,541,n03249569/ILSVRC2012_val_00020695_n03249569,19,3,0.010869812220335007,0.12392147382100423,0.7211747368176779,0.030473707243800163,0.02326195997496446
15000,H8-V,542,n03250847/ILSVRC2012_val_00040670_n03250847,1,3,0.008947033435106277,0.1933900068203608,0.7749990026156107,0.036036024490992226,0.028286034241318703
15000,H8-V,542,n03250847/ILSVRC2012_val_00040670_n03250847,4,3,0.004745163954794407,0.09857388585805893,0.6518376072247823,0.021120928848783176,0.014602552788952986
15000,H8-V,542,n03250847/ILSVRC2012_val_00040670_n03250847,7,3,0.004289525871475537,0.09179729719956715,0.6198999484380087,0.01966825562218825,0.013469255529344082
15000,H8-V,542,n03250847/ILSVRC2012_val_00040670_n03250847,13,3,0.0039005362583945193,0.08741715302069981,0.5903697609901428,0.01854594921072324,0.012642251948515574
15000,H8-V,542,n03250847/ILSVRC2012_val_00040670_n03250847,19,3,0.0038037289244433246,0.08728711307048798,0.5825739900271097,0.018358180299401283,0.012532440635065237
15000,H8-V,543,n03255030/ILSVRC2012_val_00034805_n03255030,1,3,0.008350338942060867,0.19756399591763815,0.6155652602513632,0.034262390807271004,0.02810673974454403
15000,H8-V,543,n03255030/ILSVRC2012_val_00034805_n03255030,4,3,0.0051936255767941475,0.11160146196683247,0.4951378603776296,0.02130515066285928,0.01635377233227094
15000,H8-V,543,n03255030/ILSVRC2012_val_00034805_n03255030,7,3,0.004798147516945998,0.10568975408871968,0.4673182964324951,0.020040306573112805,0.015367123608787855
15000,H8-V,543,n03255030/ILSVRC2012_val_00034805_n03255030,13,3,0.00447400597234567,0.10107344388961792,0.4441371560096741,0.01902272179722786,0.014581349988778433
15000,H8-V,543,n03255030/ILSVRC2012_val_00034805_n03255030,19,3,0.004408728796988726,0.10010682791471481,0.43924058477083844,0.01881181759138902,0.01441941224038601
15000,H8-V,544,n03259280/ILSVRC2012_val_00008537_n03259280,1,3,0.017544204369187355,0.14226296792427698,0.5938008228937784,0.03770850909252962,0.0317705012857914
15000,H8-V,544,n03259280/ILSVRC2012_val_00008537_n03259280,4,3,0.011479584810634455,0.08650753895441692,0.48122842113176983,0.02494262345135212,0.020130339389046032
15000,H8-V,544,n03259280/ILSVRC2012_val_00008537_n03259280,7,3,0.010873238245646158,0.08216748138268788,0.45312145352363586,0.023621200273434322,0.019089986259738605
15000,H8-V,544,n03259280/ILSVRC2012_val_00008537_n03259280,13,3,0.010251392610371113,0.07684706896543503,0.4298097888628642,0.022234196464220684,0.0179360993206501
15000,H8-V,544,n03259280/ILSVRC2012_val_00008537_n03259280,19,3,0.01005942498644193,0.07439526667197545,0.4251245657602946,0.02175019681453705,0.01749895140528679
15000,H8-V,545,n03271574/ILSVRC2012_val_00039769_n03271574,1,3,0.016880950580040615,0.16704868773619333,0.634646475315094,0.039932284504175186,0.033585820347070694
15000,H8-V,545,n03271574/ILSVRC2012_val_00039769_n03271574,4,3,0.010089642057816187,0.10209142913420995,0.5211895704269409,0.02551068055133025,0.02029878521958987
15000,H8-V,545,n03271574/ILSVRC2012_val_00039769_n03271574,7,3,0.009259973963101705,0.09541684637467067,0.4888874093691508,0.02369053289294243,0.01880165934562683
15000,H8-V,545,n03271574/ILSVRC2012_val_00039769_n03271574,13,3,0.008403941988945007,0.08756204942862193,0.45917635162671405,0.02175191106895606,0.017160147428512573
15000,H8-V,545,n03271574/ILSVRC2012_val_00039769_n03271574,19,3,0.008074299432337284,0.08453218638896942,0.4504467050234477,0.02103198568026225,0.01652751863002777
15000,H8-V,546,n03272010/ILSVRC2012_val_00004994_n03272010,1,3,0.03190151850382487,0.28718743721644086,1.440564473470052,0.07502590864896774,0.0606202632188797
15000,H8-V,546,n03272010/ILSVRC2012_val_00004994_n03272010,4,3,0.02370080103476842,0.20204907159010568,1.2624321381251018,0.0565300298233827,0.043905707697073616
15000,H8-V,546,n03272010/ILSVRC2012_val_00004994_n03272010,7,3,0.022387987623612087,0.19235103825728098,1.2198230028152466,0.05382132033507029,0.04162309070428213
15000,H8-V,546,n03272010/ILSVRC2012_val_00004994_n03272010,13,3,0.021232128143310547,0.18196199337641397,1.1788246631622314,0.05121657500664393,0.039428328474362694
15000,H8-V,546,n03272010/ILSVRC2012_val_00004994_n03272010,19,3,0.02089812606573105,0.17810500661532083,1.1667373577753704,0.050375999261935554,0.038708627223968506
15000,H8-V,547,n03272562/ILSVRC2012_val_00018705_n03272562,1,3,0.013782966571549574,0.15111600855986276,0.6772565245628357,0.03566713258624077,0.028894567241271336
15000,H8-V,547,n03272562/ILSVRC2012_val_00018705_n03272562,4,3,0.009069979190826416,0.09747602293888728,0.5599741538365682,0.024417322749892872,0.018817581857244175
15000,H8-V,547,n03272562/ILSVRC2012_val_00018705_n03272562,7,3,0.00861178245395422,0.0934101144472758,0.5320426821708679,0.023273220285773277,0.01795279358824094
15000,H8-V,547,n03272562/ILSVRC2012_val_00018705_n03272562,13,3,0.008197112629810968,0.08905885865290959,0.5074906746546427,0.022177905465165775,0.0171029989918073
15000,H8-V,547,n03272562/ILSVRC2012_val_00018705_n03272562,19,3,0.008098717468480269,0.0863641823331515,0.5015153090159098,0.021750288705031078,0.016735135888059933
15000,H8-V,548,n03290653/ILSVRC2012_val_00046068_n03290653,1,3,0.009601358945171038,0.1462674637635549,0.5802095731099447,0.03003020149966081,0.024228105942408245
15000,H8-V,548,n03290653/ILSVRC2012_val_00046068_n03290653,4,3,0.005476652489354213,0.0886970857779185,0.4721398651599884,0.019067759315172832,0.01434636116027832
15000,H8-V,548,n03290653/ILSVRC2012_val_00046068_n03290653,7,3,0.005030564808597167,0.0832557554046313,0.44225465257962543,0.01777868779997031,0.013356140814721584
15000,H8-V,548,n03290653/ILSVRC2012_val_00046068_n03290653,13,3,0.004613040946424007,0.07903113961219788,0.4160589277744293,0.016676745067040127,0.012516155218084654
15000,H8-V,548,n03290653/ILSVRC2012_val_00046068_n03290653,19,3,0.004481089922289054,0.07829391707976659,0.40947552522023517,0.016405236596862476,0.012310481630265713
15000,H8-V,549,n03291819/ILSVRC2012_val_00046637_n03291819,1,3,0.010119199131925901,0.24863203863302866,1.0666404167811077,0.04564880579710007,0.03498240311940511
15000,H8-V,549,n03291819/ILSVRC2012_val_00046637_n03291819,4,3,0.006391818014283975,0.16634861131509146,0.925017793973287,0.032276857644319534,0.02302667995293935
15000,H8-V,549,n03291819/ILSVRC2012_val_00046637_n03291819,7,3,0.0059456115898986655,0.15779049694538116,0.8920810421307882,0.030645472307999928,0.02172466181218624
15000,H8-V,549,n03291819/ILSVRC2012_val_00046637_n03291819,13,3,0.005464174474279086,0.1480089177687963,0.8583320379257202,0.028848386680086453,0.020265066375335056
15000,H8-V,549,n03291819/ILSVRC2012_val_00046637_n03291819,19,3,0.005287024968614181,0.14339601000150046,0.8465821941693624,0.02809244766831398,0.01962662550310294
15000,H8-V,550,n03297495/ILSVRC2012_val_00021388_n03297495,1,3,0.009434654222180447,0.20834364742040634,0.49254361788431805,0.035194456577301025,0.030269019926587742
15000,H8-V,550,n03297495/ILSVRC2012_val_00021388_n03297495,4,3,0.0021538839985926947,0.06676736722389857,0.36084633072217304,0.012439084239304066,0.008830620907247066
15000,H8-V,550,n03297495/ILSVRC2012_val_00021388_n03297495,7,3,0.0019218922437479098,0.062041853864987694,0.3351117968559265,0.011477195657789707,0.008126077863077322
15000,H8-V,550,n03297495/ILSVRC2012_val_00021388_n03297495,13,3,0.0017152584235494335,0.056420007099707924,0.31347498297691345,0.010492009110748768,0.007357259436200063
15000,H8-V,550,n03297495/ILSVRC2012_val_00021388_n03297495,19,3,0.0016561036851877968,0.05401730537414551,0.3086978793144226,0.010144812986254692,0.007057834416627884
15000,H8-V,551,n03314780/ILSVRC2012_val_00047251_n03314780,1,3,0.005076652703185876,0.18112483620643616,0.3979134460290273,0.02716827020049095,0.023189136137564976
15000,H8-V,551,n03314780/ILSVRC2012_val_00047251_n03314780,4,3,0.0014120694249868393,0.08032095183928807,0.28778624534606934,0.012322026925782362,0.009444164422651133
15000,H8-V,551,n03314780/ILSVRC2012_val_00047251_n03314780,7,3,0.0012975589294607441,0.0771623079975446,0.2636897961298625,0.01165068739404281,0.00901378970593214
15000,H8-V,551,n03314780/ILSVRC2012_val_00047251_n03314780,13,3,0.0012153047913064559,0.07376145323117574,0.24501033127307892,0.01104155338058869,0.008591450129946073
15000,H8-V,551,n03314780/ILSVRC2012_val_00047251_n03314780,19,3,0.0012042123125866055,0.07225898901621501,0.24174698690573374,0.010847581240038076,0.008430111221969128
15000,H8-V,552,n03325584/ILSVRC2012_val_00044622_n03325584,1,3,0.0035360331336657205,0.11743097255627315,0.45947204033533734,0.019873851910233498,0.015279131010174751
15000,H8-V,552,n03325584/ILSVRC2012_val_00044622_n03325584,4,3,0.0020243164617568254,0.07145602256059647,0.3767352302869161,0.012937270725766817,0.009169918484985828
15000,H8-V,552,n03325584/ILSVRC2012_val_00044622_n03325584,7,3,0.0018390127224847674,0.06678706655899684,0.35140446821848553,0.012031764102478823,0.008517719494799772
15000,H8-V,552,n03325584/ILSVRC2012_val_00044622_n03325584,13,3,0.0016076447597394388,0.06144526228308678,0.3310772081216176,0.011062943376600742,0.0077521710967024164
15000,H8-V,552,n03325584/ILSVRC2012_val_00044622_n03325584,19,3,0.001515072848026951,0.059133859972159065,0.3280499279499054,0.01070895791053772,0.007428458891808987
15000,H8-V,553,n03337140/ILSVRC2012_val_00016876_n03337140,1,3,0.002994754041234652,0.13522406419118246,0.3066687285900116,0.019583847373723984,0.016517160460352898
15000,H8-V,553,n03337140/ILSVRC2012_val_00016876_n03337140,4,3,0.0015333078724021714,0.06367695828278859,0.2150427301724752,0.010051431134343147,0.007901003739486137
15000,H8-V,553,n03337140/ILSVRC2012_val_00016876_n03337140,7,3,0.0014717326266691089,0.06116227557261785,0.19364109635353088,0.009524371474981308,0.007587960300346215
15000,H8-V,553,n03337140/ILSVRC2012_val_00016876_n03337140,13,3,0.001413957526286443,0.05946550518274307,0.17902418971061707,0.009150750003755093,0.007360508199781179
15000,H8-V,553,n03337140/ILSVRC2012_val_00016876_n03337140,19,3,0.0013817493260527651,0.05823123330871264,0.1797214150428772,0.009002086706459522,0.00720487255603075
15000,H8-V,554,n03344393/ILSVRC2012_val_00041935_n03344393,1,3,0.010006858967244625,0.19474661846955618,0.4846752683321635,0.0343282725661993,0.029481520876288414
15000,H8-V,554,n03344393/ILSVRC2012_val_00041935_n03344393,4,3,0.0058790589682757854,0.1179552103082339,0.3551817536354065,0.021226398025949795,0.017674580216407776
15000,H8-V,554,n03344393/ILSVRC2012_val_00041935_n03344393,7,3,0.0055292534331480665,0.11361187448104222,0.33197181423505145,0.020210158700744312,0.016890440757075947
15000,H8-V,554,n03344393/ILSVRC2012_val_00041935_n03344393,13,3,0.005037460786600907,0.10604366660118103,0.31452160080273944,0.018787043790022533,0.01564182744671901
15000,H8-V,554,n03344393/ILSVRC2012_val_00041935_n03344393,19,3,0.004925057136764129,0.10485770056645076,0.3131467401981354,0.01854229470094045,0.015410827783246836
15000,H8-V,555,n03345487/ILSVRC2012_val_00008013_n03345487,1,3,0.025208501145243645,0.22821664810180664,1.0315633813540142,0.05834579840302467,0.048030165334542595
15000,H8-V,555,n03345487/ILSVRC2012_val_00008013_n03345487,4,3,0.018393288056055706,0.1404996265967687,0.8628448843955994,0.04107170055309931,0.032443251460790634
15000,H8-V,555,n03345487/ILSVRC2012_val_00008013_n03345487,7,3,0.017578565205136936,0.13329053421815237,0.8279149929682413,0.03918676947553953,0.03090761850277583
15000,H8-V,555,n03345487/ILSVRC2012_val_00008013_n03345487,13,3,0.01680441138645013,0.12649453183015189,0.7931911945343018,0.037385777880748115,0.02945386494199435
15000,H8-V,555,n03345487/ILSVRC2012_val_00008013_n03345487,19,3,0.016590901960929234,0.12382138272126515,0.7820044159889221,0.03679308295249939,0.028973039860526722
15000,H8-V,556,n03347037/ILSVRC2012_val_00033001_n03347037,1,3,0.006152576611687739,0.2036698510249456,0.6768331527709961,0.033287892738978066,0.02651956242819627
15000,H8-V,556,n03347037/ILSVRC2012_val_00033001_n03347037,4,3,0.0034298424143344164,0.12948424617449442,0.5425375699996948,0.02180364355444908,0.016378267668187618
15000,H8-V,556,n03347037/ILSVRC2012_val_00033001_n03347037,7,3,0.0031496303466459117,0.12324324001868565,0.5141132871309916,0.02061508720119794,0.015473954689999422
15000,H8-V,556,n03347037/ILSVRC2012_val_00033001_n03347037,13,3,0.002898735382283727,0.1164994016289711,0.4900053143501282,0.019448728611071903,0.01454867577801148
15000,H8-V,556,n03347037/ILSVRC2012_val_00033001_n03347037,19,3,0.0028371235045293965,0.11445702612400055,0.48479222257932025,0.01913074900706609,0.014282826334238052
15000,H8-V,557,n03355925/ILSVRC2012_val_00041901_n03355925,1,3,0.00368560121084253,0.15356754759947458,0.32324495911598206,0.0222748052328825,0.019042355939745903
15000,H8-V,557,n03355925/ILSVRC2012_val_00041901_n03355925,4,3,0.0018243604572489858,0.06195379048585892,0.23159279425938925,0.010335667369266352,0.008019739451507727
15000,H8-V,557,n03355925/ILSVRC2012_val_00041901_n03355925,7,3,0.0017279885554065306,0.05926760410269102,0.20882404843966165,0.00974298951526483,0.00765474916746219
15000,H8-V,557,n03355925/ILSVRC2012_val_00041901_n03355925,13,3,0.0016263409440095227,0.05752111226320267,0.19215656320254007,0.009300018039842447,0.007378452457487583
15000,H8-V,557,n03355925/ILSVRC2012_val_00041901_n03355925,19,3,0.0015998376378168662,0.05594014376401901,0.1905987411737442,0.009099839255213737,0.007193852060784896
15000,H8-V,558,n03372029/ILSVRC2012_val_00028005_n03372029,1,3,0.010957743662099043,0.22123119235038757,0.8012452125549316,0.04109331468741099,0.03308086345593134
15000,H8-V,558,n03372029/ILSVRC2012_val_00028005_n03372029,4,3,0.00631101739903291,0.1294266680876414,0.6780276695887247,0.026033959661920864,0.019253683586915333
15000,H8-V,558,n03372029/ILSVRC2012_val_00028005_n03372029,7,3,0.005735108473648627,0.1209358274936676,0.644449770450592,0.024273188784718513,0.01782869112988313
15000,H8-V,558,n03372029/ILSVRC2012_val_00028005_n03372029,13,3,0.005243233249833186,0.11304061114788055,0.613498866558075,0.02268228307366371,0.016547294333577156
15000,H8-V,558,n03372029/ILSVRC2012_val_00028005_n03372029,19,3,0.005119681513557832,0.1105019102493922,0.6046952207883199,0.02221682481467724,0.016169872755805653
15000,H8-V,559,n03376595/ILSVRC2012_val_00015646_n03376595,1,3,0.014746648880342642,0.21683243413766226,0.9170517325401306,0.04560041055083275,0.03642989322543144
15000,H8-V,559,n03376595/ILSVRC2012_val_00015646_n03376595,4,3,0.009256544833381971,0.1326444298028946,0.7717133363087972,0.030238121127088863,0.022520987937847774
15000,H8-V,559,n03376595/ILSVRC2012_val_00015646_n03376595,7,3,0.008665402419865131,0.12642733256022134,0.738473117351532,0.02869286574423313,0.021308135241270065
15000,H8-V,559,n03376595/ILSVRC2012_val_00015646_n03376595,13,3,0.008090196798245112,0.11979953199625015,0.7059003512064616,0.027129154031475384,0.0200701504945755
15000,H8-V,559,n03376595/ILSVRC2012_val_00015646_n03376595,19,3,0.007898940704762936,0.11826984584331512,0.6950265367825826,0.026676189775268238,0.01972592497865359
15000,H8-V,560,n03379051/ILSVRC2012_val_00018798_n03379051,1,3,0.027947019164760906,0.29686857263247174,1.277458667755127,0.07040846347808838,0.057633875558773674
15000,H8-V,560,n03379051/ILSVRC2012_val_00018798_n03379051,4,3,0.01440662331879139,0.1844386508067449,1.0915364424387615,0.04376585284868876,0.032850489020347595
15000,H8-V,560,n03379051/ILSVRC2012_val_00018798_n03379051,7,3,0.01319251861423254,0.17372343440850577,1.056063214937846,0.04112549498677254,0.03056486261387666
15000,H8-V,560,n03379051/ILSVRC2012_val_00018798_n03379051,13,3,0.012104470903674761,0.16249045232931772,1.0182839234670003,0.03853635614116987,0.02835351663331191
15000,H8-V,560,n03379051/ILSVRC2012_val_00018798_n03379051,19,3,0.011779348986844221,0.1602798899014791,1.0033390124638875,0.03784072895844778,0.027807338163256645
15000,H8-V,561,n03384352/ILSVRC2012_val_00045886_n03384352,1,3,0.022080905735492706,0.2870939075946808,0.9280606905619303,0.06007090210914612,0.0507902962466081
15000,H8-V,561,n03384352/ILSVRC2012_val_00045886_n03384352,4,3,0.015614829957485199,0.16820641855398813,0.7677931785583496,0.040113404393196106,0.03243547181288401
15000,H8-V,561,n03384352/ILSVRC2012_val_00045886_n03384352,7,3,0.014837287987271944,0.16059883932272592,0.7333372632662455,0.03823054457704226,0.030897172167897224
15000,H8-V,561,n03384352/ILSVRC2012_val_00045886_n03384352,13,3,0.01418598834425211,0.15334542592366537,0.6998653411865234,0.036519184708595276,0.029520530874530476
15000,H8-V,561,n03384352/ILSVRC2012_val_00045886_n03384352,19,3,0.014038944616913795,0.15087505678335825,0.6892164945602417,0.03601861620942751,0.029126451661189396
15000,H8-V,562,n03388043/ILSVRC2012_val_00014682_n03388043,1,3,0.0202722679823637,0.25642381111780804,0.9272752205530802,0.0551874004304409,0.04591464872161547
15000,H8-V,562,n03388043/ILSVRC2012_val_00014682_n03388043,4,3,0.014239426391820112,0.16238323350747427,0.7796538472175598,0.038274288177490234,0.030477750425537426
15000,H8-V,562,n03388043/ILSVRC2012_val_00014682_n03388043,7,3,0.013516535982489586,0.15576710303624472,0.7474988102912903,0.03656823436419169,0.029093246906995773
15000,H8-V,562,n03388043/ILSVRC2012_val_00014682_n03388043,13,3,0.012867476170261702,0.1474205752213796,0.7162538965543112,0.03477207322915395,0.027609533940752346
15000,H8-V,562,n03388043/ILSVRC2012_val_00014682_n03388043,19,3,0.012687391291062037,0.14562931656837463,0.7065108815828959,0.03431543086965879,0.027250322202841442
15000,H8-V,563,n03388183/ILSVRC2012_val_00008576_n03388183,1,3,0.013081368369360765,0.12217711160580318,0.33210723598798114,0.028620151802897453,0.025299079716205597
15000,H8-V,563,n03388183/ILSVRC2012_val_00008576_n03388183,4,3,0.0038818359219779572,0.04436182230710983,0.21756250162919363,0.010493642960985502,0.008318018168210983
15000,H8-V,563,n03388183/ILSVRC2012_val_00008576_n03388183,7,3,0.003580468396345774,0.041378152867158256,0.19418673714001974,0.009660150855779648,0.0077182836830616
15000,H8-V,563,n03388183/ILSVRC2012_val_00008576_n03388183,13,3,0.0033010124849776426,0.039559309681256614,0.17830157776673636,0.00903995924939712,0.007256943422059218
15000,H8-V,563,n03388183/ILSVRC2012_val_00008576_n03388183,19,3,0.0032436032003412643,0.038813802103201546,0.1782668729623159,0.008907652149597803,0.007124983550359805
15000,H8-V,564,n03388549/ILSVRC2012_val_00012333_n03388549,1,3,0.010541558886567751,0.22936172286669412,0.6171407302220663,0.03964914008975029,0.03347773229082426
15000,H8-V,564,n03388549/ILSVRC2012_val_00012333_n03388549,4,3,0.004472068200508754,0.11978234350681305,0.4708023965358734,0.021158327038089435,0.0164503026753664
15000,H8-V,564,n03388549/ILSVRC2012_val_00012333_n03388549,7,3,0.0041972169031699496,0.11424851665894191,0.4444986681143443,0.02006705477833748,0.015622068817416826
15000,H8-V,564,n03388549/ILSVRC2012_val_00012333_n03388549,13,3,0.003917382253954808,0.10902274896701176,0.4229585925738017,0.01904924338062604,0.014819657430052757
15000,H8-V,564,n03388549/ILSVRC2012_val_00012333_n03388549,19,3,0.00379640127842625,0.10699771344661713,0.41874388853708905,0.018683611725767452,0.014496172467867533
15000,H8-V,565,n03393912/ILSVRC2012_val_00004389_n03393912,1,3,0.004353763302788138,0.22390663623809814,0.38543984293937683,0.030598825464646023,0.02674442653854688
15000,H8-V,565,n03393912/ILSVRC2012_val_00004389_n03393912,4,3,0.0024994514727344117,0.12100074191888173,0.26652591427167255,0.01726478524506092,0.014599525990585486
15000,H8-V,565,n03393912/ILSVRC2012_val_00004389_n03393912,7,3,0.0023848123382776976,0.11802585174640019,0.2447162022193273,0.016634559879700344,0.014187397745748362
15000,H8-V,565,n03393912/ILSVRC2012_val_00004389_n03393912,13,3,0.0022707690950483084,0.114505040148894,0.2284609874089559,0.01600588330378135,0.01372127328068018
15000,H8-V,565,n03393912/ILSVRC2012_val_00004389_n03393912,19,3,0.0021987531799823046,0.11233701060215633,0.2277986854314804,0.015710441395640373,0.01343245462824901
15000,H8-V,566,n03394916/ILSVRC2012_val_00019593_n03394916,1,3,0.017565457771221798,0.2004482646783193,1.018692155679067,0.04779720554749171,0.037610284984111786
15000,H8-V,566,n03394916/ILSVRC2012_val_00019593_n03394916,4,3,0.013040492932001749,0.13453438878059387,0.8674072623252869,0.03516800453265508,0.026493931810061138
15000,H8-V,566,n03394916/ILSVRC2012_val_00019593_n03394916,7,3,0.0124174061541756,0.12780024856328964,0.8287466764450073,0.03348489850759506,0.025197431445121765
15000,H8-V,566,n03394916/ILSVRC2012_val_00019593_n03394916,13,3,0.011928587531050047,0.12217884759108226,0.7914156317710876,0.032060628135999046,0.024146472414334614
15000,H8-V,566,n03394916/ILSVRC2012_val_00019593_n03394916,19,3,0.011877705343067646,0.12157430251439412,0.7799903750419617,0.031835039456685386,0.0240351352840662
15000,H8-V,567,n03400231/ILSVRC2012_val_00016201_n03400231,1,3,0.0162245345612367,0.1973413477341334,0.733057975769043,0.043289247900247574,0.035958668837944664
15000,H8-V,567,n03400231/ILSVRC2012_val_00016201_n03400231,4,3,0.011444414965808392,0.13179904719193777,0.6099249720573425,0.030723569293816883,0.024624320367972057
15000,H8-V,567,n03400231/ILSVRC2012_val_00016201_n03400231,7,3,0.01076455352207025,0.12429124861955643,0.5755175749460856,0.028948854034145672,0.023193678508202236
15000,H8-V,567,n03400231/ILSVRC2012_val_00016201_n03400231,13,3,0.01016987580806017,0.11904570460319519,0.544630209604899,0.02752074847618739,0.022074446082115173
15000,H8-V,567,n03400231/ILSVRC2012_val_00016201_n03400231,19,3,0.009995273935298124,0.11789144327243169,0.5364568630854288,0.027148987477024395,0.02178441857298215
15000,H8-V,568,n03404251/ILSVRC2012_val_00005864_n03404251,1,3,0.025161448245247204,0.22610385715961456,1.0086662371953328,0.05785849690437317,0.04777183383703232
15000,H8-V,568,n03404251/ILSVRC2012_val_00005864_n03404251,4,3,0.02162355122466882,0.17966746787230173,0.8886834979057312,0.04847713063160578,0.03959029664595922
15000,H8-V,568,n03404251/ILSVRC2012_val_00005864_n03404251,7,3,0.020645076408982277,0.17449608445167542,0.8515662948290507,0.046610346684853234,0.03809468448162079
15000,H8-V,568,n03404251/ILSVRC2012_val_00005864_n03404251,13,3,0.019704053178429604,0.16874993840853372,0.8168052434921265,0.04474709928035736,0.03657904639840126
15000,H8-V,568,n03404251/ILSVRC2012_val_00005864_n03404251,19,3,0.019405688469608624,0.16585342089335123,0.8062198360761007,0.04405322795112928,0.035991029193003975
15000,H8-V,569,n03417042/ILSVRC2012_val_00012925_n03417042,1,3,0.014026842700938383,0.2521416594584783,0.8725172877311707,0.047966182231903076,0.0392410084605217
15000,H8-V,569,n03417042/ILSVRC2012_val_00012925_n03417042,4,3,0.008062760966519514,0.1521824449300766,0.7075276970863342,0.030356282368302345,0.023281006142497063
15000,H8-V,569,n03417042/ILSVRC2012_val_00012925_n03417042,7,3,0.007475590954224269,0.1437301685412725,0.672863761583964,0.028577245771884918,0.021848607808351517
15000,H8-V,569,n03417042/ILSVRC2012_val_00012925_n03417042,13,3,0.006957576144486666,0.136382465561231,0.6396476030349731,0.026992298662662506,0.020595822483301163
15000,H8-V,569,n03417042/ILSVRC2012_val_00012925_n03417042,19,3,0.006844108458608389,0.13513640065987906,0.6301117340723673,0.02665886531273524,0.020357748493552208
15000,H8-V,570,n03424325/ILSVRC2012_val_00008355_n03424325,1,3,0.02961203083395958,0.27454206347465515,1.6408856709798176,0.07347509264945984,0.05706623693307241
15000,H8-V,570,n03424325/ILSVRC2012_val_00008355_n03424325,4,3,0.017277495935559273,0.16581615805625916,1.4252732197443645,0.0481118435660998,0.03385911136865616
15000,H8-V,570,n03424325/ILSVRC2012_val_00008355_n03424325,7,3,0.015693508709470432,0.1528047372897466,1.3804645935694377,0.04477862889568011,0.030973983307679493
15000,H8-V,570,n03424325/ILSVRC2012_val_00008355_n03424325,13,3,0.014413383789360523,0.1396760195493698,1.3352157672246296,0.04173314447204272,0.02838098568220933
15000,H8-V,570,n03424325/ILSVRC2012_val_00008355_n03424325,19,3,0.014187325723469257,0.13634783029556274,1.3194870551427205,0.041016979763905205,0.027822108939290047
15000,H8-V,571,n03425413/ILSVRC2012_val_00017866_n03425413,1,3,0.017315150549014408,0.275264451901118,0.7630528012911478,0.05247212201356888,0.04484159561494986
15000,H8-V,571,n03425413/ILSVRC2012_val_00017866_n03425413,4,3,0.009478123858571053,0.1481602042913437,0.604057252407074,0.030334717283646267,0.024294144784410793
15000,H8-V,571,n03425413/ILSVRC2012_val_00017866_n03425413,7,3,0.009046665082375208,0.14151997864246368,0.5708568890889486,0.028907232607404392,0.023198663567503292
15000,H8-V,571,n03425413/ILSVRC2012_val_00017866_n03425413,13,3,0.008663107020159563,0.1353346655766169,0.539834201335907,0.02759491465985775,0.022196573515733082
15000,H8-V,571,n03425413/ILSVRC2012_val_00017866_n03425413,19,3,0.00856753159314394,0.13356791933377585,0.5310384631156921,0.027234708269437153,0.021924323712786038
15000,H8-V,572,n03443371/ILSVRC2012_val_00044868_n03443371,1,3,0.010381341290970644,0.19813287754853567,0.3212582767009735,0.03340721254547437,0.030194629604617756
15000,H8-V,572,n03443371/ILSVRC2012_val_00044868_n03443371,4,3,0.002983805490657687,0.06839633981386821,0.1798753341039022,0.011622192958990732,0.00982343964278698
15000,H8-V,572,n03443371/ILSVRC2012_val_00044868_n03443371,7,3,0.0027699866332113743,0.06431466216842334,0.15816576282183328,0.010783110745251179,0.009201453067362309
15000,H8-V,572,n03443371/ILSVRC2012_val_00044868_n03443371,13,3,0.0025260505887369313,0.059704460203647614,0.14311208327611288,0.009927617385983467,0.008496496515969435
15000,H8-V,572,n03443371/ILSVRC2012_val_00044868_n03443371,19,3,0.002420139809449514,0.05683207760254542,0.14284699161847433,0.009531817398965359,0.0081033476938804
15000,H8-V,573,n03444034/ILSVRC2012_val_00014522_n03444034,1,3,0.014975310613711676,0.18728751440842947,0.48097021381060284,0.03851376473903656,0.03370406230290731
15000,H8-V,573,n03444034/ILSVRC2012_val_00014522_n03444034,4,3,0.010901032015681267,0.11868465691804886,0.38523511091868085,0.026621849586566288,0.02276949832836787
15000,H8-V,573,n03444034/ILSVRC2012_val_00014522_n03444034,7,3,0.010541615076363087,0.11373494565486908,0.360742727915446,0.02552253690858682,0.02191510982811451
15000,H8-V,573,n03444034/ILSVRC2012_val_00014522_n03444034,13,3,0.0102826909472545,0.10990910232067108,0.3410497307777405,0.02468409885962804,0.021273601800203323
15000,H8-V,573,n03444034/ILSVRC2012_val_00014522_n03444034,19,3,0.010228981263935566,0.10921044150988261,0.33742401997248334,0.024524265279372532,0.021150025228659313
15000,H8-V,574,n03445777/ILSVRC2012_val_00038447_n03445777,1,3,0.0019188051422437031,0.08358262479305267,0.2586992084980011,0.012864059458176294,0.010277067621548971
15000,H8-V,574,n03445777/ILSVRC2012_val_00038447_n03445777,4,3,0.0005298994365148246,0.03014793060719967,0.17522994180520376,0.0052969919828077154,0.00354469264857471
15000,H8-V,574,n03445777/ILSVRC2012_val_00038447_n03445777,7,3,0.0004971127394431581,0.028253885606924694,0.15261903901894888,0.004848691790054242,0.0033225012787928185
15000,H8-V,574,n03445777/ILSVRC2012_val_00038447_n03445777,13,3,0.00047779938904568553,0.02713019649187724,0.13689968486626944,0.004559815861284733,0.003190819174051285
15000,H8-V,574,n03445777/ILSVRC2012_val_00038447_n03445777,19,3,0.00048007558992442984,0.02688748637835185,0.13673450549443564,0.004536169270674388,0.0031688242064168057
15000,H8-V,575,n03445924/ILSVRC2012_val_00048180_n03445924,1,3,0.0252923717101415,0.26502759257952374,1.4379365841547649,0.06617449472347896,0.05179512997468313
15000,H8-V,575,n03445924/ILSVRC2012_val_00048180_n03445924,4,3,0.015183984612425169,0.15800767640272775,1.2550385395685832,0.04353513692816099,0.030984751880168915
15000,H8-V,575,n03445924/ILSVRC2012_val_00048180_n03445924,7,3,0.014020375907421112,0.15015324453512827,1.2109779119491577,0.04114547992746035,0.029035700485110283
15000,H8-V,575,n03445924/ILSVRC2012_val_00048180_n03445924,13,3,0.012895874368647734,0.1410003254810969,1.1651514768600464,0.03864742194612821,0.026995907227198284
15000,H8-V,575,n03445924/ILSVRC2012_val_00048180_n03445924,19,3,0.012572084553539753,0.13747495412826538,1.149558663368225,0.037815164774656296,0.02631957953174909
15000,H8-V,576,n03447447/ILSVRC2012_val_00014616_n03447447,1,3,0.020486480245987575,0.24197735885779062,0.7729958693186442,0.0524141751229763,0.044684216380119324
15000,H8-V,576,n03447447/ILSVRC2012_val_00014616_n03447447,4,3,0.01596095444013675,0.16941959659258524,0.6462785005569458,0.03936569889386495,0.032902913788954415
15000,H8-V,576,n03447447/ILSVRC2012_val_00014616_n03447447,7,3,0.015380369809766611,0.1609760324160258,0.6167809367179871,0.037645782033602394,0.031477972865104675
15000,H8-V,576,n03447447/ILSVRC2012_val_00014616_n03447447,13,3,0.014886169073482355,0.15118161837259927,0.5892711480458578,0.035897042602300644,0.03000433122118314
15000,H8-V,576,n03447447/ILSVRC2012_val_00014616_n03447447,19,3,0.014770184954007467,0.147793377439181,0.5818829735120138,0.03536835312843323,0.029549522946278255
15000,H8-V,577,n03447721/ILSVRC2012_val_00023153_n03447721,1,3,0.007621262843410174,0.13645847390095392,0.3962189157803853,0.025229300061861675,0.021267110481858253
15000,H8-V,577,n03447721/ILSVRC2012_val_00023153_n03447721,4,3,0.0033274767144272723,0.07365136841932933,0.2922470172246297,0.013615083880722523,0.010692613509794077
15000,H8-V,577,n03447721/ILSVRC2012_val_00023153_n03447721,7,3,0.002866374018291632,0.06852125624815623,0.2719769974549611,0.012438269642492136,0.009718499767283598
15000,H8-V,577,n03447721/ILSVRC2012_val_00023153_n03447721,13,3,0.002734243714561065,0.06653919816017151,0.25846386949221295,0.011972802691161633,0.009388163685798645
15000,H8-V,577,n03447721/ILSVRC2012_val_00023153_n03447721,19,3,0.0027257431453714767,0.06633753577868144,0.26173701882362366,0.011976867293318113,0.009359496956070265
15000,H8-V,578,n03450230/ILSVRC2012_val_00003778_n03450230,1,3,0.01754270742336909,0.18817995488643646,0.7654824058214823,0.044015528013308845,0.03636070340871811
15000,H8-V,578,n03450230/ILSVRC2012_val_00003778_n03450230,4,3,0.010780377623935541,0.10726109892129898,0.6128449440002441,0.027634936695297558,0.021506487702329952
15000,H8-V,578,n03450230/ILSVRC2012_val_00003778_n03450230,7,3,0.010081106486419836,0.10210667302211125,0.5805050333340963,0.02609682393570741,0.020291774223248165
15000,H8-V,578,n03450230/ILSVRC2012_val_00003778_n03450230,13,3,0.009446207744379839,0.09678244839111964,0.5514363050460815,0.024638815472523373,0.019124452645579975
15000,H8-V,578,n03450230/ILSVRC2012_val_00003778_n03450230,19,3,0.009236048596600691,0.0945323035120964,0.543909509976705,0.024128373712301254,0.018689279134074848
15000,H8-V,579,n03452741/ILSVRC2012_val_00029142_n03452741,1,3,0.008655941734711329,0.173006072640419,0.5925013025601705,0.03188156336545944,0.025956549992163975
15000,H8-V,579,n03452741/ILSVRC2012_val_00029142_n03452741,4,3,0.00527668713281552,0.10621107369661331,0.4907953937848409,0.02080574817955494,0.015897794316212337
15000,H8-V,579,n03452741/ILSVRC2012_val_00029142_n03452741,7,3,0.004959546495229006,0.09888899077971776,0.46165231863657635,0.019464969014128048,0.014848445542156696
15000,H8-V,579,n03452741/ILSVRC2012_val_00029142_n03452741,13,3,0.00469458553319176,0.09150658051172893,0.4371203084786733,0.01821644666294257,0.013845243491232395
15000,H8-V,579,n03452741/ILSVRC2012_val_00029142_n03452741,19,3,0.0046593959753712015,0.08839486042658488,0.43217455347379047,0.017820628359913826,0.01349888245264689
15000,H8-V,580,n03457902/ILSVRC2012_val_00009278_n03457902,1,3,0.01289557944983244,0.27396437525749207,0.8583521246910095,0.04887553801139196,0.04029201716184616
15000,H8-V,580,n03457902/ILSVRC2012_val_00009278_n03457902,4,3,0.00825126531223456,0.18107704321543375,0.711925188700358,0.03347822154561678,0.026358969509601593
15000,H8-V,580,n03457902/ILSVRC2012_val_00009278_n03457902,7,3,0.007815925870090723,0.17397851248582205,0.6797409653663635,0.032011186704039574,0.025213778018951416
15000,H8-V,580,n03457902/ILSVRC2012_val_00009278_n03457902,13,3,0.007384715757022302,0.1666430135567983,0.6490300099054972,0.030539318298300106,0.024049018199245136
15000,H8-V,580,n03457902/ILSVRC2012_val_00009278_n03457902,19,3,0.007235614427675803,0.165273646513621,0.6395171483357748,0.0301581509411335,0.02376297985514005
15000,H8-V,581,n03459775/ILSVRC2012_val_00041036_n03459775,1,3,0.014207748385767141,0.18306546906630197,0.8570926586786906,0.0410852221151193,0.0325142964720726
15000,H8-V,581,n03459775/ILSVRC2012_val_00041036_n03459775,4,3,0.009855603488783041,0.1262479027112325,0.7409767707188925,0.029890161628524464,0.02248039407034715
15000,H8-V,581,n03459775/ILSVRC2012_val_00041036_n03459775,7,3,0.008906921992699305,0.11869604388872783,0.7047834396362305,0.027824360877275467,0.020776527002453804
15000,H8-V,581,n03459775/ILSVRC2012_val_00041036_n03459775,13,3,0.007950187350312868,0.11162057767311732,0.6697586973508199,0.025809832538167637,0.01911224549015363
15000,H8-V,581,n03459775/ILSVRC2012_val_00041036_n03459775,19,3,0.007591014262288809,0.10880947361389796,0.659486989180247,0.02506683145960172,0.018471961840987206
15000,H8-V,582,n03461385/ILSVRC2012_val_00017330_n03461385,1,3,0.031880526492993035,0.24698911607265472,1.6809528668721516,0.07338896642128627,0.0565794383486112
15000,H8-V,582,n03461385/ILSVRC2012_val_00017330_n03461385,4,3,0.025307369728883106,0.1928237577279409,1.5167761246363323,0.05975750585397085,0.04458974550167719
15000,H8-V,582,n03461385/ILSVRC2012_val_00017330_n03461385,7,3,0.024154994015892346,0.18571308255195618,1.4693960348765056,0.05742026368776957,0.04272630189855894
15000,H8-V,582,n03461385/ILSVRC2012_val_00017330_n03461385,13,3,0.02320849895477295,0.17781700690587363,1.4225675264994304,0.055215876549482346,0.04099020113547643
15000,H8-V,582,n03461385/ILSVRC2012_val_00017330_n03461385,19,3,0.023055457199613254,0.17674994468688965,1.407536228497823,0.05480581273635229,0.04073045154412588
15000,H8-V,583,n03467068/ILSVRC2012_val_00048878_n03467068,1,3,0.005864367354661226,0.11704810460408528,0.3138369719187419,0.020707547664642334,0.017569178094466526
15000,H8-V,583,n03467068/ILSVRC2012_val_00048878_n03467068,4,3,0.0015422273039196928,0.039215654134750366,0.20526943604151407,0.007516487191120784,0.005463792787243922
15000,H8-V,583,n03467068/ILSVRC2012_val_00048878_n03467068,7,3,0.0014224224723875523,0.03724688043196996,0.18233986695607504,0.006970508955419064,0.0051471103603641195
15000,H8-V,583,n03467068/ILSVRC2012_val_00048878_n03467068,13,3,0.0012974517109493415,0.03522598370909691,0.16648010909557343,0.006484851241111755,0.004820050206035376
15000,H8-V,583,n03467068/ILSVRC2012_val_00048878_n03467068,19,3,0.0012593622086569667,0.03448618451754252,0.16628333429495493,0.006370814051479101,0.0047079807457824545
15000,H8-V,584,n03476684/ILSVRC2012_val_00007252_n03476684,1,3,0.02376440539956093,0.1765821874141693,0.6638979117075602,0.04806160181760788,0.04142262414097786
15000,H8-V,584,n03476684/ILSVRC2012_val_00007252_n03476684,4,3,0.018695609644055367,0.11978787183761597,0.5441134174664816,0.036115530878305435,0.030674397324522335
15000,H8-V,584,n03476684/ILSVRC2012_val_00007252_n03476684,7,3,0.017932355403900146,0.11291881650686264,0.5175114870071411,0.034399352967739105,0.02922423742711544
15000,H8-V,584,n03476684/ILSVRC2012_val_00007252_n03476684,13,3,0.017316265652577083,0.11043868213891983,0.4913535515467326,0.03327366958061854,0.02836013336976369
15000,H8-V,584,n03476684/ILSVRC2012_val_00007252_n03476684,19,3,0.01712125912308693,0.10964396595954895,0.4837205211321513,0.03292286147673925,0.028085655843218166
15000,H8-V,585,n03476991/ILSVRC2012_val_00002196_n03476991,1,3,0.008345795640101036,0.20938674608866373,0.7099665602048238,0.03638413672645887,0.02928447040418784
15000,H8-V,585,n03476991/ILSVRC2012_val_00002196_n03476991,4,3,0.004016289642701547,0.1066189060608546,0.5682337482770284,0.020360517626007397,0.01467818021774292
15000,H8-V,585,n03476991/ILSVRC2012_val_00002196_n03476991,7,3,0.003740205274273952,0.10056234647830327,0.538738469282786,0.019183825080593426,0.013796440015236536
15000,H8-V,585,n03476991/ILSVRC2012_val_00002196_n03476991,13,3,0.003477605680624644,0.09548422197500865,0.5123604536056519,0.01814963233967622,0.01302602794021368
15000,H8-V,585,n03476991/ILSVRC2012_val_00002196_n03476991,19,3,0.0034086425633480153,0.09454008440176646,0.5058430433273315,0.01792108143369357,0.012862651298443476
15000,H8-V,586,n03478589/ILSVRC2012_val_00014449_n03478589,1,3,0.01570583103845517,0.21378927926222482,0.7571524381637573,0.04465628291169802,0.0370847595234712
15000,H8-V,586,n03478589/ILSVRC2012_val_00014449_n03478589,4,3,0.01246035440514485,0.15637394785881042,0.6413652300834656,0.03451140224933624,0.02809774937729041
15000,H8-V,586,n03478589/ILSVRC2012_val_00014449_n03478589,7,3,0.011900968849658966,0.14987286428610483,0.6110621094703674,0.032998876025279365,0.026888255029916763
15000,H8-V,586,n03478589/ILSVRC2012_val_00014449_n03478589,13,3,0.01136319525539875,0.1434051344792048,0.5828005274136862,0.03153171390295029,0.025703709572553635
15000,H8-V,586,n03478589/ILSVRC2012_val_00014449_n03478589,19,3,0.011185521880785624,0.1419227570295334,0.5746012528737386,0.03112381013731162,0.025377797583738964
15000,H8-V,587,n03481172/ILSVRC2012_val_00020314_n03481172,1,3,0.005471415196855863,0.21544933319091797,0.4814402063687642,0.03183075226843357,0.027016349757711094
15000,H8-V,587,n03481172/ILSVRC2012_val_00020314_n03481172,4,3,0.002898390870541334,0.1206509992480278,0.373506764570872,0.018698558832208317,0.01496349119891723
15000,H8-V,587,n03481172/ILSVRC2012_val_00020314_n03481172,7,3,0.0027163964696228504,0.1147308920820554,0.34944968422253925,0.017683982849121094,0.014189486081401506
15000,H8-V,587,n03481172/ILSVRC2012_val_00020314_n03481172,13,3,0.0025104631980260215,0.1072084332505862,0.33145250876744586,0.016545831536253292,0.013231306336820126
15000,H8-V,587,n03481172/ILSVRC2012_val_00020314_n03481172,19,3,0.002449868324523171,0.10419249534606934,0.32996652523676556,0.016168783729275066,0.01286911778151989
15000,H8-V,588,n03482405/ILSVRC2012_val_00035547_n03482405,1,3,0.01071063739558061,0.1936477373043696,0.6867441733678182,0.03694285452365875,0.03007541224360466
15000,H8-V,588,n03482405/ILSVRC2012_val_00035547_n03482405,4,3,0.008109386855115494,0.14640111227830252,0.5887265602747599,0.028636763493220013,0.02274949848651886
15000,H8-V,588,n03482405/ILSVRC2012_val_00035547_n03482405,7,3,0.007602293199549119,0.13883095482985178,0.5593155026435852,0.02707854410012563,0.0214853888998429
15000,H8-V,588,n03482405/ILSVRC2012_val_00035547_n03482405,13,3,0.006684664636850357,0.13257771730422974,0.5336121519406637,0.025278558333714802,0.019942436988155048
15000,H8-V,588,n03482405/ILSVRC2012_val_00035547_n03482405,19,3,0.00619013716156284,0.12980684638023376,0.5277710358301798,0.02444853199024995,0.019170821954806645
15000,H8-V,589,n03483316/ILSVRC2012_val_00016008_n03483316,1,3,0.011497616147001585,0.2066728671391805,0.7552666862805685,0.03971756994724274,0.03216490335762501
15000,H8-V,589,n03483316/ILSVRC2012_val_00016008_n03483316,4,3,0.007479644225289424,0.14527607460816702,0.618460496266683,0.02819185641904672,0.022007251779238384
15000,H8-V,589,n03483316/ILSVRC2012_val_00016008_n03483316,7,3,0.0070305997505784035,0.1389887531598409,0.5876869360605875,0.026806343346834183,0.020929474383592606
15000,H8-V,589,n03483316/ILSVRC2012_val_00016008_n03483316,13,3,0.006582504448791345,0.13071262339750925,0.5600992639859518,0.025254759316643078,0.019653766726454098
15000,H8-V,589,n03483316/ILSVRC2012_val_00016008_n03483316,19,3,0.006443197683741649,0.12866775194803873,0.5528574188550314,0.024838547532757122,0.019309972723325092
15000,H8-V,590,n03485407/ILSVRC2012_val_00022639_n03485407,1,3,0.006047903249661128,0.12424609810113907,0.30932895342508954,0.021565803016225498,0.018472513183951378
15000,H8-V,590,n03485407/ILSVRC2012_val_00022639_n03485407,4,3,0.003072999573002259,0.056942280381917953,0.20259044567743936,0.010793132707476616,0.008767227952678999
15000,H8-V,590,n03485407/ILSVRC2012_val_00022639_n03485407,7,3,0.00265362827728192,0.04707158108552297,0.17988595366477966,0.00915964599698782,0.00736078651001056
15000,H8-V,590,n03485407/ILSVRC2012_val_00022639_n03485407,13,3,0.002458147471770644,0.0438613494237264,0.16310367981592813,0.008475319171945253,0.006844282460709413
15000,H8-V,590,n03485407/ILSVRC2012_val_00022639_n03485407,19,3,0.0024019478199382624,0.04256537929177284,0.16134331127007803,0.00827191894253095,0.006658485935380061
15000,H8-V,591,n03485794/ILSVRC2012_val_00043533_n03485794,1,3,0.005050031545882423,0.24194020529588064,0.2761803865432739,0.03200585643450419,0.02924405224621296
15000,H8-V,591,n03485794/ILSVRC2012_val_00043533_n03485794,4,3,0.0009558667855647703,0.04859702164928118,0.17011027038097382,0.007516671748210986,0.0058155690009395284
15000,H8-V,591,n03485794/ILSVRC2012_val_00043533_n03485794,7,3,0.0008897023896376292,0.04659473771850268,0.14887156089146933,0.007037891851117213,0.005549176130443811
15000,H8-V,591,n03485794/ILSVRC2012_val_00043533_n03485794,13,3,0.0008430754144986471,0.04568115621805191,0.13459992408752441,0.006757190451025963,0.005411191222568353
15000,H8-V,591,n03485794/ILSVRC2012_val_00043533_n03485794,19,3,0.0008489963559744259,0.04533380642533302,0.13510240614414215,0.006733401057620843,0.0053823770334323244
15000,H8-V,592,n03492542/ILSVRC2012_val_00020209_n03492542,1,3,0.008565185125917196,0.12751331677039465,0.49691487352053326,0.026285665730635326,0.021316517144441605
15000,H8-V,592,n03492542/ILSVRC2012_val_00020209_n03492542,4,3,0.0053718360140919685,0.09266888350248337,0.4024899999300639,0.018663624301552773,0.014638724426428476
15000,H8-V,592,n03492542/ILSVRC2012_val_00020209_n03492542,7,3,0.005109606000284354,0.09017700205246608,0.3788886566956838,0.017916192611058552,0.014127306329707304
15000,H8-V,592,n03492542/ILSVRC2012_val_00020209_n03492542,13,3,0.004935361134509246,0.08599973966677983,0.3596849938233693,0.0171321847786506,0.013535335039099058
15000,H8-V,592,n03492542/ILSVRC2012_val_00020209_n03492542,19,3,0.004931845391790072,0.08324874689181645,0.35639114181200665,0.016820631300409634,0.013256719956795374
15000,H8-V,593,n03494278/ILSVRC2012_val_00013904_n03494278,1,3,0.0097615965642035,0.1879352107644081,0.42558013399442035,0.03281091836591562,0.028555116926630337
15000,H8-V,593,n03494278/ILSVRC2012_val_00013904_n03494278,4,3,0.004153461505969365,0.08423943320910136,0.29708215594291687,0.015548226423561573,0.012577404888967672
15000,H8-V,593,n03494278/ILSVRC2012_val_00013904_n03494278,7,3,0.00391339681421717,0.08063146223624547,0.2721390624841054,0.014697933569550514,0.011976543193062147
15000,H8-V,593,n03494278/ILSVRC2012_val_00013904_n03494278,13,3,0.0035291342064738274,0.07682293405135472,0.25343672434488934,0.013745795004069805,0.011211427859961987
15000,H8-V,593,n03494278/ILSVRC2012_val_00013904_n03494278,19,3,0.0032492827934523425,0.07476791987816493,0.25133196512858075,0.013239394252498945,0.010726074688136578
15000,H8-V,594,n03495258/ILSVRC2012_val_00002209_n03495258,1,3,0.011040223762392998,0.20734545091787973,0.6652180155118307,0.03842694933215777,0.03177476984759172
15000,H8-V,594,n03495258/ILSVRC2012_val_00002209_n03495258,4,3,0.006910014431923628,0.12929752469062805,0.5451028744379679,0.025290796533226967,0.01983976736664772
15000,H8-V,594,n03495258/ILSVRC2012_val_00002209_n03495258,7,3,0.006479895208030939,0.12266591191291809,0.5141376455624899,0.023887862761815388,0.01874648655454318
15000,H8-V,594,n03495258/ILSVRC2012_val_00002209_n03495258,13,3,0.006115744045625131,0.11524089425802231,0.4865866204102834,0.0225056999673446,0.017639833812912304
15000,H8-V,594,n03495258/ILSVRC2012_val_00002209_n03495258,19,3,0.006040560236821572,0.11230759074290593,0.47986260056495667,0.0220699446896712,0.017271319404244423
15000,H8-V,595,n03496892/ILSVRC2012_val_00035681_n03496892,1,3,0.008877245709300041,0.16579965750376383,0.39556734760602313,0.029412885506947834,0.02545721208055814
15000,H8-V,595,n03496892/ILSVRC2012_val_00035681_n03496892,4,3,0.007212689146399498,0.12092212587594986,0.3193484346071879,0.02249838598072529,0.01930490198234717
15000,H8-V,595,n03496892/ILSVRC2012_val_00035681_n03496892,7,3,0.006941225069264571,0.11803363511959712,0.2957324783007304,0.0217019139478604,0.018744588519136112
15000,H8-V,595,n03496892/ILSVRC2012_val_00035681_n03496892,13,3,0.006699912405262391,0.11396392186482747,0.2780006428559621,0.020876310765743256,0.018096304809053738
15000,H8-V,595,n03496892/ILSVRC2012_val_00035681_n03496892,19,3,0.0066347069417436915,0.11253686745961507,0.2764689524968465,0.020653083299597103,0.017888393873969715
15000,H8-V,596,n03498962/ILSVRC2012_val_00021304_n03498962,1,3,0.006140489441653092,0.30360547204812366,0.5172099471092224,0.04167313749591509,0.03650103695690632
15000,H8-V,596,n03498962/ILSVRC2012_val_00021304_n03498962,4,3,0.0036048604330668845,0.18223684032758078,0.38191962242126465,0.025647740811109543,0.021828544636567433
15000,H8-V,596,n03498962/ILSVRC2012_val_00021304_n03498962,7,3,0.0034499613102525473,0.17508915066719055,0.3557596405347188,0.024516473213831585,0.020958876858154934
15000,H8-V,596,n03498962/ILSVRC2012_val_00021304_n03498962,13,3,0.003304560591156284,0.1653314232826233,0.3344450493653615,0.023182153701782227,0.019837702934940655
15000,H8-V,596,n03498962/ILSVRC2012_val_00021304_n03498962,19,3,0.0032654224584499993,0.16129298011461893,0.33092793822288513,0.022703999653458595,0.019394720594088238
15000,H8-V,597,n03527444/ILSVRC2012_val_00006732_n03527444,1,3,0.010791048717995485,0.23876682917277017,0.5478290915489197,0.04014602303504944,0.03466773281494776
15000,H8-V,597,n03527444/ILSVRC2012_val_00006732_n03527444,4,3,0.005063350933293502,0.13035793602466583,0.38957762718200684,0.021994921068350475,0.0180991447220246
15000,H8-V,597,n03527444/ILSVRC2012_val_00006732_n03527444,7,3,0.004824453343947728,0.12408201893170674,0.36415742834409076,0.020874229570229847,0.017232655237118404
15000,H8-V,597,n03527444/ILSVRC2012_val_00006732_n03527444,13,3,0.004616324324160814,0.11758523186047871,0.3444640338420868,0.01981948750714461,0.016374847541252773
15000,H8-V,597,n03527444/ILSVRC2012_val_00006732_n03527444,19,3,0.004552355036139488,0.11507778863112132,0.34238412976264954,0.01948397606611252,0.01606013501683871
15000,H8-V,598,n03529860/ILSVRC2012_val_00035132_n03529860,1,3,0.005986737087368965,0.1551543523867925,0.49715351064999896,0.026473707829912502,0.021502172574400902
15000,H8-V,598,n03529860/ILSVRC2012_val_00035132_n03529860,4,3,0.0037073560524731874,0.09767541786034901,0.39985718329747516,0.017473469798763592,0.013474898102382818
15000,H8-V,598,n03529860/ILSVRC2012_val_00035132_n03529860,7,3,0.0034727759193629026,0.09292284399271011,0.3738514681657155,0.016503574947516125,0.012765060489376387
15000,H8-V,598,n03529860/ILSVRC2012_val_00035132_n03529860,13,3,0.003241849597543478,0.08757085353136063,0.3529632091522217,0.015528567135334015,0.011998935292164484
15000,H8-V,598,n03529860/ILSVRC2012_val_00035132_n03529860,19,3,0.0031515054094294706,0.08452184498310089,0.3493492007255554,0.015097182244062424,0.011603690373400847
15000,H8-V,599,n03530642/ILSVRC2012_val_00035617_n03530642,1,3,0.02247997062901656,0.3301434318224589,1.0165875951449077,0.06566018983721733,0.05549431468049685
15000,H8-V,599,n03530642/ILSVRC2012_val_00035617_n03530642,4,3,0.017620392764608066,0.2003700981537501,0.8648405075073242,0.04630580544471741,0.0376574012140433
15000,H8-V,599,n03530642/ILSVRC2012_val_00035617_n03530642,7,3,0.01699008047580719,0.19364047050476074,0.8310445348421732,0.044664572924375534,0.036354128271341324
15000,H8-V,599,n03530642/ILSVRC2012_val_00035617_n03530642,13,3,0.016445572798450787,0.18961888055006662,0.7979003389676412,0.04338646431763967,0.03540746122598648
15000,H8-V,599,n03530642/ILSVRC2012_val_00035617_n03530642,19,3,0.016343488668402035,0.18906634549299875,0.7875176469484965,0.0431252991159757,0.03525012234846751
15000,H8-V,600,n03532672/ILSVRC2012_val_00016133_n03532672,1,3,0.012253260239958763,0.2326232542594274,0.45233768224716187,0.040038962538043656,0.03551558591425419
15000,H8-V,600,n03532672/ILSVRC2012_val_00016133_n03532672,4,3,0.003200545130918423,0.08214323470989864,0.29781808455785114,0.014393049602707228,0.011414868757128716
15000,H8-V,600,n03532672/ILSVRC2012_val_00016133_n03532672,7,3,0.002950312957788507,0.07780475169420242,0.274914155403773,0.013479930038253466,0.010730788422127565
15000,H8-V,600,n03532672/ILSVRC2012_val_00016133_n03532672,13,3,0.0027186026175816855,0.07237569491068523,0.2579227089881897,0.012535399136443933,0.009956172357002894
15000,H8-V,600,n03532672/ILSVRC2012_val_00016133_n03532672,19,3,0.0026670179019371667,0.07008511324723561,0.2566588521003723,0.012242118207116922,0.009675529475013414
15000,H8-V,601,n03534580/ILSVRC2012_val_00003283_n03534580,1,3,0.017712390671173733,0.2816796402136485,0.7993387381235758,0.053873742620150246,0.045880354940891266
15000,H8-V,601,n03534580/ILSVRC2012_val_00003283_n03534580,4,3,0.011873675199846426,0.17392881711324057,0.6539053320884705,0.03580561031897863,0.029266556724905968
15000,H8-V,601,n03534580/ILSVRC2012_val_00003283_n03534580,7,3,0.011254255659878254,0.1684633493423462,0.6237545212109884,0.034338136514027916,0.028100591152906418
15000,H8-V,601,n03534580/ILSVRC2012_val_00003283_n03534580,13,3,0.010631912698348364,0.16179369886716208,0.5969947377840678,0.032781229664882026,0.026811283081769943
15000,H8-V,601,n03534580/ILSVRC2012_val_00003283_n03534580,19,3,0.010449526210625967,0.15980971356232962,0.5902795195579529,0.032333292067050934,0.02643049756685893
15000,H8-V,602,n03535780/ILSVRC2012_val_00026801_n03535780,1,3,0.010727363483359417,0.18435977896054587,0.7064732511838278,0.036228073139985405,0.029163341348369915
15000,H8-V,602,n03535780/ILSVRC2012_val_00026801_n03535780,4,3,0.005028009104231994,0.10531594355901082,0.5688041845957438,0.021247645219167072,0.015559603460133076
15000,H8-V,602,n03535780/ILSVRC2012_val_00026801_n03535780,7,3,0.0047058891505002975,0.10013460119565327,0.5350994865099589,0.02007034420967102,0.014719349332153797
15000,H8-V,602,n03535780/ILSVRC2012_val_00026801_n03535780,13,3,0.004353009009112914,0.09352987259626389,0.5035644769668579,0.01874164119362831,0.013705996486047903
15000,H8-V,602,n03535780/ILSVRC2012_val_00026801_n03535780,19,3,0.004263854119926691,0.09219900767008464,0.4950135350227356,0.018433890615900356,0.013483754980067411
15000,H8-V,603,n03538406/ILSVRC2012_val_00016461_n03538406,1,3,0.017320693160096805,0.28485151131947833,0.9394039312998453,0.05519988387823105,0.045805844167868294
15000,H8-V,603,n03538406/ILSVRC2012_val_00016461_n03538406,4,3,0.010626734544833502,0.18432854115962982,0.7935019135475159,0.03699460874001185,0.02905958890914917
15000,H8-V,603,n03538406/ILSVRC2012_val_00016461_n03538406,7,3,0.010037344259520372,0.17795605460802713,0.75948699315389,0.035427819937467575,0.02783295015494029
15000,H8-V,603,n03538406/ILSVRC2012_val_00016461_n03538406,13,3,0.00954374484717846,0.1727340171734492,0.7262956897417704,0.03408010428150495,0.02681714730958144
15000,H8-V,603,n03538406/ILSVRC2012_val_00016461_n03538406,19,3,0.009406034213801226,0.16865660746892294,0.7158539692560831,0.03343023359775543,0.026271695271134377
15000,H8-V,604,n03544143/ILSVRC2012_val_00004729_n03544143,1,3,0.010799704119563103,0.18367907404899597,0.7909804582595825,0.037077415734529495,0.029167611772815388
15000,H8-V,604,n03544143/ILSVRC2012_val_00004729_n03544143,4,3,0.007047916917751233,0.12418986111879349,0.6818503936131796,0.026285407443841297,0.019466903060674667
15000,H8-V,604,n03544143/ILSVRC2012_val_00004729_n03544143,7,3,0.006380948393295209,0.11504238347212474,0.6445128122965494,0.024330314869681995,0.017885187019904453
15000,H8-V,604,n03544143/ILSVRC2012_val_00004729_n03544143,13,3,0.005796018522232771,0.1061042274037997,0.61027459303538,0.02250918745994568,0.01640644172827403
15000,H8-V,604,n03544143/ILSVRC2012_val_00004729_n03544143,19,3,0.005673940293490887,0.10370494922002156,0.6009853283564249,0.02205428791542848,0.016044435401757557
15000,H8-V,605,n03584254/ILSVRC2012_val_00027569_n03584254,1,3,0.009840607022245726,0.21027542153994241,0.6574454108874003,0.03744260345896085,0.030868150293827057
15000,H8-V,605,n03584254/ILSVRC2012_val_00027569_n03584254,4,3,0.00469498864064614,0.09161137044429779,0.5183969934781393,0.01904009593029817,0.013856125995516777
15000,H8-V,605,n03584254/ILSVRC2012_val_00027569_n03584254,7,3,0.004326807490239541,0.08435264229774475,0.48901893695195514,0.01765226076046626,0.012762071875234446
15000,H8-V,605,n03584254/ILSVRC2012_val_00027569_n03584254,13,3,0.0040029931503037615,0.07756964613993962,0.46313007672627765,0.016391258065899212,0.011759957609077295
15000,H8-V,605,n03584254/ILSVRC2012_val_00027569_n03584254,19,3,0.003901106072589755,0.0750122144818306,0.45636876424153644,0.015966014936566353,0.011402327567338943
15000,H8-V,606,n03584829/ILSVRC2012_val_00007158_n03584829,1,3,0.008923514435688654,0.19244026144345602,0.5482542117436727,0.0336500828464826,0.028167540207505226
15000,H8-V,606,n03584829/ILSVRC2012_val_00007158_n03584829,4,3,0.00366060979043444,0.10351604968309402,0.42856672406196594,0.018297881508866947,0.014012215038140615
15000,H8-V,606,n03584829/ILSVRC2012_val_00007158_n03584829,7,3,0.0033300352127601704,0.09477529426415761,0.401130070288976,0.016818865512808163,0.012807564499477545
15000,H8-V,606,n03584829/ILSVRC2012_val_00007158_n03584829,13,3,0.0030085447554787,0.08798237641652425,0.3772498865922292,0.015579281685252985,0.011806782645483812
15000,H8-V,606,n03584829/ILSVRC2012_val_00007158_n03584829,19,3,0.002920254444082578,0.08673827101786931,0.37153231104214984,0.01530940489222606,0.011594082228839397
15000,H8-V,607,n03590841/ILSVRC2012_val_00001707_n03590841,1,3,0.009569988586008549,0.19072766602039337,0.44872323671976727,0.03312998761733373,0.028642756243546803
15000,H8-V,607,n03590841/ILSVRC2012_val_00001707_n03590841,4,3,0.0024965038367857537,0.06909908850987752,0.314432551463445,0.012550737708806992,0.009406412641207377
15000,H8-V,607,n03590841/ILSVRC2012_val_00001707_n03590841,7,3,0.00226567592471838,0.06389443576335907,0.2887163956960042,0.011542283619443575,0.008655119687318802
15000,H8-V,607,n03590841/ILSVRC2012_val_00001707_n03590841,13,3,0.0020431611531724534,0.05854400744040807,0.2695455153783162,0.010593016942342123,0.007897562036911646
15000,H8-V,607,n03590841/ILSVRC2012_val_00001707_n03590841,19,3,0.001994225817422072,0.05747305974364281,0.2679908573627472,0.010421440315743288,0.007741531822830439
15000,H8-V,608,n03594734/ILSVRC2012_val_00032759_n03594734,1,3,0.0148886792982618,0.24920056263605753,0.8886678616205851,0.04869541401664416,0.03980873649319013
15000,H8-V,608,n03594734/ILSVRC2012_val_00032759_n03594734,4,3,0.012167451903223991,0.19018136461575827,0.7753010789553324,0.03893859932820002,0.031185588488976162
15000,H8-V,608,n03594734/ILSVRC2012_val_00032759_n03594734,7,3,0.011677151545882225,0.1834807942310969,0.7449002861976624,0.03747423489888509,0.03002523196240266
15000,H8-V,608,n03594734/ILSVRC2012_val_00032759_n03594734,13,3,0.011245551519095898,0.17731662094593048,0.7154815594355265,0.03613202894727389,0.02897721404830615
15000,H8-V,608,n03594734/ILSVRC2012_val_00032759_n03594734,19,3,0.011115204232434431,0.17539596557617188,0.7051690618197123,0.035706491520007454,0.028654801348845165
15000,H8-V,609,n03594945/ILSVRC2012_val_00025834_n03594945,1,3,0.01687211636453867,0.26302159825960797,1.0741970539093018,0.05391624694069227,0.04317427674929301
15000,H8-V,609,n03594945/ILSVRC2012_val_00025834_n03594945,4,3,0.010576640876630941,0.1636581023534139,0.9002808133761088,0.035945259034633636,0.026942451174060505
15000,H8-V,609,n03594945/ILSVRC2012_val_00025834_n03594945,7,3,0.009976138360798359,0.15784523884455362,0.865077535311381,0.03441143905123075,0.025760663052399952
15000,H8-V,609,n03594945/ILSVRC2012_val_00025834_n03594945,13,3,0.009408936525384584,0.15065408746401468,0.8302596012751261,0.0327769418557485,0.024474345768491428
15000,H8-V,609,n03594945/ILSVRC2012_val_00025834_n03594945,19,3,0.009234093129634857,0.14807956914107004,0.8186273574829102,0.03222832207878431,0.024042049422860146
15000,H8-V,610,n03595614/ILSVRC2012_val_00006015_n03595614,1,3,0.006399095679322879,0.1302202915151914,0.39816294113794964,0.023402754838267963,0.019421125451723736
15000,H8-V,610,n03595614/ILSVRC2012_val_00006015_n03595614,4,3,0.0032001553724209466,0.06645327309767406,0.32434683044751483,0.013088950887322426,0.009845482806364695
15000,H8-V,610,n03595614/ILSVRC2012_val_00006015_n03595614,7,3,0.0030130749413122735,0.06083663801352183,0.3009839455286662,0.0121065778657794,0.009096738571921984
15000,H8-V,610,n03595614/ILSVRC2012_val_00006015_n03595614,13,3,0.0028559142568459115,0.05540100485086441,0.2847902774810791,0.011243917668859163,0.00839601488163074
15000,H8-V,610,n03595614/ILSVRC2012_val_00006015_n03595614,19,3,0.0028348314420630536,0.05563765888412794,0.28484903772672016,0.011247087890903154,0.008398597439130148
15000,H8-V,611,n03598930/ILSVRC2012_val_00001188_n03598930,1,3,0.019891034190853436,0.30433426300684613,0.8271120190620422,0.05859558035929998,0.05032446111241976
15000,H8-V,611,n03598930/ILSVRC2012_val_00001188_n03598930,4,3,0.016994299987951916,0.25402719775835675,0.7250857551892599,0.04964787885546684,0.04239702100555102
15000,H8-V,611,n03598930/ILSVRC2012_val_00001188_n03598930,7,3,0.01628281796971957,0.24310987194379172,0.6902010838190714,0.04749581590294838,0.040593805412451424
15000,H8-V,611,n03598930/ILSVRC2012_val_00001188_n03598930,13,3,0.015631837770342827,0.2349084516366323,0.6569417913754781,0.04569210112094879,0.03912268330653509
15000,H8-V,611,n03598930/ILSVRC2012_val_00001188_n03598930,19,3,0.015460475658377012,0.233832448720932,0.6474627256393433,0.04531834895412127,0.03884372115135193
15000,H8-V,612,n03599486/ILSVRC2012_val_00047401_n03599486,1,3,0.026096951837340992,0.2625167618195216,1.6892800728480022,0.06924142936865489,0.052348628640174866
15000,H8-V,612,n03599486/ILSVRC2012_val_00047401_n03599486,4,3,0.018660344183444977,0.19409789144992828,1.497434933980306,0.0530444843073686,0.038070134818553925
15000,H8-V,612,n03599486/ILSVRC2012_val_00047401_n03599486,7,3,0.0173967182636261,0.18480444451173147,1.451398452123006,0.0503911462922891,0.035877163211504616
15000,H8-V,612,n03599486/ILSVRC2012_val_00047401_n03599486,13,3,0.016234465564290684,0.1758104513088862,1.4057536522547405,0.047873047490914665,0.03381551057100296
15000,H8-V,612,n03599486/ILSVRC2012_val_00047401_n03599486,19,3,0.015858490020036697,0.17350301146507263,1.390692909558614,0.04711571832497915,0.033208789924780525
15000,H8-V,613,n03602883/ILSVRC2012_val_00036138_n03602883,1,3,0.013110984427233538,0.220081036289533,0.6936412652333578,0.042055501292149224,0.03511908836662769
15000,H8-V,613,n03602883/ILSVRC2012_val_00036138_n03602883,4,3,0.006299167250593503,0.11606299877166748,0.5565784176190695,0.023471251750985783,0.01790546750028928
15000,H8-V,613,n03602883/ILSVRC2012_val_00036138_n03602883,7,3,0.0057692136615514755,0.1072961688041687,0.5255478223164877,0.021754308914144833,0.016498831411202747
15000,H8-V,613,n03602883/ILSVRC2012_val_00036138_n03602883,13,3,0.005256586552908023,0.09836600224177043,0.4975929955641429,0.020069116726517677,0.015093186870217323
15000,H8-V,613,n03602883/ILSVRC2012_val_00036138_n03602883,19,3,0.00508830447991689,0.09481992572546005,0.49032697081565857,0.019473566363255184,0.014570297052462896
15000,H8-V,614,n03617480/ILSVRC2012_val_00002198_n03617480,1,3,0.029802517344554264,0.24809928238391876,1.4934579133987427,0.06954702238241832,0.05461244533459345
15000,H8-V,614,n03617480/ILSVRC2012_val_00002198_n03617480,4,3,0.02149568311870098,0.17106410364309946,1.3466003735860188,0.052068096896012626,0.038602093855539955
15000,H8-V,614,n03617480/ILSVRC2012_val_00002198_n03617480,7,3,0.02032465487718582,0.1615962286790212,1.3051668405532837,0.04953594505786896,0.03648427873849869
15000,H8-V,614,n03617480/ILSVRC2012_val_00002198_n03617480,13,3,0.01917797513306141,0.15093371272087097,1.2630343039830525,0.046901690463225044,0.03427134702603022
15000,H8-V,614,n03617480/ILSVRC2012_val_00002198_n03617480,19,3,0.018890461573998134,0.1479272097349167,1.2478543917338054,0.046161726117134094,0.03368318329254786
15000,H8-V,615,n03623198/ILSVRC2012_val_00041207_n03623198,1,3,0.012906377824644247,0.2865564028422038,0.44902461767196655,0.046052263428767524,0.04156201705336571
15000,H8-V,615,n03623198/ILSVRC2012_val_00041207_n03623198,4,3,0.007228257755438487,0.15184136231740317,0.3058980206648509,0.02547137439250946,0.02241239386300246
15000,H8-V,615,n03623198/ILSVRC2012_val_00041207_n03623198,7,3,0.006849725265055895,0.14791875084241232,0.28317683935165405,0.024473369121551514,0.021641600877046585
15000,H8-V,615,n03623198/ILSVRC2012_val_00041207_n03623198,13,3,0.006468596247335275,0.14373819530010223,0.26582347353299457,0.023500651121139526,0.020842416832844417
15000,H8-V,615,n03623198/ILSVRC2012_val_00041207_n03623198,19,3,0.006255785313745339,0.13976517816384634,0.2639515697956085,0.022871819014350574,0.0202323030680418
15000,H8-V,616,n03627232/ILSVRC2012_val_00037526_n03627232,1,3,0.008906327032794556,0.16705474257469177,0.7694198489189148,0.03330600013335546,0.02561180107295513
15000,H8-V,616,n03627232/ILSVRC2012_val_00037526_n03627232,4,3,0.004573714608947436,0.11234794060389201,0.6430181860923767,0.022238691026965778,0.015808509352306526
15000,H8-V,616,n03627232/ILSVRC2012_val_00037526_n03627232,7,3,0.0041465490746001405,0.10724831124146779,0.6109363039334615,0.02098074307044347,0.014871380291879177
15000,H8-V,616,n03627232/ILSVRC2012_val_00037526_n03627232,13,3,0.0037551281663278737,0.10136985530455907,0.5805676778157552,0.01969779034455617,0.01389211385200421
15000,H8-V,616,n03627232/ILSVRC2012_val_00037526_n03627232,19,3,0.003628926739717523,0.09861764560143153,0.5717411835988363,0.019208104039231937,0.013490692091484865
15000,H8-V,617,n03630383/ILSVRC2012_val_00045271_n03630383,1,3,0.005961818465342124,0.20796393354733786,0.513574481010437,0.03189395616451899,0.026758211354414623
15000,H8-V,617,n03630383/ILSVRC2012_val_00045271_n03630383,4,3,0.002170064408952991,0.10556932538747787,0.3992663423220317,0.016719660411278408,0.012726997335751852
15000,H8-V,617,n03630383/ILSVRC2012_val_00045271_n03630383,7,3,0.0018118875644480188,0.0936922977368037,0.3731336494286855,0.014912454411387444,0.011181117656330267
15000,H8-V,617,n03630383/ILSVRC2012_val_00045271_n03630383,13,3,0.0015920574466387432,0.08547179400920868,0.35072551170984906,0.013646492424110571,0.01013923715800047
15000,H8-V,617,n03630383/ILSVRC2012_val_00045271_n03630383,19,3,0.0015170206315815449,0.08225650837024052,0.3455480734507243,0.01319815187404553,0.009742671313385168
15000,H8-V,618,n03633091/ILSVRC2012_val_00006333_n03633091,1,3,0.0052815683496495085,0.12190697093804677,0.26244038343429565,0.02009667083621025,0.01747226652999719
15000,H8-V,618,n03633091/ILSVRC2012_val_00006333_n03633091,4,3,0.0020104488745952644,0.03416676570971807,0.15828276673952738,0.0070099531052013235,0.005427125375717878
15000,H8-V,618,n03633091/ILSVRC2012_val_00006333_n03633091,7,3,0.0018005661744003494,0.03134364696840445,0.13591632743676504,0.006294094181309144,0.0049349308634797735
15000,H8-V,618,n03633091/ILSVRC2012_val_00006333_n03633091,13,3,0.0016354251420125365,0.02937939204275608,0.12014331420262654,0.005774797561268012,0.004573364431659381
15000,H8-V,618,n03633091/ILSVRC2012_val_00006333_n03633091,19,3,0.0016310792804385226,0.029327742134531338,0.11944886793692906,0.005758342333137989,0.004563853610306978
15000,H8-V,619,n03637318/ILSVRC2012_val_00020746_n03637318,1,3,0.010349291997651259,0.1770131786664327,0.5599593122800192,0.033650203297535576,0.028050610174735386
15000,H8-V,619,n03637318/ILSVRC2012_val_00020746_n03637318,4,3,0.006142184448738893,0.10104887187480927,0.43802282214164734,0.020627299323678017,0.01624707132577896
15000,H8-V,619,n03637318/ILSVRC2012_val_00020746_n03637318,7,3,0.005809855181723833,0.09701020022233327,0.41314302881558734,0.01964230587085088,0.015510876042147478
15000,H8-V,619,n03637318/ILSVRC2012_val_00020746_n03637318,13,3,0.00551011258115371,0.09202716002861659,0.39284730950991315,0.018641301120320957,0.014712828832368055
15000,H8-V,619,n03637318/ILSVRC2012_val_00020746_n03637318,19,3,0.005388819457342227,0.08951149384180705,0.38894177476565045,0.01822938707967599,0.014339969183007876
15000,H8-V,620,n03642806/ILSVRC2012_val_00018063_n03642806,1,3,0.004413291035840909,0.13940172890822092,0.422937939564387,0.022582843899726868,0.01835346408188343
15000,H8-V,620,n03642806/ILSVRC2012_val_00018063_n03642806,4,3,0.0028604168134431043,0.07644668966531754,0.3309590021769206,0.013814676242570082,0.010505086121459803
15000,H8-V,620,n03642806/ILSVRC2012_val_00018063_n03642806,7,3,0.002672596058497826,0.07134606937567393,0.3093962073326111,0.012901164591312408,0.009807202965021133
15000,H8-V,620,n03642806/ILSVRC2012_val_00018063_n03642806,13,3,0.0025342435110360384,0.06696551541487376,0.29345526297887164,0.01216534742464622,0.009230795005957285
15000,H8-V,620,n03642806/ILSVRC2012_val_00018063_n03642806,19,3,0.002497656193251411,0.06532958646615346,0.2933524052302043,0.011964138907690844,0.009030614979565144
15000,H8-V,621,n03649909/ILSVRC2012_val_00005246_n03649909,1,3,0.03566951180497805,0.18742353220780691,0.7690185705820719,0.06210205207268397,0.0544118657708168
15000,H8-V,621,n03649909/ILSVRC2012_val_00005246_n03649909,4,3,0.033722170939048134,0.17128881315390268,0.6865191260973612,0.0577162429690361,0.050851052006085716
15000,H8-V,621,n03649909/ILSVRC2012_val_00005246_n03649909,7,3,0.03312106803059578,0.1677243858575821,0.6592841943105062,0.0564863495528698,0.049893507113059364
15000,H8-V,621,n03649909/ILSVRC2012_val_00005246_n03649909,13,3,0.03244178369641304,0.1628276209036509,0.6339797576268514,0.055064344157775245,0.048724547028541565
15000,H8-V,621,n03649909/ILSVRC2012_val_00005246_n03649909,19,3,0.03216379260023435,0.1613986243804296,0.626828114191691,0.05457193652788798,0.04830365628004074
15000,H8-V,622,n03657121/ILSVRC2012_val_00033154_n03657121,1,3,0.0037874567011992135,0.1032130445043246,0.25315308074156445,0.016640292170147102,0.014108761524160704
15000,H8-V,622,n03657121/ILSVRC2012_val_00033154_n03657121,4,3,0.0014347224496304989,0.048511795699596405,0.17246309419473013,0.008010533017416796,0.006285902112722397
15000,H8-V,622,n03657121/ILSVRC2012_val_00033154_n03657121,7,3,0.001305350917391479,0.045313446472088494,0.15095602969328561,0.007346256015201409,0.005836695587883393
15000,H8-V,622,n03657121/ILSVRC2012_val_00033154_n03657121,13,3,0.0011782656656578183,0.04193985338012377,0.13679042955239615,0.006740155164152384,0.005372251073519389
15000,H8-V,622,n03657121/ILSVRC2012_val_00033154_n03657121,19,3,0.0011190853935355942,0.040842454880476,0.13819034894307455,0.00658523462091883,0.005203331044564645
15000,H8-V,623,n03658185/ILSVRC2012_val_00012671_n03658185,1,3,0.0033778249441335597,0.12889539202054343,0.30549217263857525,0.019322286049524944,0.016267364223798115
15000,H8-V,623,n03658185/ILSVRC2012_val_00012671_n03658185,4,3,0.0012657300491506855,0.057020542522271477,0.21165001889069876,0.009084284616013369,0.006967784371227026
15000,H8-V,623,n03658185/ILSVRC2012_val_00012671_n03658185,7,3,0.0011786202279229958,0.05414586141705513,0.18926067153612772,0.008485813004275164,0.00659320658693711
15000,H8-V,623,n03658185/ILSVRC2012_val_00012671_n03658185,13,3,0.0010747980947295825,0.05117655793825785,0.17323412001132965,0.007924794840315977,0.006192453981687625
15000,H8-V,623,n03658185/ILSVRC2012_val_00012671_n03658185,19,3,0.0010137961944565177,0.05037808045744896,0.17242528994878134,0.007775857423742612,0.0060516044807930785
15000,H8-V,624,n03661043/ILSVRC2012_val_00037789_n03661043,1,3,0.012363971211016178,0.19990377128124237,0.6895848115285238,0.03925019626816114,0.032354348649581276
15000,H8-V,624,n03661043/ILSVRC2012_val_00037789_n03661043,4,3,0.007441585883498192,0.12726859748363495,0.5739790797233582,0.025908236702283222,0.020168446004390717
15000,H8-V,624,n03661043/ILSVRC2012_val_00037789_n03661043,7,3,0.006958143475155036,0.12067662676175435,0.5434843301773071,0.024460649117827415,0.01902580571671327
15000,H8-V,624,n03661043/ILSVRC2012_val_00037789_n03661043,13,3,0.006548502172032992,0.11422447611888249,0.5160276889801025,0.02313122774163882,0.017970950653155644
15000,H8-V,624,n03661043/ILSVRC2012_val_00037789_n03661043,19,3,0.006459873169660568,0.1115064521630605,0.5091650485992432,0.0227021686732769,0.017610518882671993
15000,H8-V,625,n03662601/ILSVRC2012_val_00023517_n03662601,1,3,0.005441132156799237,0.14066318422555923,0.3143836259841919,0.022651287416617077,0.019507450982928276
15000,H8-V,625,n03662601/ILSVRC2012_val_00023517_n03662601,4,3,0.002719122994070252,0.06505916019280751,0.22399477660655975,0.011464986950159073,0.009225039122005304
15000,H8-V,625,n03662601/ILSVRC2012_val_00023517_n03662601,7,3,0.0025456652510911226,0.06145999083916346,0.202077845732371,0.01071244291961193,0.008691664474705854
15000,H8-V,625,n03662601/ILSVRC2012_val_00023517_n03662601,13,3,0.00237143412232399,0.05823891361554464,0.18743082384268442,0.010069633834064007,0.00819532573223114
15000,H8-V,625,n03662601/ILSVRC2012_val_00023517_n03662601,19,3,0.002329843662058314,0.057904165238142014,0.18832196295261383,0.01000348012894392,0.008120260511835417
15000,H8-V,626,n03666591/ILSVRC2012_val_00017483_n03666591,1,3,0.00638984190300107,0.1356380134820938,0.3490038414796193,0.02344368149836858,0.019953643282254536
15000,H8-V,626,n03666591/ILSVRC2012_val_00017483_n03666591,4,3,0.0022681555710732937,0.06672586748997371,0.2437643607457479,0.011378386057913303,0.00894074235111475
15000,H8-V,626,n03666591/ILSVRC2012_val_00017483_n03666591,7,3,0.0020747026428580284,0.06285120795170467,0.2190320442120234,0.010550143818060556,0.008359823375940323
15000,H8-V,626,n03666591/ILSVRC2012_val_00017483_n03666591,13,3,0.0018896546292429168,0.05904405191540718,0.19981029629707336,0.00979216272632281,0.0077940598130226135
15000,H8-V,626,n03666591/ILSVRC2012_val_00017483_n03666591,19,3,0.0018284538916001718,0.057564513136943184,0.19690131147702536,0.0095539183045427,0.007584905251860619
15000,H8-V,627,n03670208/ILSVRC2012_val_00005250_n03670208,1,3,0.0070875467111666994,0.13132659842570624,0.3539927303791046,0.023760134354233742,0.020220206429560978
15000,H8-V,627,n03670208/ILSVRC2012_val_00005250_n03670208,4,3,0.004016204659516613,0.07192641745011012,0.2694504956404368,0.01390335119018952,0.011208845923344294
15000,H8-V,627,n03670208/ILSVRC2012_val_00005250_n03670208,7,3,0.003803491281966368,0.06777988622585933,0.24619554976622263,0.013043435600896677,0.010581480028728643
15000,H8-V,627,n03670208/ILSVRC2012_val_00005250_n03670208,13,3,0.0035076485946774483,0.06321838249762853,0.23009330530961355,0.012130420344571272,0.009829487341145674
15000,H8-V,627,n03670208/ILSVRC2012_val_00005250_n03670208,19,3,0.003308685186008612,0.06165105725328127,0.2302857538064321,0.011776648772259554,0.009473791345953941
15000,H8-V,628,n03673027/ILSVRC2012_val_00029907_n03673027,1,3,0.011421843121449152,0.20891176660855612,0.5334921081860861,0.037647941460212074,0.03231302027901014
15000,H8-V,628,n03673027/ILSVRC2012_val_00029907_n03673027,4,3,0.007292199259003003,0.13177268207073212,0.418079008658727,0.02465025708079338,0.020469467466076214
15000,H8-V,628,n03673027/ILSVRC2012_val_00029907_n03673027,7,3,0.006876720891644557,0.12546363224585852,0.3920301894346873,0.023343386128544807,0.01942308433353901
15000,H8-V,628,n03673027/ILSVRC2012_val_00029907_n03673027,13,3,0.00647039245814085,0.11772716542085011,0.36931103467941284,0.021936219185590744,0.018243109186490376
15000,H8-V,628,n03673027/ILSVRC2012_val_00029907_n03673027,19,3,0.0063218846917152405,0.11327784756819408,0.36355842153231305,0.02128525326649348,0.01764966920018196
15000,H8-V,629,n03676483/ILSVRC2012_val_00038105_n03676483,1,3,0.008155403193086386,0.17830994228521982,0.4357881744702657,0.0303442794829607,0.02598639763891697
15000,H8-V,629,n03676483/ILSVRC2012_val_00038105_n03676483,4,3,0.0035889591090381145,0.086122232178847,0.32280105352401733,0.015429193153977394,0.012201182544231415
15000,H8-V,629,n03676483/ILSVRC2012_val_00038105_n03676483,7,3,0.0032749255187809467,0.08170198649168015,0.29765594005584717,0.014421683425704638,0.011445124012728533
15000,H8-V,629,n03676483/ILSVRC2012_val_00038105_n03676483,13,3,0.002879745482156674,0.0769418403506279,0.27865777413050336,0.013360507475833098,0.010573929796616236
15000,H8-V,629,n03676483/ILSVRC2012_val_00038105_n03676483,19,3,0.0027422544080764055,0.07539440443118413,0.2764844497044881,0.013046539078156153,0.010281694742540518
15000,H8-V,630,n03680355/ILSVRC2012_val_00034964_n03680355,1,3,0.005779343036313851,0.12983428686857224,0.37657925486564636,0.02252856455743313,0.018762771661082905
15000,H8-V,630,n03680355/ILSVRC2012_val_00034964_n03680355,4,3,0.002412822718421618,0.05239521091183027,0.26579147577285767,0.010310258405903975,0.007652343716472387
15000,H8-V,630,n03680355/ILSVRC2012_val_00034964_n03680355,7,3,0.0022292014521857104,0.04940535252292951,0.24239681661128998,0.009593704404930273,0.0071697367044786615
15000,H8-V,630,n03680355/ILSVRC2012_val_00034964_n03680355,13,3,0.002023155800998211,0.04628616074721018,0.22550728917121887,0.00890684500336647,0.00665177187571923
15000,H8-V,630,n03680355/ILSVRC2012_val_00034964_n03680355,19,3,0.0019165298823888104,0.044419084986050926,0.22436503072579703,0.008602088627715906,0.006358438637107611
15000,H8-V,631,n03690938/ILSVRC2012_val_00031423_n03690938,1,3,0.007639128714799881,0.19453488290309906,0.6639533042907715,0.03373215037087599,0.027092617625991505
15000,H8-V,631,n03690938/ILSVRC2012_val_00031423_n03690938,4,3,0.0033284821547567844,0.08295398702224095,0.5311408440272013,0.016935288906097412,0.011623880825936794
15000,H8-V,631,n03690938/ILSVRC2012_val_00031423_n03690938,7,3,0.003014232808103164,0.07720986505349477,0.5023760199546814,0.015758980065584183,0.010735219654937586
15000,H8-V,631,n03690938/ILSVRC2012_val_00031423_n03690938,13,3,0.0026634537304441133,0.06809261441230774,0.47578946749369305,0.014230610181887945,0.009472715357939402
15000,H8-V,631,n03690938/ILSVRC2012_val_00031423_n03690938,19,3,0.0025423601424942413,0.0633343830704689,0.46771978338559467,0.013552996019522348,0.008875798434019089
15000,H8-V,632,n03691459/ILSVRC2012_val_00016702_n03691459,1,3,0.005373991482580702,0.176996777455012,0.2620915124813716,0.025694584473967552,0.023073668902119
15000,H8-V,632,n03691459/ILSVRC2012_val_00016702_n03691459,4,3,0.0013341897089655201,0.08701896667480469,0.17020980517069498,0.011738184529046217,0.010036086353162924
15000,H8-V,632,n03691459/ILSVRC2012_val_00016702_n03691459,7,3,0.0012716672305638592,0.08191858728726704,0.1494507094224294,0.010958033613860607,0.00946352630853653
15000,H8-V,632,n03691459/ILSVRC2012_val_00016702_n03691459,13,3,0.0011925306559229891,0.07716019203265508,0.13498238225777945,0.01025837380439043,0.008908549944559732
15000,H8-V,632,n03691459/ILSVRC2012_val_00016702_n03691459,19,3,0.0011340393296753366,0.07435499380032222,0.13463958104451498,0.009915934565166632,0.008569538903733095
15000,H8-V,633,n03692522/ILSVRC2012_val_00026457_n03692522,1,3,0.03143077219525973,0.2949830889701843,1.2271392345428467,0.07320047169923782,0.06092908109227816
15000,H8-V,633,n03692522/ILSVRC2012_val_00026457_n03692522,4,3,0.016234385470549267,0.18330940107504526,1.0509412288665771,0.045074738562107086,0.03456532582640648
15000,H8-V,633,n03692522/ILSVRC2012_val_00026457_n03692522,7,3,0.015314449245731035,0.17309892177581787,1.0118056535720825,0.04274239639441172,0.03262434030572573
15000,H8-V,633,n03692522/ILSVRC2012_val_00026457_n03692522,13,3,0.014491799908379713,0.16210870444774628,0.9731451471646627,0.04043412208557129,0.030702670415242512
15000,H8-V,633,n03692522/ILSVRC2012_val_00026457_n03692522,19,3,0.01431669977804025,0.15817329287528992,0.9600689013799032,0.03973471870024999,0.030134030307332676
15000,H8-V,634,n03697007/ILSVRC2012_val_00026290_n03697007,1,3,0.013359150538841883,0.24501473704973856,0.9479573965072632,0.047340198109547295,0.037860624492168427
15000,H8-V,634,n03697007/ILSVRC2012_val_00026290_n03697007,4,3,0.008152351714670658,0.1777496486902237,0.8172396421432495,0.03409971296787262,0.02592731701831023
15000,H8-V,634,n03697007/ILSVRC2012_val_00026290_n03697007,7,3,0.0074644867951671285,0.1662119428316752,0.7838513453801473,0.03192419558763504,0.02408568188548088
15000,H8-V,634,n03697007/ILSVRC2012_val_00026290_n03697007,13,3,0.006882710071901481,0.1553050180276235,0.7525625030199686,0.02993883689244588,0.022413211564222973
15000,H8-V,634,n03697007/ILSVRC2012_val_00026290_n03697007,19,3,0.006752614707996448,0.15188674132029215,0.7437177499135336,0.029378465687235195,0.021941288684805233
15000,H8-V,635,n03706229/ILSVRC2012_val_00043753_n03706229,1,3,0.021766512965162594,0.28807728985945386,1.261250098546346,0.06318674484888713,0.05057424306869507
15000,H8-V,635,n03706229/ILSVRC2012_val_00043753_n03706229,4,3,0.01630200445652008,0.19788197676340738,1.0864845514297485,0.046955046554406486,0.03609020138780276
15000,H8-V,635,n03706229/ILSVRC2012_val_00043753_n03706229,7,3,0.01566616694132487,0.18851199746131897,1.0509817202885945,0.045027183989683785,0.03451736643910408
15000,H8-V,635,n03706229/ILSVRC2012_val_00043753_n03706229,13,3,0.015177530236542225,0.17996279895305634,1.0145936806996663,0.043319745610157646,0.0331738106906414
15000,H8-V,635,n03706229/ILSVRC2012_val_00043753_n03706229,19,3,0.015135043300688267,0.17616023123264313,1.001766562461853,0.04276873295505842,0.03275106723109881
15000,H8-V,636,n03709823/ILSVRC2012_val_00022435_n03709823,1,3,0.01323785757025083,0.18352297941843668,0.4954841434955597,0.036544998486836754,0.03159015687803427
15000,H8-V,636,n03709823/ILSVRC2012_val_00022435_n03709823,4,3,0.005946896970272064,0.1038731758793195,0.37807337443033856,0.020114947731296223,0.016334214558204014
15000,H8-V,636,n03709823/ILSVRC2012_val_00022435_n03709823,7,3,0.005459938043107589,0.09637220452229182,0.3525240918000539,0.018622399618228275,0.015097158960998058
15000,H8-V,636,n03709823/ILSVRC2012_val_00022435_n03709823,13,3,0.0049531469121575356,0.08780978868405025,0.33362822731335956,0.017070407668749493,0.013734125842650732
15000,H8-V,636,n03709823/ILSVRC2012_val_00022435_n03709823,19,3,0.004772653492788474,0.08313177525997162,0.33228299021720886,0.016408661380410194,0.013085831267138323
15000,H8-V,637,n03710193/ILSVRC2012_val_00040946_n03710193,1,3,0.011617526722451052,0.1884926309188207,0.7112176815668741,0.03757896646857262,0.030466790000597637
15000,H8-V,637,n03710193/ILSVRC2012_val_00040946_n03710193,4,3,0.00641351534674565,0.12154729912678401,0.584093968073527,0.02440918485323588,0.018568245073159535
15000,H8-V,637,n03710193/ILSVRC2012_val_00040946_n03710193,7,3,0.005963825310269992,0.11331954101721446,0.553135097026825,0.022827130431930225,0.017295779660344124
15000,H8-V,637,n03710193/ILSVRC2012_val_00040946_n03710193,13,3,0.005522942480941613,0.1052172730366389,0.5253806908925375,0.021298476805289585,0.01604467009504636
15000,H8-V,637,n03710193/ILSVRC2012_val_00040946_n03710193,19,3,0.005376003682613373,0.10299345850944519,0.5182538628578186,0.020857887342572212,0.015675349161028862
15000,H8-V,638,n03710637/ILSVRC2012_val_00003825_n03710637,1,3,0.0074007051686445875,0.13566548377275467,0.3770137131214142,0.024737390999992687,0.020967254415154457
15000,H8-V,638,n03710637/ILSVRC2012_val_00003825_n03710637,4,3,0.003038055030629039,0.059099141508340836,0.29468609889348346,0.01189482988168796,0.008947969103852907
15000,H8-V,638,n03710637/ILSVRC2012_val_00003825_n03710637,7,3,0.002827636431902647,0.056501453121503196,0.2707081933816274,0.01118486343572537,0.008477781899273396
15000,H8-V,638,n03710637/ILSVRC2012_val_00003825_n03710637,13,3,0.0026054857298731804,0.05374462033311526,0.25267621874809265,0.010506710348029932,0.007979948073625565
15000,H8-V,638,n03710637/ILSVRC2012_val_00003825_n03710637,19,3,0.0025159589325388274,0.05251543720563253,0.250694880882899,0.010274451846877733,0.007767502994587024
15000,H8-V,639,n03710721/ILSVRC2012_val_00003728_n03710721,1,3,0.009216214840610823,0.1548505574464798,0.4025469223658244,0.028726739808917046,0.024701271206140518
15000,H8-V,639,n03710721/ILSVRC2012_val_00003728_n03710721,4,3,0.0026228559048225484,0.060398560017347336,0.29311898350715637,0.01159390186270078,0.008662711828947067
15000,H8-V,639,n03710721/ILSVRC2012_val_00003728_n03710721,7,3,0.0023836586624383926,0.05507972463965416,0.26799367864926654,0.010571567652126154,0.007891631064315638
15000,H8-V,639,n03710721/ILSVRC2012_val_00003728_n03710721,13,3,0.0021385516350468,0.04936115319530169,0.2495654821395874,0.009570321689049402,0.007074666985621055
15000,H8-V,639,n03710721/ILSVRC2012_val_00003728_n03710721,19,3,0.0020581962695966163,0.04603807752331098,0.2480335235595703,0.00914233922958374,0.006662004006405671
15000,H8-V,640,n03717622/ILSVRC2012_val_00006575_n03717622,1,3,0.022643299773335457,0.18961749970912933,1.0265193780263264,0.05187024176120758,0.041605049123366676
15000,H8-V,640,n03717622/ILSVRC2012_val_00006575_n03717622,4,3,0.017904208973050117,0.14122762779394785,0.8877619504928589,0.04090459148089091,0.032026972621679306
15000,H8-V,640,n03717622/ILSVRC2012_val_00006575_n03717622,7,3,0.017007716620961826,0.13678723573684692,0.8532119393348694,0.039218559861183167,0.03068644056717555
15000,H8-V,640,n03717622/ILSVRC2012_val_00006575_n03717622,13,3,0.01628292351961136,0.13372756044069925,0.8208419680595398,0.03786410018801689,0.029655680060386658
15000,H8-V,640,n03717622/ILSVRC2012_val_00006575_n03717622,19,3,0.016187152514855068,0.13371410965919495,0.8119028011957804,0.03767759104569753,0.029558562984069187
15000,H8-V,641,n03720891/ILSVRC2012_val_00011961_n03720891,1,3,0.005510441493242979,0.1713729351758957,0.47408460577329,0.027388580764333408,0.022647735352317493
15000,H8-V,641,n03720891/ILSVRC2012_val_00011961_n03720891,4,3,0.0013965755157793562,0.06351194282372792,0.35168490807215375,0.01126461879660686,0.0077477699766556425
15000,H8-V,641,n03720891/ILSVRC2012_val_00011961_n03720891,7,3,0.0012568924964095156,0.05732650558153788,0.3264034489790599,0.01025357749313116,0.006989543015758197
15000,H8-V,641,n03720891/ILSVRC2012_val_00011961_n03720891,13,3,0.0011397220271949966,0.05253262693683306,0.3069518307844798,0.009462503095467886,0.006392984806249539
15000,H8-V,641,n03720891/ILSVRC2012_val_00011961_n03720891,19,3,0.0011245508212596178,0.05101223289966583,0.30455394585927326,0.009271313746770224,0.006225774219880502
15000,H8-V,642,n03721384/ILSVRC2012_val_00020398_n03721384,1,3,0.011196581646800041,0.16941728194554648,0.6276862422625223,0.03441517303387324,0.028138310338060062
15000,H8-V,642,n03721384/ILSVRC2012_val_00020398_n03721384,4,3,0.008499166617790857,0.11753496279319127,0.5252108573913574,0.02550477162003517,0.020252663021286327
15000,H8-V,642,n03721384/ILSVRC2012_val_00020398_n03721384,7,3,0.008088170550763607,0.11058184504508972,0.49892983833948773,0.024135653550426166,0.019146355489889782
15000,H8-V,642,n03721384/ILSVRC2012_val_00020398_n03721384,13,3,0.007735298791279395,0.10347190747658412,0.47716137766838074,0.02285410277545452,0.018082489569981892
15000,H8-V,642,n03721384/ILSVRC2012_val_00020398_n03721384,19,3,0.0076786863307158155,0.10085289180278778,0.47289028763771057,0.022492878139019012,0.017763976007699966
15000,H8-V,643,n03724870/ILSVRC2012_val_00009541_n03724870,1,3,0.01684971743573745,0.21067272871732712,0.44236117601394653,0.0423406045883894,0.03791699248055617
15000,H8-V,643,n03724870/ILSVRC2012_val_00009541_n03724870,4,3,0.006176852621138096,0.062364935874938965,0.3175889154275258,0.015589235350489616,0.012413346208631992
15000,H8-V,643,n03724870/ILSVRC2012_val_00009541_n03724870,7,3,0.005853943681965272,0.059664265563090645,0.2941277325153351,0.014761648140847683,0.011820370641847452
15000,H8-V,643,n03724870/ILSVRC2012_val_00009541_n03724870,13,3,0.005622162017971277,0.05623701959848404,0.2772741715113322,0.014018605463206768,0.011245863822599253
15000,H8-V,643,n03724870/ILSVRC2012_val_00009541_n03724870,19,3,0.005639322102069855,0.05473485713203748,0.27565813064575195,0.013869389581183592,0.011112808249890804
15000,H8-V,644,n03729826/ILSVRC2012_val_00042470_n03729826,1,3,0.010241981595754623,0.21688039600849152,0.557718813419342,0.03750720992684364,0.031930021941661835
15000,H8-V,644,n03729826/ILSVRC2012_val_00042470_n03729826,4,3,0.004734984288613002,0.08997504661480586,0.41684578855832416,0.017900946860512097,0.013732489198446274
15000,H8-V,644,n03729826/ILSVRC2012_val_00042470_n03729826,7,3,0.004430256163080533,0.08488054076830547,0.39123083154360455,0.016830618182818096,0.012918310550351938
15000,H8-V,644,n03729826/ILSVRC2012_val_00042470_n03729826,13,3,0.004152275311450164,0.08105159054199855,0.3708082437515259,0.01596551698942979,0.01225743442773819
15000,H8-V,644,n03729826/ILSVRC2012_val_00042470_n03729826,19,3,0.004078971842924754,0.08024294177691142,0.36766249934832257,0.01577989136179288,0.012103266393144926
15000,H8-V,645,n03733131/ILSVRC2012_val_00005074_n03733131,1,3,0.020985358705123264,0.22489552199840546,0.8704912463823954,0.05217982456088066,0.04347491264343262
15000,H8-V,645,n03733131/ILSVRC2012_val_00005074_n03733131,4,3,0.016938544809818268,0.18428128957748413,0.761563758055369,0.042982311298449837,0.035366674264272056
15000,H8-V,645,n03733131/ILSVRC2012_val_00005074_n03733131,7,3,0.016290749112764995,0.179078941543897,0.7304732004801432,0.04150337601701418,0.03419864426056544
15000,H8-V,645,n03733131/ILSVRC2012_val_00005074_n03733131,13,3,0.015621970097223917,0.17040224373340607,0.7016326983769735,0.03967852145433426,0.03266219422221184
15000,H8-V,645,n03733131/ILSVRC2012_val_00005074_n03733131,19,3,0.015398820551733175,0.1681989630063375,0.6927414536476135,0.03914613276720047,0.032218718280394874
15000,H8-V,646,n03733281/ILSVRC2012_val_00030874_n03733281,1,3,0.010247822850942612,0.23379051685333252,0.6073886553446451,0.03970076019565264,0.033626874908804893
15000,H8-V,646,n03733281/ILSVRC2012_val_00030874_n03733281,4,3,0.005406084004789591,0.15004155536492667,0.4904949863751729,0.025315189113219578,0.020410239075620968
15000,H8-V,646,n03733281/ILSVRC2012_val_00030874_n03733281,7,3,0.00512678874656558,0.14480280379454294,0.4635879397392273,0.02424294874072075,0.019607069591681164
15000,H8-V,646,n03733281/ILSVRC2012_val_00030874_n03733281,13,3,0.00487390145038565,0.14018996556599936,0.4409554799397786,0.023302453259627025,0.018892898534735043
15000,H8-V,646,n03733281/ILSVRC2012_val_00030874_n03733281,19,3,0.0048110648058354855,0.13858780761559805,0.4364175895849864,0.023034021258354187,0.018669845536351204
15000,H8-V,647,n03733805/ILSVRC2012_val_00002919_n03733805,1,3,0.010953141376376152,0.19756336510181427,1.0174878438313801,0.04088435570398966,0.030709477762381237
15000,H8-V,647,n03733805/ILSVRC2012_val_00002919_n03733805,4,3,0.007986966210107008,0.14523782332738241,0.9008194208145142,0.031518941124280296,0.022510748356580734
15000,H8-V,647,n03733805/ILSVRC2012_val_00002919_n03733805,7,3,0.007438129900644223,0.13520667453606924,0.8666806817054749,0.029625604550043743,0.02095879800617695
15000,H8-V,647,n03733805/ILSVRC2012_val_00002919_n03733805,13,3,0.006893625482916832,0.1241441269715627,0.8304358522097269,0.027612396826346714,0.019308038676778477
15000,H8-V,647,n03733805/ILSVRC2012_val_00002919_n03733805,19,3,0.006711439695209265,0.11891657362381618,0.8170855045318604,0.026773951947689056,0.018603097026546795
15000,H8-V,648,n03742115/ILSVRC2012_val_00048949_n03742115,1,3,0.0038307018112391233,0.18572597205638885,0.4487008949120839,0.026890307043989498,0.022403298566738766
15000,H8-V,648,n03742115/ILSVRC2012_val_00048949_n03742115,4,3,0.002116066093246142,0.10026382158199947,0.3388441503047943,0.015530890474716822,0.01214244868606329
15000,H8-V,648,n03742115/ILSVRC2012_val_00048949_n03742115,7,3,0.0019765342197691402,0.09494103988011678,0.3154668907324473,0.014625307482977709,0.011470638525982698
15000,H8-V,648,n03742115/ILSVRC2012_val_00048949_n03742115,13,3,0.0018281281227245927,0.08788084238767624,0.29836271206537884,0.013599839992821217,0.010616212772826353
15000,H8-V,648,n03742115/ILSVRC2012_val_00048949_n03742115,19,3,0.0017680046148598194,0.08461089928944905,0.2972966531912486,0.013202061566213766,0.010229095195730528
15000,H8-V,649,n03743016/ILSVRC2012_val_00042293_n03743016,1,3,0.01871398650109768,0.2315873603026072,0.7497576276461283,0.049370297541220985,0.04187272240718206
15000,H8-V,649,n03743016/ILSVRC2012_val_00042293_n03743016,4,3,0.013666646865506967,0.14569910864035288,0.6245748003323873,0.03448230524857839,0.0282365574191014
15000,H8-V,649,n03743016/ILSVRC2012_val_00042293_n03743016,7,3,0.0130430543795228,0.1422641078631083,0.5938335061073303,0.03320780023932457,0.027269465227921803
15000,H8-V,649,n03743016/ILSVRC2012_val_00042293_n03743016,13,3,0.012526297010481358,0.13922185202439627,0.5658993721008301,0.03210747614502907,0.026448482647538185
15000,H8-V,649,n03743016/ILSVRC2012_val_00042293_n03743016,19,3,0.012440486811101437,0.1391833225886027,0.5589254895846049,0.031948073456684746,0.026358819256226223
15000,H8-V,650,n03759954/ILSVRC2012_val_00049557_n03759954,1,3,0.001455421675927937,0.054141249507665634,0.19775101045767465,0.008847056577603022,0.0068695467586318655
15000,H8-V,650,n03759954/ILSVRC2012_val_00049557_n03759954,4,3,0.0006364047488508126,0.02307063527405262,0.11952551454305649,0.004138723481446505,0.0029434683577468
15000,H8-V,650,n03759954/ILSVRC2012_val_00049557_n03759954,7,3,0.0006164304989700516,0.021667087450623512,0.0978824074069659,0.0037619633755336204,0.002783139313881596
15000,H8-V,650,n03759954/ILSVRC2012_val_00049557_n03759954,13,3,0.0006225334946066141,0.020592850943406422,0.08321752895911534,0.003513993928208947,0.0026818186355133853
15000,H8-V,650,n03759954/ILSVRC2012_val_00049557_n03759954,19,3,0.0006118273013271391,0.020210996891061466,0.08378275235493977,0.0034707545613249144,0.0026329270719240108
15000,H8-V,651,n03761084/ILSVRC2012_val_00042348_n03761084,1,3,0.007717101524273555,0.22787212332089743,0.7754416863123575,0.03825873012344042,0.03050431360801061
15000,H8-V,651,n03761084/ILSVRC2012_val_00042348_n03761084,4,3,0.004518271268655856,0.13107334077358246,0.6494317054748535,0.024119921649495762,0.01762560506661733
15000,H8-V,651,n03761084/ILSVRC2012_val_00042348_n03761084,7,3,0.004147634220619996,0.12097509950399399,0.6184514959653219,0.022429659341772396,0.016245144108931225
15000,H8-V,651,n03761084/ILSVRC2012_val_00042348_n03761084,13,3,0.0038125161857654652,0.11245118826627731,0.5898891488711039,0.020956526199976604,0.01505763487269481
15000,H8-V,651,n03761084/ILSVRC2012_val_00042348_n03761084,19,3,0.0036872942776729665,0.10935402661561966,0.5817579825719198,0.020440276712179184,0.014622696985801062
15000,H8-V,652,n03763968/ILSVRC2012_val_00011906_n03763968,1,3,0.02177479738990466,0.2756699323654175,1.3414907852808635,0.06275669857859612,0.04934179037809372
15000,H8-V,652,n03763968/ILSVRC2012_val_00011906_n03763968,4,3,0.016019551704327267,0.1877432515223821,1.155912717183431,0.046353003631035485,0.03479387735327085
15000,H8-V,652,n03763968/ILSVRC2012_val_00011906_n03763968,7,3,0.015071680458883444,0.17809765537579855,1.114273985226949,0.044024184346199036,0.032881446182727814
15000,H8-V,652,n03763968/ILSVRC2012_val_00011906_n03763968,13,3,0.014253460491696993,0.1697054406007131,1.0731113751729329,0.04195511837800344,0.031224004924297333
15000,H8-V,652,n03763968/ILSVRC2012_val_00011906_n03763968,19,3,0.01406817107150952,0.16709311803181967,1.0596559047698975,0.04137404263019562,0.03077748293677966
15000,H8-V,653,n03764736/ILSVRC2012_val_00037844_n03764736,1,3,0.009830189558366934,0.18409371872742972,0.5687164465586344,0.03392672538757324,0.02823956124484539
15000,H8-V,653,n03764736/ILSVRC2012_val_00037844_n03764736,4,3,0.005641542685528596,0.10583233584960301,0.44694338242212933,0.02069421112537384,0.0162247767051061
15000,H8-V,653,n03764736/ILSVRC2012_val_00037844_n03764736,7,3,0.005293283611536026,0.10038390507300694,0.42006197571754456,0.019532293702165287,0.015331674367189407
15000,H8-V,653,n03764736/ILSVRC2012_val_00037844_n03764736,13,3,0.0049522883879641695,0.09492801626523335,0.39820608496665955,0.018427150323987007,0.014445090045531591
15000,H8-V,653,n03764736/ILSVRC2012_val_00037844_n03764736,19,3,0.0048458500144382315,0.09357910354932149,0.3948468466599782,0.018152229487895966,0.014203760772943497
15000,H8-V,654,n03769881/ILSVRC2012_val_00040459_n03769881,1,3,0.011744342433909575,0.18066110710302988,0.5944504340489706,0.03575495754679044,0.029810453454653423
15000,H8-V,654,n03769881/ILSVRC2012_val_00040459_n03769881,4,3,0.005818777562429507,0.08609393239021301,0.45012667775154114,0.018929437423745792,0.014428170708318552
15000,H8-V,654,n03769881/ILSVRC2012_val_00040459_n03769881,7,3,0.005398767689863841,0.0802726298570633,0.4227193196614583,0.017653224368890125,0.013426030986011028
15000,H8-V,654,n03769881/ILSVRC2012_val_00040459_n03769881,13,3,0.004991546273231506,0.07472526282072067,0.40094538529713947,0.016473526135087013,0.012464072555303574
15000,H8-V,654,n03769881/ILSVRC2012_val_00040459_n03769881,19,3,0.004854649305343628,0.07311584055423737,0.3974689245223999,0.016140922904014587,0.012166233422855536
15000,H8-V,655,n03770439/ILSVRC2012_val_00040108_n03770439,1,3,0.01246365470190843,0.25337619582811993,1.0005953907966614,0.04780723030368487,0.037801275650660195
15000,H8-V,655,n03770439/ILSVRC2012_val_00040108_n03770439,4,3,0.007105895628531774,0.16838711003462473,0.8332539995511373,0.032277148216962814,0.023944607625404995
15000,H8-V,655,n03770439/ILSVRC2012_val_00040108_n03770439,7,3,0.006672380802532037,0.15953879555066428,0.7997906605402628,0.03062416675190131,0.02262626091639201
15000,H8-V,655,n03770439/ILSVRC2012_val_00040108_n03770439,13,3,0.006302097036192815,0.1517775058746338,0.7677218317985535,0.029157066096862156,0.021479847530523937
15000,H8-V,655,n03770439/ILSVRC2012_val_00040108_n03770439,19,3,0.006217728679378827,0.1499937872091929,0.7583245436350504,0.028800353407859802,0.02121710777282715
15000,H8-V,656,n03770679/ILSVRC2012_val_00018768_n03770679,1,3,0.014452807605266571,0.18655210733413696,0.717013955116272,0.04027815659840902,0.03310801833868027
15000,H8-V,656,n03770679/ILSVRC2012_val_00018768_n03770679,4,3,0.010761916016538938,0.12173090130090714,0.6016921997070312,0.028951928640405338,0.022935006767511368
15000,H8-V,656,n03770679/ILSVRC2012_val_00018768_n03770679,7,3,0.01019300272067388,0.11666722347338994,0.5717159509658813,0.027576884254813194,0.02185972531636556
15000,H8-V,656,n03770679/ILSVRC2012_val_00018768_n03770679,13,3,0.009611013034979502,0.11158900211254756,0.545626143614451,0.02622617408633232,0.020769912749528885
15000,H8-V,656,n03770679/ILSVRC2012_val_00018768_n03770679,19,3,0.009397427551448345,0.10900611927111943,0.5394721229871114,0.025692760944366455,0.02029803954064846
15000,H8-V,657,n03773504/ILSVRC2012_val_00026052_n03773504,1,3,0.009517963665227095,0.22206541895866394,0.8743346730868021,0.040467852105697,0.03172450512647629
15000,H8-V,657,n03773504/ILSVRC2012_val_00026052_n03773504,4,3,0.005434104862312476,0.14734557767709097,0.7370978196461996,0.02753964128593604,0.02016866331299146
15000,H8-V,657,n03773504/ILSVRC2012_val_00026052_n03773504,7,3,0.005008898054560025,0.13867010176181793,0.7058849334716797,0.02593475766479969,0.018875908727447193
15000,H8-V,657,n03773504/ILSVRC2012_val_00026052_n03773504,13,3,0.004580633093913396,0.13010518749554953,0.6756012241045634,0.02434716373682022,0.017591151719292004
15000,H8-V,657,n03773504/ILSVRC2012_val_00026052_n03773504,19,3,0.004460450261831284,0.12837708989779154,0.6660148104031881,0.02395830738047759,0.017298159499963123
15000,H8-V,658,n03775071/ILSVRC2012_val_00045319_n03775071,1,3,0.010489745065569878,0.12202805529038112,0.41456300020217896,0.02683818091948827,0.022692551215489704
15000,H8-V,658,n03775071/ILSVRC2012_val_00045319_n03775071,4,3,0.008666926374038061,0.0946918452779452,0.3389636079470317,0.021525746832291286,0.018136111398537953
15000,H8-V,658,n03775071/ILSVRC2012_val_00045319_n03775071,7,3,0.008306133871277174,0.08932302395502727,0.31546540061632794,0.020393090943495434,0.017238436887661617
15000,H8-V,658,n03775071/ILSVRC2012_val_00045319_n03775071,13,3,0.008027910254895687,0.08595603207747142,0.2983662188053131,0.01960717576245467,0.016623513773083687
15000,H8-V,658,n03775071/ILSVRC2012_val_00045319_n03775071,19,3,0.00796798150986433,0.08584961543480556,0.29780613382657367,0.01953100475172202,0.016552943115433056
15000,H8-V,659,n03775546/ILSVRC2012_val_00030108_n03775546,1,3,0.0046840453675637645,0.13141555339097977,0.3509869873523712,0.02133547142148018,0.017825601001580555
15000,H8-V,659,n03775546/ILSVRC2012_val_00030108_n03775546,4,3,0.0026138069418569407,0.05868555357058843,0.2384266753991445,0.010866628959774971,0.008482362454136213
15000,H8-V,659,n03775546/ILSVRC2012_val_00030108_n03775546,7,3,0.0024837563590457044,0.055652701606353126,0.21475518743197122,0.010196578068037828,0.008049026442070803
15000,H8-V,659,n03775546/ILSVRC2012_val_00030108_n03775546,13,3,0.002367614690835277,0.05449896057446798,0.19670473039150238,0.009784558477501074,0.007817511136333147
15000,H8-V,659,n03775546/ILSVRC2012_val_00030108_n03775546,19,3,0.0023242748187234006,0.05520030856132507,0.19408045709133148,0.009785110441346964,0.007844305907686552
15000,H8-V,660,n03776460/ILSVRC2012_val_00013909_n03776460,1,3,0.0116196908056736,0.19964330891768137,0.5735059777895609,0.03731908028324445,0.031584021324912705
15000,H8-V,660,n03776460/ILSVRC2012_val_00013909_n03776460,4,3,0.006142674013972282,0.10192665954430898,0.4496122697989146,0.020831463858485222,0.01633534114807844
15000,H8-V,660,n03776460/ILSVRC2012_val_00013909_n03776460,7,3,0.0057181259617209435,0.09631392856438954,0.4241042137145996,0.01959056096772353,0.015349518818159899
15000,H8-V,660,n03776460/ILSVRC2012_val_00013909_n03776460,13,3,0.005359017911056678,0.0897805243730545,0.4034569561481476,0.018371640394131344,0.014337070596714815
15000,H8-V,660,n03776460/ILSVRC2012_val_00013909_n03776460,19,3,0.005285199110706647,0.08743674059708913,0.40008510152498883,0.018029723937312763,0.014028873294591904
15000,H8-V,661,n03777568/ILSVRC2012_val_00042791_n03777568,1,3,0.027207517996430397,0.24073773622512817,1.1575719515482585,0.06285701195398967,0.051281291991472244
15000,H8-V,661,n03777568/ILSVRC2012_val_00042791_n03777568,4,3,0.020134571939706802,0.1771178642908732,1.019954244295756,0.04804589971899986,0.03784635663032532
15000,H8-V,661,n03777568/ILSVRC2012_val_00042791_n03777568,7,3,0.019116499771674473,0.16935007274150848,0.9827442765235901,0.04587894926468531,0.036051506797472634
15000,H8-V,661,n03777568/ILSVRC2012_val_00042791_n03777568,13,3,0.01821056939661503,0.16062420109907785,0.9459786415100098,0.043732775996128716,0.03427298987905184
15000,H8-V,661,n03777568/ILSVRC2012_val_00042791_n03777568,19,3,0.01798442689081033,0.15804170072078705,0.9343994458516439,0.04313259323438009,0.03378859907388687
15000,H8-V,662,n03777754/ILSVRC2012_val_00048450_n03777754,1,3,0.004476247355341911,0.15811541924873987,0.37005435427029926,0.02398833353072405,0.02028779002527396
15000,H8-V,662,n03777754/ILSVRC2012_val_00048450_n03777754,4,3,0.0014072743554910023,0.05941002070903778,0.2496603528658549,0.009844879930218061,0.007348276674747467
15000,H8-V,662,n03777754/ILSVRC2012_val_00048450_n03777754,7,3,0.0013027881116916735,0.05592477942506472,0.22711573044459024,0.009166423231363297,0.006895266318072875
15000,H8-V,662,n03777754/ILSVRC2012_val_00048450_n03777754,13,3,0.0012106783300017316,0.05286700651049614,0.21099266906579336,0.008607305586338043,0.006497379081944625
15000,H8-V,662,n03777754/ILSVRC2012_val_00048450_n03777754,19,3,0.0011646048321078222,0.05175444856286049,0.21055148541927338,0.008445564967890581,0.006340049983312686
15000,H8-V,663,n03781244/ILSVRC2012_val_00008165_n03781244,1,3,0.012599402107298374,0.22594326734542847,0.7763620018959045,0.04295734812815984,0.035193728283047676
15000,H8-V,663,n03781244/ILSVRC2012_val_00008165_n03781244,4,3,0.00721223217745622,0.14004451036453247,0.6264185508092245,0.02748086800177892,0.021216683089733124
15000,H8-V,663,n03781244/ILSVRC2012_val_00008165_n03781244,7,3,0.006724623031914234,0.13548953334490457,0.596019963423411,0.02623377616206805,0.020273576801021893
15000,H8-V,663,n03781244/ILSVRC2012_val_00008165_n03781244,13,3,0.006229941577961047,0.13055679698785147,0.5685067176818848,0.024970689167579014,0.019285621742407482
15000,H8-V,663,n03781244/ILSVRC2012_val_00008165_n03781244,19,3,0.006047706430157025,0.12786744038263956,0.5612595280011495,0.024447046220302582,0.018834451213479042
15000,H8-V,664,n03782006/ILSVRC2012_val_00011136_n03782006,1,3,0.005418748905261357,0.13098433365424475,0.2406659076611201,0.02092384236554305,0.018517183139920235
15000,H8-V,664,n03782006/ILSVRC2012_val_00011136_n03782006,4,3,0.0012997945304960012,0.04769374678532282,0.14136283099651337,0.0074827975283066435,0.006069169379770756
15000,H8-V,664,n03782006/ILSVRC2012_val_00011136_n03782006,7,3,0.0012014714302495122,0.044777621825536094,0.11967647324005763,0.006875998340547085,0.005679233620564143
15000,H8-V,664,n03782006/ILSVRC2012_val_00011136_n03782006,13,3,0.001149026056130727,0.04242976506551107,0.10450090716282527,0.006437011528760195,0.005392002562681834
15000,H8-V,664,n03782006/ILSVRC2012_val_00011136_n03782006,19,3,0.0011365043076997001,0.0412340040008227,0.1040720244248708,0.006300625080863635,0.005259904855241378
15000,H8-V,665,n03785016/ILSVRC2012_val_00048569_n03785016,1,3,0.021113650252421696,0.21906796594460806,0.942148486773173,0.05244193226099014,0.04302044709523519
15000,H8-V,665,n03785016/ILSVRC2012_val_00048569_n03785016,4,3,0.015981444468100865,0.1607437084118525,0.8053473432858785,0.040109287947416306,0.03205581506093343
15000,H8-V,665,n03785016/ILSVRC2012_val_00048569_n03785016,7,3,0.015265588959058126,0.15619750320911407,0.7718264857927958,0.03860360259811083,0.03088533878326416
15000,H8-V,665,n03785016/ILSVRC2012_val_00048569_n03785016,13,3,0.014610847147802511,0.1517243335644404,0.7400378584861755,0.037183658530314766,0.029783279945453007
15000,H8-V,665,n03785016/ILSVRC2012_val_00048569_n03785016,19,3,0.014479537804921469,0.14925609529018402,0.7307166457176208,0.036712313691775,0.029405146837234497
15000,H8-V,666,n03786901/ILSVRC2012_val_00014325_n03786901,1,3,0.002714535337872803,0.13754828770955405,0.4064994156360626,0.02053435891866684,0.016469364364941914
15000,H8-V,666,n03786901/ILSVRC2012_val_00014325_n03786901,4,3,0.0007788721704855561,0.06935366739829381,0.2978849212328593,0.010693087863425413,0.007714238949120045
15000,H8-V,666,n03786901/ILSVRC2012_val_00014325_n03786901,7,3,0.0007149317728665968,0.06477527817090352,0.27384411295255023,0.009930900918940702,0.007192459733535846
15000,H8-V,666,n03786901/ILSVRC2012_val_00014325_n03786901,13,3,0.0006160608609206975,0.060130394995212555,0.25418442487716675,0.009170944492022196,0.006629100379844506
15000,H8-V,666,n03786901/ILSVRC2012_val_00014325_n03786901,19,3,0.000554688119639953,0.05757912869254748,0.25044719378153485,0.008817072957754135,0.006312601113071044
15000,H8-V,667,n03787032/ILSVRC2012_val_00019763_n03787032,1,3,0.027787504096825916,0.20651359359423319,0.8411614497502645,0.05685047929485639,0.04843886444965998
15000,H8-V,667,n03787032/ILSVRC2012_val_00019763_n03787032,4,3,0.011652595984439055,0.11446793625752132,0.6998087962468466,0.03009747713804245,0.023099389548103016
15000,H8-V,667,n03787032/ILSVRC2012_val_00019763_n03787032,7,3,0.010880455374717712,0.10650890817244847,0.6692687074343363,0.028224033613999683,0.02153134656449159
15000,H8-V,667,n03787032/ILSVRC2012_val_00019763_n03787032,13,3,0.010070491582155228,0.09807475407918294,0.6401235461235046,0.026279202351967495,0.019877967114249866
15000,H8-V,667,n03787032/ILSVRC2012_val_00019763_n03787032,19,3,0.009788540191948414,0.09418899565935135,0.6311344901720682,0.025518784920374554,0.019207440316677094
15000,H8-V,668,n03788195/ILSVRC2012_val_00002119_n03788195,1,3,0.008777611888945103,0.16101392110188803,0.452137033144633,0.029400373498598736,0.02487900418539842
15000,H8-V,668,n03788195/ILSVRC2012_val_00002119_n03788195,4,3,0.004732344609995683,0.10032793631156285,0.34754036863644916,0.01824054184059302,0.014765138116975626
15000,H8-V,668,n03788195/ILSVRC2012_val_00002119_n03788195,7,3,0.004486468931039174,0.09582775582869847,0.32298463582992554,0.017299091443419456,0.014069244575997194
15000,H8-V,668,n03788195/ILSVRC2012_val_00002119_n03788195,13,3,0.00428718701004982,0.09128597378730774,0.3042481342951457,0.01645826610426108,0.013415784885485968
15000,H8-V,668,n03788195/ILSVRC2012_val_00002119_n03788195,19,3,0.004254158586263657,0.08989230543375015,0.30191882451375324,0.01626257784664631,0.013243389626344046
15000,H8-V,669,n03788365/ILSVRC2012_val_00003241_n03788365,1,3,0.008084643011291822,0.25424662232398987,0.8060004115104675,0.04156930868824323,0.03350930536786715
15000,H8-V,669,n03788365/ILSVRC2012_val_00003241_n03788365,4,3,0.00537546103199323,0.18460243940353394,0.6772823135058085,0.03060852860411008,0.02383570559322834
15000,H8-V,669,n03788365/ILSVRC2012_val_00003241_n03788365,7,3,0.00507311848923564,0.17665358384450278,0.6469449996948242,0.029207927485307057,0.022738477836052578
15000,H8-V,669,n03788365/ILSVRC2012_val_00003241_n03788365,13,3,0.004843816471596559,0.16702200969060263,0.6184147397677103,0.027730165049433708,0.021546017999450367
15000,H8-V,669,n03788365/ILSVRC2012_val_00003241_n03788365,19,3,0.004833888883392016,0.16378233333428702,0.6100074052810669,0.02731219617029031,0.021212122092644375
15000,H8-V,670,n03791053/ILSVRC2012_val_00046855_n03791053,1,3,0.024043658127387364,0.27767078081766766,1.459277868270874,0.06640351315339406,0.05181073645750681
15000,H8-V,670,n03791053/ILSVRC2012_val_00046855_n03791053,4,3,0.013830661463240782,0.18808838228384653,1.2499288320541382,0.04513878871997198,0.03263950099547704
15000,H8-V,670,n03791053/ILSVRC2012_val_00046855_n03791053,7,3,0.01274834138651689,0.18011059363683066,1.2082494894663494,0.04284189517299334,0.03075940099855264
15000,H8-V,670,n03791053/ILSVRC2012_val_00046855_n03791053,13,3,0.011818681533137957,0.1734370936950048,1.1643969615300496,0.040806361784537636,0.029162391399343807
15000,H8-V,670,n03791053/ILSVRC2012_val_00046855_n03791053,19,3,0.011576822338004908,0.17100189626216888,1.1479499737421672,0.040156510969003044,0.02867701215048631
15000,H8-V,671,n03792782/ILSVRC2012_val_00032009_n03792782,1,3,0.017638831088940304,0.22690308590730032,0.6997711261113485,0.047326850394407906,0.040329139679670334
15000,H8-V,671,n03792782/ILSVRC2012_val_00032009_n03792782,4,3,0.010088999445239702,0.1042868047952652,0.529701848824819,0.025814699629942577,0.020517680794000626
15000,H8-V,671,n03792782/ILSVRC2012_val_00032009_n03792782,7,3,0.009626176829139391,0.09863571574290593,0.5007357796033224,0.024497106050451595,0.019489748403429985
15000,H8-V,671,n03792782/ILSVRC2012_val_00032009_n03792782,13,3,0.009197693318128586,0.09306350350379944,0.4746926824251811,0.023250970368583996,0.018504043420155842
15000,H8-V,671,n03792782/ILSVRC2012_val_00032009_n03792782,19,3,0.009067205091317495,0.09111083050568898,0.4677009880542755,0.02285529797275861,0.018178288514415424
15000,H8-V,672,n03792972/ILSVRC2012_val_00044724_n03792972,1,3,0.009499089481929937,0.26321539282798767,0.632358968257904,0.04214422032237053,0.03582062944769859
15000,H8-V,672,n03792972/ILSVRC2012_val_00044724_n03792972,4,3,0.005720528153081735,0.14763111372788748,0.48151134451230365,0.02529875375330448,0.020483640333016712
15000,H8-V,672,n03792972/ILSVRC2012_val_00044724_n03792972,7,3,0.005404397379606962,0.13648424049218497,0.4517083565394084,0.02356990488866965,0.019052821521957714
15000,H8-V,672,n03792972/ILSVRC2012_val_00044724_n03792972,13,3,0.005162987858057022,0.1268902669350306,0.42548152804374695,0.02210683065156142,0.0178520151724418
15000,H8-V,672,n03792972/ILSVRC2012_val_00044724_n03792972,19,3,0.005122660659253597,0.12439699470996857,0.4189248283704122,0.021751608078678448,0.017562360192338627
15000,H8-V,673,n03793489/ILSVRC2012_val_00017480_n03793489,1,3,0.008825032350917658,0.15760951737562814,0.3964664737383525,0.02855064906179905,0.02458598433683316
15000,H8-V,673,n03793489/ILSVRC2012_val_00017480_n03793489,4,3,0.0015878230333328247,0.05913173407316208,0.27513809005419415,0.01025237732877334,0.0075009965027372045
15000,H8-V,673,n03793489/ILSVRC2012_val_00017480_n03793489,7,3,0.0014641522041832407,0.0565151609480381,0.2515467902024587,0.009631136121849218,0.007115668461968501
15000,H8-V,673,n03793489/ILSVRC2012_val_00017480_n03793489,13,3,0.001328509262142082,0.05323792124787966,0.2341956893603007,0.008994258319338163,0.006652301487823327
15000,H8-V,673,n03793489/ILSVRC2012_val_00017480_n03793489,19,3,0.0012625385231028001,0.050294717152913414,0.2327320377031962,0.00861933051298062,0.006292010347048442
15000,H8-V,674,n03794056/ILSVRC2012_val_00039602_n03794056,1,3,0.016477336486180622,0.23828856150309244,0.909483790397644,0.049401031186183296,0.040306193133195244
15000,H8-V,674,n03794056/ILSVRC2012_val_00039602_n03794056,4,3,0.011779156823952993,0.15852765242258707,0.7498934467633566,0.03513085717956225,0.027631922314564388
15000,H8-V,674,n03794056/ILSVRC2012_val_00039602_n03794056,7,3,0.01120487196991841,0.1516451289256414,0.7191459139188131,0.03356084351738294,0.026369384800394375
15000,H8-V,674,n03794056/ILSVRC2012_val_00039602_n03794056,13,3,0.010649672398964563,0.14355943103631338,0.689528743426005,0.03190090383092562,0.02500561624765396
15000,H8-V,674,n03794056/ILSVRC2012_val_00039602_n03794056,19,3,0.010507509733239809,0.14027005434036255,0.6803941329320272,0.03133845577637354,0.02453451541562875
15000,H8-V,675,n03796401/ILSVRC2012_val_00026301_n03796401,1,3,0.023660758510231972,0.22743421296278635,1.2674310207366943,0.0590784897406896,0.046404180427392326
15000,H8-V,675,n03796401/ILSVRC2012_val_00026301_n03796401,4,3,0.019967440515756607,0.18603134155273438,1.1346696217854817,0.049917273223400116,0.03857057665785154
15000,H8-V,675,n03796401/ILSVRC2012_val_00026301_n03796401,7,3,0.019041544447342556,0.18112711608409882,1.0946290095647175,0.048100547244151436,0.03715425729751587
15000,H8-V,675,n03796401/ILSVRC2012_val_00026301_n03796401,13,3,0.018166866153478622,0.17788120607535043,1.0540205637613933,0.04649519299467405,0.035954987009366356
15000,H8-V,675,n03796401/ILSVRC2012_val_00026301_n03796401,19,3,0.017947619780898094,0.17734660704930624,1.040601372718811,0.04608829443653425,0.03568228085835775
15000,H8-V,676,n03803284/ILSVRC2012_val_00012090_n03803284,1,3,0.023417134458820026,0.22928285598754883,1.4740894238154094,0.061086313178141914,0.04634542018175125
15000,H8-V,676,n03803284/ILSVRC2012_val_00012090_n03803284,4,3,0.01598120170334975,0.15080809593200684,1.2946057319641113,0.04400806874036789,0.031062010675668716
15000,H8-V,676,n03803284/ILSVRC2012_val_00012090_n03803284,7,3,0.0149478397021691,0.14455282191435495,1.2519804239273071,0.04192292566100756,0.029403122141957283
15000,H8-V,676,n03803284/ILSVRC2012_val_00012090_n03803284,13,3,0.014067052553097406,0.14012477298577627,1.206600030263265,0.040145530054966606,0.028079529603322346
15000,H8-V,676,n03803284/ILSVRC2012_val_00012090_n03803284,19,3,0.013854439370334148,0.138699139157931,1.190290093421936,0.039627254009246826,0.027724353596568108
15000,H8-V,677,n03804744/ILSVRC2012_val_00000649_n03804744,1,3,0.00770421667645375,0.15085041026274362,0.4678706129391988,0.027467963596185047,0.022789257888992626
15000,H8-V,677,n03804744/ILSVRC2012_val_00000649_n03804744,4,3,0.003954335969562332,0.08211394896109898,0.3725203772385915,0.015890935125450294,0.01216573112954696
15000,H8-V,677,n03804744/ILSVRC2012_val_00000649_n03804744,7,3,0.003554424736648798,0.07565423101186752,0.3443175256252289,0.01456302311271429,0.011119847806791464
15000,H8-V,677,n03804744/ILSVRC2012_val_00000649_n03804744,13,3,0.0031674434430897236,0.06849157065153122,0.3207380771636963,0.013223980863889059,0.010016600290934244
15000,H8-V,677,n03804744/ILSVRC2012_val_00000649_n03804744,19,3,0.0030419346100340285,0.06609164426724116,0.31573550899823505,0.012808454222977161,0.00965109933167696
15000,H8-V,678,n03814639/ILSVRC2012_val_00027572_n03814639,1,3,0.0038990855682641268,0.1696286847194036,0.48453017075856525,0.02570725604891777,0.020861954738696415
15000,H8-V,678,n03814639/ILSVRC2012_val_00027572_n03814639,4,3,0.0016107880122338731,0.09453754375378291,0.37405596176783246,0.014805102410415808,0.011064542767902216
15000,H8-V,678,n03814639/ILSVRC2012_val_00027572_n03814639,7,3,0.0014588951598852873,0.08549211422602336,0.3501560091972351,0.013509666857620081,0.01000810693949461
15000,H8-V,678,n03814639/ILSVRC2012_val_00027572_n03814639,13,3,0.0012985875364392996,0.0791859229405721,0.3279520769913991,0.012496700510382652,0.009217179690798124
15000,H8-V,678,n03814639/ILSVRC2012_val_00027572_n03814639,19,3,0.0012620424774164956,0.07829443613688152,0.32395121455192566,0.012330998045702776,0.009091486223042011
15000,H8-V,679,n03814906/ILSVRC2012_val_00017650_n03814906,1,3,0.002495728937598566,0.13765020668506622,0.3446013232072194,0.019706763948003452,0.016260750591754913
15000,H8-V,679,n03814906/ILSVRC2012_val_00017650_n03814906,4,3,0.0009234485914930701,0.05180285622676214,0.21932178735733032,0.008296952272454897,0.006103734485805035
15000,H8-V,679,n03814906/ILSVRC2012_val_00017650_n03814906,7,3,0.0008810870349407196,0.04821132495999336,0.19652055700620016,0.007667424933363994,0.005702219593028228
15000,H8-V,679,n03814906/ILSVRC2012_val_00017650_n03814906,13,3,0.0008388377027586102,0.04488716398676237,0.1792373905579249,0.007119928020983934,0.0053275541091958685
15000,H8-V,679,n03814906/ILSVRC2012_val_00017650_n03814906,19,3,0.0008101723506115377,0.04309468840559324,0.1766051948070526,0.006885693098107974,0.0051196411562462645
15000,H8-V,680,n03825788/ILSVRC2012_val_00040443_n03825788,1,3,0.005493532245357831,0.16998663047949472,0.5450237989425659,0.027942433953285217,0.022492195790012676
15000,H8-V,680,n03825788/ILSVRC2012_val_00040443_n03825788,4,3,0.002570489111045996,0.10061843941609065,0.42352960507074994,0.016867628941933315,0.012632333052655062
15000,H8-V,680,n03825788/ILSVRC2012_val_00040443_n03825788,7,3,0.0023377160541713238,0.09340417881806691,0.39865532517433167,0.015664686759312946,0.011678133780757586
15000,H8-V,680,n03825788/ILSVRC2012_val_00040443_n03825788,13,3,0.002175104571506381,0.08755270640055339,0.3780691425005595,0.014711066149175167,0.010930374885598818
15000,H8-V,680,n03825788/ILSVRC2012_val_00040443_n03825788,19,3,0.002123469098781546,0.08517375340064366,0.37431228160858154,0.014383967034518719,0.010640844392279783
15000,H8-V,681,n03832673/ILSVRC2012_val_00010133_n03832673,1,3,0.009929779451340437,0.16373610496520996,0.3557053804397583,0.029860443125168484,0.02630339004099369
15000,H8-V,681,n03832673/ILSVRC2012_val_00010133_n03832673,4,3,0.004522739288707574,0.08346273253361385,0.2291856904824575,0.01516086949656407,0.012869012542068958
15000,H8-V,681,n03832673/ILSVRC2012_val_00010133_n03832673,7,3,0.004231729079037905,0.07898883273204167,0.20699057479699454,0.014200518528620401,0.01213061281790336
15000,H8-V,681,n03832673/ILSVRC2012_val_00010133_n03832673,13,3,0.003973027691245079,0.07192772875229518,0.19267062842845917,0.013092506676912308,0.011165800504386425
15000,H8-V,681,n03832673/ILSVRC2012_val_00010133_n03832673,19,3,0.0038797856929401555,0.06695246944824855,0.1946189155181249,0.012521221612890562,0.01057503248254458
15000,H8-V,682,n03837869/ILSVRC2012_val_00017240_n03837869,1,3,0.007277471323808034,0.1684225151936213,0.39627691109975177,0.028082493071754772,0.024119723588228226
15000,H8-V,682,n03837869/ILSVRC2012_val_00017240_n03837869,4,3,0.003520611518373092,0.08850514143705368,0.28365690509478253,0.015207694843411446,0.012371125941475233
15000,H8-V,682,n03837869/ILSVRC2012_val_00017240_n03837869,7,3,0.0033466472135235867,0.08437585333983104,0.2613437573115031,0.01439767082532247,0.011784233152866364
15000,H8-V,682,n03837869/ILSVRC2012_val_00017240_n03837869,13,3,0.0032115366775542498,0.0810187856356303,0.24630572895208994,0.01377647245923678,0.011313415132462978
15000,H8-V,682,n03837869/ILSVRC2012_val_00017240_n03837869,19,3,0.0031844702704499164,0.08055828263362248,0.2470774898926417,0.013711073435842991,0.011240298549334208
15000,H8-V,683,n03838899/ILSVRC2012_val_00036626_n03838899,1,3,0.007115874284257491,0.14312497278054556,0.4984383285045624,0.026412754009167354,0.021428370848298073
15000,H8-V,683,n03838899/ILSVRC2012_val_00036626_n03838899,4,3,0.0048564573129018145,0.08273746818304062,0.39122751355171204,0.017042479788263638,0.013130204441646734
15000,H8-V,683,n03838899/ILSVRC2012_val_00036626_n03838899,7,3,0.004500365971277158,0.07713962097962697,0.3643100361029307,0.015857427691419918,0.012214327851931253
15000,H8-V,683,n03838899/ILSVRC2012_val_00036626_n03838899,13,3,0.004022813712557157,0.07199867069721222,0.3424045542875926,0.014646726039548716,0.01122268040974935
15000,H8-V,683,n03838899/ILSVRC2012_val_00036626_n03838899,19,3,0.003745664143934846,0.07030506680409114,0.3385607699553172,0.01416177861392498,0.01077617115030686
15000,H8-V,684,n03840681/ILSVRC2012_val_00012014_n03840681,1,3,0.012130065821111202,0.257351557413737,0.5510290265083313,0.04337551072239876,0.03786522150039673
15000,H8-V,684,n03840681/ILSVRC2012_val_00012014_n03840681,4,3,0.005889328351865212,0.09897531072298686,0.39756981531778973,0.019762557620803516,0.015786859517296154
15000,H8-V,684,n03840681/ILSVRC2012_val_00012014_n03840681,7,3,0.005362163918713729,0.08855004856983821,0.3723638157049815,0.017940806845823925,0.014217169024050236
15000,H8-V,684,n03840681/ILSVRC2012_val_00012014_n03840681,13,3,0.004910109875102838,0.08068079501390457,0.35340073704719543,0.016512197131911915,0.012978189314405123
15000,H8-V,684,n03840681/ILSVRC2012_val_00012014_n03840681,19,3,0.0047452072612941265,0.07858945926030476,0.3512345751126607,0.016116499279936154,0.012604153094192347
15000,H8-V,685,n03841143/ILSVRC2012_val_00038367_n03841143,1,3,0.007882641007502874,0.209724893172582,0.646502415339152,0.03532015408078829,0.028855131318171818
15000,H8-V,685,n03841143/ILSVRC2012_val_00038367_n03841143,4,3,0.0046815524498621626,0.10961550970872243,0.49968603253364563,0.020639964068929356,0.015643103669087093
15000,H8-V,685,n03841143/ILSVRC2012_val_00038367_n03841143,7,3,0.004423386262108882,0.10478343069553375,0.4715341826279958,0.0196170707543691,0.014901729300618172
15000,H8-V,685,n03841143/ILSVRC2012_val_00038367_n03841143,13,3,0.004178782769789298,0.10017667959133784,0.44711147745450336,0.018667566279570263,0.014196451132496199
15000,H8-V,685,n03841143/ILSVRC2012_val_00038367_n03841143,19,3,0.004079945540676515,0.09859608362118404,0.44079578916231793,0.01834751230974992,0.013939554492632547
15000,H8-V,686,n03843555/ILSVRC2012_val_00001974_n03843555,1,3,0.007516719400882721,0.15944778422514597,0.45358477036158246,0.027997345974047978,0.02346149832010269
15000,H8-V,686,n03843555/ILSVRC2012_val_00001974_n03843555,4,3,0.004134538738677899,0.06801522523164749,0.3288831214110057,0.01422489279260238,0.01093606154123942
15000,H8-V,686,n03843555/ILSVRC2012_val_00001974_n03843555,7,3,0.0038199654469887414,0.06356613958875339,0.3032618959744771,0.013209197980662188,0.010176579467952251
15000,H8-V,686,n03843555/ILSVRC2012_val_00001974_n03843555,13,3,0.003543318094064792,0.0594093402226766,0.2820829351743062,0.012305081821978092,0.009484252271552881
15000,H8-V,686,n03843555/ILSVRC2012_val_00001974_n03843555,19,3,0.003472680769239863,0.05809899792075157,0.2780555486679077,0.012063136324286461,0.009282580887277922
15000,H8-V,687,n03854065/ILSVRC2012_val_00035575_n03854065,1,3,0.01268459918598334,0.2104772279659907,0.628873884677887,0.04002105941375097,0.03373232111334801
15000,H8-V,687,n03854065/ILSVRC2012_val_00035575_n03854065,4,3,0.0065489088495572405,0.10036243746678035,0.481815646092097,0.02140330895781517,0.016585152596235275
15000,H8-V,687,n03854065/ILSVRC2012_val_00035575_n03854065,7,3,0.006017397468288739,0.09472891688346863,0.45599643389383954,0.020050253098209698,0.015490288846194744
15000,H8-V,687,n03854065/ILSVRC2012_val_00035575_n03854065,13,3,0.005519162553052108,0.08913824955622356,0.43556515375773114,0.01878863883515199,0.014432987508674463
15000,H8-V,687,n03854065/ILSVRC2012_val_00035575_n03854065,19,3,0.005340658904363711,0.08709869782129924,0.43257256348927814,0.01837625416616599,0.014050528407096863
15000,H8-V,688,n03857828/ILSVRC2012_val_00045579_n03857828,1,3,0.00875997869297862,0.17910739282766977,0.49452916781107586,0.0316160103927056,0.02667071794470151
15000,H8-V,688,n03857828/ILSVRC2012_val_00045579_n03857828,4,3,0.004995041526854038,0.11558328817288081,0.3970418671766917,0.020523789649208386,0.016553370902935665
15000,H8-V,688,n03857828/ILSVRC2012_val_00045579_n03857828,7,3,0.0047228143860896426,0.10990979274113973,0.3730408747990926,0.019444202383359272,0.01571379415690899
15000,H8-V,688,n03857828/ILSVRC2012_val_00045579_n03857828,13,3,0.004414157010614872,0.10277120023965836,0.35397467017173767,0.01823102372388045,0.014691277096668879
15000,H8-V,688,n03857828/ILSVRC2012_val_00045579_n03857828,19,3,0.0042974383880694704,0.09889944394429524,0.35094497601191205,0.01769683261712392,0.014187382844587168
15000,H8-V,689,n03866082/ILSVRC2012_val_00043581_n03866082,1,3,0.005007867390910785,0.17970500886440277,0.4622172216574351,0.027600540469090145,0.022978368525703747
15000,H8-V,689,n03866082/ILSVRC2012_val_00043581_n03866082,4,3,0.0015853555717815955,0.08205736925204594,0.3478831748167674,0.013269923937817415,0.009791092326243719
15000,H8-V,689,n03866082/ILSVRC2012_val_00043581_n03866082,7,3,0.0014145796497662861,0.07724626859029134,0.3217207193374634,0.01235641414920489,0.00913920688132445
15000,H8-V,689,n03866082/ILSVRC2012_val_00043581_n03866082,13,3,0.0012458839919418097,0.07118528087933858,0.30026668310165405,0.011367079180975756,0.008364412312706312
15000,H8-V,689,n03866082/ILSVRC2012_val_00043581_n03866082,19,3,0.0011795032769441605,0.06826808800299962,0.2959952652454376,0.010966264642775059,0.00800631195306778
15000,H8-V,690,n03868242/ILSVRC2012_val_00021500_n03868242,1,3,0.013060363009572029,0.19784425695737204,0.9796489079793295,0.04264127587278684,0.03284478808442751
15000,H8-V,690,n03868242/ILSVRC2012_val_00021500_n03868242,4,3,0.009822834903995195,0.16283543407917023,0.8602676788965861,0.03470905621846517,0.026106379305322964
15000,H8-V,690,n03868242/ILSVRC2012_val_00021500_n03868242,7,3,0.009233451448380947,0.1562646528085073,0.8257700006167094,0.03311761717001597,0.02485991766055425
15000,H8-V,690,n03868242/ILSVRC2012_val_00021500_n03868242,13,3,0.008729400113224983,0.15151146054267883,0.7931148608525594,0.031811696787675224,0.023880546912550926
15000,H8-V,690,n03868242/ILSVRC2012_val_00021500_n03868242,19,3,0.00861097282419602,0.15108420451482138,0.7834082841873169,0.031553475807110466,0.02371939333776633
15000,H8-V,691,n03868863/ILSVRC2012_val_00033211_n03868863,1,3,0.009748812454442183,0.1895201951265335,0.7062828540802002,0.035763662308454514,0.02870083289841811
15000,H8-V,691,n03868863/ILSVRC2012_val_00033211_n03868863,4,3,0.004926536853114764,0.11305023233095805,0.5724942485491434,0.02195650277038415,0.016231559837857883
15000,H8-V,691,n03868863/ILSVRC2012_val_00033211_n03868863,7,3,0.0045727575197815895,0.10580779612064362,0.542968213558197,0.02058321920533975,0.015153537193934122
15000,H8-V,691,n03868863/ILSVRC2012_val_00033211_n03868863,13,3,0.004251468771447738,0.09987598409255345,0.5159454544385275,0.019398522252837818,0.01423906721174717
15000,H8-V,691,n03868863/ILSVRC2012_val_00033211_n03868863,19,3,0.00415000847230355,0.09681323667367299,0.508773684501648,0.018919068699081738,0.013831332015494505
15000,H8-V,692,n03871628/ILSVRC2012_val_00011690_n03871628,1,3,0.025540186713139217,0.26510190963745117,1.4513405164082844,0.06656378383437793,0.05205037941535314
15000,H8-V,692,n03871628/ILSVRC2012_val_00011690_n03871628,4,3,0.016479978958765667,0.18219884733359018,1.2607626914978027,0.047307491302490234,0.03469986468553543
15000,H8-V,692,n03871628/ILSVRC2012_val_00011690_n03871628,7,3,0.015459421090781689,0.1696170171101888,1.2135942776997883,0.04455706352988879,0.032421121994654335
15000,H8-V,692,n03871628/ILSVRC2012_val_00011690_n03871628,13,3,0.014670212753117085,0.15946436921755472,1.1709132591883342,0.042325783520936966,0.030616650357842445
15000,H8-V,692,n03871628/ILSVRC2012_val_00011690_n03871628,19,3,0.01450900329897801,0.15497955679893494,1.1563339630762737,0.04157029961546262,0.030006959413488705
15000,H8-V,693,n03873416/ILSVRC2012_val_00038624_n03873416,1,3,0.015211967130502066,0.2681894898414612,0.5655478835105896,0.04768639554580053,0.042030916859706245
15000,H8-V,693,n03873416/ILSVRC2012_val_00038624_n03873416,4,3,0.009354538284242153,0.16361160079638162,0.44129301110903424,0.03012862925728162,0.025715698798497517
15000,H8-V,693,n03873416/ILSVRC2012_val_00038624_n03873416,7,3,0.009037805410722891,0.15752125779787698,0.4178787171840668,0.028968718523780506,0.02478993187348048
15000,H8-V,693,n03873416/ILSVRC2012_val_00038624_n03873416,13,3,0.008726186119019985,0.15221121410528818,0.3988439738750458,0.027935747057199478,0.023947307839989662
15000,H8-V,693,n03873416/ILSVRC2012_val_00038624_n03873416,19,3,0.008642937677601973,0.15043660004933676,0.39594260851542157,0.027646024400989216,0.023686598365505535
15000,H8-V,694,n03874293/ILSVRC2012_val_00032590_n03874293,1,3,0.011477588055034479,0.26789478957653046,0.44825677076975506,0.04274963525434335,0.03826706732312838
15000,H8-V,694,n03874293/ILSVRC2012_val_00032590_n03874293,4,3,0.006473204276214044,0.1489491711060206,0.3390672206878662,0.024758794034520786,0.02136812172830105
15000,H8-V,694,n03874293/ILSVRC2012_val_00032590_n03874293,7,3,0.006155247800052166,0.14418799181779227,0.3157038191954295,0.023731084540486336,0.020574046298861504
15000,H8-V,694,n03874293/ILSVRC2012_val_00032590_n03874293,13,3,0.005837485504647096,0.1413514862457911,0.2987688481807709,0.022960322598616283,0.01997263419131438
15000,H8-V,694,n03874293/ILSVRC2012_val_00032590_n03874293,19,3,0.0057513729358712835,0.14231527845064798,0.2982275187969208,0.02296517603099346,0.01998290109137694
15000,H8-V,695,n03874599/ILSVRC2012_val_00007780_n03874599,1,3,0.007186188983420531,0.1766198774178823,0.45588187376658124,0.029406994581222534,0.024848176787296932
15000,H8-V,695,n03874599/ILSVRC2012_val_00007780_n03874599,4,3,0.002180215592185656,0.08999182532231013,0.33830252289772034,0.014562423340976238,0.011179398434857527
15000,H8-V,695,n03874599/ILSVRC2012_val_00007780_n03874599,7,3,0.0019892473937943578,0.08550299455722173,0.3138244350751241,0.013677791071434816,0.010539546919365725
15000,H8-V,695,n03874599/ILSVRC2012_val_00007780_n03874599,13,3,0.0017588215414434671,0.07903597007195155,0.2955949604511261,0.012618368491530418,0.009662418936689695
15000,H8-V,695,n03874599/ILSVRC2012_val_00007780_n03874599,19,3,0.0016627383495991428,0.07636804133653641,0.2941504915555318,0.012241047186156115,0.009299542444447676
15000,H8-V,696,n03876231/ILSVRC2012_val_00004356_n03876231,1,3,0.012046115783353647,0.2078553189833959,0.884109377861023,0.04167274137338003,0.03283164774378141
15000,H8-V,696,n03876231/ILSVRC2012_val_00004356_n03876231,4,3,0.0071559033046166105,0.14093787968158722,0.760387142499288,0.02885356235007445,0.021249691645304363
15000,H8-V,696,n03876231/ILSVRC2012_val_00004356_n03876231,7,3,0.006500914227217436,0.13408302764097849,0.7279383540153503,0.02718860035141309,0.019909216711918514
15000,H8-V,696,n03876231/ILSVRC2012_val_00004356_n03876231,13,3,0.005883528385311365,0.1270293047030767,0.6963823239008585,0.02555028162896633,0.018586458638310432
15000,H8-V,696,n03876231/ILSVRC2012_val_00004356_n03876231,19,3,0.00569065660238266,0.12413527071475983,0.6860536734263102,0.024964720631639164,0.018104183798034985
15000,H8-V,697,n03877472/ILSVRC2012_val_00012920_n03877472,1,3,0.005327470134943724,0.18014379839102426,0.4157441357771556,0.02749929204583168,0.023341850688060124
15000,H8-V,697,n03877472/ILSVRC2012_val_00012920_n03877472,4,3,0.0023185350000858307,0.07363741348187129,0.29317014416058856,0.012613977616031965,0.009682276286184788
15000,H8-V,697,n03877472/ILSVRC2012_val_00012920_n03877472,7,3,0.002195450011640787,0.06935946394999822,0.26999029517173767,0.011831299401819706,0.009131396189332008
15000,H8-V,697,n03877472/ILSVRC2012_val_00012920_n03877472,13,3,0.0020768217897663512,0.06584772715965907,0.2549114525318146,0.011210708878934383,0.008661594552298387
15000,H8-V,697,n03877472/ILSVRC2012_val_00012920_n03877472,19,3,0.002031496881196896,0.06495518237352371,0.2567216058572133,0.01109423115849495,0.00852701502541701
15000,H8-V,698,n03877845/ILSVRC2012_val_00003919_n03877845,1,3,0.015393110613028208,0.20185981690883636,0.574534018834432,0.041324434181054435,0.03557909280061722
15000,H8-V,698,n03877845/ILSVRC2012_val_00003919_n03877845,4,3,0.009233764062325159,0.12527722616990408,0.44632621606191,0.026224748541911442,0.021761486927668255
15000,H8-V,698,n03877845/ILSVRC2012_val_00003919_n03877845,7,3,0.00878669104228417,0.1188709835211436,0.42017051577568054,0.024875494341055553,0.020673789083957672
15000,H8-V,698,n03877845/ILSVRC2012_val_00003919_n03877845,13,3,0.008376978027323881,0.11208254595597585,0.3981715738773346,0.02356694887081782,0.01958523318171501
15000,H8-V,698,n03877845/ILSVRC2012_val_00003919_n03877845,19,3,0.00828766543418169,0.11033607522646587,0.3941737115383148,0.023263011127710342,0.019321273391445477
15000,H8-V,699,n03884397/ILSVRC2012_val_00044369_n03884397,1,3,0.007585704171409209,0.22241254647572836,0.8886529405911764,0.038713489969571434,0.02982695959508419
15000,H8-V,699,n03884397/ILSVRC2012_val_00044369_n03884397,4,3,0.004590834646175305,0.1476565400759379,0.7710117101669312,0.02706660640736421,0.019356489181518555
15000,H8-V,699,n03884397/ILSVRC2012_val_00044369_n03884397,7,3,0.004176462069153786,0.14000770449638367,0.7355238000551859,0.025532470395167668,0.01817723239461581
15000,H8-V,699,n03884397/ILSVRC2012_val_00044369_n03884397,13,3,0.003830286596591274,0.13173674046993256,0.7019480069478353,0.02402344097693761,0.01700396090745926
15000,H8-V,699,n03884397/ILSVRC2012_val_00044369_n03884397,19,3,0.0037414250740160546,0.12847803036371866,0.6923027237256368,0.023512254779537518,0.016589227442940075
15000,H8-V,700,n03887697/ILSVRC2012_val_00009790_n03887697,1,3,0.0034386899011830487,0.13932397961616516,0.28344176212946576,0.020205505192279816,0.017371087955931824
15000,H8-V,700,n03887697/ILSVRC2012_val_00009790_n03887697,4,3,0.0010919211975609262,0.053860568751891456,0.1853598654270172,0.008331577138354382,0.006477978390951951
15000,H8-V,700,n03887697/ILSVRC2012_val_00009790_n03887697,7,3,0.001025579442890982,0.04737834384044012,0.16317023833592734,0.00739511630187432,0.005763414005438487
15000,H8-V,700,n03887697/ILSVRC2012_val_00009790_n03887697,13,3,0.0009163815799790124,0.04218175386389097,0.14680673678716025,0.0066026244312524796,0.0051345570633808775
15000,H8-V,700,n03887697/ILSVRC2012_val_00009790_n03887697,19,3,0.0008615575303944448,0.03890898947914442,0.1454982211192449,0.00620743865147233,0.004752456520994504
15000,H8-V,701,n03888257/ILSVRC2012_val_00030583_n03888257,1,3,0.00899688433855772,0.11066688597202301,0.37022234002749127,0.023765796174605686,0.02006357287367185
15000,H8-V,701,n03888257/ILSVRC2012_val_00030583_n03888257,4,3,0.0040994576799372835,0.06983297814925511,0.2837294042110443,0.01392004918307066,0.011082755401730537
15000,H8-V,701,n03888257/ILSVRC2012_val_00030583_n03888257,7,3,0.0038859831790129342,0.06674294918775558,0.26028157273928326,0.013163094408810139,0.010560278470317522
15000,H8-V,701,n03888257/ILSVRC2012_val_00030583_n03888257,13,3,0.0036751757531116405,0.061485315362612404,0.243392214179039,0.012257629384597143,0.009823707242806753
15000,H8-V,701,n03888257/ILSVRC2012_val_00030583_n03888257,19,3,0.003597576403990388,0.05814500649770101,0.24243143697579703,0.011836391873657703,0.009412077255547047
15000,H8-V,702,n03888605/ILSVRC2012_val_00035987_n03888605,1,3,0.010298213611046473,0.19403367737929025,0.4528298278649648,0.03422987833619118,0.029701581224799156
15000,H8-V,702,n03888605/ILSVRC2012_val_00035987_n03888605,4,3,0.004454966634511948,0.09783573945363362,0.32567837834358215,0.017495324835181236,0.014238540704051653
15000,H8-V,702,n03888605/ILSVRC2012_val_00035987_n03888605,7,3,0.004040195296208064,0.08878298848867416,0.3025031586488088,0.01594352535903454,0.012918494020899137
15000,H8-V,702,n03888605/ILSVRC2012_val_00035987_n03888605,13,3,0.0038738705528279147,0.08671502768993378,0.2878522475560506,0.01542389610161384,0.012545373601218065
15000,H8-V,702,n03888605/ILSVRC2012_val_00035987_n03888605,19,3,0.0038573388010263443,0.08647823582092921,0.2887973487377167,0.015393136690060297,0.012505162817736467
15000,H8-V,703,n03891251/ILSVRC2012_val_00034458_n03891251,1,3,0.011685480984548727,0.21552971005439758,0.6255699594815572,0.039494151870409645,0.033238451927900314
15000,H8-V,703,n03891251/ILSVRC2012_val_00034458_n03891251,4,3,0.007868653163313866,0.15052451193332672,0.5122153957684835,0.02804325893521309,0.02292110522588094
15000,H8-V,703,n03891251/ILSVRC2012_val_00034458_n03891251,7,3,0.007430286146700382,0.14384908974170685,0.4845300018787384,0.026660495748122532,0.021815195679664612
15000,H8-V,703,n03891251/ILSVRC2012_val_00034458_n03891251,13,3,0.007074367254972458,0.13799924155076346,0.46102374792099,0.025484529013435047,0.02087429165840149
15000,H8-V,703,n03891251/ILSVRC2012_val_00034458_n03891251,19,3,0.006998944096267223,0.1362007906039556,0.4560767312844594,0.025179790953795116,0.020619023591279984
15000,H8-V,704,n03891332/ILSVRC2012_val_00021293_n03891332,1,3,0.011063738105197748,0.18562444051106772,0.43652193744977313,0.0339914026359717,0.029626183211803436
15000,H8-V,704,n03891332/ILSVRC2012_val_00021293_n03891332,4,3,0.004207917178670566,0.08016691853602727,0.31938950220743817,0.015418504054347673,0.012224609342714151
15000,H8-V,704,n03891332/ILSVRC2012_val_00021293_n03891332,7,3,0.00388766429387033,0.07635412116845448,0.29342127839724225,0.01445728912949562,0.011523076333105564
15000,H8-V,704,n03891332/ILSVRC2012_val_00021293_n03891332,13,3,0.003559721944232782,0.07232418904701869,0.2728690505027771,0.013520831552644571,0.01079214115937551
15000,H8-V,704,n03891332/ILSVRC2012_val_00021293_n03891332,19,3,0.003443977329879999,0.07080091784397761,0.2692084312438965,0.013216153718531132,0.010524069579939047
15000,H8-V,705,n03895866/ILSVRC2012_val_00014844_n03895866,1,3,0.013419439395268759,0.21026426057020822,0.5136862397193909,0.039582728097836174,0.03444586632152399
15000,H8-V,705,n03895866/ILSVRC2012_val_00014844_n03895866,4,3,0.006835798422495524,0.1342519869407018,0.3889877299467723,0.024150875086585682,0.020260997737447422
15000,H8-V,705,n03895866/ILSVRC2012_val_00014844_n03895866,7,3,0.006305016887684663,0.12455765157938004,0.3642116089661916,0.022402897477149963,0.01876078173518181
15000,H8-V,705,n03895866/ILSVRC2012_val_00014844_n03895866,13,3,0.005906513426452875,0.11730737487475078,0.34521644314130145,0.021089415376385052,0.01763725094497204
15000,H8-V,705,n03895866/ILSVRC2012_val_00014844_n03895866,19,3,0.005831380064288775,0.11406316111485164,0.34324559569358826,0.02067015195886294,0.017237696175773937
15000,H8-V,706,n03899768/ILSVRC2012_val_00043618_n03899768,1,3,0.012114197015762329,0.18953791757424673,0.7109402219454447,0.03817739089330038,0.031067988524834316
15000,H8-V,706,n03899768/ILSVRC2012_val_00043618_n03899768,4,3,0.008078748981157938,0.11851284901301067,0.5844856103261312,0.025774890556931496,0.019930034254988033
15000,H8-V,706,n03899768/ILSVRC2012_val_00043618_n03899768,7,3,0.007615003890047471,0.1124260202050209,0.5550264120101929,0.024407869825760525,0.01885760637621085
15000,H8-V,706,n03899768/ILSVRC2012_val_00043618_n03899768,13,3,0.007123347682257493,0.10383426894744237,0.528254767258962,0.02278932308157285,0.017506775135795277
15000,H8-V,706,n03899768/ILSVRC2012_val_00043618_n03899768,19,3,0.0068843925061325235,0.09853905191024144,0.5203490853309631,0.021941788494586945,0.016738298038641613
15000,H8-V,707,n03902125/ILSVRC2012_val_00021347_n03902125,1,3,0.0071206777356565,0.1757456511259079,0.4275585512320201,0.028970830142498016,0.024695243686437607
15000,H8-V,707,n03902125/ILSVRC2012_val_00021347_n03902125,4,3,0.0034275128661344447,0.08876809726158778,0.31959855556488037,0.015500308014452457,0.012304322483638922
15000,H8-V,707,n03902125/ILSVRC2012_val_00021347_n03902125,7,3,0.0032255126473804316,0.08481871336698532,0.29667816559473675,0.014674165907005468,0.011707384449740251
15000,H8-V,707,n03902125/ILSVRC2012_val_00021347_n03902125,13,3,0.0030491491003582873,0.0820195550719897,0.2800623377164205,0.014051727640132109,0.011251104685167471
15000,H8-V,707,n03902125/ILSVRC2012_val_00021347_n03902125,19,3,0.0029888570619126162,0.08129563927650452,0.2792891462643941,0.013911312445998192,0.011118421020607153
15000,H8-V,708,n03903868/ILSVRC2012_val_00015543_n03903868,1,3,0.013846339347461859,0.2274640053510666,0.6848818858464559,0.04344156011939049,0.036592740565538406
15000,H8-V,708,n03903868/ILSVRC2012_val_00015543_n03903868,4,3,0.009016637379924456,0.1328506718079249,0.5464730858802795,0.027766435717542965,0.022301704933245976
15000,H8-V,708,n03903868/ILSVRC2012_val_00015543_n03903868,7,3,0.008549331376949946,0.12614953517913818,0.5186129609743754,0.026350414380431175,0.021164285019040108
15000,H8-V,708,n03903868/ILSVRC2012_val_00015543_n03903868,13,3,0.008092943268517653,0.1189580038189888,0.4930318792661031,0.024919063473741215,0.01998874420921008
15000,H8-V,708,n03903868/ILSVRC2012_val_00015543_n03903868,19,3,0.00796014287819465,0.1175206849972407,0.48575517535209656,0.024569763491551082,0.019712211564183235
15000,H8-V,709,n03908618/ILSVRC2012_val_00004296_n03908618,1,3,0.010455788734058538,0.21640306214491525,0.6162507732709249,0.038258604084451996,0.03209609600404898
15000,H8-V,709,n03908618/ILSVRC2012_val_00004296_n03908618,4,3,0.005558748729526997,0.10367589195569356,0.45934704939524335,0.020519808555642765,0.015926338421801727
15000,H8-V,709,n03908618/ILSVRC2012_val_00004296_n03908618,7,3,0.005035666283220053,0.09740133583545685,0.4347613950570424,0.019123413910468418,0.014775799897809824
15000,H8-V,709,n03908618/ILSVRC2012_val_00004296_n03908618,13,3,0.004755902880181869,0.09173986812432607,0.41413864493370056,0.01807127644618352,0.013929889847834906
15000,H8-V,709,n03908618/ILSVRC2012_val_00004296_n03908618,19,3,0.004686013640214999,0.08967801680167516,0.4094594319661458,0.017748409882187843,0.013653815723955631
15000,H8-V,710,n03908714/ILSVRC2012_val_00008499_n03908714,1,3,0.007485043567915757,0.1441869909564654,0.4898903965950012,0.026802646617094677,0.021903742104768753
15000,H8-V,710,n03908714/ILSVRC2012_val_00008499_n03908714,4,3,0.0038778685654203096,0.08331434677044551,0.39112167557080585,0.01612051979949077,0.012209303056200346
15000,H8-V,710,n03908714/ILSVRC2012_val_00008499_n03908714,7,3,0.003528344832981626,0.07647703339656194,0.3641107380390167,0.014817155587176481,0.011176048467556635
15000,H8-V,710,n03908714/ILSVRC2012_val_00008499_n03908714,13,3,0.0032494728608677783,0.06934503465890884,0.3415754536787669,0.013599731028079987,0.010183976652721563
15000,H8-V,710,n03908714/ILSVRC2012_val_00008499_n03908714,19,3,0.0031965906576563916,0.06669360895951588,0.3368362883726756,0.013234314508736134,0.009865952034791311
15000,H8-V,711,n03916031/ILSVRC2012_val_00021942_n03916031,1,3,0.022667741402983665,0.25024108091990155,1.0237696170806885,0.057929545640945435,0.04769184937079748
15000,H8-V,711,n03916031/ILSVRC2012_val_00021942_n03916031,4,3,0.007361115422099829,0.12132334957520167,0.8180797497431437,0.027674247821172077,0.019493450100223225
15000,H8-V,711,n03916031/ILSVRC2012_val_00021942_n03916031,7,3,0.006675219628959894,0.11367709438006084,0.779192586739858,0.025834855313102405,0.018042928849657375
15000,H8-V,711,n03916031/ILSVRC2012_val_00021942_n03916031,13,3,0.006066587908814351,0.10626921057701111,0.740581214427948,0.024099320794145267,0.016693508873383205
15000,H8-V,711,n03916031/ILSVRC2012_val_00021942_n03916031,19,3,0.005934667773544788,0.10510252912839253,0.7282411058743795,0.023727331931392353,0.016444920872648556
15000,H8-V,712,n03920288/ILSVRC2012_val_00015939_n03920288,1,3,0.006213660662372907,0.1356263260046641,0.29405592878659564,0.02271685190498829,0.019776292766133945
15000,H8-V,712,n03920288/ILSVRC2012_val_00015939_n03920288,4,3,0.0041210393731792765,0.07002873470385869,0.20876193543275198,0.013211531875034174,0.011123912719388803
15000,H8-V,712,n03920288/ILSVRC2012_val_00015939_n03920288,7,3,0.003990589641034603,0.06635612497727077,0.1865066190560659,0.012491268416245779,0.010626202449202538
15000,H8-V,712,n03920288/ILSVRC2012_val_00015939_n03920288,13,3,0.0038755130177984634,0.06396048764387767,0.17184211313724518,0.011989982488254705,0.010271561642487844
15000,H8-V,712,n03920288/ILSVRC2012_val_00015939_n03920288,19,3,0.0038738050498068333,0.06387986739476521,0.1735220899184545,0.01199701273192962,0.01026179175823927
15000,H8-V,713,n03924679/ILSVRC2012_val_00033129_n03924679,1,3,0.010560814291238785,0.1340645750363668,0.5136659542719523,0.02910393166045348,0.02396727167069912
15000,H8-V,713,n03924679/ILSVRC2012_val_00033129_n03924679,4,3,0.005217162426561117,0.0804683988293012,0.41124410430590314,0.01737644337117672,0.01326400258888801
15000,H8-V,713,n03924679/ILSVRC2012_val_00033129_n03924679,7,3,0.004879378092785676,0.07690638800462087,0.3852553168932597,0.01642257037262122,0.012570017017424107
15000,H8-V,713,n03924679/ILSVRC2012_val_00033129_n03924679,13,3,0.004535625067849954,0.07139545927445094,0.3651202619075775,0.015326373589535555,0.011675171243647734
15000,H8-V,713,n03924679/ILSVRC2012_val_00033129_n03924679,19,3,0.00445345106224219,0.06922248502572377,0.36274393399556476,0.015003138532241186,0.011375699502726397
15000,H8-V,714,n03929660/ILSVRC2012_val_00006496_n03929660,1,3,0.002660357238103946,0.0708819031715393,0.2742953797181447,0.012491501246889433,0.009748547648390135
15000,H8-V,714,n03929660/ILSVRC2012_val_00006496_n03929660,4,3,0.0006576779414899647,0.03511223072806994,0.18687250216801962,0.006037625949829817,0.0041689009716113406
15000,H8-V,714,n03929660/ILSVRC2012_val_00006496_n03929660,7,3,0.0006370034146433076,0.034282910327116646,0.16412040094534555,0.005706498554597299,0.00406529459481438
15000,H8-V,714,n03929660/ILSVRC2012_val_00006496_n03929660,13,3,0.0005872424808330834,0.03331558033823967,0.14847037196159363,0.005403504241257906,0.003918800425405304
15000,H8-V,714,n03929660/ILSVRC2012_val_00006496_n03929660,19,3,0.0005426930535274247,0.03255076209704081,0.1485464870929718,0.005283234175294638,0.0037977693136781454
15000,H8-V,715,n03929855/ILSVRC2012_val_00038444_n03929855,1,3,0.010958150029182434,0.18349446853001913,0.7181744972864786,0.03648934264977773,0.029307598248124123
15000,H8-V,715,n03929855/ILSVRC2012_val_00038444_n03929855,4,3,0.007445678735772769,0.1320125013589859,0.6016134023666382,0.026663062473138172,0.020646929120024044
15000,H8-V,715,n03929855/ILSVRC2012_val_00038444_n03929855,7,3,0.006842072121798992,0.1259248231848081,0.5703931053479513,0.025138486176729202,0.01943455512324969
15000,H8-V,715,n03929855/ILSVRC2012_val_00038444_n03929855,13,3,0.0062709020761152106,0.11784486224253972,0.5420418580373129,0.023475807160139084,0.0180553887039423
15000,H8-V,715,n03929855/ILSVRC2012_val_00038444_n03929855,19,3,0.006132861909766992,0.11577244351307552,0.5344075957934061,0.023054182529449463,0.017710107068220775
15000,H8-V,716,n03930313/ILSVRC2012_val_00004610_n03930313,1,3,0.005332702615608771,0.20807688931624094,0.38788995146751404,0.03001929074525833,0.02614039182662964
15000,H8-V,716,n03930313/ILSVRC2012_val_00004610_n03930313,4,3,0.003803046808267633,0.12875779966513315,0.2937508821487427,0.01961633563041687,0.01667882688343525
15000,H8-V,716,n03930313/ILSVRC2012_val_00004610_n03930313,7,3,0.0036594463357081017,0.1266237994035085,0.27146487434705097,0.01903647556900978,0.016321826726198196
15000,H8-V,716,n03930313/ILSVRC2012_val_00004610_n03930313,13,3,0.0035188745241612196,0.12209646900494893,0.257355938355128,0.018302080531915028,0.01572852147122224
15000,H8-V,716,n03930313/ILSVRC2012_val_00004610_n03930313,19,3,0.003484015275413791,0.11858141670624416,0.2601896623770396,0.017944053436319034,0.01534215702364842
15000,H8-V,717,n03930630/ILSVRC2012_val_00032894_n03930630,1,3,0.01959093039234479,0.1804256389538447,0.860514501730601,0.04623863846063614,0.037633493542671204
15000,H8-V,717,n03930630/ILSVRC2012_val_00032894_n03930630,4,3,0.01384105688581864,0.12519549330075583,0.7312265833218893,0.03367287168900172,0.026360606774687767
15000,H8-V,717,n03930630/ILSVRC2012_val_00032894_n03930630,7,3,0.012979219667613506,0.11897980173428853,0.6973502238591512,0.03185070181886355,0.02487719990313053
15000,H8-V,717,n03930630/ILSVRC2012_val_00032894_n03930630,13,3,0.012149534188210964,0.11356907586256663,0.6650815606117249,0.030157257492343586,0.023506442084908485
15000,H8-V,717,n03930630/ILSVRC2012_val_00032894_n03930630,19,3,0.011901679138342539,0.11255131661891937,0.6551681558291117,0.029708492880066235,0.023156811172763508
15000,H8-V,718,n03933933/ILSVRC2012_val_00004802_n03933933,1,3,0.009217858624955019,0.16239100197950998,0.3306102951367696,0.028763062010208767,0.025456958760817845
15000,H8-V,718,n03933933/ILSVRC2012_val_00004802_n03933933,4,3,0.004790922626852989,0.08262443790833156,0.21799943844477335,0.015233361162245274,0.013053366603950659
15000,H8-V,718,n03933933/ILSVRC2012_val_00004802_n03933933,7,3,0.004561158828437328,0.08047015468279521,0.1950980325539907,0.014559155019621054,0.012608174545069536
15000,H8-V,718,n03933933/ILSVRC2012_val_00004802_n03933933,13,3,0.00431863156457742,0.07796894510587056,0.17874785761038461,0.013903005048632622,0.012115526323517164
15000,H8-V,718,n03933933/ILSVRC2012_val_00004802_n03933933,19,3,0.004240122623741627,0.07829560091098149,0.17775333424409231,0.01384721603244543,0.012069682901104292
15000,H8-V,719,n03935335/ILSVRC2012_val_00041964_n03935335,1,3,0.00807588795820872,0.1395482843120893,0.33997629086176556,0.025430480018258095,0.022030717072387535
15000,H8-V,719,n03935335/ILSVRC2012_val_00041964_n03935335,4,3,0.003091035410761833,0.05676582331458727,0.23706222573916116,0.011138240185876688,0.008767617866396904
15000,H8-V,719,n03935335/ILSVRC2012_val_00041964_n03935335,7,3,0.0028996344190090895,0.05368306611975034,0.21401992936929068,0.01040814071893692,0.008267941263814768
15000,H8-V,719,n03935335/ILSVRC2012_val_00041964_n03935335,13,3,0.002639166700343291,0.050625151644150414,0.19781243801116943,0.009679806418716908,0.007701682082066934
15000,H8-V,719,n03935335/ILSVRC2012_val_00041964_n03935335,19,3,0.0024814962719877562,0.04942252238591512,0.1975710093975067,0.009399458455542723,0.0074237485726674395
15000,H8-V,720,n03937543/ILSVRC2012_val_00024585_n03937543,1,3,0.009854131067792574,0.21428653597831726,0.7279772758483887,0.038562558591365814,0.03128278503815333
15000,H8-V,720,n03937543/ILSVRC2012_val_00024585_n03937543,4,3,0.0062248483300209045,0.15319962799549103,0.6366521318753561,0.027911332125465076,0.021544811005393665
15000,H8-V,720,n03937543/ILSVRC2012_val_00024585_n03937543,7,3,0.005795382894575596,0.14575804273287454,0.6072259545326233,0.026443446675936382,0.02037118747830391
15000,H8-V,720,n03937543/ILSVRC2012_val_00024585_n03937543,13,3,0.005411716954161723,0.1379131625096003,0.5806200901667277,0.0250092347462972,0.01920303391913573
15000,H8-V,720,n03937543/ILSVRC2012_val_00024585_n03937543,19,3,0.005302473592261474,0.1338931272427241,0.573284904162089,0.024424636115630467,0.018691786875327427
15000,H8-V,721,n03938244/ILSVRC2012_val_00046170_n03938244,1,3,0.018421111938854057,0.25687554478645325,0.8511677384376526,0.052620342622200646,0.044108666479587555
15000,H8-V,721,n03938244/ILSVRC2012_val_00046170_n03938244,4,3,0.01067422702908516,0.18510126570860544,0.7121388912200928,0.036305742959181465,0.02918435384829839
15000,H8-V,721,n03938244/ILSVRC2012_val_00046170_n03938244,7,3,0.010151182301342487,0.17801054815451303,0.6818700631459554,0.03477093701561292,0.02795223705470562
15000,H8-V,721,n03938244/ILSVRC2012_val_00046170_n03938244,13,3,0.00963845755904913,0.17080476383368173,0.6530314882596334,0.03324924906094869,0.02671893375615279
15000,H8-V,721,n03938244/ILSVRC2012_val_00046170_n03938244,19,3,0.009486164276798567,0.1674472987651825,0.6443806489308676,0.03267470126350721,0.02623089465002219
15000,H8-V,722,n03942813/ILSVRC2012_val_00033381_n03942813,1,3,0.013523266029854616,0.2121004064877828,0.6949216723442078,0.04168252522746722,0.03473330785830816
15000,H8-V,722,n03942813/ILSVRC2012_val_00033381_n03942813,4,3,0.007334636679540078,0.10561279952526093,0.5497662226359049,0.02339357944826285,0.01789591709772746
15000,H8-V,722,n03942813/ILSVRC2012_val_00033381_n03942813,7,3,0.0068520706457396345,0.10107230146725972,0.5194077491760254,0.022153378153840702,0.016959300885597866
15000,H8-V,722,n03942813/ILSVRC2012_val_00033381_n03942813,13,3,0.006419230252504349,0.09556533892949422,0.49188299973805744,0.020894594490528107,0.015975764642159145
15000,H8-V,722,n03942813/ILSVRC2012_val_00033381_n03942813,19,3,0.006293889135122299,0.0930737778544426,0.48402443528175354,0.020441511025031407,0.015601267106831074
15000,H8-V,723,n03944341/ILSVRC2012_val_00028125_n03944341,1,3,0.04332212110360464,0.32821101943651837,1.8570966720581055,0.09471418708562851,0.07614322006702423
15000,H8-V,723,n03944341/ILSVRC2012_val_00028125_n03944341,4,3,0.024214862535397213,0.18214627603689829,1.5968034664789836,0.05839752405881882,0.042429489394028984
15000,H8-V,723,n03944341/ILSVRC2012_val_00028125_n03944341,7,3,0.02283163679142793,0.1728212684392929,1.552096684773763,0.055634730805953346,0.04011376326282819
15000,H8-V,723,n03944341/ILSVRC2012_val_00028125_n03944341,13,3,0.02161495015025139,0.16264455517133078,1.505096197128296,0.05293036624789238,0.037879406164089836
15000,H8-V,723,n03944341/ILSVRC2012_val_00028125_n03944341,19,3,0.02126806912322839,0.15912396212418875,1.4873149394989014,0.052053616692622505,0.03718046719829241
15000,H8-V,724,n03947888/ILSVRC2012_val_00032776_n03947888,1,3,0.006145558785647154,0.10037341713905334,0.27625930309295654,0.018945493424932163,0.016182900716861088
15000,H8-V,724,n03947888/ILSVRC2012_val_00032776_n03947888,4,3,0.0027226789388805628,0.05167658751209577,0.1828250288963318,0.00971858793248733,0.007890337612479925
15000,H8-V,724,n03947888/ILSVRC2012_val_00032776_n03947888,7,3,0.0026122677760819593,0.049146078526973724,0.16060522198677063,0.009132927594085535,0.007526875628779332
15000,H8-V,724,n03947888/ILSVRC2012_val_00032776_n03947888,13,3,0.0025225932088991008,0.04681642726063728,0.14531881113847098,0.00865742408980926,0.007204235997051001
15000,H8-V,724,n03947888/ILSVRC2012_val_00032776_n03947888,19,3,0.0024659803602844477,0.045034476866324745,0.14508894085884094,0.00842031774421533,0.006969428155571222
15000,H8-V,725,n03950228/ILSVRC2012_val_00018614_n03950228,1,3,0.01540998617808024,0.20929413040479025,0.9589568376541138,0.045928966253995895,0.03633939909438292
15000,H8-V,725,n03950228/ILSVRC2012_val_00018614_n03950228,4,3,0.0085686972985665,0.12772017469008765,0.8147211869557699,0.0294879258920749,0.021340714767575264
15000,H8-V,725,n03950228/ILSVRC2012_val_00018614_n03950228,7,3,0.008131753342847029,0.12248626599709193,0.7827467123667399,0.028207846606771152,0.02038038025299708
15000,H8-V,725,n03950228/ILSVRC2012_val_00018614_n03950228,13,3,0.007721940365930398,0.1177512879172961,0.7523200710614523,0.027020270004868507,0.01949706921974818
15000,H8-V,725,n03950228/ILSVRC2012_val_00018614_n03950228,19,3,0.00762541126459837,0.11637750267982483,0.7433412869771322,0.026696573942899704,0.019263161967198055
15000,H8-V,726,n03954731/ILSVRC2012_val_00004803_n03954731,1,3,0.014557448215782642,0.22852890690167746,0.7456232706705729,0.04486657058199247,0.037410338719685875
15000,H8-V,726,n03954731/ILSVRC2012_val_00004803_n03954731,4,3,0.010061039589345455,0.15605162580808005,0.6088138818740845,0.03175434283912182,0.025666202728947003
15000,H8-V,726,n03954731/ILSVRC2012_val_00004803_n03954731,7,3,0.009552260860800743,0.1508642832438151,0.5804799795150757,0.030443488930662472,0.024638688812653225
15000,H8-V,726,n03954731/ILSVRC2012_val_00004803_n03954731,13,3,0.009017816123863062,0.14495106041431427,0.554583728313446,0.029058759411176045,0.02351292222738266
15000,H8-V,726,n03954731/ILSVRC2012_val_00004803_n03954731,19,3,0.00884457336117824,0.14325362940629324,0.5473848779996237,0.028643784423669178,0.023169935991366703
15000,H8-V,727,n03956157/ILSVRC2012_val_00008607_n03956157,1,3,0.04956168681383133,0.2608111749092738,0.5791797439257304,0.08143460253874461,0.07564280430475871
15000,H8-V,727,n03956157/ILSVRC2012_val_00008607_n03956157,4,3,0.037519178042809166,0.1252160742878914,0.4233049352963765,0.05427383507291476,0.05004078522324562
15000,H8-V,727,n03956157/ILSVRC2012_val_00008607_n03956157,7,3,0.03665133068958918,0.12364744891722997,0.4008227785428365,0.05302430192629496,0.049016074587901436
15000,H8-V,727,n03956157/ILSVRC2012_val_00008607_n03956157,13,3,0.036175232380628586,0.12168943385283153,0.3850274284680684,0.052194452534119286,0.048344177504380546
15000,H8-V,727,n03956157/ILSVRC2012_val_00008607_n03956157,19,3,0.03639699642856916,0.12056287129720052,0.38556772470474243,0.05230896174907684,0.0484532838066419
15000,H8-V,728,n03958227/ILSVRC2012_val_00048624_n03958227,1,3,0.009096140041947365,0.21980078021685281,0.7693043947219849,0.038769260669747986,0.03107621769110362
15000,H8-V,728,n03958227/ILSVRC2012_val_00048624_n03958227,4,3,0.005109893158078194,0.12259955704212189,0.6297343770662943,0.023667193328340847,0.017369848986466725
15000,H8-V,728,n03958227/ILSVRC2012_val_00048624_n03958227,7,3,0.004628083202987909,0.11188848565022151,0.5994781653086344,0.021811713154117267,0.015816931923230488
15000,H8-V,728,n03958227/ILSVRC2012_val_00048624_n03958227,13,3,0.0042856670916080475,0.10268567999204,0.5727926095326742,0.020282161732514698,0.014554235152900219
15000,H8-V,728,n03958227/ILSVRC2012_val_00048624_n03958227,19,3,0.00420130571971337,0.09930553535620372,0.5655600825945536,0.019787460565567017,0.014131859255333742
15000,H8-V,729,n03961711/ILSVRC2012_val_00006124_n03961711,1,3,0.010824371129274368,0.22879058122634888,1.0951159397761028,0.04465458790461222,0.03370342900355657
15000,H8-V,729,n03961711/ILSVRC2012_val_00006124_n03961711,4,3,0.006950897475083669,0.16918741663297018,0.9560461044311523,0.03343010072906812,0.023869639883438747
15000,H8-V,729,n03961711/ILSVRC2012_val_00006124_n03961711,7,3,0.00639332535987099,0.1616761932770411,0.9205145637194315,0.03176609178384145,0.022560945401589077
15000,H8-V,729,n03961711/ILSVRC2012_val_00006124_n03961711,13,3,0.005932148701200883,0.15248853961626688,0.8859225511550903,0.030040228739380836,0.021181002880136173
15000,H8-V,729,n03961711/ILSVRC2012_val_00006124_n03961711,19,3,0.005846950691193342,0.1493509660164515,0.8750858306884766,0.02953290504713853,0.020782047261794407
15000,H8-V,730,n03967562/ILSVRC2012_val_00030925_n03967562,1,3,0.009369447516898314,0.14411876102288565,0.4734501341978709,0.028515825668970745,0.023781323805451393
15000,H8-V,730,n03967562/ILSVRC2012_val_00030925_n03967562,4,3,0.007031145816047986,0.1053305317958196,0.3763096531232198,0.021327295651038487,0.017564199243982632
15000,H8-V,730,n03967562/ILSVRC2012_val_00030925_n03967562,7,3,0.006755020624647538,0.10174184789260228,0.35142192244529724,0.020443425203363102,0.01692920612792174
15000,H8-V,730,n03967562/ILSVRC2012_val_00030925_n03967562,13,3,0.00652964257945617,0.09663775314887364,0.3318794270356496,0.019512213145693142,0.01619341845313708
15000,H8-V,730,n03967562/ILSVRC2012_val_00030925_n03967562,19,3,0.00646343578894933,0.0934934268395106,0.3294241527716319,0.019107020770510037,0.01581277884542942
15000,H8-V,731,n03970156/ILSVRC2012_val_00048797_n03970156,1,3,0.006219237577170134,0.1620654116074244,0.48901407917340595,0.02731592021882534,0.022425779451926548
15000,H8-V,731,n03970156/ILSVRC2012_val_00048797_n03970156,4,3,0.0037957526898632445,0.08757438013950984,0.3958560029665629,0.01651175133883953,0.012553191122909388
15000,H8-V,731,n03970156/ILSVRC2012_val_00048797_n03970156,7,3,0.003491785532484452,0.0807506690422694,0.370199720064799,0.015268850140273571,0.011566852840284506
15000,H8-V,731,n03970156/ILSVRC2012_val_00048797_n03970156,13,3,0.0031955718683699765,0.07432076583305995,0.34973381956418353,0.014124986405173937,0.010627648482720057
15000,H8-V,731,n03970156/ILSVRC2012_val_00048797_n03970156,19,3,0.003096421559651693,0.07226679225762685,0.3463568886121114,0.013786670130987963,0.010323101344207922
15000,H8-V,732,n03976467/ILSVRC2012_val_00047323_n03976467,1,3,0.016240565727154415,0.16871780157089233,0.500389407078425,0.038116240253051124,0.033112345884243645
15000,H8-V,732,n03976467/ILSVRC2012_val_00047323_n03976467,4,3,0.009208715831240019,0.08097632974386215,0.3849179645379384,0.021155528724193573,0.017306349550684292
15000,H8-V,732,n03976467/ILSVRC2012_val_00047323_n03976467,7,3,0.008559025824069977,0.07814159492651622,0.3590543468793233,0.019963728884855907,0.01637318606177966
15000,H8-V,732,n03976467/ILSVRC2012_val_00047323_n03976467,13,3,0.00792683040102323,0.07610309620698293,0.33965936303138733,0.018933733304341633,0.01553713995963335
15000,H8-V,732,n03976467/ILSVRC2012_val_00047323_n03976467,19,3,0.007779591406385104,0.07639587422211964,0.33747684955596924,0.018793947373827297,0.015419178952773413
15000,H8-V,733,n03976657/ILSVRC2012_val_00038951_n03976657,1,3,0.009803968792160353,0.180914377172788,0.38275014360745746,0.03172290821870168,0.02789540650943915
15000,H8-V,733,n03976657/ILSVRC2012_val_00038951_n03976657,4,3,0.004581085251023372,0.08900768061478932,0.2757694522539775,0.016239548102021217,0.013481853529810905
15000,H8-V,733,n03976657/ILSVRC2012_val_00038951_n03976657,7,3,0.004339724623908599,0.08337433636188507,0.25268904368082684,0.015204048715531826,0.01267715822905302
15000,H8-V,733,n03976657/ILSVRC2012_val_00038951_n03976657,13,3,0.004142287187278271,0.07863464951515198,0.23600824177265167,0.014365834804872671,0.012005752262969812
15000,H8-V,733,n03976657/ILSVRC2012_val_00038951_n03976657,19,3,0.004077375866472721,0.07644358277320862,0.23554456730683646,0.014077179754773775,0.011721733957529068
15000,H8-V,734,n03977966/ILSVRC2012_val_00010650_n03977966,1,3,0.017449676369627316,0.22949157655239105,0.928366998831431,0.04968250418702761,0.040398833652337394
15000,H8-V,734,n03977966/ILSVRC2012_val_00010650_n03977966,4,3,0.009496664007504782,0.13035106162230173,0.774570643901825,0.030277477577328682,0.022531770790616672
15000,H8-V,734,n03977966/ILSVRC2012_val_00010650_n03977966,7,3,0.008852080752452215,0.12086179107427597,0.7410226464271545,0.02834848624964555,0.02093825985987981
15000,H8-V,734,n03977966/ILSVRC2012_val_00010650_n03977966,13,3,0.008274926183124384,0.11067815373341243,0.7087569038073221,0.02643031192322572,0.01934274286031723
15000,H8-V,734,n03977966/ILSVRC2012_val_00010650_n03977966,19,3,0.008138886963327726,0.10691424955924352,0.6988722681999207,0.025819034005204838,0.018830311795075733
15000,H8-V,735,n03980874/ILSVRC2012_val_00011490_n03980874,1,3,0.00611580116674304,0.1494211902221044,0.5077272454897562,0.026135193184018135,0.021057920530438423
15000,H8-V,735,n03980874/ILSVRC2012_val_00011490_n03980874,4,3,0.004061069339513779,0.09750107675790787,0.413222869237264,0.017943405856688816,0.013811177263657251
15000,H8-V,735,n03980874/ILSVRC2012_val_00011490_n03980874,7,3,0.00372830747316281,0.09337592869997025,0.38817476232846576,0.01694764755666256,0.013065900343159834
15000,H8-V,735,n03980874/ILSVRC2012_val_00011490_n03980874,13,3,0.0034604751660178104,0.09013605862855911,0.3701840837796529,0.016175922006368637,0.012474081479012966
15000,H8-V,735,n03980874/ILSVRC2012_val_00011490_n03980874,19,3,0.003395457131167253,0.08970905840396881,0.3692539532979329,0.016058902566631634,0.01236636315782865
15000,H8-V,736,n03982430/ILSVRC2012_val_00002385_n03982430,1,3,0.016091560944914818,0.24190217753251395,0.8946361144383749,0.04922813922166824,0.04028177882234255
15000,H8-V,736,n03982430/ILSVRC2012_val_00002385_n03982430,4,3,0.009069698241849741,0.1371209075053533,0.7419621149698893,0.030201410874724388,0.022781789302825928
15000,H8-V,736,n03982430/ILSVRC2012_val_00002385_n03982430,7,3,0.008547731675207615,0.12989130119482675,0.7063647309939066,0.028600509588917095,0.02153686185677846
15000,H8-V,736,n03982430/ILSVRC2012_val_00002385_n03982430,13,3,0.008117922892173132,0.1235588068763415,0.6730295817057291,0.027204098800818127,0.02047380308310191
15000,H8-V,736,n03982430/ILSVRC2012_val_00002385_n03982430,19,3,0.008022105321288109,0.12210295101006825,0.6635196010271708,0.026867596432566643,0.020232401167352993
15000,H8-V,737,n03983396/ILSVRC2012_val_00039229_n03983396,1,3,0.014607349255432686,0.2027949864665667,0.6397539178530375,0.04128438731034597,0.03488684818148613
15000,H8-V,737,n03983396/ILSVRC2012_val_00039229_n03983396,4,3,0.0048305004214247065,0.0908838262160619,0.48195338249206543,0.018738416954874992,0.013918883167207241
15000,H8-V,737,n03983396/ILSVRC2012_val_00039229_n03983396,7,3,0.0045055012839535875,0.08658491323391597,0.4531349341074626,0.01769534188012282,0.013163992824653784
15000,H8-V,737,n03983396/ILSVRC2012_val_00039229_n03983396,13,3,0.004188581990698974,0.08148242036501567,0.42682263255119324,0.016605049992601078,0.012336824089288712
15000,H8-V,737,n03983396/ILSVRC2012_val_00039229_n03983396,19,3,0.004101604999353488,0.0791248728831609,0.41987402240435284,0.016212832803527515,0.012014092567066351
15000,H8-V,738,n03991062/ILSVRC2012_val_00024174_n03991062,1,3,0.023741809651255608,0.26573243737220764,1.1950112581253052,0.06226516763369242,0.050315054754416146
15000,H8-V,738,n03991062/ILSVRC2012_val_00024174_n03991062,4,3,0.016721269736687343,0.1854750712712606,1.0259247223536174,0.0455280231932799,0.03526877611875534
15000,H8-V,738,n03991062/ILSVRC2012_val_00024174_n03991062,7,3,0.015721450559794903,0.17556005716323853,0.9871039986610413,0.04314849649866422,0.03327745571732521
15000,H8-V,738,n03991062/ILSVRC2012_val_00024174_n03991062,13,3,0.014811900754769644,0.16694452365239462,0.949550986289978,0.04100186253587405,0.03150635336836179
15000,H8-V,738,n03991062/ILSVRC2012_val_00024174_n03991062,19,3,0.014620020985603333,0.16552193959554037,0.9374872048695883,0.04054708654681841,0.031172214696804684
15000,H8-V,739,n03992509/ILSVRC2012_val_00005420_n03992509,1,3,0.010951038139561812,0.19568351904551187,0.8324251174926758,0.0388436404367288,0.0305193904787302
15000,H8-V,739,n03992509/ILSVRC2012_val_00005420_n03992509,4,3,0.0062972865998744965,0.14419436951478323,0.7041112581888834,0.027757835884888966,0.020716723675529163
15000,H8-V,739,n03992509/ILSVRC2012_val_00005420_n03992509,7,3,0.005708065660049518,0.13560850918293,0.6695058544476827,0.025963975116610527,0.01926891691982746
15000,H8-V,739,n03992509/ILSVRC2012_val_00005420_n03992509,13,3,0.005246780347079039,0.1281199355920156,0.636868417263031,0.024427459264794987,0.0180587749928236
15000,H8-V,739,n03992509/ILSVRC2012_val_00005420_n03992509,19,3,0.00511483708396554,0.1261418809493383,0.6266271471977234,0.02399529702961445,0.017729025334119797
15000,H8-V,740,n03995372/ILSVRC2012_val_00026148_n03995372,1,3,0.020331642280022304,0.287904550631841,0.9990686376889547,0.05911278476317724,0.04912209634979566
15000,H8-V,740,n03995372/ILSVRC2012_val_00026148_n03995372,4,3,0.013487061485648155,0.1868957777818044,0.8464450438817342,0.04064108928044637,0.03217663988471031
15000,H8-V,740,n03995372/ILSVRC2012_val_00026148_n03995372,7,3,0.012827469656864801,0.17847316960493723,0.8130808075269064,0.038805594046910606,0.030674786617358524
15000,H8-V,740,n03995372/ILSVRC2012_val_00026148_n03995372,13,3,0.01221178068468968,0.17140308519204459,0.7806435426076254,0.03715852399667104,0.029352088769276936
15000,H8-V,740,n03995372/ILSVRC2012_val_00026148_n03995372,19,3,0.012030043949683508,0.16906091074148813,0.7704499165217081,0.03664063289761543,0.02893613527218501
15000,H8-V,741,n03998194/ILSVRC2012_val_00049687_n03998194,1,3,0.005637806995461385,0.14468353490034738,0.4400667150815328,0.024506828437248867,0.020106161013245583
15000,H8-V,741,n03998194/ILSVRC2012_val_00049687_n03998194,4,3,0.002272020404537519,0.07726255059242249,0.3299761811892192,0.013298037461936474,0.009998275898396969
15000,H8-V,741,n03998194/ILSVRC2012_val_00049687_n03998194,7,3,0.0021108875516802073,0.07217152168353398,0.3051849404970805,0.012379889376461506,0.009328039983908335
15000,H8-V,741,n03998194/ILSVRC2012_val_00049687_n03998194,13,3,0.0019655002979561687,0.06902383019526799,0.2872706353664398,0.011740589514374733,0.00886788343389829
15000,H8-V,741,n03998194/ILSVRC2012_val_00049687_n03998194,19,3,0.0019328533671796322,0.06879986077547073,0.28650949398676556,0.011677934477726618,0.008812839475770792
15000,H8-V,742,n04004767/ILSVRC2012_val_00021479_n04004767,1,3,0.007258306102206309,0.23287744323412576,0.6396342118581136,0.03694239320854346,0.030546051139632862
15000,H8-V,742,n04004767/ILSVRC2012_val_00021479_n04004767,4,3,0.0030229338444769382,0.12978572150071463,0.4998019337654114,0.020999525984128315,0.016001506398121517
15000,H8-V,742,n04004767/ILSVRC2012_val_00021479_n04004767,7,3,0.0027861775209506354,0.12221330404281616,0.47404545545578003,0.019747962554295857,0.015007508297761282
15000,H8-V,742,n04004767/ILSVRC2012_val_00021479_n04004767,13,3,0.0025580176152288914,0.10621388504902522,0.45252617200215656,0.017704667523503304,0.01317940621326367
15000,H8-V,742,n04004767/ILSVRC2012_val_00021479_n04004767,19,3,0.0024741433250407376,0.09923298408587773,0.4481065769990285,0.016878507410486538,0.012397442013025284
15000,H8-V,743,n04005630/ILSVRC2012_val_00042069_n04005630,1,3,0.013632001976172129,0.23658970495065054,0.893743654092153,0.04622841005524,0.03729097296794256
15000,H8-V,743,n04005630/ILSVRC2012_val_00042069_n04005630,4,3,0.009511567031343779,0.152106503645579,0.757549782594045,0.03229771554470062,0.024722217892607052
15000,H8-V,743,n04005630/ILSVRC2012_val_00042069_n04005630,7,3,0.008897906169295311,0.14555632074673971,0.7250192364056905,0.030703730881214142,0.02345353861649831
15000,H8-V,743,n04005630/ILSVRC2012_val_00042069_n04005630,13,3,0.00830206306030353,0.14057496190071106,0.6936784982681274,0.02929634352525075,0.022359559312462807
15000,H8-V,743,n04005630/ILSVRC2012_val_00042069_n04005630,19,3,0.008108474624653658,0.1401426593462626,0.6837154626846313,0.028959895794590313,0.02212274136642615
15000,H8-V,744,n04008634/ILSVRC2012_val_00038596_n04008634,1,3,0.006781001885732015,0.15617353469133377,0.4444776773452759,0.026843132451176643,0.02239835572739442
15000,H8-V,744,n04008634/ILSVRC2012_val_00038596_n04008634,4,3,0.002648293894405166,0.07765006025632222,0.34202014406522113,0.013833501376211643,0.01041330024600029
15000,H8-V,744,n04008634/ILSVRC2012_val_00038596_n04008634,7,3,0.0024117424618452787,0.06900553653637569,0.31780125697453815,0.012490308533112207,0.00931229597578446
15000,H8-V,744,n04008634/ILSVRC2012_val_00038596_n04008634,13,3,0.0022731598000973463,0.0652248462041219,0.2989606062571208,0.01178525077799956,0.008795644777516523
15000,H8-V,744,n04008634/ILSVRC2012_val_00038596_n04008634,19,3,0.0022395849227905273,0.06394827614227931,0.2965263028939565,0.011599675752222538,0.008634412661194801
15000,H8-V,745,n04009552/ILSVRC2012_val_00046217_n04009552,1,3,0.014906529647608599,0.2632237325112025,0.5348254640897115,0.046577158073584236,0.04122890283664068
15000,H8-V,745,n04009552/ILSVRC2012_val_00046217_n04009552,4,3,0.0044656543371578055,0.12495046357313792,0.3753299315770467,0.02071399986743927,0.016960700352986652
15000,H8-V,745,n04009552/ILSVRC2012_val_00046217_n04009552,7,3,0.004089576968302329,0.1144563431541125,0.35004597902297974,0.019035670906305313,0.01553521150102218
15000,H8-V,745,n04009552/ILSVRC2012_val_00046217_n04009552,13,3,0.0037023036275058985,0.09898498902718227,0.330483873685201,0.016905641183257103,0.01360080266992251
15000,H8-V,745,n04009552/ILSVRC2012_val_00046217_n04009552,19,3,0.0035757118991265693,0.09258797764778137,0.32817020018895465,0.01611621119081974,0.01283450952420632
15000,H8-V,746,n04019541/ILSVRC2012_val_00012382_n04019541,1,3,0.008066910629471144,0.13527772823969522,0.6040906508763632,0.027635589862863224,0.021594683329264324
15000,H8-V,746,n04019541/ILSVRC2012_val_00012382_n04019541,4,3,0.004280082260568936,0.07026173671086629,0.4821993311246236,0.01612824946641922,0.011306256366272768
15000,H8-V,746,n04019541/ILSVRC2012_val_00012382_n04019541,7,3,0.00399289660466214,0.06785425543785095,0.45273374517758685,0.015305660044153532,0.010778322505454222
15000,H8-V,746,n04019541/ILSVRC2012_val_00012382_n04019541,13,3,0.003430934234832724,0.06412777304649353,0.4256798326969147,0.014100509695708752,0.009843711430827776
15000,H8-V,746,n04019541/ILSVRC2012_val_00012382_n04019541,19,3,0.0032967067478845515,0.06262187163035075,0.41752328475316364,0.013734126463532448,0.009558893740177155
15000,H8-V,747,n04023962/ILSVRC2012_val_00041943_n04023962,1,3,0.01711018259326617,0.26381221413612366,1.162672519683838,0.055118128657341,0.04349140326182047
15000,H8-V,747,n04023962/ILSVRC2012_val_00041943_n04023962,4,3,0.010180611784259478,0.15750537812709808,0.979640007019043,0.03572755058606466,0.025931150342027347
15000,H8-V,747,n04023962/ILSVRC2012_val_00041943_n04023962,7,3,0.009552019027372202,0.14668903748194376,0.938925047715505,0.033610173811515175,0.024220922961831093
15000,H8-V,747,n04023962/ILSVRC2012_val_00041943_n04023962,13,3,0.00908010546118021,0.13930371403694153,0.9023866057395935,0.03203434372941653,0.02301047680278619
15000,H8-V,747,n04023962/ILSVRC2012_val_00041943_n04023962,19,3,0.009000176563858986,0.138427143295606,0.8914857506752014,0.03175774961709976,0.0228428915143013
15000,H8-V,748,n04026417/ILSVRC2012_val_00042671_n04026417,1,3,0.011579373851418495,0.2045742173989614,0.4004471004009247,0.0360412672162056,0.032036795591314636
15000,H8-V,748,n04026417/ILSVRC2012_val_00042671_n04026417,4,3,0.0037836648213366666,0.09136551121870677,0.27463991443316144,0.015666615217924118,0.012920216346780459
15000,H8-V,748,n04026417/ILSVRC2012_val_00042671_n04026417,7,3,0.0035865067038685083,0.08825401713450749,0.25196460882822674,0.014931554595629374,0.012411908867458502
15000,H8-V,748,n04026417/ILSVRC2012_val_00042671_n04026417,13,3,0.0034166942350566387,0.08588326970736186,0.2360331267118454,0.01436535269021988,0.012005021485189596
15000,H8-V,748,n04026417/ILSVRC2012_val_00042671_n04026417,19,3,0.0033637629821896553,0.08596774439016978,0.23579251766204834,0.014318462461233139,0.011960537483294805
15000,H8-V,749,n04033901/ILSVRC2012_val_00025003_n04033901,1,3,0.004651987847561638,0.20250579218069711,0.3999089499314626,0.028901657710472744,0.024902567888299625
15000,H8-V,749,n04033901/ILSVRC2012_val_00025003_n04033901,4,3,0.002118917337308327,0.09627334028482437,0.301108439763387,0.014757335806886355,0.01174625133474668
15000,H8-V,749,n04033901/ILSVRC2012_val_00025003_n04033901,7,3,0.0019342283097406228,0.09030039111773173,0.2775440812110901,0.013739708190162977,0.010964267576734224
15000,H8-V,749,n04033901/ILSVRC2012_val_00025003_n04033901,13,3,0.001745179722396036,0.08250963936249416,0.26045573751131695,0.012600701302289963,0.009996143790582815
15000,H8-V,749,n04033901/ILSVRC2012_val_00025003_n04033901,19,3,0.0016919186649223168,0.07963123172521591,0.259624977906545,0.012251291424036026,0.009655041620135307
15000,H8-V,750,n04033995/ILSVRC2012_val_00000260_n04033995,1,3,0.002871018135920167,0.1559726446866989,0.561722973982493,0.024085511763890583,0.018468282495935757
15000,H8-V,750,n04033995/ILSVRC2012_val_00000260_n04033995,4,3,0.0016316863087316353,0.10909095654884975,0.4752500851949056,0.017293283094962437,0.012540782491366068
15000,H8-V,750,n04033995/ILSVRC2012_val_00000260_n04033995,7,3,0.0014832440453271072,0.1024446114897728,0.44717015822728473,0.01619940685729186,0.011727705287436644
15000,H8-V,750,n04033995/ILSVRC2012_val_00000260_n04033995,13,3,0.0013657566548014681,0.09563782811164856,0.42357759674390155,0.015165315630535284,0.010929539489249388
15000,H8-V,750,n04033995/ILSVRC2012_val_00000260_n04033995,19,3,0.001341463066637516,0.0925005276997884,0.41865896185239154,0.014778105852504572,0.010591516271233559
15000,H8-V,751,n04037443/ILSVRC2012_val_00023484_n04037443,1,3,0.023340885837872822,0.2986270586649577,0.9778876304626465,0.06298246855537097,0.053203592697779335
15000,H8-V,751,n04037443/ILSVRC2012_val_00023484_n04037443,4,3,0.011921205557882786,0.14646607140700021,0.8082242210706075,0.03465005507071813,0.02656781238814195
15000,H8-V,751,n04037443/ILSVRC2012_val_00023484_n04037443,7,3,0.010891769081354141,0.1362388680378596,0.7735014955202738,0.03225067009528478,0.024515655512611072
15000,H8-V,751,n04037443/ILSVRC2012_val_00023484_n04037443,13,3,0.00997358188033104,0.12441535542408626,0.7400943239529928,0.029816060637434322,0.02241511767109235
15000,H8-V,751,n04037443/ILSVRC2012_val_00023484_n04037443,19,3,0.009680606114367643,0.12011611958344777,0.7297622164090475,0.028989840298891068,0.021692218258976936
15000,H8-V,752,n04039381/ILSVRC2012_val_00019426_n04039381,1,3,0.023231185351808865,0.32566025853157043,1.0907800197601318,0.06670501083135605,0.055797211825847626
15000,H8-V,752,n04039381/ILSVRC2012_val_00019426_n04039381,4,3,0.016879413276910782,0.20522527396678925,0.9031408230463663,0.04643335069219271,0.03740194191535314
15000,H8-V,752,n04039381/ILSVRC2012_val_00019426_n04039381,7,3,0.016143181671698887,0.19928815960884094,0.8691523671150208,0.044763521601756416,0.03607199713587761
15000,H8-V,752,n04039381/ILSVRC2012_val_00019426_n04039381,13,3,0.015442317041258017,0.1962947497765223,0.8358658949534098,0.04343045006195704,0.03507179146011671
15000,H8-V,752,n04039381/ILSVRC2012_val_00019426_n04039381,19,3,0.01524199079722166,0.19610858460267386,0.8251982927322388,0.04310483237107595,0.03485284994045893
15000,H8-V,753,n04040759/ILSVRC2012_val_00011284_n04040759,1,3,0.025060830637812614,0.2483153442541758,0.7130147814750671,0.05702251444260279,0.0498923659324646
15000,H8-V,753,n04040759/ILSVRC2012_val_00011284_n04040759,4,3,0.0161492507904768,0.16037225226561228,0.5703747669855753,0.03789022316535314,0.032186475892861686
15000,H8-V,753,n04040759/ILSVRC2012_val_00011284_n04040759,7,3,0.015397300012409687,0.154462993144989,0.5409124890963236,0.036252724627653755,0.030843600009878475
15000,H8-V,753,n04040759/ILSVRC2012_val_00011284_n04040759,13,3,0.01468715537339449,0.14744102954864502,0.5152998367945353,0.0345842552681764,0.029431258017818134
15000,H8-V,753,n04040759/ILSVRC2012_val_00011284_n04040759,19,3,0.014545214362442493,0.14553403854370117,0.5093646248181661,0.03419226283828417,0.029098617533842724
15000,H8-V,754,n04041544/ILSVRC2012_val_00013042_n04041544,1,3,0.014452053233981133,0.2353536287943522,0.7612505555152893,0.04559992005427679,0.03798741598924001
15000,H8-V,754,n04041544/ILSVRC2012_val_00013042_n04041544,4,3,0.008682694286108017,0.15250495076179504,0.6302216847737631,0.03023540663222472,0.023933190231521923
15000,H8-V,754,n04041544/ILSVRC2012_val_00013042_n04041544,7,3,0.008189134610195955,0.14474669098854065,0.5982284943262736,0.028646089136600494,0.02266380377113819
15000,H8-V,754,n04041544/ILSVRC2012_val_00013042_n04041544,13,3,0.0077286590822041035,0.1357667843500773,0.5683761835098267,0.02698909988005956,0.021305338169137638
15000,H8-V,754,n04041544/ILSVRC2012_val_00013042_n04041544,19,3,0.007617879658937454,0.13395423690478006,0.5598962306976318,0.026612266277273495,0.021013303349415462
15000,H8-V,755,n04044716/ILSVRC2012_val_00017872_n04044716,1,3,0.001503597207677861,0.07012546807527542,0.21421359976132712,0.01065827968219916,0.008516143852223953
15000,H8-V,755,n04044716/ILSVRC2012_val_00017872_n04044716,4,3,0.0006397891168793043,0.03296515718102455,0.1348582704861959,0.005284887583305438,0.0039363048660258455
15000,H8-V,755,n04044716/ILSVRC2012_val_00017872_n04044716,7,3,0.0005857160819383959,0.030456990003585815,0.11381965627272923,0.0047696116380393505,0.0036314151560266814
15000,H8-V,755,n04044716/ILSVRC2012_val_00017872_n04044716,13,3,0.0005411278883305689,0.028031153604388237,0.09948387493689854,0.004339082166552544,0.003344243314738075
15000,H8-V,755,n04044716/ILSVRC2012_val_00017872_n04044716,19,3,0.0005393624305725098,0.026996639246741932,0.09975955386956532,0.004236622092624505,0.00323902644837896
15000,H8-V,756,n04049303/ILSVRC2012_val_00038346_n04049303,1,3,0.005892318518211444,0.11950321992238362,0.3145923713843028,0.02098856431742509,0.017842641100287437
15000,H8-V,756,n04049303/ILSVRC2012_val_00038346_n04049303,4,3,0.002996556150416533,0.06423460443814595,0.23566951851050058,0.01177671148131291,0.009420016470054785
15000,H8-V,756,n04049303/ILSVRC2012_val_00038346_n04049303,7,3,0.002836646201709906,0.06135310480991999,0.2115389754374822,0.011087346201141676,0.008971956558525562
15000,H8-V,756,n04049303/ILSVRC2012_val_00038346_n04049303,13,3,0.002679242752492428,0.05726662650704384,0.19464116791884103,0.010352317243814468,0.008405905527373156
15000,H8-V,756,n04049303/ILSVRC2012_val_00038346_n04049303,19,3,0.002614460109422604,0.05445455263058344,0.1941667099793752,0.010001582093536854,0.008059915155172348
15000,H8-V,757,n04065272/ILSVRC2012_val_00013724_n04065272,1,3,0.008719317925473055,0.21341276665528616,0.49384158849716187,0.034999010463555656,0.030060594901442528
15000,H8-V,757,n04065272/ILSVRC2012_val_00013724_n04065272,4,3,0.00396130761752526,0.11156485726435979,0.3702631990114848,0.018820425495505333,0.015117793654402098
15000,H8-V,757,n04065272/ILSVRC2012_val_00013724_n04065272,7,3,0.003666788339614868,0.10279034823179245,0.34551283717155457,0.017400951435168583,0.013945823224882284
15000,H8-V,757,n04065272/ILSVRC2012_val_00013724_n04065272,13,3,0.003361593078201016,0.0904971535007159,0.32572197914123535,0.015668528154492378,0.012411308474838734
15000,H8-V,757,n04065272/ILSVRC2012_val_00013724_n04065272,19,3,0.0033035590313374996,0.08612405508756638,0.32227620482444763,0.01513872699191173,0.011915965005755424
15000,H8-V,758,n04067472/ILSVRC2012_val_00021834_n04067472,1,3,0.020526147757967312,0.17476034661134085,1.0987016757329304,0.04898920034368833,0.038002184281746544
15000,H8-V,758,n04067472/ILSVRC2012_val_00021834_n04067472,4,3,0.014095363828043142,0.09970851490894954,0.9338441093762716,0.03340465575456619,0.024066215381026268
15000,H8-V,758,n04067472/ILSVRC2012_val_00021834_n04067472,7,3,0.013207587723930677,0.09535132596890132,0.9004906813303629,0.031747626761595406,0.022742720941702526
15000,H8-V,758,n04067472/ILSVRC2012_val_00021834_n04067472,13,3,0.012431631796061993,0.09173563867807388,0.8681336243947347,0.030286531895399094,0.021605196098486584
15000,H8-V,758,n04067472/ILSVRC2012_val_00021834_n04067472,19,3,0.012229110735158125,0.09079829106728236,0.8582521478335062,0.029891461754838627,0.021308939903974533
15000,H8-V,759,n04069434/ILSVRC2012_val_00012816_n04069434,1,3,0.012526654327909151,0.15589870512485504,0.7197814782460531,0.03531434014439583,0.02811652546127637
15000,H8-V,759,n04069434/ILSVRC2012_val_00012816_n04069434,4,3,0.006372558573881785,0.0820597658554713,0.5685996810595194,0.020264531796177227,0.014578535221517086
15000,H8-V,759,n04069434/ILSVRC2012_val_00012816_n04069434,7,3,0.0059049186917642755,0.0768060212333997,0.5407030979792277,0.018992551291982334,0.013585520597795645
15000,H8-V,759,n04069434/ILSVRC2012_val_00012816_n04069434,13,3,0.005522437083224456,0.07180384049812953,0.5164839426676432,0.017867660770813625,0.012702821133037409
15000,H8-V,759,n04069434/ILSVRC2012_val_00012816_n04069434,19,3,0.005414731800556183,0.0703035518527031,0.5109571218490601,0.017554658154646557,0.012445087234179178
15000,H8-V,760,n04070727/ILSVRC2012_val_00046360_n04070727,1,3,0.026347826545437176,0.2185041606426239,1.2322385708491008,0.06052062660455704,0.0481982429822286
15000,H8-V,760,n04070727/ILSVRC2012_val_00046360_n04070727,4,3,0.01670560861627261,0.14907180766264597,1.0610470374425252,0.042223259806632996,0.03161278925836086
15000,H8-V,760,n04070727/ILSVRC2012_val_00046360_n04070727,7,3,0.01564477353046338,0.14144680897394815,1.0191319783528645,0.039980772882699966,0.029789454614122707
15000,H8-V,760,n04070727/ILSVRC2012_val_00046360_n04070727,13,3,0.014724710956215858,0.1362801492214203,0.9787146051724752,0.03813987225294113,0.028352726250886917
15000,H8-V,760,n04070727/ILSVRC2012_val_00046360_n04070727,19,3,0.014454831990102926,0.13560612499713898,0.9665879805882772,0.03768132378657659,0.02801544467608134
15000,H8-V,761,n04074963/ILSVRC2012_val_00003211_n04074963,1,3,0.019826663037141163,0.2219150960445404,0.8168132901191711,0.050186307479937874,0.042018173883358635
15000,H8-V,761,n04074963/ILSVRC2012_val_00003211_n04074963,4,3,0.010834713156024614,0.13072470823923746,0.6588889757792155,0.03049607388675213,0.023907184600830078
15000,H8-V,761,n04074963/ILSVRC2012_val_00003211_n04074963,7,3,0.010115177681048712,0.12422587474187215,0.629554808139801,0.028833312913775444,0.02253776540358861
15000,H8-V,761,n04074963/ILSVRC2012_val_00003211_n04074963,13,3,0.00948858167976141,0.11677385618289311,0.6035376985867819,0.027201345190405846,0.02116596760849158
15000,H8-V,761,n04074963/ILSVRC2012_val_00003211_n04074963,19,3,0.009340126067399979,0.11483509590228398,0.5971823334693909,0.02679545929034551,0.02082363578180472
15000,H8-V,762,n04081281/ILSVRC2012_val_00047007_n04081281,1,3,0.010348320628205935,0.2616998702287674,0.7942724227905273,0.04446103423833847,0.03651830926537514
15000,H8-V,762,n04081281/ILSVRC2012_val_00047007_n04081281,4,3,0.003935957172264655,0.1522281269232432,0.6290963292121887,0.025449732939402264,0.019158770019809406
15000,H8-V,762,n04081281/ILSVRC2012_val_00047007_n04081281,7,3,0.003539896414925655,0.14480234682559967,0.5959176421165466,0.023979307462771732,0.018020131314794224
15000,H8-V,762,n04081281/ILSVRC2012_val_00047007_n04081281,13,3,0.0031092277883241573,0.13538727660973868,0.5657522281010946,0.022305478031436603,0.016647955402731895
15000,H8-V,762,n04081281/ILSVRC2012_val_00047007_n04081281,19,3,0.002989836580430468,0.13291367391745249,0.5575972398122152,0.021857176596919697,0.01628120429813862
15000,H8-V,763,n04086273/ILSVRC2012_val_00037854_n04086273,1,3,0.01772933453321457,0.19839892288049063,0.5894409418106079,0.04346363618969917,0.03756922669708729
15000,H8-V,763,n04086273/ILSVRC2012_val_00037854_n04086273,4,3,0.008277573933204016,0.10080411036809285,0.45240867137908936,0.022882071634133656,0.01835798534254233
15000,H8-V,763,n04086273/ILSVRC2012_val_00037854_n04086273,7,3,0.007526881837596496,0.09302421162525813,0.42464129130045575,0.021075715621312458,0.01682930253446102
15000,H8-V,763,n04086273/ILSVRC2012_val_00037854_n04086273,13,3,0.006501431421687205,0.08341503143310547,0.4008929133415222,0.01885186384121577,0.014842934906482697
15000,H8-V,763,n04086273/ILSVRC2012_val_00037854_n04086273,19,3,0.006307215429842472,0.08016481250524521,0.39549265305201214,0.01827862299978733,0.014323696804543337
15000,H8-V,764,n04090263/ILSVRC2012_val_00006389_n04090263,1,3,0.011637129200001558,0.20061715443929037,0.4815398156642914,0.03651424186925093,0.03169884408513705
15000,H8-V,764,n04090263/ILSVRC2012_val_00006389_n04090263,4,3,0.0064376673350731535,0.12517155955235162,0.3679034411907196,0.022633858025074005,0.018954824035366375
15000,H8-V,764,n04090263/ILSVRC2012_val_00006389_n04090263,7,3,0.006060158833861351,0.11850182463725407,0.3436085780461629,0.021346426879366238,0.017910341421763103
15000,H8-V,764,n04090263/ILSVRC2012_val_00006389_n04090263,13,3,0.005708441914369662,0.11350512007872264,0.32785279552141827,0.020337481672565143,0.017058953642845154
15000,H8-V,764,n04090263/ILSVRC2012_val_00006389_n04090263,19,3,0.005658328377952178,0.11312349140644073,0.3288730978965759,0.020259408901135128,0.01697067792216937
15000,H8-V,765,n04099969/ILSVRC2012_val_00044763_n04099969,1,3,0.01245253998786211,0.15026717881361643,0.4693679412206014,0.03217293694615364,0.02747925805548827
15000,H8-V,765,n04099969/ILSVRC2012_val_00044763_n04099969,4,3,0.008059789426624775,0.09190875788529713,0.37420688072840375,0.020992734159032505,0.017250665773948032
15000,H8-V,765,n04099969/ILSVRC2012_val_00044763_n04099969,7,3,0.007763906382024288,0.08756124724944432,0.34969042738278705,0.020016934722661972,0.016520030796527863
15000,H8-V,765,n04099969/ILSVRC2012_val_00044763_n04099969,13,3,0.00750891709079345,0.08418201158444087,0.33077268799146015,0.01923484541475773,0.015927118559678394
15000,H8-V,765,n04099969/ILSVRC2012_val_00044763_n04099969,19,3,0.007470072402308385,0.0831073448061943,0.3281695246696472,0.019062502309679985,0.01578080654144287
15000,H8-V,766,n04111531/ILSVRC2012_val_00001625_n04111531,1,3,0.015580759383738041,0.21414530277252197,0.9818549950917562,0.04681383818387985,0.036995287984609604
15000,H8-V,766,n04111531/ILSVRC2012_val_00001625_n04111531,4,3,0.01032518440236648,0.15847876171271005,0.8310945828755697,0.034484006464481354,0.026173061380783718
15000,H8-V,766,n04111531/ILSVRC2012_val_00001625_n04111531,7,3,0.009579631499946117,0.1517230123281479,0.7927306095759074,0.0326792374253273,0.024751932670672733
15000,H8-V,766,n04111531/ILSVRC2012_val_00001625_n04111531,13,3,0.008942492616673311,0.1454576055208842,0.7574076255162557,0.031062328567107517,0.023488252734144528
15000,H8-V,766,n04111531/ILSVRC2012_val_00001625_n04111531,19,3,0.008811508615811666,0.14369776844978333,0.7481441299120585,0.030662725990017254,0.023181285088260967
15000,H8-V,767,n04116512/ILSVRC2012_val_00006736_n04116512,1,3,0.002595652670909961,0.11067385971546173,0.3010193904240926,0.016673232428729534,0.013663038611412048
15000,H8-V,767,n04116512/ILSVRC2012_val_00006736_n04116512,4,3,0.0010911533220981557,0.05923085783918699,0.2284488876660665,0.009298727847635746,0.007014239206910133
15000,H8-V,767,n04116512/ILSVRC2012_val_00006736_n04116512,7,3,0.001036570834306379,0.05524631465474764,0.205613041917483,0.00861733282605807,0.006561202307542165
15000,H8-V,767,n04116512/ILSVRC2012_val_00006736_n04116512,13,3,0.0009992603833476703,0.05287561193108559,0.18890773256619772,0.008175898964206377,0.00628682179376483
15000,H8-V,767,n04116512/ILSVRC2012_val_00006736_n04116512,19,3,0.000982314736271898,0.0520784022907416,0.18724305927753448,0.00806258556743463,0.006190155167132616
15000,H8-V,768,n04118538/ILSVRC2012_val_00017229_n04118538,1,3,0.027118252590298653,0.2394527792930603,1.8494088649749756,0.069557619591554,0.05106352890531222
15000,H8-V,768,n04118538/ILSVRC2012_val_00017229_n04118538,4,3,0.019261609762907028,0.1787256896495819,1.669118841489156,0.053825367242097855,0.037134179224570595
15000,H8-V,768,n04118538/ILSVRC2012_val_00017229_n04118538,7,3,0.017785819247364998,0.16954158246517181,1.6206469535827637,0.050946447998285294,0.03473997861146927
15000,H8-V,768,n04118538/ILSVRC2012_val_00017229_n04118538,13,3,0.016570454463362694,0.15960783263047537,1.5726890166600545,0.0482581282655398,0.032531239092350006
15000,H8-V,768,n04118538/ILSVRC2012_val_00017229_n04118538,19,3,0.016290356715520222,0.1575868825117747,1.5566037495930989,0.04761508107185364,0.03204904372493426
15000,H8-V,769,n04118776/ILSVRC2012_val_00046510_n04118776,1,3,0.008494330725322167,0.13372682283322015,0.3397909998893738,0.025264923150340717,0.021867013225952785
15000,H8-V,769,n04118776/ILSVRC2012_val_00046510_n04118776,4,3,0.0033938630173603692,0.04206974680225054,0.2483468602101008,0.010084306200345358,0.007600837852805853
15000,H8-V,769,n04118776/ILSVRC2012_val_00046510_n04118776,7,3,0.003049156628549099,0.038937135289112725,0.2256957689921061,0.009199827909469604,0.006942870250592629
15000,H8-V,769,n04118776/ILSVRC2012_val_00046510_n04118776,13,3,0.002749478134016196,0.03607986122369766,0.21110640466213226,0.008468528588612875,0.0063574643184741335
15000,H8-V,769,n04118776/ILSVRC2012_val_00046510_n04118776,19,3,0.0026763766072690487,0.0356090192993482,0.2123942176500956,0.008361220670243105,0.006237278692424297
15000,H8-V,770,n04120489/ILSVRC2012_val_00037735_n04120489,1,3,0.022622788324952126,0.23011180261770883,0.7005906105041504,0.05263987307747205,0.04563396672407786
15000,H8-V,770,n04120489/ILSVRC2012_val_00037735_n04120489,4,3,0.010054989407459894,0.0975999782482783,0.5514134168624878,0.02532912107805411,0.01981498735646407
15000,H8-V,770,n04120489/ILSVRC2012_val_00037735_n04120489,7,3,0.009358700054387251,0.09054873635371526,0.5239318410555521,0.023652891938885052,0.018413573503494263
15000,H8-V,770,n04120489/ILSVRC2012_val_00037735_n04120489,13,3,0.008793295981983343,0.08288859327634175,0.4997950891653697,0.02208010603984197,0.017082154750823975
15000,H8-V,770,n04120489/ILSVRC2012_val_00037735_n04120489,19,3,0.008690967534979185,0.07941012581189473,0.4941648542881012,0.0215736273676157,0.01663197949528694
15000,H8-V,771,n04125021/ILSVRC2012_val_00044161_n04125021,1,3,0.009166692849248648,0.18720496197541556,0.49383259812990826,0.032825516536831856,0.027887190381685894
15000,H8-V,771,n04125021/ILSVRC2012_val_00044161_n04125021,4,3,0.005175123767306407,0.09886157761017482,0.3814493517080943,0.018875775237878162,0.015061281931897005
15000,H8-V,771,n04125021/ILSVRC2012_val_00044161_n04125021,7,3,0.004899734320739905,0.09469018131494522,0.35714876651763916,0.01794023998081684,0.014368752638498941
15000,H8-V,771,n04125021/ILSVRC2012_val_00044161_n04125021,13,3,0.004547640991707643,0.08928726365168889,0.3385117749373118,0.01686148593823115,0.01347636803984642
15000,H8-V,771,n04125021/ILSVRC2012_val_00044161_n04125021,19,3,0.004350454236070315,0.08617122968037923,0.3365860879421234,0.016333438456058502,0.012967577204108238
15000,H8-V,772,n04127249/ILSVRC2012_val_00045591_n04127249,1,3,0.010595918633043766,0.2150930017232895,0.49789949258168537,0.03708421314756075,0.032105219239989914
15000,H8-V,772,n04127249/ILSVRC2012_val_00045591_n04127249,4,3,0.006807791690031688,0.1283052017291387,0.3772006432215373,0.02341031904021899,0.01963831235965093
15000,H8-V,772,n04127249/ILSVRC2012_val_00045591_n04127249,7,3,0.006506634410470724,0.12574372192223868,0.35153728723526,0.022596378500262897,0.019081006447474163
15000,H8-V,772,n04127249/ILSVRC2012_val_00045591_n04127249,13,3,0.006206106549749772,0.12252750496069591,0.3301606774330139,0.021760463093717892,0.018458856890598934
15000,H8-V,772,n04127249/ILSVRC2012_val_00045591_n04127249,19,3,0.006083223347862561,0.12037997444470723,0.3257362147172292,0.02137858358522256,0.018121221413215
15000,H8-V,773,n04131690/ILSVRC2012_val_00001319_n04131690,1,3,0.007617992969850699,0.11293723930915196,0.369743416706721,0.022609150658051174,0.018911716838677723
15000,H8-V,773,n04131690/ILSVRC2012_val_00001319_n04131690,4,3,0.0036900853738188744,0.061512190848588943,0.28148480256398517,0.012656152248382568,0.009841304582854113
15000,H8-V,773,n04131690/ILSVRC2012_val_00001319_n04131690,7,3,0.0034715315171827874,0.058269369105497994,0.2588311831156413,0.011886780460675558,0.009298468629519144
15000,H8-V,773,n04131690/ILSVRC2012_val_00001319_n04131690,13,3,0.003260311670601368,0.05451627199848493,0.24212175607681274,0.011133156406382719,0.008711938746273518
15000,H8-V,773,n04131690/ILSVRC2012_val_00001319_n04131690,19,3,0.0031687422500302396,0.052310685316721596,0.24086243410905203,0.010808434958259264,0.008399810642004013
15000,H8-V,774,n04133789/ILSVRC2012_val_00013852_n04133789,1,3,0.012502138502895832,0.24967619280020395,0.6646736264228821,0.04411649455626806,0.03746975834170977
15000,H8-V,774,n04133789/ILSVRC2012_val_00013852_n04133789,4,3,0.006224197490761678,0.11754193156957626,0.5076068441073099,0.023054458821813267,0.01797839067876339
15000,H8-V,774,n04133789/ILSVRC2012_val_00013852_n04133789,7,3,0.005635547296454509,0.10917504628499348,0.4783175786336263,0.021336228276292484,0.016553052390615147
15000,H8-V,774,n04133789/ILSVRC2012_val_00013852_n04133789,13,3,0.00514012947678566,0.10175070663293202,0.45302974184354144,0.019845497484008472,0.015315200202167034
15000,H8-V,774,n04133789/ILSVRC2012_val_00013852_n04133789,19,3,0.004947175271809101,0.1018755113085111,0.44717884063720703,0.019606515144308407,0.015134726340572039
15000,H8-V,775,n04136333/ILSVRC2012_val_00029197_n04136333,1,3,0.011035387714703878,0.18708464006582895,0.4227532148361206,0.03397138292590777,0.029743851472934086
15000,H8-V,775,n04136333/ILSVRC2012_val_00029197_n04136333,4,3,0.007656782399863005,0.12013053397337596,0.3222339153289795,0.022892174621423084,0.019669835766156513
15000,H8-V,775,n04136333/ILSVRC2012_val_00029197_n04136333,7,3,0.007438830099999905,0.11591876298189163,0.298365185658137,0.022014359012246132,0.019030706956982613
15000,H8-V,775,n04136333/ILSVRC2012_val_00029197_n04136333,13,3,0.007243731835236152,0.11106491337219875,0.2811158498128255,0.021161381776134174,0.018350223700205486
15000,H8-V,775,n04136333/ILSVRC2012_val_00029197_n04136333,19,3,0.0071977485592166586,0.1083504060904185,0.2804594933986664,0.020837383344769478,0.018032788609464962
15000,H8-V,776,n04141076/ILSVRC2012_val_00024972_n04141076,1,3,0.018657380094130833,0.24406995375951132,1.0338315566380818,0.053402689596017204,0.04306437447667122
15000,H8-V,776,n04141076/ILSVRC2012_val_00024972_n04141076,4,3,0.011940381800134977,0.14499497413635254,0.8821077744166056,0.03526095673441887,0.026439879089593887
15000,H8-V,776,n04141076/ILSVRC2012_val_00024972_n04141076,7,3,0.011118846945464611,0.13372077544530234,0.8455197215080261,0.032946122189362846,0.024490924552083015
15000,H8-V,776,n04141076/ILSVRC2012_val_00024972_n04141076,13,3,0.010411684090892473,0.12357032299041748,0.8086040019989014,0.030854756633440655,0.022768716638286907
15000,H8-V,776,n04141076/ILSVRC2012_val_00024972_n04141076,19,3,0.010210659044484297,0.12139527499675751,0.7957125703493754,0.030307311564683914,0.022350186482071877
15000,H8-V,777,n04141327/ILSVRC2012_val_00038425_n04141327,1,3,0.0032104897933701673,0.18541054924329123,0.5002573827902476,0.026754119743903477,0.02175154536962509
15000,H8-V,777,n04141327/ILSVRC2012_val_00038425_n04141327,4,3,0.0019562460171679654,0.10320816189050674,0.3770652810732524,0.01604771489898364,0.01227706236143907
15000,H8-V,777,n04141327/ILSVRC2012_val_00038425_n04141327,7,3,0.0018178755417466164,0.09585729241371155,0.3495333790779114,0.014898938437302908,0.011403605031470457
15000,H8-V,777,n04141327/ILSVRC2012_val_00038425_n04141327,13,3,0.0016700784520556529,0.08791057020425797,0.32676397760709125,0.013728775394459566,0.010461135767400265
15000,H8-V,777,n04141327/ILSVRC2012_val_00038425_n04141327,19,3,0.0016262733067075412,0.08525130152702332,0.32245248556137085,0.01337592831502358,0.010151403645674387
15000,H8-V,778,n04141975/ILSVRC2012_val_00013890_n04141975,1,3,0.010641695000231266,0.17995797097682953,0.5490668813387553,0.03412816238900026,0.028637493029236794
15000,H8-V,778,n04141975/ILSVRC2012_val_00013890_n04141975,4,3,0.006020799900094668,0.10603736340999603,0.4383401075998942,0.021007937689622242,0.016624536986152332
15000,H8-V,778,n04141975/ILSVRC2012_val_00013890_n04141975,7,3,0.005651660729199648,0.10034523655970891,0.4116528431574504,0.01980271314581235,0.015686184788743656
15000,H8-V,778,n04141975/ILSVRC2012_val_00013890_n04141975,13,3,0.005365793903668721,0.09521118799845378,0.3907274504502614,0.018794187034169834,0.014886912579337755
15000,H8-V,778,n04141975/ILSVRC2012_val_00013890_n04141975,19,3,0.005350656962643067,0.09196110566457112,0.3882518708705902,0.018429286777973175,0.014546767498056093
15000,H8-V,779,n04146614/ILSVRC2012_val_00028026_n04146614,1,3,0.01748606686790784,0.17341875036557516,0.7126514315605164,0.04195445651809374,0.034827942649523415
15000,H8-V,779,n04146614/ILSVRC2012_val_00028026_n04146614,4,3,0.010813115785519281,0.10682391375303268,0.592849592367808,0.027424003308018047,0.021495507409175236
15000,H8-V,779,n04146614/ILSVRC2012_val_00028026_n04146614,7,3,0.010247849859297276,0.1035602440436681,0.5632850726445516,0.026236725350220997,0.020603874698281288
15000,H8-V,779,n04146614/ILSVRC2012_val_00028026_n04146614,13,3,0.009778252802789211,0.10095957666635513,0.5375175078709921,0.025249386206269264,0.01987421077986558
15000,H8-V,779,n04146614/ILSVRC2012_val_00028026_n04146614,19,3,0.009680530056357384,0.10046657671531041,0.5315276583035787,0.02504246433575948,0.01972718785206477
15000,H8-V,780,n04147183/ILSVRC2012_val_00016151_n04147183,1,3,0.003307397166887919,0.15615929663181305,0.45685267448425293,0.02349185384809971,0.01892332670589288
15000,H8-V,780,n04147183/ILSVRC2012_val_00016151_n04147183,4,3,0.0021010471197466054,0.11301964521408081,0.3703306217988332,0.017106317604581516,0.013403011796375116
15000,H8-V,780,n04147183/ILSVRC2012_val_00016151_n04147183,7,3,0.0019470317444453638,0.10519829392433167,0.34426525235176086,0.015909513769050438,0.012466861555973688
15000,H8-V,780,n04147183/ILSVRC2012_val_00016151_n04147183,13,3,0.0018146522731209795,0.10040107866128285,0.3226381540298462,0.015081141764918963,0.011854760348796844
15000,H8-V,780,n04147183/ILSVRC2012_val_00016151_n04147183,19,3,0.0017520810555045803,0.09643152107795079,0.3180818160374959,0.01457605076332887,0.011395232751965523
15000,H8-V,781,n04149813/ILSVRC2012_val_00046809_n04149813,1,3,0.014750771845380465,0.23065516849358877,0.8430542945861816,0.04624683285752932,0.03781628981232643
15000,H8-V,781,n04149813/ILSVRC2012_val_00046809_n04149813,4,3,0.00927795935422182,0.1305475284655889,0.6910040378570557,0.029242752740780514,0.022332712387045223
15000,H8-V,781,n04149813/ILSVRC2012_val_00046809_n04149813,7,3,0.008821715290347735,0.12309507528940837,0.6588805317878723,0.02772002729276816,0.02113122244675954
15000,H8-V,781,n04149813/ILSVRC2012_val_00046809_n04149813,13,3,0.008306056261062622,0.11367556701103847,0.6271744767824808,0.025945357978343964,0.019673613210519154
15000,H8-V,781,n04149813/ILSVRC2012_val_00046809_n04149813,19,3,0.008098063680032888,0.10991875330607097,0.6174246470133463,0.025264186163743336,0.019089939693609875
15000,H8-V,782,n04152593/ILSVRC2012_val_00034252_n04152593,1,3,0.008623154368251562,0.21994547049204508,0.6974848707516988,0.03759255073964596,0.03061770151058833
15000,H8-V,782,n04152593/ILSVRC2012_val_00034252_n04152593,4,3,0.004241994271675746,0.12751564383506775,0.5594586730003357,0.022588145608703297,0.01699355865518252
15000,H8-V,782,n04152593/ILSVRC2012_val_00034252_n04152593,7,3,0.003996393798540036,0.12272418042023976,0.5319371819496155,0.02158818393945694,0.016268812119960785
15000,H8-V,782,n04152593/ILSVRC2012_val_00034252_n04152593,13,3,0.003703121949608127,0.11661124229431152,0.5066948731740316,0.02043119507531325,0.015364246442914009
15000,H8-V,782,n04152593/ILSVRC2012_val_00034252_n04152593,19,3,0.0035778089271237454,0.11388493080933888,0.4995238979657491,0.01996154027680556,0.01496630193044742
15000,H8-V,783,n04153751/ILSVRC2012_val_00013898_n04153751,1,3,0.006040795085330804,0.17324635883172354,0.34444475173950195,0.02680987926820914,0.023365431775649387
15000,H8-V,783,n04153751/ILSVRC2012_val_00013898_n04153751,4,3,0.0026123288553208113,0.08012314140796661,0.2281592587629954,0.012906235332290331,0.010624643104771772
15000,H8-V,783,n04153751/ILSVRC2012_val_00013898_n04153751,7,3,0.002482013233626882,0.07689800361792247,0.20625055332978567,0.012234319311877092,0.010171813890337944
15000,H8-V,783,n04153751/ILSVRC2012_val_00013898_n04153751,13,3,0.0023335890534023442,0.0743545691172282,0.19241938988367716,0.011693239832917849,0.009769046058257421
15000,H8-V,783,n04153751/ILSVRC2012_val_00013898_n04153751,19,3,0.002250079996883869,0.07334645589192708,0.19476194183031717,0.011532344855368137,0.009584725523988405
15000,H8-V,784,n04154565/ILSVRC2012_val_00035867_n04154565,1,3,0.008020844155301651,0.17692475517590842,0.616205096244812,0.03187537069121996,0.02571332020064195
15000,H8-V,784,n04154565/ILSVRC2012_val_00035867_n04154565,4,3,0.004651100840419531,0.09481930732727051,0.4915202458699544,0.01904823382695516,0.014133031480014324
15000,H8-V,784,n04154565/ILSVRC2012_val_00035867_n04154565,7,3,0.004302486466864745,0.08902910351753235,0.4643679658571879,0.01784907653927803,0.013205396942794323
15000,H8-V,784,n04154565/ILSVRC2012_val_00035867_n04154565,13,3,0.0040070111863315105,0.0824782873193423,0.4410710533459981,0.01666554994881153,0.01225484007348617
15000,H8-V,784,n04154565/ILSVRC2012_val_00035867_n04154565,19,3,0.0039112908610453205,0.07945025712251663,0.43578458825747174,0.016214162732164066,0.011856316899259886
15000,H8-V,785,n04162706/ILSVRC2012_val_00045394_n04162706,1,3,0.010838384429613749,0.21159342428048453,0.7948758204778036,0.03994648593167464,0.031997727851072945
15000,H8-V,785,n04162706/ILSVRC2012_val_00045394_n04162706,4,3,0.005800108270098765,0.12005255122979482,0.6571100950241089,0.024376465007662773,0.017805364603797596
15000,H8-V,785,n04162706/ILSVRC2012_val_00045394_n04162706,7,3,0.005308528275539477,0.11150546868642171,0.6224241256713867,0.022683316841721535,0.01645907573401928
15000,H8-V,785,n04162706/ILSVRC2012_val_00045394_n04162706,13,3,0.004886512799809377,0.10364543398221333,0.5898787577946981,0.021149843310316403,0.015251056601603826
15000,H8-V,785,n04162706/ILSVRC2012_val_00045394_n04162706,19,3,0.004773955171306928,0.10146068036556244,0.5807144641876221,0.0207271675268809,0.014920023269951344
15000,H8-V,786,n04179913/ILSVRC2012_val_00003488_n04179913,1,3,0.0057997857220470905,0.20368741949399313,0.5549092292785645,0.031717621410886444,0.02616852894425392
15000,H8-V,786,n04179913/ILSVRC2012_val_00003488_n04179913,4,3,0.002642337465658784,0.0799132709701856,0.4190529187520345,0.01482419390231371,0.010633664826552073
15000,H8-V,786,n04179913/ILSVRC2012_val_00003488_n04179913,7,3,0.002407584572210908,0.07326383143663406,0.39150745670000714,0.013649042385319868,0.00973396779348453
15000,H8-V,786,n04179913/ILSVRC2012_val_00003488_n04179913,13,3,0.00222793105058372,0.06724060575167339,0.36804188291231793,0.012632410352428755,0.008951991486052671
15000,H8-V,786,n04179913/ILSVRC2012_val_00003488_n04179913,19,3,0.0022026620960483947,0.0648480753103892,0.3628149131933848,0.01231561911602815,0.008687469797829786
15000,H8-V,787,n04192698/ILSVRC2012_val_00026098_n04192698,1,3,0.020975991462667782,0.2589265704154968,0.8358937700589498,0.05522758513689041,0.04686864713827769
15000,H8-V,787,n04192698/ILSVRC2012_val_00026098_n04192698,4,3,0.014354672282934189,0.16839423775672913,0.6935631036758423,0.038129727045694985,0.031194095810254414
15000,H8-V,787,n04192698/ILSVRC2012_val_00026098_n04192698,7,3,0.013645834910372892,0.161093200246493,0.6600856383641561,0.03635601202646891,0.029755154624581337
15000,H8-V,787,n04192698/ILSVRC2012_val_00026098_n04192698,13,3,0.013047199385861555,0.15559639036655426,0.6295859217643738,0.03490269804994265,0.028606838857134182
15000,H8-V,787,n04192698/ILSVRC2012_val_00026098_n04192698,19,3,0.012891345967849096,0.15401700139045715,0.6217445731163025,0.03451049203673998,0.028293045858542126
15000,H8-V,788,n04200800/ILSVRC2012_val_00041825_n04200800,1,3,0.011838321263591448,0.20401600003242493,0.9404753645261129,0.041644675036271415,0.032239921391010284
15000,H8-V,788,n04200800/ILSVRC2012_val_00041825_n04200800,4,3,0.008147968910634518,0.13964985807736716,0.8116990923881531,0.03022994597752889,0.02211295502881209
15000,H8-V,788,n04200800/ILSVRC2012_val_00041825_n04200800,7,3,0.007499756446729104,0.13012409706910452,0.7777862747510275,0.028290027752518654,0.020512165501713753
15000,H8-V,788,n04200800/ILSVRC2012_val_00041825_n04200800,13,3,0.006964575344075759,0.12073271473248799,0.7455905278523763,0.026493751754363377,0.019037847096721332
15000,H8-V,788,n04200800/ILSVRC2012_val_00041825_n04200800,19,3,0.0068682160538931685,0.11729605247577031,0.7360869646072388,0.02595869079232216,0.01859782077372074
15000,H8-V,789,n04201297/ILSVRC2012_val_00037501_n04201297,1,3,0.005601528411110242,0.14818724493185678,0.2971082627773285,0.023391335581739742,0.020420252655943234
15000,H8-V,789,n04201297/ILSVRC2012_val_00037501_n04201297,4,3,0.00264093194467326,0.06038018067677816,0.20384131371974945,0.010717362786332766,0.008678950058917204
15000,H8-V,789,n04201297/ILSVRC2012_val_00037501_n04201297,7,3,0.002448614686727524,0.05679955085118612,0.18111121654510498,0.009939681738615036,0.008128569771846136
15000,H8-V,789,n04201297/ILSVRC2012_val_00037501_n04201297,13,3,0.00230038872299095,0.0545200432340304,0.16502268115679422,0.009402619674801826,0.007752393061916034
15000,H8-V,789,n04201297/ILSVRC2012_val_00037501_n04201297,19,3,0.0022319157142192125,0.054970886558294296,0.16460521022478738,0.009375056251883507,0.007729004447658856
15000,H8-V,790,n04204238/ILSVRC2012_val_00048590_n04204238,1,3,0.027140089000264805,0.28356872995694477,1.4094944794972737,0.06959190716346104,0.05549696087837219
15000,H8-V,790,n04204238/ILSVRC2012_val_00048590_n04204238,4,3,0.013547571996847788,0.19082718094189963,1.2128208875656128,0.04475849742690722,0.032630289594332375
15000,H8-V,790,n04204238/ILSVRC2012_val_00048590_n04204238,7,3,0.012531330188115438,0.18000854551792145,1.1743378639221191,0.042275564124186836,0.030532185609141987
15000,H8-V,790,n04204238/ILSVRC2012_val_00048590_n04204238,13,3,0.01161433414866527,0.16686848302682242,1.1345089673995972,0.03964627285798391,0.02830118251343568
15000,H8-V,790,n04204238/ILSVRC2012_val_00048590_n04204238,19,3,0.011380180716514587,0.1610287477572759,1.1211437781651814,0.038694492230812706,0.027483054747184116
15000,H8-V,791,n04204347/ILSVRC2012_val_00049135_n04204347,1,3,0.026496271913250286,0.26296112438042957,1.3577814102172852,0.06637020160754521,0.052792386462291084
15000,H8-V,791,n04204347/ILSVRC2012_val_00049135_n04204347,4,3,0.021169401705265045,0.1855655461549759,1.180606444676717,0.05153202017148336,0.03972595681746801
15000,H8-V,791,n04204347/ILSVRC2012_val_00049135_n04204347,7,3,0.020325299973289173,0.17938099801540375,1.1432030598322551,0.04969543218612671,0.038263400395711265
15000,H8-V,791,n04204347/ILSVRC2012_val_00049135_n04204347,13,3,0.0195646770298481,0.17285466690858206,1.105221112569173,0.04790235559145609,0.036850144465764366
15000,H8-V,791,n04204347/ILSVRC2012_val_00049135_n04204347,19,3,0.019329505662123363,0.1715051233768463,1.0919462442398071,0.04739947865406672,0.03648001700639725
15000,H8-V,792,n04208210/ILSVRC2012_val_00021349_n04208210,1,3,0.009173255258550247,0.1590140014886856,0.5225215156873068,0.030299871539076168,0.025074655810991924
15000,H8-V,792,n04208210/ILSVRC2012_val_00021349_n04208210,4,3,0.00481999587888519,0.09310007592042287,0.4152808686097463,0.01828281208872795,0.01413000375032425
15000,H8-V,792,n04208210/ILSVRC2012_val_00021349_n04208210,7,3,0.0045295353047549725,0.08752959966659546,0.3898595372835795,0.017181091010570526,0.01328249555081129
15000,H8-V,792,n04208210/ILSVRC2012_val_00021349_n04208210,13,3,0.004249359170595805,0.0812339335680008,0.36972683668136597,0.016070020695527393,0.012372752651572227
15000,H8-V,792,n04208210/ILSVRC2012_val_00021349_n04208210,19,3,0.004174786464621623,0.07890384395917256,0.3668321371078491,0.015733492250243824,0.012065171264111996
15000,H8-V,793,n04209133/ILSVRC2012_val_00013723_n04209133,1,3,0.018467134485642116,0.2572253346443176,0.8266764879226685,0.05245643109083176,0.04418966670831045
15000,H8-V,793,n04209133/ILSVRC2012_val_00013723_n04209133,4,3,0.010894300416111946,0.13920973241329193,0.6808060010274252,0.03162333369255066,0.02481527378161748
15000,H8-V,793,n04209133/ILSVRC2012_val_00013723_n04209133,7,3,0.010279291309416294,0.13385091722011566,0.6487386226654053,0.030151768897970516,0.023664383217692375
15000,H8-V,793,n04209133/ILSVRC2012_val_00013723_n04209133,13,3,0.00965887742737929,0.12720870971679688,0.6191052595774332,0.02857080101966858,0.02237974852323532
15000,H8-V,793,n04209133/ILSVRC2012_val_00013723_n04209133,19,3,0.0094848508015275,0.12476726621389389,0.6111093560854594,0.028072671343882877,0.021961577857534092
15000,H8-V,794,n04209239/ILSVRC2012_val_00049798_n04209239,1,3,0.022601405158638954,0.2039555311203003,2.210909605026245,0.06510605414708455,0.04299695913990339
15000,H8-V,794,n04209239/ILSVRC2012_val_00049798_n04209239,4,3,0.017414100468158722,0.14887169003486633,2.0193838278452554,0.05249510705471039,0.032301269471645355
15000,H8-V,794,n04209239/ILSVRC2012_val_00049798_n04209239,7,3,0.016473171611626942,0.14288737376530966,1.966379721959432,0.05042570705215136,0.030761909981568653
15000,H8-V,794,n04209239/ILSVRC2012_val_00049798_n04209239,13,3,0.015671102640529472,0.13696025808652243,1.9078232447306316,0.04844536011417707,0.02936712900797526
15000,H8-V,794,n04209239/ILSVRC2012_val_00049798_n04209239,19,3,0.015499835213025412,0.13552398482958475,1.8839372793833415,0.04789160564541817,0.029052233323454857
15000,H8-V,795,n04228054/ILSVRC2012_val_00029954_n04228054,1,3,0.010246536384026209,0.14739017685254416,0.5193105737368265,0.0301786611477534,0.024985554317633312
15000,H8-V,795,n04228054/ILSVRC2012_val_00029954_n04228054,4,3,0.004821345054854949,0.08914290368556976,0.41107238332430523,0.017846358940005302,0.013735635516544184
15000,H8-V,795,n04228054/ILSVRC2012_val_00029954_n04228054,7,3,0.00454925869901975,0.08551608522733052,0.3860424856344859,0.016961292053262394,0.013100867159664631
15000,H8-V,795,n04228054/ILSVRC2012_val_00029954_n04228054,13,3,0.004341606050729752,0.08340972413619359,0.36597559849421185,0.016342335070172947,0.012682578836878141
15000,H8-V,795,n04228054/ILSVRC2012_val_00029954_n04228054,19,3,0.004318388799826304,0.08278607080380122,0.36275455355644226,0.01622454139093558,0.012596996190647284
15000,H8-V,796,n04229816/ILSVRC2012_val_00012197_n04229816,1,3,0.007288957325120767,0.18844320376714072,0.4461675782998403,0.030594953646262486,0.026133277763923008
15000,H8-V,796,n04229816/ILSVRC2012_val_00012197_n04229816,4,3,0.0024513075283418098,0.08144819488128026,0.3255854845046997,0.013851981920500597,0.01059612724930048
15000,H8-V,796,n04229816/ILSVRC2012_val_00012197_n04229816,7,3,0.0021571193356066942,0.07450793931881587,0.3041447897752126,0.012649361354609331,0.009607913593451181
15000,H8-V,796,n04229816/ILSVRC2012_val_00012197_n04229816,13,3,0.0019349366193637252,0.07032821079095204,0.2867240309715271,0.011834997683763504,0.00896775753547748
15000,H8-V,796,n04229816/ILSVRC2012_val_00012197_n04229816,19,3,0.0018586480679611366,0.07007889946301778,0.2859251896540324,0.011725789867341518,0.008866537983218828
15000,H8-V,797,n04235860/ILSVRC2012_val_00025499_n04235860,1,3,0.02124401492377122,0.2649823675553004,0.6126861174901327,0.05386911084254583,0.0477422500650088
15000,H8-V,797,n04235860/ILSVRC2012_val_00025499_n04235860,4,3,0.00880622398108244,0.10230018695195515,0.46909868717193604,0.02372723010679086,0.019036242738366127
15000,H8-V,797,n04235860/ILSVRC2012_val_00025499_n04235860,7,3,0.00813158725698789,0.09519265840450923,0.4402435819307963,0.022053288916746776,0.017650853221615154
15000,H8-V,797,n04235860/ILSVRC2012_val_00025499_n04235860,13,3,0.0075109500127534074,0.08856946974992752,0.4167196253935496,0.020535092800855637,0.016367896770437557
15000,H8-V,797,n04235860/ILSVRC2012_val_00025499_n04235860,19,3,0.0073252882187565165,0.08737338831027348,0.412235955397288,0.020184986914197605,0.01606262723604838
15000,H8-V,798,n04238763/ILSVRC2012_val_00007048_n04238763,1,3,0.006795380574961503,0.20165484646956125,0.4164709945519765,0.031125575304031372,0.026960865904887516
15000,H8-V,798,n04238763/ILSVRC2012_val_00007048_n04238763,4,3,0.003558193255836765,0.09864787260691325,0.31887128949165344,0.016611693426966667,0.013422980594138304
15000,H8-V,798,n04238763/ILSVRC2012_val_00007048_n04238763,7,3,0.003393544970701138,0.09346862137317657,0.2949097653230031,0.015689505264163017,0.01274040744950374
15000,H8-V,798,n04238763/ILSVRC2012_val_00007048_n04238763,13,3,0.003221570746973157,0.08630652228991191,0.2777489125728607,0.014629712328314781,0.011852223115662733
15000,H8-V,798,n04238763/ILSVRC2012_val_00007048_n04238763,19,3,0.003145588639502724,0.08292386432488759,0.2775137722492218,0.014213112803796927,0.011437975180645784
15000,H8-V,799,n04239074/ILSVRC2012_val_00045707_n04239074,1,3,0.014368733701606592,0.21244329710801443,0.8092011014620463,0.043705073495705925,0.03561306248108546
15000,H8-V,799,n04239074/ILSVRC2012_val_00045707_n04239074,4,3,0.007831413143624863,0.13909951349099478,0.6741876403490702,0.02848323993384838,0.021741364151239395
15000,H8-V,799,n04239074/ILSVRC2012_val_00045707_n04239074,7,3,0.007350848522037268,0.12998679280281067,0.6443989276885986,0.026793517793218296,0.02034952864050865
15000,H8-V,799,n04239074/ILSVRC2012_val_00045707_n04239074,13,3,0.0067964533033470316,0.11911604305108388,0.6155178546905518,0.024863236273328464,0.018708057701587677
15000,H8-V,799,n04239074/ILSVRC2012_val_00045707_n04239074,19,3,0.006571486437072356,0.11414207518100739,0.6060493389765421,0.02404618759950002,0.017985694110393524
15000,H8-V,800,n04243546/ILSVRC2012_val_00036022_n04243546,1,3,0.023453205203016598,0.23618543644746146,1.0046892762184143,0.05711864431699117,0.04707174996534983
15000,H8-V,800,n04243546/ILSVRC2012_val_00036022_n04243546,4,3,0.01657350982228915,0.14926807582378387,0.8533645868301392,0.040033962577581406,0.03150031715631485
15000,H8-V,800,n04243546/ILSVRC2012_val_00036022_n04243546,7,3,0.01579708606004715,0.14052043358484903,0.8208188613255819,0.03805731857816378,0.02984913003941377
15000,H8-V,800,n04243546/ILSVRC2012_val_00036022_n04243546,13,3,0.015091374516487122,0.13187090555826822,0.7895027200380961,0.036173492670059204,0.02827846569319566
15000,H8-V,800,n04243546/ILSVRC2012_val_00036022_n04243546,19,3,0.01491773035377264,0.1299290955066681,0.7801098624865214,0.03571173921227455,0.02791064108411471
15000,H8-V,801,n04251144/ILSVRC2012_val_00002946_n04251144,1,3,0.019574978699286778,0.20197458565235138,0.9437735279401144,0.04921017214655876,0.03977243850628535
15000,H8-V,801,n04251144/ILSVRC2012_val_00002946_n04251144,4,3,0.0153311671068271,0.13690060377120972,0.8178441325823466,0.037199667344490685,0.02902122773230076
15000,H8-V,801,n04251144/ILSVRC2012_val_00002946_n04251144,7,3,0.014601905519763628,0.13263681530952454,0.7864156564076742,0.03572974354028702,0.027865587423245113
15000,H8-V,801,n04251144/ILSVRC2012_val_00002946_n04251144,13,3,0.013922295843561491,0.1278326859076818,0.7544295191764832,0.034249858309825264,0.026705564310153324
15000,H8-V,801,n04251144/ILSVRC2012_val_00002946_n04251144,19,3,0.013718623978396257,0.12629055480162302,0.742527186870575,0.033772951612869896,0.026347680017352104
15000,H8-V,802,n04252077/ILSVRC2012_val_00048428_n04252077,1,3,0.00791909902667006,0.20723923047383627,0.8283737500508627,0.036926758786042534,0.02864302322268486
15000,H8-V,802,n04252077/ILSVRC2012_val_00048428_n04252077,4,3,0.005566689496239026,0.13537129759788513,0.7170849839846293,0.026274668673674267,0.019103819504380226
15000,H8-V,802,n04252077/ILSVRC2012_val_00048428_n04252077,7,3,0.0052246819250285625,0.12664822240670523,0.6845477223396301,0.0247349813580513,0.017889504010478657
15000,H8-V,802,n04252077/ILSVRC2012_val_00048428_n04252077,13,3,0.004932129755616188,0.11942561467488606,0.6528360843658447,0.02340305286149184,0.01687469147145748
15000,H8-V,802,n04252077/ILSVRC2012_val_00048428_n04252077,19,3,0.004862691896657149,0.11876080930233002,0.642929216225942,0.02316806527475516,0.016738773013154667
15000,H8-V,803,n04252225/ILSVRC2012_val_00045557_n04252225,1,3,0.0036820202755431333,0.135991171002388,0.36215049028396606,0.020902642359336216,0.01728113740682602
15000,H8-V,803,n04252225/ILSVRC2012_val_00045557_n04252225,4,3,0.002012403681874275,0.08395222574472427,0.2813716431458791,0.01322134273747603,0.010407626628875732
15000,H8-V,803,n04252225/ILSVRC2012_val_00045557_n04252225,7,3,0.0018640162500863273,0.07952555020650227,0.25710835059483844,0.012387654433647791,0.00981657113879919
15000,H8-V,803,n04252225/ILSVRC2012_val_00045557_n04252225,13,3,0.001715679691794018,0.07431444525718689,0.23874263962109885,0.011534550848106543,0.009147124364972115
15000,H8-V,803,n04252225/ILSVRC2012_val_00045557_n04252225,19,3,0.0016696228024860222,0.07303047676881154,0.23672563334306082,0.011339926781753698,0.008972670572499434
15000,H8-V,804,n04254120/ILSVRC2012_val_00026459_n04254120,1,3,0.003559726212794582,0.14020301898320517,0.4016159574190776,0.021596188346544903,0.017580028623342514
15000,H8-V,804,n04254120/ILSVRC2012_val_00026459_n04254120,4,3,0.0016271264757961035,0.07715259740749995,0.3278753360112508,0.012621139797071615,0.00934238638728857
15000,H8-V,804,n04254120/ILSVRC2012_val_00026459_n04254120,7,3,0.0014916290917123358,0.07241126398245494,0.30396682024002075,0.01177242398262024,0.008732755668461323
15000,H8-V,804,n04254120/ILSVRC2012_val_00026459_n04254120,13,3,0.0013606420640523236,0.06644200781981151,0.2867715358734131,0.010872558690607548,0.008004843257367611
15000,H8-V,804,n04254120/ILSVRC2012_val_00026459_n04254120,19,3,0.0013384971534833312,0.06490971148014069,0.2865019738674164,0.010694488262136778,0.007829468386868635
15000,H8-V,805,n04254680/ILSVRC2012_val_00046135_n04254680,1,3,0.007326163196315368,0.14239435394605002,0.39386430382728577,0.02550424262881279,0.021565599987904232
15000,H8-V,805,n04254680/ILSVRC2012_val_00046135_n04254680,4,3,0.003781441288689772,0.07322969039281209,0.2858563760916392,0.013962974461416403,0.011104410514235497
15000,H8-V,805,n04254680/ILSVRC2012_val_00046135_n04254680,7,3,0.0035563611115018525,0.0693820317586263,0.26201025644938153,0.013114666566252708,0.010494564349452654
15000,H8-V,805,n04254680/ILSVRC2012_val_00046135_n04254680,13,3,0.0033302058776219687,0.06588769952456157,0.24427479008833566,0.012361723619202772,0.009918975954254469
15000,H8-V,805,n04254680/ILSVRC2012_val_00046135_n04254680,19,3,0.0032548878031472364,0.06496464709440868,0.24270645280679068,0.012178416984776655,0.009751352481544018
15000,H8-V,806,n04254777/ILSVRC2012_val_00015360_n04254777,1,3,0.01433961403866609,0.2019268274307251,0.6559352477391561,0.041091649482647576,0.034532297402620316
15000,H8-V,806,n04254777/ILSVRC2012_val_00015360_n04254777,4,3,0.009454405556122461,0.1199870655934016,0.5208532412846884,0.026661644379297893,0.021453112363815308
15000,H8-V,806,n04254777/ILSVRC2012_val_00015360_n04254777,7,3,0.008699428600569567,0.1108731081088384,0.4913834234078725,0.024700574576854706,0.019786740342775982
15000,H8-V,806,n04254777/ILSVRC2012_val_00015360_n04254777,13,3,0.007472693144033353,0.09561011443535487,0.4652084708213806,0.02168578902880351,0.01703370486696561
15000,H8-V,806,n04254777/ILSVRC2012_val_00015360_n04254777,19,3,0.007316748611629009,0.09234364579121272,0.45843347907066345,0.021135446925957996,0.01655111275613308
15000,H8-V,807,n04258138/ILSVRC2012_val_00009709_n04258138,1,3,0.005377041641622782,0.1822321762641271,0.2635069092114766,0.02623532898724079,0.023600259174903233
15000,H8-V,807,n04258138/ILSVRC2012_val_00009709_n04258138,4,3,0.000955736885468165,0.044434470434983574,0.15418190757433572,0.006941003104050954,0.005399184146275123
15000,H8-V,807,n04258138/ILSVRC2012_val_00009709_n04258138,7,3,0.0008726178590829173,0.04145230601231257,0.13287122547626495,0.006346560704211394,0.005017848374942939
15000,H8-V,807,n04258138/ILSVRC2012_val_00009709_n04258138,13,3,0.0008225633064284921,0.03828784575064977,0.11883313208818436,0.0058396792349716025,0.004651347951342662
15000,H8-V,807,n04258138/ILSVRC2012_val_00009709_n04258138,19,3,0.0007957798467638592,0.0363105945289135,0.11967583000659943,0.005623597651720047,0.004426839295774698
15000,H8-V,808,n04259630/ILSVRC2012_val_00027685_n04259630,1,3,0.007580969482660294,0.19406824807325998,0.7312721808751425,0.0343005166699489,0.026987794786691666
15000,H8-V,808,n04259630/ILSVRC2012_val_00027685_n04259630,4,3,0.005057446037729581,0.11504760881265004,0.6093409260114034,0.02265561620394389,0.0165622066706419
15000,H8-V,808,n04259630/ILSVRC2012_val_00027685_n04259630,7,3,0.004708441129575173,0.10729690889517467,0.5787291924158732,0.021225424483418465,0.01543813260893027
15000,H8-V,808,n04259630/ILSVRC2012_val_00027685_n04259630,13,3,0.004427837363133828,0.09874443709850311,0.5515772104263306,0.019818053270379703,0.014302281352380911
15000,H8-V,808,n04259630/ILSVRC2012_val_00027685_n04259630,19,3,0.004377992978940408,0.09596264859040578,0.5452463030815125,0.01942672145863374,0.013974258365730444
15000,H8-V,809,n04263257/ILSVRC2012_val_00025811_n04263257,1,3,0.013495749173065027,0.25705817838509876,0.9074860215187073,0.04827642813324928,0.03920156757036845
15000,H8-V,809,n04263257/ILSVRC2012_val_00025811_n04263257,4,3,0.007051864638924599,0.13199901580810547,0.7461426655451456,0.027713192626833916,0.020251765847206116
15000,H8-V,809,n04263257/ILSVRC2012_val_00025811_n04263257,7,3,0.006563293902824323,0.12639747560024261,0.7126430670420328,0.026329472040136654,0.019203041369716328
15000,H8-V,809,n04263257/ILSVRC2012_val_00025811_n04263257,13,3,0.006153050189216931,0.12057883044083913,0.681344230969747,0.025024376188715298,0.01821093385418256
15000,H8-V,809,n04263257/ILSVRC2012_val_00025811_n04263257,19,3,0.006065699737519026,0.11876461158196132,0.6720973253250122,0.024663134788473446,0.01794216160972913
15000,H8-V,810,n04264628/ILSVRC2012_val_00031182_n04264628,1,3,0.021305741742253304,0.24095472693443298,0.48971303304036456,0.05029834434390068,0.045401214311520256
15000,H8-V,810,n04264628/ILSVRC2012_val_00031182_n04264628,4,3,0.00766168503711621,0.07748394707838695,0.3274054030577342,0.018684133266409237,0.01541007962077856
15000,H8-V,810,n04264628/ILSVRC2012_val_00031182_n04264628,7,3,0.007195770430068175,0.07371352364619572,0.3025663495063782,0.017592786500851314,0.014567123105128607
15000,H8-V,810,n04264628/ILSVRC2012_val_00031182_n04264628,13,3,0.006644225989778836,0.06929773837327957,0.282992680867513,0.01640392653644085,0.013574000137547651
15000,H8-V,810,n04264628/ILSVRC2012_val_00031182_n04264628,19,3,0.006382994974652926,0.06656188517808914,0.2800190846125285,0.015839374934633572,0.013039183802902699
15000,H8-V,811,n04265275/ILSVRC2012_val_00008398_n04265275,1,3,0.0063332255619267626,0.15458829204241434,0.49223439892133075,0.026714398836096127,0.021792054797212284
15000,H8-V,811,n04265275/ILSVRC2012_val_00008398_n04265275,4,3,0.0031915728468447924,0.09199978411197662,0.39200933774312335,0.016311644886930782,0.0123915517081817
15000,H8-V,811,n04265275/ILSVRC2012_val_00008398_n04265275,7,3,0.002979549113661051,0.08729799091815948,0.36723099152247113,0.015381659070650736,0.011709348919490973
15000,H8-V,811,n04265275/ILSVRC2012_val_00008398_n04265275,13,3,0.0027970855589956045,0.08344800770282745,0.3477724293867747,0.014619610582788786,0.011141886313756308
15000,H8-V,811,n04265275/ILSVRC2012_val_00008398_n04265275,19,3,0.0027523324824869633,0.08280343314011891,0.3453000982602437,0.014485676772892475,0.011032676013807455
15000,H8-V,812,n04266014/ILSVRC2012_val_00020519_n04266014,1,3,0.01923341490328312,0.19525113701820374,0.9210895498593649,0.0479694257179896,0.038758529971043267
15000,H8-V,812,n04266014/ILSVRC2012_val_00020519_n04266014,4,3,0.011198246230681738,0.11111028492450714,0.7812390327453613,0.03012166420618693,0.02230927472313245
15000,H8-V,812,n04266014/ILSVRC2012_val_00020519_n04266014,7,3,0.010470803827047348,0.1053100402156512,0.7488263448079427,0.02849007087449233,0.021001807724436123
15000,H8-V,812,n04266014/ILSVRC2012_val_00020519_n04266014,13,3,0.009750077811380228,0.0999683365225792,0.7164398034413656,0.026911309609810512,0.01974691202243169
15000,H8-V,812,n04266014/ILSVRC2012_val_00020519_n04266014,19,3,0.009496175994475683,0.0980367437005043,0.704266349474589,0.02634251428147157,0.019299850488702457
15000,H8-V,813,n04270147/ILSVRC2012_val_00045750_n04270147,1,3,0.02243735082447529,0.2736738324165344,1.1570128599802654,0.061374861747026443,0.049804734687010445
15000,H8-V,813,n04270147/ILSVRC2012_val_00045750_n04270147,4,3,0.016585445031523705,0.1888870894908905,0.9891297817230225,0.04536545152465502,0.03547415385643641
15000,H8-V,813,n04270147/ILSVRC2012_val_00045750_n04270147,7,3,0.01585307779411475,0.18440669775009155,0.9497788548469543,0.043791535000006356,0.034293745954831444
15000,H8-V,813,n04270147/ILSVRC2012_val_00045750_n04270147,13,3,0.015199590784808,0.1814759373664856,0.9113692243893942,0.042460876206556954,0.033347184459368386
15000,H8-V,813,n04270147/ILSVRC2012_val_00045750_n04270147,19,3,0.015036368121703466,0.18121383090813956,0.8993248542149862,0.04215100035071373,0.03315775220592817
15000,H8-V,814,n04273569/ILSVRC2012_val_00019970_n04273569,1,3,0.012207048634688059,0.12080373366673787,0.4355728328227997,0.028643150503436726,0.02428742249806722
15000,H8-V,814,n04273569/ILSVRC2012_val_00019970_n04273569,4,3,0.009075001192589601,0.08189588785171509,0.33719884355862934,0.020636578400929768,0.01726458966732025
15000,H8-V,814,n04273569/ILSVRC2012_val_00019970_n04273569,7,3,0.008663601552446684,0.07923903812964757,0.31408559282620746,0.019728361318508785,0.01658750573794047
15000,H8-V,814,n04273569/ILSVRC2012_val_00019970_n04273569,13,3,0.008272527406613031,0.07657658557097118,0.29725966850916546,0.018902782971660297,0.015930186336239178
15000,H8-V,814,n04273569/ILSVRC2012_val_00019970_n04273569,19,3,0.008169814012944698,0.0769016221165657,0.2966190179189046,0.018826166167855263,0.015859975789984066
15000,H8-V,815,n04275548/ILSVRC2012_val_00018751_n04275548,1,3,0.008151064005990824,0.22465558350086212,0.8102198839187622,0.03871882085998853,0.030616622418165207
15000,H8-V,815,n04275548/ILSVRC2012_val_00018751_n04275548,4,3,0.006312839997311433,0.17721676329771677,0.7174700697263082,0.031209217384457588,0.024034516264994938
15000,H8-V,815,n04275548/ILSVRC2012_val_00018751_n04275548,7,3,0.006005186432351668,0.16966737310091654,0.685086727142334,0.02982279161612193,0.022971924394369125
15000,H8-V,815,n04275548/ILSVRC2012_val_00018751_n04275548,13,3,0.005779195266465346,0.16238310933113098,0.6544651985168457,0.028562158346176147,0.022017506261666615
15000,H8-V,815,n04275548/ILSVRC2012_val_00018751_n04275548,19,3,0.005739162210375071,0.16270337998867035,0.6449249188105265,0.028458749875426292,0.022009501233696938
15000,H8-V,816,n04277352/ILSVRC2012_val_00039896_n04277352,1,3,0.009253453773756823,0.11960286647081375,0.4965181847413381,0.026178923125068348,0.02121374135216077
15000,H8-V,816,n04277352/ILSVRC2012_val_00039896_n04277352,4,3,0.006174919040252765,0.08438164244095485,0.4172782003879547,0.018785865356524784,0.014613083253304163
15000,H8-V,816,n04277352/ILSVRC2012_val_00039896_n04277352,7,3,0.005773497434953849,0.08007878810167313,0.38972313205401105,0.01767860787610213,0.01378137618303299
15000,H8-V,816,n04277352/ILSVRC2012_val_00039896_n04277352,13,3,0.005084122686336438,0.07289485136667888,0.36596659819285077,0.016033273190259933,0.012373607605695724
15000,H8-V,816,n04277352/ILSVRC2012_val_00039896_n04277352,19,3,0.004818622333308061,0.06960900872945786,0.36058847109476727,0.015385407954454422,0.011779523454606533
15000,H8-V,817,n04285008/ILSVRC2012_val_00025004_n04285008,1,3,0.028798264140884083,0.29702790081501007,1.2469472885131836,0.07097052906950314,0.05850105484326681
15000,H8-V,817,n04285008/ILSVRC2012_val_00025004_n04285008,4,3,0.01718662492930889,0.16995895902315775,1.060251235961914,0.04478503266970316,0.034182521204153694
15000,H8-V,817,n04285008/ILSVRC2012_val_00025004_n04285008,7,3,0.01621153950691223,0.16101935505867004,1.0218566258748372,0.04253204042712847,0.03231347476442655
15000,H8-V,817,n04285008/ILSVRC2012_val_00025004_n04285008,13,3,0.015469048482676348,0.15233360727628073,0.9836563070615133,0.04053897286454836,0.030702409024039905
15000,H8-V,817,n04285008/ILSVRC2012_val_00025004_n04285008,19,3,0.015343439144392809,0.149387796719869,0.9709653258323669,0.03999187176426252,0.030282219250996906
15000,H8-V,818,n04286575/ILSVRC2012_val_00034493_n04286575,1,3,0.009135530951122442,0.19995770851771036,0.5497904221216837,0.034629207104444504,0.029131301989157993
15000,H8-V,818,n04286575/ILSVRC2012_val_00034493_n04286575,4,3,0.00620635583375891,0.11574906607468922,0.4536645809809367,0.022317908083399136,0.01778126259644826
15000,H8-V,818,n04286575/ILSVRC2012_val_00034493_n04286575,7,3,0.005695681398113568,0.10614460210005443,0.42468459407488507,0.020556986952821415,0.016310141732295353
15000,H8-V,818,n04286575/ILSVRC2012_val_00034493_n04286575,13,3,0.005124427688618501,0.09418356418609619,0.39934011300404865,0.01853618522485097,0.014542784231404463
15000,H8-V,818,n04286575/ILSVRC2012_val_00034493_n04286575,19,3,0.004924257441113393,0.0888250321149826,0.3933836321036021,0.01774059732755025,0.013806760932008425
15000,H8-V,819,n04296562/ILSVRC2012_val_00048518_n04296562,1,3,0.012218880777557692,0.20046427845954895,0.6395218968391418,0.03866052875916163,0.0322653092443943
15000,H8-V,819,n04296562/ILSVRC2012_val_00048518_n04296562,4,3,0.00974477423975865,0.14740449686845145,0.5408538579940796,0.029893762121597927,0.02448522423704465
15000,H8-V,819,n04296562/ILSVRC2012_val_00048518_n04296562,7,3,0.009314622730016708,0.14239910741647085,0.5133838653564453,0.02868837242325147,0.02355453372001648
15000,H8-V,819,n04296562/ILSVRC2012_val_00048518_n04296562,13,3,0.008956598738829294,0.13750186562538147,0.48976699511210126,0.02760445512831211,0.022706785549720127
15000,H8-V,819,n04296562/ILSVRC2012_val_00048518_n04296562,19,3,0.008880418414870897,0.1351164480050405,0.4848528802394867,0.02724059298634529,0.02239206371208032
15000,H8-V,820,n04310018/ILSVRC2012_val_00010581_n04310018,1,3,0.013152249157428741,0.2318880558013916,0.7193658749262491,0.04353471597035726,0.03634105622768402
15000,H8-V,820,n04310018/ILSVRC2012_val_00010581_n04310018,4,3,0.009401388466358185,0.16503497461477915,0.594514528910319,0.031850031266609825,0.025904886424541473
15000,H8-V,820,n04310018/ILSVRC2012_val_00010581_n04310018,7,3,0.008971000090241432,0.15888615449269614,0.5643624067306519,0.03050323948264122,0.024859615912040074
15000,H8-V,820,n04310018/ILSVRC2012_val_00010581_n04310018,13,3,0.008586459482709566,0.15247473120689392,0.5371062159538269,0.029204995060960453,0.02383393297592799
15000,H8-V,820,n04310018/ILSVRC2012_val_00010581_n04310018,19,3,0.008490400078396002,0.1505214422941208,0.5299880703290304,0.028842424973845482,0.023542544494072597
15000,H8-V,821,n04311004/ILSVRC2012_val_00017498_n04311004,1,3,0.00936026064058145,0.2716979384422302,0.7531581322352091,0.04406163593133291,0.036530054484804474
15000,H8-V,821,n04311004/ILSVRC2012_val_00017498_n04311004,4,3,0.005901434614012639,0.1739769528309504,0.595528225104014,0.029254412278532982,0.02329912967979908
15000,H8-V,821,n04311004/ILSVRC2012_val_00017498_n04311004,7,3,0.005513627392550309,0.16424261530240378,0.5646369059880575,0.027584259087840717,0.021937889978289604
15000,H8-V,821,n04311004/ILSVRC2012_val_00017498_n04311004,13,3,0.0051688761450350285,0.15584233899911246,0.5369327068328857,0.026122437169154484,0.02075311044851939
15000,H8-V,821,n04311004/ILSVRC2012_val_00017498_n04311004,19,3,0.005076979752629995,0.15375389158725739,0.5299071470896403,0.025751440475384395,0.02045236900448799
15000,H8-V,822,n04311174/ILSVRC2012_val_00047486_n04311174,1,3,0.017218883459766705,0.24021645883719125,0.9106859763463339,0.050347390274206795,0.041240530709425606
15000,H8-V,822,n04311174/ILSVRC2012_val_00047486_n04311174,4,3,0.010072003118693829,0.15315142273902893,0.7626499732335409,0.03301364555954933,0.025387145578861237
15000,H8-V,822,n04311174/ILSVRC2012_val_00047486_n04311174,7,3,0.009138289218147596,0.14510182539621988,0.7295570572217306,0.03094404252866904,0.023648471881945927
15000,H8-V,822,n04311174/ILSVRC2012_val_00047486_n04311174,13,3,0.008166270020107428,0.13530342280864716,0.6981077591578165,0.02867769015332063,0.02169661285976569
15000,H8-V,822,n04311174/ILSVRC2012_val_00047486_n04311174,19,3,0.007960896007716656,0.1333004037539164,0.6883115768432617,0.028174052014946938,0.021290936196843784
15000,H8-V,823,n04317175/ILSVRC2012_val_00029515_n04317175,1,3,0.01232087736328443,0.20587923129399618,0.799610435962677,0.04090490440527598,0.032908799747625984
15000,H8-V,823,n04317175/ILSVRC2012_val_00029515_n04317175,4,3,0.007122856564819813,0.12536848336458206,0.6687378883361816,0.026347083350022633,0.019659704839189846
15000,H8-V,823,n04317175/ILSVRC2012_val_00029515_n04317175,7,3,0.006611560160915057,0.11720644930998485,0.6372667749722799,0.024704872940977413,0.01833220509191354
15000,H8-V,823,n04317175/ILSVRC2012_val_00029515_n04317175,13,3,0.006118628196418285,0.10923304408788681,0.6072548627853394,0.0231144813199838,0.01704193279147148
15000,H8-V,823,n04317175/ILSVRC2012_val_00029515_n04317175,19,3,0.00601534607509772,0.1067176063855489,0.5981516639391581,0.02266862305502097,0.01668710634112358
15000,H8-V,824,n04325704/ILSVRC2012_val_00034344_n04325704,1,3,0.011199156288057566,0.15629569937785467,0.45115389426549274,0.031340264404813446,0.026828726132710774
15000,H8-V,824,n04325704/ILSVRC2012_val_00034344_n04325704,4,3,0.00549042612935106,0.07440724223852158,0.3408730626106262,0.016339881345629692,0.012931150384247303
15000,H8-V,824,n04325704/ILSVRC2012_val_00034344_n04325704,7,3,0.00514245918020606,0.07124774406353633,0.3157643874486287,0.015424877405166626,0.012267233493427435
15000,H8-V,824,n04325704/ILSVRC2012_val_00034344_n04325704,13,3,0.004796045521895091,0.06731475392977397,0.29626671473185223,0.014490187789003054,0.01152752060443163
15000,H8-V,824,n04325704/ILSVRC2012_val_00034344_n04325704,19,3,0.004699231435855229,0.06465883056322734,0.2934975226720174,0.014100089979668459,0.011165114430089792
15000,H8-V,825,n04326547/ILSVRC2012_val_00017665_n04326547,1,3,0.01633811028053363,0.3038861354192098,0.6552887956301371,0.05327961469690005,0.04672672599554062
15000,H8-V,825,n04326547/ILSVRC2012_val_00017665_n04326547,4,3,0.014182402131458124,0.19877833127975464,0.5280482172966003,0.039340718338886894,0.03406023606657982
15000,H8-V,825,n04326547/ILSVRC2012_val_00017665_n04326547,7,3,0.013795651805897554,0.19447921216487885,0.5014254649480184,0.038257827361424766,0.033243572960297264
15000,H8-V,825,n04326547/ILSVRC2012_val_00017665_n04326547,13,3,0.013464181994398436,0.18932647009690604,0.47919631004333496,0.037188791980346046,0.032396829376618065
15000,H8-V,825,n04326547/ILSVRC2012_val_00017665_n04326547,19,3,0.013409439474344254,0.18783480922381082,0.47488828500111896,0.03694180275003115,0.032192920645078026
15000,H8-V,826,n04328186/ILSVRC2012_val_00039517_n04328186,1,3,0.011556186713278294,0.14744901160399118,0.8434429168701172,0.03473551695545515,0.02630108781158924
15000,H8-V,826,n04328186/ILSVRC2012_val_00039517_n04328186,4,3,0.006836770412822564,0.0808815062046051,0.6990207235018412,0.021915127833684284,0.014924920784930388
15000,H8-V,826,n04328186/ILSVRC2012_val_00039517_n04328186,7,3,0.006451275044431289,0.07587890326976776,0.6663625836372375,0.020702791089812916,0.014039165650804838
15000,H8-V,826,n04328186/ILSVRC2012_val_00039517_n04328186,13,3,0.006145840200285117,0.07071126004060109,0.6340061028798422,0.019557027767101925,0.013216966452697912
15000,H8-V,826,n04328186/ILSVRC2012_val_00039517_n04328186,19,3,0.006095545366406441,0.06808069596687953,0.6229629317919413,0.019133244330684345,0.01290361521144708
15000,H8-V,827,n04330267/ILSVRC2012_val_00033864_n04330267,1,3,0.019013685484727223,0.256895050406456,0.8928473591804504,0.05363166332244873,0.044703190525372825
15000,H8-V,827,n04330267/ILSVRC2012_val_00033864_n04330267,4,3,0.00973145974179109,0.133225051065286,0.7166182001431783,0.030220147222280502,0.02305396522084872
15000,H8-V,827,n04330267/ILSVRC2012_val_00033864_n04330267,7,3,0.009200107927123705,0.12706402440865835,0.683230439821879,0.028738814095656078,0.02190650999546051
15000,H8-V,827,n04330267/ILSVRC2012_val_00033864_n04330267,13,3,0.008695359031359354,0.1194703256090482,0.6514912645022074,0.02715730418761571,0.020642391716440518
15000,H8-V,827,n04330267/ILSVRC2012_val_00033864_n04330267,19,3,0.008543390470246473,0.11719484130541484,0.6415221691131592,0.026678095882137615,0.02026287466287613
15000,H8-V,828,n04332243/ILSVRC2012_val_00018089_n04332243,1,3,0.009940112940967083,0.12709680696328482,0.36237768332163495,0.02627357157568137,0.022649794196089108
15000,H8-V,828,n04332243/ILSVRC2012_val_00018089_n04332243,4,3,0.004203130180637042,0.06513440857330959,0.26787106196085614,0.013395281819005808,0.010716571162144342
15000,H8-V,828,n04332243/ILSVRC2012_val_00018089_n04332243,7,3,0.0039342438491682214,0.060274661829074226,0.2422774781783422,0.012384484832485517,0.009961710001031557
15000,H8-V,828,n04332243/ILSVRC2012_val_00018089_n04332243,13,3,0.0037040754687041044,0.055632274597883224,0.22174678246180216,0.011484770414729914,0.009267302540441355
15000,H8-V,828,n04332243/ILSVRC2012_val_00018089_n04332243,19,3,0.0036416940856724977,0.05426012103756269,0.21832044422626495,0.011250910659631094,0.009067706453303495
15000,H8-V,829,n04335435/ILSVRC2012_val_00045531_n04335435,1,3,0.02761829209824403,0.3185848693052928,1.290660818417867,0.07238338887691498,0.05947678039471308
15000,H8-V,829,n04335435/ILSVRC2012_val_00045531_n04335435,4,3,0.017986478904883068,0.1981122891108195,1.0793308019638062,0.04859101648132006,0.0377977080643177
15000,H8-V,829,n04335435/ILSVRC2012_val_00045531_n04335435,7,3,0.017099364350239437,0.19372477134068808,1.043052872021993,0.046902370949586235,0.03647184247771899
15000,H8-V,829,n04335435/ILSVRC2012_val_00045531_n04335435,13,3,0.016311807557940483,0.1887877881526947,1.007979114850362,0.04527037714918455,0.03519058600068092
15000,H8-V,829,n04335435/ILSVRC2012_val_00045531_n04335435,19,3,0.01607906197508176,0.18620917201042175,0.9973965883255005,0.044673945754766464,0.03469998141129812
15000,H8-V,830,n04336792/ILSVRC2012_val_00007504_n04336792,1,3,0.021664433802167576,0.24467418094476065,1.2887672185897827,0.05901952460408211,0.04613185177246729
15000,H8-V,830,n04336792/ILSVRC2012_val_00007504_n04336792,4,3,0.015877800683180492,0.1691041886806488,1.1159167289733887,0.04394738624493281,0.03278821955124537
15000,H8-V,830,n04336792/ILSVRC2012_val_00007504_n04336792,7,3,0.014866308930019537,0.1608956257502238,1.0756636063257854,0.04171250884731611,0.030955872188011806
15000,H8-V,830,n04336792/ILSVRC2012_val_00007504_n04336792,13,3,0.013981501882274946,0.15340925256411234,1.036305824915568,0.03968548526366552,0.029322427387038868
15000,H8-V,830,n04336792/ILSVRC2012_val_00007504_n04336792,19,3,0.013770932331681252,0.1522464007139206,1.0236293474833171,0.03923186535636584,0.028995572899778683
15000,H8-V,831,n04344873/ILSVRC2012_val_00041398_n04344873,1,3,0.0035093314945697784,0.18029756844043732,0.47600271304448444,0.026299115891257923,0.02153908833861351
15000,H8-V,831,n04344873/ILSVRC2012_val_00041398_n04344873,4,3,0.0018088883177066843,0.09551783899466197,0.3704080084959666,0.01506475235025088,0.011360672612984976
15000,H8-V,831,n04344873/ILSVRC2012_val_00041398_n04344873,7,3,0.0016676328765849273,0.08863991498947144,0.34469321370124817,0.013978556729853153,0.010531624468664328
15000,H8-V,831,n04344873/ILSVRC2012_val_00041398_n04344873,13,3,0.0015290547162294388,0.08216058214505513,0.3243167499701182,0.01298828050494194,0.009745112930734953
15000,H8-V,831,n04344873/ILSVRC2012_val_00041398_n04344873,19,3,0.001496370998211205,0.08066995193560918,0.32126276691754657,0.012775994216402372,0.009563366261621317
15000,H8-V,832,n04346328/ILSVRC2012_val_00031615_n04346328,1,3,0.015721934226651985,0.22174356877803802,0.7269013722737631,0.04516530533631643,0.037896291663249336
15000,H8-V,832,n04346328/ILSVRC2012_val_00031615_n04346328,4,3,0.010432508774101734,0.13434503972530365,0.6066985726356506,0.029933998361229897,0.023867012932896614
15000,H8-V,832,n04346328/ILSVRC2012_val_00031615_n04346328,7,3,0.009920015931129456,0.1300906091928482,0.5768029689788818,0.0286971057454745,0.022929076726237934
15000,H8-V,832,n04346328/ILSVRC2012_val_00031615_n04346328,13,3,0.009461657454570135,0.12537472446759543,0.5485132932662964,0.027484263603885967,0.021999130646387737
15000,H8-V,832,n04346328/ILSVRC2012_val_00031615_n04346328,19,3,0.00937332088748614,0.12397769093513489,0.5397728482882181,0.027168818439046543,0.021771090105175972
15000,H8-V,833,n04347754/ILSVRC2012_val_00000595_n04347754,1,3,0.01221757847815752,0.152241383989652,0.474317063887914,0.03218488767743111,0.02744171644250552
15000,H8-V,833,n04347754/ILSVRC2012_val_00000595_n04347754,4,3,0.010247540660202503,0.12460846950610478,0.39875205357869464,0.02669590897858143,0.0227083886663119
15000,H8-V,833,n04347754/ILSVRC2012_val_00000595_n04347754,7,3,0.009853272077937921,0.12155805031458537,0.3749863803386688,0.02575894134740035,0.02200907717148463
15000,H8-V,833,n04347754/ILSVRC2012_val_00000595_n04347754,13,3,0.009475462138652802,0.11890474210182826,0.3563063442707062,0.024929000064730644,0.021365936845541
15000,H8-V,833,n04347754/ILSVRC2012_val_00000595_n04347754,19,3,0.009363032567004362,0.11833844085534413,0.3540097276369731,0.024736973146597546,0.02119687634209792
15000,H8-V,834,n04350905/ILSVRC2012_val_00023402_n04350905,1,3,0.015899522230029106,0.21397185325622559,0.7031709750493368,0.04432841638724009,0.03729670805235704
15000,H8-V,834,n04350905/ILSVRC2012_val_00023402_n04350905,4,3,0.007276687150200208,0.10895937929550807,0.5608103473981222,0.023780728379885357,0.018172624831398327
15000,H8-V,834,n04350905/ILSVRC2012_val_00023402_n04350905,7,3,0.006473936761418979,0.09781533976395924,0.5323589642842611,0.02157906008263429,0.016255470924079418
15000,H8-V,834,n04350905/ILSVRC2012_val_00023402_n04350905,13,3,0.005681644814709823,0.08811999609073003,0.5090427001317342,0.01958407151202361,0.01449364454795917
15000,H8-V,834,n04350905/ILSVRC2012_val_00023402_n04350905,19,3,0.005483389521638553,0.08575734992822011,0.5049658616383871,0.019108783453702927,0.01405912513534228
15000,H8-V,835,n04355338/ILSVRC2012_val_00020711_n04355338,1,3,0.013327684874335924,0.1654163251320521,0.5229295492172241,0.03509861355026563,0.029869317387541134
15000,H8-V,835,n04355338/ILSVRC2012_val_00020711_n04355338,4,3,0.007868420953551928,0.07789511233568192,0.40467220544815063,0.019704654191931088,0.015657932808001835
15000,H8-V,835,n04355338/ILSVRC2012_val_00020711_n04355338,7,3,0.007522416611512502,0.07405323286851247,0.380158652861913,0.018729326625665028,0.014927740208804607
15000,H8-V,835,n04355338/ILSVRC2012_val_00020711_n04355338,13,3,0.0071555739268660545,0.07079539199670155,0.36110742886861164,0.017846187576651573,0.014235113126536211
15000,H8-V,835,n04355338/ILSVRC2012_val_00020711_n04355338,19,3,0.007009335017452638,0.06954230119784673,0.35871608058611554,0.017550725489854813,0.013963565230369568
15000,H8-V,836,n04355933/ILSVRC2012_val_00031126_n04355933,1,3,0.004428754094988108,0.23631987969080606,0.5733921726544698,0.03379466384649277,0.02806074234346549
15000,H8-V,836,n04355933/ILSVRC2012_val_00031126_n04355933,4,3,0.001834653861199816,0.10590221732854843,0.45048580567042035,0.016929733877380688,0.012424875982105732
15000,H8-V,836,n04355933/ILSVRC2012_val_00031126_n04355933,7,3,0.001671447108189265,0.09610350430011749,0.42294905583063763,0.0155112873762846,0.011281797662377357
15000,H8-V,836,n04355933/ILSVRC2012_val_00031126_n04355933,13,3,0.0014878419460728765,0.08645108838876088,0.3999756673971812,0.014132707379758358,0.010132950730621815
15000,H8-V,836,n04355933/ILSVRC2012_val_00031126_n04355933,19,3,0.0014207429097344477,0.0829009438554446,0.39586494366327923,0.013669487088918686,0.009710837776462236
15000,H8-V,837,n04356056/ILSVRC2012_val_00042996_n04356056,1,3,0.016514743367830913,0.24246946970621744,0.8508735497792562,0.04927042623360952,0.040761690586805344
15000,H8-V,837,n04356056/ILSVRC2012_val_00042996_n04356056,4,3,0.009555377066135406,0.14325479169686636,0.6962287425994873,0.030843143661816914,0.023880856732527416
15000,H8-V,837,n04356056/ILSVRC2012_val_00042996_n04356056,7,3,0.008685712392131487,0.13553345700105032,0.6630353728930155,0.02886941283941269,0.02223905920982361
15000,H8-V,837,n04356056/ILSVRC2012_val_00042996_n04356056,13,3,0.007982652013500532,0.12843538324038187,0.6326140761375427,0.027152331545948982,0.02082619071006775
15000,H8-V,837,n04356056/ILSVRC2012_val_00042996_n04356056,19,3,0.007735106473167737,0.12622474133968353,0.6241320570309957,0.026598901798327763,0.020357580855488777
15000,H8-V,838,n04357314/ILSVRC2012_val_00022026_n04357314,1,3,0.00899457341680924,0.24516665438810983,0.557612935702006,0.0390873687962691,0.03351123879353205
15000,H8-V,838,n04357314/ILSVRC2012_val_00022026_n04357314,4,3,0.004970027909924586,0.09936703244845073,0.41356563568115234,0.019042388225595158,0.01490673174460729
15000,H8-V,838,n04357314/ILSVRC2012_val_00022026_n04357314,7,3,0.004731973633170128,0.09493341545263927,0.3872161606947581,0.018097476412852604,0.014225314992169539
15000,H8-V,838,n04357314/ILSVRC2012_val_00022026_n04357314,13,3,0.004485107803096374,0.09018765886624654,0.36454590161641437,0.01714933291077614,0.013503873720765114
15000,H8-V,838,n04357314/ILSVRC2012_val_00022026_n04357314,19,3,0.004398281530787547,0.08887384335199992,0.35906792680422467,0.01687634550035,0.01328566608329614
15000,H8-V,839,n04366367/ILSVRC2012_val_00011509_n04366367,1,3,0.019229648013909657,0.22283370792865753,0.9110113581021627,0.05062313377857208,0.04151301955183347
15000,H8-V,839,n04366367/ILSVRC2012_val_00011509_n04366367,4,3,0.012760159249107042,0.15998619298140207,0.7768431107203165,0.0365272102256616,0.028758779168128967
15000,H8-V,839,n04366367/ILSVRC2012_val_00011509_n04366367,7,3,0.012052556810279688,0.15271145602067313,0.7449175715446472,0.03477287913362185,0.027323702971140545
15000,H8-V,839,n04366367/ILSVRC2012_val_00011509_n04366367,13,3,0.011335589612523714,0.1461191028356552,0.7151184678077698,0.033098685244719185,0.02594750002026558
15000,H8-V,839,n04366367/ILSVRC2012_val_00011509_n04366367,19,3,0.011059677538772425,0.14381961524486542,0.7068638404210409,0.032510278125603996,0.025441639125347137
15000,H8-V,840,n04367480/ILSVRC2012_val_00015088_n04367480,1,3,0.02433799331386884,0.3003085305293401,0.9505701859792074,0.06387454768021901,0.05436884487668673
15000,H8-V,840,n04367480/ILSVRC2012_val_00015088_n04367480,4,3,0.019471572091182072,0.16610063115755716,0.8017564415931702,0.04409920051693916,0.036081636945406594
15000,H8-V,840,n04367480/ILSVRC2012_val_00015088_n04367480,7,3,0.018549940859278042,0.1616195092598597,0.7708283464113871,0.042420174926519394,0.0347118911643823
15000,H8-V,840,n04367480/ILSVRC2012_val_00015088_n04367480,13,3,0.017648195226987202,0.16067307194073996,0.7411518692970276,0.04112702111403147,0.033715503911177315
15000,H8-V,840,n04367480/ILSVRC2012_val_00015088_n04367480,19,3,0.017364921669165295,0.16303514937559763,0.7316579222679138,0.04098501428961754,0.033668436110019684
15000,H8-V,841,n04370456/ILSVRC2012_val_00011149_n04370456,1,3,0.004317682391653459,0.2506607274214427,0.5464909871419271,0.03484866706033548,0.02938375622034073
15000,H8-V,841,n04370456/ILSVRC2012_val_00011149_n04370456,4,3,0.0023491239796082177,0.19738796850045523,0.45052748918533325,0.02659319651623567,0.022087921078006428
15000,H8-V,841,n04370456/ILSVRC2012_val_00011149_n04370456,7,3,0.002233535284176469,0.19194875160853067,0.4239920874436696,0.02566833235323429,0.02142841120560964
15000,H8-V,841,n04370456/ILSVRC2012_val_00011149_n04370456,13,3,0.002039169892668724,0.1857600857814153,0.40205291906992596,0.024635708580414455,0.02061517909169197
15000,H8-V,841,n04370456/ILSVRC2012_val_00011149_n04370456,19,3,0.001916142141756912,0.18278048932552338,0.3982134660085042,0.024176326269904774,0.020194191485643387
15000,H8-V,842,n04371430/ILSVRC2012_val_00041981_n04371430,1,3,0.011928853578865528,0.16539467374483743,0.5617332259813944,0.03408565248052279,0.028468321387966473
15000,H8-V,842,n04371430/ILSVRC2012_val_00041981_n04371430,4,3,0.008190963106850782,0.09655642509460449,0.4576526681582133,0.022423132012287777,0.01784660543004672
15000,H8-V,842,n04371430/ILSVRC2012_val_00041981_n04371430,7,3,0.007846687299509844,0.09264629830916722,0.43146654963493347,0.02142598231633504,0.017111316944162052
15000,H8-V,842,n04371430/ILSVRC2012_val_00041981_n04371430,13,3,0.007532870552192132,0.08865448335806529,0.40867913762728375,0.020485110580921173,0.016398319353659947
15000,H8-V,842,n04371430/ILSVRC2012_val_00041981_n04371430,19,3,0.007456307920316855,0.08741819361845653,0.40288228789965314,0.02022695044676463,0.01619812784095605
15000,H8-V,843,n04371774/ILSVRC2012_val_00044844_n04371774,1,3,0.015369653391341368,0.21696314215660095,0.6502305467923483,0.043568273385365806,0.03706596791744232
15000,H8-V,843,n04371774/ILSVRC2012_val_00044844_n04371774,4,3,0.010745620355010033,0.12882661819458008,0.5235472917556763,0.028863755365212757,0.0236282820502917
15000,H8-V,843,n04371774/ILSVRC2012_val_00044844_n04371774,7,3,0.010179753104845682,0.12154531478881836,0.4937276244163513,0.027271561324596405,0.022334285080432892
15000,H8-V,843,n04371774/ILSVRC2012_val_00044844_n04371774,13,3,0.009633766176799933,0.11486006031433742,0.46704111496607464,0.025790182873606682,0.021119772146145504
15000,H8-V,843,n04371774/ILSVRC2012_val_00044844_n04371774,19,3,0.009474126622080803,0.11341502020756404,0.46022842327753705,0.025417912751436234,0.020815628891189892
15000,H8-V,844,n04372370/ILSVRC2012_val_00048738_n04372370,1,3,0.006587013602256775,0.21152262389659882,0.538506011168162,0.033124337593714394,0.027739277109503746
15000,H8-V,844,n04372370/ILSVRC2012_val_00048738_n04372370,4,3,0.003886033392821749,0.1379897197087606,0.41326438387235004,0.02181764878332615,0.01768500544130802
15000,H8-V,844,n04372370/ILSVRC2012_val_00048738_n04372370,7,3,0.0036732041432211795,0.13058637579282126,0.3873325288295746,0.020605166753133137,0.01673184211055438
15000,H8-V,844,n04372370/ILSVRC2012_val_00048738_n04372370,13,3,0.0035096779465675354,0.12383783360322316,0.3666377663612366,0.019559838498632114,0.01589346118271351
15000,H8-V,844,n04372370/ILSVRC2012_val_00048738_n04372370,19,3,0.0034820508832732835,0.12151908129453659,0.3640173176924388,0.019274132326245308,0.0156339593231678
15000,H8-V,845,n04376876/ILSVRC2012_val_00026871_n04376876,1,3,0.004900981516887744,0.12121028949817021,0.30272843440373737,0.020049296009043854,0.01702201087027788
15000,H8-V,845,n04376876/ILSVRC2012_val_00026871_n04376876,4,3,0.0012911187174419563,0.040984327594439186,0.19562947750091553,0.007345846388489008,0.005389551632106304
15000,H8-V,845,n04376876/ILSVRC2012_val_00026871_n04376876,7,3,0.0012111509374032419,0.037923199435075126,0.1737748682498932,0.006741219665855169,0.005003470927476883
15000,H8-V,845,n04376876/ILSVRC2012_val_00026871_n04376876,13,3,0.0011371656243378918,0.03443353995680809,0.15903909504413605,0.006170910783112049,0.004580519783000152
15000,H8-V,845,n04376876/ILSVRC2012_val_00026871_n04376876,19,3,0.001106949057430029,0.032799440125624336,0.15967804690202078,0.005983673656980197,0.0043868931631247205
15000,H8-V,846,n04380533/ILSVRC2012_val_00030598_n04380533,1,3,0.00420766556635499,0.10612271477778752,0.23928424715995789,0.017212779571612675,0.014819937447706858
15000,H8-V,846,n04380533/ILSVRC2012_val_00030598_n04380533,4,3,0.0012815204293777545,0.03584754218657812,0.1392356902360916,0.006258631590753794,0.004866274694601695
15000,H8-V,846,n04380533/ILSVRC2012_val_00030598_n04380533,7,3,0.0011665951848650973,0.033288260300954185,0.11720932275056839,0.005667514633387327,0.004495421269287665
15000,H8-V,846,n04380533/ILSVRC2012_val_00030598_n04380533,13,3,0.001072556517707805,0.030685807888706524,0.10191552837689717,0.005160292765746514,0.004141137469559908
15000,H8-V,846,n04380533/ILSVRC2012_val_00030598_n04380533,19,3,0.0010405396266529958,0.029634042953451473,0.10133923838535945,0.005017336457967758,0.004003944030652444
15000,H8-V,847,n04389033/ILSVRC2012_val_00030230_n04389033,1,3,0.013607646338641644,0.20421762764453888,0.6903154452641805,0.04093256592750549,0.03402941053112348
15000,H8-V,847,n04389033/ILSVRC2012_val_00030230_n04389033,4,3,0.008722171808282534,0.11980771521727245,0.5753720204035441,0.026456664005915325,0.020702943205833435
15000,H8-V,847,n04389033/ILSVRC2012_val_00030230_n04389033,7,3,0.008300032777090868,0.11401739964882533,0.5470598538716634,0.025172371417284012,0.019701773300766945
15000,H8-V,847,n04389033/ILSVRC2012_val_00030230_n04389033,13,3,0.007929286919534206,0.10973529517650604,0.522077202796936,0.024123587956031162,0.018902816499272983
15000,H8-V,847,n04389033/ILSVRC2012_val_00030230_n04389033,19,3,0.007867424127956232,0.10967949281136195,0.5160474379857382,0.023995847751696903,0.01883537322282791
15000,H8-V,848,n04392985/ILSVRC2012_val_00030409_n04392985,1,3,0.010151566006243229,0.16314900914827982,0.47403739889462787,0.031206841270128887,0.026466467107335728
15000,H8-V,848,n04392985/ILSVRC2012_val_00030409_n04392985,4,3,0.004291124331454436,0.08530601859092712,0.35693193475405377,0.016391046345233917,0.012821726500988007
15000,H8-V,848,n04392985/ILSVRC2012_val_00030409_n04392985,7,3,0.004025828248510758,0.08072535693645477,0.33531882365544635,0.015451552035907904,0.01209836391111215
15000,H8-V,848,n04392985/ILSVRC2012_val_00030409_n04392985,13,3,0.0037831359077244997,0.07595359782377879,0.31646959980328876,0.014543191529810429,0.01137849564353625
15000,H8-V,848,n04392985/ILSVRC2012_val_00030409_n04392985,19,3,0.0037059332244098186,0.07348380982875824,0.31372780601183575,0.01419159242262443,0.011054314362506071
15000,H8-V,849,n04398044/ILSVRC2012_val_00014880_n04398044,1,3,0.01815213697652022,0.24763215084870657,1.011839747428894,0.05303374926249186,0.04291535293062528
15000,H8-V,849,n04398044/ILSVRC2012_val_00014880_n04398044,4,3,0.0100889066234231,0.15501130123933157,0.8251258333524069,0.03384129454692205,0.025590036064386368
15000,H8-V,849,n04398044/ILSVRC2012_val_00014880_n04398044,7,3,0.009223480088015398,0.1449622462193171,0.7886261343955994,0.03160596638917923,0.023719705020387966
15000,H8-V,849,n04398044/ILSVRC2012_val_00014880_n04398044,13,3,0.008403313967088858,0.13388908902804056,0.7531177600224813,0.029323400929570198,0.021792223677039146
15000,H8-V,849,n04398044/ILSVRC2012_val_00014880_n04398044,19,3,0.0081712044775486,0.12963966528574625,0.7420945366223654,0.028556117167075474,0.021135171875357628
15000,H8-V,850,n04399382/ILSVRC2012_val_00006996_n04399382,1,3,0.02038846506426732,0.26033779978752136,0.8244912624359131,0.05466715867320696,0.04642224684357643
15000,H8-V,850,n04399382/ILSVRC2012_val_00006996_n04399382,4,3,0.009687611522773901,0.1334110995133718,0.6559641559918722,0.02958836282293002,0.023028721412022907
15000,H8-V,850,n04399382/ILSVRC2012_val_00006996_n04399382,7,3,0.008946150230864683,0.12525375187397003,0.6238089402516683,0.02770961510638396,0.021471525852878887
15000,H8-V,850,n04399382/ILSVRC2012_val_00006996_n04399382,13,3,0.008376776551206907,0.11893074462811153,0.5947566628456116,0.026217417791485786,0.020269850889841717
15000,H8-V,850,n04399382/ILSVRC2012_val_00006996_n04399382,19,3,0.008243709802627563,0.11731229722499847,0.5870003501574198,0.025844942778348923,0.01997494014600913
15000,H8-V,851,n04404412/ILSVRC2012_val_00048910_n04404412,1,3,0.00781215401366353,0.14487463484207788,0.4408528804779053,0.026708146557211876,0.022299617528915405
15000,H8-V,851,n04404412/ILSVRC2012_val_00048910_n04404412,4,3,0.004002933545658986,0.07667805999517441,0.34775123993555707,0.01514825193832318,0.011670739700396856
15000,H8-V,851,n04404412/ILSVRC2012_val_00048910_n04404412,7,3,0.0037297847835967937,0.07268835604190826,0.32194288571675617,0.014218049744764963,0.01099862065166235
15000,H8-V,851,n04404412/ILSVRC2012_val_00048910_n04404412,13,3,0.003479931503534317,0.06863474597533543,0.3012029727300008,0.0133554358035326,0.010343406038979689
15000,H8-V,851,n04404412/ILSVRC2012_val_00048910_n04404412,19,3,0.0034504965879023075,0.06757486363252004,0.29760777950286865,0.013184060653050741,0.01020798304428657
15000,H8-V,852,n04409515/ILSVRC2012_val_00020001_n04409515,1,3,0.006100065850963195,0.09613273044427235,0.3494022488594055,0.019207360843817394,0.015713338429729145
15000,H8-V,852,n04409515/ILSVRC2012_val_00020001_n04409515,4,3,0.002787792899956306,0.054529786109924316,0.261857142051061,0.010859342912832895,0.008240771479904652
15000,H8-V,852,n04409515/ILSVRC2012_val_00020001_n04409515,7,3,0.0026116158502797284,0.05126298094789187,0.23915635546048483,0.010129477518300215,0.007737913945068915
15000,H8-V,852,n04409515/ILSVRC2012_val_00020001_n04409515,13,3,0.002393075032159686,0.047908853739500046,0.22292990485827127,0.00941325972477595,0.007183960483719905
15000,H8-V,852,n04409515/ILSVRC2012_val_00020001_n04409515,19,3,0.002312316015983621,0.04642183209458987,0.22233383854230246,0.009177837520837784,0.006954499209920566
15000,H8-V,853,n04417672/ILSVRC2012_val_00036902_n04417672,1,3,0.016858274737993877,0.20770968000094095,0.6682725151379904,0.04431196674704552,0.03762924174467722
15000,H8-V,853,n04417672/ILSVRC2012_val_00036902_n04417672,4,3,0.013720741805930933,0.1654440959294637,0.5567243099212646,0.035832393914461136,0.03026515121261279
15000,H8-V,853,n04417672/ILSVRC2012_val_00036902_n04417672,7,3,0.013117619479695955,0.15913915634155273,0.526705781618754,0.03429859379927317,0.029031535610556602
15000,H8-V,853,n04417672/ILSVRC2012_val_00036902_n04417672,13,3,0.012662059937914213,0.1532493531703949,0.5013383428255717,0.033000378559033074,0.02798699587583542
15000,H8-V,853,n04417672/ILSVRC2012_val_00036902_n04417672,19,3,0.012601067001620928,0.15006423989931741,0.49576974908510846,0.032565188904603325,0.027607491239905357
15000,H8-V,854,n04418357/ILSVRC2012_val_00047409_n04418357,1,3,0.004692844891299804,0.17143385857343674,0.4623359839121501,0.0264595914632082,0.02183623177309831
15000,H8-V,854,n04418357/ILSVRC2012_val_00047409_n04418357,4,3,0.002832931000739336,0.07964037358760834,0.3449096381664276,0.014246064859131971,0.010796968825161457
15000,H8-V,854,n04418357/ILSVRC2012_val_00047409_n04418357,7,3,0.002675190024698774,0.07407135019699733,0.31788863738377887,0.013261211725572744,0.01008232527722915
15000,H8-V,854,n04418357/ILSVRC2012_val_00047409_n04418357,13,3,0.0025497012926886478,0.06882575651009877,0.29647188385327655,0.012396995599071184,0.009432276710867882
15000,H8-V,854,n04418357/ILSVRC2012_val_00047409_n04418357,19,3,0.0025545915123075247,0.06755005319913228,0.29315749804178876,0.012241171983381113,0.009309597002963224
15000,H8-V,855,n04423845/ILSVRC2012_val_00010007_n04423845,1,3,0.004241080489009619,0.12639294316371283,0.4107628067334493,0.02098800304035346,0.016880375022689503
15000,H8-V,855,n04423845/ILSVRC2012_val_00010007_n04423845,4,3,0.0026560965149352946,0.06946617116530736,0.3098923663298289,0.01270163773248593,0.009602714019517103
15000,H8-V,855,n04423845/ILSVRC2012_val_00010007_n04423845,7,3,0.0025224552179376283,0.06519439071416855,0.2857574125130971,0.01189946848899126,0.00904189453770717
15000,H8-V,855,n04423845/ILSVRC2012_val_00010007_n04423845,13,3,0.0024171522818505764,0.06266911327838898,0.26673046747843426,0.011351367769141993,0.008684063330292702
15000,H8-V,855,n04423845/ILSVRC2012_val_00010007_n04423845,19,3,0.0023983278467009463,0.06240368261933327,0.26373040676116943,0.011276000179350376,0.008638696124156317
15000,H8-V,856,n04428191/ILSVRC2012_val_00006136_n04428191,1,3,0.006080226041376591,0.19790607194105783,0.6683563987414042,0.03255439673860868,0.025870833545923233
15000,H8-V,856,n04428191/ILSVRC2012_val_00006136_n04428191,4,3,0.0036537781512985625,0.13534826536973318,0.5345386664072672,0.022533990442752838,0.017188604300220806
15000,H8-V,856,n04428191/ILSVRC2012_val_00006136_n04428191,7,3,0.0033590015955269337,0.12867719928423563,0.5040619373321533,0.021267341449856758,0.016226721927523613
15000,H8-V,856,n04428191/ILSVRC2012_val_00006136_n04428191,13,3,0.003095260045180718,0.12113234649101894,0.4773138463497162,0.01998163325091203,0.015208495159943899
15000,H8-V,856,n04428191/ILSVRC2012_val_00006136_n04428191,19,3,0.003031917459641894,0.11928023149569829,0.4708706537882487,0.01966864677766959,0.014959940997262796
15000,H8-V,857,n04429376/ILSVRC2012_val_00041883_n04429376,1,3,0.01839069277048111,0.26481758058071136,1.0542726914087932,0.05541517833868662,0.044872451573610306
15000,H8-V,857,n04429376/ILSVRC2012_val_00041883_n04429376,4,3,0.011008880101144314,0.16364292800426483,0.9066654046376547,0.03643982609113058,0.02737317296365897
15000,H8-V,857,n04429376/ILSVRC2012_val_00041883_n04429376,7,3,0.010125218580166498,0.15049953758716583,0.8687223196029663,0.03386239583293597,0.025175172835588455
15000,H8-V,857,n04429376/ILSVRC2012_val_00041883_n04429376,13,3,0.009504911800225576,0.1387412746747335,0.8330081899960836,0.0317091221610705,0.023379039640227955
15000,H8-V,857,n04429376/ILSVRC2012_val_00041883_n04429376,19,3,0.0094330587113897,0.13622636099656424,0.8230442802111307,0.031286136557658516,0.02305569437642892
15000,H8-V,858,n04435653/ILSVRC2012_val_00035492_n04435653,1,3,0.0265299075593551,0.19510872662067413,1.4523264567057292,0.06056404486298561,0.04604078084230423
15000,H8-V,858,n04435653/ILSVRC2012_val_00035492_n04435653,4,3,0.022043897459904354,0.17118475834528604,1.2876979509989421,0.052039352556069694,0.03916237379113833
15000,H8-V,858,n04435653/ILSVRC2012_val_00035492_n04435653,7,3,0.020980748658378918,0.16804013649622598,1.2376223007837932,0.05016098419825236,0.03778476268053055
15000,H8-V,858,n04435653/ILSVRC2012_val_00035492_n04435653,13,3,0.020187190423409145,0.1639636605978012,1.190422813097636,0.04848778496185938,0.03658355648318926
15000,H8-V,858,n04435653/ILSVRC2012_val_00035492_n04435653,19,3,0.02008421781162421,0.163042351603508,1.1781766812006633,0.0481702188650767,0.03638845185438792
15000,H8-V,859,n04442312/ILSVRC2012_val_00028698_n04442312,1,3,0.007825712983806929,0.15683830281098685,0.4110049804051717,0.02761959284543991,0.023509543389081955
15000,H8-V,859,n04442312/ILSVRC2012_val_00028698_n04442312,4,3,0.002727725232640902,0.06651894251505534,0.30457355578740436,0.012425355613231659,0.009379620042939981
15000,H8-V,859,n04442312/ILSVRC2012_val_00028698_n04442312,7,3,0.0024990469682961702,0.06147873029112816,0.28111266096433,0.011458046734333038,0.008646920012931028
15000,H8-V,859,n04442312/ILSVRC2012_val_00028698_n04442312,13,3,0.0022768196649849415,0.05628769472241402,0.2648438314596812,0.01055402805407842,0.007905589416623116
15000,H8-V,859,n04442312/ILSVRC2012_val_00028698_n04442312,19,3,0.002205352842186888,0.05431085452437401,0.2648211518923442,0.010284650139510632,0.007636438434322675
15000,H8-V,860,n04443257/ILSVRC2012_val_00035144_n04443257,1,3,0.012744749275346598,0.2130085031191508,0.4606527090072632,0.038652125746011734,0.03404559940099716
15000,H8-V,860,n04443257/ILSVRC2012_val_00035144_n04443257,4,3,0.005726539219419162,0.11758361260096233,0.33581889669100445,0.020843088626861572,0.017484900231162708
15000,H8-V,860,n04443257/ILSVRC2012_val_00035144_n04443257,7,3,0.005295762326568365,0.11225988964239757,0.3117424050966899,0.019639176006118458,0.016521751880645752
15000,H8-V,860,n04443257/ILSVRC2012_val_00035144_n04443257,13,3,0.004923469542215268,0.10669820507367452,0.2947643995285034,0.018540934349099796,0.015593290328979492
15000,H8-V,860,n04443257/ILSVRC2012_val_00035144_n04443257,19,3,0.004807160856823127,0.1042251984278361,0.2946834663550059,0.018176515276233356,0.015229680575430393
15000,H8-V,861,n04447861/ILSVRC2012_val_00003415_n04447861,1,3,0.007836392925431332,0.1740085333585739,0.590772787729899,0.031144974753260612,0.025237247347831726
15000,H8-V,861,n04447861/ILSVRC2012_val_00003415_n04447861,4,3,0.0033329172680775323,0.10657887409130733,0.47040504217147827,0.018694855272769928,0.013990804553031921
15000,H8-V,861,n04447861/ILSVRC2012_val_00003415_n04447861,7,3,0.0030431883254398904,0.09980129202206929,0.44161126017570496,0.017439429958661396,0.01302331779152155
15000,H8-V,861,n04447861/ILSVRC2012_val_00003415_n04447861,13,3,0.0027344379729280868,0.09185655663410823,0.41602209210395813,0.01608031491438548,0.011920093869169554
15000,H8-V,861,n04447861/ILSVRC2012_val_00003415_n04447861,19,3,0.002598261615882317,0.08804670969645183,0.4094637632369995,0.015497570857405663,0.011402933237453302
15000,H8-V,862,n04456115/ILSVRC2012_val_00030384_n04456115,1,3,0.02944996828834216,0.2623762438694636,2.224666118621826,0.07793425271908443,0.05568759267528852
15000,H8-V,862,n04456115/ILSVRC2012_val_00030384_n04456115,4,3,0.02120174529651801,0.20236805081367493,2.0069164435068765,0.061507715533177056,0.04143855099876722
15000,H8-V,862,n04456115/ILSVRC2012_val_00030384_n04456115,7,3,0.019711345434188843,0.19152421752611795,1.9523616234461467,0.058387383818626404,0.03886376818021139
15000,H8-V,862,n04456115/ILSVRC2012_val_00030384_n04456115,13,3,0.018352533380190533,0.18123646080493927,1.8964069684346516,0.05544025078415871,0.03647618119915327
15000,H8-V,862,n04456115/ILSVRC2012_val_00030384_n04456115,19,3,0.017977424586812656,0.17794743180274963,1.8767126401265461,0.054539295534292855,0.035772169629732765
15000,H8-V,863,n04458633/ILSVRC2012_val_00020813_n04458633,1,3,0.03751569986343384,0.33101870616277057,1.6298471689224243,0.08691604435443878,0.07061757147312164
15000,H8-V,863,n04458633/ILSVRC2012_val_00020813_n04458633,4,3,0.030189101894696552,0.23030359049638113,1.441739598910014,0.06763685743014018,0.05321946243445078
15000,H8-V,863,n04458633/ILSVRC2012_val_00020813_n04458633,7,3,0.02920777661104997,0.2209626038869222,1.4023547967274983,0.06532758474349976,0.05130403737227122
15000,H8-V,863,n04458633/ILSVRC2012_val_00020813_n04458633,13,3,0.02820850908756256,0.21093563238779703,1.3588011264801025,0.06289008259773254,0.049302072574694954
15000,H8-V,863,n04458633/ILSVRC2012_val_00020813_n04458633,19,3,0.027924248327811558,0.2088110695282618,1.3414767980575562,0.06222012514869372,0.0488053560256958
15000,H8-V,864,n04461696/ILSVRC2012_val_00014036_n04461696,1,3,0.016193211699525516,0.2671193480491638,0.9598698218663534,0.05250384658575058,0.042905146876970925
15000,H8-V,864,n04461696/ILSVRC2012_val_00014036_n04461696,4,3,0.009991625013450781,0.15806189676125845,0.7955948909123739,0.03375376512606939,0.02579781599342823
15000,H8-V,864,n04461696/ILSVRC2012_val_00014036_n04461696,7,3,0.009332524302105108,0.14988632003466287,0.7619062066078186,0.031940218061208725,0.02432115686436494
15000,H8-V,864,n04461696/ILSVRC2012_val_00014036_n04461696,13,3,0.008760638535022736,0.14064024885495505,0.7298486431439718,0.030123149355252583,0.02282466304798921
15000,H8-V,864,n04461696/ILSVRC2012_val_00014036_n04461696,19,3,0.008630435603360334,0.13767420748869577,0.7201992273330688,0.02959984851380189,0.022397856538494427
15000,H8-V,865,n04462240/ILSVRC2012_val_00011308_n04462240,1,3,0.023290134345491726,0.280992716550827,2.028092861175537,0.07167033354441325,0.05138940612475077
15000,H8-V,865,n04462240/ILSVRC2012_val_00011308_n04462240,4,3,0.017561149472991627,0.21869870523611704,1.856222152709961,0.057993240654468536,0.039431020617485046
15000,H8-V,865,n04462240/ILSVRC2012_val_00011308_n04462240,7,3,0.016354672610759735,0.2081191192070643,1.8036363124847412,0.055202946066856384,0.037166583041350044
15000,H8-V,865,n04462240/ILSVRC2012_val_00011308_n04462240,13,3,0.015400498795012632,0.2003466635942459,1.7525157928466797,0.05296032254894575,0.03543516620993614
15000,H8-V,865,n04462240/ILSVRC2012_val_00011308_n04462240,19,3,0.015175975859165192,0.19919375578562418,1.7365773518880208,0.052461123714844383,0.03509535019596418
15000,H8-V,866,n04465501/ILSVRC2012_val_00026128_n04465501,1,3,0.024977659806609154,0.22967471182346344,1.0721657673517864,0.058666788041591644,0.0479451318581899
15000,H8-V,866,n04465501/ILSVRC2012_val_00026128_n04465501,4,3,0.017192880312601726,0.1592807819445928,0.9092774192492167,0.04221373423933983,0.03312095875541369
15000,H8-V,866,n04465501/ILSVRC2012_val_00026128_n04465501,7,3,0.016369434694449108,0.1520728866259257,0.8755581577618917,0.04033230493466059,0.03157672410209974
15000,H8-V,866,n04465501/ILSVRC2012_val_00026128_n04465501,13,3,0.015645258749524753,0.14431671798229218,0.841860314210256,0.03849553441007932,0.030076930920283
15000,H8-V,866,n04465501/ILSVRC2012_val_00026128_n04465501,19,3,0.015496077636877695,0.1415381779273351,0.8309461871782938,0.037959358344475426,0.029649895926316578
15000,H8-V,867,n04467665/ILSVRC2012_val_00032726_n04467665,1,3,0.014918934553861618,0.20551498234272003,0.6312817533810934,0.0417832521100839,0.03547043353319168
15000,H8-V,867,n04467665/ILSVRC2012_val_00032726_n04467665,4,3,0.008587701556583246,0.1308176020781199,0.5015775958697001,0.026685237263639767,0.021669461702307064
15000,H8-V,867,n04467665/ILSVRC2012_val_00032726_n04467665,7,3,0.008152967939774195,0.12400463223457336,0.474461833635966,0.025298049673438072,0.020553431784113247
15000,H8-V,867,n04467665/ILSVRC2012_val_00032726_n04467665,13,3,0.00772329435373346,0.11768727997938792,0.4513271351655324,0.02400529384613037,0.019492022693157196
15000,H8-V,867,n04467665/ILSVRC2012_val_00032726_n04467665,19,3,0.007580738049000502,0.11489554246266682,0.4462468922138214,0.0235327606399854,0.019070292512575786
15000,H8-V,868,n04476259/ILSVRC2012_val_00002432_n04476259,1,3,0.013985583248237768,0.23224928478399912,0.9512678782145182,0.04672318945328394,0.03721051166454951
15000,H8-V,868,n04476259/ILSVRC2012_val_00002432_n04476259,4,3,0.010445573056737581,0.16341790556907654,0.8226607441902161,0.03501397122939428,0.02678736423452695
15000,H8-V,868,n04476259/ILSVRC2012_val_00002432_n04476259,7,3,0.009750668269892534,0.15449384351571402,0.7873862187067667,0.033073914547761284,0.025200053428610165
15000,H8-V,868,n04476259/ILSVRC2012_val_00002432_n04476259,13,3,0.009049531693259874,0.14456630746523538,0.752443770567576,0.031030599648753803,0.0235061626881361
15000,H8-V,868,n04476259/ILSVRC2012_val_00002432_n04476259,19,3,0.008820215240120888,0.14136060575644174,0.7408970991770426,0.030365246037642162,0.02295627569158872
15000,H8-V,869,n04479046/ILSVRC2012_val_00010483_n04479046,1,3,0.02149496351679166,0.2432998319466909,0.9245586395263672,0.055070534348487854,0.04582494745651881
15000,H8-V,869,n04479046/ILSVRC2012_val_00010483_n04479046,4,3,0.014859148922065893,0.15267599125703177,0.7531077265739441,0.03765782589713732,0.030126747985680897
15000,H8-V,869,n04479046/ILSVRC2012_val_00010483_n04479046,7,3,0.014231236030658087,0.1453255166610082,0.7178423404693604,0.035942211747169495,0.028763788441816967
15000,H8-V,869,n04479046/ILSVRC2012_val_00010483_n04479046,13,3,0.013676507398486137,0.14048966765403748,0.6871785918871561,0.034597259014844894,0.027725473667184513
15000,H8-V,869,n04479046/ILSVRC2012_val_00010483_n04479046,19,3,0.01357290738572677,0.13871870934963226,0.6781296332677206,0.03422607481479645,0.02744477925201257
15000,H8-V,870,n04482393/ILSVRC2012_val_00016774_n04482393,1,3,0.01251601738234361,0.20128098130226135,0.5965070327123007,0.03860918680826823,0.03264411663015684
15000,H8-V,870,n04482393/ILSVRC2012_val_00016774_n04482393,4,3,0.00788702629506588,0.11511897544066112,0.47142263253529865,0.02411315031349659,0.019398923963308334
15000,H8-V,870,n04482393/ILSVRC2012_val_00016774_n04482393,7,3,0.007331241387873888,0.10632007320721944,0.4461409350236257,0.02242465876042843,0.01796324923634529
15000,H8-V,870,n04482393/ILSVRC2012_val_00016774_n04482393,13,3,0.00691833005597194,0.09866079191366832,0.42237691084543866,0.02100817859172821,0.016784409681955974
15000,H8-V,870,n04482393/ILSVRC2012_val_00016774_n04482393,19,3,0.0067606777884066105,0.09553417315085729,0.4164171318213145,0.02047826535999775,0.01631409488618374
15000,H8-V,871,n04483307/ILSVRC2012_val_00009241_n04483307,1,3,0.005670003592967987,0.1499040126800537,0.2917553087075551,0.023577958345413208,0.02066040535767873
15000,H8-V,871,n04483307/ILSVRC2012_val_00009241_n04483307,4,3,0.0025637076081087193,0.07013728966315587,0.18292859196662903,0.011406722168127695,0.009577436372637749
15000,H8-V,871,n04483307/ILSVRC2012_val_00009241_n04483307,7,3,0.001995950782050689,0.06292008608579636,0.15959389507770538,0.009883898620804151,0.00828795942167441
15000,H8-V,871,n04483307/ILSVRC2012_val_00009241_n04483307,13,3,0.001899343643647929,0.059210085620482765,0.1434058447678884,0.009254410862922668,0.007820352291067442
15000,H8-V,871,n04483307/ILSVRC2012_val_00009241_n04483307,19,3,0.0018875968332091968,0.057288498928149544,0.14257262647151947,0.00904217300315698,0.007616446819156408
15000,H8-V,872,n04485082/ILSVRC2012_val_00039663_n04485082,1,3,0.010111330387492975,0.21992493172486624,0.6359448631604513,0.03846327091256777,0.03210382287700971
15000,H8-V,872,n04485082/ILSVRC2012_val_00039663_n04485082,4,3,0.0077113535565634566,0.15169339378674826,0.5340035557746887,0.028220728660623234,0.02288069265584151
15000,H8-V,872,n04485082/ILSVRC2012_val_00039663_n04485082,7,3,0.007419409851233165,0.1467418521642685,0.5060845216115316,0.02715444068113963,0.0220935953160127
15000,H8-V,872,n04485082/ILSVRC2012_val_00039663_n04485082,13,3,0.007136812744041284,0.1416436731815338,0.48231295744578045,0.02612430974841118,0.021301180124282837
15000,H8-V,872,n04485082/ILSVRC2012_val_00039663_n04485082,19,3,0.007045734828958909,0.14173205693562826,0.4765436848004659,0.02598437728981177,0.02121894061565399
15000,H8-V,873,n04486054/ILSVRC2012_val_00040446_n04486054,1,3,0.01959703428049882,0.1859816163778305,0.8857113321622213,0.04705230891704559,0.038195195297400154
15000,H8-V,873,n04486054/ILSVRC2012_val_00040446_n04486054,4,3,0.013814154081046581,0.12661478420098624,0.7671654224395752,0.03414728740851084,0.026475633184115093
15000,H8-V,873,n04486054/ILSVRC2012_val_00040446_n04486054,7,3,0.013180647976696491,0.12037904312213261,0.7331615289052328,0.03255016729235649,0.025218552599350613
15000,H8-V,873,n04486054/ILSVRC2012_val_00040446_n04486054,13,3,0.012622113339602947,0.11361602942148845,0.7015339136123657,0.030999055753151577,0.023983716343839962
15000,H8-V,873,n04486054/ILSVRC2012_val_00040446_n04486054,19,3,0.012501504272222519,0.11201454947392146,0.6933799187342325,0.03063675823311011,0.023702959219614666
15000,H8-V,874,n04487081/ILSVRC2012_val_00039548_n04487081,1,3,0.01393691636621952,0.24316474298636118,0.744025190671285,0.045693643391132355,0.03825339116156101
15000,H8-V,874,n04487081/ILSVRC2012_val_00039548_n04487081,4,3,0.00909772670517365,0.14249164859453836,0.590459942817688,0.029251490409175556,0.023346891005833943
15000,H8-V,874,n04487081/ILSVRC2012_val_00039548_n04487081,7,3,0.008618994615972042,0.13793261349201202,0.5612258513768514,0.028024513895312946,0.0224122554063797
15000,H8-V,874,n04487081/ILSVRC2012_val_00039548_n04487081,13,3,0.008143013343214989,0.13327576220035553,0.5348002513249716,0.026818592722217243,0.02147059018413226
15000,H8-V,874,n04487081/ILSVRC2012_val_00039548_n04487081,19,3,0.007990844547748566,0.13152622183163962,0.5284198919932047,0.02642766572535038,0.02114346685508887
15000,H8-V,875,n04487394/ILSVRC2012_val_00000555_n04487394,1,3,0.009062789380550385,0.19773281613985697,0.7561413645744324,0.03639748444159826,0.028836071491241455
15000,H8-V,875,n04487394/ILSVRC2012_val_00000555_n04487394,4,3,0.0056923987964789076,0.13332653045654297,0.6513907313346863,0.025538959229985874,0.019025051966309547
15000,H8-V,875,n04487394/ILSVRC2012_val_00000555_n04487394,7,3,0.005271913018077612,0.12636053065458933,0.6208724975585938,0.024116691822806995,0.017907966549197834
15000,H8-V,875,n04487394/ILSVRC2012_val_00000555_n04487394,13,3,0.004889983839044969,0.1177045504252116,0.5928779443105062,0.022589218492309254,0.01666043947140376
15000,H8-V,875,n04487394/ILSVRC2012_val_00000555_n04487394,19,3,0.004794400495787461,0.1138596956928571,0.5852159857749939,0.022032529736558597,0.016180370002985
15000,H8-V,876,n04493381/ILSVRC2012_val_00038066_n04493381,1,3,0.0028500317130237818,0.16853486001491547,0.4313257038593292,0.02401677519083023,0.019703517978390057
15000,H8-V,876,n04493381/ILSVRC2012_val_00038066_n04493381,4,3,0.001529317582026124,0.09450775136550267,0.33165038625399273,0.014296596559385458,0.01098009292036295
15000,H8-V,876,n04493381/ILSVRC2012_val_00038066_n04493381,7,3,0.0014155516012882192,0.08583631118138631,0.30817538499832153,0.013080936235686144,0.009999182696143786
15000,H8-V,876,n04493381/ILSVRC2012_val_00038066_n04493381,13,3,0.0013296134226645033,0.0799270545442899,0.2908857862154643,0.012231176719069481,0.009322318869332472
15000,H8-V,876,n04493381/ILSVRC2012_val_00038066_n04493381,19,3,0.0013138237409293652,0.07869464159011841,0.2899743318557739,0.012083031237125397,0.009183287930985292
15000,H8-V,877,n04501370/ILSVRC2012_val_00044087_n04501370,1,3,0.013283168586591879,0.21017455557982126,0.8435040314992269,0.042735662311315536,0.034300622840722404
15000,H8-V,877,n04501370/ILSVRC2012_val_00044087_n04501370,4,3,0.008903817273676395,0.14313052594661713,0.7293492555618286,0.03051036161681016,0.023216869682073593
15000,H8-V,877,n04501370/ILSVRC2012_val_00044087_n04501370,7,3,0.008289429048697153,0.13669407864411673,0.6973024010658264,0.028931860501567524,0.021958836664756138
15000,H8-V,877,n04501370/ILSVRC2012_val_00044087_n04501370,13,3,0.007781746331602335,0.1314564198255539,0.6671258807182312,0.02759864677985509,0.020927388221025467
15000,H8-V,877,n04501370/ILSVRC2012_val_00044087_n04501370,19,3,0.00766548328101635,0.13036246101061502,0.6582395831743876,0.027284125487009685,0.020701730002959568
15000,H8-V,878,n04505470/ILSVRC2012_val_00042910_n04505470,1,3,0.02152000678082307,0.1908192684253057,1.1744406620661418,0.05234633882840475,0.04060193275411924
15000,H8-V,878,n04505470/ILSVRC2012_val_00042910_n04505470,4,3,0.017439257353544235,0.13911773264408112,1.0178425312042236,0.04152945553263029,0.03135103111465772
15000,H8-V,878,n04505470/ILSVRC2012_val_00042910_n04505470,7,3,0.01656311812500159,0.1341433177391688,0.9807425340016683,0.03978487600882848,0.029977450147271156
15000,H8-V,878,n04505470/ILSVRC2012_val_00042910_n04505470,13,3,0.015719841544826824,0.12986965477466583,0.9433245460192362,0.03814005106687546,0.028706807022293408
15000,H8-V,878,n04505470/ILSVRC2012_val_00042910_n04505470,19,3,0.015458756747345129,0.1287089834610621,0.9306836326917013,0.0376364899178346,0.028329654907186825
15000,H8-V,879,n04507155/ILSVRC2012_val_00002233_n04507155,1,3,0.008222044445574284,0.26996097962061566,1.0455537637074788,0.04567368204394976,0.03521814321478208
15000,H8-V,879,n04507155/ILSVRC2012_val_00002233_n04507155,4,3,0.005396348424255848,0.20539513727029166,0.8976771235466003,0.03491263588269552,0.025935863455136616
15000,H8-V,879,n04507155/ILSVRC2012_val_00002233_n04507155,7,3,0.00482912827283144,0.19581247866153717,0.8610162138938904,0.03302053858836492,0.02441037694613139
15000,H8-V,879,n04507155/ILSVRC2012_val_00002233_n04507155,13,3,0.004317462909966707,0.1877412348985672,0.8253240386644999,0.03134482726454735,0.023091586927572887
15000,H8-V,879,n04507155/ILSVRC2012_val_00002233_n04507155,19,3,0.004191929164032142,0.18450438479582468,0.8137461344401041,0.030779829248785973,0.022642367829879124
15000,H8-V,880,n04509417/ILSVRC2012_val_00028714_n04509417,1,3,0.010036262994011244,0.1634921282529831,0.5234348575274149,0.03161982446908951,0.02638547619183858
15000,H8-V,880,n04509417/ILSVRC2012_val_00028714_n04509417,4,3,0.006741035419205825,0.12011138598124187,0.4335031310717265,0.023087205986181896,0.018752174451947212
15000,H8-V,880,n04509417/ILSVRC2012_val_00028714_n04509417,7,3,0.006396888134380181,0.1139457846681277,0.4071384867032369,0.021862851455807686,0.017791466787457466
15000,H8-V,880,n04509417/ILSVRC2012_val_00028714_n04509417,13,3,0.006128426020344098,0.10719115535418193,0.38641250133514404,0.020711667214830715,0.01684754217664401
15000,H8-V,880,n04509417/ILSVRC2012_val_00028714_n04509417,19,3,0.006088826805353165,0.10530231893062592,0.38370436429977417,0.020456102987130482,0.016619058946768444
15000,H8-V,881,n04515003/ILSVRC2012_val_00042717_n04515003,1,3,0.022487973794341087,0.22925675412019095,1.0079415241877239,0.055493065466483436,0.04541365057229996
15000,H8-V,881,n04515003/ILSVRC2012_val_00042717_n04515003,4,3,0.018407300114631653,0.1794877549012502,0.8818639318148295,0.045174715419610344,0.03635607659816742
15000,H8-V,881,n04515003/ILSVRC2012_val_00042717_n04515003,7,3,0.017757978290319443,0.17302375038464865,0.8484989802042643,0.0435453417400519,0.03506035233537356
15000,H8-V,881,n04515003/ILSVRC2012_val_00042717_n04515003,13,3,0.01716868703564008,0.1670281042655309,0.8148801128069559,0.04202030102411906,0.03387149920066198
15000,H8-V,881,n04515003/ILSVRC2012_val_00042717_n04515003,19,3,0.017013319457570713,0.16371438403924307,0.8039336601893107,0.04142409438888232,0.03338475773731867
15000,H8-V,882,n04517823/ILSVRC2012_val_00039209_n04517823,1,3,0.019504350299636524,0.22998887797196707,0.951781690120697,0.05202105765541395,0.04250324020783106
15000,H8-V,882,n04517823/ILSVRC2012_val_00039209_n04517823,4,3,0.011821172510584196,0.14552735288937887,0.8195438385009766,0.03456934789816538,0.026373908544580143
15000,H8-V,882,n04517823/ILSVRC2012_val_00039209_n04517823,7,3,0.011073163400093714,0.1394567588965098,0.7855721910794576,0.03287456060449282,0.025018839165568352
15000,H8-V,882,n04517823/ILSVRC2012_val_00039209_n04517823,13,3,0.010507584549486637,0.13451099892457327,0.7522721687952677,0.03148140634099642,0.023958684255679447
15000,H8-V,882,n04517823/ILSVRC2012_val_00039209_n04517823,19,3,0.010335582308471203,0.13305456936359406,0.7411513725916544,0.03105255278448264,0.02364103930691878
15000,H8-V,883,n04522168/ILSVRC2012_val_00042916_n04522168,1,3,0.00912154590090116,0.22861069440841675,0.44853247205416363,0.036467939615249634,0.03198261559009552
15000,H8-V,883,n04522168/ILSVRC2012_val_00042916_n04522168,4,3,0.002516318578273058,0.09326831003030141,0.30240537722905475,0.014867203620572885,0.011843149550259113
15000,H8-V,883,n04522168/ILSVRC2012_val_00042916_n04522168,7,3,0.0023061410368730626,0.0877896249294281,0.27874955534935,0.013872599539657434,0.011085104197263718
15000,H8-V,883,n04522168/ILSVRC2012_val_00042916_n04522168,13,3,0.0020792760575811067,0.08255282789468765,0.2608749469121297,0.012943308179577192,0.0103345587849617
15000,H8-V,883,n04522168/ILSVRC2012_val_00042916_n04522168,19,3,0.001994276341671745,0.08134641746679942,0.2589789430300395,0.0127187076335152,0.010128918414314588
15000,H8-V,884,n04523525/ILSVRC2012_val_00021182_n04523525,1,3,0.013826943623522917,0.18947898844877878,0.7179915110270182,0.039954756697018944,0.032774842654665313
15000,H8-V,884,n04523525/ILSVRC2012_val_00021182_n04523525,4,3,0.008809180309375128,0.1209162026643753,0.5996822516123453,0.026897622893253963,0.020900800203283627
15000,H8-V,884,n04523525/ILSVRC2012_val_00021182_n04523525,7,3,0.008259853348135948,0.11352986842393875,0.5707975228627523,0.025320814922451973,0.01961284006635348
15000,H8-V,884,n04523525/ILSVRC2012_val_00021182_n04523525,13,3,0.007715733411411445,0.10689820100863774,0.5444763898849487,0.02385031742354234,0.018405553574363392
15000,H8-V,884,n04523525/ILSVRC2012_val_00021182_n04523525,19,3,0.007552650757133961,0.10544148584206899,0.5373492042223612,0.023470291246970493,0.01809679965178172
15000,H8-V,885,n04525038/ILSVRC2012_val_00005680_n04525038,1,3,0.00626117658490936,0.11404259006182353,0.3102623422940572,0.020768058796723683,0.017665435560047626
15000,H8-V,885,n04525038/ILSVRC2012_val_00005680_n04525038,4,3,0.0029510914658506713,0.059791297962268196,0.22208953897158304,0.011151116962234179,0.008930221199989319
15000,H8-V,885,n04525038/ILSVRC2012_val_00005680_n04525038,7,3,0.0027599940076470375,0.05638985832532247,0.1993804077307383,0.010392783830563227,0.008398979902267456
15000,H8-V,885,n04525038/ILSVRC2012_val_00005680_n04525038,13,3,0.0026047201051066318,0.0534303126235803,0.18429656326770782,0.009790717313687006,0.007947751631339392
15000,H8-V,885,n04525038/ILSVRC2012_val_00005680_n04525038,19,3,0.0025927397267272076,0.052575367192427315,0.18516268829504648,0.009701903288563093,0.007850276306271553
15000,H8-V,886,n04525305/ILSVRC2012_val_00033755_n04525305,1,3,0.01739914280672868,0.2079412341117859,0.7075892686843872,0.04526916022102038,0.038193266838788986
15000,H8-V,886,n04525305/ILSVRC2012_val_00033755_n04525305,4,3,0.013917899380127588,0.15388871232668558,0.6017543276151022,0.035324313988288246,0.029306770612796147
15000,H8-V,886,n04525305/ILSVRC2012_val_00033755_n04525305,7,3,0.013342096780737242,0.14883771042029062,0.5715113480885824,0.033940982073545456,0.028225868319471676
15000,H8-V,886,n04525305/ILSVRC2012_val_00033755_n04525305,13,3,0.012860380734006563,0.14371711512406668,0.5431901812553406,0.03266399477918943,0.02723209249476592
15000,H8-V,886,n04525305/ILSVRC2012_val_00033755_n04525305,19,3,0.012740656112631163,0.1414075642824173,0.5350819826126099,0.03223223239183426,0.026881412292520206
15000,H8-V,887,n04532106/ILSVRC2012_val_00038650_n04532106,1,3,0.028495191286007564,0.32410961389541626,1.100260853767395,0.07190876205762227,0.060906154414018
15000,H8-V,887,n04532106/ILSVRC2012_val_00038650_n04532106,4,3,0.024525736769040424,0.21916673084100088,0.9516217112541199,0.05595862617095312,0.04644240935643514
15000,H8-V,887,n04532106/ILSVRC2012_val_00038650_n04532106,7,3,0.023808429017663002,0.21278289457162222,0.9184580445289612,0.05427129939198494,0.04508671909570694
15000,H8-V,887,n04532106/ILSVRC2012_val_00038650_n04532106,13,3,0.023126637563109398,0.20591859022776285,0.8844371835390726,0.052562868843475975,0.04371849695841471
15000,H8-V,887,n04532106/ILSVRC2012_val_00038650_n04532106,19,3,0.022920724004507065,0.20355751613775888,0.8723048766454061,0.0519995242357254,0.04327647636334101
15000,H8-V,888,n04532670/ILSVRC2012_val_00044530_n04532670,1,3,0.009768903876344362,0.3125610649585724,0.6430370012919108,0.04745538036028544,0.04102501024802526
15000,H8-V,888,n04532670/ILSVRC2012_val_00044530_n04532670,4,3,0.008045686408877373,0.2217355271180471,0.5267446637153625,0.035486685733000435,0.03021923949321111
15000,H8-V,888,n04532670/ILSVRC2012_val_00044530_n04532670,7,3,0.00772729841992259,0.2146933674812317,0.5004988114039103,0.03420162449280421,0.02919663613041242
15000,H8-V,888,n04532670/ILSVRC2012_val_00044530_n04532670,13,3,0.007416019837061564,0.2064083367586136,0.47817497452100116,0.03283860286076864,0.028056853761275608
15000,H8-V,888,n04532670/ILSVRC2012_val_00044530_n04532670,19,3,0.007313911337405443,0.20433542132377625,0.47353283564249676,0.032482780516147614,0.027747453500827152
15000,H8-V,889,n04536866/ILSVRC2012_val_00011089_n04536866,1,3,0.00966220193852981,0.18777341147263846,0.6048820813496908,0.034488365054130554,0.028439544141292572
15000,H8-V,889,n04536866/ILSVRC2012_val_00011089_n04536866,4,3,0.005845198718210061,0.11429659277200699,0.5090062618255615,0.02236492062608401,0.01727485843002796
15000,H8-V,889,n04536866/ILSVRC2012_val_00011089_n04536866,7,3,0.005397100001573563,0.10901388029257457,0.48037754495938617,0.021102263281742733,0.016298487782478333
15000,H8-V,889,n04536866/ILSVRC2012_val_00011089_n04536866,13,3,0.004991622020800908,0.10417033731937408,0.454428364833196,0.019952939202388126,0.015408655318121115
15000,H8-V,889,n04536866/ILSVRC2012_val_00011089_n04536866,19,3,0.004878781891117494,0.10207634915908177,0.4477608601252238,0.019564025724927585,0.015086416775981585
15000,H8-V,890,n04540053/ILSVRC2012_val_00049533_n04540053,1,3,0.017040905232230823,0.2143619308869044,0.8868099848429362,0.04734519744912783,0.038477097948392235
15000,H8-V,890,n04540053/ILSVRC2012_val_00049533_n04540053,4,3,0.008353730974098047,0.1209542453289032,0.7347014347712199,0.027796170363823574,0.020449155941605568
15000,H8-V,890,n04540053/ILSVRC2012_val_00049533_n04540053,7,3,0.007672993155817191,0.11252594242493312,0.7002732753753662,0.025928320984045666,0.018925587957104046
15000,H8-V,890,n04540053/ILSVRC2012_val_00049533_n04540053,13,3,0.007017938420176506,0.10609998057285945,0.6679297884305319,0.024307234833637874,0.017627937098344166
15000,H8-V,890,n04540053/ILSVRC2012_val_00049533_n04540053,19,3,0.0067897023012240725,0.10461911807457606,0.6584210594495138,0.02383582480251789,0.01725161448121071
15000,H8-V,891,n04542943/ILSVRC2012_val_00021158_n04542943,1,3,0.009208118387808403,0.2392174849907557,0.7335468928019205,0.040465335051218666,0.033129867166280746
15000,H8-V,891,n04542943/ILSVRC2012_val_00021158_n04542943,4,3,0.004314371074239413,0.11066935459772746,0.5914616187413534,0.021295922497908275,0.015381306409835815
15000,H8-V,891,n04542943/ILSVRC2012_val_00021158_n04542943,7,3,0.004030708534022172,0.10260950525601704,0.5632109840710958,0.019923768937587738,0.014291659307976564
15000,H8-V,891,n04542943/ILSVRC2012_val_00021158_n04542943,13,3,0.003796757897362113,0.09564290444056193,0.5397752523422241,0.01875880112250646,0.013361048574248949
15000,H8-V,891,n04542943/ILSVRC2012_val_00021158_n04542943,19,3,0.0037446345668286085,0.09411139537890752,0.5353192687034607,0.018508967012166977,0.01315577452381452
15000,H8-V,892,n04548280/ILSVRC2012_val_00036318_n04548280,1,3,0.022359071920315426,0.21712001661459604,0.8404428362846375,0.05247550085186958,0.04407107333342234
15000,H8-V,892,n04548280/ILSVRC2012_val_00036318_n04548280,4,3,0.015202627827723822,0.13568052152792612,0.709324856599172,0.035863928496837616,0.02877068022886912
15000,H8-V,892,n04548280/ILSVRC2012_val_00036318_n04548280,7,3,0.014370059904952845,0.1295880824327469,0.6760382652282715,0.034089249869187675,0.027328868086139362
15000,H8-V,892,n04548280/ILSVRC2012_val_00036318_n04548280,13,3,0.013756856322288513,0.12481235712766647,0.6428114970525106,0.032666207601626716,0.026238092531760532
15000,H8-V,892,n04548280/ILSVRC2012_val_00036318_n04548280,19,3,0.013653786232074102,0.12422703206539154,0.632028063138326,0.03239676977197329,0.026076489438613255
15000,H8-V,893,n04548362/ILSVRC2012_val_00046586_n04548362,1,3,0.007829257287085056,0.1308710277080536,0.3786470293998718,0.024702831481893856,0.020916360740860302
15000,H8-V,893,n04548362/ILSVRC2012_val_00046586_n04548362,4,3,0.0032390243529031673,0.06411399071415265,0.2866579790910085,0.012517003032068411,0.009650423501928648
15000,H8-V,893,n04548362/ILSVRC2012_val_00046586_n04548362,7,3,0.0029625619451204934,0.06043975676099459,0.26331575711568195,0.01163969561457634,0.009006537807484468
15000,H8-V,893,n04548362/ILSVRC2012_val_00046586_n04548362,13,3,0.002687187399715185,0.057361618926127754,0.246867835521698,0.010892027989029884,0.00842334950963656
15000,H8-V,893,n04548362/ILSVRC2012_val_00046586_n04548362,19,3,0.002594760541493694,0.05670302857955297,0.24661046266555786,0.01073116809129715,0.008265063477059206
15000,H8-V,894,n04550184/ILSVRC2012_val_00011288_n04550184,1,3,0.006600166360537211,0.22245140373706818,0.4905620316664378,0.03375092769662539,0.02884530710677306
15000,H8-V,894,n04550184/ILSVRC2012_val_00011288_n04550184,4,3,0.002732648514211178,0.11732027928034465,0.3557845552762349,0.01802252233028412,0.014464677001039187
15000,H8-V,894,n04550184/ILSVRC2012_val_00011288_n04550184,7,3,0.0025812493016322455,0.11206965645154317,0.33119434118270874,0.01710015907883644,0.013788215505580107
15000,H8-V,894,n04550184/ILSVRC2012_val_00011288_n04550184,13,3,0.002439025013397137,0.10718674461046855,0.3124212324619293,0.01628191148241361,0.01315769956757625
15000,H8-V,894,n04550184/ILSVRC2012_val_00011288_n04550184,19,3,0.00239338306710124,0.10560996333758037,0.31007639567057294,0.01605514312783877,0.012954379431903362
15000,H8-V,895,n04552348/ILSVRC2012_val_00047723_n04552348,1,3,0.00965706134835879,0.12438420951366425,0.36653708418210346,0.025760853042205174,0.022095482796430588
15000,H8-V,895,n04552348/ILSVRC2012_val_00047723_n04552348,4,3,0.0038678538985550404,0.061450764536857605,0.25835315386454266,0.012596462232371172,0.010012930569549402
15000,H8-V,895,n04552348/ILSVRC2012_val_00047723_n04552348,7,3,0.0036447239108383656,0.05724107722441355,0.23814910650253296,0.01175032276660204,0.009368831912676493
15000,H8-V,895,n04552348/ILSVRC2012_val_00047723_n04552348,13,3,0.0035094066988676786,0.05398221562306086,0.22255737086137137,0.011133201730748018,0.008907628245651722
15000,H8-V,895,n04552348/ILSVRC2012_val_00047723_n04552348,19,3,0.0034848564149190984,0.0524040882786115,0.2227488805850347,0.010952753946185112,0.00872526535143455
15000,H8-V,896,n04553703/ILSVRC2012_val_00036277_n04553703,1,3,0.006893993976215522,0.1937819942831993,0.3065023720264435,0.029337218031287193,0.026272193839152653
15000,H8-V,896,n04553703/ILSVRC2012_val_00036277_n04553703,4,3,0.0019262877370541294,0.048450734466314316,0.1853676289319992,0.008625037347277006,0.006771361144880454
15000,H8-V,896,n04553703/ILSVRC2012_val_00036277_n04553703,7,3,0.0017065021287028987,0.04463709890842438,0.1632002592086792,0.007802214783926805,0.0061702122911810875
15000,H8-V,896,n04553703/ILSVRC2012_val_00036277_n04553703,13,3,0.0014479761788000662,0.03932306418816248,0.1484654645125071,0.006864937177548806,0.005380282644182444
15000,H8-V,896,n04553703/ILSVRC2012_val_00036277_n04553703,19,3,0.0013369379642729957,0.036147174735864006,0.14923794070879617,0.006444034942736228,0.004951655554274718
15000,H8-V,897,n04554684/ILSVRC2012_val_00041318_n04554684,1,3,0.02059972534577052,0.2612444857756297,0.9275329311688741,0.05599950502316157,0.04672417417168617
15000,H8-V,897,n04554684/ILSVRC2012_val_00041318_n04554684,4,3,0.011252541095018387,0.15676264464855194,0.7549309730529785,0.03447811553875605,0.026928806056578953
15000,H8-V,897,n04554684/ILSVRC2012_val_00041318_n04554684,7,3,0.01026724341015021,0.14653454720973969,0.7207319140434265,0.03212801739573479,0.024920698255300522
15000,H8-V,897,n04554684/ILSVRC2012_val_00041318_n04554684,13,3,0.009051458289225897,0.13219555715719858,0.6884932716687521,0.029155946026245754,0.022271013508240383
15000,H8-V,897,n04554684/ILSVRC2012_val_00041318_n04554684,19,3,0.008764850596586863,0.12758655349413553,0.6792034308115641,0.028315541024009388,0.021523506691058476
15000,H8-V,898,n04557648/ILSVRC2012_val_00009504_n04557648,1,3,0.018023741741975147,0.2332139809926351,0.917508582274119,0.050520225117603935,0.04134513934453329
15000,H8-V,898,n04557648/ILSVRC2012_val_00009504_n04557648,4,3,0.011392340995371342,0.1457690248886744,0.7973072528839111,0.03394231696923574,0.025969243918855984
15000,H8-V,898,n04557648/ILSVRC2012_val_00009504_n04557648,7,3,0.010704836808145046,0.13775710264841715,0.7638688882191976,0.03211923688650131,0.024480547135074932
15000,H8-V,898,n04557648/ILSVRC2012_val_00009504_n04557648,13,3,0.01007214809457461,0.12924470007419586,0.732097307840983,0.030317590882380802,0.022996618101994198
15000,H8-V,898,n04557648/ILSVRC2012_val_00009504_n04557648,19,3,0.009883219376206398,0.12617582827806473,0.7226263284683228,0.029727065935730934,0.02250080245236556
15000,H8-V,899,n04560804/ILSVRC2012_val_00013347_n04560804,1,3,0.00762576578805844,0.18255303800106049,0.5997723937034607,0.03187879299124082,0.025881069401899975
15000,H8-V,899,n04560804/ILSVRC2012_val_00013347_n04560804,4,3,0.004658472413818042,0.11553020030260086,0.4939832290013631,0.02115132473409176,0.0162114929407835
15000,H8-V,899,n04560804/ILSVRC2012_val_00013347_n04560804,7,3,0.004263710230588913,0.10905724763870239,0.46451664964358014,0.01981460178891818,0.015169435180723667
15000,H8-V,899,n04560804/ILSVRC2012_val_00013347_n04560804,13,3,0.003912265334899227,0.10220717638731003,0.43850862979888916,0.01851806975901127,0.01413298367212216
15000,H8-V,899,n04560804/ILSVRC2012_val_00013347_n04560804,19,3,0.0038457666523754597,0.09947536637385686,0.43199285864830017,0.018113231907288235,0.01379330363124609
15000,H8-V,900,n04562935/ILSVRC2012_val_00041403_n04562935,1,3,0.015069530035058657,0.1494056135416031,0.8147236903508505,0.03815732772151629,0.030010090519984562
15000,H8-V,900,n04562935/ILSVRC2012_val_00041403_n04562935,4,3,0.011091147239009539,0.10273923476537068,0.7049286365509033,0.02841435807446639,0.021365071336428326
15000,H8-V,900,n04562935/ILSVRC2012_val_00041403_n04562935,7,3,0.010513242955009142,0.09945019334554672,0.6755390763282776,0.027213652928670246,0.020458262413740158
15000,H8-V,900,n04562935/ILSVRC2012_val_00041403_n04562935,13,3,0.009910617023706436,0.09278062482674916,0.6453626950581869,0.02564230685432752,0.01918867975473404
15000,H8-V,900,n04562935/ILSVRC2012_val_00041403_n04562935,19,3,0.00965377657363812,0.08900823444128036,0.6339147090911865,0.0248937476426363,0.018554600576559704
15000,H8-V,901,n04579145/ILSVRC2012_val_00038573_n04579145,1,3,0.009669260742763678,0.16643462578455606,0.7377099792162577,0.0336898248642683,0.02631272499759992
15000,H8-V,901,n04579145/ILSVRC2012_val_00038573_n04579145,4,3,0.005824367826183637,0.09975255777438481,0.611182451248169,0.02191144786775112,0.01579962360362212
15000,H8-V,901,n04579145/ILSVRC2012_val_00038573_n04579145,7,3,0.005436185902605454,0.09465518593788147,0.5829218228658041,0.020730923240383465,0.014901704775790373
15000,H8-V,901,n04579145/ILSVRC2012_val_00038573_n04579145,13,3,0.00506580372651418,0.09006862342357635,0.5579290588696798,0.01965195747713248,0.014072666565577189
15000,H8-V,901,n04579145/ILSVRC2012_val_00038573_n04579145,19,3,0.004966830524305503,0.08862621585528056,0.5520970225334167,0.01935042254626751,0.013829452296098074
15000,H8-V,902,n04579432/ILSVRC2012_val_00046147_n04579432,1,3,0.012456317121783892,0.17001213133335114,0.6882635951042175,0.036340167125066124,0.02945753124852975
15000,H8-V,902,n04579432/ILSVRC2012_val_00046147_n04579432,4,3,0.005968378080676,0.09221304953098297,0.5498190323511759,0.020687873164812725,0.015189683375259241
15000,H8-V,902,n04579432/ILSVRC2012_val_00046147_n04579432,7,3,0.005410033278167248,0.08638067543506622,0.519650379816691,0.019244604433576267,0.014048101070026556
15000,H8-V,902,n04579432/ILSVRC2012_val_00046147_n04579432,13,3,0.0049565755762159824,0.0813014383117358,0.4917202989260356,0.018003922576705616,0.013086719438433647
15000,H8-V,902,n04579432/ILSVRC2012_val_00046147_n04579432,19,3,0.004836016955475013,0.07979101190964381,0.48473040262858075,0.017662422110637028,0.012815118456880251
15000,H8-V,903,n04584207/ILSVRC2012_val_00015105_n04584207,1,3,0.011710470852752527,0.21841896573702493,0.824321965376536,0.04179558654626211,0.033552367240190506
15000,H8-V,903,n04584207/ILSVRC2012_val_00015105_n04584207,4,3,0.006371702067553997,0.14646324018637338,0.6842274864514669,0.02786030185719331,0.021018027017513912
15000,H8-V,903,n04584207/ILSVRC2012_val_00015105_n04584207,7,3,0.00589847331866622,0.1375239392121633,0.6503924131393433,0.026154791315396626,0.019650867208838463
15000,H8-V,903,n04584207/ILSVRC2012_val_00015105_n04584207,13,3,0.005486949657400449,0.12870859603087106,0.6188943187395731,0.024546752994259197,0.018357809633016586
15000,H8-V,903,n04584207/ILSVRC2012_val_00015105_n04584207,19,3,0.005380433207998673,0.12671456734339395,0.6102236906687418,0.02415412726501624,0.018051890656352043
15000,H8-V,904,n04589890/ILSVRC2012_val_00041475_n04589890,1,3,0.013600561457375685,0.2275442580382029,0.5729677279790243,0.04208466410636902,0.03635498757163683
15000,H8-V,904,n04589890/ILSVRC2012_val_00041475_n04589890,4,3,0.010678954112033049,0.17319841186205545,0.4840763012568156,0.03283956026037534,0.027998796353737514
15000,H8-V,904,n04589890/ILSVRC2012_val_00041475_n04589890,7,3,0.010188930047055086,0.16904187202453613,0.45841870705286664,0.031677305698394775,0.02709311805665493
15000,H8-V,904,n04589890/ILSVRC2012_val_00041475_n04589890,13,3,0.009667186066508293,0.1639923353989919,0.4366047978401184,0.030432467659314472,0.026066419978936512
15000,H8-V,904,n04589890/ILSVRC2012_val_00041475_n04589890,19,3,0.00949519407004118,0.16044042507807413,0.431999146938324,0.0298592293014129,0.025539237384994824
15000,H8-V,905,n04590129/ILSVRC2012_val_00010365_n04590129,1,3,0.008327318200220665,0.18817266821861267,0.48286712169647217,0.03197325641910235,0.027144586046536762
15000,H8-V,905,n04590129/ILSVRC2012_val_00010365_n04590129,4,3,0.0033812536858022213,0.09743399918079376,0.3676067292690277,0.01680072086552779,0.013124653759102026
15000,H8-V,905,n04590129/ILSVRC2012_val_00010365_n04590129,7,3,0.003201089178522428,0.09345122178395589,0.34233436981836957,0.015969555204113323,0.01254621179153522
15000,H8-V,905,n04590129/ILSVRC2012_val_00010365_n04590129,13,3,0.0030296822854628167,0.08911901464064916,0.3230102062225342,0.015171686187386513,0.011941584137578806
15000,H8-V,905,n04590129/ILSVRC2012_val_00010365_n04590129,19,3,0.0029725853043297925,0.08768023053805034,0.32101025183995563,0.01495071096966664,0.011740608761707941
15000,H8-V,906,n04591157/ILSVRC2012_val_00021972_n04591157,1,3,0.015253738189737001,0.2234587868054708,0.9800907770792643,0.04740052546064059,0.037599618236223854
15000,H8-V,906,n04591157/ILSVRC2012_val_00021972_n04591157,4,3,0.007678876630961895,0.13292029996713003,0.8218648632367452,0.029189555595318478,0.0209709070622921
15000,H8-V,906,n04591157/ILSVRC2012_val_00021972_n04591157,7,3,0.0070854985776046915,0.12366856137911479,0.787561853726705,0.027327972774704296,0.019452355181177456
15000,H8-V,906,n04591157/ILSVRC2012_val_00021972_n04591157,13,3,0.006571794083962838,0.11487793425718944,0.7550374666849772,0.025609962021311123,0.018059587726990383
15000,H8-V,906,n04591157/ILSVRC2012_val_00021972_n04591157,19,3,0.006451104457179706,0.11150621871153514,0.7458368142445883,0.025060094892978668,0.017601726576685905
15000,H8-V,907,n04591713/ILSVRC2012_val_00049393_n04591713,1,3,0.028148078670104344,0.24041557808717093,1.0677570899327595,0.06286720683177312,0.05218963697552681
15000,H8-V,907,n04591713/ILSVRC2012_val_00049393_n04591713,4,3,0.017300463592012722,0.14442244668801626,0.9224701325098673,0.04096740980943044,0.03174270875751972
15000,H8-V,907,n04591713/ILSVRC2012_val_00049393_n04591713,7,3,0.016525042553742725,0.13731207450230917,0.884469211101532,0.039100942512353264,0.03025625025232633
15000,H8-V,907,n04591713/ILSVRC2012_val_00049393_n04591713,13,3,0.015868866816163063,0.1286184067527453,0.8467742403348287,0.03719845041632652,0.028730707863966625
15000,H8-V,907,n04591713/ILSVRC2012_val_00049393_n04591713,19,3,0.015699746708075207,0.12602829684813818,0.833988090356191,0.036642457048098244,0.028302576392889023
15000,H8-V,908,n04592741/ILSVRC2012_val_00033012_n04592741,1,3,0.009511007151256004,0.21177842219670615,0.5020620624224345,0.03570947175224622,0.030688850829998653
15000,H8-V,908,n04592741/ILSVRC2012_val_00033012_n04592741,4,3,0.004633340829362472,0.11486639579137166,0.3769655426343282,0.01988963596522808,0.016119980563720066
15000,H8-V,908,n04592741/ILSVRC2012_val_00033012_n04592741,7,3,0.0042973134356240434,0.10869999974966049,0.3528834680716197,0.018696148569385212,0.015167313938339552
15000,H8-V,908,n04592741/ILSVRC2012_val_00033012_n04592741,13,3,0.0039770469690362615,0.10291862736145656,0.33317073186238605,0.017600617681940395,0.014268910201887289
15000,H8-V,908,n04592741/ILSVRC2012_val_00033012_n04592741,19,3,0.003856241780643662,0.10038001586993535,0.32928406198819477,0.017187084381779034,0.013894243786732355
15000,H8-V,909,n04596742/ILSVRC2012_val_00047482_n04596742,1,3,0.020716778313120205,0.23543665806452432,0.9002485076586405,0.05326292912165324,0.044260444740454354
15000,H8-V,909,n04596742/ILSVRC2012_val_00047482_n04596742,4,3,0.01608610339462757,0.19225394229094186,0.779062032699585,0.0431021178762118,0.03531149898966154
15000,H8-V,909,n04596742/ILSVRC2012_val_00047482_n04596742,7,3,0.01518594225247701,0.18367931246757507,0.7448268334070841,0.041002143174409866,0.03355387474099795
15000,H8-V,909,n04596742/ILSVRC2012_val_00047482_n04596742,13,3,0.014382073345283667,0.17652370035648346,0.7124540011088053,0.03915898377696673,0.032034444312254585
15000,H8-V,909,n04596742/ILSVRC2012_val_00047482_n04596742,19,3,0.014175384615858396,0.174963707725207,0.7032399972279867,0.03870415439208349,0.03167175501585007
15000,H8-V,910,n04597913/ILSVRC2012_val_00002685_n04597913,1,3,0.007694259596367677,0.155825803677241,0.4420132239659627,0.027696972712874413,0.02327684002617995
15000,H8-V,910,n04597913/ILSVRC2012_val_00002685_n04597913,4,3,0.003162925054008762,0.07354616622130077,0.3380668063958486,0.013898209979136785,0.010517541940013567
15000,H8-V,910,n04597913/ILSVRC2012_val_00002685_n04597913,7,3,0.002900020219385624,0.06899637977282207,0.3125096261501312,0.012924754371245703,0.009799658320844173
15000,H8-V,910,n04597913/ILSVRC2012_val_00002685_n04597913,13,3,0.0025479845547427735,0.06388028711080551,0.2931699752807617,0.01186771256228288,0.008936013095080853
15000,H8-V,910,n04597913/ILSVRC2012_val_00002685_n04597913,19,3,0.002396376725907127,0.06123915563027064,0.29097522298494977,0.011430044348041216,0.008520292118191719
15000,H8-V,911,n04599235/ILSVRC2012_val_00024459_n04599235,1,3,0.02259906753897667,0.24062934517860413,1.0214766661326091,0.05687676866849264,0.04666200280189514
15000,H8-V,911,n04599235/ILSVRC2012_val_00024459_n04599235,4,3,0.018625829989711445,0.18289318680763245,0.8989774982134501,0.04590492323040962,0.036915148297945656
15000,H8-V,911,n04599235/ILSVRC2012_val_00024459_n04599235,7,3,0.017770692085226376,0.17456141610940298,0.8636524677276611,0.04386336108048757,0.03522683555881182
15000,H8-V,911,n04599235/ILSVRC2012_val_00024459_n04599235,13,3,0.016910235087076824,0.16500880817572275,0.8283737301826477,0.0416948546965917,0.03341111789147059
15000,H8-V,911,n04599235/ILSVRC2012_val_00024459_n04599235,19,3,0.016638691847523052,0.16037489473819733,0.8167862097422282,0.04084404185414314,0.0326761802037557
15000,H8-V,912,n04604644/ILSVRC2012_val_00017348_n04604644,1,3,0.02333134040236473,0.27498185137907666,0.7097669839859009,0.05792719622453054,0.05082952479521433
15000,H8-V,912,n04604644/ILSVRC2012_val_00017348_n04604644,4,3,0.017727737004558246,0.16161076227823892,0.5607613126436869,0.03949642553925514,0.033888813108205795
15000,H8-V,912,n04604644/ILSVRC2012_val_00017348_n04604644,7,3,0.01728944107890129,0.15896055599053702,0.5341271360715231,0.03852676724394163,0.03318549692630768
15000,H8-V,912,n04604644/ILSVRC2012_val_00017348_n04604644,13,3,0.016900361826022465,0.1570326586564382,0.5110043287277222,0.037713671724001564,0.03260362769166628
15000,H8-V,912,n04604644/ILSVRC2012_val_00017348_n04604644,19,3,0.01684601604938507,0.1574555585781733,0.50506192445755,0.03764219085375468,0.03259157141049703
15000,H8-V,913,n04606251/ILSVRC2012_val_00011806_n04606251,1,3,0.01297178864479065,0.3166297376155853,0.8286281625429789,0.05292104432980219,0.04463476315140724
15000,H8-V,913,n04606251/ILSVRC2012_val_00011806_n04606251,4,3,0.009824372828006744,0.18394785126050314,0.680416206518809,0.03502331922451655,0.028219158450762432
15000,H8-V,913,n04606251/ILSVRC2012_val_00011806_n04606251,7,3,0.009361726852754751,0.17710135380427042,0.6482505997021993,0.03355436772108078,0.027071862171093624
15000,H8-V,913,n04606251/ILSVRC2012_val_00011806_n04606251,13,3,0.00895091270407041,0.16951611638069153,0.618896464506785,0.03209148968259493,0.02590252459049225
15000,H8-V,913,n04606251/ILSVRC2012_val_00011806_n04606251,19,3,0.008852074233194193,0.16801859935124716,0.6114235719045004,0.03176816925406456,0.025653933485349018
15000,H8-V,914,n04612504/ILSVRC2012_val_00006590_n04612504,1,3,0.0037689109643300376,0.09211508184671402,0.25393598278363544,0.015519778554638227,0.012980419211089611
15000,H8-V,914,n04612504/ILSVRC2012_val_00006590_n04612504,4,3,0.0020900228216002383,0.07106557736794154,0.18536803126335144,0.011050260936220488,0.009196580698092779
15000,H8-V,914,n04612504/ILSVRC2012_val_00006590_n04612504,7,3,0.0020024029848476252,0.06945219139258067,0.16353264451026917,0.010582948413987955,0.008947622030973434
15000,H8-V,914,n04612504/ILSVRC2012_val_00006590_n04612504,13,3,0.0019120712531730533,0.0676220233241717,0.14906297127405801,0.010164903166393438,0.008674273577829203
15000,H8-V,914,n04612504/ILSVRC2012_val_00006590_n04612504,19,3,0.0018646630924195051,0.06772124022245407,0.1502100626627604,0.01013888760159413,0.008636787223319212
15000,H8-V,915,n04613696/ILSVRC2012_val_00000839_n04613696,1,3,0.024238331864277523,0.2491302788257599,0.9922796487808228,0.059074158469835915,0.04915136098861694
15000,H8-V,915,n04613696/ILSVRC2012_val_00000839_n04613696,4,3,0.019015954807400703,0.16460807621479034,0.8269919157028198,0.043746681263049446,0.03547676280140877
15000,H8-V,915,n04613696/ILSVRC2012_val_00000839_n04613696,7,3,0.018204253787795704,0.1588847984870275,0.792087992032369,0.04201361412803332,0.034092734257380165
15000,H8-V,915,n04613696/ILSVRC2012_val_00000839_n04613696,13,3,0.017479025448362034,0.15278693040211996,0.7583945194880167,0.0403416653474172,0.03275771935780843
15000,H8-V,915,n04613696/ILSVRC2012_val_00000839_n04613696,19,3,0.017328569044669468,0.15143558382987976,0.7483599185943604,0.03995572775602341,0.032472128669420876
15000,H8-V,916,n06359193/ILSVRC2012_val_00030198_n06359193,1,3,0.02014530450105667,0.19418630997339884,0.7073067824045817,0.0466370036204656,0.039563936491807304
15000,H8-V,916,n06359193/ILSVRC2012_val_00030198_n06359193,4,3,0.014898293341199556,0.13376659154891968,0.5955254236857096,0.03423020740350088,0.028274953365325928
15000,H8-V,916,n06359193/ILSVRC2012_val_00030198_n06359193,7,3,0.014215094347794851,0.12723503510157266,0.5662457744280497,0.03260105475783348,0.026938597361246746
15000,H8-V,916,n06359193/ILSVRC2012_val_00030198_n06359193,13,3,0.013506191161771616,0.12007260570923488,0.5394039352734884,0.030907490601142246,0.025513451546430588
15000,H8-V,916,n06359193/ILSVRC2012_val_00030198_n06359193,19,3,0.01324577753742536,0.11843934903542201,0.5319416721661886,0.03040912871559461,0.025089712192614872
15000,H8-V,917,n06596364/ILSVRC2012_val_00023397_n06596364,1,3,0.022997548803687096,0.3079109688599904,1.7860289414723713,0.07164894044399261,0.05378864829738935
15000,H8-V,917,n06596364/ILSVRC2012_val_00023397_n06596364,4,3,0.013043776464958986,0.1934229830900828,1.5278242429097493,0.04766431823372841,0.03238607570528984
15000,H8-V,917,n06596364/ILSVRC2012_val_00023397_n06596364,7,3,0.01185509655624628,0.18423359592755637,1.4824974934260051,0.04510343074798584,0.03027845670779546
15000,H8-V,917,n06596364/ILSVRC2012_val_00023397_n06596364,13,3,0.010672148627539476,0.17353710035483041,1.4341359933217366,0.04236721992492676,0.028025859345992405
15000,H8-V,917,n06596364/ILSVRC2012_val_00023397_n06596364,19,3,0.010340987394253412,0.16953182717164358,1.4163079659144084,0.04145724947253863,0.02729417011141777
15000,H8-V,918,n06785654/ILSVRC2012_val_00036669_n06785654,1,3,0.008732785626004139,0.22767464816570282,0.6924032171567281,0.03842428202430407,0.03150025072197119
15000,H8-V,918,n06785654/ILSVRC2012_val_00036669_n06785654,4,3,0.004084797731290261,0.137914369503657,0.554570476214091,0.023421939462423325,0.01787623514731725
15000,H8-V,918,n06785654/ILSVRC2012_val_00036669_n06785654,7,3,0.0037619227853914103,0.13022545476754507,0.5255028406778971,0.022039496650298435,0.016784468044837315
15000,H8-V,918,n06785654/ILSVRC2012_val_00036669_n06785654,13,3,0.0034222251269966364,0.12181044618288676,0.5002444585164388,0.02060571499168873,0.015603270071248213
15000,H8-V,918,n06785654/ILSVRC2012_val_00036669_n06785654,19,3,0.003314668002227942,0.11929251998662949,0.4949072202046712,0.020192991942167282,0.015243920187155405
15000,H8-V,919,n06794110/ILSVRC2012_val_00012162_n06794110,1,3,0.008949271403253078,0.14588219175736108,0.31877052783966064,0.026725195969144504,0.023537491137782734
15000,H8-V,919,n06794110/ILSVRC2012_val_00012162_n06794110,4,3,0.004692893009632826,0.06269883985320727,0.2116177628437678,0.013078955312569937,0.01096277746061484
15000,H8-V,919,n06794110/ILSVRC2012_val_00012162_n06794110,7,3,0.0045061660930514336,0.06087855870525042,0.19029892484347025,0.012497010951240858,0.010594021839400133
15000,H8-V,919,n06794110/ILSVRC2012_val_00012162_n06794110,13,3,0.0043607717379927635,0.05982464676102003,0.17555961509545645,0.012098832676808039,0.010343236538271109
15000,H8-V,919,n06794110/ILSVRC2012_val_00012162_n06794110,19,3,0.004335098589460055,0.06073744719227155,0.17542066673437753,0.012163049851854643,0.010408843246599039
15000,H8-V,920,n06874185/ILSVRC2012_val_00045632_n06874185,1,3,0.014877812936902046,0.2124027411142985,0.8287529150644938,0.04440561681985855,0.036118087048331894
15000,H8-V,920,n06874185/ILSVRC2012_val_00045632_n06874185,4,3,0.007924064683417479,0.12114192048708598,0.6883273720741272,0.026921530564626057,0.020038257042566936
15000,H8-V,920,n06874185/ILSVRC2012_val_00045632_n06874185,7,3,0.007314687129110098,0.11272453765074412,0.6556793649991354,0.025143934413790703,0.01858714098731677
15000,H8-V,920,n06874185/ILSVRC2012_val_00045632_n06874185,13,3,0.006730956646303336,0.10537749777237575,0.6252561807632446,0.023521268740296364,0.01726870673398177
15000,H8-V,920,n06874185/ILSVRC2012_val_00045632_n06874185,19,3,0.0065715862438082695,0.10308704773585002,0.6169278621673584,0.023049569378296535,0.016880291203657787
15000,H8-V,921,n07248320/ILSVRC2012_val_00030743_n07248320,1,3,0.009096321649849415,0.18335265417893729,0.6206710537274679,0.03363829726974169,0.027431587378184002
15000,H8-V,921,n07248320/ILSVRC2012_val_00030743_n07248320,4,3,0.006387009751051664,0.12682543694972992,0.5188860495885214,0.024258413662513096,0.019069553042451542
15000,H8-V,921,n07248320/ILSVRC2012_val_00030743_n07248320,7,3,0.006039492009828488,0.11916480710109074,0.4903237819671631,0.022859210148453712,0.017955973123510677
15000,H8-V,921,n07248320/ILSVRC2012_val_00030743_n07248320,13,3,0.005717146520813306,0.11134923994541168,0.4658560852209727,0.021510631466905277,0.016852070887883503
15000,H8-V,921,n07248320/ILSVRC2012_val_00030743_n07248320,19,3,0.005624591062466304,0.10978358735640843,0.4607128103574117,0.02121007815003395,0.016602950170636177
15000,H8-V,922,n07565083/ILSVRC2012_val_00039739_n07565083,1,3,0.01050106156617403,0.15916521350542703,0.5926801363627116,0.03234438349803289,0.026417583227157593
15000,H8-V,922,n07565083/ILSVRC2012_val_00039739_n07565083,4,3,0.006471950250367324,0.10414268324772517,0.5004794398943583,0.021891013408700626,0.016886218761404354
15000,H8-V,922,n07565083/ILSVRC2012_val_00039739_n07565083,7,3,0.0061920493220289545,0.09849894791841507,0.4734651943047841,0.020776595920324326,0.016041943803429604
15000,H8-V,922,n07565083/ILSVRC2012_val_00039739_n07565083,13,3,0.005938888061791658,0.09283771365880966,0.44962577025095624,0.019718917086720467,0.015222659334540367
15000,H8-V,922,n07565083/ILSVRC2012_val_00039739_n07565083,19,3,0.005854706124713023,0.09085026880105336,0.4440965950489044,0.01938069922228654,0.01493973316003879
15000,H8-V,923,n07579787/ILSVRC2012_val_00013115_n07579787,1,3,0.0158584238961339,0.2328367829322815,1.0265023708343506,0.04940712576111158,0.039142102003097534
15000,H8-V,923,n07579787/ILSVRC2012_val_00013115_n07579787,4,3,0.008449244933823744,0.15795980393886566,0.8892173171043396,0.0331373984615008,0.02424522489309311
15000,H8-V,923,n07579787/ILSVRC2012_val_00013115_n07579787,7,3,0.007645707887907823,0.14814836780230203,0.8531354268391927,0.030991898849606514,0.02246054510275523
15000,H8-V,923,n07579787/ILSVRC2012_val_00013115_n07579787,13,3,0.0068877520971000195,0.138352632522583,0.8179294665654501,0.028902309636274975,0.020723015069961548
15000,H8-V,923,n07579787/ILSVRC2012_val_00013115_n07579787,19,3,0.0066091616948445635,0.1339641958475113,0.8061388929684957,0.0280669704079628,0.020005581279595692
15000,H8-V,924,n07583066/ILSVRC2012_val_00031201_n07583066,1,3,0.0079623533723255,0.19423153499762216,0.4893474280834198,0.03227898230155309,0.02738550802071889
15000,H8-V,924,n07583066/ILSVRC2012_val_00031201_n07583066,4,3,0.005678149095426003,0.11945966134468715,0.38530997435251874,0.02147721437116464,0.017624114950497944
15000,H8-V,924,n07583066/ILSVRC2012_val_00031201_n07583066,7,3,0.005368362180888653,0.11420377343893051,0.3628961344559987,0.020417701452970505,0.016788740331927936
15000,H8-V,924,n07583066/ILSVRC2012_val_00031201_n07583066,13,3,0.005021438002586365,0.10978775719801585,0.34437258044878644,0.01944393975039323,0.016000214343269665
15000,H8-V,924,n07583066/ILSVRC2012_val_00031201_n07583066,19,3,0.004893968813121319,0.10845165699720383,0.3430137832959493,0.019169272234042484,0.01573913482328256
15000,H8-V,925,n07584110/ILSVRC2012_val_00032882_n07584110,1,3,0.0017700773508598406,0.1576031744480133,0.3889518082141876,0.021419912576675415,0.017530394718050957
15000,H8-V,925,n07584110/ILSVRC2012_val_00032882_n07584110,4,3,0.0009055869692626098,0.08662830044825871,0.3046506941318512,0.012614923529326916,0.009568416823943457
15000,H8-V,925,n07584110/ILSVRC2012_val_00032882_n07584110,7,3,0.0008361455014285942,0.0798875813682874,0.2790041963259379,0.011614945717155933,0.008824903517961502
15000,H8-V,925,n07584110/ILSVRC2012_val_00032882_n07584110,13,3,0.0007838390883989632,0.07529948403437932,0.25792230168978375,0.010893010534346104,0.008313787480195364
15000,H8-V,925,n07584110/ILSVRC2012_val_00032882_n07584110,19,3,0.0007767806334110597,0.07500633597373962,0.2538621624310811,0.01081603579223156,0.008277414366602898
15000,H8-V,926,n07590611/ILSVRC2012_val_00037664_n07590611,1,3,0.02782881756623586,0.2525269587834676,1.9955801963806152,0.07303731391827266,0.05308151369293531
15000,H8-V,926,n07590611/ILSVRC2012_val_00037664_n07590611,4,3,0.019496812174717586,0.17983302474021912,1.785863955815633,0.05533875524997711,0.03748011589050293
15000,H8-V,926,n07590611/ILSVRC2012_val_00037664_n07590611,7,3,0.01812897187968095,0.17066351572672525,1.7359115680058796,0.05255443975329399,0.03519532456994057
15000,H8-V,926,n07590611/ILSVRC2012_val_00037664_n07590611,13,3,0.017017871762315433,0.16265360017617544,1.6845338344573975,0.05012856920560201,0.03328323115905126
15000,H8-V,926,n07590611/ILSVRC2012_val_00037664_n07590611,19,3,0.01673072824875514,0.16157768170038858,1.6657864252726238,0.04954635972778002,0.03288849567373594
15000,H8-V,927,n07613480/ILSVRC2012_val_00026853_n07613480,1,3,0.009315134026110172,0.17813131709893545,0.9131447474161783,0.036259714514017105,0.027128266791502636
15000,H8-V,927,n07613480/ILSVRC2012_val_00026853_n07613480,4,3,0.006786506778250138,0.1277464379866918,0.8018092314402262,0.027579242984453838,0.019561151042580605
15000,H8-V,927,n07613480/ILSVRC2012_val_00026853_n07613480,7,3,0.00633986775452892,0.11854249735673268,0.7667594949404398,0.025861712793509167,0.018194117893775303
15000,H8-V,927,n07613480/ILSVRC2012_val_00026853_n07613480,13,3,0.0060324811687072115,0.11258506278196971,0.7335114479064941,0.024626102298498154,0.017290988316138584
15000,H8-V,927,n07613480/ILSVRC2012_val_00026853_n07613480,19,3,0.005984931408117215,0.1112612138191859,0.7235119541486105,0.02434617280960083,0.017111053069432575
15000,H8-V,928,n07614500/ILSVRC2012_val_00044555_n07614500,1,3,0.019997370739777882,0.2548576891422272,0.8912191390991211,0.054395330448945366,0.0454831396540006
15000,H8-V,928,n07614500/ILSVRC2012_val_00044555_n07614500,4,3,0.010507904303570589,0.14491150776545206,0.7216115792592367,0.0322151705622673,0.024999055390556652
15000,H8-V,928,n07614500/ILSVRC2012_val_00044555_n07614500,7,3,0.009741941777368387,0.13573371867338815,0.6874062021573385,0.03018937570353349,0.02331531358261903
15000,H8-V,928,n07614500/ILSVRC2012_val_00044555_n07614500,13,3,0.009179982977608839,0.12669738630453745,0.6553346713383993,0.0284030685822169,0.021849721670150757
15000,H8-V,928,n07614500/ILSVRC2012_val_00044555_n07614500,19,3,0.009090483809510866,0.12382459392150243,0.6461579203605652,0.027934522678454716,0.021472943325837452
15000,H8-V,929,n07615774/ILSVRC2012_val_00021694_n07615774,1,3,0.006865868034462134,0.21995899577935538,0.39447498321533203,0.032806518177191414,0.028861768543720245
15000,H8-V,929,n07615774/ILSVRC2012_val_00021694_n07615774,4,3,0.0019505625823512673,0.0971112276117007,0.2904696464538574,0.014566382393240929,0.011661685692767302
15000,H8-V,929,n07615774/ILSVRC2012_val_00021694_n07615774,7,3,0.0018574696344633896,0.09122167279322942,0.26647191246350604,0.013644356280565262,0.010979637193183104
15000,H8-V,929,n07615774/ILSVRC2012_val_00021694_n07615774,13,3,0.001767341629602015,0.08722855895757675,0.2497347891330719,0.01298754538098971,0.01049019768834114
15000,H8-V,929,n07615774/ILSVRC2012_val_00021694_n07615774,19,3,0.0017377605351308982,0.08581360429525375,0.24996377031008402,0.012818758686383566,0.010319121181964874
15000,H8-V,930,n07684084/ILSVRC2012_val_00007138_n07684084,1,3,0.006341245491057634,0.19231795767943063,0.6278152664502462,0.031851194178064667,0.025573042531808216
15000,H8-V,930,n07684084/ILSVRC2012_val_00007138_n07684084,4,3,0.003811553120613098,0.13633433481057486,0.5161642630894979,0.022606628636519115,0.017444986229141552
15000,H8-V,930,n07684084/ILSVRC2012_val_00007138_n07684084,7,3,0.0035374251504739127,0.12889132897059122,0.4889496862888336,0.021316054587562878,0.016426558295885723
15000,H8-V,930,n07684084/ILSVRC2012_val_00007138_n07684084,13,3,0.003250970272347331,0.11996539930502574,0.46611542503039044,0.019908664748072624,0.015247510435680548
15000,H8-V,930,n07684084/ILSVRC2012_val_00007138_n07684084,19,3,0.003149566395829121,0.11552336812019348,0.4612600306669871,0.019314503918091457,0.014701903487245241
15000,H8-V,931,n07693725/ILSVRC2012_val_00044026_n07693725,1,3,0.008079316777487596,0.1718402405579885,0.42827574412027997,0.02954609878361225,0.02526334176460902
15000,H8-V,931,n07693725/ILSVRC2012_val_00044026_n07693725,4,3,0.003558798460289836,0.07120486597220103,0.2955949703852336,0.013635235217710337,0.010679285352428755
15000,H8-V,931,n07693725/ILSVRC2012_val_00044026_n07693725,7,3,0.0033299843004594245,0.06788232922554016,0.2706499993801117,0.012824717288215956,0.010118217207491398
15000,H8-V,931,n07693725/ILSVRC2012_val_00044026_n07693725,13,3,0.0030714751531680426,0.0645196760694186,0.2510196069876353,0.012033638544380665,0.009523442946374416
15000,H8-V,931,n07693725/ILSVRC2012_val_00044026_n07693725,19,3,0.002978422058125337,0.06317126750946045,0.24770579735438028,0.011772606832285723,0.009295548933247725
15000,H8-V,932,n07695742/ILSVRC2012_val_00033408_n07695742,1,3,0.017862507452567417,0.22449195881684622,1.0831873814264934,0.05114357794324557,0.0403117040793101
15000,H8-V,932,n07695742/ILSVRC2012_val_00033408_n07695742,4,3,0.01263024533788363,0.14400717616081238,0.9262072642644247,0.036293034752209984,0.027030963450670242
15000,H8-V,932,n07695742/ILSVRC2012_val_00033408_n07695742,7,3,0.012041418192287287,0.1382813056310018,0.8906522790590922,0.03477607170740763,0.02586954894165198
15000,H8-V,932,n07695742/ILSVRC2012_val_00033408_n07695742,13,3,0.01147693550835053,0.134183868765831,0.8561369180679321,0.033456691851218544,0.02489532281955083
15000,H8-V,932,n07695742/ILSVRC2012_val_00033408_n07695742,19,3,0.01133262055615584,0.13303988675276437,0.8453719814618429,0.033090329418579735,0.024636609479784966
15000,H8-V,933,n07697313/ILSVRC2012_val_00049472_n07697313,1,3,0.009488602789739767,0.24321764707565308,0.8560648560523987,0.042371014753977455,0.03381036718686422
15000,H8-V,933,n07697313/ILSVRC2012_val_00049472_n07697313,4,3,0.005765095508346955,0.14043823381265005,0.7078294157981873,0.026887213190396626,0.01980891947944959
15000,H8-V,933,n07697313/ILSVRC2012_val_00049472_n07697313,7,3,0.005262025476743777,0.1317121386528015,0.675076444943746,0.02518400487800439,0.01843323993186156
15000,H8-V,933,n07697313/ILSVRC2012_val_00049472_n07697313,13,3,0.004781300978114207,0.11918964733680089,0.6430006821950277,0.023130272204677265,0.01670026530822118
15000,H8-V,933,n07697313/ILSVRC2012_val_00049472_n07697313,19,3,0.004651891067624092,0.11492704600095749,0.6329371929168701,0.022473967323700588,0.016144595419367153
15000,H8-V,934,n07697537/ILSVRC2012_val_00000197_n07697537,1,3,0.024947968622048695,0.23674735923608145,0.9693407813707987,0.058316114048163094,0.04862270504236221
15000,H8-V,934,n07697537/ILSVRC2012_val_00000197_n07697537,4,3,0.013403327825168768,0.14122542242209116,0.8010362784067789,0.035536233335733414,0.027525870750347774
15000,H8-V,934,n07697537/ILSVRC2012_val_00000197_n07697537,7,3,0.012297301863630613,0.13266210754712424,0.7668436765670776,0.033231948812802635,0.025563512618343037
15000,H8-V,934,n07697537/ILSVRC2012_val_00000197_n07697537,13,3,0.011054487898945808,0.12215369194746017,0.7335021495819092,0.030604877819617588,0.023269856969515484
15000,H8-V,934,n07697537/ILSVRC2012_val_00000197_n07697537,19,3,0.010519643935064474,0.1176974003513654,0.7226337790489197,0.029515722145636875,0.02228938415646553
15000,H8-V,935,n07711569/ILSVRC2012_val_00029476_n07711569,1,3,0.006853331811726093,0.30146072804927826,0.6586276094118754,0.043585680425167084,0.03699940505127112
15000,H8-V,935,n07711569/ILSVRC2012_val_00029476_n07711569,4,3,0.0026263367229451737,0.10478449861208598,0.5006279150644938,0.01811106565097968,0.013104786785940329
15000,H8-V,935,n07711569/ILSVRC2012_val_00029476_n07711569,7,3,0.002353820794572433,0.09738380213578542,0.4697801371415456,0.016790002584457397,0.01209220103919506
15000,H8-V,935,n07711569/ILSVRC2012_val_00029476_n07711569,13,3,0.0021061881755789122,0.09053026884794235,0.4417109986146291,0.015576325667401155,0.011159215432902178
15000,H8-V,935,n07711569/ILSVRC2012_val_00029476_n07711569,19,3,0.0020483688761790595,0.0885581374168396,0.4347192843755086,0.01525137604524692,0.010904183300832907
15000,H8-V,936,n07714571/ILSVRC2012_val_00017211_n07714571,1,3,0.013423214045663675,0.2712575097878774,0.7385972340901693,0.04793493698040644,0.04054896409312884
15000,H8-V,936,n07714571/ILSVRC2012_val_00017211_n07714571,4,3,0.00697635564332207,0.14617595076560974,0.573427697022756,0.02732822857797146,0.021593951309720676
15000,H8-V,936,n07714571/ILSVRC2012_val_00017211_n07714571,7,3,0.0065249282245834666,0.14033131301403046,0.5444575945536295,0.026002634937564533,0.020558059215545654
15000,H8-V,936,n07714571/ILSVRC2012_val_00017211_n07714571,13,3,0.006133292336016893,0.13267322381337485,0.5188236236572266,0.0245888518790404,0.019400615245103836
15000,H8-V,936,n07714571/ILSVRC2012_val_00017211_n07714571,19,3,0.006020446463177602,0.12913882235685983,0.51264888048172,0.024060817435383797,0.018934328729907673
15000,H8-V,937,n07714990/ILSVRC2012_val_00013519_n07714990,1,3,0.00898928272848328,0.2840118110179901,0.754767636458079,0.04493814210096995,0.037390464916825294
15000,H8-V,937,n07714990/ILSVRC2012_val_00013519_n07714990,4,3,0.0036852005093048015,0.11636122564474742,0.588157057762146,0.021202893927693367,0.015321323648095131
15000,H8-V,937,n07714990/ILSVRC2012_val_00013519_n07714990,7,3,0.003388879665484031,0.11003427704175313,0.558173418045044,0.019974041109283764,0.014392307649056116
15000,H8-V,937,n07714990/ILSVRC2012_val_00013519_n07714990,13,3,0.003097272478044033,0.10362216830253601,0.5297296047210693,0.01875678574045499,0.013459489370385805
15000,H8-V,937,n07714990/ILSVRC2012_val_00013519_n07714990,19,3,0.0029949593202521405,0.10065969824790955,0.5210639238357544,0.018271568541725475,0.013060929564138254
15000,H8-V,938,n07715103/ILSVRC2012_val_00047140_n07715103,1,3,0.0172884085526069,0.18869278828303018,0.9301367004712423,0.045459055652221046,0.036157688746849694
15000,H8-V,938,n07715103/ILSVRC2012_val_00047140_n07715103,4,3,0.013321414279441038,0.15089713037014008,0.8147745728492737,0.03655887395143509,0.028411128247777622
15000,H8-V,938,n07715103/ILSVRC2012_val_00047140_n07715103,7,3,0.01247454434633255,0.14572403331597647,0.7785974740982056,0.03483292336265246,0.027046948050459225
15000,H8-V,938,n07715103/ILSVRC2012_val_00047140_n07715103,13,3,0.01177724078297615,0.14071692526340485,0.7443215449651083,0.033292148262262344,0.025848933185140293
15000,H8-V,938,n07715103/ILSVRC2012_val_00047140_n07715103,19,3,0.011642995290458202,0.1396543929974238,0.7346770564715067,0.032955205688873924,0.02560843527317047
15000,H8-V,939,n07716358/ILSVRC2012_val_00013114_n07716358,1,3,0.018242305765549343,0.24768738945325217,1.0562055905659993,0.053573100517193474,0.04301104446252187
15000,H8-V,939,n07716358/ILSVRC2012_val_00013114_n07716358,4,3,0.012832379899919033,0.18741781016190848,0.9178737998008728,0.040752898901700974,0.0315741611023744
15000,H8-V,939,n07716358/ILSVRC2012_val_00013114_n07716358,7,3,0.012068781070411205,0.17872208853562674,0.8816738128662109,0.03875772779186567,0.029940990110238392
15000,H8-V,939,n07716358/ILSVRC2012_val_00013114_n07716358,13,3,0.01139593031257391,0.16866786777973175,0.8468623161315918,0.03673133999109268,0.02826271764934063
15000,H8-V,939,n07716358/ILSVRC2012_val_00013114_n07716358,19,3,0.011219772510230541,0.16527118782202402,0.8363081812858582,0.03610997522870699,0.02774689222375552
15000,H8-V,940,n07716906/ILSVRC2012_val_00040037_n07716906,1,3,0.0028500688107063374,0.1440852681795756,0.37178829312324524,0.02097647823393345,0.017258595985670883
15000,H8-V,940,n07716906/ILSVRC2012_val_00040037_n07716906,4,3,0.001273027000327905,0.06988796343406041,0.2643005649248759,0.010904828707377115,0.008261823250601688
15000,H8-V,940,n07716906/ILSVRC2012_val_00040037_n07716906,7,3,0.0011825411347672343,0.06366029257575671,0.24135471880435944,0.009962117609878382,0.007548570322493712
15000,H8-V,940,n07716906/ILSVRC2012_val_00040037_n07716906,13,3,0.0010806682985275984,0.05791925390561422,0.22583055992921194,0.00913089948395888,0.0068725937356551485
15000,H8-V,940,n07716906/ILSVRC2012_val_00040037_n07716906,19,3,0.0010449161054566503,0.057074194153149925,0.2267574965953827,0.009019910668333372,0.006752335621664922
15000,H8-V,941,n07717410/ILSVRC2012_val_00031841_n07717410,1,3,0.008492914338906607,0.17428273955980936,0.44533805052439374,0.030374569197495777,0.025921188294887543
15000,H8-V,941,n07717410/ILSVRC2012_val_00031841_n07717410,4,3,0.004425649841626485,0.09000969181458156,0.34345268209775287,0.016861146315932274,0.013426619271437326
15000,H8-V,941,n07717410/ILSVRC2012_val_00031841_n07717410,7,3,0.004103272998084624,0.08369099348783493,0.31640100479125977,0.015636382314066093,0.012472372502088547
15000,H8-V,941,n07717410/ILSVRC2012_val_00031841_n07717410,13,3,0.0037307487024615207,0.07773648202419281,0.2942924002806346,0.014447320563097795,0.011504396796226501
15000,H8-V,941,n07717410/ILSVRC2012_val_00031841_n07717410,19,3,0.003598384791985154,0.07649957885344823,0.29020893573760986,0.014150432000557581,0.01124834269285202
15000,H8-V,942,n07717556/ILSVRC2012_val_00021097_n07717556,1,3,0.0031233482683698335,0.13895822068055472,0.43391568462053937,0.021358327319224674,0.01701917064686616
15000,H8-V,942,n07717556/ILSVRC2012_val_00021097_n07717556,4,3,0.0013942141085863113,0.0796991338332494,0.3318558832009633,0.01268268624941508,0.00936412780235211
15000,H8-V,942,n07717556/ILSVRC2012_val_00021097_n07717556,7,3,0.0012578862564017375,0.07425781587759654,0.30582461754481,0.011741913855075836,0.008683667828639349
15000,H8-V,942,n07717556/ILSVRC2012_val_00021097_n07717556,13,3,0.0011547822893286745,0.06902997692426045,0.2857831120491028,0.010915610939264297,0.008057779942949614
15000,H8-V,942,n07717556/ILSVRC2012_val_00021097_n07717556,19,3,0.0011625491703550022,0.06839643170436223,0.28366631269454956,0.010838855368395647,0.008002192247658968
15000,H8-V,943,n07718472/ILSVRC2012_val_00023606_n07718472,1,3,0.02026919089257717,0.18468704322973886,0.979532519976298,0.048533221085866295,0.038737895588080086
15000,H8-V,943,n07718472/ILSVRC2012_val_00023606_n07718472,4,3,0.01601080099741618,0.12185823917388916,0.8259857892990112,0.03645648310581843,0.02819662479062875
15000,H8-V,943,n07718472/ILSVRC2012_val_00023606_n07718472,7,3,0.01536970833937327,0.11617659777402878,0.792620857556661,0.034913577139377594,0.02698736886183421
15000,H8-V,943,n07718472/ILSVRC2012_val_00023606_n07718472,13,3,0.014749260929723581,0.10872457424799602,0.7588183482487997,0.03320990254481634,0.025621718416611355
15000,H8-V,943,n07718472/ILSVRC2012_val_00023606_n07718472,19,3,0.014598960988223553,0.10541744033495586,0.7475825349489847,0.03261652961373329,0.025140705207983654
15000,H8-V,944,n07718747/ILSVRC2012_val_00045187_n07718747,1,3,0.01524182471136252,0.21162562568982443,1.1742405891418457,0.04814679175615311,0.03640438740452131
15000,H8-V,944,n07718747/ILSVRC2012_val_00045187_n07718747,4,3,0.009795600548386574,0.14588444431622824,1.0182387828826904,0.03456643099586169,0.024384044110774994
15000,H8-V,944,n07718747/ILSVRC2012_val_00045187_n07718747,7,3,0.009041062866648039,0.13946808377901712,0.9789016246795654,0.03277688721815745,0.02298787112037341
15000,H8-V,944,n07718747/ILSVRC2012_val_00045187_n07718747,13,3,0.008309554308652878,0.13255620499451956,0.9386975566546122,0.030952150002121925,0.02156517468392849
15000,H8-V,944,n07718747/ILSVRC2012_val_00045187_n07718747,19,3,0.008081382140517235,0.13002886871496835,0.9246208071708679,0.030330476661523182,0.021084269508719444
15000,H8-V,945,n07720875/ILSVRC2012_val_00038872_n07720875,1,3,0.02813982404768467,0.3093012571334839,1.9986039400100708,0.07905598978201549,0.05906994889179865
15000,H8-V,945,n07720875/ILSVRC2012_val_00038872_n07720875,4,3,0.017388286689917248,0.22140036026636759,1.80370299021403,0.05756535132726034,0.03952832271655401
15000,H8-V,945,n07720875/ILSVRC2012_val_00038872_n07720875,7,3,0.016047760844230652,0.21020781000455221,1.7524819374084473,0.05459336191415787,0.03706854209303856
15000,H8-V,945,n07720875/ILSVRC2012_val_00038872_n07720875,13,3,0.014937947193781534,0.19818186263243356,1.7021453380584717,0.05177758758266767,0.03475613395373026
15000,H8-V,945,n07720875/ILSVRC2012_val_00038872_n07720875,19,3,0.014752383964757124,0.1948664983113607,1.685354232788086,0.05109257623553276,0.03423903385798136
15000,H8-V,946,n07730033/ILSVRC2012_val_00010660_n07730033,1,3,0.017513664439320564,0.19107776383558908,0.7299820780754089,0.043921260784069695,0.03662144144376119
15000,H8-V,946,n07730033/ILSVRC2012_val_00010660_n07730033,4,3,0.01059839129447937,0.10668175667524338,0.6080274780591329,0.027346841990947723,0.021266567210356396
15000,H8-V,946,n07730033/ILSVRC2012_val_00010660_n07730033,7,3,0.009916651993989944,0.10186798373858134,0.579879641532898,0.025902246435483296,0.020103450243671734
15000,H8-V,946,n07730033/ILSVRC2012_val_00010660_n07730033,13,3,0.009288060168425242,0.09690236796935399,0.5536382595698038,0.024514678865671158,0.01897829646865527
15000,H8-V,946,n07730033/ILSVRC2012_val_00010660_n07730033,19,3,0.009115753384927908,0.09445216506719589,0.545627772808075,0.024017247681816418,0.018560970202088356
15000,H8-V,947,n07734744/ILSVRC2012_val_00014405_n07734744,1,3,0.021271516879399616,0.25098681449890137,1.1944091320037842,0.05831428989768028,0.04637019832928976
15000,H8-V,947,n07734744/ILSVRC2012_val_00014405_n07734744,4,3,0.013148618241151174,0.1572226583957672,1.030019203821818,0.039171076069275536,0.02887088432908058
15000,H8-V,947,n07734744/ILSVRC2012_val_00014405_n07734744,7,3,0.01235363477220138,0.15205835302670798,0.9923085967699686,0.03748255595564842,0.027559469764431316
15000,H8-V,947,n07734744/ILSVRC2012_val_00014405_n07734744,13,3,0.011663058772683144,0.14577477176984152,0.9537820816040039,0.035778358578681946,0.02624053694307804
15000,H8-V,947,n07734744/ILSVRC2012_val_00014405_n07734744,19,3,0.01148789624373118,0.1438547819852829,0.9402182102203369,0.035275557388861976,0.0258733748147885
15000,H8-V,948,n07742313/ILSVRC2012_val_00046718_n07742313,1,3,0.008426599980642399,0.16322330385446548,0.3642757336298625,0.0283916878203551,0.024748930086692173
15000,H8-V,948,n07742313/ILSVRC2012_val_00046718_n07742313,4,3,0.0032040877267718315,0.07338981082042058,0.25092586874961853,0.013052327558398247,0.010543068870902061
15000,H8-V,948,n07742313/ILSVRC2012_val_00046718_n07742313,7,3,0.002952859659368793,0.06777750452359517,0.22690925498803458,0.011999703012406826,0.00973061037560304
15000,H8-V,948,n07742313/ILSVRC2012_val_00046718_n07742313,13,3,0.0026860305418570838,0.06157941619555155,0.21185601751009622,0.010962532522777716,0.008843972347676754
15000,H8-V,948,n07742313/ILSVRC2012_val_00046718_n07742313,19,3,0.002575022866949439,0.05911462505658468,0.21383434037367502,0.01062482874840498,0.008486485419174036
15000,H8-V,949,n07745940/ILSVRC2012_val_00037522_n07745940,1,3,0.006575325038284063,0.2080928385257721,0.5766107241312662,0.0331507163743178,0.027384609604875248
15000,H8-V,949,n07745940/ILSVRC2012_val_00037522_n07745940,4,3,0.0036614968751867614,0.13649225234985352,0.4790537357330322,0.02210125947992007,0.017310722420612972
15000,H8-V,949,n07745940/ILSVRC2012_val_00037522_n07745940,7,3,0.0034264647401869297,0.12936321397622427,0.45377182960510254,0.020900504663586617,0.016362786293029785
15000,H8-V,949,n07745940/ILSVRC2012_val_00037522_n07745940,13,3,0.0031889121358593306,0.12124198923508327,0.4337912897268931,0.019651023671030998,0.015313110935191313
15000,H8-V,949,n07745940/ILSVRC2012_val_00037522_n07745940,19,3,0.0031129720931251845,0.11696751912434895,0.4307084282239278,0.019116808970769245,0.014809724874794483
15000,H8-V,950,n07747607/ILSVRC2012_val_00034677_n07747607,1,3,0.004359890706837177,0.06931818276643753,0.2336326688528061,0.013628035473326841,0.011291708797216415
15000,H8-V,950,n07747607/ILSVRC2012_val_00034677_n07747607,4,3,0.0012949935626238585,0.023906976605455082,0.1456533968448639,0.0051422252630194025,0.0036856913939118385
15000,H8-V,950,n07747607/ILSVRC2012_val_00034677_n07747607,7,3,0.0011874329453955095,0.022483274961511295,0.1240809957186381,0.004676570494969686,0.0034357605036348104
15000,H8-V,950,n07747607/ILSVRC2012_val_00034677_n07747607,13,3,0.0010927935751775901,0.02032059741516908,0.11052513122558594,0.004230104542026917,0.003124853363260627
15000,H8-V,950,n07747607/ILSVRC2012_val_00034677_n07747607,19,3,0.0010852620471268892,0.019550150260329247,0.11189309755961101,0.0041592080766956014,0.0030402771662920713
15000,H8-V,951,n07749582/ILSVRC2012_val_00020573_n07749582,1,3,0.010127072843412558,0.16619806488355002,0.5351260701815287,0.03209814118842284,0.026746880263090134
15000,H8-V,951,n07749582/ILSVRC2012_val_00020573_n07749582,4,3,0.006189320546885331,0.10169475028912227,0.4202200671037038,0.02056099722782771,0.016358796507120132
15000,H8-V,951,n07749582/ILSVRC2012_val_00020573_n07749582,7,3,0.005764778393010299,0.0965593655904134,0.3928399582703908,0.01934911496937275,0.01542071532458067
15000,H8-V,951,n07749582/ILSVRC2012_val_00020573_n07749582,13,3,0.005396520874152581,0.09169861674308777,0.36963672439257306,0.018262750158707302,0.014566382703681787
15000,H8-V,951,n07749582/ILSVRC2012_val_00020573_n07749582,19,3,0.005323201417922974,0.09048618127902348,0.3649425109227498,0.018021244555711746,0.014371819794178009
15000,H8-V,952,n07753113/ILSVRC2012_val_00038688_n07753113,1,3,0.010820483478407064,0.19538078705469766,0.579258660475413,0.036151149620612465,0.030358563487728436
15000,H8-V,952,n07753113/ILSVRC2012_val_00038688_n07753113,4,3,0.005136501509696245,0.10299126307169597,0.45865147312482196,0.020022142678499222,0.015435627972086271
15000,H8-V,952,n07753113/ILSVRC2012_val_00038688_n07753113,7,3,0.004648198528836171,0.09686637421449025,0.4313265085220337,0.01864810101687908,0.014334836043417454
15000,H8-V,952,n07753113/ILSVRC2012_val_00038688_n07753113,13,3,0.004192496029039224,0.09007979929447174,0.4089842637379964,0.017290319005648296,0.013200476144750914
15000,H8-V,952,n07753113/ILSVRC2012_val_00038688_n07753113,19,3,0.004078895164032777,0.08793726315100987,0.40521543224652606,0.016924775515993435,0.012872621417045593
15000,H8-V,953,n07753275/ILSVRC2012_val_00009015_n07753275,1,3,0.016792903343836468,0.28709985812505084,0.9942280451456705,0.05544517065087954,0.04550288990139961
15000,H8-V,953,n07753275/ILSVRC2012_val_00009015_n07753275,4,3,0.012371903906265894,0.1758073071638743,0.8349393010139465,0.03830202793081602,0.02995263474682967
15000,H8-V,953,n07753275/ILSVRC2012_val_00009015_n07753275,7,3,0.011749892806013426,0.16948296626408896,0.7974905967712402,0.036673096319039665,0.02869818980495135
15000,H8-V,953,n07753275/ILSVRC2012_val_00009015_n07753275,13,3,0.011242591155072054,0.16383200387159982,0.7612354556719462,0.03523814554015795,0.02762579172849655
15000,H8-V,953,n07753275/ILSVRC2012_val_00009015_n07753275,19,3,0.011143253495295843,0.16238551338513693,0.7504781285921732,0.034886584927638374,0.027381804461280506
15000,H8-V,954,n07753592/ILSVRC2012_val_00043785_n07753592,1,3,0.007725313771516085,0.22847975293795267,0.5203837851683298,0.03577712612847487,0.030573288599650066
15000,H8-V,954,n07753592/ILSVRC2012_val_00043785_n07753592,4,3,0.003345271727691094,0.10706002513567607,0.387136568625768,0.017922639846801758,0.01405127439647913
15000,H8-V,954,n07753592/ILSVRC2012_val_00043785_n07753592,7,3,0.0030393393244594336,0.10113283495108287,0.3616899251937866,0.016769522180159886,0.013152623238662878
15000,H8-V,954,n07753592/ILSVRC2012_val_00043785_n07753592,13,3,0.0027709700322399535,0.09530812253554662,0.3429197072982788,0.015730980783700943,0.012301783077418804
15000,H8-V,954,n07753592/ILSVRC2012_val_00043785_n07753592,19,3,0.002705882458637158,0.09416126956542333,0.3413753807544708,0.015535763464868069,0.012122009880840778
15000,H8-V,955,n07754684/ILSVRC2012_val_00006705_n07754684,1,3,0.007049468656380971,0.16302108764648438,0.3637245496114095,0.02698882358769576,0.023351578041911125
15000,H8-V,955,n07754684/ILSVRC2012_val_00006705_n07754684,4,3,0.004851770742485921,0.0837309757868449,0.2716162105401357,0.015941031277179718,0.013224868724743525
15000,H8-V,955,n07754684/ILSVRC2012_val_00006705_n07754684,7,3,0.004691299361487229,0.07917714367310207,0.2500305026769638,0.015109319239854813,0.012609013977150122
15000,H8-V,955,n07754684/ILSVRC2012_val_00006705_n07754684,13,3,0.0045173320298393565,0.07659705976645152,0.2350294589996338,0.014527332969009876,0.012177038316925367
15000,H8-V,955,n07754684/ILSVRC2012_val_00006705_n07754684,19,3,0.004396843258291483,0.07561630755662918,0.23625423510869345,0.01432101676861445,0.011958474293351173
15000,H8-V,956,n07760859/ILSVRC2012_val_00017457_n07760859,1,3,0.01279121699432532,0.20358690122763315,0.6636642217636108,0.03978655052681764,0.033149907986323036
15000,H8-V,956,n07760859/ILSVRC2012_val_00017457_n07760859,4,3,0.003855750740816196,0.1063918670018514,0.5315343737602234,0.019810281693935394,0.014494937534133593
15000,H8-V,956,n07760859/ILSVRC2012_val_00017457_n07760859,7,3,0.0034928275272250175,0.09933363646268845,0.5016840596993765,0.01844303123652935,0.013426191173493862
15000,H8-V,956,n07760859/ILSVRC2012_val_00017457_n07760859,13,3,0.0031801729928702116,0.09220123787720998,0.4750101566314697,0.017150398964683216,0.012400297448039055
15000,H8-V,956,n07760859/ILSVRC2012_val_00017457_n07760859,19,3,0.0031216255544374385,0.08984675010045369,0.4681365291277568,0.016787666206558544,0.012106300642093023
15000,H8-V,957,n07768694/ILSVRC2012_val_00010111_n07768694,1,3,0.012583133143683275,0.16080671548843384,0.6179699500401815,0.03484350318710009,0.028663805375496548
15000,H8-V,957,n07768694/ILSVRC2012_val_00010111_n07768694,4,3,0.009958714557190737,0.12383212894201279,0.5385186870892843,0.027727114657560985,0.022341927513480186
15000,H8-V,957,n07768694/ILSVRC2012_val_00010111_n07768694,7,3,0.009430988070865473,0.11771664768457413,0.5071830153465271,0.026274483650922775,0.021202653646469116
15000,H8-V,957,n07768694/ILSVRC2012_val_00010111_n07768694,13,3,0.009019221489628157,0.11200992514689763,0.4782579441865285,0.025002793098489445,0.020220213880141575
15000,H8-V,957,n07768694/ILSVRC2012_val_00010111_n07768694,19,3,0.008970378587643305,0.11119555185238521,0.46980374058087665,0.02478797050813834,0.020089933648705482
15000,H8-V,958,n07802026/ILSVRC2012_val_00034579_n07802026,1,3,0.010502868331968784,0.18047453463077545,0.4597691496213277,0.033148013055324554,0.028550322478016216
15000,H8-V,958,n07802026/ILSVRC2012_val_00034579_n07802026,4,3,0.006766733558227618,0.11330046008030574,0.3523647089799245,0.02162042570610841,0.018096779162685078
15000,H8-V,958,n07802026/ILSVRC2012_val_00034579_n07802026,7,3,0.00641936498383681,0.10930586109558742,0.3264610568682353,0.020614561935265858,0.017349950969219208
15000,H8-V,958,n07802026/ILSVRC2012_val_00034579_n07802026,13,3,0.0061111523148914175,0.10304029285907745,0.3060651818911235,0.019475833202401798,0.016415181880195934
15000,H8-V,958,n07802026/ILSVRC2012_val_00034579_n07802026,19,3,0.006040295120328665,0.10009420414765675,0.3030547499656677,0.01908026325205962,0.016049715379873913
15000,H8-V,959,n07831146/ILSVRC2012_val_00025791_n07831146,1,3,0.008259728240470091,0.2177937775850296,0.9936902125676473,0.03997600947817167,0.030039106185237568
15000,H8-V,959,n07831146/ILSVRC2012_val_00025791_n07831146,4,3,0.005959457562615474,0.16677117347717285,0.8840961456298828,0.03147753824790319,0.022636575624346733
15000,H8-V,959,n07831146/ILSVRC2012_val_00025791_n07831146,7,3,0.005438610756148894,0.15763391057650247,0.8473077813784281,0.029675080130497616,0.021202002962430317
15000,H8-V,959,n07831146/ILSVRC2012_val_00025791_n07831146,13,3,0.004977235570549965,0.1476313223441442,0.8121970693270365,0.027862338349223137,0.019740367929140728
15000,H8-V,959,n07831146/ILSVRC2012_val_00025791_n07831146,19,3,0.004848284802089135,0.1445608784755071,0.8019481897354126,0.027323853845397632,0.019304372370243073
15000,H8-V,960,n07836838/ILSVRC2012_val_00014400_n07836838,1,3,0.016596936931212742,0.22735358277956644,0.9091260035832723,0.04842355599006017,0.03933229545752207
15000,H8-V,960,n07836838/ILSVRC2012_val_00014400_n07836838,4,3,0.008880730097492536,0.13592230280240378,0.7566278775533041,0.030039239053924877,0.022472960874438286
15000,H8-V,960,n07836838/ILSVRC2012_val_00014400_n07836838,7,3,0.008271494569877783,0.12774219612280527,0.7265239159266154,0.028310952708125114,0.021045713995893795
15000,H8-V,960,n07836838/ILSVRC2012_val_00014400_n07836838,13,3,0.007707982944945495,0.11745580285787582,0.6967429121335348,0.026420991867780685,0.019453563416997593
15000,H8-V,960,n07836838/ILSVRC2012_val_00014400_n07836838,19,3,0.00755636269847552,0.1135238731900851,0.6868051886558533,0.025776802251736324,0.018908750265836716
15000,H8-V,961,n07860988/ILSVRC2012_val_00045780_n07860988,1,3,0.025909660384058952,0.27738629778226215,1.150845964749654,0.06515675038099289,0.0536482905348142
15000,H8-V,961,n07860988/ILSVRC2012_val_00045780_n07860988,4,3,0.01610052026808262,0.19261160989602408,0.9789114793141683,0.04515079533060392,0.03536168113350868
15000,H8-V,961,n07860988/ILSVRC2012_val_00045780_n07860988,7,3,0.014850002092619738,0.182721217473348,0.9400181174278259,0.04252230624357859,0.03312212601304054
15000,H8-V,961,n07860988/ILSVRC2012_val_00045780_n07860988,13,3,0.01382667850703001,0.1732779840628306,0.9012322624524435,0.040166800220807396,0.03115447734793027
15000,H8-V,961,n07860988/ILSVRC2012_val_00045780_n07860988,19,3,0.013553999674816927,0.16896157463391623,0.8884790937105814,0.03933494786421458,0.03045015720029672
15000,H8-V,962,n07871810/ILSVRC2012_val_00033452_n07871810,1,3,0.009279024476806322,0.22424239416917166,0.740875244140625,0.039112016558647156,0.03170326476295789
15000,H8-V,962,n07871810/ILSVRC2012_val_00033452_n07871810,4,3,0.006183396869649489,0.16718403001626334,0.6315017739931742,0.029216817269722622,0.022901800150672596
15000,H8-V,962,n07871810/ILSVRC2012_val_00033452_n07871810,7,3,0.005739897179106872,0.15867628157138824,0.6003298362096151,0.02761082351207733,0.021607525646686554
15000,H8-V,962,n07871810/ILSVRC2012_val_00033452_n07871810,13,3,0.005322533038755258,0.1500445008277893,0.571472187836965,0.026041705161333084,0.02032698318362236
15000,H8-V,962,n07871810/ILSVRC2012_val_00033452_n07871810,19,3,0.00519940893476208,0.14764551321665445,0.5634318590164185,0.025598278269171715,0.019963959852854412
15000,H8-V,963,n07873807/ILSVRC2012_val_00019999_n07873807,1,3,0.026137216637531917,0.2686851571003596,1.5317190090815227,0.06832292179266612,0.05300573259592056
15000,H8-V,963,n07873807/ILSVRC2012_val_00019999_n07873807,4,3,0.019871172805627186,0.21118399997552237,1.3847643931706746,0.054837215691804886,0.04098957280317942
15000,H8-V,963,n07873807/ILSVRC2012_val_00019999_n07873807,7,3,0.018717152376969654,0.20210886498292288,1.338071346282959,0.052308751891056694,0.03892803813020388
15000,H8-V,963,n07873807/ILSVRC2012_val_00019999_n07873807,13,3,0.017569397886594135,0.19795472919940948,1.293567180633545,0.05030054102341334,0.03736487030982971
15000,H8-V,963,n07873807/ILSVRC2012_val_00019999_n07873807,19,3,0.017220669115583103,0.19508438309033713,1.2770960728327434,0.049500069270531334,0.0367291085422039
15000,H8-V,964,n07875152/ILSVRC2012_val_00033193_n07875152,1,3,0.010728347736100355,0.21442299584547678,0.8230026165644327,0.0404006764292717,0.03217064899702867
15000,H8-V,964,n07875152/ILSVRC2012_val_00033193_n07875152,4,3,0.005858370258162419,0.12959658106168112,0.6844760179519653,0.02566278912127018,0.018818028271198273
15000,H8-V,964,n07875152/ILSVRC2012_val_00033193_n07875152,7,3,0.005319808920224507,0.12158342202504475,0.6528100371360779,0.024006251245737076,0.01747815062602361
15000,H8-V,964,n07875152/ILSVRC2012_val_00033193_n07875152,13,3,0.004855263512581587,0.11233051866292953,0.6226524710655212,0.022314840306838352,0.01608831559618314
15000,H8-V,964,n07875152/ILSVRC2012_val_00033193_n07875152,19,3,0.004771433304995298,0.10995620240767796,0.6135888695716858,0.0219029417882363,0.015767053390542667
15000,H8-V,965,n07880968/ILSVRC2012_val_00032670_n07880968,1,3,0.005540919024497271,0.14986833184957504,0.3671249250570933,0.02419900211195151,0.020527752737204235
15000,H8-V,965,n07880968/ILSVRC2012_val_00032670_n07880968,4,3,0.0029914372134953737,0.09458752473195393,0.2923386792341868,0.015373576742907366,0.012450189950565497
15000,H8-V,965,n07880968/ILSVRC2012_val_00032670_n07880968,7,3,0.0028000394037614265,0.09118698040644328,0.2685255805651347,0.014603993234535059,0.011918737553060055
15000,H8-V,965,n07880968/ILSVRC2012_val_00032670_n07880968,13,3,0.002605513824770848,0.0870459775129954,0.25075597564379376,0.013817671375970045,0.011310111420849958
15000,H8-V,965,n07880968/ILSVRC2012_val_00032670_n07880968,19,3,0.002534047234803438,0.08477207024892171,0.2488693247238795,0.013499947575231394,0.011011254352827867
15000,H8-V,966,n07892512/ILSVRC2012_val_00010343_n07892512,1,3,0.009116832011689743,0.12382047871748607,0.34911202390988666,0.02498999920984109,0.02149887941777706
15000,H8-V,966,n07892512/ILSVRC2012_val_00010343_n07892512,4,3,0.004824293001244466,0.059027927617232,0.25493372480074566,0.013276422706743082,0.010727085794011751
15000,H8-V,966,n07892512/ILSVRC2012_val_00010343_n07892512,7,3,0.004573167767375708,0.055956376095612846,0.23325589299201965,0.012501364263395468,0.010168805407981077
15000,H8-V,966,n07892512/ILSVRC2012_val_00010343_n07892512,13,3,0.004329585159818332,0.053262961407502495,0.21971488992373148,0.011853030261894068,0.009655881362656752
15000,H8-V,966,n07892512/ILSVRC2012_val_00010343_n07892512,19,3,0.00425135949626565,0.05272022758920988,0.22224523623784384,0.011745834412674109,0.009523382410407066
15000,H8-V,967,n07920052/ILSVRC2012_val_00029384_n07920052,1,3,0.023093790436784428,0.20304897924264273,1.0307682355244954,0.05370637153585752,0.04339868823687235
15000,H8-V,967,n07920052/ILSVRC2012_val_00029384_n07920052,4,3,0.015094405350585779,0.12858930230140686,0.8723711371421814,0.0366770476102829,0.027953336015343666
15000,H8-V,967,n07920052/ILSVRC2012_val_00029384_n07920052,7,3,0.01354051474481821,0.11776104321082433,0.8312058647473654,0.0336286760866642,0.025316618382930756
15000,H8-V,967,n07920052/ILSVRC2012_val_00029384_n07920052,13,3,0.012474707017342249,0.10945654660463333,0.7917320330937704,0.0313376821577549,0.023420361801981926
15000,H8-V,967,n07920052/ILSVRC2012_val_00029384_n07920052,19,3,0.012211556856830915,0.10709236562252045,0.7788336873054504,0.030709130068620045,0.022920793543259304
15000,H8-V,968,n07930864/ILSVRC2012_val_00047825_n07930864,1,3,0.007562486765285333,0.23435785373051962,0.585773249467214,0.036856004347403847,0.030998272200425465
15000,H8-V,968,n07930864/ILSVRC2012_val_00047825_n07930864,4,3,0.00462536063666145,0.15139728784561157,0.47097326318422955,0.024474821363886196,0.01976508895556132
15000,H8-V,968,n07930864/ILSVRC2012_val_00047825_n07930864,7,3,0.004344251472502947,0.14700002471605936,0.4436151385307312,0.023480406031012535,0.019044254596034687
15000,H8-V,968,n07930864/ILSVRC2012_val_00047825_n07930864,13,3,0.004079876312365134,0.14160585403442383,0.42102962732315063,0.022450758144259453,0.018240461746851604
15000,H8-V,968,n07930864/ILSVRC2012_val_00047825_n07930864,19,3,0.004004682569454114,0.1395640422900518,0.41724125544230145,0.02213350000480811,0.01796108732620875
15000,H8-V,969,n07932039/ILSVRC2012_val_00038359_n07932039,1,3,0.007284040562808514,0.16705410182476044,0.6385448575019836,0.03037489950656891,0.02398945080737273
15000,H8-V,969,n07932039/ILSVRC2012_val_00038359_n07932039,4,3,0.003673755253354708,0.09650805840889613,0.508152703444163,0.01840608815352122,0.013324561528861523
15000,H8-V,969,n07932039/ILSVRC2012_val_00038359_n07932039,7,3,0.0033821857068687677,0.09186516453822453,0.4788663983345032,0.017357366780440014,0.012568702300389608
15000,H8-V,969,n07932039/ILSVRC2012_val_00038359_n07932039,13,3,0.0031391932473828397,0.08699122567971547,0.4535456399122874,0.016373772795001667,0.011838316296537718
15000,H8-V,969,n07932039/ILSVRC2012_val_00038359_n07932039,19,3,0.003087676363065839,0.08538733671108882,0.4480537970860799,0.016106948256492615,0.01162641029804945
15000,H8-V,970,n09193705/ILSVRC2012_val_00004333_n09193705,1,3,0.019356173152724903,0.22979362308979034,0.7220769921938578,0.04955630501111349,0.042335535089174904
15000,H8-V,970,n09193705/ILSVRC2012_val_00004333_n09193705,4,3,0.015592118414739767,0.1689799576997757,0.5951419274012247,0.03844153384367625,0.03249011437098185
15000,H8-V,970,n09193705/ILSVRC2012_val_00004333_n09193705,7,3,0.015060693336029848,0.16430828471978506,0.5660207668940226,0.03715173030893008,0.031491522987683616
15000,H8-V,970,n09193705/ILSVRC2012_val_00004333_n09193705,13,3,0.014505230511228243,0.15853683650493622,0.5390917261441549,0.03574983154733976,0.03035891428589821
15000,H8-V,970,n09193705/ILSVRC2012_val_00004333_n09193705,19,3,0.014277416281402111,0.1555770287911097,0.5318316419919332,0.0351534349222978,0.029835119222601254
15000,H8-V,971,n09229709/ILSVRC2012_val_00029026_n09229709,1,3,0.009970632381737232,0.1513131062189738,0.672459880510966,0.031826541448632874,0.02510194294154644
15000,H8-V,971,n09229709/ILSVRC2012_val_00029026_n09229709,4,3,0.006633784311513106,0.11027806500593822,0.566496749718984,0.023326558371384937,0.017661590750018757
15000,H8-V,971,n09229709/ILSVRC2012_val_00029026_n09229709,7,3,0.006096414911250274,0.1046888679265976,0.5355188846588135,0.02192049038906892,0.016565301765998203
15000,H8-V,971,n09229709/ILSVRC2012_val_00029026_n09229709,13,3,0.005676757854719956,0.10107978681723277,0.5074956019719442,0.020859692866603535,0.01578473672270775
15000,H8-V,971,n09229709/ILSVRC2012_val_00029026_n09229709,19,3,0.005554328362147014,0.10147133221228917,0.49980951348940533,0.020699556916952133,0.01570146220425765
15000,H8-V,972,n09246464/ILSVRC2012_val_00034504_n09246464,1,3,0.00927627831697464,0.23027566572030386,0.5806629657745361,0.03811047412455082,0.032303844268123307
15000,H8-V,972,n09246464/ILSVRC2012_val_00034504_n09246464,4,3,0.004778710659593344,0.13219770789146423,0.4470640222231547,0.02246912072102229,0.017998481169342995
15000,H8-V,972,n09246464/ILSVRC2012_val_00034504_n09246464,7,3,0.004412815906107426,0.12482582032680511,0.42054201165835065,0.02110081786910693,0.016895397876699764
15000,H8-V,972,n09246464/ILSVRC2012_val_00034504_n09246464,13,3,0.004048115573823452,0.11539240181446075,0.39860140283902484,0.019573370615641277,0.015587356251974901
15000,H8-V,972,n09246464/ILSVRC2012_val_00034504_n09246464,19,3,0.003995214744160573,0.11340834945440292,0.3942594329516093,0.019278644273678463,0.01533604972064495
15000,H8-V,973,n09256479/ILSVRC2012_val_00010141_n09256479,1,3,0.011426841219266256,0.1824308137098948,0.44754032293955487,0.03414532542228699,0.029669921845197678
15000,H8-V,973,n09256479/ILSVRC2012_val_00010141_n09256479,4,3,0.004485352120051782,0.09381864468256633,0.3256160418192546,0.017123376950621605,0.013867217116057873
15000,H8-V,973,n09256479/ILSVRC2012_val_00010141_n09256479,7,3,0.0041228194410602255,0.0884513979156812,0.3008195757865906,0.01597615486631791,0.01296795935680469
15000,H8-V,973,n09256479/ILSVRC2012_val_00010141_n09256479,13,3,0.0038161184638738632,0.08268392086029053,0.28130510449409485,0.014897561632096767,0.012084510798255602
15000,H8-V,973,n09256479/ILSVRC2012_val_00010141_n09256479,19,3,0.0037562629052748284,0.08018576353788376,0.27840204040209454,0.014558859479924044,0.011774839212497076
15000,H8-V,974,n09288635/ILSVRC2012_val_00018658_n09288635,1,3,0.004245640554775794,0.12571381032466888,0.4766458173592885,0.0215834795186917,0.016817021804551285
15000,H8-V,974,n09288635/ILSVRC2012_val_00018658_n09288635,4,3,0.0017002171759183209,0.07553001244862874,0.38167089223861694,0.013069927381972471,0.009253218459586302
15000,H8-V,974,n09288635/ILSVRC2012_val_00018658_n09288635,7,3,0.001540497566262881,0.07029716422160466,0.35403817892074585,0.012110595591366291,0.008570214112599691
15000,H8-V,974,n09288635/ILSVRC2012_val_00018658_n09288635,13,3,0.001405317025880019,0.06605616708596547,0.3299924333890279,0.011310857720673084,0.008010933641344309
15000,H8-V,974,n09288635/ILSVRC2012_val_00018658_n09288635,19,3,0.001369699292505781,0.06476179262002309,0.32422710458437604,0.011088149932523569,0.007845878911515078
15000,H8-V,975,n09332890/ILSVRC2012_val_00028255_n09332890,1,3,0.004869102034717798,0.1432618498802185,0.33765528599421185,0.02257184125483036,0.019195287798841793
15000,H8-V,975,n09332890/ILSVRC2012_val_00028255_n09332890,4,3,0.002732133259996772,0.09752133985360463,0.2513119727373123,0.014997387615342936,0.012484267664452394
15000,H8-V,975,n09332890/ILSVRC2012_val_00028255_n09332890,7,3,0.0025910934588561454,0.0926001990834872,0.22895369430383047,0.014140650319556395,0.011851113600035509
15000,H8-V,975,n09332890/ILSVRC2012_val_00028255_n09332890,13,3,0.002465771200756232,0.08956273396809895,0.213575541973114,0.013557800402243933,0.011422044908006987
15000,H8-V,975,n09332890/ILSVRC2012_val_00028255_n09332890,19,3,0.0024138555551568666,0.08877308915058772,0.2139315903186798,0.013430480845272541,0.01129116490483284
15000,H8-V,976,n09399592/ILSVRC2012_val_00038599_n09399592,1,3,0.006603764525304238,0.19240944584210715,0.34978799025217694,0.029342589279015858,0.025844708705941837
15000,H8-V,976,n09399592/ILSVRC2012_val_00038599_n09399592,4,3,0.003626179493342837,0.10926048209269841,0.2318408042192459,0.016870636492967606,0.014552228152751923
15000,H8-V,976,n09399592/ILSVRC2012_val_00038599_n09399592,7,3,0.0034942039443800845,0.10672145585219066,0.2086705764134725,0.016253055383761723,0.014166349545121193
15000,H8-V,976,n09399592/ILSVRC2012_val_00038599_n09399592,13,3,0.003380569784591595,0.10416172196467717,0.19235625366369882,0.01572030472258727,0.013796742384632429
15000,H8-V,976,n09399592/ILSVRC2012_val_00038599_n09399592,19,3,0.003357622462014357,0.10239398727814357,0.19189830621083578,0.015516004835565885,0.01359702181071043
15000,H8-V,977,n09421951/ILSVRC2012_val_00048465_n09421951,1,3,0.005963580372432868,0.13194164633750916,0.30427887042363483,0.022200533499320347,0.01915774494409561
15000,H8-V,977,n09421951/ILSVRC2012_val_00048465_n09421951,4,3,0.0021116082401325307,0.05785134186347326,0.21055848399798074,0.010002327151596546,0.007896742473045984
15000,H8-V,977,n09421951/ILSVRC2012_val_00048465_n09421951,7,3,0.0020172855195899806,0.05544054632385572,0.18916826943556467,0.009453023162980875,0.0075613401519755525
15000,H8-V,977,n09421951/ILSVRC2012_val_00048465_n09421951,13,3,0.0019147435280804832,0.0525898647805055,0.1744634211063385,0.008918363911410173,0.007173729905237754
15000,H8-V,977,n09421951/ILSVRC2012_val_00048465_n09421951,19,3,0.001875885296612978,0.05152516067028046,0.17505242427190146,0.008778925674657026,0.007028401363641024
15000,H8-V,978,n09428293/ILSVRC2012_val_00011865_n09428293,1,3,0.010476142168045044,0.22019057472546896,0.5103677014509836,0.03759887690345446,0.03249520001312097
15000,H8-V,978,n09428293/ILSVRC2012_val_00011865_n09428293,4,3,0.006964991645266612,0.14348846673965454,0.3955907424290975,0.02526974615951379,0.021313838039835293
15000,H8-V,978,n09428293/ILSVRC2012_val_00011865_n09428293,7,3,0.0066535732087989645,0.1375775933265686,0.3686856230099996,0.024098188305894535,0.020411332448323567
15000,H8-V,978,n09428293/ILSVRC2012_val_00011865_n09428293,13,3,0.006336236527810494,0.13093239068984985,0.3468126157919566,0.02289760174850623,0.019429475689927738
15000,H8-V,978,n09428293/ILSVRC2012_val_00011865_n09428293,19,3,0.006234623646984498,0.12753218909104666,0.34295445680618286,0.02241738761464755,0.018987843145926792
15000,H8-V,979,n09468604/ILSVRC2012_val_00018683_n09468604,1,3,0.004250360730414589,0.20317253470420837,0.43589340647061664,0.0289265476167202,0.02456761399904887
15000,H8-V,979,n09468604/ILSVRC2012_val_00018683_n09468604,4,3,0.0022194705282648406,0.1165805384516716,0.3173689941565196,0.0170512143522501,0.013877524683872858
15000,H8-V,979,n09468604/ILSVRC2012_val_00018683_n09468604,7,3,0.0020593073374281325,0.11204724510510762,0.2932547827561696,0.01619657998283704,0.013264032391210398
15000,H8-V,979,n09468604/ILSVRC2012_val_00018683_n09468604,13,3,0.0019164672509456675,0.10632676382859547,0.2759110629558563,0.015308254398405552,0.012549143595000109
15000,H8-V,979,n09468604/ILSVRC2012_val_00018683_n09468604,19,3,0.001870682540660103,0.10243148356676102,0.27578942974408466,0.0148717255021135,0.012113831316431364
15000,H8-V,980,n09472597/ILSVRC2012_val_00035075_n09472597,1,3,0.005272177668909232,0.16515295207500458,0.3522970179716746,0.025310443714261055,0.021787473931908607
15000,H8-V,980,n09472597/ILSVRC2012_val_00035075_n09472597,4,3,0.0020465046788255372,0.08361335347096126,0.25320303440093994,0.012939870357513428,0.01040783990174532
15000,H8-V,980,n09472597/ILSVRC2012_val_00035075_n09472597,7,3,0.001918188063427806,0.07860399037599564,0.23068801561991373,0.012085467266539732,0.009778587147593498
15000,H8-V,980,n09472597/ILSVRC2012_val_00035075_n09472597,13,3,0.0017889398150146008,0.07426307847102483,0.21481835842132568,0.011363431190450987,0.009215247817337513
15000,H8-V,980,n09472597/ILSVRC2012_val_00035075_n09472597,19,3,0.0017387264330560963,0.07329181333382924,0.21468690037727356,0.011214776585499445,0.009067907618979612
15000,H8-V,981,n09835506/ILSVRC2012_val_00014689_n09835506,1,3,0.016949404031038284,0.19135877986749014,0.7180528442064921,0.043265810857216515,0.03608528276284536
15000,H8-V,981,n09835506/ILSVRC2012_val_00014689_n09835506,4,3,0.008381408639252186,0.10918167730172475,0.5868337353070577,0.025167913486560185,0.019299576058983803
15000,H8-V,981,n09835506/ILSVRC2012_val_00014689_n09835506,7,3,0.007750461498896281,0.10159315913915634,0.5567679206530253,0.023477456842859585,0.0179097776611646
15000,H8-V,981,n09835506/ILSVRC2012_val_00014689_n09835506,13,3,0.007118286254505317,0.09501393636067708,0.5292548537254333,0.02191222831606865,0.016619679828484852
15000,H8-V,981,n09835506/ILSVRC2012_val_00014689_n09835506,19,3,0.006920866823444764,0.0936198780934016,0.5218076308568319,0.021500931431849796,0.016282855222622555
15000,H8-V,982,n10148035/ILSVRC2012_val_00005113_n10148035,1,3,0.020216184357802074,0.26863527297973633,1.138592004776001,0.05846563229958216,0.04707971215248108
15000,H8-V,982,n10148035/ILSVRC2012_val_00005113_n10148035,4,3,0.014003086214264234,0.1862112432718277,0.9987531701723734,0.042611743013064064,0.03262421116232872
15000,H8-V,982,n10148035/ILSVRC2012_val_00005113_n10148035,7,3,0.01290510439624389,0.17342697580655417,0.9603373805681864,0.03985117500027021,0.030247802535692852
15000,H8-V,982,n10148035/ILSVRC2012_val_00005113_n10148035,13,3,0.011743754148483276,0.16188632945219675,0.922654370466868,0.037158930053313576,0.027932387466231983
15000,H8-V,982,n10148035/ILSVRC2012_val_00005113_n10148035,19,3,0.011269503273069859,0.1580800861120224,0.9107908407847086,0.036185419807831444,0.02707751157383124
15000,H8-V,983,n10565667/ILSVRC2012_val_00019114_n10565667,1,3,0.005725527027000983,0.15199040869871774,0.4733837346235911,0.02565840445458889,0.020924567555387814
15000,H8-V,983,n10565667/ILSVRC2012_val_00019114_n10565667,4,3,0.0025769329319397607,0.07086450606584549,0.36372854312260944,0.013300669069091478,0.009663383786876997
15000,H8-V,983,n10565667/ILSVRC2012_val_00019114_n10565667,7,3,0.0024387581118692956,0.06686412294705708,0.33907421429951984,0.012515912453333536,0.009125170297920704
15000,H8-V,983,n10565667/ILSVRC2012_val_00019114_n10565667,13,3,0.0023315150756388903,0.0629711424311002,0.31924545764923096,0.011821083724498749,0.00862862914800644
15000,H8-V,983,n10565667/ILSVRC2012_val_00019114_n10565667,19,3,0.0023469775915145874,0.06165485456585884,0.31561318039894104,0.011668595174948374,0.008512463110188643
15000,H8-V,984,n11879895/ILSVRC2012_val_00010246_n11879895,1,3,0.010976345899204413,0.17666823168595633,0.39023667573928833,0.03254553551475207,0.0286431685090065
15000,H8-V,984,n11879895/ILSVRC2012_val_00010246_n11879895,4,3,0.008631173521280289,0.07695723573366801,0.29489512244860333,0.019275848443309467,0.016326896846294403
15000,H8-V,984,n11879895/ILSVRC2012_val_00010246_n11879895,7,3,0.008383756193021933,0.07594609260559082,0.27064627408981323,0.018684827412168186,0.01597836489478747
15000,H8-V,984,n11879895/ILSVRC2012_val_00010246_n11879895,13,3,0.0081956268598636,0.07512304683526357,0.25305147965749103,0.01823844574391842,0.01570793179174264
15000,H8-V,984,n11879895/ILSVRC2012_val_00010246_n11879895,19,3,0.00820964016020298,0.07441976914803188,0.25205811858177185,0.018172198285659153,0.01565161719918251
15000,H8-V,985,n11939491/ILSVRC2012_val_00004514_n11939491,1,3,0.016626145069797833,0.18880152702331543,1.1872669458389282,0.04737896720568339,0.03550629814465841
15000,H8-V,985,n11939491/ILSVRC2012_val_00004514_n11939491,4,3,0.013540145320196947,0.15751715997854868,1.0698525508244832,0.03999038537343343,0.029291861380139988
15000,H8-V,985,n11939491/ILSVRC2012_val_00004514_n11939491,7,3,0.012383698796232542,0.14844059944152832,1.0275004704793294,0.037502763171990715,0.027227758740385372
15000,H8-V,985,n11939491/ILSVRC2012_val_00004514_n11939491,13,3,0.011479731649160385,0.13900411128997803,0.9855771859486898,0.03523591533303261,0.025380142653981846
15000,H8-V,985,n11939491/ILSVRC2012_val_00004514_n11939491,19,3,0.0112956827506423,0.135567640264829,0.9724701245625814,0.03457714865605036,0.024852446590860684
15000,H8-V,986,n12057211/ILSVRC2012_val_00047719_n12057211,1,3,0.011463462064663569,0.22425736983617148,0.9680799047152201,0.043569998194773994,0.0338891992966334
15000,H8-V,986,n12057211/ILSVRC2012_val_00047719_n12057211,4,3,0.007034378747145335,0.13459773858388266,0.8262050151824951,0.02875620312988758,0.020494153102238972
15000,H8-V,986,n12057211/ILSVRC2012_val_00047719_n12057211,7,3,0.006638849154114723,0.129257803161939,0.7932933568954468,0.027497562890251476,0.01956462984283765
15000,H8-V,986,n12057211/ILSVRC2012_val_00047719_n12057211,13,3,0.006306007504463196,0.1247706413269043,0.762056827545166,0.02640364070733388,0.018783072009682655
15000,H8-V,986,n12057211/ILSVRC2012_val_00047719_n12057211,19,3,0.00623970835780104,0.12263984481493632,0.7530069549878439,0.026033762842416763,0.018503693242867787
15000,H8-V,987,n12144580/ILSVRC2012_val_00010324_n12144580,1,3,0.014611202292144299,0.23823258777459463,0.8604876597722372,0.04703933745622635,0.03843446200092634
15000,H8-V,987,n12144580/ILSVRC2012_val_00010324_n12144580,4,3,0.008118500312169393,0.13807802398999533,0.7092609802881876,0.029018913085261982,0.021926303083697956
15000,H8-V,987,n12144580/ILSVRC2012_val_00010324_n12144580,7,3,0.007485557192315658,0.12941473722457886,0.6752912998199463,0.0271799440185229,0.020427030821641285
15000,H8-V,987,n12144580/ILSVRC2012_val_00010324_n12144580,13,3,0.006924727621177833,0.12061583747466405,0.6437644163767496,0.02542395517230034,0.01898631143073241
15000,H8-V,987,n12144580/ILSVRC2012_val_00010324_n12144580,19,3,0.006767002555231254,0.11763045688470204,0.6351984739303589,0.024882032846411068,0.018530048429965973
15000,H8-V,988,n12267677/ILSVRC2012_val_00029792_n12267677,1,3,0.008508579029391209,0.1857853482166926,0.6723198294639587,0.03381031192839146,0.02708711413045724
15000,H8-V,988,n12267677/ILSVRC2012_val_00029792_n12267677,4,3,0.004444372374564409,0.10895614077647527,0.5438679456710815,0.02077866593996684,0.01533998673160871
15000,H8-V,988,n12267677/ILSVRC2012_val_00029792_n12267677,7,3,0.003963240422308445,0.10114940752585729,0.5130903919537863,0.019209085032343864,0.014078181547423204
15000,H8-V,988,n12267677/ILSVRC2012_val_00029792_n12267677,13,3,0.003512605714301268,0.09320267289876938,0.4854579170544942,0.01768745295703411,0.01283287350088358
15000,H8-V,988,n12267677/ILSVRC2012_val_00029792_n12267677,19,3,0.0033803929885228476,0.09072154512008031,0.478429913520813,0.017236846188704174,0.012452547438442707
15000,H8-V,989,n12620546/ILSVRC2012_val_00031312_n12620546,1,3,0.013259576944013437,0.19206451376279196,0.6812068819999695,0.039278097450733185,0.032466028506557144
15000,H8-V,989,n12620546/ILSVRC2012_val_00031312_n12620546,4,3,0.006220539876570304,0.12226554751396179,0.5530364513397217,0.023977459718783695,0.018447095528244972
15000,H8-V,989,n12620546/ILSVRC2012_val_00031312_n12620546,7,3,0.005641099375983079,0.11485172311464946,0.5223386685053507,0.022349658111731213,0.01712627150118351
15000,H8-V,989,n12620546/ILSVRC2012_val_00031312_n12620546,13,3,0.005077623141308625,0.10710731397072475,0.4951336085796356,0.020739691331982613,0.015788355221350987
15000,H8-V,989,n12620546/ILSVRC2012_val_00031312_n12620546,19,3,0.004916253965348005,0.10464093337456386,0.4883473714192708,0.020263821507493656,0.01538034745802482
15000,H8-V,990,n12768682/ILSVRC2012_val_00026660_n12768682,1,3,0.031906592970093094,0.21967710057894388,1.450700004895528,0.06838130702575047,0.053874305138985314
15000,H8-V,990,n12768682/ILSVRC2012_val_00026660_n12768682,4,3,0.020184939727187157,0.13233517607053122,1.2317360639572144,0.04573581740260124,0.033418457955121994
15000,H8-V,990,n12768682/ILSVRC2012_val_00026660_n12768682,7,3,0.01901971859236558,0.12545393158992132,1.1893765926361084,0.0434588777522246,0.03156511237223943
15000,H8-V,990,n12768682/ILSVRC2012_val_00026660_n12768682,13,3,0.017990387976169586,0.11943002045154572,1.147209922472636,0.0414054902891318,0.02993339051802953
15000,H8-V,990,n12768682/ILSVRC2012_val_00026660_n12768682,19,3,0.01770113594830036,0.11808738112449646,1.1336180766423543,0.04084605475266775,0.029509874681631725
15000,H8-V,991,n12985857/ILSVRC2012_val_00049195_n12985857,1,3,0.021047829339901607,0.2466031014919281,1.2726705074310303,0.05843484401702881,0.045708139737447105
15000,H8-V,991,n12985857/ILSVRC2012_val_00049195_n12985857,4,3,0.014420165990789732,0.16645939151446024,1.0759846369425456,0.04182595138748487,0.031066104769706726
15000,H8-V,991,n12985857/ILSVRC2012_val_00049195_n12985857,7,3,0.013606102205812931,0.16229596734046936,1.0362625916798909,0.040198326110839844,0.0298356997470061
15000,H8-V,991,n12985857/ILSVRC2012_val_00049195_n12985857,13,3,0.012867501626412073,0.1586326609055201,0.9962748090426127,0.03869351620475451,0.028730768710374832
15000,H8-V,991,n12985857/ILSVRC2012_val_00049195_n12985857,19,3,0.012678867826859156,0.1578647345304489,0.9827288587888082,0.03829263150691986,0.02846534239749114
15000,H8-V,992,n12998815/ILSVRC2012_val_00016012_n12998815,1,3,0.005552787488947312,0.1493148853381475,0.4484137296676636,0.02496841363608837,0.020484276115894318
15000,H8-V,992,n12998815/ILSVRC2012_val_00016012_n12998815,4,3,0.0029731894998500743,0.08050505568583806,0.3354123334089915,0.014377818753321966,0.011023695580661297
15000,H8-V,992,n12998815/ILSVRC2012_val_00016012_n12998815,7,3,0.0027555543929338455,0.07561882585287094,0.3122449815273285,0.013439886892835299,0.01031743704030911
15000,H8-V,992,n12998815/ILSVRC2012_val_00016012_n12998815,13,3,0.002598445862531662,0.07295434673627217,0.2938488821188609,0.012832369344929853,0.00989388053615888
15000,H8-V,992,n12998815/ILSVRC2012_val_00016012_n12998815,19,3,0.0025433731886247792,0.0722206582625707,0.2917202115058899,0.012682641545931498,0.009765439356366793
15000,H8-V,993,n13037406/ILSVRC2012_val_00002927_n13037406,1,3,0.0189203725506862,0.21871342758337656,0.9360519448916117,0.05015223597486814,0.04079171642661095
15000,H8-V,993,n13037406/ILSVRC2012_val_00002927_n13037406,4,3,0.016026885559161503,0.1610394467910131,0.8190883000691732,0.040321713934342064,0.03213083247343699
15000,H8-V,993,n13037406/ILSVRC2012_val_00002927_n13037406,7,3,0.015308022809525331,0.15375474095344543,0.7826414306958517,0.03850991278886795,0.030683497587839764
15000,H8-V,993,n13037406/ILSVRC2012_val_00002927_n13037406,13,3,0.014706127345561981,0.14826878905296326,0.7489303946495056,0.03702231124043465,0.029533006871740024
15000,H8-V,993,n13037406/ILSVRC2012_val_00002927_n13037406,19,3,0.014581105982263884,0.14624528090159097,0.7395606835683187,0.036601241677999496,0.02920563394824664
15000,H8-V,994,n13040303/ILSVRC2012_val_00029762_n13040303,1,3,0.011933006656666597,0.26500798265139264,0.7999014655749003,0.0464328204592069,0.038433805108070374
15000,H8-V,994,n13040303/ILSVRC2012_val_00029762_n13040303,4,3,0.00796387375642856,0.15262585878372192,0.6474930047988892,0.029701388751467068,0.02322645920018355
15000,H8-V,994,n13040303/ILSVRC2012_val_00029762_n13040303,7,3,0.007455755956470966,0.14460589985052744,0.6162467002868652,0.02807881310582161,0.02191634600361188
15000,H8-V,994,n13040303/ILSVRC2012_val_00029762_n13040303,13,3,0.00697272860755523,0.13438564042250314,0.5874805649121603,0.026286097864309948,0.02041129271189372
15000,H8-V,994,n13040303/ILSVRC2012_val_00029762_n13040303,19,3,0.006835246303429206,0.13168583810329437,0.5793874859809875,0.025797704234719276,0.0200038297722737
15000,H8-V,995,n13044778/ILSVRC2012_val_00009322_n13044778,1,3,0.024504873901605606,0.26272111137708026,1.3744200070699055,0.06452118853727977,0.050776987026135124
15000,H8-V,995,n13044778/ILSVRC2012_val_00009322_n13044778,4,3,0.01862717481950919,0.18805336455504099,1.1775538523991902,0.04920804873108864,0.03743251164754232
15000,H8-V,995,n13044778/ILSVRC2012_val_00009322_n13044778,7,3,0.017808643480141956,0.1806031415859858,1.1359967788060505,0.04722892493009567,0.03586895763874054
15000,H8-V,995,n13044778/ILSVRC2012_val_00009322_n13044778,13,3,0.017069702968001366,0.1736286630233129,1.0949080387751262,0.045381649086872734,0.03443256889780363
15000,H8-V,995,n13044778/ILSVRC2012_val_00009322_n13044778,19,3,0.016876480852564175,0.17186408241589865,1.0817655324935913,0.044880544145902,0.03406288971503576
15000,H8-V,996,n13052670/ILSVRC2012_val_00022641_n13052670,1,3,0.029199049497644108,0.2500600765148799,1.597095290819804,0.07017601281404495,0.05420506000518799
15000,H8-V,996,n13052670/ILSVRC2012_val_00022641_n13052670,4,3,0.02217426709830761,0.17836176852385202,1.4187113444010417,0.054197557270526886,0.040010444819927216
15000,H8-V,996,n13052670/ILSVRC2012_val_00022641_n13052670,7,3,0.02058766471842925,0.17097803950309753,1.3715718189875286,0.05140118673443794,0.037685468792915344
15000,H8-V,996,n13052670/ILSVRC2012_val_00022641_n13052670,13,3,0.01924886368215084,0.16592845817406973,1.3257952133814495,0.049099660168091454,0.035841709623734154
15000,H8-V,996,n13052670/ILSVRC2012_val_00022641_n13052670,19,3,0.018952497591574986,0.1660217543443044,1.3123947381973267,0.048678621649742126,0.035554674764474235
15000,H8-V,997,n13054560/ILSVRC2012_val_00019523_n13054560,1,3,0.014408733074863752,0.19829043249289194,0.7528511087099711,0.04176628962159157,0.034237777814269066
15000,H8-V,997,n13054560/ILSVRC2012_val_00019523_n13054560,4,3,0.011889784596860409,0.15172510345776877,0.626133143901825,0.03332362572352091,0.02706229438384374
15000,H8-V,997,n13054560/ILSVRC2012_val_00019523_n13054560,7,3,0.011425335270663103,0.14649913708368936,0.5961646238962809,0.03203689555327097,0.026075248916943867
15000,H8-V,997,n13054560/ILSVRC2012_val_00019523_n13054560,13,3,0.010983910722037157,0.14115090171496072,0.5689258575439453,0.030788259580731392,0.025099001203974087
15000,H8-V,997,n13054560/ILSVRC2012_val_00019523_n13054560,19,3,0.010862351705630621,0.13735280434290567,0.5619880358378092,0.030217512200276058,0.024597632388273876
15000,H8-V,998,n13133613/ILSVRC2012_val_00037591_n13133613,1,3,0.012507894697288672,0.22466897467772165,0.6885401209195455,0.0418601930141449,0.034974792351325355
15000,H8-V,998,n13133613/ILSVRC2012_val_00037591_n13133613,4,3,0.009798512483636538,0.14964704712231955,0.5681531031926473,0.030444748078783352,0.024763217195868492
15000,H8-V,998,n13133613/ILSVRC2012_val_00037591_n13133613,7,3,0.009427445319791635,0.14488686124483743,0.5406564076741537,0.029322695607940357,0.023916130885481834
15000,H8-V,998,n13133613/ILSVRC2012_val_00037591_n13133613,13,3,0.009080535732209682,0.13851277033487955,0.5168365836143494,0.028100178266565006,0.022931812951962154
15000,H8-V,998,n13133613/ILSVRC2012_val_00037591_n13133613,19,3,0.008988665727277597,0.13503881295522055,0.5112188458442688,0.027604735766847927,0.022492547209064167
15000,H8-V,999,n15075141/ILSVRC2012_val_00042270_n15075141,1,3,0.009152997750788927,0.19362671673297882,0.6582438548405966,0.03509810877343019,0.028515669827659924
15000,H8-V,999,n15075141/ILSVRC2012_val_00042270_n15075141,4,3,0.0030223141269137463,0.08707299331823985,0.5108219186464945,0.01683783282836278,0.01172961356739203
15000,H8-V,999,n15075141/ILSVRC2012_val_00042270_n15075141,7,3,0.002794562295700113,0.08167383819818497,0.48101236422856647,0.01577207011481126,0.010961946720878283
15000,H8-V,999,n15075141/ILSVRC2012_val_00042270_n15075141,13,3,0.0025767138383040824,0.07614694287379582,0.455120712518692,0.014742615632712841,0.010191408606866995
15000,H8-V,999,n15075141/ILSVRC2012_val_00042270_n15075141,19,3,0.002497898181900382,0.07392443716526031,0.44831857085227966,0.014373527839779854,0.009890342131257057
