method,source_id,preprocessing_id,snr_db,mse,psnr_db,lpips_alex,dino_cosine,table_sha256
H6-P_N4084_seed2026092504,n01440764/ILSVRC2012_val_00003014_n01440764,ba4269f89fdfc1ec6596d3da2afb4e19a03b1eca4a1722e30eed3d2a2bd8f7ec,1,0.024680238689152634,16.078495979309082,0.16518127421538034,0.7360357840855917,1aef30bb7528448c1b9e080cbb8be5f0ed74b4319b4bc0757942b1d1a3956a65
H6-P_N4084_seed2026092504,n01601694/ILSVRC2012_val_00021656_n01601694,37b82f0d861ae3605d674a2cbb64be7cf20587648637da943b3560bfecd7ae35,1,0.006972435325005164,21.577444712320965,0.13422991335391998,0.6819580992062887,1aef30bb7528448c1b9e080cbb8be5f0ed74b4319b4bc0757942b1d1a3956a65
H6-P_N4084_seed2026092504,n01664065/ILSVRC2012_val_00014316_n01664065,835f79111e775834cb13588324bfd6b10fbdc1daf6dc7b4f72089c82175a910c,1,0.016078345001492234,17.937920252482098,0.25537384549776715,0.7700633804003397,1aef30bb7528448c1b9e080cbb8be5f0ed74b4319b4bc0757942b1d1a3956a65
H6-P_N4084_seed2026092504,n01689811/ILSVRC2012_val_00020598_n01689811,1246570f41f66a19917cee1a8df75396e46c1432ca4c8f58e321a310b321915b,1,0.018969169061731083,17.226919174194336,0.21972298622131348,0.6777492761611938,1aef30bb7528448c1b9e080cbb8be5f0ed74b4319b4bc0757942b1d1a3956a65
H6-P_N4084_seed2026092504,n01735189/ILSVRC2012_val_00006699_n01735189,94658fdd83ae6734124089a0da860094f78c13469d89519dbe2f21027a4d01d0,1,0.013436990071209682,18.727132161458332,0.19448504348595938,0.6670605341593424,1aef30bb7528448c1b9e080cbb8be5f0ed74b4319b4bc0757942b1d1a3956a65
H6-P_N4084_seed2026092504,n01744401/ILSVRC2012_val_00032663_n01744401,7cd8922d351c72ca0e054807bf7621a297c52a9b1114bd0c0df22ed2f8a4f66f,1,0.0040723047972883635,23.924331665039062,0.1848307599623998,0.6990307172139486,1aef30bb7528448c1b9e080cbb8be5f0ed74b4319b4bc0757942b1d1a3956a65
H6-P_N4084_seed2026092504,n01751748/ILSVRC2012_val_00033157_n01751748,83149bf37e64c45c4c66758e8f8a09068ddae230eee2229359b65dada673f84b,1,0.00439064212804225,23.58186149597168,0.19102592269579569,0.8793042302131653,1aef30bb7528448c1b9e080cbb8be5f0ed74b4319b4bc0757942b1d1a3956a65
H6-P_N4084_seed2026092504,n01775062/ILSVRC2012_val_00036589_n01775062,b2d5003b689d41aae33350a9998fe67c924460940402a10b7c4f865434b3d5ed,1,0.02330850613798591,16.324883778889973,0.22725429137547812,0.7878594795862833,1aef30bb7528448c1b9e080cbb8be5f0ed74b4319b4bc0757942b1d1a3956a65
H6-P_N4084_seed2026092504,n01843383/ILSVRC2012_val_00005901_n01843383,bf69dd09dadfb949dc2d90d20cb7f37908bb912676f698d73819557a49f31ce1,1,0.02164453443094237,16.735063552856445,0.2533910572528839,0.8654203216234843,1aef30bb7528448c1b9e080cbb8be5f0ed74b4319b4bc0757942b1d1a3956a65
H6-P_N4084_seed2026092504,n01860187/ILSVRC2012_val_00021594_n01860187,64a3034f4043379fad126e4f69b4f653f00c0fef8cadcef0ee65d293ad7bb37a,1,0.016124112641019653,17.92601203918457,0.17395702997843424,0.8940505782763163,1aef30bb7528448c1b9e080cbb8be5f0ed74b4319b4bc0757942b1d1a3956a65
H6-P_N4084_seed2026092504,n01882714/ILSVRC2012_val_00019996_n01882714,b2bb1bfcc62415aa32d898a4dc5e48c533b895d5a507861a0f4e2c2d93d34bc2,1,0.01149546805097579,19.396549224853516,0.17434802651405334,0.9088483254114786,1aef30bb7528448c1b9e080cbb8be5f0ed74b4319b4bc0757942b1d1a3956a65
H6-P_N4084_seed2026092504,n01943899/ILSVRC2012_val_00005706_n01943899,4cb2373a0b87de6658118b3baa34de89add3bab2489fae317287223b68d543fa,1,0.010215789101537158,19.911876042683918,0.17108288407325745,0.8208185235659281,1aef30bb7528448c1b9e080cbb8be5f0ed74b4319b4bc0757942b1d1a3956a65
H6-P_N4084_seed2026092504,n01955084/ILSVRC2012_val_00001857_n01955084,5442a63232a5b147e6e6963b607fff43aef017769ebe03bd258ed378ad261cb0,1,0.0060045441525143186,22.22845522562663,0.20365673303604126,0.8312645355860392,1aef30bb7528448c1b9e080cbb8be5f0ed74b4319b4bc0757942b1d1a3956a65
H6-P_N4084_seed2026092504,n01983481/ILSVRC2012_val_00019856_n01983481,ff963d160b1d9d93ee7f149d4db1c8a86cd2d237d99116bf51262d3313a9fdef,1,0.008423668797642999,20.774439493815105,0.16383404533068338,0.8322610855102539,1aef30bb7528448c1b9e080cbb8be5f0ed74b4319b4bc0757942b1d1a3956a65
H6-P_N4084_seed2026092504,n02013706/ILSVRC2012_val_00003168_n02013706,451d1b57bce58847eb2ea84a22871b68d6ca8b3c17d99d6c939bce0e851c9bfd,1,0.02234102913241481,16.940788904825848,0.1539268766840299,0.8119187553723654,1aef30bb7528448c1b9e080cbb8be5f0ed74b4319b4bc0757942b1d1a3956a65
H6-P_N4084_seed2026092504,n02027492/ILSVRC2012_val_00007524_n02027492,10d9138059c8e8abd1ae55a396b4dad03de21ea77e019e7d37491f53a17eb18d,1,0.0024397349161147035,26.131266276041668,0.114204208056132,0.9230653842290243,1aef30bb7528448c1b9e080cbb8be5f0ed74b4319b4bc0757942b1d1a3956a65
H6-P_N4084_seed2026092504,n02088094/ILSVRC2012_val_00005507_n02088094,9bcfe25d894ad5fa8d48fa21098e648d640e9456d17d9f3cdc7f15baa61f64b3,1,0.009965573675724593,20.0251038869222,0.1766964097817739,0.8359915812810262,1aef30bb7528448c1b9e080cbb8be5f0ed74b4319b4bc0757942b1d1a3956a65
H6-P_N4084_seed2026092504,n02090622/ILSVRC2012_val_00006265_n02090622,5235a32da64ab784a577e24b77bc0b99ddf463730a208c821f0635343baa878a,1,0.01852386868415181,17.32301203409831,0.1663080354531606,0.8730501333872477,1aef30bb7528448c1b9e080cbb8be5f0ed74b4319b4bc0757942b1d1a3956a65
H6-P_N4084_seed2026092504,n02096177/ILSVRC2012_val_00019083_n02096177,8e9862e54da0674de014e4486c163d6ad5f9730544f6931874a778220bace808,1,0.005566709650695185,22.56911849975586,0.13904553651809692,0.8870936234792074,1aef30bb7528448c1b9e080cbb8be5f0ed74b4319b4bc0757942b1d1a3956a65
H6-P_N4084_seed2026092504,n02098286/ILSVRC2012_val_00038253_n02098286,909d7e0743c18bdcc46352a8ce22b40b3c6300daa8db6b13ea4a7d6cbd6d82d9,1,0.00543472276477865,22.804617563883465,0.10018011679251988,0.8909734686215719,1aef30bb7528448c1b9e080cbb8be5f0ed74b4319b4bc0757942b1d1a3956a65
H6-P_N4084_seed2026092504,n02102480/ILSVRC2012_val_00010261_n02102480,38bf5ab4d8bead9f1f215e246c57b2622687e3802dbe623372a59b9360124263,1,0.002610762491583759,25.9016539255778,0.061468034982681274,0.9529555439949036,1aef30bb7528448c1b9e080cbb8be5f0ed74b4319b4bc0757942b1d1a3956a65
H6-P_N4084_seed2026092504,n02105641/ILSVRC2012_val_00018762_n02105641,3c66584ece5c46a50e84a58166f6dc576f95302d99a27b9caf6db2771cf248a1,1,0.010119681539993536,19.96854019165039,0.18338388204574585,0.8146731853485107,1aef30bb7528448c1b9e080cbb8be5f0ed74b4319b4bc0757942b1d1a3956a65
H6-P_N4084_seed2026092504,n02106550/ILSVRC2012_val_00014315_n02106550,4d74095324045d8f79e913400e79b35c1d4966121268d279670f7b781201720e,1,0.009854952042429456,20.202592849731445,0.1426674872636795,0.9404804110527039,1aef30bb7528448c1b9e080cbb8be5f0ed74b4319b4bc0757942b1d1a3956a65
H6-P_N4084_seed2026092504,n02107683/ILSVRC2012_val_00010786_n02107683,fa0a929e8186ffeb826e91bdccee23a649868c49cab59617144ade56bf9f52b3,1,0.0031666759107578397,25.06099573771159,0.15481154123942056,0.9054165879885355,1aef30bb7528448c1b9e080cbb8be5f0ed74b4319b4bc0757942b1d1a3956a65
H6-P_N4084_seed2026092504,n02110806/ILSVRC2012_val_00030364_n02110806,7979fe01c4abe94a4d916a11520399c7e8ed8c805e7490fff5b6cf9579ce9dbe,1,0.008244596861888128,20.853190739949543,0.13718908528486887,0.9022656480471293,1aef30bb7528448c1b9e080cbb8be5f0ed74b4319b4bc0757942b1d1a3956a65
H6-P_N4084_seed2026092504,n02113799/ILSVRC2012_val_00007866_n02113799,304f20c62753839162b2f26b666a6d1f5d9582476f0cb2cde601e47842f40b68,1,0.007003080840301181,21.552719116210938,0.17106747130552927,0.7778606216112772,1aef30bb7528448c1b9e080cbb8be5f0ed74b4319b4bc0757942b1d1a3956a65
H6-P_N4084_seed2026092504,n02123159/ILSVRC2012_val_00025723_n02123159,ed441e8839af44206a68e2c3c7607146d77cc39acae0fcae80e5b60f68929113,1,0.01810512862198704,17.44017728169759,0.22097583611806235,0.8456421693166097,1aef30bb7528448c1b9e080cbb8be5f0ed74b4319b4bc0757942b1d1a3956a65
H6-P_N4084_seed2026092504,n02134084/ILSVRC2012_val_00020332_n02134084,92afe5c6ba9b6add49a7b8d5f69014be0bbc2393759fb85a99ead66e153f0edb,1,0.003680322522810857,24.34619967142741,0.11144138375918071,0.8791199127833048,1aef30bb7528448c1b9e080cbb8be5f0ed74b4319b4bc0757942b1d1a3956a65
H6-P_N4084_seed2026092504,n02168699/ILSVRC2012_val_00040132_n02168699,caae24a36e6f26c363f5e4a7594fcd5c9d22864fe233e8d449d53a726a8100a4,1,0.007811210349535536,21.087775548299152,0.13717973232269287,0.8126902182896932,1aef30bb7528448c1b9e080cbb8be5f0ed74b4319b4bc0757942b1d1a3956a65
H6-P_N4084_seed2026092504,n02233338/ILSVRC2012_val_00016160_n02233338,d2d64df0e26c9602d937a190b46ccd9f9c7541916cdbba9441e0999a09343c62,1,0.005997796662018821,22.233369827270508,0.14812603096167246,0.8406065106391907,1aef30bb7528448c1b9e080cbb8be5f0ed74b4319b4bc0757942b1d1a3956a65
H6-P_N4084_seed2026092504,n02264363/ILSVRC2012_val_00027803_n02264363,a9982d467f83d50ace36a56207d894db4c5d2535cb160188c286c3846a0c7385,1,0.001152182077959523,29.387577056884766,0.09236082683006923,0.9208144744237264,1aef30bb7528448c1b9e080cbb8be5f0ed74b4319b4bc0757942b1d1a3956a65
H6-P_N4084_seed2026092504,n02277742/ILSVRC2012_val_00015608_n02277742,bd678c112e5c027a0d5a9dd67e8a15db14f8eb5dff986394ab6f936a11498a62,1,0.019360776930893976,17.131313959757488,0.18207229177157083,0.8539676268895467,1aef30bb7528448c1b9e080cbb8be5f0ed74b4319b4bc0757942b1d1a3956a65
H6-P_N4084_seed2026092504,n02325366/ILSVRC2012_val_00024858_n02325366,6fc21bdab6b7976bdc452d81a324ab7d99d2600516cb80ca2e8b092352eeabf5,1,0.007856505651852913,21.139027913411457,0.16953404744466147,0.8459977706273397,1aef30bb7528448c1b9e080cbb8be5f0ed74b4319b4bc0757942b1d1a3956a65
H6-P_N4084_seed2026092504,n02398521/ILSVRC2012_val_00018354_n02398521,52f645427565641f0c2186bc45125f58be9c5ef2aada5442f0d1310afbbaa6e6,1,0.008055131343411504,20.948665618896484,0.15765681862831116,0.8562130133310953,1aef30bb7528448c1b9e080cbb8be5f0ed74b4319b4bc0757942b1d1a3956a65
H6-P_N4084_seed2026092504,n02410509/ILSVRC2012_val_00022568_n02410509,2b417ecf21402198f7fcd411e02b2f21634bf799800e8edf5ab4da19924a9fc4,1,0.004942592056684377,23.495593388875324,0.12456182142098744,0.8600444396336874,1aef30bb7528448c1b9e080cbb8be5f0ed74b4319b4bc0757942b1d1a3956a65
H6-P_N4084_seed2026092504,n02437312/ILSVRC2012_val_00006245_n02437312,b2c841099c6c55c4f812a51a7a7c8cf2455f30d3ef0d1dbb16c6c6bc060c760d,1,0.020053424807360817,16.982868830362957,0.22328188518683115,0.7570691704750061,1aef30bb7528448c1b9e080cbb8be5f0ed74b4319b4bc0757942b1d1a3956a65
H6-P_N4084_seed2026092504,n02486410/ILSVRC2012_val_00009799_n02486410,40fb5083489542d2366609fcc4468b19bd62505e86a7a9c1d18574670f53e564,1,0.0040538173046570205,23.939062118530273,0.10286123057206471,0.9027594129244486,1aef30bb7528448c1b9e080cbb8be5f0ed74b4319b4bc0757942b1d1a3956a65
H6-P_N4084_seed2026092504,n02509815/ILSVRC2012_val_00014423_n02509815,52636d0a3f2d227327400178c05edcc551d6213c012fa6a8b03a1bb6db4e6b99,1,0.011391329007100206,21.062591870625813,0.19686032831668854,0.8486314614613851,1aef30bb7528448c1b9e080cbb8be5f0ed74b4319b4bc0757942b1d1a3956a65
H6-P_N4084_seed2026092504,n02708093/ILSVRC2012_val_00024690_n02708093,9cf3493e4dbd81b11f4a70b76adce387c9cf2550f6758f10cb801befcbcea8a3,1,0.006269034402431877,22.046346028645832,0.12084408352772395,0.9218832651774088,1aef30bb7528448c1b9e080cbb8be5f0ed74b4319b4bc0757942b1d1a3956a65
H6-P_N4084_seed2026092504,n02776631/ILSVRC2012_val_00028186_n02776631,144e6a5ac66f329d2a7b5fb658deecf277f46cc77aeba1a3a27f69ba24a10751,1,0.013393710489425779,18.738427480061848,0.17636396487553915,0.8438432216644287,1aef30bb7528448c1b9e080cbb8be5f0ed74b4319b4bc0757942b1d1a3956a65
H6-P_N4084_seed2026092504,n02788148/ILSVRC2012_val_00012264_n02788148,d77f825c1f142e1b256614bde8db32959914f48d12284b929e20a1a0b9c5a5ce,1,0.007269788361996873,21.429941813151043,0.15143894652525583,0.9379346370697021,1aef30bb7528448c1b9e080cbb8be5f0ed74b4319b4bc0757942b1d1a3956a65
H6-P_N4084_seed2026092504,n02834397/ILSVRC2012_val_00010741_n02834397,7e296a31245bc9af585ab76c42d861b0727530e951052bf54cc1a65562b49f69,1,0.006105725848921807,22.230251948038738,0.14173837006092072,0.8897196253140768,1aef30bb7528448c1b9e080cbb8be5f0ed74b4319b4bc0757942b1d1a3956a65
H6-P_N4084_seed2026092504,n02841315/ILSVRC2012_val_00014601_n02841315,b19f30a7cd526ca652bf3bfc1deb42f07c00fbd53c9feea68ff4447f8d9e8bb7,1,0.009112356847584893,20.40467580159505,0.13447936872641245,0.9205803672472636,1aef30bb7528448c1b9e080cbb8be5f0ed74b4319b4bc0757942b1d1a3956a65
H6-P_N4084_seed2026092504,n02910353/ILSVRC2012_val_00017543_n02910353,c27e162eeb52bdd42f8afb9b5faed79a866cf4780dd2868324fc795fecdab836,1,0.01261314148287433,19.042728424072266,0.17148177325725555,0.8541646401087443,1aef30bb7528448c1b9e080cbb8be5f0ed74b4319b4bc0757942b1d1a3956a65
H6-P_N4084_seed2026092504,n02951585/ILSVRC2012_val_00008336_n02951585,6287e5124249bc06487c026c7ef680074a0e54fccdb9e9796fb43e1bae73b987,1,0.0026932200381169532,25.700167338053387,0.13204502562681833,0.7972126801808676,1aef30bb7528448c1b9e080cbb8be5f0ed74b4319b4bc0757942b1d1a3956a65
H6-P_N4084_seed2026092504,n02980441/ILSVRC2012_val_00023472_n02980441,431d4041c6610691fb229a8e04d9675487a0d0f1f248d24f907f412a19b59b4d,1,0.004671736997591574,23.35208574930827,0.15779880185921988,0.8817863464355469,1aef30bb7528448c1b9e080cbb8be5f0ed74b4319b4bc0757942b1d1a3956a65
H6-P_N4084_seed2026092504,n03028079/ILSVRC2012_val_00031446_n03028079,68d3b9ce94abf8f4587927a53677c949e781d6c4cd367b6ba90426a9025a44b8,1,0.0031029872373919657,25.09535280863444,0.12194363524516423,0.8648567795753479,1aef30bb7528448c1b9e080cbb8be5f0ed74b4319b4bc0757942b1d1a3956a65
H6-P_N4084_seed2026092504,n03109150/ILSVRC2012_val_00032588_n03109150,6c166713f4445234d77bec983d9a58df6991ae7fb4edc7c41f3bba855677a401,1,0.006277452206681596,22.18780771891276,0.11850618571043015,0.8986565470695496,1aef30bb7528448c1b9e080cbb8be5f0ed74b4319b4bc0757942b1d1a3956a65
H6-P_N4084_seed2026092504,n03127747/ILSVRC2012_val_00003732_n03127747,08d575ca78e8ec0d619123ef77779908752bd32d2173c1fe1f1c67e82a018e5e,1,0.009944532983597194,20.042608896891277,0.11536872138579686,0.9037347634633383,1aef30bb7528448c1b9e080cbb8be5f0ed74b4319b4bc0757942b1d1a3956a65
H6-P_N4084_seed2026092504,n03220513/ILSVRC2012_val_00006359_n03220513,6c47747b22fef34c608caa6ff8c1bf614884668716eea442f2a7c7c6ba1256cf,1,0.008419000155473809,20.784491221110027,0.14532700181007385,0.8109351793924967,1aef30bb7528448c1b9e080cbb8be5f0ed74b4319b4bc0757942b1d1a3956a65
H6-P_N4084_seed2026092504,n03372029/ILSVRC2012_val_00034937_n03372029,65b3cd96fc2b315ee48cdd65d9b09dd8138ccdc48fae27960eca02056c707408,1,0.012465777606521658,19.1682071685791,0.17581162850062051,0.7726345062255859,1aef30bb7528448c1b9e080cbb8be5f0ed74b4319b4bc0757942b1d1a3956a65
H6-P_N4084_seed2026092504,n03388549/ILSVRC2012_val_00022928_n03388549,2eb9a156db0d46e65186b4aefc4fe0099a6ec0a60280cc661bd37e4b238fbb39,1,0.006327079674607785,22.01860809326172,0.16568081080913544,0.8367599844932556,1aef30bb7528448c1b9e080cbb8be5f0ed74b4319b4bc0757942b1d1a3956a65
H6-P_N4084_seed2026092504,n03424325/ILSVRC2012_val_00006147_n03424325,20025cb5e1981e398a9afa6ccd1d1d2b846a627f61e99a50c1eb2f7116615db9,1,0.011875950981541155,19.254910786946613,0.1411024034023285,0.9124155044555664,1aef30bb7528448c1b9e080cbb8be5f0ed74b4319b4bc0757942b1d1a3956a65
H6-P_N4084_seed2026092504,n03447721/ILSVRC2012_val_00006942_n03447721,a028f47aa5cd8b04454d26b7c2fbca3a7259b6d3d2c712bdb3164717eb7b7d11,1,0.010399161706729934,19.84544054667155,0.16037877897421518,0.7965739766756693,1aef30bb7528448c1b9e080cbb8be5f0ed74b4319b4bc0757942b1d1a3956a65
H6-P_N4084_seed2026092504,n03485794/ILSVRC2012_val_00010782_n03485794,6cb18ac7a6f1c139799a90785b3695b670a64a978aff1ca14d3922f3a55e1bfc,1,0.0038457832341488828,24.1607240041097,0.07760154207547505,0.9259734551111857,1aef30bb7528448c1b9e080cbb8be5f0ed74b4319b4bc0757942b1d1a3956a65
H6-P_N4084_seed2026092504,n03527444/ILSVRC2012_val_00035251_n03527444,fd1996afa6b044e353d02c5d5d9d88bbe67cf8b17860630837a7bf646dd4ad7c,1,0.010476353617606298,19.82880465189616,0.1513314743836721,0.9013699690500895,1aef30bb7528448c1b9e080cbb8be5f0ed74b4319b4bc0757942b1d1a3956a65
H6-P_N4084_seed2026092504,n03584254/ILSVRC2012_val_00016384_n03584254,07bcf32feff7608562a15a061ceeeabdd1a360f60464acf875102797b198242b,1,0.003052451892166059,25.190767288208008,0.04244899128874143,0.9449626406033834,1aef30bb7528448c1b9e080cbb8be5f0ed74b4319b4bc0757942b1d1a3956a65
H6-P_N4084_seed2026092504,n03623198/ILSVRC2012_val_00019928_n03623198,81d6a474eecb501903c3e94b06b8e249955cf4c113fd1da261dc132ce386fecc,1,0.0022203128304060797,26.70616086324056,0.04488138481974602,0.9692327380180359,1aef30bb7528448c1b9e080cbb8be5f0ed74b4319b4bc0757942b1d1a3956a65
H6-P_N4084_seed2026092504,n03657121/ILSVRC2012_val_00000359_n03657121,a3f1ce0a0a826b7e4bf7f9376a96bedfadf32990d1e0e44b5346a70442b58586,1,0.0022757652820147925,26.476524353027344,0.037699478367964424,0.8981066544850668,1aef30bb7528448c1b9e080cbb8be5f0ed74b4319b4bc0757942b1d1a3956a65
H6-P_N4084_seed2026092504,n03706229/ILSVRC2012_val_00017460_n03706229,8e3b858b0513ad838965208bb580abe8a508cb57740c0505ccbc8cf050b0c838,1,0.005027150117653663,23.02137056986491,0.05260419473052025,0.8773173491160074,1aef30bb7528448c1b9e080cbb8be5f0ed74b4319b4bc0757942b1d1a3956a65
H6-P_N4084_seed2026092504,n03759954/ILSVRC2012_val_00010804_n03759954,7a1498cebe035004705d9ede2d2cfecfdc25e8e2db8841b990fec0d4b834b3d1,1,0.017945070194369656,17.46669069925944,0.1906873881816864,0.8706179062525431,1aef30bb7528448c1b9e080cbb8be5f0ed74b4319b4bc0757942b1d1a3956a65
H6-P_N4084_seed2026092504,n03775071/ILSVRC2012_val_00002420_n03775071,1300a7a060a680cbb93440b49303a8d52c9ff2d49cb9d0d5a5d642ea948009d0,1,0.007792268863961949,21.66986338297526,0.13326682150363922,0.8476953109105428,1aef30bb7528448c1b9e080cbb8be5f0ed74b4319b4bc0757942b1d1a3956a65
H6-P_N4084_seed2026092504,n03782006/ILSVRC2012_val_00004758_n03782006,81c7629baa1e0573a341cb7530061c978f2dd27d0be5ee68dc23399e1119f3d8,1,0.006756392220318691,21.94406572977702,0.22766990214586258,0.7307318349679311,1aef30bb7528448c1b9e080cbb8be5f0ed74b4319b4bc0757942b1d1a3956a65
H6-P_N4084_seed2026092504,n03796401/ILSVRC2012_val_00025827_n03796401,9b21385c64696f5ac47bcbcec19404b19a48abc9bdcc5c0843cd0946b1a798a2,1,0.006569837845776208,21.868242899576824,0.14910375078519186,0.8942408363024393,1aef30bb7528448c1b9e080cbb8be5f0ed74b4319b4bc0757942b1d1a3956a65
H6-P_N4084_seed2026092504,n03866082/ILSVRC2012_val_00003554_n03866082,60562c0929f93a4daaecb86a36c36db3a1ed774950e0bb4ab9d3b89153eae016,1,0.003196052484528098,24.96078618367513,0.13596069564421973,0.8901204466819763,1aef30bb7528448c1b9e080cbb8be5f0ed74b4319b4bc0757942b1d1a3956a65
H6-P_N4084_seed2026092504,n03876231/ILSVRC2012_val_00022714_n03876231,e5fb75ea19743794b97420b0a84dd1ed44e00b335e89467578a629395e979d2f,1,0.0038540396048278775,24.56836446126302,0.10241727282603581,0.9191951950391134,1aef30bb7528448c1b9e080cbb8be5f0ed74b4319b4bc0757942b1d1a3956a65
H6-P_N4084_seed2026092504,n03929660/ILSVRC2012_val_00012300_n03929660,505f23aed8d3e96d4497a443edb34645a75ad2773b26e3a2bfe8a41501c74e37,1,0.002971874392100052,25.362274805704754,0.09224521865447362,0.910676916440328,1aef30bb7528448c1b9e080cbb8be5f0ed74b4319b4bc0757942b1d1a3956a65
H6-P_N4084_seed2026092504,n03950228/ILSVRC2012_val_00019039_n03950228,606ce0cbbbddaa18c5ae0e6b670ac1a18aaa6bf2945e31f99868290a41ead38c,1,0.0031574627995608223,25.170888900756836,0.13416030506292978,0.8589640657107035,1aef30bb7528448c1b9e080cbb8be5f0ed74b4319b4bc0757942b1d1a3956a65
H6-P_N4084_seed2026092504,n03977966/ILSVRC2012_val_00027383_n03977966,5a1f23f6a5c2c26f0bc8e72f9b77fdea74e75d81b45e24991a36792991b4d352,1,0.010561619406817454,19.77538553873698,0.14887564380963644,0.8502423961957296,1aef30bb7528448c1b9e080cbb8be5f0ed74b4319b4bc0757942b1d1a3956a65
H6-P_N4084_seed2026092504,n03983396/ILSVRC2012_val_00012891_n03983396,62a65414a700886fce201470942a341bd6f772787a7603b59ffefcea12cdf8a3,1,0.007769561876177624,21.53664716084798,0.1850793113311132,0.8333051005999247,1aef30bb7528448c1b9e080cbb8be5f0ed74b4319b4bc0757942b1d1a3956a65
H6-P_N4084_seed2026092504,n04044716/ILSVRC2012_val_00039752_n04044716,4684500d0ef929418c32a7620e97d9f1d5422991f5a2ca2e06a12af1232ec4c3,1,0.0012484016993257335,29.110462824503582,0.08305171132087708,0.9257785479227701,1aef30bb7528448c1b9e080cbb8be5f0ed74b4319b4bc0757942b1d1a3956a65
H6-P_N4084_seed2026092504,n04067472/ILSVRC2012_val_00007618_n04067472,50fc28951f4b1851b0854487090b20120b57db13ecec51f6e3e92ba56b2954a7,1,0.011440013238115302,19.420356114705402,0.17379344503084818,0.8742230931917826,1aef30bb7528448c1b9e080cbb8be5f0ed74b4319b4bc0757942b1d1a3956a65
H6-P_N4084_seed2026092504,n04111531/ILSVRC2012_val_00013982_n04111531,bf3dcc257672ac223943ff82ef51ebf2915e31dedf8d5adc1446c0aebc47b061,1,0.0074206893589783334,21.29708735148112,0.20882418751716614,0.7977382938067118,1aef30bb7528448c1b9e080cbb8be5f0ed74b4319b4bc0757942b1d1a3956a65
H6-P_N4084_seed2026092504,n04131690/ILSVRC2012_val_00002728_n04131690,a4f0ce87454301b9469c70fbe6b41ffe2efe961d876273779860662e88fdeb06,1,0.0034212490389207498,24.713953018188477,0.11911330372095108,0.8939826687177023,1aef30bb7528448c1b9e080cbb8be5f0ed74b4319b4bc0757942b1d1a3956a65
H6-P_N4084_seed2026092504,n04153751/ILSVRC2012_val_00008426_n04153751,97b815265374ec1d6426380e5a710dd1bb8cc13320799468805e6c7c665f568d,1,0.004123017685894994,24.46938705444336,0.1394000550111135,0.8549890120824178,1aef30bb7528448c1b9e080cbb8be5f0ed74b4319b4bc0757942b1d1a3956a65
H6-P_N4084_seed2026092504,n04204347/ILSVRC2012_val_00018921_n04204347,bb0919028da5d8113228b4ea2031f03cae14b6805b1a3078dbd2d6f04c5b7ab8,1,0.011155868454036976,19.530195871988933,0.12277242292960484,0.8407294352849325,1aef30bb7528448c1b9e080cbb8be5f0ed74b4319b4bc0757942b1d1a3956a65
H6-P_N4084_seed2026092504,n04235860/ILSVRC2012_val_00004033_n04235860,d97a5615f039b7023b17570a301aea94aeaf383e5cf8b6337c8c41d92f68a91e,1,0.008513446544422404,20.70116933186849,0.15958967804908752,0.8190373182296753,1aef30bb7528448c1b9e080cbb8be5f0ed74b4319b4bc0757942b1d1a3956a65
H6-P_N4084_seed2026092504,n04252077/ILSVRC2012_val_00012989_n04252077,23d5d73078c0a822663f12dae1fdcc88fb421d9b7d25631165b606ee3f992794,1,0.008983710050853726,20.490386327107746,0.15486772855122885,0.8085671265920004,1aef30bb7528448c1b9e080cbb8be5f0ed74b4319b4bc0757942b1d1a3956a65
H6-P_N4084_seed2026092504,n04310018/ILSVRC2012_val_00003156_n04310018,b9de11c7fd9f074f8fd637aa4988d21f533d12b9ff435507616ba87af0016608,1,0.0118081153347634,19.304219563802082,0.1824482431014379,0.8836424549420675,1aef30bb7528448c1b9e080cbb8be5f0ed74b4319b4bc0757942b1d1a3956a65
H6-P_N4084_seed2026092504,n04328186/ILSVRC2012_val_00014795_n04328186,f822c4f2096441c446fa8e48678c4cc20d5e828fdfcca53b878f2f0839ec33d6,1,0.004230397456678294,23.74200375874837,0.06519927829504013,0.9080738425254822,1aef30bb7528448c1b9e080cbb8be5f0ed74b4319b4bc0757942b1d1a3956a65
H6-P_N4084_seed2026092504,n04346328/ILSVRC2012_val_00003305_n04346328,8ba9271b2cefde59a78ee52bbe2eaadb785be47197c8db08e4e237aa6f610e0a,1,0.010629325872974217,19.791879653930664,0.18085533877213797,0.8544513781865438,1aef30bb7528448c1b9e080cbb8be5f0ed74b4319b4bc0757942b1d1a3956a65
H6-P_N4084_seed2026092504,n04357314/ILSVRC2012_val_00009430_n04357314,f348b9659d2f9737c634e1c8e04d69326eab1e1ff6e293bb58c5b2ba85e0022e,1,0.0065689107998360375,21.83239682515462,0.1599514385064443,0.88013889392217,1aef30bb7528448c1b9e080cbb8be5f0ed74b4319b4bc0757942b1d1a3956a65
H6-P_N4084_seed2026092504,n04371774/ILSVRC2012_val_00030870_n04371774,49b1816119ba26ff673b81c34491bc4eeb544234d35b2c25b2c8a1803180c5b8,1,0.009722834961986542,20.13955307006836,0.1660132904847463,0.8102546532948812,1aef30bb7528448c1b9e080cbb8be5f0ed74b4319b4bc0757942b1d1a3956a65
H6-P_N4084_seed2026092504,n04392985/ILSVRC2012_val_00029362_n04392985,cfcb8324932845752a4e5dcfb047ba397dc9f277981229461b08d4a261c7204b,1,0.0059079218495441755,22.341678619384766,0.13582677890857062,0.880855917930603,1aef30bb7528448c1b9e080cbb8be5f0ed74b4319b4bc0757942b1d1a3956a65
H6-P_N4084_seed2026092504,n04456115/ILSVRC2012_val_00002331_n04456115,f6cd31c9feb497a4b3658818a4d832bbd47d6f5d7030c2abbca99f8b8c55c97e,1,0.0064973192198080135,21.88321304321289,0.1705597241719564,0.6410310467084249,1aef30bb7528448c1b9e080cbb8be5f0ed74b4319b4bc0757942b1d1a3956a65
H6-P_N4084_seed2026092504,n04485082/ILSVRC2012_val_00000955_n04485082,76448a0ae2e3610a8107e3b73ca3eac575cc8d56a2512cd9773ea885b09ef16c,1,0.007694288057843131,21.17883555094401,0.11796962221463521,0.892216165860494,1aef30bb7528448c1b9e080cbb8be5f0ed74b4319b4bc0757942b1d1a3956a65
H6-P_N4084_seed2026092504,n04515003/ILSVRC2012_val_00002400_n04515003,f7c501808f10c0aa95e7f0597b424b7198e2db59608194573af6bc7789d4e45d,1,0.004116225353023893,23.885827382405598,0.10058858742316563,0.952130397160848,1aef30bb7528448c1b9e080cbb8be5f0ed74b4319b4bc0757942b1d1a3956a65
H6-P_N4084_seed2026092504,n04540053/ILSVRC2012_val_00007665_n04540053,25dbb8c23badf34480230cc90a350df359f1eab82bdf05a6dcda7da28dba4814,1,0.006355962694501955,22.010012944539387,0.11804696172475815,0.9118562340736389,1aef30bb7528448c1b9e080cbb8be5f0ed74b4319b4bc0757942b1d1a3956a65
H6-P_N4084_seed2026092504,n04560804/ILSVRC2012_val_00029830_n04560804,a11fec68e0d01588aa4a816aaa7c41a4a8fe1042d3f447133cf33b25cba6e3c2,1,0.011938158635787878,19.256743748982746,0.17430519064267477,0.8752997914950053,1aef30bb7528448c1b9e080cbb8be5f0ed74b4319b4bc0757942b1d1a3956a65
H6-P_N4084_seed2026092504,n04596742/ILSVRC2012_val_00007608_n04596742,7662b17a07456b833c5ff8821945d8e94f525da05a7585fdefa69b35294f230f,1,0.006920922864967619,21.608409245808918,0.1533161054054896,0.7821478048960367,1aef30bb7528448c1b9e080cbb8be5f0ed74b4319b4bc0757942b1d1a3956a65
H6-P_N4084_seed2026092504,n07583066/ILSVRC2012_val_00001378_n07583066,4ef8d7654f413fc4c954518cbccd29a113420341a0d8e90382f62e6d689a1aa3,1,0.008321406246620968,20.818124771118164,0.17174957195917764,0.7004338701566061,1aef30bb7528448c1b9e080cbb8be5f0ed74b4319b4bc0757942b1d1a3956a65
H6-P_N4084_seed2026092504,n07590611/ILSVRC2012_val_00030972_n07590611,9c48e6f2ebe13ddb403d08c32bf75e310519ee41d0ce439b7e8fe60fd1f4d2db,1,0.00943356968122058,20.256158192952473,0.16487195094426474,0.7608461578687032,1aef30bb7528448c1b9e080cbb8be5f0ed74b4319b4bc0757942b1d1a3956a65
H6-P_N4084_seed2026092504,n07714990/ILSVRC2012_val_00008416_n07714990,fa679471f22e180ea849cf5603d78bf57767d47fa978e63d5b4fc7a16cf1c58e,1,0.012842558465721299,18.914571126302082,0.1861675630013148,0.8814781506856283,1aef30bb7528448c1b9e080cbb8be5f0ed74b4319b4bc0757942b1d1a3956a65
H6-P_N4084_seed2026092504,n07716906/ILSVRC2012_val_00011140_n07716906,f5bb633b7ca92a84ca97938ec4618656e2d6c0c3276cce9e41ce3a9dc5201b68,1,0.0035145170398644724,24.843643188476562,0.08982766916354497,0.9342697064081827,1aef30bb7528448c1b9e080cbb8be5f0ed74b4319b4bc0757942b1d1a3956a65
H6-P_N4084_seed2026092504,n07720875/ILSVRC2012_val_00000423_n07720875,94c61912cfaf43eb86fef5f9db09de3f28c217adde3eb95d1e48babd448b9893,1,0.0050134880919254395,23.027555465698242,0.1033921092748642,0.8308294216791788,1aef30bb7528448c1b9e080cbb8be5f0ed74b4319b4bc0757942b1d1a3956a65
H6-P_N4084_seed2026092504,n07860988/ILSVRC2012_val_00010848_n07860988,ab3fd1840a939a1fefbb0669c3678defc0c18d07886a9283fc4e357eeb609b40,1,0.009544593484795933,20.21396764119466,0.13925524552663168,0.8963642517725626,1aef30bb7528448c1b9e080cbb8be5f0ed74b4319b4bc0757942b1d1a3956a65
H6-P_N4084_seed2026092504,n09288635/ILSVRC2012_val_00001270_n09288635,395c9c967ef9c7d6df3793270822b636d0ea3102c5beb3b455eb5d1d84992499,1,0.0027922512909611618,25.700862248738606,0.12034352123737335,0.8774086435635885,1aef30bb7528448c1b9e080cbb8be5f0ed74b4319b4bc0757942b1d1a3956a65
H6-P_N4084_seed2026092504,n09468604/ILSVRC2012_val_00030741_n09468604,c3ce3780f589689f70061a32c01d4cddde53cc93f13c72d6da0f606f6be56ae3,1,0.013769754274928846,18.611291885375977,0.23332810401916504,0.7434895833333334,1aef30bb7528448c1b9e080cbb8be5f0ed74b4319b4bc0757942b1d1a3956a65
H6-P_N4084_seed2026092504,n11939491/ILSVRC2012_val_00034896_n11939491,5d503e995423b79fedecacd5389da614cd1fde446e0a222677d4ad33e0179cdd,1,0.008756259156617383,20.824312845865887,0.12464921921491623,0.8202789425849915,1aef30bb7528448c1b9e080cbb8be5f0ed74b4319b4bc0757942b1d1a3956a65
H6-P_N4084_seed2026092504,n15075141/ILSVRC2012_val_00005846_n15075141,ce31aa6dd81ff9b435997c347d185e440fc323084b9ff3782ff8a8c869dcf5b6,1,0.009325455653670182,20.326204935709637,0.1682757536570231,0.7349906166394552,1aef30bb7528448c1b9e080cbb8be5f0ed74b4319b4bc0757942b1d1a3956a65
H6-P_N4084_seed2026092504,n01440764/ILSVRC2012_val_00003014_n01440764,ba4269f89fdfc1ec6596d3da2afb4e19a03b1eca4a1722e30eed3d2a2bd8f7ec,4,0.01941164949106011,17.119611104329426,0.1211131860812505,0.8366120258967081,1aef30bb7528448c1b9e080cbb8be5f0ed74b4319b4bc0757942b1d1a3956a65
H6-P_N4084_seed2026092504,n01601694/ILSVRC2012_val_00021656_n01601694,37b82f0d861ae3605d674a2cbb64be7cf20587648637da943b3560bfecd7ae35,4,0.005279656141736831,22.774056752522785,0.08850618948539098,0.7398584683736166,1aef30bb7528448c1b9e080cbb8be5f0ed74b4319b4bc0757942b1d1a3956a65
H6-P_N4084_seed2026092504,n01664065/ILSVRC2012_val_00014316_n01664065,835f79111e775834cb13588324bfd6b10fbdc1daf6dc7b4f72089c82175a910c,4,0.013764922980667615,18.612546920776367,0.203788161277771,0.845798393090566,1aef30bb7528448c1b9e080cbb8be5f0ed74b4319b4bc0757942b1d1a3956a65
H6-P_N4084_seed2026092504,n01689811/ILSVRC2012_val_00020598_n01689811,1246570f41f66a19917cee1a8df75396e46c1432ca4c8f58e321a310b321915b,4,0.015385387763994124,18.129486719767254,0.14174937705198923,0.8428964217503866,1aef30bb7528448c1b9e080cbb8be5f0ed74b4319b4bc0757942b1d1a3956a65
H6-P_N4084_seed2026092504,n01735189/ILSVRC2012_val_00006699_n01735189,94658fdd83ae6734124089a0da860094f78c13469d89519dbe2f21027a4d01d0,4,0.010203409814338862,19.912808100382488,0.14419748882452646,0.7910838921864828,1aef30bb7528448c1b9e080cbb8be5f0ed74b4319b4bc0757942b1d1a3956a65
H6-P_N4084_seed2026092504,n01744401/ILSVRC2012_val_00032663_n01744401,7cd8922d351c72ca0e054807bf7621a297c52a9b1114bd0c0df22ed2f8a4f66f,4,0.0033480626034806823,24.752239227294922,0.11238334079583485,0.8592705527941386,1aef30bb7528448c1b9e080cbb8be5f0ed74b4319b4bc0757942b1d1a3956a65
H6-P_N4084_seed2026092504,n01751748/ILSVRC2012_val_00033157_n01751748,83149bf37e64c45c4c66758e8f8a09068ddae230eee2229359b65dada673f84b,4,0.0036135837752656334,24.420625686645508,0.15077528357505798,0.9210129181543986,1aef30bb7528448c1b9e080cbb8be5f0ed74b4319b4bc0757942b1d1a3956a65
H6-P_N4084_seed2026092504,n01775062/ILSVRC2012_val_00036589_n01775062,b2d5003b689d41aae33350a9998fe67c924460940402a10b7c4f865434b3d5ed,4,0.020096483468326456,16.969016393025715,0.18308287858963013,0.833797295888265,1aef30bb7528448c1b9e080cbb8be5f0ed74b4319b4bc0757942b1d1a3956a65
H6-P_N4084_seed2026092504,n01843383/ILSVRC2012_val_00005901_n01843383,bf69dd09dadfb949dc2d90d20cb7f37908bb912676f698d73819557a49f31ce1,4,0.01485696697315319,18.28106753031413,0.14829212427139282,0.939362108707428,1aef30bb7528448c1b9e080cbb8be5f0ed74b4319b4bc0757942b1d1a3956a65
H6-P_N4084_seed2026092504,n01860187/ILSVRC2012_val_00021594_n01860187,64a3034f4043379fad126e4f69b4f653f00c0fef8cadcef0ee65d293ad7bb37a,4,0.013903259300514193,18.568979263305664,0.12352198610703151,0.9221438566843668,1aef30bb7528448c1b9e080cbb8be5f0ed74b4319b4bc0757942b1d1a3956a65
H6-P_N4084_seed2026092504,n01882714/ILSVRC2012_val_00019996_n01882714,b2bb1bfcc62415aa32d898a4dc5e48c533b895d5a507861a0f4e2c2d93d34bc2,4,0.007483000084600461,21.261444727579754,0.10459810743729274,0.9584395885467529,1aef30bb7528448c1b9e080cbb8be5f0ed74b4319b4bc0757942b1d1a3956a65
H6-P_N4084_seed2026092504,n01943899/ILSVRC2012_val_00005706_n01943899,4cb2373a0b87de6658118b3baa34de89add3bab2489fae317287223b68d543fa,4,0.00841989267014242,20.746952056884766,0.13279864192008972,0.8372374971707662,1aef30bb7528448c1b9e080cbb8be5f0ed74b4319b4bc0757942b1d1a3956a65
H6-P_N4084_seed2026092504,n01955084/ILSVRC2012_val_00001857_n01955084,5442a63232a5b147e6e6963b607fff43aef017769ebe03bd258ed378ad261cb0,4,0.004028140756918303,23.951083501180012,0.14778022964795431,0.9027847448984782,1aef30bb7528448c1b9e080cbb8be5f0ed74b4319b4bc0757942b1d1a3956a65
H6-P_N4084_seed2026092504,n01983481/ILSVRC2012_val_00019856_n01983481,ff963d160b1d9d93ee7f149d4db1c8a86cd2d237d99116bf51262d3313a9fdef,4,0.005584450193861508,22.53064028422038,0.1148555800318718,0.9110990762710571,1aef30bb7528448c1b9e080cbb8be5f0ed74b4319b4bc0757942b1d1a3956a65
H6-P_N4084_seed2026092504,n02013706/ILSVRC2012_val_00003168_n02013706,451d1b57bce58847eb2ea84a22871b68d6ca8b3c17d99d6c939bce0e851c9bfd,4,0.011413309136745082,19.427941640218098,0.08331897606452306,0.8958728114763895,1aef30bb7528448c1b9e080cbb8be5f0ed74b4319b4bc0757942b1d1a3956a65
H6-P_N4084_seed2026092504,n02027492/ILSVRC2012_val_00007524_n02027492,10d9138059c8e8abd1ae55a396b4dad03de21ea77e019e7d37491f53a17eb18d,4,0.0017019209235796808,27.691376368204754,0.08148101965586345,0.9492809971173605,1aef30bb7528448c1b9e080cbb8be5f0ed74b4319b4bc0757942b1d1a3956a65
H6-P_N4084_seed2026092504,n02088094/ILSVRC2012_val_00005507_n02088094,9bcfe25d894ad5fa8d48fa21098e648d640e9456d17d9f3cdc7f15baa61f64b3,4,0.006152673711316568,22.11026446024577,0.10446640849113464,0.9163212180137634,1aef30bb7528448c1b9e080cbb8be5f0ed74b4319b4bc0757942b1d1a3956a65
H6-P_N4084_seed2026092504,n02090622/ILSVRC2012_val_00006265_n02090622,5235a32da64ab784a577e24b77bc0b99ddf463730a208c821f0635343baa878a,4,0.015911725699198125,17.9830322265625,0.13517236709594727,0.9161062836647034,1aef30bb7528448c1b9e080cbb8be5f0ed74b4319b4bc0757942b1d1a3956a65
H6-P_N4084_seed2026092504,n02096177/ILSVRC2012_val_00019083_n02096177,8e9862e54da0674de014e4486c163d6ad5f9730544f6931874a778220bace808,4,0.0040070136387831716,23.97212282816569,0.10056720425685246,0.9336463212966919,1aef30bb7528448c1b9e080cbb8be5f0ed74b4319b4bc0757942b1d1a3956a65
H6-P_N4084_seed2026092504,n02098286/ILSVRC2012_val_00038253_n02098286,909d7e0743c18bdcc46352a8ce22b40b3c6300daa8db6b13ea4a7d6cbd6d82d9,4,0.002850016504152583,25.452075322469074,0.0697058488925298,0.9446574846903483,1aef30bb7528448c1b9e080cbb8be5f0ed74b4319b4bc0757942b1d1a3956a65
H6-P_N4084_seed2026092504,n02102480/ILSVRC2012_val_00010261_n02102480,38bf5ab4d8bead9f1f215e246c57b2622687e3802dbe623372a59b9360124263,4,0.0016623984380886875,27.79934247334798,0.04523514583706856,0.9631437460581461,1aef30bb7528448c1b9e080cbb8be5f0ed74b4319b4bc0757942b1d1a3956a65
H6-P_N4084_seed2026092504,n02105641/ILSVRC2012_val_00018762_n02105641,3c66584ece5c46a50e84a58166f6dc576f95302d99a27b9caf6db2771cf248a1,4,0.007533735846651349,21.23314094543457,0.13604864478111267,0.9079160690307617,1aef30bb7528448c1b9e080cbb8be5f0ed74b4319b4bc0757942b1d1a3956a65
H6-P_N4084_seed2026092504,n02106550/ILSVRC2012_val_00014315_n02106550,4d74095324045d8f79e913400e79b35c1d4966121268d279670f7b781201720e,4,0.005733864583925013,22.41738446553548,0.08788086473941803,0.9653526941935221,1aef30bb7528448c1b9e080cbb8be5f0ed74b4319b4bc0757942b1d1a3956a65
H6-P_N4084_seed2026092504,n02107683/ILSVRC2012_val_00010786_n02107683,fa0a929e8186ffeb826e91bdccee23a649868c49cab59617144ade56bf9f52b3,4,0.0018604024614391106,27.306137084960938,0.1131901890039444,0.9489112695058187,1aef30bb7528448c1b9e080cbb8be5f0ed74b4319b4bc0757942b1d1a3956a65
H6-P_N4084_seed2026092504,n02110806/ILSVRC2012_val_00030364_n02110806,7979fe01c4abe94a4d916a11520399c7e8ed8c805e7490fff5b6cf9579ce9dbe,4,0.005675509153879438,22.460633595784504,0.09917457898457845,0.9252194166183472,1aef30bb7528448c1b9e080cbb8be5f0ed74b4319b4bc0757942b1d1a3956a65
H6-P_N4084_seed2026092504,n02113799/ILSVRC2012_val_00007866_n02113799,304f20c62753839162b2f26b666a6d1f5d9582476f0cb2cde601e47842f40b68,4,0.004641347435938794,23.333730061848957,0.12186059107383092,0.834600031375885,1aef30bb7528448c1b9e080cbb8be5f0ed74b4319b4bc0757942b1d1a3956a65
H6-P_N4084_seed2026092504,n02123159/ILSVRC2012_val_00025723_n02123159,ed441e8839af44206a68e2c3c7607146d77cc39acae0fcae80e5b60f68929113,4,0.014495461659828221,18.38823954264323,0.16246866683165231,0.8710598945617676,1aef30bb7528448c1b9e080cbb8be5f0ed74b4319b4bc0757942b1d1a3956a65
H6-P_N4084_seed2026092504,n02134084/ILSVRC2012_val_00020332_n02134084,92afe5c6ba9b6add49a7b8d5f69014be0bbc2393759fb85a99ead66e153f0edb,4,0.0029491824121871645,25.303022384643555,0.09083029131094615,0.9089792172114054,1aef30bb7528448c1b9e080cbb8be5f0ed74b4319b4bc0757942b1d1a3956a65
H6-P_N4084_seed2026092504,n02168699/ILSVRC2012_val_00040132_n02168699,caae24a36e6f26c363f5e4a7594fcd5c9d22864fe233e8d449d53a726a8100a4,4,0.005667229159847193,22.466442108154297,0.10204814871152242,0.906814177831014,1aef30bb7528448c1b9e080cbb8be5f0ed74b4319b4bc0757942b1d1a3956a65
H6-P_N4084_seed2026092504,n02233338/ILSVRC2012_val_00016160_n02233338,d2d64df0e26c9602d937a190b46ccd9f9c7541916cdbba9441e0999a09343c62,4,0.004498129162379926,23.47052065531413,0.1034431979060173,0.9069121479988098,1aef30bb7528448c1b9e080cbb8be5f0ed74b4319b4bc0757942b1d1a3956a65
H6-P_N4084_seed2026092504,n02264363/ILSVRC2012_val_00027803_n02264363,a9982d467f83d50ace36a56207d894db4c5d2535cb160188c286c3846a0c7385,4,0.0008205893818719092,30.863625208536785,0.06498976548512776,0.9512222409248352,1aef30bb7528448c1b9e080cbb8be5f0ed74b4319b4bc0757942b1d1a3956a65
H6-P_N4084_seed2026092504,n02277742/ILSVRC2012_val_00015608_n02277742,bd678c112e5c027a0d5a9dd67e8a15db14f8eb5dff986394ab6f936a11498a62,4,0.016744882811212086,17.76124890645345,0.15382896860440573,0.8951705694198608,1aef30bb7528448c1b9e080cbb8be5f0ed74b4319b4bc0757942b1d1a3956a65
H6-P_N4084_seed2026092504,n02325366/ILSVRC2012_val_00024858_n02325366,6fc21bdab6b7976bdc452d81a324ab7d99d2600516cb80ca2e8b092352eeabf5,4,0.004767524134108605,23.22086461385091,0.11702846735715866,0.9512498577435812,1aef30bb7528448c1b9e080cbb8be5f0ed74b4319b4bc0757942b1d1a3956a65
H6-P_N4084_seed2026092504,n02398521/ILSVRC2012_val_00018354_n02398521,52f645427565641f0c2186bc45125f58be9c5ef2aada5442f0d1310afbbaa6e6,4,0.006132375206879148,22.123791376749676,0.12602957586447397,0.8647828896840414,1aef30bb7528448c1b9e080cbb8be5f0ed74b4319b4bc0757942b1d1a3956a65
H6-P_N4084_seed2026092504,n02410509/ILSVRC2012_val_00022568_n02410509,2b417ecf21402198f7fcd411e02b2f21634bf799800e8edf5ab4da19924a9fc4,4,0.002743197380899126,25.618633270263672,0.07499573131402333,0.905239999294281,1aef30bb7528448c1b9e080cbb8be5f0ed74b4319b4bc0757942b1d1a3956a65
H6-P_N4084_seed2026092504,n02437312/ILSVRC2012_val_00006245_n02437312,b2c841099c6c55c4f812a51a7a7c8cf2455f30d3ef0d1dbb16c6c6bc060c760d,4,0.017297743725257445,17.620365142822266,0.17787617444992065,0.8676726420720419,1aef30bb7528448c1b9e080cbb8be5f0ed74b4319b4bc0757942b1d1a3956a65
H6-P_N4084_seed2026092504,n02486410/ILSVRC2012_val_00009799_n02486410,40fb5083489542d2366609fcc4468b19bd62505e86a7a9c1d18574670f53e564,4,0.00248285866597283,26.05170186360677,0.06951398402452469,0.9338919123013815,1aef30bb7528448c1b9e080cbb8be5f0ed74b4319b4bc0757942b1d1a3956a65
H6-P_N4084_seed2026092504,n02509815/ILSVRC2012_val_00014423_n02509815,52636d0a3f2d227327400178c05edcc551d6213c012fa6a8b03a1bb6db4e6b99,4,0.002719716156329736,25.657168706258137,0.08565600713094075,0.9375925660133362,1aef30bb7528448c1b9e080cbb8be5f0ed74b4319b4bc0757942b1d1a3956a65
H6-P_N4084_seed2026092504,n02708093/ILSVRC2012_val_00024690_n02708093,9cf3493e4dbd81b11f4a70b76adce387c9cf2550f6758f10cb801befcbcea8a3,4,0.003911767672094653,24.076684315999348,0.07766317079464595,0.9590313037236532,1aef30bb7528448c1b9e080cbb8be5f0ed74b4319b4bc0757942b1d1a3956a65
H6-P_N4084_seed2026092504,n02776631/ILSVRC2012_val_00028186_n02776631,144e6a5ac66f329d2a7b5fb658deecf277f46cc77aeba1a3a27f69ba24a10751,4,0.010422607291429457,19.821808497111004,0.14261658986409506,0.8819102644920349,1aef30bb7528448c1b9e080cbb8be5f0ed74b4319b4bc0757942b1d1a3956a65
H6-P_N4084_seed2026092504,n02788148/ILSVRC2012_val_00012264_n02788148,d77f825c1f142e1b256614bde8db32959914f48d12284b929e20a1a0b9c5a5ce,4,0.00445675138245396,23.511852900187176,0.10853043446938197,0.9605208039283752,1aef30bb7528448c1b9e080cbb8be5f0ed74b4319b4bc0757942b1d1a3956a65
H6-P_N4084_seed2026092504,n02834397/ILSVRC2012_val_00010741_n02834397,7e296a31245bc9af585ab76c42d861b0727530e951052bf54cc1a65562b49f69,4,0.0029056279075732865,25.36771074930827,0.07147823522488277,0.9567707379659017,1aef30bb7528448c1b9e080cbb8be5f0ed74b4319b4bc0757942b1d1a3956a65
H6-P_N4084_seed2026092504,n02841315/ILSVRC2012_val_00014601_n02841315,b19f30a7cd526ca652bf3bfc1deb42f07c00fbd53c9feea68ff4447f8d9e8bb7,4,0.0064504265802957155,21.90483029683431,0.09518323838710785,0.9519313971201578,1aef30bb7528448c1b9e080cbb8be5f0ed74b4319b4bc0757942b1d1a3956a65
H6-P_N4084_seed2026092504,n02910353/ILSVRC2012_val_00017543_n02910353,c27e162eeb52bdd42f8afb9b5faed79a866cf4780dd2868324fc795fecdab836,4,0.0083516680357714,20.78246307373047,0.11137284090121587,0.930133322874705,1aef30bb7528448c1b9e080cbb8be5f0ed74b4319b4bc0757942b1d1a3956a65
H6-P_N4084_seed2026092504,n02951585/ILSVRC2012_val_00008336_n02951585,6287e5124249bc06487c026c7ef680074a0e54fccdb9e9796fb43e1bae73b987,4,0.0019155418183390525,27.178974787394207,0.0952720195055008,0.8462133606274923,1aef30bb7528448c1b9e080cbb8be5f0ed74b4319b4bc0757942b1d1a3956a65
H6-P_N4084_seed2026092504,n02980441/ILSVRC2012_val_00023472_n02980441,431d4041c6610691fb229a8e04d9675487a0d0f1f248d24f907f412a19b59b4d,4,0.003122147991883822,25.066198348999023,0.11611843854188919,0.9080747365951538,1aef30bb7528448c1b9e080cbb8be5f0ed74b4319b4bc0757942b1d1a3956a65
H6-P_N4084_seed2026092504,n03028079/ILSVRC2012_val_00031446_n03028079,68d3b9ce94abf8f4587927a53677c949e781d6c4cd367b6ba90426a9025a44b8,4,0.002303985323200116,26.375561396280926,0.09159151713053386,0.9116132060686747,1aef30bb7528448c1b9e080cbb8be5f0ed74b4319b4bc0757942b1d1a3956a65
H6-P_N4084_seed2026092504,n03109150/ILSVRC2012_val_00032588_n03109150,6c166713f4445234d77bec983d9a58df6991ae7fb4edc7c41f3bba855677a401,4,0.003886767421974339,24.104194005330402,0.08010690659284592,0.9319940805435181,1aef30bb7528448c1b9e080cbb8be5f0ed74b4319b4bc0757942b1d1a3956a65
H6-P_N4084_seed2026092504,n03127747/ILSVRC2012_val_00003732_n03127747,08d575ca78e8ec0d619123ef77779908752bd32d2173c1fe1f1c67e82a018e5e,4,0.007522879182065448,21.23726526896159,0.08971863736708958,0.9352633555730184,1aef30bb7528448c1b9e080cbb8be5f0ed74b4319b4bc0757942b1d1a3956a65
H6-P_N4084_seed2026092504,n03220513/ILSVRC2012_val_00006359_n03220513,6c47747b22fef34c608caa6ff8c1bf614884668716eea442f2a7c7c6ba1256cf,4,0.004973475940752151,23.033438364664715,0.0908026322722435,0.8816436131795248,1aef30bb7528448c1b9e080cbb8be5f0ed74b4319b4bc0757942b1d1a3956a65
H6-P_N4084_seed2026092504,n03372029/ILSVRC2012_val_00034937_n03372029,65b3cd96fc2b315ee48cdd65d9b09dd8138ccdc48fae27960eca02056c707408,4,0.006314342458380802,21.997295379638672,0.09272767355044682,0.8116912245750427,1aef30bb7528448c1b9e080cbb8be5f0ed74b4319b4bc0757942b1d1a3956a65
H6-P_N4084_seed2026092504,n03388549/ILSVRC2012_val_00022928_n03388549,2eb9a156db0d46e65186b4aefc4fe0099a6ec0a60280cc661bd37e4b238fbb39,4,0.0038816507489500274,24.113311131795246,0.11466801911592484,0.9100178281466166,1aef30bb7528448c1b9e080cbb8be5f0ed74b4319b4bc0757942b1d1a3956a65
H6-P_N4084_seed2026092504,n03424325/ILSVRC2012_val_00006147_n03424325,20025cb5e1981e398a9afa6ccd1d1d2b846a627f61e99a50c1eb2f7116615db9,4,0.009553411065621326,20.200042724609375,0.10432941963275273,0.9527561068534851,1aef30bb7528448c1b9e080cbb8be5f0ed74b4319b4bc0757942b1d1a3956a65
H6-P_N4084_seed2026092504,n03447721/ILSVRC2012_val_00006942_n03447721,a028f47aa5cd8b04454d26b7c2fbca3a7259b6d3d2c712bdb3164717eb7b7d11,4,0.006387404573489589,21.9478759765625,0.11049966265757878,0.8690378665924072,1aef30bb7528448c1b9e080cbb8be5f0ed74b4319b4bc0757942b1d1a3956a65
H6-P_N4084_seed2026092504,n03485794/ILSVRC2012_val_00010782_n03485794,6cb18ac7a6f1c139799a90785b3695b670a64a978aff1ca14d3922f3a55e1bfc,4,0.0027370926964852276,25.628202438354492,0.05295873681704203,0.946183999379476,1aef30bb7528448c1b9e080cbb8be5f0ed74b4319b4bc0757942b1d1a3956a65
H6-P_N4084_seed2026092504,n03527444/ILSVRC2012_val_00035251_n03527444,fd1996afa6b044e353d02c5d5d9d88bbe67cf8b17860630837a7bf646dd4ad7c,4,0.006130932814721259,22.124786376953125,0.0994930441180865,0.940825084845225,1aef30bb7528448c1b9e080cbb8be5f0ed74b4319b4bc0757942b1d1a3956a65
H6-P_N4084_seed2026092504,n03584254/ILSVRC2012_val_00016384_n03584254,07bcf32feff7608562a15a061ceeeabdd1a360f60464acf875102797b198242b,4,0.001168221860404559,29.32798131306966,0.023388470833500225,0.974828322728475,1aef30bb7528448c1b9e080cbb8be5f0ed74b4319b4bc0757942b1d1a3956a65
H6-P_N4084_seed2026092504,n03623198/ILSVRC2012_val_00019928_n03623198,81d6a474eecb501903c3e94b06b8e249955cf4c113fd1da261dc132ce386fecc,4,0.0009774726722723422,30.107227961222332,0.027012481664617855,0.9819982051849365,1aef30bb7528448c1b9e080cbb8be5f0ed74b4319b4bc0757942b1d1a3956a65
H6-P_N4084_seed2026092504,n03657121/ILSVRC2012_val_00000359_n03657121,a3f1ce0a0a826b7e4bf7f9376a96bedfadf32990d1e0e44b5346a70442b58586,4,0.001294912052372818,28.880997975667317,0.026100550467769306,0.956149697303772,1aef30bb7528448c1b9e080cbb8be5f0ed74b4319b4bc0757942b1d1a3956a65
H6-P_N4084_seed2026092504,n03706229/ILSVRC2012_val_00017460_n03706229,8e3b858b0513ad838965208bb580abe8a508cb57740c0505ccbc8cf050b0c838,4,0.0025808300326005842,25.89333216349284,0.029263417546947796,0.9378222227096558,1aef30bb7528448c1b9e080cbb8be5f0ed74b4319b4bc0757942b1d1a3956a65
H6-P_N4084_seed2026092504,n03759954/ILSVRC2012_val_00010804_n03759954,7a1498cebe035004705d9ede2d2cfecfdc25e8e2db8841b990fec0d4b834b3d1,4,0.013903894467842867,18.56954002380371,0.14999037981033325,0.9270084698994955,1aef30bb7528448c1b9e080cbb8be5f0ed74b4319b4bc0757942b1d1a3956a65
H6-P_N4084_seed2026092504,n03775071/ILSVRC2012_val_00002420_n03775071,1300a7a060a680cbb93440b49303a8d52c9ff2d49cb9d0d5a5d642ea948009d0,4,0.003265872818204743,24.86056963602702,0.06024647504091263,0.9521998763084412,1aef30bb7528448c1b9e080cbb8be5f0ed74b4319b4bc0757942b1d1a3956a65
H6-P_N4084_seed2026092504,n03782006/ILSVRC2012_val_00004758_n03782006,81c7629baa1e0573a341cb7530061c978f2dd27d0be5ee68dc23399e1119f3d8,4,0.00390860035848955,24.080027262369793,0.09494107216596603,0.9610158801078796,1aef30bb7528448c1b9e080cbb8be5f0ed74b4319b4bc0757942b1d1a3956a65
H6-P_N4084_seed2026092504,n03796401/ILSVRC2012_val_00025827_n03796401,9b21385c64696f5ac47bcbcec19404b19a48abc9bdcc5c0843cd0946b1a798a2,4,0.0036209010049730096,24.41223653157552,0.09349420169989268,0.9501534303029379,1aef30bb7528448c1b9e080cbb8be5f0ed74b4319b4bc0757942b1d1a3956a65
H6-P_N4084_seed2026092504,n03866082/ILSVRC2012_val_00003554_n03866082,60562c0929f93a4daaecb86a36c36db3a1ed774950e0bb4ab9d3b89153eae016,4,0.0024700932862148656,26.073170979817707,0.10680570205052693,0.9148594538370768,1aef30bb7528448c1b9e080cbb8be5f0ed74b4319b4bc0757942b1d1a3956a65
H6-P_N4084_seed2026092504,n03876231/ILSVRC2012_val_00022714_n03876231,e5fb75ea19743794b97420b0a84dd1ed44e00b335e89467578a629395e979d2f,4,0.0016508239886011287,27.82388178507487,0.05407720059156418,0.9533034563064575,1aef30bb7528448c1b9e080cbb8be5f0ed74b4319b4bc0757942b1d1a3956a65
H6-P_N4084_seed2026092504,n03929660/ILSVRC2012_val_00012300_n03929660,505f23aed8d3e96d4497a443edb34645a75ad2773b26e3a2bfe8a41501c74e37,4,0.0018049560809555608,27.436002095540363,0.053914022942384086,0.9443873167037964,1aef30bb7528448c1b9e080cbb8be5f0ed74b4319b4bc0757942b1d1a3956a65
H6-P_N4084_seed2026092504,n03950228/ILSVRC2012_val_00019039_n03950228,606ce0cbbbddaa18c5ae0e6b670ac1a18aaa6bf2945e31f99868290a41ead38c,4,0.0017004893760909356,27.703622817993164,0.09710343678792317,0.9206958611806234,1aef30bb7528448c1b9e080cbb8be5f0ed74b4319b4bc0757942b1d1a3956a65
H6-P_N4084_seed2026092504,n03977966/ILSVRC2012_val_00027383_n03977966,5a1f23f6a5c2c26f0bc8e72f9b77fdea74e75d81b45e24991a36792991b4d352,4,0.007589507948713286,21.19859568277995,0.10526600231726964,0.9230537811915079,1aef30bb7528448c1b9e080cbb8be5f0ed74b4319b4bc0757942b1d1a3956a65
H6-P_N4084_seed2026092504,n03983396/ILSVRC2012_val_00012891_n03983396,62a65414a700886fce201470942a341bd6f772787a7603b59ffefcea12cdf8a3,4,0.0024474244555569447,26.11471112569173,0.09234561771154404,0.9351062377293905,1aef30bb7528448c1b9e080cbb8be5f0ed74b4319b4bc0757942b1d1a3956a65
H6-P_N4084_seed2026092504,n04044716/ILSVRC2012_val_00039752_n04044716,4684500d0ef929418c32a7620e97d9f1d5422991f5a2ca2e06a12af1232ec4c3,4,0.0007927405656981724,31.008776982625324,0.052828618635733925,0.972068985303243,1aef30bb7528448c1b9e080cbb8be5f0ed74b4319b4bc0757942b1d1a3956a65
H6-P_N4084_seed2026092504,n04067472/ILSVRC2012_val_00007618_n04067472,50fc28951f4b1851b0854487090b20120b57db13ecec51f6e3e92ba56b2954a7,4,0.008656094750787649,20.627947489420574,0.12949822843074799,0.920560379823049,1aef30bb7528448c1b9e080cbb8be5f0ed74b4319b4bc0757942b1d1a3956a65
H6-P_N4084_seed2026092504,n04111531/ILSVRC2012_val_00013982_n04111531,bf3dcc257672ac223943ff82ef51ebf2915e31dedf8d5adc1446c0aebc47b061,4,0.004855261267855455,23.140257517496746,0.14357944826285043,0.8909943501154581,1aef30bb7528448c1b9e080cbb8be5f0ed74b4319b4bc0757942b1d1a3956a65
H6-P_N4084_seed2026092504,n04131690/ILSVRC2012_val_00002728_n04131690,a4f0ce87454301b9469c70fbe6b41ffe2efe961d876273779860662e88fdeb06,4,0.0012112949441090294,29.172348022460938,0.06641923884550731,0.952319880326589,1aef30bb7528448c1b9e080cbb8be5f0ed74b4319b4bc0757942b1d1a3956a65
H6-P_N4084_seed2026092504,n04153751/ILSVRC2012_val_00008426_n04153751,97b815265374ec1d6426380e5a710dd1bb8cc13320799468805e6c7c665f568d,4,0.0012871217995990454,28.907310485839844,0.038564165433247886,0.9284918109575907,1aef30bb7528448c1b9e080cbb8be5f0ed74b4319b4bc0757942b1d1a3956a65
H6-P_N4084_seed2026092504,n04204347/ILSVRC2012_val_00018921_n04204347,bb0919028da5d8113228b4ea2031f03cae14b6805b1a3078dbd2d6f04c5b7ab8,4,0.009334387287213017,20.299179712931316,0.09425435711940129,0.8805646896362305,1aef30bb7528448c1b9e080cbb8be5f0ed74b4319b4bc0757942b1d1a3956a65
H6-P_N4084_seed2026092504,n04235860/ILSVRC2012_val_00004033_n04235860,d97a5615f039b7023b17570a301aea94aeaf383e5cf8b6337c8c41d92f68a91e,4,0.006428246622507166,21.919078826904297,0.12367020547389984,0.885848343372345,1aef30bb7528448c1b9e080cbb8be5f0ed74b4319b4bc0757942b1d1a3956a65
H6-P_N4084_seed2026092504,n04252077/ILSVRC2012_val_00012989_n04252077,23d5d73078c0a822663f12dae1fdcc88fb421d9b7d25631165b606ee3f992794,4,0.005985598725810919,22.230796178181965,0.11422945807377498,0.8870121240615845,1aef30bb7528448c1b9e080cbb8be5f0ed74b4319b4bc0757942b1d1a3956a65
H6-P_N4084_seed2026092504,n04310018/ILSVRC2012_val_00003156_n04310018,b9de11c7fd9f074f8fd637aa4988d21f533d12b9ff435507616ba87af0016608,4,0.008280843849674127,20.819283803304035,0.12772569308678308,0.9457113146781921,1aef30bb7528448c1b9e080cbb8be5f0ed74b4319b4bc0757942b1d1a3956a65
H6-P_N4084_seed2026092504,n04328186/ILSVRC2012_val_00014795_n04328186,f822c4f2096441c446fa8e48678c4cc20d5e828fdfcca53b878f2f0839ec33d6,4,0.003168217335698851,24.995485305786133,0.04638086880246798,0.9203338821729025,1aef30bb7528448c1b9e080cbb8be5f0ed74b4319b4bc0757942b1d1a3956a65
H6-P_N4084_seed2026092504,n04346328/ILSVRC2012_val_00003305_n04346328,8ba9271b2cefde59a78ee52bbe2eaadb785be47197c8db08e4e237aa6f610e0a,4,0.007736300794628766,21.11659558614095,0.14076546331246695,0.9216223955154419,1aef30bb7528448c1b9e080cbb8be5f0ed74b4319b4bc0757942b1d1a3956a65
H6-P_N4084_seed2026092504,n04357314/ILSVRC2012_val_00009430_n04357314,f348b9659d2f9737c634e1c8e04d69326eab1e1ff6e293bb58c5b2ba85e0022e,4,0.00410894382096831,23.86419932047526,0.11333473275105159,0.9330273866653442,1aef30bb7528448c1b9e080cbb8be5f0ed74b4319b4bc0757942b1d1a3956a65
H6-P_N4084_seed2026092504,n04371774/ILSVRC2012_val_00030870_n04371774,49b1816119ba26ff673b81c34491bc4eeb544234d35b2c25b2c8a1803180c5b8,4,0.007598134055175493,21.194963455200195,0.12878683706124625,0.8481032252311707,1aef30bb7528448c1b9e080cbb8be5f0ed74b4319b4bc0757942b1d1a3956a65
H6-P_N4084_seed2026092504,n04392985/ILSVRC2012_val_00029362_n04392985,cfcb8324932845752a4e5dcfb047ba397dc9f277981229461b08d4a261c7204b,4,0.0037374375978655124,24.276379267374676,0.09636246661345164,0.8932080467542013,1aef30bb7528448c1b9e080cbb8be5f0ed74b4319b4bc0757942b1d1a3956a65
H6-P_N4084_seed2026092504,n04456115/ILSVRC2012_val_00002331_n04456115,f6cd31c9feb497a4b3658818a4d832bbd47d6f5d7030c2abbca99f8b8c55c97e,4,0.004751336801459279,23.231852213541668,0.1082487627863884,0.7323039174079895,1aef30bb7528448c1b9e080cbb8be5f0ed74b4319b4bc0757942b1d1a3956a65
H6-P_N4084_seed2026092504,n04485082/ILSVRC2012_val_00000955_n04485082,76448a0ae2e3610a8107e3b73ca3eac575cc8d56a2512cd9773ea885b09ef16c,4,0.004977662762050116,23.03594144185384,0.08272528400023778,0.944289485613505,1aef30bb7528448c1b9e080cbb8be5f0ed74b4319b4bc0757942b1d1a3956a65
H6-P_N4084_seed2026092504,n04515003/ILSVRC2012_val_00002400_n04515003,f7c501808f10c0aa95e7f0597b424b7198e2db59608194573af6bc7789d4e45d,4,0.0025049869634065016,26.022372563680012,0.06909025460481644,0.9750627080599467,1aef30bb7528448c1b9e080cbb8be5f0ed74b4319b4bc0757942b1d1a3956a65
H6-P_N4084_seed2026092504,n04540053/ILSVRC2012_val_00007665_n04540053,25dbb8c23badf34480230cc90a350df359f1eab82bdf05a6dcda7da28dba4814,4,0.0036949048043620845,24.32943852742513,0.07067135473092397,0.9546623826026917,1aef30bb7528448c1b9e080cbb8be5f0ed74b4319b4bc0757942b1d1a3956a65
H6-P_N4084_seed2026092504,n04560804/ILSVRC2012_val_00029830_n04560804,a11fec68e0d01588aa4a816aaa7c41a4a8fe1042d3f447133cf33b25cba6e3c2,4,0.007875474943609045,21.038022994995117,0.12117915600538254,0.9259084463119507,1aef30bb7528448c1b9e080cbb8be5f0ed74b4319b4bc0757942b1d1a3956a65
H6-P_N4084_seed2026092504,n04596742/ILSVRC2012_val_00007608_n04596742,7662b17a07456b833c5ff8821945d8e94f525da05a7585fdefa69b35294f230f,4,0.004504327358672477,23.466515223185223,0.10042201975981395,0.8609080910682678,1aef30bb7528448c1b9e080cbb8be5f0ed74b4319b4bc0757942b1d1a3956a65
H6-P_N4084_seed2026092504,n07583066/ILSVRC2012_val_00001378_n07583066,4ef8d7654f413fc4c954518cbccd29a113420341a0d8e90382f62e6d689a1aa3,4,0.0049841654911961615,23.02705446879069,0.1162143920858701,0.8244052131970724,1aef30bb7528448c1b9e080cbb8be5f0ed74b4319b4bc0757942b1d1a3956a65
H6-P_N4084_seed2026092504,n07590611/ILSVRC2012_val_00030972_n07590611,9c48e6f2ebe13ddb403d08c32bf75e310519ee41d0ce439b7e8fe60fd1f4d2db,4,0.006491104830311986,21.877429326375324,0.1211541419227918,0.8343290686607361,1aef30bb7528448c1b9e080cbb8be5f0ed74b4319b4bc0757942b1d1a3956a65
H6-P_N4084_seed2026092504,n07714990/ILSVRC2012_val_00008416_n07714990,fa679471f22e180ea849cf5603d78bf57767d47fa978e63d5b4fc7a16cf1c58e,4,0.01082167455847024,19.65711212158203,0.14778071145216623,0.9047852158546448,1aef30bb7528448c1b9e080cbb8be5f0ed74b4319b4bc0757942b1d1a3956a65
H6-P_N4084_seed2026092504,n07716906/ILSVRC2012_val_00011140_n07716906,f5bb633b7ca92a84ca97938ec4618656e2d6c0c3276cce9e41ce3a9dc5201b68,4,0.0017724795454915788,27.525686899820965,0.05602708210547765,0.9586674173672994,1aef30bb7528448c1b9e080cbb8be5f0ed74b4319b4bc0757942b1d1a3956a65
H6-P_N4084_seed2026092504,n07720875/ILSVRC2012_val_00000423_n07720875,94c61912cfaf43eb86fef5f9db09de3f28c217adde3eb95d1e48babd448b9893,4,0.002580485927032194,25.88463083902995,0.055461754401524864,0.9380526741345724,1aef30bb7528448c1b9e080cbb8be5f0ed74b4319b4bc0757942b1d1a3956a65
H6-P_N4084_seed2026092504,n07860988/ILSVRC2012_val_00010848_n07860988,ab3fd1840a939a1fefbb0669c3678defc0c18d07886a9283fc4e357eeb609b40,4,0.006334429833231399,21.98403549194336,0.09670344988505046,0.929175873597463,1aef30bb7528448c1b9e080cbb8be5f0ed74b4319b4bc0757942b1d1a3956a65
H6-P_N4084_seed2026092504,n09288635/ILSVRC2012_val_00001270_n09288635,395c9c967ef9c7d6df3793270822b636d0ea3102c5beb3b455eb5d1d84992499,4,0.0014960673991234734,28.25149917602539,0.08015609035889308,0.9143922726313273,1aef30bb7528448c1b9e080cbb8be5f0ed74b4319b4bc0757942b1d1a3956a65
H6-P_N4084_seed2026092504,n09468604/ILSVRC2012_val_00030741_n09468604,c3ce3780f589689f70061a32c01d4cddde53cc93f13c72d6da0f606f6be56ae3,4,0.012248966465661933,19.119239171346027,0.18837623298168182,0.8075717886288961,1aef30bb7528448c1b9e080cbb8be5f0ed74b4319b4bc0757942b1d1a3956a65
H6-P_N4084_seed2026092504,n11939491/ILSVRC2012_val_00034896_n11939491,5d503e995423b79fedecacd5389da614cd1fde446e0a222677d4ad33e0179cdd,4,0.003787432025964316,24.22177569071452,0.0694996068874995,0.9107021490732828,1aef30bb7528448c1b9e080cbb8be5f0ed74b4319b4bc0757942b1d1a3956a65
H6-P_N4084_seed2026092504,n15075141/ILSVRC2012_val_00005846_n15075141,ce31aa6dd81ff9b435997c347d185e440fc323084b9ff3782ff8a8c869dcf5b6,4,0.006216263485862183,22.06479835510254,0.10910190641880035,0.8569676081339518,1aef30bb7528448c1b9e080cbb8be5f0ed74b4319b4bc0757942b1d1a3956a65
H6-P_N4084_seed2026092504,n01440764/ILSVRC2012_val_00003014_n01440764,ba4269f89fdfc1ec6596d3da2afb4e19a03b1eca4a1722e30eed3d2a2bd8f7ec,7,0.01710397220090222,17.669057846069336,0.10144119461377461,0.8713074525197347,1aef30bb7528448c1b9e080cbb8be5f0ed74b4319b4bc0757942b1d1a3956a65
H6-P_N4084_seed2026092504,n01601694/ILSVRC2012_val_00021656_n01601694,37b82f0d861ae3605d674a2cbb64be7cf20587648637da943b3560bfecd7ae35,7,0.004933662773878932,23.0683650970459,0.08066822091738383,0.7789353330930074,1aef30bb7528448c1b9e080cbb8be5f0ed74b4319b4bc0757942b1d1a3956a65
H6-P_N4084_seed2026092504,n01664065/ILSVRC2012_val_00014316_n01664065,835f79111e775834cb13588324bfd6b10fbdc1daf6dc7b4f72089c82175a910c,7,0.012675239035597476,18.97062619527181,0.1838339368502299,0.8719390630722046,1aef30bb7528448c1b9e080cbb8be5f0ed74b4319b4bc0757942b1d1a3956a65
H6-P_N4084_seed2026092504,n01689811/ILSVRC2012_val_00020598_n01689811,1246570f41f66a19917cee1a8df75396e46c1432ca4c8f58e321a310b321915b,7,0.01376299584950759,18.61300277709961,0.127177894115448,0.8688689271608988,1aef30bb7528448c1b9e080cbb8be5f0ed74b4319b4bc0757942b1d1a3956a65
H6-P_N4084_seed2026092504,n01735189/ILSVRC2012_val_00006699_n01735189,94658fdd83ae6734124089a0da860094f78c13469d89519dbe2f21027a4d01d0,7,0.009200174226961106,20.362166086832683,0.12586183845996857,0.8194616635640463,1aef30bb7528448c1b9e080cbb8be5f0ed74b4319b4bc0757942b1d1a3956a65
H6-P_N4084_seed2026092504,n01744401/ILSVRC2012_val_00032663_n01744401,7cd8922d351c72ca0e054807bf7621a297c52a9b1114bd0c0df22ed2f8a4f66f,7,0.0031558538369262108,25.00889841715495,0.10078217089176178,0.8606156706809998,1aef30bb7528448c1b9e080cbb8be5f0ed74b4319b4bc0757942b1d1a3956a65
H6-P_N4084_seed2026092504,n01751748/ILSVRC2012_val_00033157_n01751748,83149bf37e64c45c4c66758e8f8a09068ddae230eee2229359b65dada673f84b,7,0.0033968145728966326,24.68931706746419,0.13900934159755707,0.9247667193412781,1aef30bb7528448c1b9e080cbb8be5f0ed74b4319b4bc0757942b1d1a3956a65
H6-P_N4084_seed2026092504,n01775062/ILSVRC2012_val_00036589_n01775062,b2d5003b689d41aae33350a9998fe67c924460940402a10b7c4f865434b3d5ed,7,0.01886050335443805,17.244584401448567,0.16824906567732492,0.8594172795613607,1aef30bb7528448c1b9e080cbb8be5f0ed74b4319b4bc0757942b1d1a3956a65
H6-P_N4084_seed2026092504,n01843383/ILSVRC2012_val_00005901_n01843383,bf69dd09dadfb949dc2d90d20cb7f37908bb912676f698d73819557a49f31ce1,7,0.013196182841683514,18.7956600189209,0.13101310531298319,0.9489016731580099,1aef30bb7528448c1b9e080cbb8be5f0ed74b4319b4bc0757942b1d1a3956a65
H6-P_N4084_seed2026092504,n01860187/ILSVRC2012_val_00021594_n01860187,64a3034f4043379fad126e4f69b4f653f00c0fef8cadcef0ee65d293ad7bb37a,7,0.013010645849776452,18.857091903686523,0.10836190233627956,0.931802233060201,1aef30bb7528448c1b9e080cbb8be5f0ed74b4319b4bc0757942b1d1a3956a65
H6-P_N4084_seed2026092504,n01882714/ILSVRC2012_val_00019996_n01882714,b2bb1bfcc62415aa32d898a4dc5e48c533b895d5a507861a0f4e2c2d93d34bc2,7,0.006511448432038144,21.864057540893555,0.08889516691366832,0.9670061270395914,1aef30bb7528448c1b9e080cbb8be5f0ed74b4319b4bc0757942b1d1a3956a65
H6-P_N4084_seed2026092504,n01943899/ILSVRC2012_val_00005706_n01943899,4cb2373a0b87de6658118b3baa34de89add3bab2489fae317287223b68d543fa,7,0.007619490137252729,21.180777231852215,0.11791890114545822,0.86006760597229,1aef30bb7528448c1b9e080cbb8be5f0ed74b4319b4bc0757942b1d1a3956a65
H6-P_N4084_seed2026092504,n01955084/ILSVRC2012_val_00001857_n01955084,5442a63232a5b147e6e6963b607fff43aef017769ebe03bd258ed378ad261cb0,7,0.003367192853770006,24.728744506835938,0.1292942613363266,0.9349280993143717,1aef30bb7528448c1b9e080cbb8be5f0ed74b4319b4bc0757942b1d1a3956a65
H6-P_N4084_seed2026092504,n01983481/ILSVRC2012_val_00019856_n01983481,ff963d160b1d9d93ee7f149d4db1c8a86cd2d237d99116bf51262d3313a9fdef,7,0.004677748650459865,23.299706776936848,0.09776920576890309,0.9330402811368307,1aef30bb7528448c1b9e080cbb8be5f0ed74b4319b4bc0757942b1d1a3956a65
H6-P_N4084_seed2026092504,n02013706/ILSVRC2012_val_00003168_n02013706,451d1b57bce58847eb2ea84a22871b68d6ca8b3c17d99d6c939bce0e851c9bfd,7,0.010021617537785382,19.990846633911133,0.06931425631046295,0.9220295945803324,1aef30bb7528448c1b9e080cbb8be5f0ed74b4319b4bc0757942b1d1a3956a65
H6-P_N4084_seed2026092504,n02027492/ILSVRC2012_val_00007524_n02027492,10d9138059c8e8abd1ae55a396b4dad03de21ea77e019e7d37491f53a17eb18d,7,0.0014480934779685796,28.392484664916992,0.07021723439296086,0.9577298760414124,1aef30bb7528448c1b9e080cbb8be5f0ed74b4319b4bc0757942b1d1a3956a65
H6-P_N4084_seed2026092504,n02088094/ILSVRC2012_val_00005507_n02088094,9bcfe25d894ad5fa8d48fa21098e648d640e9456d17d9f3cdc7f15baa61f64b3,7,0.005121521089158663,22.906396230061848,0.0869641254345576,0.9306019941965739,1aef30bb7528448c1b9e080cbb8be5f0ed74b4319b4bc0757942b1d1a3956a65
H6-P_N4084_seed2026092504,n02090622/ILSVRC2012_val_00006265_n02090622,5235a32da64ab784a577e24b77bc0b99ddf463730a208c821f0635343baa878a,7,0.014775628530648467,18.304614384969074,0.12462115784486134,0.9275006453196207,1aef30bb7528448c1b9e080cbb8be5f0ed74b4319b4bc0757942b1d1a3956a65
H6-P_N4084_seed2026092504,n02096177/ILSVRC2012_val_00019083_n02096177,8e9862e54da0674de014e4486c163d6ad5f9730544f6931874a778220bace808,7,0.0035920182807085547,24.446695963541668,0.08888039986292522,0.9396622776985168,1aef30bb7528448c1b9e080cbb8be5f0ed74b4319b4bc0757942b1d1a3956a65
H6-P_N4084_seed2026092504,n02098286/ILSVRC2012_val_00038253_n02098286,909d7e0743c18bdcc46352a8ce22b40b3c6300daa8db6b13ea4a7d6cbd6d82d9,7,0.0023563802517903424,26.277746200561523,0.059456088890631996,0.9568886558214823,1aef30bb7528448c1b9e080cbb8be5f0ed74b4319b4bc0757942b1d1a3956a65
H6-P_N4084_seed2026092504,n02102480/ILSVRC2012_val_00010261_n02102480,38bf5ab4d8bead9f1f215e246c57b2622687e3802dbe623372a59b9360124263,7,0.0013663255988947444,28.64850616455078,0.03758101165294647,0.966133693854014,1aef30bb7528448c1b9e080cbb8be5f0ed74b4319b4bc0757942b1d1a3956a65
H6-P_N4084_seed2026092504,n02105641/ILSVRC2012_val_00018762_n02105641,3c66584ece5c46a50e84a58166f6dc576f95302d99a27b9caf6db2771cf248a1,7,0.006525580794245283,21.855083465576172,0.11906646688779195,0.9273361762364706,1aef30bb7528448c1b9e080cbb8be5f0ed74b4319b4bc0757942b1d1a3956a65
H6-P_N4084_seed2026092504,n02106550/ILSVRC2012_val_00014315_n02106550,4d74095324045d8f79e913400e79b35c1d4966121268d279670f7b781201720e,7,0.004758016631901686,23.225998560587566,0.0729220633705457,0.970174252986908,1aef30bb7528448c1b9e080cbb8be5f0ed74b4319b4bc0757942b1d1a3956a65
H6-P_N4084_seed2026092504,n02107683/ILSVRC2012_val_00010786_n02107683,fa0a929e8186ffeb826e91bdccee23a649868c49cab59617144ade56bf9f52b3,7,0.0015993068794027572,27.962374369303387,0.10053543994824092,0.9579460422197977,1aef30bb7528448c1b9e080cbb8be5f0ed74b4319b4bc0757942b1d1a3956a65
H6-P_N4084_seed2026092504,n02110806/ILSVRC2012_val_00030364_n02110806,7979fe01c4abe94a4d916a11520399c7e8ed8c805e7490fff5b6cf9579ce9dbe,7,0.004535130045377867,23.434271494547527,0.08197241028149922,0.9356593092282613,1aef30bb7528448c1b9e080cbb8be5f0ed74b4319b4bc0757942b1d1a3956a65
H6-P_N4084_seed2026092504,n02113799/ILSVRC2012_val_00007866_n02113799,304f20c62753839162b2f26b666a6d1f5d9582476f0cb2cde601e47842f40b68,7,0.004010451010477135,23.968282063802082,0.10686305661996205,0.8612257043520609,1aef30bb7528448c1b9e080cbb8be5f0ed74b4319b4bc0757942b1d1a3956a65
H6-P_N4084_seed2026092504,n02123159/ILSVRC2012_val_00025723_n02123159,ed441e8839af44206a68e2c3c7607146d77cc39acae0fcae80e5b60f68929113,7,0.013156964678286453,18.80885378519694,0.14596263070901236,0.8742116888364156,1aef30bb7528448c1b9e080cbb8be5f0ed74b4319b4bc0757942b1d1a3956a65
H6-P_N4084_seed2026092504,n02134084/ILSVRC2012_val_00020332_n02134084,92afe5c6ba9b6add49a7b8d5f69014be0bbc2393759fb85a99ead66e153f0edb,7,0.0026507752908241904,25.766374588012695,0.08175856868426006,0.9222490390141805,1aef30bb7528448c1b9e080cbb8be5f0ed74b4319b4bc0757942b1d1a3956a65
H6-P_N4084_seed2026092504,n02168699/ILSVRC2012_val_00040132_n02168699,caae24a36e6f26c363f5e4a7594fcd5c9d22864fe233e8d449d53a726a8100a4,7,0.00529813128090361,22.758832295735676,0.09340293457110722,0.9156505465507507,1aef30bb7528448c1b9e080cbb8be5f0ed74b4319b4bc0757942b1d1a3956a65
H6-P_N4084_seed2026092504,n02233338/ILSVRC2012_val_00016160_n02233338,d2d64df0e26c9602d937a190b46ccd9f9c7541916cdbba9441e0999a09343c62,7,0.003979261766497662,24.0026060740153,0.08991910268863042,0.9250103036562601,1aef30bb7528448c1b9e080cbb8be5f0ed74b4319b4bc0757942b1d1a3956a65
H6-P_N4084_seed2026092504,n02264363/ILSVRC2012_val_00027803_n02264363,a9982d467f83d50ace36a56207d894db4c5d2535cb160188c286c3846a0c7385,7,0.0007409901713687898,31.305390040079754,0.05906945466995239,0.9590654770533243,1aef30bb7528448c1b9e080cbb8be5f0ed74b4319b4bc0757942b1d1a3956a65
H6-P_N4084_seed2026092504,n02277742/ILSVRC2012_val_00015608_n02277742,bd678c112e5c027a0d5a9dd67e8a15db14f8eb5dff986394ab6f936a11498a62,7,0.015311307208523493,18.149935404459637,0.13926036655902863,0.898090143998464,1aef30bb7528448c1b9e080cbb8be5f0ed74b4319b4bc0757942b1d1a3956a65
H6-P_N4084_seed2026092504,n02325366/ILSVRC2012_val_00024858_n02325366,6fc21bdab6b7976bdc452d81a324ab7d99d2600516cb80ca2e8b092352eeabf5,7,0.003805160357393512,24.199162165323894,0.10230997204780579,0.9646333456039429,1aef30bb7528448c1b9e080cbb8be5f0ed74b4319b4bc0757942b1d1a3956a65
H6-P_N4084_seed2026092504,n02398521/ILSVRC2012_val_00018354_n02398521,52f645427565641f0c2186bc45125f58be9c5ef2aada5442f0d1310afbbaa6e6,7,0.0054337113700946675,22.649085998535156,0.1129945491751035,0.8719816207885742,1aef30bb7528448c1b9e080cbb8be5f0ed74b4319b4bc0757942b1d1a3956a65
H6-P_N4084_seed2026092504,n02410509/ILSVRC2012_val_00022568_n02410509,2b417ecf21402198f7fcd411e02b2f21634bf799800e8edf5ab4da19924a9fc4,7,0.0024086782797753613,26.18292808532715,0.06361180419723193,0.9145443240801493,1aef30bb7528448c1b9e080cbb8be5f0ed74b4319b4bc0757942b1d1a3956a65
H6-P_N4084_seed2026092504,n02437312/ILSVRC2012_val_00006245_n02437312,b2c841099c6c55c4f812a51a7a7c8cf2455f30d3ef0d1dbb16c6c6bc060c760d,7,0.016123730595777902,17.925416946411133,0.16008585691452026,0.8926592270533243,1aef30bb7528448c1b9e080cbb8be5f0ed74b4319b4bc0757942b1d1a3956a65
H6-P_N4084_seed2026092504,n02486410/ILSVRC2012_val_00009799_n02486410,40fb5083489542d2366609fcc4468b19bd62505e86a7a9c1d18574670f53e564,7,0.0019804904126750735,27.033830642700195,0.05861323575178782,0.9466583728790283,1aef30bb7528448c1b9e080cbb8be5f0ed74b4319b4bc0757942b1d1a3956a65
H6-P_N4084_seed2026092504,n02509815/ILSVRC2012_val_00014423_n02509815,52636d0a3f2d227327400178c05edcc551d6213c012fa6a8b03a1bb6db4e6b99,7,0.002291712980581714,26.40056610107422,0.07195829600095749,0.943437417348226,1aef30bb7528448c1b9e080cbb8be5f0ed74b4319b4bc0757942b1d1a3956a65
H6-P_N4084_seed2026092504,n02708093/ILSVRC2012_val_00024690_n02708093,9cf3493e4dbd81b11f4a70b76adce387c9cf2550f6758f10cb801befcbcea8a3,7,0.003321490951630226,24.786917368570965,0.06569090237220128,0.9659069577852885,1aef30bb7528448c1b9e080cbb8be5f0ed74b4319b4bc0757942b1d1a3956a65
H6-P_N4084_seed2026092504,n02776631/ILSVRC2012_val_00028186_n02776631,144e6a5ac66f329d2a7b5fb658deecf277f46cc77aeba1a3a27f69ba24a10751,7,0.009278570893727458,20.32642936706543,0.12954903145631155,0.8889531095822653,1aef30bb7528448c1b9e080cbb8be5f0ed74b4319b4bc0757942b1d1a3956a65
H6-P_N4084_seed2026092504,n02788148/ILSVRC2012_val_00012264_n02788148,d77f825c1f142e1b256614bde8db32959914f48d12284b929e20a1a0b9c5a5ce,7,0.0038471291120832913,24.149688720703125,0.0958050787448883,0.965286652247111,1aef30bb7528448c1b9e080cbb8be5f0ed74b4319b4bc0757942b1d1a3956a65
H6-P_N4084_seed2026092504,n02834397/ILSVRC2012_val_00010741_n02834397,7e296a31245bc9af585ab76c42d861b0727530e951052bf54cc1a65562b49f69,7,0.002501604597024995,26.017935434977215,0.06267647196849187,0.9632394512494405,1aef30bb7528448c1b9e080cbb8be5f0ed74b4319b4bc0757942b1d1a3956a65
H6-P_N4084_seed2026092504,n02841315/ILSVRC2012_val_00014601_n02841315,b19f30a7cd526ca652bf3bfc1deb42f07c00fbd53c9feea68ff4447f8d9e8bb7,7,0.005589725739986458,22.526533126831055,0.0803203135728836,0.9565524260203043,1aef30bb7528448c1b9e080cbb8be5f0ed74b4319b4bc0757942b1d1a3956a65
H6-P_N4084_seed2026092504,n02910353/ILSVRC2012_val_00017543_n02910353,c27e162eeb52bdd42f8afb9b5faed79a866cf4780dd2868324fc795fecdab836,7,0.007380112056887954,21.319542566935223,0.10204853614171346,0.9383825063705444,1aef30bb7528448c1b9e080cbb8be5f0ed74b4319b4bc0757942b1d1a3956a65
H6-P_N4084_seed2026092504,n02951585/ILSVRC2012_val_00008336_n02951585,6287e5124249bc06487c026c7ef680074a0e54fccdb9e9796fb43e1bae73b987,7,0.001690837108087242,27.720250447591145,0.08583460748195648,0.8580209414164225,1aef30bb7528448c1b9e080cbb8be5f0ed74b4319b4bc0757942b1d1a3956a65
H6-P_N4084_seed2026092504,n02980441/ILSVRC2012_val_00023472_n02980441,431d4041c6610691fb229a8e04d9675487a0d0f1f248d24f907f412a19b59b4d,7,0.002685175910457837,25.716105143229168,0.10118489215771358,0.9170974493026733,1aef30bb7528448c1b9e080cbb8be5f0ed74b4319b4bc0757942b1d1a3956a65
H6-P_N4084_seed2026092504,n03028079/ILSVRC2012_val_00031446_n03028079,68d3b9ce94abf8f4587927a53677c949e781d6c4cd367b6ba90426a9025a44b8,7,0.002030760692551263,26.923839569091797,0.0776723970969518,0.9216095010439554,1aef30bb7528448c1b9e080cbb8be5f0ed74b4319b4bc0757942b1d1a3956a65
H6-P_N4084_seed2026092504,n03109150/ILSVRC2012_val_00032588_n03109150,6c166713f4445234d77bec983d9a58df6991ae7fb4edc7c41f3bba855677a401,7,0.0034444545355989324,24.62882423400879,0.06769209603468578,0.9360881050427755,1aef30bb7528448c1b9e080cbb8be5f0ed74b4319b4bc0757942b1d1a3956a65
H6-P_N4084_seed2026092504,n03127747/ILSVRC2012_val_00003732_n03127747,08d575ca78e8ec0d619123ef77779908752bd32d2173c1fe1f1c67e82a018e5e,7,0.006628648714281788,21.786327362060547,0.07935929795106252,0.9394429524739584,1aef30bb7528448c1b9e080cbb8be5f0ed74b4319b4bc0757942b1d1a3956a65
H6-P_N4084_seed2026092504,n03220513/ILSVRC2012_val_00006359_n03220513,6c47747b22fef34c608caa6ff8c1bf614884668716eea442f2a7c7c6ba1256cf,7,0.004374109444114494,23.591156005859375,0.07871665308872859,0.8945111234982809,1aef30bb7528448c1b9e080cbb8be5f0ed74b4319b4bc0757942b1d1a3956a65
H6-P_N4084_seed2026092504,n03372029/ILSVRC2012_val_00034937_n03372029,65b3cd96fc2b315ee48cdd65d9b09dd8138ccdc48fae27960eca02056c707408,7,0.005234950665259183,22.811110814412434,0.07702192664146423,0.8179273804028829,1aef30bb7528448c1b9e080cbb8be5f0ed74b4319b4bc0757942b1d1a3956a65
H6-P_N4084_seed2026092504,n03388549/ILSVRC2012_val_00022928_n03388549,2eb9a156db0d46e65186b4aefc4fe0099a6ec0a60280cc661bd37e4b238fbb39,7,0.003102118541179533,25.084449132283527,0.09577301392952602,0.9345379670461019,1aef30bb7528448c1b9e080cbb8be5f0ed74b4319b4bc0757942b1d1a3956a65
H6-P_N4084_seed2026092504,n03424325/ILSVRC2012_val_00006147_n03424325,20025cb5e1981e398a9afa6ccd1d1d2b846a627f61e99a50c1eb2f7116615db9,7,0.00858590242690323,20.663296381632488,0.09061896800994873,0.9630456368128458,1aef30bb7528448c1b9e080cbb8be5f0ed74b4319b4bc0757942b1d1a3956a65
H6-P_N4084_seed2026092504,n03447721/ILSVRC2012_val_00006942_n03447721,a028f47aa5cd8b04454d26b7c2fbca3a7259b6d3d2c712bdb3164717eb7b7d11,7,0.00533304192401667,22.73130162556966,0.09568078567584355,0.9111176133155823,1aef30bb7528448c1b9e080cbb8be5f0ed74b4319b4bc0757942b1d1a3956a65
H6-P_N4084_seed2026092504,n03485794/ILSVRC2012_val_00010782_n03485794,6cb18ac7a6f1c139799a90785b3695b670a64a978aff1ca14d3922f3a55e1bfc,7,0.0022946418322123425,26.39291763305664,0.044704594959815346,0.9501866698265076,1aef30bb7528448c1b9e080cbb8be5f0ed74b4319b4bc0757942b1d1a3956a65
H6-P_N4084_seed2026092504,n03527444/ILSVRC2012_val_00035251_n03527444,fd1996afa6b044e353d02c5d5d9d88bbe67cf8b17860630837a7bf646dd4ad7c,7,0.005226514446659935,22.8180357615153,0.08335167914628983,0.9501389662424723,1aef30bb7528448c1b9e080cbb8be5f0ed74b4319b4bc0757942b1d1a3956a65
H6-P_N4084_seed2026092504,n03584254/ILSVRC2012_val_00016384_n03584254,07bcf32feff7608562a15a061ceeeabdd1a360f60464acf875102797b198242b,7,0.0009859424086085685,30.06393305460612,0.02122665320833524,0.9789525469144186,1aef30bb7528448c1b9e080cbb8be5f0ed74b4319b4bc0757942b1d1a3956a65
H6-P_N4084_seed2026092504,n03623198/ILSVRC2012_val_00019928_n03623198,81d6a474eecb501903c3e94b06b8e249955cf4c113fd1da261dc132ce386fecc,7,0.0007775307552038355,31.094967524210613,0.023268111671010654,0.9831267396608988,1aef30bb7528448c1b9e080cbb8be5f0ed74b4319b4bc0757942b1d1a3956a65
H6-P_N4084_seed2026092504,n03657121/ILSVRC2012_val_00000359_n03657121,a3f1ce0a0a826b7e4bf7f9376a96bedfadf32990d1e0e44b5346a70442b58586,7,0.0010884371772174363,29.6347230275472,0.023205044368902843,0.9669406414031982,1aef30bb7528448c1b9e080cbb8be5f0ed74b4319b4bc0757942b1d1a3956a65
H6-P_N4084_seed2026092504,n03706229/ILSVRC2012_val_00017460_n03706229,8e3b858b0513ad838965208bb580abe8a508cb57740c0505ccbc8cf050b0c838,7,0.0020350340878885673,26.91907564798991,0.024082228541374207,0.9493208130200704,1aef30bb7528448c1b9e080cbb8be5f0ed74b4319b4bc0757942b1d1a3956a65
H6-P_N4084_seed2026092504,n03759954/ILSVRC2012_val_00010804_n03759954,7a1498cebe035004705d9ede2d2cfecfdc25e8e2db8841b990fec0d4b834b3d1,7,0.01206530698976408,19.185038248697918,0.13309595982233682,0.9412771463394165,1aef30bb7528448c1b9e080cbb8be5f0ed74b4319b4bc0757942b1d1a3956a65
H6-P_N4084_seed2026092504,n03775071/ILSVRC2012_val_00002420_n03775071,1300a7a060a680cbb93440b49303a8d52c9ff2d49cb9d0d5a5d642ea948009d0,7,0.002988606036923015,25.245798746744793,0.05180516963203748,0.9602380394935608,1aef30bb7528448c1b9e080cbb8be5f0ed74b4319b4bc0757942b1d1a3956a65
H6-P_N4084_seed2026092504,n03782006/ILSVRC2012_val_00004758_n03782006,81c7629baa1e0573a341cb7530061c978f2dd27d0be5ee68dc23399e1119f3d8,7,0.0034081798206784196,24.675018946329754,0.08388598014911015,0.9667115807533264,1aef30bb7528448c1b9e080cbb8be5f0ed74b4319b4bc0757942b1d1a3956a65
H6-P_N4084_seed2026092504,n03796401/ILSVRC2012_val_00025827_n03796401,9b21385c64696f5ac47bcbcec19404b19a48abc9bdcc5c0843cd0946b1a798a2,7,0.003038383983773539,25.174252192179363,0.07881427307923634,0.9581490159034729,1aef30bb7528448c1b9e080cbb8be5f0ed74b4319b4bc0757942b1d1a3956a65
H6-P_N4084_seed2026092504,n03866082/ILSVRC2012_val_00003554_n03866082,60562c0929f93a4daaecb86a36c36db3a1ed774950e0bb4ab9d3b89153eae016,7,0.0021507427558323296,26.674238204956055,0.09280453870693843,0.9314363996187845,1aef30bb7528448c1b9e080cbb8be5f0ed74b4319b4bc0757942b1d1a3956a65
H6-P_N4084_seed2026092504,n03876231/ILSVRC2012_val_00022714_n03876231,e5fb75ea19743794b97420b0a84dd1ed44e00b335e89467578a629395e979d2f,7,0.0013223011566165378,28.787416458129883,0.04439049462477366,0.9630779027938843,1aef30bb7528448c1b9e080cbb8be5f0ed74b4319b4bc0757942b1d1a3956a65
H6-P_N4084_seed2026092504,n03929660/ILSVRC2012_val_00012300_n03929660,505f23aed8d3e96d4497a443edb34645a75ad2773b26e3a2bfe8a41501c74e37,7,0.0016820999840340247,27.741750081380207,0.04895572364330292,0.9456326365470886,1aef30bb7528448c1b9e080cbb8be5f0ed74b4319b4bc0757942b1d1a3956a65
H6-P_N4084_seed2026092504,n03950228/ILSVRC2012_val_00019039_n03950228,606ce0cbbbddaa18c5ae0e6b670ac1a18aaa6bf2945e31f99868290a41ead38c,7,0.0014549851886132162,28.375974655151367,0.08467671523491542,0.9356045126914978,1aef30bb7528448c1b9e080cbb8be5f0ed74b4319b4bc0757942b1d1a3956a65
H6-P_N4084_seed2026092504,n03977966/ILSVRC2012_val_00027383_n03977966,5a1f23f6a5c2c26f0bc8e72f9b77fdea74e75d81b45e24991a36792991b4d352,7,0.00662439464104338,21.789189020792644,0.09054991602897644,0.9317955374717712,1aef30bb7528448c1b9e080cbb8be5f0ed74b4319b4bc0757942b1d1a3956a65
H6-P_N4084_seed2026092504,n03983396/ILSVRC2012_val_00012891_n03983396,62a65414a700886fce201470942a341bd6f772787a7603b59ffefcea12cdf8a3,7,0.001974564820173625,27.04584503173828,0.0794300635655721,0.9442786971728007,1aef30bb7528448c1b9e080cbb8be5f0ed74b4319b4bc0757942b1d1a3956a65
H6-P_N4084_seed2026092504,n04044716/ILSVRC2012_val_00039752_n04044716,4684500d0ef929418c32a7620e97d9f1d5422991f5a2ca2e06a12af1232ec4c3,7,0.0006723304296835474,31.724199295043945,0.0459267795085907,0.9765194257100424,1aef30bb7528448c1b9e080cbb8be5f0ed74b4319b4bc0757942b1d1a3956a65
H6-P_N4084_seed2026092504,n04067472/ILSVRC2012_val_00007618_n04067472,50fc28951f4b1851b0854487090b20120b57db13ecec51f6e3e92ba56b2954a7,7,0.007465537525395887,21.27007293701172,0.11305304368336995,0.9315523306528727,1aef30bb7528448c1b9e080cbb8be5f0ed74b4319b4bc0757942b1d1a3956a65
H6-P_N4084_seed2026092504,n04111531/ILSVRC2012_val_00013982_n04111531,bf3dcc257672ac223943ff82ef51ebf2915e31dedf8d5adc1446c0aebc47b061,7,0.004264994035078011,23.702037175496418,0.1250555341442426,0.9007527232170105,1aef30bb7528448c1b9e080cbb8be5f0ed74b4319b4bc0757942b1d1a3956a65
H6-P_N4084_seed2026092504,n04131690/ILSVRC2012_val_00002728_n04131690,a4f0ce87454301b9469c70fbe6b41ffe2efe961d876273779860662e88fdeb06,7,0.0009826259759295386,30.079840977986652,0.05534310887257258,0.9595304330190023,1aef30bb7528448c1b9e080cbb8be5f0ed74b4319b4bc0757942b1d1a3956a65
H6-P_N4084_seed2026092504,n04153751/ILSVRC2012_val_00008426_n04153751,97b815265374ec1d6426380e5a710dd1bb8cc13320799468805e6c7c665f568d,7,0.0011032354330765056,29.574827194213867,0.03423693776130676,0.9326196114222208,1aef30bb7528448c1b9e080cbb8be5f0ed74b4319b4bc0757942b1d1a3956a65
H6-P_N4084_seed2026092504,n04204347/ILSVRC2012_val_00018921_n04204347,bb0919028da5d8113228b4ea2031f03cae14b6805b1a3078dbd2d6f04c5b7ab8,7,0.008847883231294172,20.53161875406901,0.08395010977983475,0.8915984630584717,1aef30bb7528448c1b9e080cbb8be5f0ed74b4319b4bc0757942b1d1a3956a65
H6-P_N4084_seed2026092504,n04235860/ILSVRC2012_val_00004033_n04235860,d97a5615f039b7023b17570a301aea94aeaf383e5cf8b6337c8c41d92f68a91e,7,0.0056292986759920345,22.4954776763916,0.10611491898695628,0.9139253894488016,1aef30bb7528448c1b9e080cbb8be5f0ed74b4319b4bc0757942b1d1a3956a65
H6-P_N4084_seed2026092504,n04252077/ILSVRC2012_val_00012989_n04252077,23d5d73078c0a822663f12dae1fdcc88fb421d9b7d25631165b606ee3f992794,7,0.005214228406806264,22.828590393066406,0.10200175642967224,0.9112485647201538,1aef30bb7528448c1b9e080cbb8be5f0ed74b4319b4bc0757942b1d1a3956a65
H6-P_N4084_seed2026092504,n04310018/ILSVRC2012_val_00003156_n04310018,b9de11c7fd9f074f8fd637aa4988d21f533d12b9ff435507616ba87af0016608,7,0.007228664514095737,21.409446716308594,0.10930856317281723,0.9579627315203348,1aef30bb7528448c1b9e080cbb8be5f0ed74b4319b4bc0757942b1d1a3956a65
H6-P_N4084_seed2026092504,n04328186/ILSVRC2012_val_00014795_n04328186,f822c4f2096441c446fa8e48678c4cc20d5e828fdfcca53b878f2f0839ec33d6,7,0.002653571795434123,25.76412836710612,0.037579512844483055,0.9363593657811483,1aef30bb7528448c1b9e080cbb8be5f0ed74b4319b4bc0757942b1d1a3956a65
H6-P_N4084_seed2026092504,n04346328/ILSVRC2012_val_00003305_n04346328,8ba9271b2cefde59a78ee52bbe2eaadb785be47197c8db08e4e237aa6f610e0a,7,0.006875383353420798,21.628262201944988,0.12220301975806554,0.9324044386545817,1aef30bb7528448c1b9e080cbb8be5f0ed74b4319b4bc0757942b1d1a3956a65
H6-P_N4084_seed2026092504,n04357314/ILSVRC2012_val_00009430_n04357314,f348b9659d2f9737c634e1c8e04d69326eab1e1ff6e293bb58c5b2ba85e0022e,7,0.0034078738453515727,24.6757017771403,0.09855770319700241,0.9429406722386678,1aef30bb7528448c1b9e080cbb8be5f0ed74b4319b4bc0757942b1d1a3956a65
H6-P_N4084_seed2026092504,n04371774/ILSVRC2012_val_00030870_n04371774,49b1816119ba26ff673b81c34491bc4eeb544234d35b2c25b2c8a1803180c5b8,7,0.006765168697934241,21.69799296061198,0.115387462079525,0.869859000047048,1aef30bb7528448c1b9e080cbb8be5f0ed74b4319b4bc0757942b1d1a3956a65
H6-P_N4084_seed2026092504,n04392985/ILSVRC2012_val_00029362_n04392985,cfcb8324932845752a4e5dcfb047ba397dc9f277981229461b08d4a261c7204b,7,0.003170090758225537,24.99066098531087,0.08245390156904857,0.895853579044342,1aef30bb7528448c1b9e080cbb8be5f0ed74b4319b4bc0757942b1d1a3956a65
H6-P_N4084_seed2026092504,n04456115/ILSVRC2012_val_00002331_n04456115,f6cd31c9feb497a4b3658818a4d832bbd47d6f5d7030c2abbca99f8b8c55c97e,7,0.004192341862003883,23.775543212890625,0.09053126225868861,0.7673922777175903,1aef30bb7528448c1b9e080cbb8be5f0ed74b4319b4bc0757942b1d1a3956a65
H6-P_N4084_seed2026092504,n04485082/ILSVRC2012_val_00000955_n04485082,76448a0ae2e3610a8107e3b73ca3eac575cc8d56a2512cd9773ea885b09ef16c,7,0.0040007032134297855,23.98101870218913,0.06932114064693451,0.9582935770352682,1aef30bb7528448c1b9e080cbb8be5f0ed74b4319b4bc0757942b1d1a3956a65
H6-P_N4084_seed2026092504,n04515003/ILSVRC2012_val_00002400_n04515003,f7c501808f10c0aa95e7f0597b424b7198e2db59608194573af6bc7789d4e45d,7,0.0019575057814801523,27.086965560913086,0.0574226938188076,0.9790099660555521,1aef30bb7528448c1b9e080cbb8be5f0ed74b4319b4bc0757942b1d1a3956a65
H6-P_N4084_seed2026092504,n04540053/ILSVRC2012_val_00007665_n04540053,25dbb8c23badf34480230cc90a350df359f1eab82bdf05a6dcda7da28dba4814,7,0.002870498225923456,25.423364003499348,0.05878486235936483,0.9626379013061523,1aef30bb7528448c1b9e080cbb8be5f0ed74b4319b4bc0757942b1d1a3956a65
H6-P_N4084_seed2026092504,n04560804/ILSVRC2012_val_00029830_n04560804,a11fec68e0d01588aa4a816aaa7c41a4a8fe1042d3f447133cf33b25cba6e3c2,7,0.006532863507439758,21.849430084228516,0.10420079529285431,0.9421321551005045,1aef30bb7528448c1b9e080cbb8be5f0ed74b4319b4bc0757942b1d1a3956a65
H6-P_N4084_seed2026092504,n04596742/ILSVRC2012_val_00007608_n04596742,7662b17a07456b833c5ff8821945d8e94f525da05a7585fdefa69b35294f230f,7,0.003819211645488842,24.18109703063965,0.08365833262602489,0.8922754923502604,1aef30bb7528448c1b9e080cbb8be5f0ed74b4319b4bc0757942b1d1a3956a65
H6-P_N4084_seed2026092504,n07583066/ILSVRC2012_val_00001378_n07583066,4ef8d7654f413fc4c954518cbccd29a113420341a0d8e90382f62e6d689a1aa3,7,0.004123602634294038,23.849077860514324,0.09777886668841045,0.8472484946250916,1aef30bb7528448c1b9e080cbb8be5f0ed74b4319b4bc0757942b1d1a3956a65
H6-P_N4084_seed2026092504,n07590611/ILSVRC2012_val_00030972_n07590611,9c48e6f2ebe13ddb403d08c32bf75e310519ee41d0ce439b7e8fe60fd1f4d2db,7,0.005391924213687294,22.682968139648438,0.10341540724039078,0.8530190587043762,1aef30bb7528448c1b9e080cbb8be5f0ed74b4319b4bc0757942b1d1a3956a65
H6-P_N4084_seed2026092504,n07714990/ILSVRC2012_val_00008416_n07714990,fa679471f22e180ea849cf5603d78bf57767d47fa978e63d5b4fc7a16cf1c58e,7,0.009949589357444867,20.021995544433594,0.1324792206287384,0.9248047868410746,1aef30bb7528448c1b9e080cbb8be5f0ed74b4319b4bc0757942b1d1a3956a65
H6-P_N4084_seed2026092504,n07716906/ILSVRC2012_val_00011140_n07716906,f5bb633b7ca92a84ca97938ec4618656e2d6c0c3276cce9e41ce3a9dc5201b68,7,0.0013754458795895612,28.621973673502605,0.04526336615284284,0.9638061920801798,1aef30bb7528448c1b9e080cbb8be5f0ed74b4319b4bc0757942b1d1a3956a65
H6-P_N4084_seed2026092504,n07720875/ILSVRC2012_val_00000423_n07720875,94c61912cfaf43eb86fef5f9db09de3f28c217adde3eb95d1e48babd448b9893,7,0.002141688741769497,26.694039662679035,0.045840429762999214,0.9538200696309408,1aef30bb7528448c1b9e080cbb8be5f0ed74b4319b4bc0757942b1d1a3956a65
H6-P_N4084_seed2026092504,n07860988/ILSVRC2012_val_00010848_n07860988,ab3fd1840a939a1fefbb0669c3678defc0c18d07886a9283fc4e357eeb609b40,7,0.005192446024438421,22.84718195597331,0.08015300333499908,0.9393860896428426,1aef30bb7528448c1b9e080cbb8be5f0ed74b4319b4bc0757942b1d1a3956a65
H6-P_N4084_seed2026092504,n09288635/ILSVRC2012_val_00001270_n09288635,395c9c967ef9c7d6df3793270822b636d0ea3102c5beb3b455eb5d1d84992499,7,0.0012597543062741893,28.9982484181722,0.06909526884555817,0.9181031386057535,1aef30bb7528448c1b9e080cbb8be5f0ed74b4319b4bc0757942b1d1a3956a65
H6-P_N4084_seed2026092504,n09468604/ILSVRC2012_val_00030741_n09468604,c3ce3780f589689f70061a32c01d4cddde53cc93f13c72d6da0f606f6be56ae3,7,0.011447246660968973,19.413105646769207,0.17041145265102386,0.8198287685712179,1aef30bb7528448c1b9e080cbb8be5f0ed74b4319b4bc0757942b1d1a3956a65
H6-P_N4084_seed2026092504,n11939491/ILSVRC2012_val_00034896_n11939491,5d503e995423b79fedecacd5389da614cd1fde446e0a222677d4ad33e0179cdd,7,0.003098296290241517,25.092273712158203,0.057460504273573555,0.9319833119710287,1aef30bb7528448c1b9e080cbb8be5f0ed74b4319b4bc0757942b1d1a3956a65
H6-P_N4084_seed2026092504,n15075141/ILSVRC2012_val_00005846_n15075141,ce31aa6dd81ff9b435997c347d185e440fc323084b9ff3782ff8a8c869dcf5b6,7,0.005510830647714065,22.587875366210938,0.09547091523806255,0.8890177210172018,1aef30bb7528448c1b9e080cbb8be5f0ed74b4319b4bc0757942b1d1a3956a65
H6-P_N4084_seed2026092504,n01440764/ILSVRC2012_val_00003014_n01440764,ba4269f89fdfc1ec6596d3da2afb4e19a03b1eca4a1722e30eed3d2a2bd8f7ec,13,0.015126467117903471,18.20265833536784,0.08625511080026627,0.8893028299013773,1aef30bb7528448c1b9e080cbb8be5f0ed74b4319b4bc0757942b1d1a3956a65
H6-P_N4084_seed2026092504,n01601694/ILSVRC2012_val_00021656_n01601694,37b82f0d861ae3605d674a2cbb64be7cf20587648637da943b3560bfecd7ae35,13,0.004621862444098638,23.3518549601237,0.07498502979675929,0.8150729735692342,1aef30bb7528448c1b9e080cbb8be5f0ed74b4319b4bc0757942b1d1a3956a65
H6-P_N4084_seed2026092504,n01664065/ILSVRC2012_val_00014316_n01664065,835f79111e775834cb13588324bfd6b10fbdc1daf6dc7b4f72089c82175a910c,13,0.011684156408256844,19.3240966796875,0.16169045368830362,0.8744155367215475,1aef30bb7528448c1b9e080cbb8be5f0ed74b4319b4bc0757942b1d1a3956a65
H6-P_N4084_seed2026092504,n01689811/ILSVRC2012_val_00020598_n01689811,1246570f41f66a19917cee1a8df75396e46c1432ca4c8f58e321a310b321915b,13,0.01236473074416763,19.078161875406902,0.11321715265512466,0.8928239146868387,1aef30bb7528448c1b9e080cbb8be5f0ed74b4319b4bc0757942b1d1a3956a65
H6-P_N4084_seed2026092504,n01735189/ILSVRC2012_val_00006699_n01735189,94658fdd83ae6734124089a0da860094f78c13469d89519dbe2f21027a4d01d0,13,0.00836872058743617,20.773457209269207,0.10969871530930202,0.8431223034858704,1aef30bb7528448c1b9e080cbb8be5f0ed74b4319b4bc0757942b1d1a3956a65
H6-P_N4084_seed2026092504,n01744401/ILSVRC2012_val_00032663_n01744401,7cd8922d351c72ca0e054807bf7621a297c52a9b1114bd0c0df22ed2f8a4f66f,13,0.002974054909475612,25.266522725423176,0.08957413087288539,0.8758099675178528,1aef30bb7528448c1b9e080cbb8be5f0ed74b4319b4bc0757942b1d1a3956a65
H6-P_N4084_seed2026092504,n01751748/ILSVRC2012_val_00033157_n01751748,83149bf37e64c45c4c66758e8f8a09068ddae230eee2229359b65dada673f84b,13,0.003210130223366908,24.934837977091473,0.12946065763632456,0.9298045039176941,1aef30bb7528448c1b9e080cbb8be5f0ed74b4319b4bc0757942b1d1a3956a65
H6-P_N4084_seed2026092504,n01775062/ILSVRC2012_val_00036589_n01775062,b2d5003b689d41aae33350a9998fe67c924460940402a10b7c4f865434b3d5ed,13,0.01770234611235865,17.51971371968587,0.15422260761260986,0.8924448291460673,1aef30bb7528448c1b9e080cbb8be5f0ed74b4319b4bc0757942b1d1a3956a65
H6-P_N4084_seed2026092504,n01843383/ILSVRC2012_val_00005901_n01843383,bf69dd09dadfb949dc2d90d20cb7f37908bb912676f698d73819557a49f31ce1,13,0.011682440999715151,19.324686686197918,0.1122889295220375,0.9583623210589091,1aef30bb7528448c1b9e080cbb8be5f0ed74b4319b4bc0757942b1d1a3956a65
H6-P_N4084_seed2026092504,n01860187/ILSVRC2012_val_00021594_n01860187,64a3034f4043379fad126e4f69b4f653f00c0fef8cadcef0ee65d293ad7bb37a,13,0.012215026918928042,19.131114323933918,0.09482691437005997,0.9408273100852966,1aef30bb7528448c1b9e080cbb8be5f0ed74b4319b4bc0757942b1d1a3956a65
H6-P_N4084_seed2026092504,n01882714/ILSVRC2012_val_00019996_n01882714,b2bb1bfcc62415aa32d898a4dc5e48c533b895d5a507861a0f4e2c2d93d34bc2,13,0.005748354310968852,22.404652277628582,0.07929234951734543,0.9701850016911825,1aef30bb7528448c1b9e080cbb8be5f0ed74b4319b4bc0757942b1d1a3956a65
H6-P_N4084_seed2026092504,n01943899/ILSVRC2012_val_00005706_n01943899,4cb2373a0b87de6658118b3baa34de89add3bab2489fae317287223b68d543fa,13,0.006940210752767603,21.586341857910156,0.10188249746958415,0.8775990207990011,1aef30bb7528448c1b9e080cbb8be5f0ed74b4319b4bc0757942b1d1a3956a65
H6-P_N4084_seed2026092504,n01955084/ILSVRC2012_val_00001857_n01955084,5442a63232a5b147e6e6963b607fff43aef017769ebe03bd258ed378ad261cb0,13,0.0028103759679324078,25.512779235839844,0.11185850948095322,0.9506927529970804,1aef30bb7528448c1b9e080cbb8be5f0ed74b4319b4bc0757942b1d1a3956a65
H6-P_N4084_seed2026092504,n01983481/ILSVRC2012_val_00019856_n01983481,ff963d160b1d9d93ee7f149d4db1c8a86cd2d237d99116bf51262d3313a9fdef,13,0.003960911395850328,24.022053400675457,0.08503987640142441,0.9544631640116373,1aef30bb7528448c1b9e080cbb8be5f0ed74b4319b4bc0757942b1d1a3956a65
H6-P_N4084_seed2026092504,n02013706/ILSVRC2012_val_00003168_n02013706,451d1b57bce58847eb2ea84a22871b68d6ca8b3c17d99d6c939bce0e851c9bfd,13,0.008968698177701856,20.472740809122723,0.05974832425514857,0.9369120597839355,1aef30bb7528448c1b9e080cbb8be5f0ed74b4319b4bc0757942b1d1a3956a65
H6-P_N4084_seed2026092504,n02027492/ILSVRC2012_val_00007524_n02027492,10d9138059c8e8abd1ae55a396b4dad03de21ea77e019e7d37491f53a17eb18d,13,0.0012353375937845877,29.082297643025715,0.06109306340416273,0.9626343051592509,1aef30bb7528448c1b9e080cbb8be5f0ed74b4319b4bc0757942b1d1a3956a65
H6-P_N4084_seed2026092504,n02088094/ILSVRC2012_val_00005507_n02088094,9bcfe25d894ad5fa8d48fa21098e648d640e9456d17d9f3cdc7f15baa61f64b3,13,0.004289837632078973,23.675657272338867,0.07451502233743668,0.9467688401540121,1aef30bb7528448c1b9e080cbb8be5f0ed74b4319b4bc0757942b1d1a3956a65
H6-P_N4084_seed2026092504,n02090622/ILSVRC2012_val_00006265_n02090622,5235a32da64ab784a577e24b77bc0b99ddf463730a208c821f0635343baa878a,13,0.01378378582050097,18.60632578531901,0.11573015650113423,0.9374677141507467,1aef30bb7528448c1b9e080cbb8be5f0ed74b4319b4bc0757942b1d1a3956a65
H6-P_N4084_seed2026092504,n02096177/ILSVRC2012_val_00019083_n02096177,8e9862e54da0674de014e4486c163d6ad5f9730544f6931874a778220bace808,13,0.003229502003261424,24.90866533915202,0.07651341458161671,0.9490696390469869,1aef30bb7528448c1b9e080cbb8be5f0ed74b4319b4bc0757942b1d1a3956a65
H6-P_N4084_seed2026092504,n02098286/ILSVRC2012_val_00038253_n02098286,909d7e0743c18bdcc46352a8ce22b40b3c6300daa8db6b13ea4a7d6cbd6d82d9,13,0.0019195216655515128,27.16810671488444,0.050012942403554916,0.96502818663915,1aef30bb7528448c1b9e080cbb8be5f0ed74b4319b4bc0757942b1d1a3956a65
H6-P_N4084_seed2026092504,n02102480/ILSVRC2012_val_00010261_n02102480,38bf5ab4d8bead9f1f215e246c57b2622687e3802dbe623372a59b9360124263,13,0.0011257817578637765,29.4866886138916,0.030493394161264103,0.9686726331710815,1aef30bb7528448c1b9e080cbb8be5f0ed74b4319b4bc0757942b1d1a3956a65
H6-P_N4084_seed2026092504,n02105641/ILSVRC2012_val_00018762_n02105641,3c66584ece5c46a50e84a58166f6dc576f95302d99a27b9caf6db2771cf248a1,13,0.005645731746375909,22.482985814412434,0.1041606068611145,0.9436513185501099,1aef30bb7528448c1b9e080cbb8be5f0ed74b4319b4bc0757942b1d1a3956a65
H6-P_N4084_seed2026092504,n02106550/ILSVRC2012_val_00014315_n02106550,4d74095324045d8f79e913400e79b35c1d4966121268d279670f7b781201720e,13,0.004083002923242703,23.8902530670166,0.0630958800514539,0.9739099343617758,1aef30bb7528448c1b9e080cbb8be5f0ed74b4319b4bc0757942b1d1a3956a65
H6-P_N4084_seed2026092504,n02107683/ILSVRC2012_val_00010786_n02107683,fa0a929e8186ffeb826e91bdccee23a649868c49cab59617144ade56bf9f52b3,13,0.0013871086908117407,28.57956314086914,0.08723817020654678,0.9641688466072083,1aef30bb7528448c1b9e080cbb8be5f0ed74b4319b4bc0757942b1d1a3956a65
H6-P_N4084_seed2026092504,n02110806/ILSVRC2012_val_00030364_n02110806,7979fe01c4abe94a4d916a11520399c7e8ed8c805e7490fff5b6cf9579ce9dbe,13,0.0036568278298047302,24.369030634562176,0.06830553462107976,0.9442521333694458,1aef30bb7528448c1b9e080cbb8be5f0ed74b4319b4bc0757942b1d1a3956a65
H6-P_N4084_seed2026092504,n02113799/ILSVRC2012_val_00007866_n02113799,304f20c62753839162b2f26b666a6d1f5d9582476f0cb2cde601e47842f40b68,13,0.0034780082702807733,24.58677800496419,0.09358921150366466,0.8828695813814799,1aef30bb7528448c1b9e080cbb8be5f0ed74b4319b4bc0757942b1d1a3956a65
H6-P_N4084_seed2026092504,n02123159/ILSVRC2012_val_00025723_n02123159,ed441e8839af44206a68e2c3c7607146d77cc39acae0fcae80e5b60f68929113,13,0.011920422832667234,19.23723538716634,0.13379050294558206,0.895338753859202,1aef30bb7528448c1b9e080cbb8be5f0ed74b4319b4bc0757942b1d1a3956a65
H6-P_N4084_seed2026092504,n02134084/ILSVRC2012_val_00020332_n02134084,92afe5c6ba9b6add49a7b8d5f69014be0bbc2393759fb85a99ead66e153f0edb,13,0.0023924714902318687,26.21161397298177,0.07478828728199005,0.9383253455162048,1aef30bb7528448c1b9e080cbb8be5f0ed74b4319b4bc0757942b1d1a3956a65
H6-P_N4084_seed2026092504,n02168699/ILSVRC2012_val_00040132_n02168699,caae24a36e6f26c363f5e4a7594fcd5c9d22864fe233e8d449d53a726a8100a4,13,0.0049741508316212026,23.032828013102215,0.08543972422679265,0.9221747318903605,1aef30bb7528448c1b9e080cbb8be5f0ed74b4319b4bc0757942b1d1a3956a65
H6-P_N4084_seed2026092504,n02233338/ILSVRC2012_val_00016160_n02233338,d2d64df0e26c9602d937a190b46ccd9f9c7541916cdbba9441e0999a09343c62,13,0.003545889837901712,24.502972920735676,0.07782622923453648,0.9335711399714152,1aef30bb7528448c1b9e080cbb8be5f0ed74b4319b4bc0757942b1d1a3956a65
H6-P_N4084_seed2026092504,n02264363/ILSVRC2012_val_00027803_n02264363,a9982d467f83d50ace36a56207d894db4c5d2535cb160188c286c3846a0c7385,13,0.0006619495142227153,31.792949040730793,0.05339797834555308,0.9647626280784607,1aef30bb7528448c1b9e080cbb8be5f0ed74b4319b4bc0757942b1d1a3956a65
H6-P_N4084_seed2026092504,n02277742/ILSVRC2012_val_00015608_n02277742,bd678c112e5c027a0d5a9dd67e8a15db14f8eb5dff986394ab6f936a11498a62,13,0.013983114317666615,18.543982187906902,0.12469916542371114,0.8964234590530396,1aef30bb7528448c1b9e080cbb8be5f0ed74b4319b4bc0757942b1d1a3956a65
H6-P_N4084_seed2026092504,n02325366/ILSVRC2012_val_00024858_n02325366,6fc21bdab6b7976bdc452d81a324ab7d99d2600516cb80ca2e8b092352eeabf5,13,0.0030100878392241757,25.21532948811849,0.08992474774519603,0.9739446838696798,1aef30bb7528448c1b9e080cbb8be5f0ed74b4319b4bc0757942b1d1a3956a65
H6-P_N4084_seed2026092504,n02398521/ILSVRC2012_val_00018354_n02398521,52f645427565641f0c2186bc45125f58be9c5ef2aada5442f0d1310afbbaa6e6,13,0.004820463512918909,23.169138590494793,0.10139940182367961,0.8818695942560831,1aef30bb7528448c1b9e080cbb8be5f0ed74b4319b4bc0757942b1d1a3956a65
H6-P_N4084_seed2026092504,n02410509/ILSVRC2012_val_00022568_n02410509,2b417ecf21402198f7fcd411e02b2f21634bf799800e8edf5ab4da19924a9fc4,13,0.002123259236770147,26.73017183939616,0.055379693706830345,0.9309406876564026,1aef30bb7528448c1b9e080cbb8be5f0ed74b4319b4bc0757942b1d1a3956a65
H6-P_N4084_seed2026092504,n02437312/ILSVRC2012_val_00006245_n02437312,b2c841099c6c55c4f812a51a7a7c8cf2455f30d3ef0d1dbb16c6c6bc060c760d,13,0.015105001586277837,18.208796819051106,0.1432718684275945,0.9126863280932108,1aef30bb7528448c1b9e080cbb8be5f0ed74b4319b4bc0757942b1d1a3956a65
H6-P_N4084_seed2026092504,n02486410/ILSVRC2012_val_00009799_n02486410,40fb5083489542d2366609fcc4468b19bd62505e86a7a9c1d18574670f53e564,13,0.0015777943697614005,28.0203914642334,0.04973012084762255,0.9569893678029379,1aef30bb7528448c1b9e080cbb8be5f0ed74b4319b4bc0757942b1d1a3956a65
H6-P_N4084_seed2026092504,n02509815/ILSVRC2012_val_00014423_n02509815,52636d0a3f2d227327400178c05edcc551d6213c012fa6a8b03a1bb6db4e6b99,13,0.0019044161226143047,27.203149159749348,0.0585301381846269,0.951803723971049,1aef30bb7528448c1b9e080cbb8be5f0ed74b4319b4bc0757942b1d1a3956a65
H6-P_N4084_seed2026092504,n02708093/ILSVRC2012_val_00024690_n02708093,9cf3493e4dbd81b11f4a70b76adce387c9cf2550f6758f10cb801befcbcea8a3,13,0.00288519641844377,25.398255666097004,0.05623448764284452,0.9721252719561259,1aef30bb7528448c1b9e080cbb8be5f0ed74b4319b4bc0757942b1d1a3956a65
H6-P_N4084_seed2026092504,n02776631/ILSVRC2012_val_00028186_n02776631,144e6a5ac66f329d2a7b5fb658deecf277f46cc77aeba1a3a27f69ba24a10751,13,0.008321181632621395,20.798590342203777,0.11601677040259044,0.9023525516192118,1aef30bb7528448c1b9e080cbb8be5f0ed74b4319b4bc0757942b1d1a3956a65
H6-P_N4084_seed2026092504,n02788148/ILSVRC2012_val_00012264_n02788148,d77f825c1f142e1b256614bde8db32959914f48d12284b929e20a1a0b9c5a5ce,13,0.003352048742342353,24.74720064798991,0.08539517223834991,0.9696489373842875,1aef30bb7528448c1b9e080cbb8be5f0ed74b4319b4bc0757942b1d1a3956a65
H6-P_N4084_seed2026092504,n02834397/ILSVRC2012_val_00010741_n02834397,7e296a31245bc9af585ab76c42d861b0727530e951052bf54cc1a65562b49f69,13,0.0021668343412119873,26.641842524210613,0.055275329699118934,0.9672045509020487,1aef30bb7528448c1b9e080cbb8be5f0ed74b4319b4bc0757942b1d1a3956a65
H6-P_N4084_seed2026092504,n02841315/ILSVRC2012_val_00014601_n02841315,b19f30a7cd526ca652bf3bfc1deb42f07c00fbd53c9feea68ff4447f8d9e8bb7,13,0.004858416335383173,23.13523991902669,0.06712477405865987,0.9607499440511068,1aef30bb7528448c1b9e080cbb8be5f0ed74b4319b4bc0757942b1d1a3956a65
H6-P_N4084_seed2026092504,n02910353/ILSVRC2012_val_00017543_n02910353,c27e162eeb52bdd42f8afb9b5faed79a866cf4780dd2868324fc795fecdab836,13,0.006545849111316673,21.84037907918294,0.09307719767093658,0.950381875038147,1aef30bb7528448c1b9e080cbb8be5f0ed74b4319b4bc0757942b1d1a3956a65
H6-P_N4084_seed2026092504,n02951585/ILSVRC2012_val_00008336_n02951585,6287e5124249bc06487c026c7ef680074a0e54fccdb9e9796fb43e1bae73b987,13,0.001516896246076885,28.19078000386556,0.07654332121213277,0.8627459009488424,1aef30bb7528448c1b9e080cbb8be5f0ed74b4319b4bc0757942b1d1a3956a65
H6-P_N4084_seed2026092504,n02980441/ILSVRC2012_val_00023472_n02980441,431d4041c6610691fb229a8e04d9675487a0d0f1f248d24f907f412a19b59b4d,13,0.0023030776567237,26.37837092081706,0.08685697118441264,0.9290091395378113,1aef30bb7528448c1b9e080cbb8be5f0ed74b4319b4bc0757942b1d1a3956a65
H6-P_N4084_seed2026092504,n03028079/ILSVRC2012_val_00031446_n03028079,68d3b9ce94abf8f4587927a53677c949e781d6c4cd367b6ba90426a9025a44b8,13,0.0018138949728796162,27.414132436116535,0.06512871881326039,0.9364863236745199,1aef30bb7528448c1b9e080cbb8be5f0ed74b4319b4bc0757942b1d1a3956a65
H6-P_N4084_seed2026092504,n03109150/ILSVRC2012_val_00032588_n03109150,6c166713f4445234d77bec983d9a58df6991ae7fb4edc7c41f3bba855677a401,13,0.00311657047112904,25.063372294108074,0.05888305107752482,0.9416186610857645,1aef30bb7528448c1b9e080cbb8be5f0ed74b4319b4bc0757942b1d1a3956a65
H6-P_N4084_seed2026092504,n03127747/ILSVRC2012_val_00003732_n03127747,08d575ca78e8ec0d619123ef77779908752bd32d2173c1fe1f1c67e82a018e5e,13,0.005908868589206396,22.28517214457194,0.07001872112353642,0.9400824308395386,1aef30bb7528448c1b9e080cbb8be5f0ed74b4319b4bc0757942b1d1a3956a65
H6-P_N4084_seed2026092504,n03220513/ILSVRC2012_val_00006359_n03220513,6c47747b22fef34c608caa6ff8c1bf614884668716eea442f2a7c7c6ba1256cf,13,0.0038598378195523263,24.13434346516927,0.06947304805119832,0.9081999460856119,1aef30bb7528448c1b9e080cbb8be5f0ed74b4319b4bc0757942b1d1a3956a65
H6-P_N4084_seed2026092504,n03372029/ILSVRC2012_val_00034937_n03372029,65b3cd96fc2b315ee48cdd65d9b09dd8138ccdc48fae27960eca02056c707408,13,0.004381053598557362,23.58428192138672,0.06336282566189766,0.8319251338640848,1aef30bb7528448c1b9e080cbb8be5f0ed74b4319b4bc0757942b1d1a3956a65
H6-P_N4084_seed2026092504,n03388549/ILSVRC2012_val_00022928_n03388549,2eb9a156db0d46e65186b4aefc4fe0099a6ec0a60280cc661bd37e4b238fbb39,13,0.002571299367180707,25.898588180541992,0.08200236906607945,0.9470181862513224,1aef30bb7528448c1b9e080cbb8be5f0ed74b4319b4bc0757942b1d1a3956a65
H6-P_N4084_seed2026092504,n03424325/ILSVRC2012_val_00006147_n03424325,20025cb5e1981e398a9afa6ccd1d1d2b846a627f61e99a50c1eb2f7116615db9,13,0.00778339244100762,21.088592529296875,0.07739388694365819,0.9684481024742126,1aef30bb7528448c1b9e080cbb8be5f0ed74b4319b4bc0757942b1d1a3956a65
H6-P_N4084_seed2026092504,n03447721/ILSVRC2012_val_00006942_n03447721,a028f47aa5cd8b04454d26b7c2fbca3a7259b6d3d2c712bdb3164717eb7b7d11,13,0.00444679330434395,23.520062764485676,0.08471627781788509,0.9284850358963013,1aef30bb7528448c1b9e080cbb8be5f0ed74b4319b4bc0757942b1d1a3956a65
H6-P_N4084_seed2026092504,n03485794/ILSVRC2012_val_00010782_n03485794,6cb18ac7a6f1c139799a90785b3695b670a64a978aff1ca14d3922f3a55e1bfc,13,0.0019416487098281186,27.11846860249837,0.036929160356521606,0.9579179883003235,1aef30bb7528448c1b9e080cbb8be5f0ed74b4319b4bc0757942b1d1a3956a65
H6-P_N4084_seed2026092504,n03527444/ILSVRC2012_val_00035251_n03527444,fd1996afa6b044e353d02c5d5d9d88bbe67cf8b17860630837a7bf646dd4ad7c,13,0.004490037671866912,23.47762616475423,0.07077274719874065,0.9574426015218099,1aef30bb7528448c1b9e080cbb8be5f0ed74b4319b4bc0757942b1d1a3956a65
H6-P_N4084_seed2026092504,n03584254/ILSVRC2012_val_00016384_n03584254,07bcf32feff7608562a15a061ceeeabdd1a360f60464acf875102797b198242b,13,0.0008664050817203624,30.623565038045246,0.01918042761584123,0.9817766547203064,1aef30bb7528448c1b9e080cbb8be5f0ed74b4319b4bc0757942b1d1a3956a65
H6-P_N4084_seed2026092504,n03623198/ILSVRC2012_val_00019928_n03623198,81d6a474eecb501903c3e94b06b8e249955cf4c113fd1da261dc132ce386fecc,13,0.000630464313408853,32.00377655029297,0.02039666784306367,0.9831162492434183,1aef30bb7528448c1b9e080cbb8be5f0ed74b4319b4bc0757942b1d1a3956a65
H6-P_N4084_seed2026092504,n03657121/ILSVRC2012_val_00000359_n03657121,a3f1ce0a0a826b7e4bf7f9376a96bedfadf32990d1e0e44b5346a70442b58586,13,0.0009461937463168378,30.241105397542317,0.020908599098523457,0.9711697498957316,1aef30bb7528448c1b9e080cbb8be5f0ed74b4319b4bc0757942b1d1a3956a65
H6-P_N4084_seed2026092504,n03706229/ILSVRC2012_val_00017460_n03706229,8e3b858b0513ad838965208bb580abe8a508cb57740c0505ccbc8cf050b0c838,13,0.0016090737674732852,27.93514060974121,0.019809945796926815,0.9580936630566915,1aef30bb7528448c1b9e080cbb8be5f0ed74b4319b4bc0757942b1d1a3956a65
H6-P_N4084_seed2026092504,n03759954/ILSVRC2012_val_00010804_n03759954,7a1498cebe035004705d9ede2d2cfecfdc25e8e2db8841b990fec0d4b834b3d1,13,0.010421402816276883,19.820802052815754,0.11950111885865529,0.9495530525843302,1aef30bb7528448c1b9e080cbb8be5f0ed74b4319b4bc0757942b1d1a3956a65
H6-P_N4084_seed2026092504,n03775071/ILSVRC2012_val_00002420_n03775071,1300a7a060a680cbb93440b49303a8d52c9ff2d49cb9d0d5a5d642ea948009d0,13,0.0027496072985091873,25.607481638590496,0.044300579776366554,0.9668070276578268,1aef30bb7528448c1b9e080cbb8be5f0ed74b4319b4bc0757942b1d1a3956a65
H6-P_N4084_seed2026092504,n03782006/ILSVRC2012_val_00004758_n03782006,81c7629baa1e0573a341cb7530061c978f2dd27d0be5ee68dc23399e1119f3d8,13,0.002987854983689577,25.246483484903973,0.0752321183681488,0.969138483206431,1aef30bb7528448c1b9e080cbb8be5f0ed74b4319b4bc0757942b1d1a3956a65
H6-P_N4084_seed2026092504,n03796401/ILSVRC2012_val_00025827_n03796401,9b21385c64696f5ac47bcbcec19404b19a48abc9bdcc5c0843cd0946b1a798a2,13,0.002551777378589659,25.931842803955078,0.0667389805118243,0.9601002931594849,1aef30bb7528448c1b9e080cbb8be5f0ed74b4319b4bc0757942b1d1a3956a65
H6-P_N4084_seed2026092504,n03866082/ILSVRC2012_val_00003554_n03866082,60562c0929f93a4daaecb86a36c36db3a1ed774950e0bb4ab9d3b89153eae016,13,0.001873143831804371,27.27429262797038,0.08112979928652446,0.9428395628929138,1aef30bb7528448c1b9e080cbb8be5f0ed74b4319b4bc0757942b1d1a3956a65
H6-P_N4084_seed2026092504,n03876231/ILSVRC2012_val_00022714_n03876231,e5fb75ea19743794b97420b0a84dd1ed44e00b335e89467578a629395e979d2f,13,0.001086223471060786,29.64125633239746,0.035741625974575676,0.9680598179499308,1aef30bb7528448c1b9e080cbb8be5f0ed74b4319b4bc0757942b1d1a3956a65
H6-P_N4084_seed2026092504,n03929660/ILSVRC2012_val_00012300_n03929660,505f23aed8d3e96d4497a443edb34645a75ad2773b26e3a2bfe8a41501c74e37,13,0.0015805380565239644,28.012030919392902,0.0452216441432635,0.9441265265146891,1aef30bb7528448c1b9e080cbb8be5f0ed74b4319b4bc0757942b1d1a3956a65
H6-P_N4084_seed2026092504,n03950228/ILSVRC2012_val_00019039_n03950228,606ce0cbbbddaa18c5ae0e6b670ac1a18aaa6bf2945e31f99868290a41ead38c,13,0.001236282294261221,29.079749425252277,0.07245687892039616,0.946249524752299,1aef30bb7528448c1b9e080cbb8be5f0ed74b4319b4bc0757942b1d1a3956a65
H6-P_N4084_seed2026092504,n03977966/ILSVRC2012_val_00027383_n03977966,5a1f23f6a5c2c26f0bc8e72f9b77fdea74e75d81b45e24991a36792991b4d352,13,0.00585171624215756,22.327495574951172,0.08005260676145554,0.9377733469009399,1aef30bb7528448c1b9e080cbb8be5f0ed74b4319b4bc0757942b1d1a3956a65
H6-P_N4084_seed2026092504,n03983396/ILSVRC2012_val_00012891_n03983396,62a65414a700886fce201470942a341bd6f772787a7603b59ffefcea12cdf8a3,13,0.0015883504964401898,27.990598678588867,0.0667482316493988,0.9532963037490845,1aef30bb7528448c1b9e080cbb8be5f0ed74b4319b4bc0757942b1d1a3956a65
H6-P_N4084_seed2026092504,n04044716/ILSVRC2012_val_00039752_n04044716,4684500d0ef929418c32a7620e97d9f1d5422991f5a2ca2e06a12af1232ec4c3,13,0.000576431634727508,32.392555236816406,0.04103056465586027,0.9801319638888041,1aef30bb7528448c1b9e080cbb8be5f0ed74b4319b4bc0757942b1d1a3956a65
H6-P_N4084_seed2026092504,n04067472/ILSVRC2012_val_00007618_n04067472,50fc28951f4b1851b0854487090b20120b57db13ecec51f6e3e92ba56b2954a7,13,0.006472012526831039,21.88965670267741,0.09910039603710175,0.9371461470921835,1aef30bb7528448c1b9e080cbb8be5f0ed74b4319b4bc0757942b1d1a3956a65
H6-P_N4084_seed2026092504,n04111531/ILSVRC2012_val_00013982_n04111531,bf3dcc257672ac223943ff82ef51ebf2915e31dedf8d5adc1446c0aebc47b061,13,0.0037400121268427173,24.271464029947918,0.1085756594936053,0.9105327129364014,1aef30bb7528448c1b9e080cbb8be5f0ed74b4319b4bc0757942b1d1a3956a65
H6-P_N4084_seed2026092504,n04131690/ILSVRC2012_val_00002728_n04131690,a4f0ce87454301b9469c70fbe6b41ffe2efe961d876273779860662e88fdeb06,13,0.0007986874777278496,30.97701644897461,0.046328235417604446,0.9650120735168457,1aef30bb7528448c1b9e080cbb8be5f0ed74b4319b4bc0757942b1d1a3956a65
H6-P_N4084_seed2026092504,n04153751/ILSVRC2012_val_00008426_n04153751,97b815265374ec1d6426380e5a710dd1bb8cc13320799468805e6c7c665f568d,13,0.0009670372223695048,30.14590581258138,0.0300870214899381,0.9365710218747457,1aef30bb7528448c1b9e080cbb8be5f0ed74b4319b4bc0757942b1d1a3956a65
H6-P_N4084_seed2026092504,n04204347/ILSVRC2012_val_00018921_n04204347,bb0919028da5d8113228b4ea2031f03cae14b6805b1a3078dbd2d6f04c5b7ab8,13,0.008475556444519423,20.718321482340496,0.0766985019048055,0.9039957523345947,1aef30bb7528448c1b9e080cbb8be5f0ed74b4319b4bc0757942b1d1a3956a65
H6-P_N4084_seed2026092504,n04235860/ILSVRC2012_val_00004033_n04235860,d97a5615f039b7023b17570a301aea94aeaf383e5cf8b6337c8c41d92f68a91e,13,0.004950614492587997,23.05341148376465,0.09179094185431798,0.9330616394678751,1aef30bb7528448c1b9e080cbb8be5f0ed74b4319b4bc0757942b1d1a3956a65
H6-P_N4084_seed2026092504,n04252077/ILSVRC2012_val_00012989_n04252077,23d5d73078c0a822663f12dae1fdcc88fb421d9b7d25631165b606ee3f992794,13,0.00454703241014495,23.422725677490234,0.09040179600318272,0.9334496061007181,1aef30bb7528448c1b9e080cbb8be5f0ed74b4319b4bc0757942b1d1a3956a65
H6-P_N4084_seed2026092504,n04310018/ILSVRC2012_val_00003156_n04310018,b9de11c7fd9f074f8fd637aa4988d21f533d12b9ff435507616ba87af0016608,13,0.006354974596571759,21.968870798746746,0.09321816513935725,0.963896910349528,1aef30bb7528448c1b9e080cbb8be5f0ed74b4319b4bc0757942b1d1a3956a65
H6-P_N4084_seed2026092504,n04328186/ILSVRC2012_val_00014795_n04328186,f822c4f2096441c446fa8e48678c4cc20d5e828fdfcca53b878f2f0839ec33d6,13,0.002207591478400947,26.56123987833659,0.02945538858572642,0.9485831459363302,1aef30bb7528448c1b9e080cbb8be5f0ed74b4319b4bc0757942b1d1a3956a65
H6-P_N4084_seed2026092504,n04346328/ILSVRC2012_val_00003305_n04346328,8ba9271b2cefde59a78ee52bbe2eaadb785be47197c8db08e4e237aa6f610e0a,13,0.006123161023933968,22.13055928548177,0.10562706490357716,0.9417760769526163,1aef30bb7528448c1b9e080cbb8be5f0ed74b4319b4bc0757942b1d1a3956a65
H6-P_N4084_seed2026092504,n04357314/ILSVRC2012_val_00009430_n04357314,f348b9659d2f9737c634e1c8e04d69326eab1e1ff6e293bb58c5b2ba85e0022e,13,0.0028307687518918634,25.481122334798176,0.08484003444512685,0.950941264629364,1aef30bb7528448c1b9e080cbb8be5f0ed74b4319b4bc0757942b1d1a3956a65
H6-P_N4084_seed2026092504,n04371774/ILSVRC2012_val_00030870_n04371774,49b1816119ba26ff673b81c34491bc4eeb544234d35b2c25b2c8a1803180c5b8,13,0.0060543770624048865,22.179466883341473,0.1026125152905782,0.9037291606267294,1aef30bb7528448c1b9e080cbb8be5f0ed74b4319b4bc0757942b1d1a3956a65
H6-P_N4084_seed2026092504,n04392985/ILSVRC2012_val_00029362_n04392985,cfcb8324932845752a4e5dcfb047ba397dc9f277981229461b08d4a261c7204b,13,0.002682283918710737,25.715325037638348,0.06927405794461568,0.9118645191192627,1aef30bb7528448c1b9e080cbb8be5f0ed74b4319b4bc0757942b1d1a3956a65
H6-P_N4084_seed2026092504,n04456115/ILSVRC2012_val_00002331_n04456115,f6cd31c9feb497a4b3658818a4d832bbd47d6f5d7030c2abbca99f8b8c55c97e,13,0.0037099239664233363,24.306423823038738,0.07682947566111882,0.7862236698468527,1aef30bb7528448c1b9e080cbb8be5f0ed74b4319b4bc0757942b1d1a3956a65
H6-P_N4084_seed2026092504,n04485082/ILSVRC2012_val_00000955_n04485082,76448a0ae2e3610a8107e3b73ca3eac575cc8d56a2512cd9773ea885b09ef16c,13,0.0032250210214281962,24.915026982625324,0.05652472252647082,0.9706416130065918,1aef30bb7528448c1b9e080cbb8be5f0ed74b4319b4bc0757942b1d1a3956a65
H6-P_N4084_seed2026092504,n04515003/ILSVRC2012_val_00002400_n04515003,f7c501808f10c0aa95e7f0597b424b7198e2db59608194573af6bc7789d4e45d,13,0.0015108551234326245,28.208345413208008,0.046876899898052216,0.980576753616333,1aef30bb7528448c1b9e080cbb8be5f0ed74b4319b4bc0757942b1d1a3956a65
H6-P_N4084_seed2026092504,n04540053/ILSVRC2012_val_00007665_n04540053,25dbb8c23badf34480230cc90a350df359f1eab82bdf05a6dcda7da28dba4814,13,0.002198201612118724,26.580088933308918,0.048617315789063774,0.9688606063524882,1aef30bb7528448c1b9e080cbb8be5f0ed74b4319b4bc0757942b1d1a3956a65
H6-P_N4084_seed2026092504,n04560804/ILSVRC2012_val_00029830_n04560804,a11fec68e0d01588aa4a816aaa7c41a4a8fe1042d3f447133cf33b25cba6e3c2,13,0.005388560011726658,22.685382843017578,0.08905833959579468,0.9556011954943339,1aef30bb7528448c1b9e080cbb8be5f0ed74b4319b4bc0757942b1d1a3956a65
H6-P_N4084_seed2026092504,n04596742/ILSVRC2012_val_00007608_n04596742,7662b17a07456b833c5ff8821945d8e94f525da05a7585fdefa69b35294f230f,13,0.0032462683734059508,24.886220296223957,0.06994274755318959,0.8968302607536316,1aef30bb7528448c1b9e080cbb8be5f0ed74b4319b4bc0757942b1d1a3956a65
H6-P_N4084_seed2026092504,n07583066/ILSVRC2012_val_00001378_n07583066,4ef8d7654f413fc4c954518cbccd29a113420341a0d8e90382f62e6d689a1aa3,13,0.003402409715009344,24.68251609802246,0.0817968746026357,0.8785324295361837,1aef30bb7528448c1b9e080cbb8be5f0ed74b4319b4bc0757942b1d1a3956a65
H6-P_N4084_seed2026092504,n07590611/ILSVRC2012_val_00030972_n07590611,9c48e6f2ebe13ddb403d08c32bf75e310519ee41d0ce439b7e8fe60fd1f4d2db,13,0.004482966803038203,23.484421412150066,0.08674009144306183,0.8514873186747233,1aef30bb7528448c1b9e080cbb8be5f0ed74b4319b4bc0757942b1d1a3956a65
H6-P_N4084_seed2026092504,n07714990/ILSVRC2012_val_00008416_n07714990,fa679471f22e180ea849cf5603d78bf57767d47fa978e63d5b4fc7a16cf1c58e,13,0.00919239060939474,20.365760803222656,0.11923360824584961,0.9392058650652567,1aef30bb7528448c1b9e080cbb8be5f0ed74b4319b4bc0757942b1d1a3956a65
H6-P_N4084_seed2026092504,n07716906/ILSVRC2012_val_00011140_n07716906,f5bb633b7ca92a84ca97938ec4618656e2d6c0c3276cce9e41ce3a9dc5201b68,13,0.0010720517256190395,29.70017687479655,0.03752635791897774,0.9699356555938721,1aef30bb7528448c1b9e080cbb8be5f0ed74b4319b4bc0757942b1d1a3956a65
H6-P_N4084_seed2026092504,n07720875/ILSVRC2012_val_00000423_n07720875,94c61912cfaf43eb86fef5f9db09de3f28c217adde3eb95d1e48babd448b9893,13,0.0017898098922223586,27.472612380981445,0.03806819021701813,0.9602866570154825,1aef30bb7528448c1b9e080cbb8be5f0ed74b4319b4bc0757942b1d1a3956a65
H6-P_N4084_seed2026092504,n07860988/ILSVRC2012_val_00010848_n07860988,ab3fd1840a939a1fefbb0669c3678defc0c18d07886a9283fc4e357eeb609b40,13,0.004223453651853593,23.74351755777995,0.06510822971661885,0.9511961936950684,1aef30bb7528448c1b9e080cbb8be5f0ed74b4319b4bc0757942b1d1a3956a65
H6-P_N4084_seed2026092504,n09288635/ILSVRC2012_val_00001270_n09288635,395c9c967ef9c7d6df3793270822b636d0ea3102c5beb3b455eb5d1d84992499,13,0.0010733297217540778,29.69371223449707,0.059660290678342186,0.9259167909622192,1aef30bb7528448c1b9e080cbb8be5f0ed74b4319b4bc0757942b1d1a3956a65
H6-P_N4084_seed2026092504,n09468604/ILSVRC2012_val_00030741_n09468604,c3ce3780f589689f70061a32c01d4cddde53cc93f13c72d6da0f606f6be56ae3,13,0.010715836647232019,19.699775060017902,0.1562537600596746,0.8104944030443827,1aef30bb7528448c1b9e080cbb8be5f0ed74b4319b4bc0757942b1d1a3956a65
H6-P_N4084_seed2026092504,n11939491/ILSVRC2012_val_00034896_n11939491,5d503e995423b79fedecacd5389da614cd1fde446e0a222677d4ad33e0179cdd,13,0.002515986234446293,25.9936949412028,0.04661965494354566,0.9426164627075195,1aef30bb7528448c1b9e080cbb8be5f0ed74b4319b4bc0757942b1d1a3956a65
H6-P_N4084_seed2026092504,n15075141/ILSVRC2012_val_00005846_n15075141,ce31aa6dd81ff9b435997c347d185e440fc323084b9ff3782ff8a8c869dcf5b6,13,0.004919556523827179,23.080782572428387,0.08389753599961598,0.9158838788668314,1aef30bb7528448c1b9e080cbb8be5f0ed74b4319b4bc0757942b1d1a3956a65
H6-P_N4084_seed2026092504,n01440764/ILSVRC2012_val_00003014_n01440764,ba4269f89fdfc1ec6596d3da2afb4e19a03b1eca4a1722e30eed3d2a2bd8f7ec,19,0.014554565174427408,18.37002690633138,0.08297419548034668,0.8936851223309835,1aef30bb7528448c1b9e080cbb8be5f0ed74b4319b4bc0757942b1d1a3956a65
H6-P_N4084_seed2026092504,n01601694/ILSVRC2012_val_00021656_n01601694,37b82f0d861ae3605d674a2cbb64be7cf20587648637da943b3560bfecd7ae35,19,0.004527091964339891,23.44181760152181,0.07349886745214462,0.8345961769421896,1aef30bb7528448c1b9e080cbb8be5f0ed74b4319b4bc0757942b1d1a3956a65
H6-P_N4084_seed2026092504,n01664065/ILSVRC2012_val_00014316_n01664065,835f79111e775834cb13588324bfd6b10fbdc1daf6dc7b4f72089c82175a910c,19,0.011372352552446544,19.441513061523438,0.15413585305213928,0.8745819926261902,1aef30bb7528448c1b9e080cbb8be5f0ed74b4319b4bc0757942b1d1a3956a65
H6-P_N4084_seed2026092504,n01689811/ILSVRC2012_val_00020598_n01689811,1246570f41f66a19917cee1a8df75396e46c1432ca4c8f58e321a310b321915b,19,0.011963658624134003,19.22136052449544,0.10949868708848953,0.9015562733014425,1aef30bb7528448c1b9e080cbb8be5f0ed74b4319b4bc0757942b1d1a3956a65
H6-P_N4084_seed2026092504,n01735189/ILSVRC2012_val_00006699_n01735189,94658fdd83ae6734124089a0da860094f78c13469d89519dbe2f21027a4d01d0,19,0.008150293162339353,20.888283411661785,0.10608761012554169,0.8468998869260153,1aef30bb7528448c1b9e080cbb8be5f0ed74b4319b4bc0757942b1d1a3956a65
H6-P_N4084_seed2026092504,n01744401/ILSVRC2012_val_00032663_n01744401,7cd8922d351c72ca0e054807bf7621a297c52a9b1114bd0c0df22ed2f8a4f66f,19,0.0029160888632021836,25.351996739705402,0.08632906277974446,0.8807405432065328,1aef30bb7528448c1b9e080cbb8be5f0ed74b4319b4bc0757942b1d1a3956a65
H6-P_N4084_seed2026092504,n01751748/ILSVRC2012_val_00033157_n01751748,83149bf37e64c45c4c66758e8f8a09068ddae230eee2229359b65dada673f84b,19,0.0031570153285437955,25.00726064046224,0.12785926461219788,0.9356826742490133,1aef30bb7528448c1b9e080cbb8be5f0ed74b4319b4bc0757942b1d1a3956a65
H6-P_N4084_seed2026092504,n01775062/ILSVRC2012_val_00036589_n01775062,b2d5003b689d41aae33350a9998fe67c924460940402a10b7c4f865434b3d5ed,19,0.017340624081679516,17.609355926513672,0.15076791743437448,0.9006302952766418,1aef30bb7528448c1b9e080cbb8be5f0ed74b4319b4bc0757942b1d1a3956a65
H6-P_N4084_seed2026092504,n01843383/ILSVRC2012_val_00005901_n01843383,bf69dd09dadfb949dc2d90d20cb7f37908bb912676f698d73819557a49f31ce1,19,0.011213678572858718,19.502527236938477,0.1062560925881068,0.9613557855288187,1aef30bb7528448c1b9e080cbb8be5f0ed74b4319b4bc0757942b1d1a3956a65
H6-P_N4084_seed2026092504,n01860187/ILSVRC2012_val_00021594_n01860187,64a3034f4043379fad126e4f69b4f653f00c0fef8cadcef0ee65d293ad7bb37a,19,0.011979360812322896,19.21568234761556,0.09116765608390172,0.9431107838948568,1aef30bb7528448c1b9e080cbb8be5f0ed74b4319b4bc0757942b1d1a3956a65
H6-P_N4084_seed2026092504,n01882714/ILSVRC2012_val_00019996_n01882714,b2bb1bfcc62415aa32d898a4dc5e48c533b895d5a507861a0f4e2c2d93d34bc2,19,0.005534220888988912,22.569451014200848,0.07688277711470921,0.9705643653869629,1aef30bb7528448c1b9e080cbb8be5f0ed74b4319b4bc0757942b1d1a3956a65
H6-P_N4084_seed2026092504,n01943899/ILSVRC2012_val_00005706_n01943899,4cb2373a0b87de6658118b3baa34de89add3bab2489fae317287223b68d543fa,19,0.006746763707171674,21.709070841471355,0.09679694225390752,0.8796731233596802,1aef30bb7528448c1b9e080cbb8be5f0ed74b4319b4bc0757942b1d1a3956a65
H6-P_N4084_seed2026092504,n01955084/ILSVRC2012_val_00001857_n01955084,5442a63232a5b147e6e6963b607fff43aef017769ebe03bd258ed378ad261cb0,19,0.002659056902006785,25.75284258524577,0.10570578277111053,0.9549146890640259,1aef30bb7528448c1b9e080cbb8be5f0ed74b4319b4bc0757942b1d1a3956a65
H6-P_N4084_seed2026092504,n01983481/ILSVRC2012_val_00019856_n01983481,ff963d160b1d9d93ee7f149d4db1c8a86cd2d237d99116bf51262d3313a9fdef,19,0.0037535302560030652,24.255603154500324,0.08252865821123123,0.9610974391301473,1aef30bb7528448c1b9e080cbb8be5f0ed74b4319b4bc0757942b1d1a3956a65
H6-P_N4084_seed2026092504,n02013706/ILSVRC2012_val_00003168_n02013706,451d1b57bce58847eb2ea84a22871b68d6ca8b3c17d99d6c939bce0e851c9bfd,19,0.00867447412932829,20.61757469177246,0.05734614407022794,0.9419597784678141,1aef30bb7528448c1b9e080cbb8be5f0ed74b4319b4bc0757942b1d1a3956a65
H6-P_N4084_seed2026092504,n02027492/ILSVRC2012_val_00007524_n02027492,10d9138059c8e8abd1ae55a396b4dad03de21ea77e019e7d37491f53a17eb18d,19,0.0011734657837402388,29.305325190226238,0.059246838092803955,0.9633748730023702,1aef30bb7528448c1b9e080cbb8be5f0ed74b4319b4bc0757942b1d1a3956a65
H6-P_N4084_seed2026092504,n02088094/ILSVRC2012_val_00005507_n02088094,9bcfe25d894ad5fa8d48fa21098e648d640e9456d17d9f3cdc7f15baa61f64b3,19,0.004053291343764621,23.92193031311035,0.07147248834371567,0.9508941372235616,1aef30bb7528448c1b9e080cbb8be5f0ed74b4319b4bc0757942b1d1a3956a65
H6-P_N4084_seed2026092504,n02090622/ILSVRC2012_val_00006265_n02090622,5235a32da64ab784a577e24b77bc0b99ddf463730a208c821f0635343baa878a,19,0.013478760636250128,18.703502019246418,0.11199669539928436,0.9421271681785583,1aef30bb7528448c1b9e080cbb8be5f0ed74b4319b4bc0757942b1d1a3956a65
H6-P_N4084_seed2026092504,n02096177/ILSVRC2012_val_00019083_n02096177,8e9862e54da0674de014e4486c163d6ad5f9730544f6931874a778220bace808,19,0.0031248983307416607,25.051645278930664,0.07305460174878438,0.952938457330068,1aef30bb7528448c1b9e080cbb8be5f0ed74b4319b4bc0757942b1d1a3956a65
H6-P_N4084_seed2026092504,n02098286/ILSVRC2012_val_00038253_n02098286,909d7e0743c18bdcc46352a8ce22b40b3c6300daa8db6b13ea4a7d6cbd6d82d9,19,0.0017899388895717524,27.471627553304035,0.047911091397205986,0.9652579228083292,1aef30bb7528448c1b9e080cbb8be5f0ed74b4319b4bc0757942b1d1a3956a65
H6-P_N4084_seed2026092504,n02102480/ILSVRC2012_val_00010261_n02102480,38bf5ab4d8bead9f1f215e246c57b2622687e3802dbe623372a59b9360124263,19,0.001052739763434406,29.777164459228516,0.02824225214620431,0.9686522483825684,1aef30bb7528448c1b9e080cbb8be5f0ed74b4319b4bc0757942b1d1a3956a65
H6-P_N4084_seed2026092504,n02105641/ILSVRC2012_val_00018762_n02105641,3c66584ece5c46a50e84a58166f6dc576f95302d99a27b9caf6db2771cf248a1,19,0.0053888724007098154,22.685054779052734,0.10025184353192647,0.9495055874188741,1aef30bb7528448c1b9e080cbb8be5f0ed74b4319b4bc0757942b1d1a3956a65
H6-P_N4084_seed2026092504,n02106550/ILSVRC2012_val_00014315_n02106550,4d74095324045d8f79e913400e79b35c1d4966121268d279670f7b781201720e,19,0.003899852538195541,24.089536666870117,0.06084673603375753,0.9759131272633871,1aef30bb7528448c1b9e080cbb8be5f0ed74b4319b4bc0757942b1d1a3956a65
H6-P_N4084_seed2026092504,n02107683/ILSVRC2012_val_00010786_n02107683,fa0a929e8186ffeb826e91bdccee23a649868c49cab59617144ade56bf9f52b3,19,0.0013279226244336231,28.768476486206055,0.08324890583753586,0.9649984041849772,1aef30bb7528448c1b9e080cbb8be5f0ed74b4319b4bc0757942b1d1a3956a65
H6-P_N4084_seed2026092504,n02110806/ILSVRC2012_val_00030364_n02110806,7979fe01c4abe94a4d916a11520399c7e8ed8c805e7490fff5b6cf9579ce9dbe,19,0.0034265971567249893,24.651395797729492,0.06487377732992172,0.9480196833610535,1aef30bb7528448c1b9e080cbb8be5f0ed74b4319b4bc0757942b1d1a3956a65
H6-P_N4084_seed2026092504,n02113799/ILSVRC2012_val_00007866_n02113799,304f20c62753839162b2f26b666a6d1f5d9582476f0cb2cde601e47842f40b68,19,0.0033251809242799656,24.78186798095703,0.08930223683516185,0.8852993448575338,1aef30bb7528448c1b9e080cbb8be5f0ed74b4319b4bc0757942b1d1a3956a65
H6-P_N4084_seed2026092504,n02123159/ILSVRC2012_val_00025723_n02123159,ed441e8839af44206a68e2c3c7607146d77cc39acae0fcae80e5b60f68929113,19,0.011547940705128837,19.37500063578288,0.13007579247156778,0.9023336966832479,1aef30bb7528448c1b9e080cbb8be5f0ed74b4319b4bc0757942b1d1a3956a65
H6-P_N4084_seed2026092504,n02134084/ILSVRC2012_val_00020332_n02134084,92afe5c6ba9b6add49a7b8d5f69014be0bbc2393759fb85a99ead66e153f0edb,19,0.0023059289613290685,26.3715763092041,0.0722477560242017,0.9418472250302633,1aef30bb7528448c1b9e080cbb8be5f0ed74b4319b4bc0757942b1d1a3956a65
H6-P_N4084_seed2026092504,n02168699/ILSVRC2012_val_00040132_n02168699,caae24a36e6f26c363f5e4a7594fcd5c9d22864fe233e8d449d53a726a8100a4,19,0.00488155965607277,23.114420572916668,0.08314374337593715,0.9243539373079935,1aef30bb7528448c1b9e080cbb8be5f0ed74b4319b4bc0757942b1d1a3956a65
H6-P_N4084_seed2026092504,n02233338/ILSVRC2012_val_00016160_n02233338,d2d64df0e26c9602d937a190b46ccd9f9c7541916cdbba9441e0999a09343c62,19,0.003413838322168957,24.667619705200195,0.07466353227694829,0.9389798243840536,1aef30bb7528448c1b9e080cbb8be5f0ed74b4319b4bc0757942b1d1a3956a65
H6-P_N4084_seed2026092504,n02264363/ILSVRC2012_val_00027803_n02264363,a9982d467f83d50ace36a56207d894db4c5d2535cb160188c286c3846a0c7385,19,0.0006333144563130372,31.98408381144206,0.05197182297706604,0.9665062228838602,1aef30bb7528448c1b9e080cbb8be5f0ed74b4319b4bc0757942b1d1a3956a65
H6-P_N4084_seed2026092504,n02277742/ILSVRC2012_val_00015608_n02277742,bd678c112e5c027a0d5a9dd67e8a15db14f8eb5dff986394ab6f936a11498a62,19,0.013580906988340163,18.67071596781413,0.12089214473962784,0.8958390553792318,1aef30bb7528448c1b9e080cbb8be5f0ed74b4319b4bc0757942b1d1a3956a65
H6-P_N4084_seed2026092504,n02325366/ILSVRC2012_val_00024858_n02325366,6fc21bdab6b7976bdc452d81a324ab7d99d2600516cb80ca2e8b092352eeabf5,19,0.0027746622359061993,25.56821632385254,0.0864652767777443,0.9768275618553162,1aef30bb7528448c1b9e080cbb8be5f0ed74b4319b4bc0757942b1d1a3956a65
H6-P_N4084_seed2026092504,n02398521/ILSVRC2012_val_00018354_n02398521,52f645427565641f0c2186bc45125f58be9c5ef2aada5442f0d1310afbbaa6e6,19,0.0046322228100640446,23.342116673787434,0.09811359147230785,0.8921822508176168,1aef30bb7528448c1b9e080cbb8be5f0ed74b4319b4bc0757942b1d1a3956a65
H6-P_N4084_seed2026092504,n02410509/ILSVRC2012_val_00022568_n02410509,2b417ecf21402198f7fcd411e02b2f21634bf799800e8edf5ab4da19924a9fc4,19,0.0020399951138084997,26.903762181599934,0.05333800365527471,0.932648499806722,1aef30bb7528448c1b9e080cbb8be5f0ed74b4319b4bc0757942b1d1a3956a65
H6-P_N4084_seed2026092504,n02437312/ILSVRC2012_val_00006245_n02437312,b2c841099c6c55c4f812a51a7a7c8cf2455f30d3ef0d1dbb16c6c6bc060c760d,19,0.014827587026854295,18.289295832316082,0.1380035032828649,0.9145064155260721,1aef30bb7528448c1b9e080cbb8be5f0ed74b4319b4bc0757942b1d1a3956a65
H6-P_N4084_seed2026092504,n02486410/ILSVRC2012_val_00009799_n02486410,40fb5083489542d2366609fcc4468b19bd62505e86a7a9c1d18574670f53e564,19,0.0014720002698153326,28.321199417114258,0.047803204506635666,0.9591514070828756,1aef30bb7528448c1b9e080cbb8be5f0ed74b4319b4bc0757942b1d1a3956a65
H6-P_N4084_seed2026092504,n02509815/ILSVRC2012_val_00014423_n02509815,52636d0a3f2d227327400178c05edcc551d6213c012fa6a8b03a1bb6db4e6b99,19,0.0017975185631741708,27.45347722371419,0.05530443787574768,0.9525475104649862,1aef30bb7528448c1b9e080cbb8be5f0ed74b4319b4bc0757942b1d1a3956a65
H6-P_N4084_seed2026092504,n02708093/ILSVRC2012_val_00024690_n02708093,9cf3493e4dbd81b11f4a70b76adce387c9cf2550f6758f10cb801befcbcea8a3,19,0.00278162502192354,25.557015736897785,0.05396191899975141,0.9734592437744141,1aef30bb7528448c1b9e080cbb8be5f0ed74b4319b4bc0757942b1d1a3956a65
H6-P_N4084_seed2026092504,n02776631/ILSVRC2012_val_00028186_n02776631,144e6a5ac66f329d2a7b5fb658deecf277f46cc77aeba1a3a27f69ba24a10751,19,0.008040821253583913,20.947104771931965,0.11267864207426707,0.9023038148880005,1aef30bb7528448c1b9e080cbb8be5f0ed74b4319b4bc0757942b1d1a3956a65
H6-P_N4084_seed2026092504,n02788148/ILSVRC2012_val_00012264_n02788148,d77f825c1f142e1b256614bde8db32959914f48d12284b929e20a1a0b9c5a5ce,19,0.003204829263804429,24.94204330444336,0.0821577434738477,0.9699512322743734,1aef30bb7528448c1b9e080cbb8be5f0ed74b4319b4bc0757942b1d1a3956a65
H6-P_N4084_seed2026092504,n02834397/ILSVRC2012_val_00010741_n02834397,7e296a31245bc9af585ab76c42d861b0727530e951052bf54cc1a65562b49f69,19,0.0020780315276478062,26.823514938354492,0.05339468022187551,0.9681225816408793,1aef30bb7528448c1b9e080cbb8be5f0ed74b4319b4bc0757942b1d1a3956a65
H6-P_N4084_seed2026092504,n02841315/ILSVRC2012_val_00014601_n02841315,b19f30a7cd526ca652bf3bfc1deb42f07c00fbd53c9feea68ff4447f8d9e8bb7,19,0.004652490586690333,23.323192596435547,0.06267551705241203,0.9613274534543356,1aef30bb7528448c1b9e080cbb8be5f0ed74b4319b4bc0757942b1d1a3956a65
H6-P_N4084_seed2026092504,n02910353/ILSVRC2012_val_00017543_n02910353,c27e162eeb52bdd42f8afb9b5faed79a866cf4780dd2868324fc795fecdab836,19,0.006305184675621159,22.003032048543293,0.0914027988910675,0.9508148034413656,1aef30bb7528448c1b9e080cbb8be5f0ed74b4319b4bc0757942b1d1a3956a65
H6-P_N4084_seed2026092504,n02951585/ILSVRC2012_val_00008336_n02951585,6287e5124249bc06487c026c7ef680074a0e54fccdb9e9796fb43e1bae73b987,19,0.0014700787067447926,28.326658248901367,0.07320139805475871,0.8675890564918518,1aef30bb7528448c1b9e080cbb8be5f0ed74b4319b4bc0757942b1d1a3956a65
H6-P_N4084_seed2026092504,n02980441/ILSVRC2012_val_00023472_n02980441,431d4041c6610691fb229a8e04d9675487a0d0f1f248d24f907f412a19b59b4d,19,0.002200825976708683,26.574487050374348,0.0820365846157074,0.9334561824798584,1aef30bb7528448c1b9e080cbb8be5f0ed74b4319b4bc0757942b1d1a3956a65
H6-P_N4084_seed2026092504,n03028079/ILSVRC2012_val_00031446_n03028079,68d3b9ce94abf8f4587927a53677c949e781d6c4cd367b6ba90426a9025a44b8,19,0.0017550469002900271,27.55719057718913,0.06145570675532023,0.9398584365844727,1aef30bb7528448c1b9e080cbb8be5f0ed74b4319b4bc0757942b1d1a3956a65
H6-P_N4084_seed2026092504,n03109150/ILSVRC2012_val_00032588_n03109150,6c166713f4445234d77bec983d9a58df6991ae7fb4edc7c41f3bba855677a401,19,0.00304031728201502,25.170848846435547,0.05817847326397896,0.9432416359583536,1aef30bb7528448c1b9e080cbb8be5f0ed74b4319b4bc0757942b1d1a3956a65
H6-P_N4084_seed2026092504,n03127747/ILSVRC2012_val_00003732_n03127747,08d575ca78e8ec0d619123ef77779908752bd32d2173c1fe1f1c67e82a018e5e,19,0.005713936032997863,22.430708567301433,0.0661966900030772,0.9408424695332845,1aef30bb7528448c1b9e080cbb8be5f0ed74b4319b4bc0757942b1d1a3956a65
H6-P_N4084_seed2026092504,n03220513/ILSVRC2012_val_00006359_n03220513,6c47747b22fef34c608caa6ff8c1bf614884668716eea442f2a7c7c6ba1256cf,19,0.0037039044803921922,24.31341044108073,0.06686377276976903,0.9134490688641866,1aef30bb7528448c1b9e080cbb8be5f0ed74b4319b4bc0757942b1d1a3956a65
H6-P_N4084_seed2026092504,n03372029/ILSVRC2012_val_00034937_n03372029,65b3cd96fc2b315ee48cdd65d9b09dd8138ccdc48fae27960eca02056c707408,19,0.004147924849014395,23.821712493896484,0.0596727579832077,0.8507270812988281,1aef30bb7528448c1b9e080cbb8be5f0ed74b4319b4bc0757942b1d1a3956a65
H6-P_N4084_seed2026092504,n03388549/ILSVRC2012_val_00022928_n03388549,2eb9a156db0d46e65186b4aefc4fe0099a6ec0a60280cc661bd37e4b238fbb39,19,0.0024269034518494327,26.149499257405598,0.07780555387338002,0.9485437273979187,1aef30bb7528448c1b9e080cbb8be5f0ed74b4319b4bc0757942b1d1a3956a65
H6-P_N4084_seed2026092504,n03424325/ILSVRC2012_val_00006147_n03424325,20025cb5e1981e398a9afa6ccd1d1d2b846a627f61e99a50c1eb2f7116615db9,19,0.0075835479750775035,21.2013422648112,0.07274981836477916,0.9692621231079102,1aef30bb7528448c1b9e080cbb8be5f0ed74b4319b4bc0757942b1d1a3956a65
H6-P_N4084_seed2026092504,n03447721/ILSVRC2012_val_00006942_n03447721,a028f47aa5cd8b04454d26b7c2fbca3a7259b6d3d2c712bdb3164717eb7b7d11,19,0.0041838548077553364,23.784392674763996,0.08213833967844646,0.9308695197105408,1aef30bb7528448c1b9e080cbb8be5f0ed74b4319b4bc0757942b1d1a3956a65
H6-P_N4084_seed2026092504,n03485794/ILSVRC2012_val_00010782_n03485794,6cb18ac7a6f1c139799a90785b3695b670a64a978aff1ca14d3922f3a55e1bfc,19,0.0018550076790188194,27.31663640340169,0.03497202694416046,0.9592930475870768,1aef30bb7528448c1b9e080cbb8be5f0ed74b4319b4bc0757942b1d1a3956a65
H6-P_N4084_seed2026092504,n03527444/ILSVRC2012_val_00035251_n03527444,fd1996afa6b044e353d02c5d5d9d88bbe67cf8b17860630837a7bf646dd4ad7c,19,0.0042951671678641695,23.67025311787923,0.06688473125298817,0.959226926167806,1aef30bb7528448c1b9e080cbb8be5f0ed74b4319b4bc0757942b1d1a3956a65
H6-P_N4084_seed2026092504,n03584254/ILSVRC2012_val_00016384_n03584254,07bcf32feff7608562a15a061ceeeabdd1a360f60464acf875102797b198242b,19,0.0008349877795135742,30.783389409383137,0.01820194038252036,0.9828551610310873,1aef30bb7528448c1b9e080cbb8be5f0ed74b4319b4bc0757942b1d1a3956a65
H6-P_N4084_seed2026092504,n03623198/ILSVRC2012_val_00019928_n03623198,81d6a474eecb501903c3e94b06b8e249955cf4c113fd1da261dc132ce386fecc,19,0.0006079953998197636,32.16113535563151,0.01980442243317763,0.9826111992200216,1aef30bb7528448c1b9e080cbb8be5f0ed74b4319b4bc0757942b1d1a3956a65
H6-P_N4084_seed2026092504,n03657121/ILSVRC2012_val_00000359_n03657121,a3f1ce0a0a826b7e4bf7f9376a96bedfadf32990d1e0e44b5346a70442b58586,19,0.0009074036737216797,30.422245661417644,0.020573922122518223,0.9726768334706625,1aef30bb7528448c1b9e080cbb8be5f0ed74b4319b4bc0757942b1d1a3956a65
H6-P_N4084_seed2026092504,n03706229/ILSVRC2012_val_00017460_n03706229,8e3b858b0513ad838965208bb580abe8a508cb57740c0505ccbc8cf050b0c838,19,0.0015069065780834341,28.21927261352539,0.018506774678826332,0.9615163803100586,1aef30bb7528448c1b9e080cbb8be5f0ed74b4319b4bc0757942b1d1a3956a65
H6-P_N4084_seed2026092504,n03759954/ILSVRC2012_val_00010804_n03759954,7a1498cebe035004705d9ede2d2cfecfdc25e8e2db8841b990fec0d4b834b3d1,19,0.009934352620026258,20.028619130452473,0.11647407213846843,0.9523959159851074,1aef30bb7528448c1b9e080cbb8be5f0ed74b4319b4bc0757942b1d1a3956a65
H6-P_N4084_seed2026092504,n03775071/ILSVRC2012_val_00002420_n03775071,1300a7a060a680cbb93440b49303a8d52c9ff2d49cb9d0d5a5d642ea948009d0,19,0.0026811110461043065,25.716915766398113,0.04220417017738024,0.9691486358642578,1aef30bb7528448c1b9e080cbb8be5f0ed74b4319b4bc0757942b1d1a3956a65
H6-P_N4084_seed2026092504,n03782006/ILSVRC2012_val_00004758_n03782006,81c7629baa1e0573a341cb7530061c978f2dd27d0be5ee68dc23399e1119f3d8,19,0.0028731981320108753,25.416369756062824,0.07335952421029408,0.9697344899177551,1aef30bb7528448c1b9e080cbb8be5f0ed74b4319b4bc0757942b1d1a3956a65
H6-P_N4084_seed2026092504,n03796401/ILSVRC2012_val_00025827_n03796401,9b21385c64696f5ac47bcbcec19404b19a48abc9bdcc5c0843cd0946b1a798a2,19,0.002427613429415207,26.148273468017578,0.06297873829801877,0.958952784538269,1aef30bb7528448c1b9e080cbb8be5f0ed74b4319b4bc0757942b1d1a3956a65
H6-P_N4084_seed2026092504,n03866082/ILSVRC2012_val_00003554_n03866082,60562c0929f93a4daaecb86a36c36db3a1ed774950e0bb4ab9d3b89153eae016,19,0.0017858308335865897,27.481598536173504,0.07742956777413686,0.9449781775474548,1aef30bb7528448c1b9e080cbb8be5f0ed74b4319b4bc0757942b1d1a3956a65
H6-P_N4084_seed2026092504,n03876231/ILSVRC2012_val_00022714_n03876231,e5fb75ea19743794b97420b0a84dd1ed44e00b335e89467578a629395e979d2f,19,0.001035715693224792,29.847724278767902,0.03333864361047745,0.969073752562205,1aef30bb7528448c1b9e080cbb8be5f0ed74b4319b4bc0757942b1d1a3956a65
H6-P_N4084_seed2026092504,n03929660/ILSVRC2012_val_00012300_n03929660,505f23aed8d3e96d4497a443edb34645a75ad2773b26e3a2bfe8a41501c74e37,19,0.0015507108136000643,28.09472401936849,0.04432968298594157,0.9406266013781229,1aef30bb7528448c1b9e080cbb8be5f0ed74b4319b4bc0757942b1d1a3956a65
H6-P_N4084_seed2026092504,n03950228/ILSVRC2012_val_00019039_n03950228,606ce0cbbbddaa18c5ae0e6b670ac1a18aaa6bf2945e31f99868290a41ead38c,19,0.0011669171388864017,29.329811096191406,0.06925684958696365,0.948682427406311,1aef30bb7528448c1b9e080cbb8be5f0ed74b4319b4bc0757942b1d1a3956a65
H6-P_N4084_seed2026092504,n03977966/ILSVRC2012_val_00027383_n03977966,5a1f23f6a5c2c26f0bc8e72f9b77fdea74e75d81b45e24991a36792991b4d352,19,0.005645768396912275,22.482859293619793,0.07742026448249817,0.9392450253168741,1aef30bb7528448c1b9e080cbb8be5f0ed74b4319b4bc0757942b1d1a3956a65
H6-P_N4084_seed2026092504,n03983396/ILSVRC2012_val_00012891_n03983396,62a65414a700886fce201470942a341bd6f772787a7603b59ffefcea12cdf8a3,19,0.0014747061907637116,28.312957763671875,0.06240369255344073,0.9582617282867432,1aef30bb7528448c1b9e080cbb8be5f0ed74b4319b4bc0757942b1d1a3956a65
H6-P_N4084_seed2026092504,n04044716/ILSVRC2012_val_00039752_n04044716,4684500d0ef929418c32a7620e97d9f1d5422991f5a2ca2e06a12af1232ec4c3,19,0.0005500068417397972,32.59632873535156,0.03895484656095505,0.9819075067838033,1aef30bb7528448c1b9e080cbb8be5f0ed74b4319b4bc0757942b1d1a3956a65
H6-P_N4084_seed2026092504,n04067472/ILSVRC2012_val_00007618_n04067472,50fc28951f4b1851b0854487090b20120b57db13ecec51f6e3e92ba56b2954a7,19,0.0061993388976223545,22.076558430989582,0.095195139447848,0.9388798077901205,1aef30bb7528448c1b9e080cbb8be5f0ed74b4319b4bc0757942b1d1a3956a65
H6-P_N4084_seed2026092504,n04111531/ILSVRC2012_val_00013982_n04111531,bf3dcc257672ac223943ff82ef51ebf2915e31dedf8d5adc1446c0aebc47b061,19,0.0035826519079387442,24.45797284444173,0.1023350606362025,0.9133577148119608,1aef30bb7528448c1b9e080cbb8be5f0ed74b4319b4bc0757942b1d1a3956a65
H6-P_N4084_seed2026092504,n04131690/ILSVRC2012_val_00002728_n04131690,a4f0ce87454301b9469c70fbe6b41ffe2efe961d876273779860662e88fdeb06,19,0.0007473650037243977,31.26479975382487,0.043685831129550934,0.9672958254814148,1aef30bb7528448c1b9e080cbb8be5f0ed74b4319b4bc0757942b1d1a3956a65
H6-P_N4084_seed2026092504,n04153751/ILSVRC2012_val_00008426_n04153751,97b815265374ec1d6426380e5a710dd1bb8cc13320799468805e6c7c665f568d,19,0.0009348933690204683,30.292469024658203,0.028846776733795803,0.9389432867368063,1aef30bb7528448c1b9e080cbb8be5f0ed74b4319b4bc0757942b1d1a3956a65
H6-P_N4084_seed2026092504,n04204347/ILSVRC2012_val_00018921_n04204347,bb0919028da5d8113228b4ea2031f03cae14b6805b1a3078dbd2d6f04c5b7ab8,19,0.008391729761894957,20.76148796081543,0.07568010439475377,0.9056662321090698,1aef30bb7528448c1b9e080cbb8be5f0ed74b4319b4bc0757942b1d1a3956a65
H6-P_N4084_seed2026092504,n04235860/ILSVRC2012_val_00004033_n04235860,d97a5615f039b7023b17570a301aea94aeaf383e5cf8b6337c8c41d92f68a91e,19,0.00474712200435322,23.23569679260254,0.08833824098110199,0.9389952023824056,1aef30bb7528448c1b9e080cbb8be5f0ed74b4319b4bc0757942b1d1a3956a65
H6-P_N4084_seed2026092504,n04252077/ILSVRC2012_val_00012989_n04252077,23d5d73078c0a822663f12dae1fdcc88fb421d9b7d25631165b606ee3f992794,19,0.004347692666424115,23.617416381835938,0.08647272239128749,0.9350777864456177,1aef30bb7528448c1b9e080cbb8be5f0ed74b4319b4bc0757942b1d1a3956a65
H6-P_N4084_seed2026092504,n04310018/ILSVRC2012_val_00003156_n04310018,b9de11c7fd9f074f8fd637aa4988d21f533d12b9ff435507616ba87af0016608,19,0.006088397511363024,22.15497334798177,0.08903201917807262,0.9654096364974976,1aef30bb7528448c1b9e080cbb8be5f0ed74b4319b4bc0757942b1d1a3956a65
H6-P_N4084_seed2026092504,n04328186/ILSVRC2012_val_00014795_n04328186,f822c4f2096441c446fa8e48678c4cc20d5e828fdfcca53b878f2f0839ec33d6,19,0.002079734705059434,26.820010503133137,0.027023409803708393,0.9500079353650411,1aef30bb7528448c1b9e080cbb8be5f0ed74b4319b4bc0757942b1d1a3956a65
H6-P_N4084_seed2026092504,n04346328/ILSVRC2012_val_00003305_n04346328,8ba9271b2cefde59a78ee52bbe2eaadb785be47197c8db08e4e237aa6f610e0a,19,0.0058713895837866625,22.312652587890625,0.10133839895327885,0.9433967073758444,1aef30bb7528448c1b9e080cbb8be5f0ed74b4319b4bc0757942b1d1a3956a65
H6-P_N4084_seed2026092504,n04357314/ILSVRC2012_val_00009430_n04357314,f348b9659d2f9737c634e1c8e04d69326eab1e1ff6e293bb58c5b2ba85e0022e,19,0.0026731177108784386,25.729899724324543,0.080532801647981,0.9526093602180481,1aef30bb7528448c1b9e080cbb8be5f0ed74b4319b4bc0757942b1d1a3956a65
H6-P_N4084_seed2026092504,n04371774/ILSVRC2012_val_00030870_n04371774,49b1816119ba26ff673b81c34491bc4eeb544234d35b2c25b2c8a1803180c5b8,19,0.00585496592100905,22.32479476928711,0.09966806570688884,0.9100793401400248,1aef30bb7528448c1b9e080cbb8be5f0ed74b4319b4bc0757942b1d1a3956a65
H6-P_N4084_seed2026092504,n04392985/ILSVRC2012_val_00029362_n04392985,cfcb8324932845752a4e5dcfb047ba397dc9f277981229461b08d4a261c7204b,19,0.0025447830492485355,25.943567911783855,0.06517600268125534,0.9138155778249105,1aef30bb7528448c1b9e080cbb8be5f0ed74b4319b4bc0757942b1d1a3956a65
H6-P_N4084_seed2026092504,n04456115/ILSVRC2012_val_00002331_n04456115,f6cd31c9feb497a4b3658818a4d832bbd47d6f5d7030c2abbca99f8b8c55c97e,19,0.003577304462717043,24.46446990966797,0.0735037624835968,0.8135432004928589,1aef30bb7528448c1b9e080cbb8be5f0ed74b4319b4bc0757942b1d1a3956a65
H6-P_N4084_seed2026092504,n04485082/ILSVRC2012_val_00000955_n04485082,76448a0ae2e3610a8107e3b73ca3eac575cc8d56a2512cd9773ea885b09ef16c,19,0.0030219541788456283,25.197224299112957,0.05313388009866079,0.9732312758763632,1aef30bb7528448c1b9e080cbb8be5f0ed74b4319b4bc0757942b1d1a3956a65
H6-P_N4084_seed2026092504,n04515003/ILSVRC2012_val_00002400_n04515003,f7c501808f10c0aa95e7f0597b424b7198e2db59608194573af6bc7789d4e45d,19,0.0013877035579956444,28.577141443888348,0.04350638513763746,0.9807882507642111,1aef30bb7528448c1b9e080cbb8be5f0ed74b4319b4bc0757942b1d1a3956a65
H6-P_N4084_seed2026092504,n04540053/ILSVRC2012_val_00007665_n04540053,25dbb8c23badf34480230cc90a350df359f1eab82bdf05a6dcda7da28dba4814,19,0.0020106447405540263,26.966832478841145,0.04650322968761126,0.9695626497268677,1aef30bb7528448c1b9e080cbb8be5f0ed74b4319b4bc0757942b1d1a3956a65
H6-P_N4084_seed2026092504,n04560804/ILSVRC2012_val_00029830_n04560804,a11fec68e0d01588aa4a816aaa7c41a4a8fe1042d3f447133cf33b25cba6e3c2,19,0.005059348372271439,22.959078470865887,0.08454651137193044,0.9577396909395853,1aef30bb7528448c1b9e080cbb8be5f0ed74b4319b4bc0757942b1d1a3956a65
H6-P_N4084_seed2026092504,n04596742/ILSVRC2012_val_00007608_n04596742,7662b17a07456b833c5ff8821945d8e94f525da05a7585fdefa69b35294f230f,19,0.003089779816102721,25.10073979695638,0.06609199444452922,0.8992969791094462,1aef30bb7528448c1b9e080cbb8be5f0ed74b4319b4bc0757942b1d1a3956a65
H6-P_N4084_seed2026092504,n07583066/ILSVRC2012_val_00001378_n07583066,4ef8d7654f413fc4c954518cbccd29a113420341a0d8e90382f62e6d689a1aa3,19,0.0031874762289622687,24.965588251749676,0.07721752921740214,0.8902689615885416,1aef30bb7528448c1b9e080cbb8be5f0ed74b4319b4bc0757942b1d1a3956a65
H6-P_N4084_seed2026092504,n07590611/ILSVRC2012_val_00030972_n07590611,9c48e6f2ebe13ddb403d08c32bf75e310519ee41d0ce439b7e8fe60fd1f4d2db,19,0.004222681553757498,23.744138717651367,0.08283580839633942,0.8486775954564413,1aef30bb7528448c1b9e080cbb8be5f0ed74b4319b4bc0757942b1d1a3956a65
H6-P_N4084_seed2026092504,n07714990/ILSVRC2012_val_00008416_n07714990,fa679471f22e180ea849cf5603d78bf57767d47fa978e63d5b4fc7a16cf1c58e,19,0.008965348761640174,20.474342981974285,0.11632618308067322,0.9393720229466757,1aef30bb7528448c1b9e080cbb8be5f0ed74b4319b4bc0757942b1d1a3956a65
H6-P_N4084_seed2026092504,n07716906/ILSVRC2012_val_00011140_n07716906,f5bb633b7ca92a84ca97938ec4618656e2d6c0c3276cce9e41ce3a9dc5201b68,19,0.0009932112021062073,30.03025945027669,0.035512691984574,0.9718551635742188,1aef30bb7528448c1b9e080cbb8be5f0ed74b4319b4bc0757942b1d1a3956a65
H6-P_N4084_seed2026092504,n07720875/ILSVRC2012_val_00000423_n07720875,94c61912cfaf43eb86fef5f9db09de3f28c217adde3eb95d1e48babd448b9893,19,0.0017017552917243306,27.69124921162923,0.03635349248846372,0.9616266886393229,1aef30bb7528448c1b9e080cbb8be5f0ed74b4319b4bc0757942b1d1a3956a65
H6-P_N4084_seed2026092504,n07860988/ILSVRC2012_val_00010848_n07860988,ab3fd1840a939a1fefbb0669c3678defc0c18d07886a9283fc4e357eeb609b40,19,0.00394704478578506,24.037317276000977,0.0604864185055097,0.9538367986679077,1aef30bb7528448c1b9e080cbb8be5f0ed74b4319b4bc0757942b1d1a3956a65
H6-P_N4084_seed2026092504,n09288635/ILSVRC2012_val_00001270_n09288635,395c9c967ef9c7d6df3793270822b636d0ea3102c5beb3b455eb5d1d84992499,19,0.001026378082153587,29.887311935424805,0.05737206960717837,0.9327720801035563,1aef30bb7528448c1b9e080cbb8be5f0ed74b4319b4bc0757942b1d1a3956a65
H6-P_N4084_seed2026092504,n09468604/ILSVRC2012_val_00030741_n09468604,c3ce3780f589689f70061a32c01d4cddde53cc93f13c72d6da0f606f6be56ae3,19,0.010509193737445133,19.78431574503581,0.15263554453849792,0.8107577164967855,1aef30bb7528448c1b9e080cbb8be5f0ed74b4319b4bc0757942b1d1a3956a65
H6-P_N4084_seed2026092504,n11939491/ILSVRC2012_val_00034896_n11939491,5d503e995423b79fedecacd5389da614cd1fde446e0a222677d4ad33e0179cdd,19,0.002356787363403515,26.27694829305013,0.04361864800254504,0.9477409919102987,1aef30bb7528448c1b9e080cbb8be5f0ed74b4319b4bc0757942b1d1a3956a65
H6-P_N4084_seed2026092504,n15075141/ILSVRC2012_val_00005846_n15075141,ce31aa6dd81ff9b435997c347d185e440fc323084b9ff3782ff8a8c869dcf5b6,19,0.004761006064906221,23.22303517659505,0.07890442262093227,0.9291198452313741,1aef30bb7528448c1b9e080cbb8be5f0ed74b4319b4bc0757942b1d1a3956a65
