run_id,population,source_id,source_index,preprocessing_id,N,E,synthetic,m,family,source_bits,selected_source_bits,attempted_arithmetic_bits,selected_stream_family,finish_flush_bits,raw_fallback,class_control_bits,mode_control_bits,length_control_bits,new_protocol_header_uses,body_crc_bits,body_tail_bits,source_sha256,decoder_implicit_zero_reads,meaningful_bits,storage_bytes,storage_padding_bits,storage_padding_transmitted
TOKEN-CHANNEL-EFFICIENCY-20260923/source,development,n01440764/ILSVRC2012_val_00003014_n01440764,0,ba4269f89fdfc1ec6596d3da2afb4e19a03b1eca4a1722e30eed3d2a2bd8f7ec,not_applicable_source_reference,not_applicable_source_reference,False,6,raw,1092,1092,,raw,0,0,10,3,0,70,16,6,5892bc1196fd4db039ebd9932c1be9a2980b6969792012fb2e6126a2c4eeaf63,0,1092,137,4,False
TOKEN-CHANNEL-EFFICIENCY-20260923/source,development,n01440764/ILSVRC2012_val_00003014_n01440764,0,ba4269f89fdfc1ec6596d3da2afb4e19a03b1eca4a1722e30eed3d2a2bd8f7ec,not_applicable_source_reference,not_applicable_source_reference,False,6,arithmetic,920,920,920,arithmetic,2,0,10,3,13,96,16,6,da5e86f939efcb1c7f3d30d3d295989d114364e37964824a0cf8d2e472a491cd,30,920,115,0,False
TOKEN-CHANNEL-EFFICIENCY-20260923/source,development,n01440764/ILSVRC2012_val_00003014_n01440764,0,ba4269f89fdfc1ec6596d3da2afb4e19a03b1eca4a1722e30eed3d2a2bd8f7ec,not_applicable_source_reference,not_applicable_source_reference,False,7,raw,1860,1860,,raw,0,0,10,3,0,70,16,6,c043d994ccf3224f78e82bbc7dbea7375453b8314ac3e5d76947653274085951,0,1860,233,4,False
TOKEN-CHANNEL-EFFICIENCY-20260923/source,development,n01440764/ILSVRC2012_val_00003014_n01440764,0,ba4269f89fdfc1ec6596d3da2afb4e19a03b1eca4a1722e30eed3d2a2bd8f7ec,not_applicable_source_reference,not_applicable_source_reference,False,7,arithmetic,1562,1562,1562,arithmetic,4,0,10,3,13,96,16,6,52bf118b93a716412c31fabb86a73b7e94bf0636d5fabc1278cce3dc2eb3c366,30,1562,196,6,False
TOKEN-CHANNEL-EFFICIENCY-20260923/source,development,n01440764/ILSVRC2012_val_00003014_n01440764,0,ba4269f89fdfc1ec6596d3da2afb4e19a03b1eca4a1722e30eed3d2a2bd8f7ec,not_applicable_source_reference,not_applicable_source_reference,False,8,raw,3060,3060,,raw,0,0,10,3,0,70,16,6,80e8dc3111e9f2b0b1a89cfc911ffd10cb77882211f089ab0f97c94e55e23e07,0,3060,383,4,False
TOKEN-CHANNEL-EFFICIENCY-20260923/source,development,n01440764/ILSVRC2012_val_00003014_n01440764,0,ba4269f89fdfc1ec6596d3da2afb4e19a03b1eca4a1722e30eed3d2a2bd8f7ec,not_applicable_source_reference,not_applicable_source_reference,False,8,arithmetic,2612,2612,2612,arithmetic,3,0,10,3,13,96,16,6,674087e3cab8517dba39973d1aa402ceac3e20f2f07d9316ab47adab44a09af3,30,2612,327,4,False
TOKEN-CHANNEL-EFFICIENCY-20260923/source,development,n01440764/ILSVRC2012_val_00003014_n01440764,0,ba4269f89fdfc1ec6596d3da2afb4e19a03b1eca4a1722e30eed3d2a2bd8f7ec,not_applicable_source_reference,not_applicable_source_reference,False,9,raw,5088,5088,,raw,0,0,10,3,0,70,16,6,65d4f49e7459b3c4e91d9fe1b1697c856318ac930043ecd4b433b97ea981c926,0,5088,636,0,False
TOKEN-CHANNEL-EFFICIENCY-20260923/source,development,n01440764/ILSVRC2012_val_00003014_n01440764,0,ba4269f89fdfc1ec6596d3da2afb4e19a03b1eca4a1722e30eed3d2a2bd8f7ec,not_applicable_source_reference,not_applicable_source_reference,False,9,arithmetic,4214,4214,4214,arithmetic,5,0,10,3,13,96,16,6,06122f71f3bfb2f104d3d3ddf25e65956dff38e42d40d6a97880d23e7b4785fb,30,4214,527,2,False
TOKEN-CHANNEL-EFFICIENCY-20260923/source,development,n01440764/ILSVRC2012_val_00003014_n01440764,0,ba4269f89fdfc1ec6596d3da2afb4e19a03b1eca4a1722e30eed3d2a2bd8f7ec,not_applicable_source_reference,not_applicable_source_reference,False,10,raw,8160,8160,,raw,0,0,10,3,0,70,16,6,332f1382951bd3cdc5667af0531e97cb5d268db043aff3d63c5c9371121de193,0,8160,1020,0,False
TOKEN-CHANNEL-EFFICIENCY-20260923/source,development,n01440764/ILSVRC2012_val_00003014_n01440764,0,ba4269f89fdfc1ec6596d3da2afb4e19a03b1eca4a1722e30eed3d2a2bd8f7ec,not_applicable_source_reference,not_applicable_source_reference,False,10,arithmetic,6317,6317,6317,arithmetic,3,0,10,3,13,96,16,6,ffde2fe2eb7c237e2ce550fa61f20ad2e194a409da6722dbf238926bf9306a95,30,6317,790,3,False
TOKEN-CHANNEL-EFFICIENCY-20260923/source,development,n01601694/ILSVRC2012_val_00021656_n01601694,1,37b82f0d861ae3605d674a2cbb64be7cf20587648637da943b3560bfecd7ae35,not_applicable_source_reference,not_applicable_source_reference,False,6,raw,1092,1092,,raw,0,0,10,3,0,70,16,6,50e0768ab1ebbe4674ddb51b29c0a9d8bda1776194e26737908674d59f759fdb,0,1092,137,4,False
TOKEN-CHANNEL-EFFICIENCY-20260923/source,development,n01601694/ILSVRC2012_val_00021656_n01601694,1,37b82f0d861ae3605d674a2cbb64be7cf20587648637da943b3560bfecd7ae35,not_applicable_source_reference,not_applicable_source_reference,False,6,arithmetic,837,837,837,arithmetic,2,0,10,3,13,96,16,6,0ab57661e715cddcc8b9a625ba9c9d9dc4edc8fabfd87587288f4624c651a248,30,837,105,3,False
TOKEN-CHANNEL-EFFICIENCY-20260923/source,development,n01601694/ILSVRC2012_val_00021656_n01601694,1,37b82f0d861ae3605d674a2cbb64be7cf20587648637da943b3560bfecd7ae35,not_applicable_source_reference,not_applicable_source_reference,False,7,raw,1860,1860,,raw,0,0,10,3,0,70,16,6,a1007110d9bd473138ed1a4721dd773a56c8733a396e3e598180f6a65a94feba,0,1860,233,4,False
TOKEN-CHANNEL-EFFICIENCY-20260923/source,development,n01601694/ILSVRC2012_val_00021656_n01601694,1,37b82f0d861ae3605d674a2cbb64be7cf20587648637da943b3560bfecd7ae35,not_applicable_source_reference,not_applicable_source_reference,False,7,arithmetic,1513,1513,1513,arithmetic,5,0,10,3,13,96,16,6,1e74ee43fce4da09ec2ad9eab3e9e77c594cbcd2c792943856e5d69c94965905,30,1513,190,7,False
TOKEN-CHANNEL-EFFICIENCY-20260923/source,development,n01601694/ILSVRC2012_val_00021656_n01601694,1,37b82f0d861ae3605d674a2cbb64be7cf20587648637da943b3560bfecd7ae35,not_applicable_source_reference,not_applicable_source_reference,False,8,raw,3060,3060,,raw,0,0,10,3,0,70,16,6,2c13d61e0d9bcb8d5988b36dc5286ff2eb57da1ceed675b124d0cb26feae6b97,0,3060,383,4,False
TOKEN-CHANNEL-EFFICIENCY-20260923/source,development,n01601694/ILSVRC2012_val_00021656_n01601694,1,37b82f0d861ae3605d674a2cbb64be7cf20587648637da943b3560bfecd7ae35,not_applicable_source_reference,not_applicable_source_reference,False,8,arithmetic,2519,2519,2519,arithmetic,3,0,10,3,13,96,16,6,3b410c0dbcb8a40cb86b5b3fd3de84d31686b0ab4913e93e6eb1ac1e717aba45,30,2519,315,1,False
TOKEN-CHANNEL-EFFICIENCY-20260923/source,development,n01601694/ILSVRC2012_val_00021656_n01601694,1,37b82f0d861ae3605d674a2cbb64be7cf20587648637da943b3560bfecd7ae35,not_applicable_source_reference,not_applicable_source_reference,False,9,raw,5088,5088,,raw,0,0,10,3,0,70,16,6,430e0a421f7e5127b13a970f40f841656ea0487f386c4dfa75b0218bdb31fd67,0,5088,636,0,False
TOKEN-CHANNEL-EFFICIENCY-20260923/source,development,n01601694/ILSVRC2012_val_00021656_n01601694,1,37b82f0d861ae3605d674a2cbb64be7cf20587648637da943b3560bfecd7ae35,not_applicable_source_reference,not_applicable_source_reference,False,9,arithmetic,4116,4116,4116,arithmetic,4,0,10,3,13,96,16,6,9fc6f00e88662494a2d8397f9582729717a9956628f67d1f76de10f2c2ee7de1,30,4116,515,4,False
TOKEN-CHANNEL-EFFICIENCY-20260923/source,development,n01601694/ILSVRC2012_val_00021656_n01601694,1,37b82f0d861ae3605d674a2cbb64be7cf20587648637da943b3560bfecd7ae35,not_applicable_source_reference,not_applicable_source_reference,False,10,raw,8160,8160,,raw,0,0,10,3,0,70,16,6,fa88db6033415bac0782f71bb1cda74dc8e262ede9714bd9f4a7b81ecb9c004d,0,8160,1020,0,False
TOKEN-CHANNEL-EFFICIENCY-20260923/source,development,n01601694/ILSVRC2012_val_00021656_n01601694,1,37b82f0d861ae3605d674a2cbb64be7cf20587648637da943b3560bfecd7ae35,not_applicable_source_reference,not_applicable_source_reference,False,10,arithmetic,6488,6488,6488,arithmetic,3,0,10,3,13,96,16,6,139c2a1d0ca035174be82406b46517802361c6b13c462e0e4cda531e37ff09f0,30,6488,811,0,False
TOKEN-CHANNEL-EFFICIENCY-20260923/source,development,n01664065/ILSVRC2012_val_00014316_n01664065,2,835f79111e775834cb13588324bfd6b10fbdc1daf6dc7b4f72089c82175a910c,not_applicable_source_reference,not_applicable_source_reference,False,6,raw,1092,1092,,raw,0,0,10,3,0,70,16,6,927e07be3cdc401264f0b5b649749af7d091b57c5df986bbe884cdbae9985d41,0,1092,137,4,False
TOKEN-CHANNEL-EFFICIENCY-20260923/source,development,n01664065/ILSVRC2012_val_00014316_n01664065,2,835f79111e775834cb13588324bfd6b10fbdc1daf6dc7b4f72089c82175a910c,not_applicable_source_reference,not_applicable_source_reference,False,6,arithmetic,992,992,992,arithmetic,5,0,10,3,13,96,16,6,04e5c59a524972aea14c4a0d72c36275c5a583f6b8d03fc9f6bf2f480c0af780,30,992,124,0,False
TOKEN-CHANNEL-EFFICIENCY-20260923/source,development,n01664065/ILSVRC2012_val_00014316_n01664065,2,835f79111e775834cb13588324bfd6b10fbdc1daf6dc7b4f72089c82175a910c,not_applicable_source_reference,not_applicable_source_reference,False,7,raw,1860,1860,,raw,0,0,10,3,0,70,16,6,7b759fcf5b5e07c7eaa515a4929bacf50a09388a3beddc3f1531a24b90c78fd9,0,1860,233,4,False
TOKEN-CHANNEL-EFFICIENCY-20260923/source,development,n01664065/ILSVRC2012_val_00014316_n01664065,2,835f79111e775834cb13588324bfd6b10fbdc1daf6dc7b4f72089c82175a910c,not_applicable_source_reference,not_applicable_source_reference,False,7,arithmetic,1655,1655,1655,arithmetic,6,0,10,3,13,96,16,6,4b11c776ff3a6f40b861005a35a142f665d0efec5893f932bb7014786a4e8685,30,1655,207,1,False
TOKEN-CHANNEL-EFFICIENCY-20260923/source,development,n01664065/ILSVRC2012_val_00014316_n01664065,2,835f79111e775834cb13588324bfd6b10fbdc1daf6dc7b4f72089c82175a910c,not_applicable_source_reference,not_applicable_source_reference,False,8,raw,3060,3060,,raw,0,0,10,3,0,70,16,6,ae7a3485977eacbb938966fdd23d9ee5aea6281eaeda84e1e9a76baf60443eb3,0,3060,383,4,False
TOKEN-CHANNEL-EFFICIENCY-20260923/source,development,n01664065/ILSVRC2012_val_00014316_n01664065,2,835f79111e775834cb13588324bfd6b10fbdc1daf6dc7b4f72089c82175a910c,not_applicable_source_reference,not_applicable_source_reference,False,8,arithmetic,2696,2696,2696,arithmetic,2,0,10,3,13,96,16,6,4f5d43509eab79b349c2195e27cacda9752dee96f47b5a2330f1b45ee7301439,30,2696,337,0,False
TOKEN-CHANNEL-EFFICIENCY-20260923/source,development,n01664065/ILSVRC2012_val_00014316_n01664065,2,835f79111e775834cb13588324bfd6b10fbdc1daf6dc7b4f72089c82175a910c,not_applicable_source_reference,not_applicable_source_reference,False,9,raw,5088,5088,,raw,0,0,10,3,0,70,16,6,d003e734df59e928e172b83e1db375c7721a4f7eba6402952c64b98fc90f147f,0,5088,636,0,False
TOKEN-CHANNEL-EFFICIENCY-20260923/source,development,n01664065/ILSVRC2012_val_00014316_n01664065,2,835f79111e775834cb13588324bfd6b10fbdc1daf6dc7b4f72089c82175a910c,not_applicable_source_reference,not_applicable_source_reference,False,9,arithmetic,4411,4411,4411,arithmetic,5,0,10,3,13,96,16,6,430e5f310dc54e1588f26a85ceddd7e94eb51b128b6f649713669c9d1ce877dc,30,4411,552,5,False
TOKEN-CHANNEL-EFFICIENCY-20260923/source,development,n01664065/ILSVRC2012_val_00014316_n01664065,2,835f79111e775834cb13588324bfd6b10fbdc1daf6dc7b4f72089c82175a910c,not_applicable_source_reference,not_applicable_source_reference,False,10,raw,8160,8160,,raw,0,0,10,3,0,70,16,6,f716e85254734116012c4aaca07671ce41ecf6067ffa84da8ac773bf7b89cef4,0,8160,1020,0,False
TOKEN-CHANNEL-EFFICIENCY-20260923/source,development,n01664065/ILSVRC2012_val_00014316_n01664065,2,835f79111e775834cb13588324bfd6b10fbdc1daf6dc7b4f72089c82175a910c,not_applicable_source_reference,not_applicable_source_reference,False,10,arithmetic,6623,6623,6623,arithmetic,2,0,10,3,13,96,16,6,c65d3f2064785ffbfde04f4f7eea0bacaa08ac36a37ebc3c8d291334b431ad5a,30,6623,828,1,False
TOKEN-CHANNEL-EFFICIENCY-20260923/source,development,n01689811/ILSVRC2012_val_00020598_n01689811,3,1246570f41f66a19917cee1a8df75396e46c1432ca4c8f58e321a310b321915b,not_applicable_source_reference,not_applicable_source_reference,False,6,raw,1092,1092,,raw,0,0,10,3,0,70,16,6,93b29949148f31b6a3c04138c8fd39a28a2d33bb392c9ac01cf262dd9cac9bc0,0,1092,137,4,False
TOKEN-CHANNEL-EFFICIENCY-20260923/source,development,n01689811/ILSVRC2012_val_00020598_n01689811,3,1246570f41f66a19917cee1a8df75396e46c1432ca4c8f58e321a310b321915b,not_applicable_source_reference,not_applicable_source_reference,False,6,arithmetic,983,983,983,arithmetic,3,0,10,3,13,96,16,6,ff8860406db103c904699ef8d6ce265d3f6e9cfe468e662b6f6293fbc3afe94e,30,983,123,1,False
TOKEN-CHANNEL-EFFICIENCY-20260923/source,development,n01689811/ILSVRC2012_val_00020598_n01689811,3,1246570f41f66a19917cee1a8df75396e46c1432ca4c8f58e321a310b321915b,not_applicable_source_reference,not_applicable_source_reference,False,7,raw,1860,1860,,raw,0,0,10,3,0,70,16,6,daf6560f34a012778bcb55c9043e721fff2a947e4eb99398490338c6457aca95,0,1860,233,4,False
TOKEN-CHANNEL-EFFICIENCY-20260923/source,development,n01689811/ILSVRC2012_val_00020598_n01689811,3,1246570f41f66a19917cee1a8df75396e46c1432ca4c8f58e321a310b321915b,not_applicable_source_reference,not_applicable_source_reference,False,7,arithmetic,1655,1655,1655,arithmetic,3,0,10,3,13,96,16,6,7445ace752eccadef6d02f69e3a0a3c697473970eef59a23e1fd47d798fffe36,30,1655,207,1,False
TOKEN-CHANNEL-EFFICIENCY-20260923/source,development,n01689811/ILSVRC2012_val_00020598_n01689811,3,1246570f41f66a19917cee1a8df75396e46c1432ca4c8f58e321a310b321915b,not_applicable_source_reference,not_applicable_source_reference,False,8,raw,3060,3060,,raw,0,0,10,3,0,70,16,6,6f2903a3963719988ca5a3953e6a9246223c49579d62ae14cc8a3ebf9a9ce775,0,3060,383,4,False
TOKEN-CHANNEL-EFFICIENCY-20260923/source,development,n01689811/ILSVRC2012_val_00020598_n01689811,3,1246570f41f66a19917cee1a8df75396e46c1432ca4c8f58e321a310b321915b,not_applicable_source_reference,not_applicable_source_reference,False,8,arithmetic,2710,2710,2710,arithmetic,2,0,10,3,13,96,16,6,3be72e93477b9d268706f58b925d37876e045c63378e67b351575b2fadebd4df,30,2710,339,2,False
TOKEN-CHANNEL-EFFICIENCY-20260923/source,development,n01689811/ILSVRC2012_val_00020598_n01689811,3,1246570f41f66a19917cee1a8df75396e46c1432ca4c8f58e321a310b321915b,not_applicable_source_reference,not_applicable_source_reference,False,9,raw,5088,5088,,raw,0,0,10,3,0,70,16,6,96a4efe79b6c0a502b5f101b072761bafeac93a7e248dd12d128d199b7bbcb39,0,5088,636,0,False
TOKEN-CHANNEL-EFFICIENCY-20260923/source,development,n01689811/ILSVRC2012_val_00020598_n01689811,3,1246570f41f66a19917cee1a8df75396e46c1432ca4c8f58e321a310b321915b,not_applicable_source_reference,not_applicable_source_reference,False,9,arithmetic,4367,4367,4367,arithmetic,2,0,10,3,13,96,16,6,c42088c9d629fa62afa28d6544031735e9ee2f640d5198f51208d13a0da3b7f1,30,4367,546,1,False
TOKEN-CHANNEL-EFFICIENCY-20260923/source,development,n01689811/ILSVRC2012_val_00020598_n01689811,3,1246570f41f66a19917cee1a8df75396e46c1432ca4c8f58e321a310b321915b,not_applicable_source_reference,not_applicable_source_reference,False,10,raw,8160,8160,,raw,0,0,10,3,0,70,16,6,ce26abbd87199f3a2996fe6c294e4159de610b170429bfc6319e6a22d0765959,0,8160,1020,0,False
TOKEN-CHANNEL-EFFICIENCY-20260923/source,development,n01689811/ILSVRC2012_val_00020598_n01689811,3,1246570f41f66a19917cee1a8df75396e46c1432ca4c8f58e321a310b321915b,not_applicable_source_reference,not_applicable_source_reference,False,10,arithmetic,6606,6606,6606,arithmetic,2,0,10,3,13,96,16,6,3f4b724aa0cbb90f76aacf5c53cdfac4f36e5116aa7aeb564a29489ba8966ea7,30,6606,826,2,False
TOKEN-CHANNEL-EFFICIENCY-20260923/source,development,n01735189/ILSVRC2012_val_00006699_n01735189,4,94658fdd83ae6734124089a0da860094f78c13469d89519dbe2f21027a4d01d0,not_applicable_source_reference,not_applicable_source_reference,False,6,raw,1092,1092,,raw,0,0,10,3,0,70,16,6,093772adf70ec95fb716aa47e834bb4da827a131969eb72045b228a32ddcffe6,0,1092,137,4,False
TOKEN-CHANNEL-EFFICIENCY-20260923/source,development,n01735189/ILSVRC2012_val_00006699_n01735189,4,94658fdd83ae6734124089a0da860094f78c13469d89519dbe2f21027a4d01d0,not_applicable_source_reference,not_applicable_source_reference,False,6,arithmetic,982,982,982,arithmetic,3,0,10,3,13,96,16,6,95c74aa5fb18cd3451043dcedfddff66554c5b36ddd510fed57b33748714ce65,30,982,123,2,False
TOKEN-CHANNEL-EFFICIENCY-20260923/source,development,n01735189/ILSVRC2012_val_00006699_n01735189,4,94658fdd83ae6734124089a0da860094f78c13469d89519dbe2f21027a4d01d0,not_applicable_source_reference,not_applicable_source_reference,False,7,raw,1860,1860,,raw,0,0,10,3,0,70,16,6,00bc16297d51c1bb4fab6faf3ca09f82e139dc5f97c8aaf06bf1b4c787b23fcb,0,1860,233,4,False
TOKEN-CHANNEL-EFFICIENCY-20260923/source,development,n01735189/ILSVRC2012_val_00006699_n01735189,4,94658fdd83ae6734124089a0da860094f78c13469d89519dbe2f21027a4d01d0,not_applicable_source_reference,not_applicable_source_reference,False,7,arithmetic,1661,1661,1661,arithmetic,4,0,10,3,13,96,16,6,a1be4589c5b71229a9140979cbe7eb88a5da8edf25027f1c9b002afa05158b26,30,1661,208,3,False
TOKEN-CHANNEL-EFFICIENCY-20260923/source,development,n01735189/ILSVRC2012_val_00006699_n01735189,4,94658fdd83ae6734124089a0da860094f78c13469d89519dbe2f21027a4d01d0,not_applicable_source_reference,not_applicable_source_reference,False,8,raw,3060,3060,,raw,0,0,10,3,0,70,16,6,388d9340723405222241455bc01437133a9f323b958b4293a39b235bd8617c70,0,3060,383,4,False
TOKEN-CHANNEL-EFFICIENCY-20260923/source,development,n01735189/ILSVRC2012_val_00006699_n01735189,4,94658fdd83ae6734124089a0da860094f78c13469d89519dbe2f21027a4d01d0,not_applicable_source_reference,not_applicable_source_reference,False,8,arithmetic,2635,2635,2635,arithmetic,2,0,10,3,13,96,16,6,d8d4fda6fe4e794bbdd1cae41d04915ee9c0466b4b2465dac72cc8e192ebd3ac,30,2635,330,5,False
TOKEN-CHANNEL-EFFICIENCY-20260923/source,development,n01735189/ILSVRC2012_val_00006699_n01735189,4,94658fdd83ae6734124089a0da860094f78c13469d89519dbe2f21027a4d01d0,not_applicable_source_reference,not_applicable_source_reference,False,9,raw,5088,5088,,raw,0,0,10,3,0,70,16,6,2284eb624b13dc48a50d557377950c9e0f286c73aa394563790a44d6aa3833c1,0,5088,636,0,False
TOKEN-CHANNEL-EFFICIENCY-20260923/source,development,n01735189/ILSVRC2012_val_00006699_n01735189,4,94658fdd83ae6734124089a0da860094f78c13469d89519dbe2f21027a4d01d0,not_applicable_source_reference,not_applicable_source_reference,False,9,arithmetic,4253,4253,4253,arithmetic,2,0,10,3,13,96,16,6,4078d0e555ad4b14164db147e6dc815a001a94d128c10490d5227361f7398e8a,30,4253,532,3,False
TOKEN-CHANNEL-EFFICIENCY-20260923/source,development,n01735189/ILSVRC2012_val_00006699_n01735189,4,94658fdd83ae6734124089a0da860094f78c13469d89519dbe2f21027a4d01d0,not_applicable_source_reference,not_applicable_source_reference,False,10,raw,8160,8160,,raw,0,0,10,3,0,70,16,6,a38e386c6965aabedd7e6a4faa8014cd1da5b0075004773ede7d4fdaa8528b7e,0,8160,1020,0,False
TOKEN-CHANNEL-EFFICIENCY-20260923/source,development,n01735189/ILSVRC2012_val_00006699_n01735189,4,94658fdd83ae6734124089a0da860094f78c13469d89519dbe2f21027a4d01d0,not_applicable_source_reference,not_applicable_source_reference,False,10,arithmetic,6417,6417,6417,arithmetic,4,0,10,3,13,96,16,6,aa81ef13f59f35d8d994b26a7ff0a4bd3fce3f63edd54ccee8d87801d3e0e8b4,30,6417,803,7,False
TOKEN-CHANNEL-EFFICIENCY-20260923/source,development,n01744401/ILSVRC2012_val_00032663_n01744401,5,7cd8922d351c72ca0e054807bf7621a297c52a9b1114bd0c0df22ed2f8a4f66f,not_applicable_source_reference,not_applicable_source_reference,False,6,raw,1092,1092,,raw,0,0,10,3,0,70,16,6,70477fd3682e1b384b711bb4230c9606996aa6de2c755d58b5617ec61c70ba4f,0,1092,137,4,False
TOKEN-CHANNEL-EFFICIENCY-20260923/source,development,n01744401/ILSVRC2012_val_00032663_n01744401,5,7cd8922d351c72ca0e054807bf7621a297c52a9b1114bd0c0df22ed2f8a4f66f,not_applicable_source_reference,not_applicable_source_reference,False,6,arithmetic,855,855,855,arithmetic,3,0,10,3,13,96,16,6,2f41bf264ee65680862cc2b5d97d6e0e680e5ff20e5dbe43e727b1b7d9e4e23a,30,855,107,1,False
TOKEN-CHANNEL-EFFICIENCY-20260923/source,development,n01744401/ILSVRC2012_val_00032663_n01744401,5,7cd8922d351c72ca0e054807bf7621a297c52a9b1114bd0c0df22ed2f8a4f66f,not_applicable_source_reference,not_applicable_source_reference,False,7,raw,1860,1860,,raw,0,0,10,3,0,70,16,6,850314dcb9c2a65b0d9ed72e281f336871cfc9e09749a7ac8861d1324a83bfc4,0,1860,233,4,False
TOKEN-CHANNEL-EFFICIENCY-20260923/source,development,n01744401/ILSVRC2012_val_00032663_n01744401,5,7cd8922d351c72ca0e054807bf7621a297c52a9b1114bd0c0df22ed2f8a4f66f,not_applicable_source_reference,not_applicable_source_reference,False,7,arithmetic,1518,1518,1518,arithmetic,3,0,10,3,13,96,16,6,09552c5fbec3dc5b5af17c7c418723374a2ef6ce675ec1332f4dbf06d231956a,30,1518,190,2,False
TOKEN-CHANNEL-EFFICIENCY-20260923/source,development,n01744401/ILSVRC2012_val_00032663_n01744401,5,7cd8922d351c72ca0e054807bf7621a297c52a9b1114bd0c0df22ed2f8a4f66f,not_applicable_source_reference,not_applicable_source_reference,False,8,raw,3060,3060,,raw,0,0,10,3,0,70,16,6,fbd0309d6391e823d0cf42b92f2c5cde3733eaaa8748340596e1094cfea85d56,0,3060,383,4,False
TOKEN-CHANNEL-EFFICIENCY-20260923/source,development,n01744401/ILSVRC2012_val_00032663_n01744401,5,7cd8922d351c72ca0e054807bf7621a297c52a9b1114bd0c0df22ed2f8a4f66f,not_applicable_source_reference,not_applicable_source_reference,False,8,arithmetic,2445,2445,2445,arithmetic,2,0,10,3,13,96,16,6,3d4585d22dae67c448aa09ece9b94226c10837ebbbaafcac29b0b74513bded46,30,2445,306,3,False
TOKEN-CHANNEL-EFFICIENCY-20260923/source,development,n01744401/ILSVRC2012_val_00032663_n01744401,5,7cd8922d351c72ca0e054807bf7621a297c52a9b1114bd0c0df22ed2f8a4f66f,not_applicable_source_reference,not_applicable_source_reference,False,9,raw,5088,5088,,raw,0,0,10,3,0,70,16,6,d4a367f7eadf25aa564421215a36a4a85bb4e835b9f899b69520b9c7d7e3df99,0,5088,636,0,False
TOKEN-CHANNEL-EFFICIENCY-20260923/source,development,n01744401/ILSVRC2012_val_00032663_n01744401,5,7cd8922d351c72ca0e054807bf7621a297c52a9b1114bd0c0df22ed2f8a4f66f,not_applicable_source_reference,not_applicable_source_reference,False,9,arithmetic,3985,3985,3985,arithmetic,2,0,10,3,13,96,16,6,e45e88a2bf84f716b2850a99818d1171e94a6695bb49daacc8a12929d1cc2577,30,3985,499,7,False
TOKEN-CHANNEL-EFFICIENCY-20260923/source,development,n01744401/ILSVRC2012_val_00032663_n01744401,5,7cd8922d351c72ca0e054807bf7621a297c52a9b1114bd0c0df22ed2f8a4f66f,not_applicable_source_reference,not_applicable_source_reference,False,10,raw,8160,8160,,raw,0,0,10,3,0,70,16,6,48517d702e1a4c2e3d427efea6dec1455b7093901c761c304dda18207bddba5f,0,8160,1020,0,False
TOKEN-CHANNEL-EFFICIENCY-20260923/source,development,n01744401/ILSVRC2012_val_00032663_n01744401,5,7cd8922d351c72ca0e054807bf7621a297c52a9b1114bd0c0df22ed2f8a4f66f,not_applicable_source_reference,not_applicable_source_reference,False,10,arithmetic,6251,6251,6251,arithmetic,2,0,10,3,13,96,16,6,8092ab9f1a1f754220cf8065366bf8a3bbcd79906b6eab12a1438005e23f416f,30,6251,782,5,False
TOKEN-CHANNEL-EFFICIENCY-20260923/source,development,n01751748/ILSVRC2012_val_00033157_n01751748,6,83149bf37e64c45c4c66758e8f8a09068ddae230eee2229359b65dada673f84b,not_applicable_source_reference,not_applicable_source_reference,False,6,raw,1092,1092,,raw,0,0,10,3,0,70,16,6,ba1c68530a79788c21df211f6abbe7ce08531bc4e969b72979ead27bff0f45ee,0,1092,137,4,False
TOKEN-CHANNEL-EFFICIENCY-20260923/source,development,n01751748/ILSVRC2012_val_00033157_n01751748,6,83149bf37e64c45c4c66758e8f8a09068ddae230eee2229359b65dada673f84b,not_applicable_source_reference,not_applicable_source_reference,False,6,arithmetic,910,910,910,arithmetic,3,0,10,3,13,96,16,6,ca2df1d0400e498713714cf7e676376ce3e3ba3c56682ca16a905d6551b2dd1a,30,910,114,2,False
TOKEN-CHANNEL-EFFICIENCY-20260923/source,development,n01751748/ILSVRC2012_val_00033157_n01751748,6,83149bf37e64c45c4c66758e8f8a09068ddae230eee2229359b65dada673f84b,not_applicable_source_reference,not_applicable_source_reference,False,7,raw,1860,1860,,raw,0,0,10,3,0,70,16,6,e8f8818e435a74fc32114c94eaa50a7dfeb661f1f14fa25a13cb0f460e8e7592,0,1860,233,4,False
TOKEN-CHANNEL-EFFICIENCY-20260923/source,development,n01751748/ILSVRC2012_val_00033157_n01751748,6,83149bf37e64c45c4c66758e8f8a09068ddae230eee2229359b65dada673f84b,not_applicable_source_reference,not_applicable_source_reference,False,7,arithmetic,1611,1611,1611,arithmetic,2,0,10,3,13,96,16,6,3fd433196e17b27b09fb01a9f11116035aa89b987ac447a7919dacc043bcaa35,30,1611,202,5,False
TOKEN-CHANNEL-EFFICIENCY-20260923/source,development,n01751748/ILSVRC2012_val_00033157_n01751748,6,83149bf37e64c45c4c66758e8f8a09068ddae230eee2229359b65dada673f84b,not_applicable_source_reference,not_applicable_source_reference,False,8,raw,3060,3060,,raw,0,0,10,3,0,70,16,6,aec1fb31c566d9bbdf8a97fca95312559e5a71e6c1a8eee969d9252ba5c745bf,0,3060,383,4,False
TOKEN-CHANNEL-EFFICIENCY-20260923/source,development,n01751748/ILSVRC2012_val_00033157_n01751748,6,83149bf37e64c45c4c66758e8f8a09068ddae230eee2229359b65dada673f84b,not_applicable_source_reference,not_applicable_source_reference,False,8,arithmetic,2585,2585,2585,arithmetic,2,0,10,3,13,96,16,6,4256411a7afc3157dca9760999f3063f82c8ebbbd6678527adfddc38b3745c7a,30,2585,324,7,False
TOKEN-CHANNEL-EFFICIENCY-20260923/source,development,n01751748/ILSVRC2012_val_00033157_n01751748,6,83149bf37e64c45c4c66758e8f8a09068ddae230eee2229359b65dada673f84b,not_applicable_source_reference,not_applicable_source_reference,False,9,raw,5088,5088,,raw,0,0,10,3,0,70,16,6,46233d38b45e221e0e09b962ca54ec04a0ef10152e098ec1b0bceff3668bf74f,0,5088,636,0,False
TOKEN-CHANNEL-EFFICIENCY-20260923/source,development,n01751748/ILSVRC2012_val_00033157_n01751748,6,83149bf37e64c45c4c66758e8f8a09068ddae230eee2229359b65dada673f84b,not_applicable_source_reference,not_applicable_source_reference,False,9,arithmetic,4227,4227,4227,arithmetic,2,0,10,3,13,96,16,6,74ae80e8b746564e2d3a64a8bcbc6f5adfffdff25f2460315886604e29a62f2f,30,4227,529,5,False
TOKEN-CHANNEL-EFFICIENCY-20260923/source,development,n01751748/ILSVRC2012_val_00033157_n01751748,6,83149bf37e64c45c4c66758e8f8a09068ddae230eee2229359b65dada673f84b,not_applicable_source_reference,not_applicable_source_reference,False,10,raw,8160,8160,,raw,0,0,10,3,0,70,16,6,6a93ca34f8db9a760db1ce5b6292704ade4c89f06aa73519c09dbe86ebb778df,0,8160,1020,0,False
TOKEN-CHANNEL-EFFICIENCY-20260923/source,development,n01751748/ILSVRC2012_val_00033157_n01751748,6,83149bf37e64c45c4c66758e8f8a09068ddae230eee2229359b65dada673f84b,not_applicable_source_reference,not_applicable_source_reference,False,10,arithmetic,6567,6567,6567,arithmetic,3,0,10,3,13,96,16,6,c86a0607c99db32dbcd7830a43d04efb693843012effb47a6c74d97672e32410,30,6567,821,1,False
TOKEN-CHANNEL-EFFICIENCY-20260923/source,development,n01775062/ILSVRC2012_val_00036589_n01775062,7,b2d5003b689d41aae33350a9998fe67c924460940402a10b7c4f865434b3d5ed,not_applicable_source_reference,not_applicable_source_reference,False,6,raw,1092,1092,,raw,0,0,10,3,0,70,16,6,f9f28453a129becb09b91e4251b7f9aa7672aa52039fd4a75d1530bc23f56ad5,0,1092,137,4,False
TOKEN-CHANNEL-EFFICIENCY-20260923/source,development,n01775062/ILSVRC2012_val_00036589_n01775062,7,b2d5003b689d41aae33350a9998fe67c924460940402a10b7c4f865434b3d5ed,not_applicable_source_reference,not_applicable_source_reference,False,6,arithmetic,946,946,946,arithmetic,5,0,10,3,13,96,16,6,5fb47f685aaaf680f09b82b7d71c36ec27359b607427dca2e6a6ba99fe974f6a,30,946,119,6,False
TOKEN-CHANNEL-EFFICIENCY-20260923/source,development,n01775062/ILSVRC2012_val_00036589_n01775062,7,b2d5003b689d41aae33350a9998fe67c924460940402a10b7c4f865434b3d5ed,not_applicable_source_reference,not_applicable_source_reference,False,7,raw,1860,1860,,raw,0,0,10,3,0,70,16,6,f4a11b4665faca164260c9133c6e242182252254b5ac89c2d3fca2a29b3370c6,0,1860,233,4,False
TOKEN-CHANNEL-EFFICIENCY-20260923/source,development,n01775062/ILSVRC2012_val_00036589_n01775062,7,b2d5003b689d41aae33350a9998fe67c924460940402a10b7c4f865434b3d5ed,not_applicable_source_reference,not_applicable_source_reference,False,7,arithmetic,1605,1605,1605,arithmetic,2,0,10,3,13,96,16,6,82e0fd32ce2ead3e6e214d4395d6f2cc424e64139b6c4104eaad08f10b45d696,30,1605,201,3,False
TOKEN-CHANNEL-EFFICIENCY-20260923/source,development,n01775062/ILSVRC2012_val_00036589_n01775062,7,b2d5003b689d41aae33350a9998fe67c924460940402a10b7c4f865434b3d5ed,not_applicable_source_reference,not_applicable_source_reference,False,8,raw,3060,3060,,raw,0,0,10,3,0,70,16,6,98a946532e499d79d013c060fb9c2b7ee4d27a4bef8995181c9aa923bc35ea66,0,3060,383,4,False
TOKEN-CHANNEL-EFFICIENCY-20260923/source,development,n01775062/ILSVRC2012_val_00036589_n01775062,7,b2d5003b689d41aae33350a9998fe67c924460940402a10b7c4f865434b3d5ed,not_applicable_source_reference,not_applicable_source_reference,False,8,arithmetic,2620,2620,2620,arithmetic,2,0,10,3,13,96,16,6,47460e9b95ccae67f3962e0247ef15269ed8220f0fc965803369dfd98dc26d5a,30,2620,328,4,False
TOKEN-CHANNEL-EFFICIENCY-20260923/source,development,n01775062/ILSVRC2012_val_00036589_n01775062,7,b2d5003b689d41aae33350a9998fe67c924460940402a10b7c4f865434b3d5ed,not_applicable_source_reference,not_applicable_source_reference,False,9,raw,5088,5088,,raw,0,0,10,3,0,70,16,6,4fa1bd4fb71573b5a0456ca6194e7cc27307bad3a91c67203aba616212af1666,0,5088,636,0,False
TOKEN-CHANNEL-EFFICIENCY-20260923/source,development,n01775062/ILSVRC2012_val_00036589_n01775062,7,b2d5003b689d41aae33350a9998fe67c924460940402a10b7c4f865434b3d5ed,not_applicable_source_reference,not_applicable_source_reference,False,9,arithmetic,4298,4298,4298,arithmetic,3,0,10,3,13,96,16,6,48607709a34a409ed0bdc42a571259b4b3e3fa81e1132b9ed851b91a72b385de,30,4298,538,6,False
TOKEN-CHANNEL-EFFICIENCY-20260923/source,development,n01775062/ILSVRC2012_val_00036589_n01775062,7,b2d5003b689d41aae33350a9998fe67c924460940402a10b7c4f865434b3d5ed,not_applicable_source_reference,not_applicable_source_reference,False,10,raw,8160,8160,,raw,0,0,10,3,0,70,16,6,866d0658f67fe4310d7b5f1a89e99ec485f07d212df5f19bd4e2bf64250e5dc8,0,8160,1020,0,False
TOKEN-CHANNEL-EFFICIENCY-20260923/source,development,n01775062/ILSVRC2012_val_00036589_n01775062,7,b2d5003b689d41aae33350a9998fe67c924460940402a10b7c4f865434b3d5ed,not_applicable_source_reference,not_applicable_source_reference,False,10,arithmetic,6378,6378,6378,arithmetic,3,0,10,3,13,96,16,6,f480231fc616d39417d929867eeff347b4a17fe0f26ea8362bea8dc3ea418292,30,6378,798,6,False
TOKEN-CHANNEL-EFFICIENCY-20260923/source,development,n01843383/ILSVRC2012_val_00005901_n01843383,8,bf69dd09dadfb949dc2d90d20cb7f37908bb912676f698d73819557a49f31ce1,not_applicable_source_reference,not_applicable_source_reference,False,6,raw,1092,1092,,raw,0,0,10,3,0,70,16,6,b839942e154fccb47afe7ad8e2e5a77d36899c688602996a207e3eea299edb69,0,1092,137,4,False
TOKEN-CHANNEL-EFFICIENCY-20260923/source,development,n01843383/ILSVRC2012_val_00005901_n01843383,8,bf69dd09dadfb949dc2d90d20cb7f37908bb912676f698d73819557a49f31ce1,not_applicable_source_reference,not_applicable_source_reference,False,6,arithmetic,975,975,975,arithmetic,2,0,10,3,13,96,16,6,54ba4c912de56d1a1ad015dd49d375dec163ca080168566078d61eaf48d0836f,30,975,122,1,False
TOKEN-CHANNEL-EFFICIENCY-20260923/source,development,n01843383/ILSVRC2012_val_00005901_n01843383,8,bf69dd09dadfb949dc2d90d20cb7f37908bb912676f698d73819557a49f31ce1,not_applicable_source_reference,not_applicable_source_reference,False,7,raw,1860,1860,,raw,0,0,10,3,0,70,16,6,cacde69a16c47b6b65791a1c0824de19efb6e3454fd98139ec517e19dbab40d5,0,1860,233,4,False
TOKEN-CHANNEL-EFFICIENCY-20260923/source,development,n01843383/ILSVRC2012_val_00005901_n01843383,8,bf69dd09dadfb949dc2d90d20cb7f37908bb912676f698d73819557a49f31ce1,not_applicable_source_reference,not_applicable_source_reference,False,7,arithmetic,1668,1668,1668,arithmetic,2,0,10,3,13,96,16,6,0e1b55ca7c5e7dd7cac15e4e12a4b62f82f64628a656c5a83c3d37a017780ede,30,1668,209,4,False
TOKEN-CHANNEL-EFFICIENCY-20260923/source,development,n01843383/ILSVRC2012_val_00005901_n01843383,8,bf69dd09dadfb949dc2d90d20cb7f37908bb912676f698d73819557a49f31ce1,not_applicable_source_reference,not_applicable_source_reference,False,8,raw,3060,3060,,raw,0,0,10,3,0,70,16,6,9ad032d839e2eda4870554234fbd32c39e6b6525da81ec551dec2a9634b33ee0,0,3060,383,4,False
TOKEN-CHANNEL-EFFICIENCY-20260923/source,development,n01843383/ILSVRC2012_val_00005901_n01843383,8,bf69dd09dadfb949dc2d90d20cb7f37908bb912676f698d73819557a49f31ce1,not_applicable_source_reference,not_applicable_source_reference,False,8,arithmetic,2707,2707,2707,arithmetic,2,0,10,3,13,96,16,6,63bd0609e00e775c9cd18d2122b6fd3fd771b301f43aa87e5e4444756abd38bf,30,2707,339,5,False
TOKEN-CHANNEL-EFFICIENCY-20260923/source,development,n01843383/ILSVRC2012_val_00005901_n01843383,8,bf69dd09dadfb949dc2d90d20cb7f37908bb912676f698d73819557a49f31ce1,not_applicable_source_reference,not_applicable_source_reference,False,9,raw,5088,5088,,raw,0,0,10,3,0,70,16,6,3d37244fee3a4d49ac5ebea3db1991b26fb673c12dad01c92feecd1767b8667a,0,5088,636,0,False
TOKEN-CHANNEL-EFFICIENCY-20260923/source,development,n01843383/ILSVRC2012_val_00005901_n01843383,8,bf69dd09dadfb949dc2d90d20cb7f37908bb912676f698d73819557a49f31ce1,not_applicable_source_reference,not_applicable_source_reference,False,9,arithmetic,4325,4325,4325,arithmetic,2,0,10,3,13,96,16,6,0ebb8fa2abcaa68d7f3de3161696af52d30d517fff225a18def110f7888f2fe6,30,4325,541,3,False
TOKEN-CHANNEL-EFFICIENCY-20260923/source,development,n01843383/ILSVRC2012_val_00005901_n01843383,8,bf69dd09dadfb949dc2d90d20cb7f37908bb912676f698d73819557a49f31ce1,not_applicable_source_reference,not_applicable_source_reference,False,10,raw,8160,8160,,raw,0,0,10,3,0,70,16,6,34ff294a7578a9060f190d9f3db62aa1357e6f94342926b735ad29572c0e1d80,0,8160,1020,0,False
TOKEN-CHANNEL-EFFICIENCY-20260923/source,development,n01843383/ILSVRC2012_val_00005901_n01843383,8,bf69dd09dadfb949dc2d90d20cb7f37908bb912676f698d73819557a49f31ce1,not_applicable_source_reference,not_applicable_source_reference,False,10,arithmetic,6481,6481,6481,arithmetic,2,0,10,3,13,96,16,6,f18f4fdb80c10994a06ea8bd163dcfc5eca6062ae8e7f394483bf2ef2bb5ba7a,30,6481,811,7,False
TOKEN-CHANNEL-EFFICIENCY-20260923/source,development,n01860187/ILSVRC2012_val_00021594_n01860187,9,64a3034f4043379fad126e4f69b4f653f00c0fef8cadcef0ee65d293ad7bb37a,not_applicable_source_reference,not_applicable_source_reference,False,6,raw,1092,1092,,raw,0,0,10,3,0,70,16,6,a8aeabd4401d74b534a31f7056db16fcf421f8cbcf2ab232c2920ad8c59e3c73,0,1092,137,4,False
TOKEN-CHANNEL-EFFICIENCY-20260923/source,development,n01860187/ILSVRC2012_val_00021594_n01860187,9,64a3034f4043379fad126e4f69b4f653f00c0fef8cadcef0ee65d293ad7bb37a,not_applicable_source_reference,not_applicable_source_reference,False,6,arithmetic,900,900,900,arithmetic,2,0,10,3,13,96,16,6,308a3e12fd6c765b0465f4898c456ff93cf5717ef30910832777a1874266f4c3,30,900,113,4,False
TOKEN-CHANNEL-EFFICIENCY-20260923/source,development,n01860187/ILSVRC2012_val_00021594_n01860187,9,64a3034f4043379fad126e4f69b4f653f00c0fef8cadcef0ee65d293ad7bb37a,not_applicable_source_reference,not_applicable_source_reference,False,7,raw,1860,1860,,raw,0,0,10,3,0,70,16,6,21b0d51eeaf16187c514d670ad6c90004a6040e75909ed9f36749a84ccbda794,0,1860,233,4,False
TOKEN-CHANNEL-EFFICIENCY-20260923/source,development,n01860187/ILSVRC2012_val_00021594_n01860187,9,64a3034f4043379fad126e4f69b4f653f00c0fef8cadcef0ee65d293ad7bb37a,not_applicable_source_reference,not_applicable_source_reference,False,7,arithmetic,1552,1552,1552,arithmetic,2,0,10,3,13,96,16,6,9a1dc9fc8f59e945099bcfd1634b4bfa3e2eb18045e0c3461fb702a4898cb81f,30,1552,194,0,False
TOKEN-CHANNEL-EFFICIENCY-20260923/source,development,n01860187/ILSVRC2012_val_00021594_n01860187,9,64a3034f4043379fad126e4f69b4f653f00c0fef8cadcef0ee65d293ad7bb37a,not_applicable_source_reference,not_applicable_source_reference,False,8,raw,3060,3060,,raw,0,0,10,3,0,70,16,6,268e67ba5d2e1a55950dfe3ed502c199c9677f778f9224deea52bcb25fff8139,0,3060,383,4,False
TOKEN-CHANNEL-EFFICIENCY-20260923/source,development,n01860187/ILSVRC2012_val_00021594_n01860187,9,64a3034f4043379fad126e4f69b4f653f00c0fef8cadcef0ee65d293ad7bb37a,not_applicable_source_reference,not_applicable_source_reference,False,8,arithmetic,2539,2539,2539,arithmetic,2,0,10,3,13,96,16,6,4e0bd7b099aa98bfa63f66e1d95d56d0b6b081dc63f769ecc966bf9b176150b1,30,2539,318,5,False
TOKEN-CHANNEL-EFFICIENCY-20260923/source,development,n01860187/ILSVRC2012_val_00021594_n01860187,9,64a3034f4043379fad126e4f69b4f653f00c0fef8cadcef0ee65d293ad7bb37a,not_applicable_source_reference,not_applicable_source_reference,False,9,raw,5088,5088,,raw,0,0,10,3,0,70,16,6,dc3d47c4010174bc00bfdf34d1e5bb001812f022a82cb4138d99a88dbb046202,0,5088,636,0,False
TOKEN-CHANNEL-EFFICIENCY-20260923/source,development,n01860187/ILSVRC2012_val_00021594_n01860187,9,64a3034f4043379fad126e4f69b4f653f00c0fef8cadcef0ee65d293ad7bb37a,not_applicable_source_reference,not_applicable_source_reference,False,9,arithmetic,4180,4180,4180,arithmetic,2,0,10,3,13,96,16,6,f626c9a62f2ae733363b5b61ea815e8070d73202fb3c81ce40688d4fc8b7caef,30,4180,523,4,False
TOKEN-CHANNEL-EFFICIENCY-20260923/source,development,n01860187/ILSVRC2012_val_00021594_n01860187,9,64a3034f4043379fad126e4f69b4f653f00c0fef8cadcef0ee65d293ad7bb37a,not_applicable_source_reference,not_applicable_source_reference,False,10,raw,8160,8160,,raw,0,0,10,3,0,70,16,6,d49c820a8d38243b95e150ee99c2517bc4ee15ff7ff5becb54fdb347b34a362f,0,8160,1020,0,False
TOKEN-CHANNEL-EFFICIENCY-20260923/source,development,n01860187/ILSVRC2012_val_00021594_n01860187,9,64a3034f4043379fad126e4f69b4f653f00c0fef8cadcef0ee65d293ad7bb37a,not_applicable_source_reference,not_applicable_source_reference,False,10,arithmetic,6342,6342,6342,arithmetic,3,0,10,3,13,96,16,6,f47dc32514bfc869e22876bb3c9a03f62306ba4b1b2a41abac9f39107ec80640,30,6342,793,2,False
TOKEN-CHANNEL-EFFICIENCY-20260923/source,development,n01882714/ILSVRC2012_val_00019996_n01882714,10,b2bb1bfcc62415aa32d898a4dc5e48c533b895d5a507861a0f4e2c2d93d34bc2,not_applicable_source_reference,not_applicable_source_reference,False,6,raw,1092,1092,,raw,0,0,10,3,0,70,16,6,30c6da561f63c78644cf8989b16f2111e088f313eb3aaea70d81d21b97acc06b,0,1092,137,4,False
TOKEN-CHANNEL-EFFICIENCY-20260923/source,development,n01882714/ILSVRC2012_val_00019996_n01882714,10,b2bb1bfcc62415aa32d898a4dc5e48c533b895d5a507861a0f4e2c2d93d34bc2,not_applicable_source_reference,not_applicable_source_reference,False,6,arithmetic,939,939,939,arithmetic,2,0,10,3,13,96,16,6,f8f63ad7dfe798157b2cb70388373143a91ebf6a1ebdcbe06197304cfca1ed95,30,939,118,5,False
TOKEN-CHANNEL-EFFICIENCY-20260923/source,development,n01882714/ILSVRC2012_val_00019996_n01882714,10,b2bb1bfcc62415aa32d898a4dc5e48c533b895d5a507861a0f4e2c2d93d34bc2,not_applicable_source_reference,not_applicable_source_reference,False,7,raw,1860,1860,,raw,0,0,10,3,0,70,16,6,71cd4ecb31691ff1dd98e291efeabe0c7423d175b0b6a309857999635c331d7a,0,1860,233,4,False
TOKEN-CHANNEL-EFFICIENCY-20260923/source,development,n01882714/ILSVRC2012_val_00019996_n01882714,10,b2bb1bfcc62415aa32d898a4dc5e48c533b895d5a507861a0f4e2c2d93d34bc2,not_applicable_source_reference,not_applicable_source_reference,False,7,arithmetic,1539,1539,1539,arithmetic,2,0,10,3,13,96,16,6,25f5d4017a011ef315be14b6b2a56ec567273ef4246ef44a475641de8a17a6e4,30,1539,193,5,False
TOKEN-CHANNEL-EFFICIENCY-20260923/source,development,n01882714/ILSVRC2012_val_00019996_n01882714,10,b2bb1bfcc62415aa32d898a4dc5e48c533b895d5a507861a0f4e2c2d93d34bc2,not_applicable_source_reference,not_applicable_source_reference,False,8,raw,3060,3060,,raw,0,0,10,3,0,70,16,6,3aef87be3d62dcdcb903ed84d583d7120a18ce2d73a00a3645ac7aee46daa766,0,3060,383,4,False
TOKEN-CHANNEL-EFFICIENCY-20260923/source,development,n01882714/ILSVRC2012_val_00019996_n01882714,10,b2bb1bfcc62415aa32d898a4dc5e48c533b895d5a507861a0f4e2c2d93d34bc2,not_applicable_source_reference,not_applicable_source_reference,False,8,arithmetic,2477,2477,2477,arithmetic,4,0,10,3,13,96,16,6,926aa5930b9d419ae530f0bcd83d8b95541703c1635d4c4c9358c4be3e9d7d18,30,2477,310,3,False
TOKEN-CHANNEL-EFFICIENCY-20260923/source,development,n01882714/ILSVRC2012_val_00019996_n01882714,10,b2bb1bfcc62415aa32d898a4dc5e48c533b895d5a507861a0f4e2c2d93d34bc2,not_applicable_source_reference,not_applicable_source_reference,False,9,raw,5088,5088,,raw,0,0,10,3,0,70,16,6,fef24ecd77944d60f07b86be5cc4e43ac6e0b2de001168ce82e71ae316210d44,0,5088,636,0,False
TOKEN-CHANNEL-EFFICIENCY-20260923/source,development,n01882714/ILSVRC2012_val_00019996_n01882714,10,b2bb1bfcc62415aa32d898a4dc5e48c533b895d5a507861a0f4e2c2d93d34bc2,not_applicable_source_reference,not_applicable_source_reference,False,9,arithmetic,3992,3992,3992,arithmetic,2,0,10,3,13,96,16,6,3f19d42c4a778aff8ce00fc62b05e715490cdb00d2487bac0a65aa60c5030d0c,30,3992,499,0,False
TOKEN-CHANNEL-EFFICIENCY-20260923/source,development,n01882714/ILSVRC2012_val_00019996_n01882714,10,b2bb1bfcc62415aa32d898a4dc5e48c533b895d5a507861a0f4e2c2d93d34bc2,not_applicable_source_reference,not_applicable_source_reference,False,10,raw,8160,8160,,raw,0,0,10,3,0,70,16,6,6aa61c419023eeaa2e3cd472242db07279097e3c970e17bfa51e927914b9932b,0,8160,1020,0,False
TOKEN-CHANNEL-EFFICIENCY-20260923/source,development,n01882714/ILSVRC2012_val_00019996_n01882714,10,b2bb1bfcc62415aa32d898a4dc5e48c533b895d5a507861a0f4e2c2d93d34bc2,not_applicable_source_reference,not_applicable_source_reference,False,10,arithmetic,5984,5984,5984,arithmetic,5,0,10,3,13,96,16,6,3213eee776b5d85e5efd4f6ce9a93eb2bca89d2b9d6cb8f8815b057018aab1b6,30,5984,748,0,False
TOKEN-CHANNEL-EFFICIENCY-20260923/source,development,n01943899/ILSVRC2012_val_00005706_n01943899,11,4cb2373a0b87de6658118b3baa34de89add3bab2489fae317287223b68d543fa,not_applicable_source_reference,not_applicable_source_reference,False,6,raw,1092,1092,,raw,0,0,10,3,0,70,16,6,4c312ffb8ce49587c6ecc0fe86f0fad02f98d4c609cfa4d699e154f0081f227d,0,1092,137,4,False
TOKEN-CHANNEL-EFFICIENCY-20260923/source,development,n01943899/ILSVRC2012_val_00005706_n01943899,11,4cb2373a0b87de6658118b3baa34de89add3bab2489fae317287223b68d543fa,not_applicable_source_reference,not_applicable_source_reference,False,6,arithmetic,942,942,942,arithmetic,3,0,10,3,13,96,16,6,b780228267dd3d5a40241144d1add099c94dbb06ba5d13b2ab6d6faf74863465,30,942,118,2,False
TOKEN-CHANNEL-EFFICIENCY-20260923/source,development,n01943899/ILSVRC2012_val_00005706_n01943899,11,4cb2373a0b87de6658118b3baa34de89add3bab2489fae317287223b68d543fa,not_applicable_source_reference,not_applicable_source_reference,False,7,raw,1860,1860,,raw,0,0,10,3,0,70,16,6,ebccf957319938b88ef48e2295fdbc4d51b4c6dd8fff20d7049c3a7a63d69a1b,0,1860,233,4,False
TOKEN-CHANNEL-EFFICIENCY-20260923/source,development,n01943899/ILSVRC2012_val_00005706_n01943899,11,4cb2373a0b87de6658118b3baa34de89add3bab2489fae317287223b68d543fa,not_applicable_source_reference,not_applicable_source_reference,False,7,arithmetic,1593,1593,1593,arithmetic,3,0,10,3,13,96,16,6,870e23cc7005b2e0b1ce2d4ada1bb4fc8e1ca69db2c0c7a104eb6e633e99e58f,30,1593,200,7,False
TOKEN-CHANNEL-EFFICIENCY-20260923/source,development,n01943899/ILSVRC2012_val_00005706_n01943899,11,4cb2373a0b87de6658118b3baa34de89add3bab2489fae317287223b68d543fa,not_applicable_source_reference,not_applicable_source_reference,False,8,raw,3060,3060,,raw,0,0,10,3,0,70,16,6,b0a99ef3b36a25be63fc55ffebd3bef45b8a09955c98757cf84c195ce6c4bba4,0,3060,383,4,False
TOKEN-CHANNEL-EFFICIENCY-20260923/source,development,n01943899/ILSVRC2012_val_00005706_n01943899,11,4cb2373a0b87de6658118b3baa34de89add3bab2489fae317287223b68d543fa,not_applicable_source_reference,not_applicable_source_reference,False,8,arithmetic,2596,2596,2596,arithmetic,6,0,10,3,13,96,16,6,18bc0b19906393f1cecb50be1912c671ee83053e03c60bb05aa1b3f00a148178,30,2596,325,4,False
TOKEN-CHANNEL-EFFICIENCY-20260923/source,development,n01943899/ILSVRC2012_val_00005706_n01943899,11,4cb2373a0b87de6658118b3baa34de89add3bab2489fae317287223b68d543fa,not_applicable_source_reference,not_applicable_source_reference,False,9,raw,5088,5088,,raw,0,0,10,3,0,70,16,6,32ec40a2ff2697d12f25d7e6690b60990f28feab606bf971659d880665da2d1c,0,5088,636,0,False
TOKEN-CHANNEL-EFFICIENCY-20260923/source,development,n01943899/ILSVRC2012_val_00005706_n01943899,11,4cb2373a0b87de6658118b3baa34de89add3bab2489fae317287223b68d543fa,not_applicable_source_reference,not_applicable_source_reference,False,9,arithmetic,4279,4279,4279,arithmetic,2,0,10,3,13,96,16,6,414b282f9a0142ce29d8bdec218bdd6d817ad8e9113a85d69244f78c191662c1,30,4279,535,1,False
TOKEN-CHANNEL-EFFICIENCY-20260923/source,development,n01943899/ILSVRC2012_val_00005706_n01943899,11,4cb2373a0b87de6658118b3baa34de89add3bab2489fae317287223b68d543fa,not_applicable_source_reference,not_applicable_source_reference,False,10,raw,8160,8160,,raw,0,0,10,3,0,70,16,6,3a0ad6c9460aaef2162790c4959a9575a0839d08c3a58e73bc023124553c0da6,0,8160,1020,0,False
TOKEN-CHANNEL-EFFICIENCY-20260923/source,development,n01943899/ILSVRC2012_val_00005706_n01943899,11,4cb2373a0b87de6658118b3baa34de89add3bab2489fae317287223b68d543fa,not_applicable_source_reference,not_applicable_source_reference,False,10,arithmetic,6405,6405,6405,arithmetic,3,0,10,3,13,96,16,6,2b75158e2cb3fae545e6cc341745d98093efe8dda1497fa11ad8449db35d4339,30,6405,801,3,False
TOKEN-CHANNEL-EFFICIENCY-20260923/source,development,n01955084/ILSVRC2012_val_00001857_n01955084,12,5442a63232a5b147e6e6963b607fff43aef017769ebe03bd258ed378ad261cb0,not_applicable_source_reference,not_applicable_source_reference,False,6,raw,1092,1092,,raw,0,0,10,3,0,70,16,6,e1f39ec2c475c981510955e4a330c85b0aaafadfcce8e8baf313b86624fbd466,0,1092,137,4,False
TOKEN-CHANNEL-EFFICIENCY-20260923/source,development,n01955084/ILSVRC2012_val_00001857_n01955084,12,5442a63232a5b147e6e6963b607fff43aef017769ebe03bd258ed378ad261cb0,not_applicable_source_reference,not_applicable_source_reference,False,6,arithmetic,944,944,944,arithmetic,3,0,10,3,13,96,16,6,f6db3929406a21defdec4a59fbccc4bc37fec9ffe9740692de30acbd7361e713,30,944,118,0,False
TOKEN-CHANNEL-EFFICIENCY-20260923/source,development,n01955084/ILSVRC2012_val_00001857_n01955084,12,5442a63232a5b147e6e6963b607fff43aef017769ebe03bd258ed378ad261cb0,not_applicable_source_reference,not_applicable_source_reference,False,7,raw,1860,1860,,raw,0,0,10,3,0,70,16,6,1bc8e449d1c57c84b6d79628fb7a8a24f1ebea8ae195941ffe1c8aba5c6bf18c,0,1860,233,4,False
TOKEN-CHANNEL-EFFICIENCY-20260923/source,development,n01955084/ILSVRC2012_val_00001857_n01955084,12,5442a63232a5b147e6e6963b607fff43aef017769ebe03bd258ed378ad261cb0,not_applicable_source_reference,not_applicable_source_reference,False,7,arithmetic,1596,1596,1596,arithmetic,3,0,10,3,13,96,16,6,bd7414f77733efefbbd331d4ae98dfd46813ac8909a2f010ee35d2b15570bda9,30,1596,200,4,False
TOKEN-CHANNEL-EFFICIENCY-20260923/source,development,n01955084/ILSVRC2012_val_00001857_n01955084,12,5442a63232a5b147e6e6963b607fff43aef017769ebe03bd258ed378ad261cb0,not_applicable_source_reference,not_applicable_source_reference,False,8,raw,3060,3060,,raw,0,0,10,3,0,70,16,6,6823ef9d86c49d60b954bf2b89b9cdd296e1bdf8f91fc17d3bae87b0bc42afba,0,3060,383,4,False
TOKEN-CHANNEL-EFFICIENCY-20260923/source,development,n01955084/ILSVRC2012_val_00001857_n01955084,12,5442a63232a5b147e6e6963b607fff43aef017769ebe03bd258ed378ad261cb0,not_applicable_source_reference,not_applicable_source_reference,False,8,arithmetic,2610,2610,2610,arithmetic,2,0,10,3,13,96,16,6,51660a40729e9424396efb2dc087413fd4d844f759dd70282c95300c14958356,30,2610,327,6,False
TOKEN-CHANNEL-EFFICIENCY-20260923/source,development,n01955084/ILSVRC2012_val_00001857_n01955084,12,5442a63232a5b147e6e6963b607fff43aef017769ebe03bd258ed378ad261cb0,not_applicable_source_reference,not_applicable_source_reference,False,9,raw,5088,5088,,raw,0,0,10,3,0,70,16,6,98f65fd8f8199623bb631d108051e3bd2c0371ba812875c89c9f5026fe19754c,0,5088,636,0,False
TOKEN-CHANNEL-EFFICIENCY-20260923/source,development,n01955084/ILSVRC2012_val_00001857_n01955084,12,5442a63232a5b147e6e6963b607fff43aef017769ebe03bd258ed378ad261cb0,not_applicable_source_reference,not_applicable_source_reference,False,9,arithmetic,4266,4266,4266,arithmetic,2,0,10,3,13,96,16,6,c9fed7d21a6af72123ef34e0dbcbe13cf3ddf981d4761b78236237ce06cbc55b,30,4266,534,6,False
TOKEN-CHANNEL-EFFICIENCY-20260923/source,development,n01955084/ILSVRC2012_val_00001857_n01955084,12,5442a63232a5b147e6e6963b607fff43aef017769ebe03bd258ed378ad261cb0,not_applicable_source_reference,not_applicable_source_reference,False,10,raw,8160,8160,,raw,0,0,10,3,0,70,16,6,5a6d1cb1b00c11bbcf5aefe0be1f00f511429237ebaa167431249d4f41d8463a,0,8160,1020,0,False
TOKEN-CHANNEL-EFFICIENCY-20260923/source,development,n01955084/ILSVRC2012_val_00001857_n01955084,12,5442a63232a5b147e6e6963b607fff43aef017769ebe03bd258ed378ad261cb0,not_applicable_source_reference,not_applicable_source_reference,False,10,arithmetic,6162,6162,6162,arithmetic,2,0,10,3,13,96,16,6,97b4ef49b8257428135841794a2fd5b069d47336523d0efb610b4b4ee316ccc2,30,6162,771,6,False
TOKEN-CHANNEL-EFFICIENCY-20260923/source,development,n01983481/ILSVRC2012_val_00019856_n01983481,13,ff963d160b1d9d93ee7f149d4db1c8a86cd2d237d99116bf51262d3313a9fdef,not_applicable_source_reference,not_applicable_source_reference,False,6,raw,1092,1092,,raw,0,0,10,3,0,70,16,6,c7b4dad66494570bd94f372d9766bb501fd2a99f69c1fdc3ccca8bcbdaba242c,0,1092,137,4,False
TOKEN-CHANNEL-EFFICIENCY-20260923/source,development,n01983481/ILSVRC2012_val_00019856_n01983481,13,ff963d160b1d9d93ee7f149d4db1c8a86cd2d237d99116bf51262d3313a9fdef,not_applicable_source_reference,not_applicable_source_reference,False,6,arithmetic,932,932,932,arithmetic,2,0,10,3,13,96,16,6,53994c563cdacb59e0f18296f0606ce4ed4c675f53388d3f4a2d5c0fbd7ba062,30,932,117,4,False
TOKEN-CHANNEL-EFFICIENCY-20260923/source,development,n01983481/ILSVRC2012_val_00019856_n01983481,13,ff963d160b1d9d93ee7f149d4db1c8a86cd2d237d99116bf51262d3313a9fdef,not_applicable_source_reference,not_applicable_source_reference,False,7,raw,1860,1860,,raw,0,0,10,3,0,70,16,6,6d077cc1f3241855b2aa7630b9e26915ec3420d7b9751a38cc03c41a06d8889f,0,1860,233,4,False
TOKEN-CHANNEL-EFFICIENCY-20260923/source,development,n01983481/ILSVRC2012_val_00019856_n01983481,13,ff963d160b1d9d93ee7f149d4db1c8a86cd2d237d99116bf51262d3313a9fdef,not_applicable_source_reference,not_applicable_source_reference,False,7,arithmetic,1615,1615,1615,arithmetic,4,0,10,3,13,96,16,6,f533e315aba25b27021ece7b2f37f3dde9fd593040a30b3aaa0447b17222c1f9,30,1615,202,1,False
TOKEN-CHANNEL-EFFICIENCY-20260923/source,development,n01983481/ILSVRC2012_val_00019856_n01983481,13,ff963d160b1d9d93ee7f149d4db1c8a86cd2d237d99116bf51262d3313a9fdef,not_applicable_source_reference,not_applicable_source_reference,False,8,raw,3060,3060,,raw,0,0,10,3,0,70,16,6,f0475b7953a7175c6bfb03f13a3accf254cd4ae1da0625dcd08c934cd79a8866,0,3060,383,4,False
TOKEN-CHANNEL-EFFICIENCY-20260923/source,development,n01983481/ILSVRC2012_val_00019856_n01983481,13,ff963d160b1d9d93ee7f149d4db1c8a86cd2d237d99116bf51262d3313a9fdef,not_applicable_source_reference,not_applicable_source_reference,False,8,arithmetic,2686,2686,2686,arithmetic,2,0,10,3,13,96,16,6,f410fc68f74ff38d0a52d8403c8f79e27d1c2af5b1ed9a6566d50ea2938f065d,30,2686,336,2,False
TOKEN-CHANNEL-EFFICIENCY-20260923/source,development,n01983481/ILSVRC2012_val_00019856_n01983481,13,ff963d160b1d9d93ee7f149d4db1c8a86cd2d237d99116bf51262d3313a9fdef,not_applicable_source_reference,not_applicable_source_reference,False,9,raw,5088,5088,,raw,0,0,10,3,0,70,16,6,27beed17681160082cb8063e0a67661a6f85484ea0af9bb5c93038073747e17d,0,5088,636,0,False
TOKEN-CHANNEL-EFFICIENCY-20260923/source,development,n01983481/ILSVRC2012_val_00019856_n01983481,13,ff963d160b1d9d93ee7f149d4db1c8a86cd2d237d99116bf51262d3313a9fdef,not_applicable_source_reference,not_applicable_source_reference,False,9,arithmetic,4279,4279,4279,arithmetic,2,0,10,3,13,96,16,6,304d303851b1d594954dc9f54ea20f28fc6936aaed63a41eaac096d2d2930c31,30,4279,535,1,False
TOKEN-CHANNEL-EFFICIENCY-20260923/source,development,n01983481/ILSVRC2012_val_00019856_n01983481,13,ff963d160b1d9d93ee7f149d4db1c8a86cd2d237d99116bf51262d3313a9fdef,not_applicable_source_reference,not_applicable_source_reference,False,10,raw,8160,8160,,raw,0,0,10,3,0,70,16,6,b9475480e86aad5e9a2c6c77d17ccdcb52128a66a1f8538ae97dfad352e74f84,0,8160,1020,0,False
TOKEN-CHANNEL-EFFICIENCY-20260923/source,development,n01983481/ILSVRC2012_val_00019856_n01983481,13,ff963d160b1d9d93ee7f149d4db1c8a86cd2d237d99116bf51262d3313a9fdef,not_applicable_source_reference,not_applicable_source_reference,False,10,arithmetic,6140,6140,6140,arithmetic,3,0,10,3,13,96,16,6,aff74acf7c8b33b7ebfe1cf294652f4a6c79e5867ab349d28fc4187fb0965b01,30,6140,768,4,False
TOKEN-CHANNEL-EFFICIENCY-20260923/source,development,n02013706/ILSVRC2012_val_00003168_n02013706,14,451d1b57bce58847eb2ea84a22871b68d6ca8b3c17d99d6c939bce0e851c9bfd,not_applicable_source_reference,not_applicable_source_reference,False,6,raw,1092,1092,,raw,0,0,10,3,0,70,16,6,9866925255ed74d79b1c24dbf57e543cf9f4b1d317d86659e8b7d07cf56cc82c,0,1092,137,4,False
TOKEN-CHANNEL-EFFICIENCY-20260923/source,development,n02013706/ILSVRC2012_val_00003168_n02013706,14,451d1b57bce58847eb2ea84a22871b68d6ca8b3c17d99d6c939bce0e851c9bfd,not_applicable_source_reference,not_applicable_source_reference,False,6,arithmetic,832,832,832,arithmetic,4,0,10,3,13,96,16,6,b1aac76eb43b9ec909d212a993327e61397788d256ea720adb572c7690b82412,30,832,104,0,False
TOKEN-CHANNEL-EFFICIENCY-20260923/source,development,n02013706/ILSVRC2012_val_00003168_n02013706,14,451d1b57bce58847eb2ea84a22871b68d6ca8b3c17d99d6c939bce0e851c9bfd,not_applicable_source_reference,not_applicable_source_reference,False,7,raw,1860,1860,,raw,0,0,10,3,0,70,16,6,8a7197dfbfe19b8885f55b4411fba035dba59b70fa96251a7e545b85476e8e67,0,1860,233,4,False
TOKEN-CHANNEL-EFFICIENCY-20260923/source,development,n02013706/ILSVRC2012_val_00003168_n02013706,14,451d1b57bce58847eb2ea84a22871b68d6ca8b3c17d99d6c939bce0e851c9bfd,not_applicable_source_reference,not_applicable_source_reference,False,7,arithmetic,1438,1438,1438,arithmetic,3,0,10,3,13,96,16,6,25088104883453959ff51b144bfe3187f7f1ee64fce83624767b3374050b2b3c,30,1438,180,2,False
TOKEN-CHANNEL-EFFICIENCY-20260923/source,development,n02013706/ILSVRC2012_val_00003168_n02013706,14,451d1b57bce58847eb2ea84a22871b68d6ca8b3c17d99d6c939bce0e851c9bfd,not_applicable_source_reference,not_applicable_source_reference,False,8,raw,3060,3060,,raw,0,0,10,3,0,70,16,6,fbf95565ced7619eb84c39eeb810a9c3b39a8b3291860777ddf3901407e75e69,0,3060,383,4,False
TOKEN-CHANNEL-EFFICIENCY-20260923/source,development,n02013706/ILSVRC2012_val_00003168_n02013706,14,451d1b57bce58847eb2ea84a22871b68d6ca8b3c17d99d6c939bce0e851c9bfd,not_applicable_source_reference,not_applicable_source_reference,False,8,arithmetic,2259,2259,2259,arithmetic,3,0,10,3,13,96,16,6,e728c8a6ef8e0846f73ba96a5fdc2db613cde7d891deafe9ff94f67ae37569b9,30,2259,283,5,False
TOKEN-CHANNEL-EFFICIENCY-20260923/source,development,n02013706/ILSVRC2012_val_00003168_n02013706,14,451d1b57bce58847eb2ea84a22871b68d6ca8b3c17d99d6c939bce0e851c9bfd,not_applicable_source_reference,not_applicable_source_reference,False,9,raw,5088,5088,,raw,0,0,10,3,0,70,16,6,905778fce87297b77d6b5354919fa9d17e2e56b884481bda616a61909b11a6d9,0,5088,636,0,False
TOKEN-CHANNEL-EFFICIENCY-20260923/source,development,n02013706/ILSVRC2012_val_00003168_n02013706,14,451d1b57bce58847eb2ea84a22871b68d6ca8b3c17d99d6c939bce0e851c9bfd,not_applicable_source_reference,not_applicable_source_reference,False,9,arithmetic,3597,3597,3597,arithmetic,4,0,10,3,13,96,16,6,8a08a483c37229170195bd375a190f295c1972a351ef14b6bcb372b457c267c1,30,3597,450,3,False
TOKEN-CHANNEL-EFFICIENCY-20260923/source,development,n02013706/ILSVRC2012_val_00003168_n02013706,14,451d1b57bce58847eb2ea84a22871b68d6ca8b3c17d99d6c939bce0e851c9bfd,not_applicable_source_reference,not_applicable_source_reference,False,10,raw,8160,8160,,raw,0,0,10,3,0,70,16,6,ceab15861f8ca23de0d58af3c65e9628f67bf414331425def5e9e58b16926ff3,0,8160,1020,0,False
TOKEN-CHANNEL-EFFICIENCY-20260923/source,development,n02013706/ILSVRC2012_val_00003168_n02013706,14,451d1b57bce58847eb2ea84a22871b68d6ca8b3c17d99d6c939bce0e851c9bfd,not_applicable_source_reference,not_applicable_source_reference,False,10,arithmetic,5344,5344,5344,arithmetic,3,0,10,3,13,96,16,6,e8ecbd4ed782cc7621f65ee2ff0234d633445c84e58f35ba4016b81e8e9bfa51,30,5344,668,0,False
TOKEN-CHANNEL-EFFICIENCY-20260923/source,development,n02027492/ILSVRC2012_val_00007524_n02027492,15,10d9138059c8e8abd1ae55a396b4dad03de21ea77e019e7d37491f53a17eb18d,not_applicable_source_reference,not_applicable_source_reference,False,6,raw,1092,1092,,raw,0,0,10,3,0,70,16,6,41a28a5b52137ca1a0c9115b5a27d98bfbdeccdaca972754f093c322fa52602a,0,1092,137,4,False
TOKEN-CHANNEL-EFFICIENCY-20260923/source,development,n02027492/ILSVRC2012_val_00007524_n02027492,15,10d9138059c8e8abd1ae55a396b4dad03de21ea77e019e7d37491f53a17eb18d,not_applicable_source_reference,not_applicable_source_reference,False,6,arithmetic,840,840,840,arithmetic,4,0,10,3,13,96,16,6,12c58e9b93d92563baaf3789702a339ca7f6cd876d19ccb36453a88213431d33,30,840,105,0,False
TOKEN-CHANNEL-EFFICIENCY-20260923/source,development,n02027492/ILSVRC2012_val_00007524_n02027492,15,10d9138059c8e8abd1ae55a396b4dad03de21ea77e019e7d37491f53a17eb18d,not_applicable_source_reference,not_applicable_source_reference,False,7,raw,1860,1860,,raw,0,0,10,3,0,70,16,6,5c099ddf020d136eadca949e9d3fef23b852c996df048d9c47d8d11ef768243c,0,1860,233,4,False
TOKEN-CHANNEL-EFFICIENCY-20260923/source,development,n02027492/ILSVRC2012_val_00007524_n02027492,15,10d9138059c8e8abd1ae55a396b4dad03de21ea77e019e7d37491f53a17eb18d,not_applicable_source_reference,not_applicable_source_reference,False,7,arithmetic,1446,1446,1446,arithmetic,2,0,10,3,13,96,16,6,491228ced7131c550ab6f921ed81b4812058092d6dd364a9e7a4610af9ef20e7,30,1446,181,2,False
TOKEN-CHANNEL-EFFICIENCY-20260923/source,development,n02027492/ILSVRC2012_val_00007524_n02027492,15,10d9138059c8e8abd1ae55a396b4dad03de21ea77e019e7d37491f53a17eb18d,not_applicable_source_reference,not_applicable_source_reference,False,8,raw,3060,3060,,raw,0,0,10,3,0,70,16,6,abd6f43a98f30c22a7b7aa4799511c9bbd41df9b9cb41ec7b2cdc0499cc4bcd5,0,3060,383,4,False
TOKEN-CHANNEL-EFFICIENCY-20260923/source,development,n02027492/ILSVRC2012_val_00007524_n02027492,15,10d9138059c8e8abd1ae55a396b4dad03de21ea77e019e7d37491f53a17eb18d,not_applicable_source_reference,not_applicable_source_reference,False,8,arithmetic,2388,2388,2388,arithmetic,6,0,10,3,13,96,16,6,2b3a824d72321957454f04ced1b2f7384d911e8fba2ffaa5762577abf77533f6,30,2388,299,4,False
TOKEN-CHANNEL-EFFICIENCY-20260923/source,development,n02027492/ILSVRC2012_val_00007524_n02027492,15,10d9138059c8e8abd1ae55a396b4dad03de21ea77e019e7d37491f53a17eb18d,not_applicable_source_reference,not_applicable_source_reference,False,9,raw,5088,5088,,raw,0,0,10,3,0,70,16,6,9100ff5f680db49747e344b6a65fbef1fe7e7aa38218aa40eab820ccc3afda8c,0,5088,636,0,False
TOKEN-CHANNEL-EFFICIENCY-20260923/source,development,n02027492/ILSVRC2012_val_00007524_n02027492,15,10d9138059c8e8abd1ae55a396b4dad03de21ea77e019e7d37491f53a17eb18d,not_applicable_source_reference,not_applicable_source_reference,False,9,arithmetic,3958,3958,3958,arithmetic,2,0,10,3,13,96,16,6,14308a4ff149b81802566330255765f117bb3ee86c74f6306ab60e4c649722ce,30,3958,495,2,False
TOKEN-CHANNEL-EFFICIENCY-20260923/source,development,n02027492/ILSVRC2012_val_00007524_n02027492,15,10d9138059c8e8abd1ae55a396b4dad03de21ea77e019e7d37491f53a17eb18d,not_applicable_source_reference,not_applicable_source_reference,False,10,raw,8160,8160,,raw,0,0,10,3,0,70,16,6,c751762d99e5d780c794804a1cf369b404640282569ca42ec9def9dc8a181039,0,8160,1020,0,False
TOKEN-CHANNEL-EFFICIENCY-20260923/source,development,n02027492/ILSVRC2012_val_00007524_n02027492,15,10d9138059c8e8abd1ae55a396b4dad03de21ea77e019e7d37491f53a17eb18d,not_applicable_source_reference,not_applicable_source_reference,False,10,arithmetic,6051,6051,6051,arithmetic,2,0,10,3,13,96,16,6,a12b8a0a536405a751e9af28ca3c3dd0975887a4c966a6f7d156b7ea952f3036,30,6051,757,5,False
TOKEN-CHANNEL-EFFICIENCY-20260923/source,development,n02088094/ILSVRC2012_val_00005507_n02088094,16,9bcfe25d894ad5fa8d48fa21098e648d640e9456d17d9f3cdc7f15baa61f64b3,not_applicable_source_reference,not_applicable_source_reference,False,6,raw,1092,1092,,raw,0,0,10,3,0,70,16,6,019fb280f5191957d3c62ab68a1498798c01af7e043466312da8b4be62951c03,0,1092,137,4,False
TOKEN-CHANNEL-EFFICIENCY-20260923/source,development,n02088094/ILSVRC2012_val_00005507_n02088094,16,9bcfe25d894ad5fa8d48fa21098e648d640e9456d17d9f3cdc7f15baa61f64b3,not_applicable_source_reference,not_applicable_source_reference,False,6,arithmetic,935,935,935,arithmetic,8,0,10,3,13,96,16,6,dc28aebde3e44635d647138300e002e468e64c47748fe543205ceea72ed73f97,30,935,117,1,False
TOKEN-CHANNEL-EFFICIENCY-20260923/source,development,n02088094/ILSVRC2012_val_00005507_n02088094,16,9bcfe25d894ad5fa8d48fa21098e648d640e9456d17d9f3cdc7f15baa61f64b3,not_applicable_source_reference,not_applicable_source_reference,False,7,raw,1860,1860,,raw,0,0,10,3,0,70,16,6,4d759aeee5af703c26d241d7eb8a677e2ee99258f8ba1d20beaac937ffcd9100,0,1860,233,4,False
TOKEN-CHANNEL-EFFICIENCY-20260923/source,development,n02088094/ILSVRC2012_val_00005507_n02088094,16,9bcfe25d894ad5fa8d48fa21098e648d640e9456d17d9f3cdc7f15baa61f64b3,not_applicable_source_reference,not_applicable_source_reference,False,7,arithmetic,1600,1600,1600,arithmetic,4,0,10,3,13,96,16,6,0435b1597a6ec9eb0ab431b453bc7a59255dcef7e37c1a7c54ff194f7d4d5d53,30,1600,200,0,False
TOKEN-CHANNEL-EFFICIENCY-20260923/source,development,n02088094/ILSVRC2012_val_00005507_n02088094,16,9bcfe25d894ad5fa8d48fa21098e648d640e9456d17d9f3cdc7f15baa61f64b3,not_applicable_source_reference,not_applicable_source_reference,False,8,raw,3060,3060,,raw,0,0,10,3,0,70,16,6,ff64fbc115ff5820ddf2746acd9cf9e3e23dd7280edfe57d936d2a4346a0a0e1,0,3060,383,4,False
TOKEN-CHANNEL-EFFICIENCY-20260923/source,development,n02088094/ILSVRC2012_val_00005507_n02088094,16,9bcfe25d894ad5fa8d48fa21098e648d640e9456d17d9f3cdc7f15baa61f64b3,not_applicable_source_reference,not_applicable_source_reference,False,8,arithmetic,2588,2588,2588,arithmetic,3,0,10,3,13,96,16,6,2b8111b6133b8228703097e9fdb5908d4cd38350a08f3069bd3b5907f2f14815,30,2588,324,4,False
TOKEN-CHANNEL-EFFICIENCY-20260923/source,development,n02088094/ILSVRC2012_val_00005507_n02088094,16,9bcfe25d894ad5fa8d48fa21098e648d640e9456d17d9f3cdc7f15baa61f64b3,not_applicable_source_reference,not_applicable_source_reference,False,9,raw,5088,5088,,raw,0,0,10,3,0,70,16,6,d6befd57a2f28e4376d3f62814baea4c9df4cb0dfaf5b631b6ee028d30c7c974,0,5088,636,0,False
TOKEN-CHANNEL-EFFICIENCY-20260923/source,development,n02088094/ILSVRC2012_val_00005507_n02088094,16,9bcfe25d894ad5fa8d48fa21098e648d640e9456d17d9f3cdc7f15baa61f64b3,not_applicable_source_reference,not_applicable_source_reference,False,9,arithmetic,4122,4122,4122,arithmetic,2,0,10,3,13,96,16,6,7a042d47a52b51df30ba5195afc59a65d918707487631a9deb47ec51e6f8bc65,30,4122,516,6,False
TOKEN-CHANNEL-EFFICIENCY-20260923/source,development,n02088094/ILSVRC2012_val_00005507_n02088094,16,9bcfe25d894ad5fa8d48fa21098e648d640e9456d17d9f3cdc7f15baa61f64b3,not_applicable_source_reference,not_applicable_source_reference,False,10,raw,8160,8160,,raw,0,0,10,3,0,70,16,6,62d4a96211460b245253e28afe6bd32dcd443be3fabe29ab730cb57095e31c6f,0,8160,1020,0,False
TOKEN-CHANNEL-EFFICIENCY-20260923/source,development,n02088094/ILSVRC2012_val_00005507_n02088094,16,9bcfe25d894ad5fa8d48fa21098e648d640e9456d17d9f3cdc7f15baa61f64b3,not_applicable_source_reference,not_applicable_source_reference,False,10,arithmetic,6130,6130,6130,arithmetic,3,0,10,3,13,96,16,6,d677b8843156d39f335330ba688f9304152c61fe1cafd474bb40db5020e51314,30,6130,767,6,False
TOKEN-CHANNEL-EFFICIENCY-20260923/source,development,n02090622/ILSVRC2012_val_00006265_n02090622,17,5235a32da64ab784a577e24b77bc0b99ddf463730a208c821f0635343baa878a,not_applicable_source_reference,not_applicable_source_reference,False,6,raw,1092,1092,,raw,0,0,10,3,0,70,16,6,8f492092c8a62a1d02de00ad55e3358fc4f9de9197f956f2ba7a2a0423784031,0,1092,137,4,False
TOKEN-CHANNEL-EFFICIENCY-20260923/source,development,n02090622/ILSVRC2012_val_00006265_n02090622,17,5235a32da64ab784a577e24b77bc0b99ddf463730a208c821f0635343baa878a,not_applicable_source_reference,not_applicable_source_reference,False,6,arithmetic,896,896,896,arithmetic,5,0,10,3,13,96,16,6,9eca8d42069c1e3e05667cee565898927071e6cf6da9293af242e25f01661f2a,30,896,112,0,False
TOKEN-CHANNEL-EFFICIENCY-20260923/source,development,n02090622/ILSVRC2012_val_00006265_n02090622,17,5235a32da64ab784a577e24b77bc0b99ddf463730a208c821f0635343baa878a,not_applicable_source_reference,not_applicable_source_reference,False,7,raw,1860,1860,,raw,0,0,10,3,0,70,16,6,6dc5e744655d9199b59ecce3c30a823037ac5bc75d6e1b67eeae348f743e8b8c,0,1860,233,4,False
TOKEN-CHANNEL-EFFICIENCY-20260923/source,development,n02090622/ILSVRC2012_val_00006265_n02090622,17,5235a32da64ab784a577e24b77bc0b99ddf463730a208c821f0635343baa878a,not_applicable_source_reference,not_applicable_source_reference,False,7,arithmetic,1562,1562,1562,arithmetic,2,0,10,3,13,96,16,6,b079d4379c3619558fa75b4decbd3bd82ea2f003cb025433337cc5e9862cfab5,30,1562,196,6,False
TOKEN-CHANNEL-EFFICIENCY-20260923/source,development,n02090622/ILSVRC2012_val_00006265_n02090622,17,5235a32da64ab784a577e24b77bc0b99ddf463730a208c821f0635343baa878a,not_applicable_source_reference,not_applicable_source_reference,False,8,raw,3060,3060,,raw,0,0,10,3,0,70,16,6,33158e59fe0bb688b8bc5efd4e4ccfcaeb476e6cb80ffd64672e475090771f58,0,3060,383,4,False
TOKEN-CHANNEL-EFFICIENCY-20260923/source,development,n02090622/ILSVRC2012_val_00006265_n02090622,17,5235a32da64ab784a577e24b77bc0b99ddf463730a208c821f0635343baa878a,not_applicable_source_reference,not_applicable_source_reference,False,8,arithmetic,2574,2574,2574,arithmetic,3,0,10,3,13,96,16,6,c0c5de3e017b6b904e2321eec804d49bab586a754b4bf30528cd2184259ce9d9,30,2574,322,2,False
TOKEN-CHANNEL-EFFICIENCY-20260923/source,development,n02090622/ILSVRC2012_val_00006265_n02090622,17,5235a32da64ab784a577e24b77bc0b99ddf463730a208c821f0635343baa878a,not_applicable_source_reference,not_applicable_source_reference,False,9,raw,5088,5088,,raw,0,0,10,3,0,70,16,6,7057dbc6fb4e469b2c003285410307c348c26b9128377edf3522185bd6eed1e2,0,5088,636,0,False
TOKEN-CHANNEL-EFFICIENCY-20260923/source,development,n02090622/ILSVRC2012_val_00006265_n02090622,17,5235a32da64ab784a577e24b77bc0b99ddf463730a208c821f0635343baa878a,not_applicable_source_reference,not_applicable_source_reference,False,9,arithmetic,4202,4202,4202,arithmetic,2,0,10,3,13,96,16,6,c84ecbcc8471543101ecb3901905774cc28a3734dc72ea87b27b9dbf10d6e7a6,30,4202,526,6,False
TOKEN-CHANNEL-EFFICIENCY-20260923/source,development,n02090622/ILSVRC2012_val_00006265_n02090622,17,5235a32da64ab784a577e24b77bc0b99ddf463730a208c821f0635343baa878a,not_applicable_source_reference,not_applicable_source_reference,False,10,raw,8160,8160,,raw,0,0,10,3,0,70,16,6,07eaa5ff3abc12742785d6d2426fe24e73cbf9cedba24bf619b0531e3bea6f8d,0,8160,1020,0,False
TOKEN-CHANNEL-EFFICIENCY-20260923/source,development,n02090622/ILSVRC2012_val_00006265_n02090622,17,5235a32da64ab784a577e24b77bc0b99ddf463730a208c821f0635343baa878a,not_applicable_source_reference,not_applicable_source_reference,False,10,arithmetic,6436,6436,6436,arithmetic,3,0,10,3,13,96,16,6,ae8bc7abbf6d1776c13057e58c0e6887f0770dc4ecaa7b541121445d623c41bd,30,6436,805,4,False
TOKEN-CHANNEL-EFFICIENCY-20260923/source,development,n02096177/ILSVRC2012_val_00019083_n02096177,18,8e9862e54da0674de014e4486c163d6ad5f9730544f6931874a778220bace808,not_applicable_source_reference,not_applicable_source_reference,False,6,raw,1092,1092,,raw,0,0,10,3,0,70,16,6,50810129f59d743e5997b58657c1041c9def05e3b65f0b99f4ffe1ff4e021ec0,0,1092,137,4,False
TOKEN-CHANNEL-EFFICIENCY-20260923/source,development,n02096177/ILSVRC2012_val_00019083_n02096177,18,8e9862e54da0674de014e4486c163d6ad5f9730544f6931874a778220bace808,not_applicable_source_reference,not_applicable_source_reference,False,6,arithmetic,834,834,834,arithmetic,2,0,10,3,13,96,16,6,dd72cf16234e570b0fa3bae39dc6fbba68d3d70b128ca3d187647d35ca1b33ef,30,834,105,6,False
TOKEN-CHANNEL-EFFICIENCY-20260923/source,development,n02096177/ILSVRC2012_val_00019083_n02096177,18,8e9862e54da0674de014e4486c163d6ad5f9730544f6931874a778220bace808,not_applicable_source_reference,not_applicable_source_reference,False,7,raw,1860,1860,,raw,0,0,10,3,0,70,16,6,34ff279072c52e9e9faeae21bf62f375043057153f963b48e05cc0601a56b6ed,0,1860,233,4,False
TOKEN-CHANNEL-EFFICIENCY-20260923/source,development,n02096177/ILSVRC2012_val_00019083_n02096177,18,8e9862e54da0674de014e4486c163d6ad5f9730544f6931874a778220bace808,not_applicable_source_reference,not_applicable_source_reference,False,7,arithmetic,1477,1477,1477,arithmetic,3,0,10,3,13,96,16,6,0a9028f56387054a0463b2babe50ddb12726b7b3527fdabd992f5c494c6a1bbc,30,1477,185,3,False
TOKEN-CHANNEL-EFFICIENCY-20260923/source,development,n02096177/ILSVRC2012_val_00019083_n02096177,18,8e9862e54da0674de014e4486c163d6ad5f9730544f6931874a778220bace808,not_applicable_source_reference,not_applicable_source_reference,False,8,raw,3060,3060,,raw,0,0,10,3,0,70,16,6,c2f79d6e0b04d7a6f4626c4e0e561ff8a8f9f9f8b90040a589bfd00576ecd680,0,3060,383,4,False
TOKEN-CHANNEL-EFFICIENCY-20260923/source,development,n02096177/ILSVRC2012_val_00019083_n02096177,18,8e9862e54da0674de014e4486c163d6ad5f9730544f6931874a778220bace808,not_applicable_source_reference,not_applicable_source_reference,False,8,arithmetic,2434,2434,2434,arithmetic,2,0,10,3,13,96,16,6,59de65c5117185f5babdd512e39e2a48bce7e4b1c7f50a56a73a9e57f9774c2f,30,2434,305,6,False
TOKEN-CHANNEL-EFFICIENCY-20260923/source,development,n02096177/ILSVRC2012_val_00019083_n02096177,18,8e9862e54da0674de014e4486c163d6ad5f9730544f6931874a778220bace808,not_applicable_source_reference,not_applicable_source_reference,False,9,raw,5088,5088,,raw,0,0,10,3,0,70,16,6,1d4e24694281a13e1bc7137fb7e706087f735ca686b1471d6f3eb095b2c1fb4b,0,5088,636,0,False
TOKEN-CHANNEL-EFFICIENCY-20260923/source,development,n02096177/ILSVRC2012_val_00019083_n02096177,18,8e9862e54da0674de014e4486c163d6ad5f9730544f6931874a778220bace808,not_applicable_source_reference,not_applicable_source_reference,False,9,arithmetic,3907,3907,3907,arithmetic,7,0,10,3,13,96,16,6,ef7df7d8d2e32ad2823595e023ff6493ef879191cdbd6377b64d4f8c2faf80e8,30,3907,489,5,False
TOKEN-CHANNEL-EFFICIENCY-20260923/source,development,n02096177/ILSVRC2012_val_00019083_n02096177,18,8e9862e54da0674de014e4486c163d6ad5f9730544f6931874a778220bace808,not_applicable_source_reference,not_applicable_source_reference,False,10,raw,8160,8160,,raw,0,0,10,3,0,70,16,6,4b5a7f9703bab684863beacde6ea9f51fee57db6c601141b0b60bc4b08eec7f6,0,8160,1020,0,False
TOKEN-CHANNEL-EFFICIENCY-20260923/source,development,n02096177/ILSVRC2012_val_00019083_n02096177,18,8e9862e54da0674de014e4486c163d6ad5f9730544f6931874a778220bace808,not_applicable_source_reference,not_applicable_source_reference,False,10,arithmetic,6020,6020,6020,arithmetic,2,0,10,3,13,96,16,6,d117e97396e4621cad8a58b70b5999cd8dcafa535188e0125a9457da130d13a1,30,6020,753,4,False
TOKEN-CHANNEL-EFFICIENCY-20260923/source,development,n02098286/ILSVRC2012_val_00038253_n02098286,19,909d7e0743c18bdcc46352a8ce22b40b3c6300daa8db6b13ea4a7d6cbd6d82d9,not_applicable_source_reference,not_applicable_source_reference,False,6,raw,1092,1092,,raw,0,0,10,3,0,70,16,6,b2f108338eb94551797e735dc98146f31964d4c5d12a405e97818f166b0c1d7c,0,1092,137,4,False
TOKEN-CHANNEL-EFFICIENCY-20260923/source,development,n02098286/ILSVRC2012_val_00038253_n02098286,19,909d7e0743c18bdcc46352a8ce22b40b3c6300daa8db6b13ea4a7d6cbd6d82d9,not_applicable_source_reference,not_applicable_source_reference,False,6,arithmetic,793,793,793,arithmetic,2,0,10,3,13,96,16,6,152a7efd79022ebf57f4f388d74ace606aaafe67d3f09ebe75c9a7209df32f07,30,793,100,7,False
TOKEN-CHANNEL-EFFICIENCY-20260923/source,development,n02098286/ILSVRC2012_val_00038253_n02098286,19,909d7e0743c18bdcc46352a8ce22b40b3c6300daa8db6b13ea4a7d6cbd6d82d9,not_applicable_source_reference,not_applicable_source_reference,False,7,raw,1860,1860,,raw,0,0,10,3,0,70,16,6,4f19ebec6114174df2a9ac27b0a16221be28605462f79a570266aa37743ec986,0,1860,233,4,False
TOKEN-CHANNEL-EFFICIENCY-20260923/source,development,n02098286/ILSVRC2012_val_00038253_n02098286,19,909d7e0743c18bdcc46352a8ce22b40b3c6300daa8db6b13ea4a7d6cbd6d82d9,not_applicable_source_reference,not_applicable_source_reference,False,7,arithmetic,1371,1371,1371,arithmetic,6,0,10,3,13,96,16,6,3a36b2851587c852c3fcfd8eeccbf1450574d35d7c9f5e7b75f5ae9d6b0ae26b,30,1371,172,5,False
TOKEN-CHANNEL-EFFICIENCY-20260923/source,development,n02098286/ILSVRC2012_val_00038253_n02098286,19,909d7e0743c18bdcc46352a8ce22b40b3c6300daa8db6b13ea4a7d6cbd6d82d9,not_applicable_source_reference,not_applicable_source_reference,False,8,raw,3060,3060,,raw,0,0,10,3,0,70,16,6,327ff38786fa26cbf3f84f891c74766ce6d37c694b69238e5039a57fd5e12267,0,3060,383,4,False
TOKEN-CHANNEL-EFFICIENCY-20260923/source,development,n02098286/ILSVRC2012_val_00038253_n02098286,19,909d7e0743c18bdcc46352a8ce22b40b3c6300daa8db6b13ea4a7d6cbd6d82d9,not_applicable_source_reference,not_applicable_source_reference,False,8,arithmetic,2281,2281,2281,arithmetic,3,0,10,3,13,96,16,6,652c27692415ba94065613a0460c0b1018ae2dec072b6b84af4ca10df926591c,30,2281,286,7,False
TOKEN-CHANNEL-EFFICIENCY-20260923/source,development,n02098286/ILSVRC2012_val_00038253_n02098286,19,909d7e0743c18bdcc46352a8ce22b40b3c6300daa8db6b13ea4a7d6cbd6d82d9,not_applicable_source_reference,not_applicable_source_reference,False,9,raw,5088,5088,,raw,0,0,10,3,0,70,16,6,54302fc5083b93e23df1301a08d9812f118acfd9c0b401818453ce6be1c13080,0,5088,636,0,False
TOKEN-CHANNEL-EFFICIENCY-20260923/source,development,n02098286/ILSVRC2012_val_00038253_n02098286,19,909d7e0743c18bdcc46352a8ce22b40b3c6300daa8db6b13ea4a7d6cbd6d82d9,not_applicable_source_reference,not_applicable_source_reference,False,9,arithmetic,3654,3654,3654,arithmetic,2,0,10,3,13,96,16,6,5525d3ceb64587c4fe9395072546a6bf1b1bebfc47e82e7f90ce2e1f0e99bb1c,30,3654,457,2,False
TOKEN-CHANNEL-EFFICIENCY-20260923/source,development,n02098286/ILSVRC2012_val_00038253_n02098286,19,909d7e0743c18bdcc46352a8ce22b40b3c6300daa8db6b13ea4a7d6cbd6d82d9,not_applicable_source_reference,not_applicable_source_reference,False,10,raw,8160,8160,,raw,0,0,10,3,0,70,16,6,80ff06f7eaeb3f7462471f69ae5147dbd104f108d611422b9bd632d8cccd9cb6,0,8160,1020,0,False
TOKEN-CHANNEL-EFFICIENCY-20260923/source,development,n02098286/ILSVRC2012_val_00038253_n02098286,19,909d7e0743c18bdcc46352a8ce22b40b3c6300daa8db6b13ea4a7d6cbd6d82d9,not_applicable_source_reference,not_applicable_source_reference,False,10,arithmetic,5606,5606,5606,arithmetic,3,0,10,3,13,96,16,6,669542c6402b8c76d8ecce09f2f345ee2ec533c181375e7c9b040b6a9fb019a2,30,5606,701,2,False
TOKEN-CHANNEL-EFFICIENCY-20260923/source,development,n02102480/ILSVRC2012_val_00010261_n02102480,20,38bf5ab4d8bead9f1f215e246c57b2622687e3802dbe623372a59b9360124263,not_applicable_source_reference,not_applicable_source_reference,False,6,raw,1092,1092,,raw,0,0,10,3,0,70,16,6,75c7c875bde3479228edb66b497f886c106e2bd4a72382db757c024206ab47bc,0,1092,137,4,False
TOKEN-CHANNEL-EFFICIENCY-20260923/source,development,n02102480/ILSVRC2012_val_00010261_n02102480,20,38bf5ab4d8bead9f1f215e246c57b2622687e3802dbe623372a59b9360124263,not_applicable_source_reference,not_applicable_source_reference,False,6,arithmetic,745,745,745,arithmetic,3,0,10,3,13,96,16,6,bdebbbb8372e4b04ea6f750765e26f5accc307c4caa92ef9f16153193f4dbee9,30,745,94,7,False
TOKEN-CHANNEL-EFFICIENCY-20260923/source,development,n02102480/ILSVRC2012_val_00010261_n02102480,20,38bf5ab4d8bead9f1f215e246c57b2622687e3802dbe623372a59b9360124263,not_applicable_source_reference,not_applicable_source_reference,False,7,raw,1860,1860,,raw,0,0,10,3,0,70,16,6,3db194b67108042ec8ecfac9992351294ef7dcf946facbf27e134c3e34c9b4fe,0,1860,233,4,False
TOKEN-CHANNEL-EFFICIENCY-20260923/source,development,n02102480/ILSVRC2012_val_00010261_n02102480,20,38bf5ab4d8bead9f1f215e246c57b2622687e3802dbe623372a59b9360124263,not_applicable_source_reference,not_applicable_source_reference,False,7,arithmetic,1372,1372,1372,arithmetic,4,0,10,3,13,96,16,6,aa929877a699a33a407737f37d4b9e51a9de835a2fda72c3a6d0b966724663de,30,1372,172,4,False
TOKEN-CHANNEL-EFFICIENCY-20260923/source,development,n02102480/ILSVRC2012_val_00010261_n02102480,20,38bf5ab4d8bead9f1f215e246c57b2622687e3802dbe623372a59b9360124263,not_applicable_source_reference,not_applicable_source_reference,False,8,raw,3060,3060,,raw,0,0,10,3,0,70,16,6,4fcd34220006d8256f88e6602a66cacf4d83fb13202c2cba47c3979ffc4dbe79,0,3060,383,4,False
TOKEN-CHANNEL-EFFICIENCY-20260923/source,development,n02102480/ILSVRC2012_val_00010261_n02102480,20,38bf5ab4d8bead9f1f215e246c57b2622687e3802dbe623372a59b9360124263,not_applicable_source_reference,not_applicable_source_reference,False,8,arithmetic,2250,2250,2250,arithmetic,2,0,10,3,13,96,16,6,a2be2371a9395bccaa13b53bed56e605e8be74ba191ab51c0c4719262f6f85a2,30,2250,282,6,False
TOKEN-CHANNEL-EFFICIENCY-20260923/source,development,n02102480/ILSVRC2012_val_00010261_n02102480,20,38bf5ab4d8bead9f1f215e246c57b2622687e3802dbe623372a59b9360124263,not_applicable_source_reference,not_applicable_source_reference,False,9,raw,5088,5088,,raw,0,0,10,3,0,70,16,6,547fe8420bbfd76d6fe4b915f60817a2072d80441697dc6562022cf9dad06667,0,5088,636,0,False
TOKEN-CHANNEL-EFFICIENCY-20260923/source,development,n02102480/ILSVRC2012_val_00010261_n02102480,20,38bf5ab4d8bead9f1f215e246c57b2622687e3802dbe623372a59b9360124263,not_applicable_source_reference,not_applicable_source_reference,False,9,arithmetic,3738,3738,3738,arithmetic,2,0,10,3,13,96,16,6,f25e6a2dac210ed73dbaef98842b5e18dd5c18913399bed8e84cbd0f15141aaf,30,3738,468,6,False
TOKEN-CHANNEL-EFFICIENCY-20260923/source,development,n02102480/ILSVRC2012_val_00010261_n02102480,20,38bf5ab4d8bead9f1f215e246c57b2622687e3802dbe623372a59b9360124263,not_applicable_source_reference,not_applicable_source_reference,False,10,raw,8160,8160,,raw,0,0,10,3,0,70,16,6,b9fc8abcb7fe3dc6c6f3032e1df19efc33738483242235c27ed6674be7e67739,0,8160,1020,0,False
TOKEN-CHANNEL-EFFICIENCY-20260923/source,development,n02102480/ILSVRC2012_val_00010261_n02102480,20,38bf5ab4d8bead9f1f215e246c57b2622687e3802dbe623372a59b9360124263,not_applicable_source_reference,not_applicable_source_reference,False,10,arithmetic,5885,5885,5885,arithmetic,5,0,10,3,13,96,16,6,a8b25223f1d8bd3bb6715fddf83ab45ca36735de5905b829ed075a58ac751bd7,30,5885,736,3,False
TOKEN-CHANNEL-EFFICIENCY-20260923/source,development,n02105641/ILSVRC2012_val_00018762_n02105641,21,3c66584ece5c46a50e84a58166f6dc576f95302d99a27b9caf6db2771cf248a1,not_applicable_source_reference,not_applicable_source_reference,False,6,raw,1092,1092,,raw,0,0,10,3,0,70,16,6,11be3ba783bb34182c13850a4a3c2e8dce107fabf0238ee7388a3f192c6e1e83,0,1092,137,4,False
TOKEN-CHANNEL-EFFICIENCY-20260923/source,development,n02105641/ILSVRC2012_val_00018762_n02105641,21,3c66584ece5c46a50e84a58166f6dc576f95302d99a27b9caf6db2771cf248a1,not_applicable_source_reference,not_applicable_source_reference,False,6,arithmetic,952,952,952,arithmetic,3,0,10,3,13,96,16,6,b3f403e6dd9ed2d9b7f9557ba50892076c7268142deac8353716df6a8004a589,30,952,119,0,False
TOKEN-CHANNEL-EFFICIENCY-20260923/source,development,n02105641/ILSVRC2012_val_00018762_n02105641,21,3c66584ece5c46a50e84a58166f6dc576f95302d99a27b9caf6db2771cf248a1,not_applicable_source_reference,not_applicable_source_reference,False,7,raw,1860,1860,,raw,0,0,10,3,0,70,16,6,d6d5c83cae65e330e4b35ead78dd876c882b14a370eb9cc32b08500993ae8a2f,0,1860,233,4,False
TOKEN-CHANNEL-EFFICIENCY-20260923/source,development,n02105641/ILSVRC2012_val_00018762_n02105641,21,3c66584ece5c46a50e84a58166f6dc576f95302d99a27b9caf6db2771cf248a1,not_applicable_source_reference,not_applicable_source_reference,False,7,arithmetic,1617,1617,1617,arithmetic,2,0,10,3,13,96,16,6,ebf03cec12e97db4817e58fb1cefe2894ead7b4c88b865504e2a2b42f9c11877,30,1617,203,7,False
TOKEN-CHANNEL-EFFICIENCY-20260923/source,development,n02105641/ILSVRC2012_val_00018762_n02105641,21,3c66584ece5c46a50e84a58166f6dc576f95302d99a27b9caf6db2771cf248a1,not_applicable_source_reference,not_applicable_source_reference,False,8,raw,3060,3060,,raw,0,0,10,3,0,70,16,6,93d1cf72a4e1d6a52c0ea62b5459fce7e96380757873a8a5a633c2482ecc35ab,0,3060,383,4,False
TOKEN-CHANNEL-EFFICIENCY-20260923/source,development,n02105641/ILSVRC2012_val_00018762_n02105641,21,3c66584ece5c46a50e84a58166f6dc576f95302d99a27b9caf6db2771cf248a1,not_applicable_source_reference,not_applicable_source_reference,False,8,arithmetic,2684,2684,2684,arithmetic,4,0,10,3,13,96,16,6,de6841fce1e75d3c4edff52e7221d5be55605cf01640fea60872ed7e593a4acb,30,2684,336,4,False
TOKEN-CHANNEL-EFFICIENCY-20260923/source,development,n02105641/ILSVRC2012_val_00018762_n02105641,21,3c66584ece5c46a50e84a58166f6dc576f95302d99a27b9caf6db2771cf248a1,not_applicable_source_reference,not_applicable_source_reference,False,9,raw,5088,5088,,raw,0,0,10,3,0,70,16,6,cb8b38e44c28d1ffe659ba29cee69ce751b2f18720418454aa397cc2af2255c4,0,5088,636,0,False
TOKEN-CHANNEL-EFFICIENCY-20260923/source,development,n02105641/ILSVRC2012_val_00018762_n02105641,21,3c66584ece5c46a50e84a58166f6dc576f95302d99a27b9caf6db2771cf248a1,not_applicable_source_reference,not_applicable_source_reference,False,9,arithmetic,4298,4298,4298,arithmetic,4,0,10,3,13,96,16,6,ea36d859d223e5cd64d1f2ec880b786fce5db24eb714672367aaf81103f03746,30,4298,538,6,False
TOKEN-CHANNEL-EFFICIENCY-20260923/source,development,n02105641/ILSVRC2012_val_00018762_n02105641,21,3c66584ece5c46a50e84a58166f6dc576f95302d99a27b9caf6db2771cf248a1,not_applicable_source_reference,not_applicable_source_reference,False,10,raw,8160,8160,,raw,0,0,10,3,0,70,16,6,3cc37da9ceec1bd1232fc2da5cc83cb311f41148a78529e0b6da7c8eb6aef6d8,0,8160,1020,0,False
TOKEN-CHANNEL-EFFICIENCY-20260923/source,development,n02105641/ILSVRC2012_val_00018762_n02105641,21,3c66584ece5c46a50e84a58166f6dc576f95302d99a27b9caf6db2771cf248a1,not_applicable_source_reference,not_applicable_source_reference,False,10,arithmetic,6517,6517,6517,arithmetic,3,0,10,3,13,96,16,6,c5eff89b0fbbbceace1746e3d0a780b92b3f10bd73522f9ad1b6345a5acb9e7b,30,6517,815,3,False
TOKEN-CHANNEL-EFFICIENCY-20260923/source,development,n02106550/ILSVRC2012_val_00014315_n02106550,22,4d74095324045d8f79e913400e79b35c1d4966121268d279670f7b781201720e,not_applicable_source_reference,not_applicable_source_reference,False,6,raw,1092,1092,,raw,0,0,10,3,0,70,16,6,d79d9ba8ae98c2b5bd664e24eb81e3163f67d07249ebd721f42b1e257b1f2449,0,1092,137,4,False
TOKEN-CHANNEL-EFFICIENCY-20260923/source,development,n02106550/ILSVRC2012_val_00014315_n02106550,22,4d74095324045d8f79e913400e79b35c1d4966121268d279670f7b781201720e,not_applicable_source_reference,not_applicable_source_reference,False,6,arithmetic,925,925,925,arithmetic,2,0,10,3,13,96,16,6,a240cb809e5d8f3c76fe3bbceab3172a6a538e58ccad30472450bedfe52c5839,30,925,116,3,False
TOKEN-CHANNEL-EFFICIENCY-20260923/source,development,n02106550/ILSVRC2012_val_00014315_n02106550,22,4d74095324045d8f79e913400e79b35c1d4966121268d279670f7b781201720e,not_applicable_source_reference,not_applicable_source_reference,False,7,raw,1860,1860,,raw,0,0,10,3,0,70,16,6,a9bb3271c6789261cfedbb431f5b1ca56e0d72913191960513f479a35ae30446,0,1860,233,4,False
TOKEN-CHANNEL-EFFICIENCY-20260923/source,development,n02106550/ILSVRC2012_val_00014315_n02106550,22,4d74095324045d8f79e913400e79b35c1d4966121268d279670f7b781201720e,not_applicable_source_reference,not_applicable_source_reference,False,7,arithmetic,1576,1576,1576,arithmetic,3,0,10,3,13,96,16,6,def380a27f70301f0c8942fb9d276360265485b19223f07ea49e2c69d5f93170,30,1576,197,0,False
TOKEN-CHANNEL-EFFICIENCY-20260923/source,development,n02106550/ILSVRC2012_val_00014315_n02106550,22,4d74095324045d8f79e913400e79b35c1d4966121268d279670f7b781201720e,not_applicable_source_reference,not_applicable_source_reference,False,8,raw,3060,3060,,raw,0,0,10,3,0,70,16,6,3d52734d541129dedfcd70fa85c3fe5161ee66f98818f9bdd647f6c5cd7fdb08,0,3060,383,4,False
TOKEN-CHANNEL-EFFICIENCY-20260923/source,development,n02106550/ILSVRC2012_val_00014315_n02106550,22,4d74095324045d8f79e913400e79b35c1d4966121268d279670f7b781201720e,not_applicable_source_reference,not_applicable_source_reference,False,8,arithmetic,2533,2533,2533,arithmetic,3,0,10,3,13,96,16,6,cd2f6a4a2611283ca060847ac48fac3b41891426ee85e706d2300dd1e93d5aea,30,2533,317,3,False
TOKEN-CHANNEL-EFFICIENCY-20260923/source,development,n02106550/ILSVRC2012_val_00014315_n02106550,22,4d74095324045d8f79e913400e79b35c1d4966121268d279670f7b781201720e,not_applicable_source_reference,not_applicable_source_reference,False,9,raw,5088,5088,,raw,0,0,10,3,0,70,16,6,fa55d5d170cdef0699a5276a6005b98bbf80d307b7af09d1080076c88d8b375e,0,5088,636,0,False
TOKEN-CHANNEL-EFFICIENCY-20260923/source,development,n02106550/ILSVRC2012_val_00014315_n02106550,22,4d74095324045d8f79e913400e79b35c1d4966121268d279670f7b781201720e,not_applicable_source_reference,not_applicable_source_reference,False,9,arithmetic,4050,4050,4050,arithmetic,2,0,10,3,13,96,16,6,c0bd68d846f4d38642855720f653f83d1dbbf1746a3d9461d328a88748168d49,30,4050,507,6,False
TOKEN-CHANNEL-EFFICIENCY-20260923/source,development,n02106550/ILSVRC2012_val_00014315_n02106550,22,4d74095324045d8f79e913400e79b35c1d4966121268d279670f7b781201720e,not_applicable_source_reference,not_applicable_source_reference,False,10,raw,8160,8160,,raw,0,0,10,3,0,70,16,6,50bbe7b448d9c3e4df850def65fa312e324e26bd7b75e718c5d605018f9af453,0,8160,1020,0,False
TOKEN-CHANNEL-EFFICIENCY-20260923/source,development,n02106550/ILSVRC2012_val_00014315_n02106550,22,4d74095324045d8f79e913400e79b35c1d4966121268d279670f7b781201720e,not_applicable_source_reference,not_applicable_source_reference,False,10,arithmetic,5845,5845,5845,arithmetic,2,0,10,3,13,96,16,6,919bf4af015ee14c2cc9de6c98e459e4572ab1b0d307c1e140b6c5aebd71c589,30,5845,731,3,False
TOKEN-CHANNEL-EFFICIENCY-20260923/source,development,n02107683/ILSVRC2012_val_00010786_n02107683,23,fa0a929e8186ffeb826e91bdccee23a649868c49cab59617144ade56bf9f52b3,not_applicable_source_reference,not_applicable_source_reference,False,6,raw,1092,1092,,raw,0,0,10,3,0,70,16,6,f05cdfad55574199eb12085959b9321a21e113fc3088db3d0eef2efa08d1a4e4,0,1092,137,4,False
TOKEN-CHANNEL-EFFICIENCY-20260923/source,development,n02107683/ILSVRC2012_val_00010786_n02107683,23,fa0a929e8186ffeb826e91bdccee23a649868c49cab59617144ade56bf9f52b3,not_applicable_source_reference,not_applicable_source_reference,False,6,arithmetic,859,859,859,arithmetic,3,0,10,3,13,96,16,6,8bfc24860d15e9ebdf21307a1cc433a92f5b61e42172a9537e524bbe4647be7f,30,859,108,5,False
TOKEN-CHANNEL-EFFICIENCY-20260923/source,development,n02107683/ILSVRC2012_val_00010786_n02107683,23,fa0a929e8186ffeb826e91bdccee23a649868c49cab59617144ade56bf9f52b3,not_applicable_source_reference,not_applicable_source_reference,False,7,raw,1860,1860,,raw,0,0,10,3,0,70,16,6,a2f8132c2ead9640a5461bb472cfe540337312e81c2eb6d5a32dd64c79e333ec,0,1860,233,4,False
TOKEN-CHANNEL-EFFICIENCY-20260923/source,development,n02107683/ILSVRC2012_val_00010786_n02107683,23,fa0a929e8186ffeb826e91bdccee23a649868c49cab59617144ade56bf9f52b3,not_applicable_source_reference,not_applicable_source_reference,False,7,arithmetic,1524,1524,1524,arithmetic,3,0,10,3,13,96,16,6,2fa525355e4f1e416e4057386049625823cacded765634ec910d4535f6aca07b,30,1524,191,4,False
TOKEN-CHANNEL-EFFICIENCY-20260923/source,development,n02107683/ILSVRC2012_val_00010786_n02107683,23,fa0a929e8186ffeb826e91bdccee23a649868c49cab59617144ade56bf9f52b3,not_applicable_source_reference,not_applicable_source_reference,False,8,raw,3060,3060,,raw,0,0,10,3,0,70,16,6,34080b2abc059d4b4e78f11702ab26b941256b1b2c9918a16128bf49c2acef26,0,3060,383,4,False
TOKEN-CHANNEL-EFFICIENCY-20260923/source,development,n02107683/ILSVRC2012_val_00010786_n02107683,23,fa0a929e8186ffeb826e91bdccee23a649868c49cab59617144ade56bf9f52b3,not_applicable_source_reference,not_applicable_source_reference,False,8,arithmetic,2466,2466,2466,arithmetic,3,0,10,3,13,96,16,6,23edd5e58108bc1b50bd6c4a69448143983875baf9833a2c9898570b60219afc,30,2466,309,6,False
TOKEN-CHANNEL-EFFICIENCY-20260923/source,development,n02107683/ILSVRC2012_val_00010786_n02107683,23,fa0a929e8186ffeb826e91bdccee23a649868c49cab59617144ade56bf9f52b3,not_applicable_source_reference,not_applicable_source_reference,False,9,raw,5088,5088,,raw,0,0,10,3,0,70,16,6,ef8d230e74a201c39e56c9aec93571e5f695b55670ae3f8be27c487fc3c0bd93,0,5088,636,0,False
TOKEN-CHANNEL-EFFICIENCY-20260923/source,development,n02107683/ILSVRC2012_val_00010786_n02107683,23,fa0a929e8186ffeb826e91bdccee23a649868c49cab59617144ade56bf9f52b3,not_applicable_source_reference,not_applicable_source_reference,False,9,arithmetic,4018,4018,4018,arithmetic,2,0,10,3,13,96,16,6,078bf4748832609c64f66ed6d9a4b8cf171f092a4d0d6c85e28bcbca08a96d7d,30,4018,503,6,False
TOKEN-CHANNEL-EFFICIENCY-20260923/source,development,n02107683/ILSVRC2012_val_00010786_n02107683,23,fa0a929e8186ffeb826e91bdccee23a649868c49cab59617144ade56bf9f52b3,not_applicable_source_reference,not_applicable_source_reference,False,10,raw,8160,8160,,raw,0,0,10,3,0,70,16,6,aa44ee2c009e7ab5db16d482ac0030dcd23a609c09f865df09a14da580f5917f,0,8160,1020,0,False
TOKEN-CHANNEL-EFFICIENCY-20260923/source,development,n02107683/ILSVRC2012_val_00010786_n02107683,23,fa0a929e8186ffeb826e91bdccee23a649868c49cab59617144ade56bf9f52b3,not_applicable_source_reference,not_applicable_source_reference,False,10,arithmetic,6138,6138,6138,arithmetic,3,0,10,3,13,96,16,6,4010cc9fa0ef711d8d6e8ffab865371868e095f574991800740051dc7f8998f4,30,6138,768,6,False
TOKEN-CHANNEL-EFFICIENCY-20260923/source,development,n02110806/ILSVRC2012_val_00030364_n02110806,24,7979fe01c4abe94a4d916a11520399c7e8ed8c805e7490fff5b6cf9579ce9dbe,not_applicable_source_reference,not_applicable_source_reference,False,6,raw,1092,1092,,raw,0,0,10,3,0,70,16,6,d5be7f7c85f4669c90657a70a58ecb469d9d27d4c0aead257ab52d3885788038,0,1092,137,4,False
TOKEN-CHANNEL-EFFICIENCY-20260923/source,development,n02110806/ILSVRC2012_val_00030364_n02110806,24,7979fe01c4abe94a4d916a11520399c7e8ed8c805e7490fff5b6cf9579ce9dbe,not_applicable_source_reference,not_applicable_source_reference,False,6,arithmetic,1002,1002,1002,arithmetic,3,0,10,3,13,96,16,6,51dd5d3172b19401994bea8c2fcb2e610d5e1774b25f4d8c8bdf7b2b6e7f2717,30,1002,126,6,False
TOKEN-CHANNEL-EFFICIENCY-20260923/source,development,n02110806/ILSVRC2012_val_00030364_n02110806,24,7979fe01c4abe94a4d916a11520399c7e8ed8c805e7490fff5b6cf9579ce9dbe,not_applicable_source_reference,not_applicable_source_reference,False,7,raw,1860,1860,,raw,0,0,10,3,0,70,16,6,0cee7a8f28b243afe7041fec7870cb4f41ca4d4546e3bd286b71cd5376089199,0,1860,233,4,False
TOKEN-CHANNEL-EFFICIENCY-20260923/source,development,n02110806/ILSVRC2012_val_00030364_n02110806,24,7979fe01c4abe94a4d916a11520399c7e8ed8c805e7490fff5b6cf9579ce9dbe,not_applicable_source_reference,not_applicable_source_reference,False,7,arithmetic,1684,1684,1684,arithmetic,2,0,10,3,13,96,16,6,64f3dcf7c6255eace7c571483e998184def369417e369080d26413fc06428845,30,1684,211,4,False
TOKEN-CHANNEL-EFFICIENCY-20260923/source,development,n02110806/ILSVRC2012_val_00030364_n02110806,24,7979fe01c4abe94a4d916a11520399c7e8ed8c805e7490fff5b6cf9579ce9dbe,not_applicable_source_reference,not_applicable_source_reference,False,8,raw,3060,3060,,raw,0,0,10,3,0,70,16,6,6375c030069f22d5de3c391e920c029d4f5f74af50fcaa12551193ca2b31d89d,0,3060,383,4,False
TOKEN-CHANNEL-EFFICIENCY-20260923/source,development,n02110806/ILSVRC2012_val_00030364_n02110806,24,7979fe01c4abe94a4d916a11520399c7e8ed8c805e7490fff5b6cf9579ce9dbe,not_applicable_source_reference,not_applicable_source_reference,False,8,arithmetic,2716,2716,2716,arithmetic,2,0,10,3,13,96,16,6,b145dd062781208f72727ea053bf429485cf5207ddb50d8a733acb2e37b7486c,30,2716,340,4,False
TOKEN-CHANNEL-EFFICIENCY-20260923/source,development,n02110806/ILSVRC2012_val_00030364_n02110806,24,7979fe01c4abe94a4d916a11520399c7e8ed8c805e7490fff5b6cf9579ce9dbe,not_applicable_source_reference,not_applicable_source_reference,False,9,raw,5088,5088,,raw,0,0,10,3,0,70,16,6,f67b31bc92a7648aa24f95d2999aed8c7dc21b399417ac666860052fa5caea2d,0,5088,636,0,False
TOKEN-CHANNEL-EFFICIENCY-20260923/source,development,n02110806/ILSVRC2012_val_00030364_n02110806,24,7979fe01c4abe94a4d916a11520399c7e8ed8c805e7490fff5b6cf9579ce9dbe,not_applicable_source_reference,not_applicable_source_reference,False,9,arithmetic,4330,4330,4330,arithmetic,2,0,10,3,13,96,16,6,ccc966ba1b9ccf0f0dec1ad1b3fe3d2ee6c7a372dd570a781d4db7b1713c352e,30,4330,542,6,False
TOKEN-CHANNEL-EFFICIENCY-20260923/source,development,n02110806/ILSVRC2012_val_00030364_n02110806,24,7979fe01c4abe94a4d916a11520399c7e8ed8c805e7490fff5b6cf9579ce9dbe,not_applicable_source_reference,not_applicable_source_reference,False,10,raw,8160,8160,,raw,0,0,10,3,0,70,16,6,338b5d3c844c50a8c07efa3fa79ff99a45c6c45c3814828d0d8cbf1bee613b2c,0,8160,1020,0,False
TOKEN-CHANNEL-EFFICIENCY-20260923/source,development,n02110806/ILSVRC2012_val_00030364_n02110806,24,7979fe01c4abe94a4d916a11520399c7e8ed8c805e7490fff5b6cf9579ce9dbe,not_applicable_source_reference,not_applicable_source_reference,False,10,arithmetic,6289,6289,6289,arithmetic,3,0,10,3,13,96,16,6,c5bd376f46dbf99d9c509d26d3e5de76dea71afd533a94bb34a81590eb961e75,30,6289,787,7,False
TOKEN-CHANNEL-EFFICIENCY-20260923/source,development,n02113799/ILSVRC2012_val_00007866_n02113799,25,304f20c62753839162b2f26b666a6d1f5d9582476f0cb2cde601e47842f40b68,not_applicable_source_reference,not_applicable_source_reference,False,6,raw,1092,1092,,raw,0,0,10,3,0,70,16,6,51d48073dc57dc8aef1c158cbdda302c33c8094cbda8163f43c27c9f0d185991,0,1092,137,4,False
TOKEN-CHANNEL-EFFICIENCY-20260923/source,development,n02113799/ILSVRC2012_val_00007866_n02113799,25,304f20c62753839162b2f26b666a6d1f5d9582476f0cb2cde601e47842f40b68,not_applicable_source_reference,not_applicable_source_reference,False,6,arithmetic,953,953,953,arithmetic,2,0,10,3,13,96,16,6,e7e1674372e795d4353ac2f7316c10892b6729c5e116dc224a62991f2e854b84,30,953,120,7,False
TOKEN-CHANNEL-EFFICIENCY-20260923/source,development,n02113799/ILSVRC2012_val_00007866_n02113799,25,304f20c62753839162b2f26b666a6d1f5d9582476f0cb2cde601e47842f40b68,not_applicable_source_reference,not_applicable_source_reference,False,7,raw,1860,1860,,raw,0,0,10,3,0,70,16,6,ad26d612e75eebc587c64970e5444481ccfef895676bfb08726830652a556734,0,1860,233,4,False
TOKEN-CHANNEL-EFFICIENCY-20260923/source,development,n02113799/ILSVRC2012_val_00007866_n02113799,25,304f20c62753839162b2f26b666a6d1f5d9582476f0cb2cde601e47842f40b68,not_applicable_source_reference,not_applicable_source_reference,False,7,arithmetic,1579,1579,1579,arithmetic,3,0,10,3,13,96,16,6,069e9665efe5bf69c0b04e3a2890d78546e6ca332d21d15bbe9409bb737e8819,30,1579,198,5,False
TOKEN-CHANNEL-EFFICIENCY-20260923/source,development,n02113799/ILSVRC2012_val_00007866_n02113799,25,304f20c62753839162b2f26b666a6d1f5d9582476f0cb2cde601e47842f40b68,not_applicable_source_reference,not_applicable_source_reference,False,8,raw,3060,3060,,raw,0,0,10,3,0,70,16,6,17c643f3ff97848307bff2af49e7f5b2f3897092b2bd36ae16fcdcf2f7f4d99c,0,3060,383,4,False
TOKEN-CHANNEL-EFFICIENCY-20260923/source,development,n02113799/ILSVRC2012_val_00007866_n02113799,25,304f20c62753839162b2f26b666a6d1f5d9582476f0cb2cde601e47842f40b68,not_applicable_source_reference,not_applicable_source_reference,False,8,arithmetic,2572,2572,2572,arithmetic,2,0,10,3,13,96,16,6,bed92e1e585c9038bc397d91a6a99a660299a94b62c9bfcf524e7b215b765ce3,30,2572,322,4,False
TOKEN-CHANNEL-EFFICIENCY-20260923/source,development,n02113799/ILSVRC2012_val_00007866_n02113799,25,304f20c62753839162b2f26b666a6d1f5d9582476f0cb2cde601e47842f40b68,not_applicable_source_reference,not_applicable_source_reference,False,9,raw,5088,5088,,raw,0,0,10,3,0,70,16,6,7a90a6825bf6d744d3e6219ce393178f874995979c890a93eb518c60d0ea468a,0,5088,636,0,False
TOKEN-CHANNEL-EFFICIENCY-20260923/source,development,n02113799/ILSVRC2012_val_00007866_n02113799,25,304f20c62753839162b2f26b666a6d1f5d9582476f0cb2cde601e47842f40b68,not_applicable_source_reference,not_applicable_source_reference,False,9,arithmetic,4193,4193,4193,arithmetic,3,0,10,3,13,96,16,6,26346b47f92b99f2d104b796ec38c5ce424d8634429903e5ba4023c55eb1dbcb,30,4193,525,7,False
TOKEN-CHANNEL-EFFICIENCY-20260923/source,development,n02113799/ILSVRC2012_val_00007866_n02113799,25,304f20c62753839162b2f26b666a6d1f5d9582476f0cb2cde601e47842f40b68,not_applicable_source_reference,not_applicable_source_reference,False,10,raw,8160,8160,,raw,0,0,10,3,0,70,16,6,617b498e8588e4cd113dca26b72cf45a6dad26281827a7135649ec0650bcd556,0,8160,1020,0,False
TOKEN-CHANNEL-EFFICIENCY-20260923/source,development,n02113799/ILSVRC2012_val_00007866_n02113799,25,304f20c62753839162b2f26b666a6d1f5d9582476f0cb2cde601e47842f40b68,not_applicable_source_reference,not_applicable_source_reference,False,10,arithmetic,6279,6279,6279,arithmetic,2,0,10,3,13,96,16,6,22eedbb22e9d69c55175c49457f8d969009b904f0c87eeb85cab5e1304e577d7,30,6279,785,1,False
TOKEN-CHANNEL-EFFICIENCY-20260923/source,development,n02123159/ILSVRC2012_val_00025723_n02123159,26,ed441e8839af44206a68e2c3c7607146d77cc39acae0fcae80e5b60f68929113,not_applicable_source_reference,not_applicable_source_reference,False,6,raw,1092,1092,,raw,0,0,10,3,0,70,16,6,8137f4acada47257f5c5cb96e8f072b37aadccf81a67202b02196dc184e4f5b6,0,1092,137,4,False
TOKEN-CHANNEL-EFFICIENCY-20260923/source,development,n02123159/ILSVRC2012_val_00025723_n02123159,26,ed441e8839af44206a68e2c3c7607146d77cc39acae0fcae80e5b60f68929113,not_applicable_source_reference,not_applicable_source_reference,False,6,arithmetic,938,938,938,arithmetic,2,0,10,3,13,96,16,6,479fd990eb79c8e97e7f935439cc03028fe9e3c7a3fa8c77c1fc5f7eed345845,30,938,118,6,False
TOKEN-CHANNEL-EFFICIENCY-20260923/source,development,n02123159/ILSVRC2012_val_00025723_n02123159,26,ed441e8839af44206a68e2c3c7607146d77cc39acae0fcae80e5b60f68929113,not_applicable_source_reference,not_applicable_source_reference,False,7,raw,1860,1860,,raw,0,0,10,3,0,70,16,6,49c6974b6676064b864ceb345d25ee23abfe5ba680213666344fea72b4fb3f8d,0,1860,233,4,False
TOKEN-CHANNEL-EFFICIENCY-20260923/source,development,n02123159/ILSVRC2012_val_00025723_n02123159,26,ed441e8839af44206a68e2c3c7607146d77cc39acae0fcae80e5b60f68929113,not_applicable_source_reference,not_applicable_source_reference,False,7,arithmetic,1535,1535,1535,arithmetic,2,0,10,3,13,96,16,6,32e0180c43eab8b59c51d6c9efaaadca77dfdf483a7ecb8c0fe507b2145d43e0,30,1535,192,1,False
TOKEN-CHANNEL-EFFICIENCY-20260923/source,development,n02123159/ILSVRC2012_val_00025723_n02123159,26,ed441e8839af44206a68e2c3c7607146d77cc39acae0fcae80e5b60f68929113,not_applicable_source_reference,not_applicable_source_reference,False,8,raw,3060,3060,,raw,0,0,10,3,0,70,16,6,800c3ba4c347e8764231e8c942203b9a0b94db129ab6f0629819c4d9733aaff8,0,3060,383,4,False
TOKEN-CHANNEL-EFFICIENCY-20260923/source,development,n02123159/ILSVRC2012_val_00025723_n02123159,26,ed441e8839af44206a68e2c3c7607146d77cc39acae0fcae80e5b60f68929113,not_applicable_source_reference,not_applicable_source_reference,False,8,arithmetic,2554,2554,2554,arithmetic,2,0,10,3,13,96,16,6,49e4d8d2f945f8df73355ab2cdabfcda7d778fa34435ff924ed2817a7f25013a,30,2554,320,6,False
TOKEN-CHANNEL-EFFICIENCY-20260923/source,development,n02123159/ILSVRC2012_val_00025723_n02123159,26,ed441e8839af44206a68e2c3c7607146d77cc39acae0fcae80e5b60f68929113,not_applicable_source_reference,not_applicable_source_reference,False,9,raw,5088,5088,,raw,0,0,10,3,0,70,16,6,e4a3441c85f27f695f36c683654c5a12e182a12a33584cdbcd6a55150fe8efac,0,5088,636,0,False
TOKEN-CHANNEL-EFFICIENCY-20260923/source,development,n02123159/ILSVRC2012_val_00025723_n02123159,26,ed441e8839af44206a68e2c3c7607146d77cc39acae0fcae80e5b60f68929113,not_applicable_source_reference,not_applicable_source_reference,False,9,arithmetic,4198,4198,4198,arithmetic,3,0,10,3,13,96,16,6,02c82cf1ef5e87ed050b307048a39899ad8fb1f7a92918f7991f7e31d5a0fb25,30,4198,525,2,False
TOKEN-CHANNEL-EFFICIENCY-20260923/source,development,n02123159/ILSVRC2012_val_00025723_n02123159,26,ed441e8839af44206a68e2c3c7607146d77cc39acae0fcae80e5b60f68929113,not_applicable_source_reference,not_applicable_source_reference,False,10,raw,8160,8160,,raw,0,0,10,3,0,70,16,6,e5bac1f06d06a851824e1cd52872c79ab94be64b1ed875becd15462cc929dae4,0,8160,1020,0,False
TOKEN-CHANNEL-EFFICIENCY-20260923/source,development,n02123159/ILSVRC2012_val_00025723_n02123159,26,ed441e8839af44206a68e2c3c7607146d77cc39acae0fcae80e5b60f68929113,not_applicable_source_reference,not_applicable_source_reference,False,10,arithmetic,6347,6347,6347,arithmetic,2,0,10,3,13,96,16,6,7c2dd1d9696a4c64af543c9929c1e21d796e4301ac481d31f5748271175f2e1f,30,6347,794,5,False
TOKEN-CHANNEL-EFFICIENCY-20260923/source,development,n02134084/ILSVRC2012_val_00020332_n02134084,27,92afe5c6ba9b6add49a7b8d5f69014be0bbc2393759fb85a99ead66e153f0edb,not_applicable_source_reference,not_applicable_source_reference,False,6,raw,1092,1092,,raw,0,0,10,3,0,70,16,6,ed85ee000b20d0b4953a11a57014a123f4abe5bba2106c22fd8d0ca8614c697e,0,1092,137,4,False
TOKEN-CHANNEL-EFFICIENCY-20260923/source,development,n02134084/ILSVRC2012_val_00020332_n02134084,27,92afe5c6ba9b6add49a7b8d5f69014be0bbc2393759fb85a99ead66e153f0edb,not_applicable_source_reference,not_applicable_source_reference,False,6,arithmetic,876,876,876,arithmetic,3,0,10,3,13,96,16,6,b7a16c60453e04a03ff225ea5061dea999dd861ed96c1b7d01dedae7482c2864,30,876,110,4,False
TOKEN-CHANNEL-EFFICIENCY-20260923/source,development,n02134084/ILSVRC2012_val_00020332_n02134084,27,92afe5c6ba9b6add49a7b8d5f69014be0bbc2393759fb85a99ead66e153f0edb,not_applicable_source_reference,not_applicable_source_reference,False,7,raw,1860,1860,,raw,0,0,10,3,0,70,16,6,b1b6e227c343ee2dbdbd77257d12730b37839e7f865277a29b134965f287046a,0,1860,233,4,False
TOKEN-CHANNEL-EFFICIENCY-20260923/source,development,n02134084/ILSVRC2012_val_00020332_n02134084,27,92afe5c6ba9b6add49a7b8d5f69014be0bbc2393759fb85a99ead66e153f0edb,not_applicable_source_reference,not_applicable_source_reference,False,7,arithmetic,1550,1550,1550,arithmetic,2,0,10,3,13,96,16,6,aaedffc42ca7d910ff343d6c52535e6bac4252880eee5be6c8f621fc416435ae,30,1550,194,2,False
TOKEN-CHANNEL-EFFICIENCY-20260923/source,development,n02134084/ILSVRC2012_val_00020332_n02134084,27,92afe5c6ba9b6add49a7b8d5f69014be0bbc2393759fb85a99ead66e153f0edb,not_applicable_source_reference,not_applicable_source_reference,False,8,raw,3060,3060,,raw,0,0,10,3,0,70,16,6,35814c03ccb7b8dfef012b972f97d8a80cb8498c4e625a9ed8c1cb0663fcc197,0,3060,383,4,False
TOKEN-CHANNEL-EFFICIENCY-20260923/source,development,n02134084/ILSVRC2012_val_00020332_n02134084,27,92afe5c6ba9b6add49a7b8d5f69014be0bbc2393759fb85a99ead66e153f0edb,not_applicable_source_reference,not_applicable_source_reference,False,8,arithmetic,2488,2488,2488,arithmetic,3,0,10,3,13,96,16,6,b5b5709097adda7c4af8fb94251e6be565a17aebdff98214ebe484c6420abe54,30,2488,311,0,False
TOKEN-CHANNEL-EFFICIENCY-20260923/source,development,n02134084/ILSVRC2012_val_00020332_n02134084,27,92afe5c6ba9b6add49a7b8d5f69014be0bbc2393759fb85a99ead66e153f0edb,not_applicable_source_reference,not_applicable_source_reference,False,9,raw,5088,5088,,raw,0,0,10,3,0,70,16,6,d18d28376edb24898020980f4cd612311e0011640ec39d32c8814f8890ed20a9,0,5088,636,0,False
TOKEN-CHANNEL-EFFICIENCY-20260923/source,development,n02134084/ILSVRC2012_val_00020332_n02134084,27,92afe5c6ba9b6add49a7b8d5f69014be0bbc2393759fb85a99ead66e153f0edb,not_applicable_source_reference,not_applicable_source_reference,False,9,arithmetic,4021,4021,4021,arithmetic,2,0,10,3,13,96,16,6,326417d63beedc97783306a20c5be620757bdcf49bccd9bf60c795a8cf980e43,30,4021,503,3,False
TOKEN-CHANNEL-EFFICIENCY-20260923/source,development,n02134084/ILSVRC2012_val_00020332_n02134084,27,92afe5c6ba9b6add49a7b8d5f69014be0bbc2393759fb85a99ead66e153f0edb,not_applicable_source_reference,not_applicable_source_reference,False,10,raw,8160,8160,,raw,0,0,10,3,0,70,16,6,a2cbfbed7813d0b528b2614c3d55ec3e58488e13cdbfbe918bf2f1b94a2aff80,0,8160,1020,0,False
TOKEN-CHANNEL-EFFICIENCY-20260923/source,development,n02134084/ILSVRC2012_val_00020332_n02134084,27,92afe5c6ba9b6add49a7b8d5f69014be0bbc2393759fb85a99ead66e153f0edb,not_applicable_source_reference,not_applicable_source_reference,False,10,arithmetic,6150,6150,6150,arithmetic,2,0,10,3,13,96,16,6,8ade559bac087d219a5b203a81818307661f940e4585ee51a26c08401e87f16d,30,6150,769,2,False
TOKEN-CHANNEL-EFFICIENCY-20260923/source,development,n02168699/ILSVRC2012_val_00040132_n02168699,28,caae24a36e6f26c363f5e4a7594fcd5c9d22864fe233e8d449d53a726a8100a4,not_applicable_source_reference,not_applicable_source_reference,False,6,raw,1092,1092,,raw,0,0,10,3,0,70,16,6,a5a46248e9ee1939dc3118bb90e52c38b94cb54b555a3003cb8bef1782318273,0,1092,137,4,False
TOKEN-CHANNEL-EFFICIENCY-20260923/source,development,n02168699/ILSVRC2012_val_00040132_n02168699,28,caae24a36e6f26c363f5e4a7594fcd5c9d22864fe233e8d449d53a726a8100a4,not_applicable_source_reference,not_applicable_source_reference,False,6,arithmetic,832,832,832,arithmetic,4,0,10,3,13,96,16,6,2e6709d6093df8ee3203b978e066a926f62250d982b5e3d6d3fd77f365bd2cf2,30,832,104,0,False
TOKEN-CHANNEL-EFFICIENCY-20260923/source,development,n02168699/ILSVRC2012_val_00040132_n02168699,28,caae24a36e6f26c363f5e4a7594fcd5c9d22864fe233e8d449d53a726a8100a4,not_applicable_source_reference,not_applicable_source_reference,False,7,raw,1860,1860,,raw,0,0,10,3,0,70,16,6,0ec557e4c96decb01ba6f42f47c1f17ab733659dc9874b21be4fdf907362827b,0,1860,233,4,False
TOKEN-CHANNEL-EFFICIENCY-20260923/source,development,n02168699/ILSVRC2012_val_00040132_n02168699,28,caae24a36e6f26c363f5e4a7594fcd5c9d22864fe233e8d449d53a726a8100a4,not_applicable_source_reference,not_applicable_source_reference,False,7,arithmetic,1465,1465,1465,arithmetic,2,0,10,3,13,96,16,6,c20d2e9365d16263c18d024b4a908ddc0211af67d658ba27cba396057c1b81f1,30,1465,184,7,False
TOKEN-CHANNEL-EFFICIENCY-20260923/source,development,n02168699/ILSVRC2012_val_00040132_n02168699,28,caae24a36e6f26c363f5e4a7594fcd5c9d22864fe233e8d449d53a726a8100a4,not_applicable_source_reference,not_applicable_source_reference,False,8,raw,3060,3060,,raw,0,0,10,3,0,70,16,6,c8823b88be50ff6feed09244163ed4f8d0f6158b859b48b5d3950d7ec8455b5c,0,3060,383,4,False
TOKEN-CHANNEL-EFFICIENCY-20260923/source,development,n02168699/ILSVRC2012_val_00040132_n02168699,28,caae24a36e6f26c363f5e4a7594fcd5c9d22864fe233e8d449d53a726a8100a4,not_applicable_source_reference,not_applicable_source_reference,False,8,arithmetic,2429,2429,2429,arithmetic,2,0,10,3,13,96,16,6,84a970fb92cc2081d449ee64399489b98e57e55e50ac59c291e275ef97453c39,30,2429,304,3,False
TOKEN-CHANNEL-EFFICIENCY-20260923/source,development,n02168699/ILSVRC2012_val_00040132_n02168699,28,caae24a36e6f26c363f5e4a7594fcd5c9d22864fe233e8d449d53a726a8100a4,not_applicable_source_reference,not_applicable_source_reference,False,9,raw,5088,5088,,raw,0,0,10,3,0,70,16,6,5cfc59757e19322899caf5298e9a888f4a77e797ccfcce627a4969076b78fa7d,0,5088,636,0,False
TOKEN-CHANNEL-EFFICIENCY-20260923/source,development,n02168699/ILSVRC2012_val_00040132_n02168699,28,caae24a36e6f26c363f5e4a7594fcd5c9d22864fe233e8d449d53a726a8100a4,not_applicable_source_reference,not_applicable_source_reference,False,9,arithmetic,3976,3976,3976,arithmetic,3,0,10,3,13,96,16,6,3501f31f9070563c15f3d4bb8251c61299035dcf9f7b196a04b106e4f41ce6b0,30,3976,497,0,False
TOKEN-CHANNEL-EFFICIENCY-20260923/source,development,n02168699/ILSVRC2012_val_00040132_n02168699,28,caae24a36e6f26c363f5e4a7594fcd5c9d22864fe233e8d449d53a726a8100a4,not_applicable_source_reference,not_applicable_source_reference,False,10,raw,8160,8160,,raw,0,0,10,3,0,70,16,6,fb4d98725fe12d33961ce3eea3a305a4576e8033823d45b6cef5fc4d5f448355,0,8160,1020,0,False
TOKEN-CHANNEL-EFFICIENCY-20260923/source,development,n02168699/ILSVRC2012_val_00040132_n02168699,28,caae24a36e6f26c363f5e4a7594fcd5c9d22864fe233e8d449d53a726a8100a4,not_applicable_source_reference,not_applicable_source_reference,False,10,arithmetic,6122,6122,6122,arithmetic,2,0,10,3,13,96,16,6,223584fe2031402979506f536e6ea29499d89f99f4da03c02c71c2069693f87c,30,6122,766,6,False
TOKEN-CHANNEL-EFFICIENCY-20260923/source,development,n02233338/ILSVRC2012_val_00016160_n02233338,29,d2d64df0e26c9602d937a190b46ccd9f9c7541916cdbba9441e0999a09343c62,not_applicable_source_reference,not_applicable_source_reference,False,6,raw,1092,1092,,raw,0,0,10,3,0,70,16,6,77a4fcc3451056f44e6ef6c961c4d631db054305d36fff4e4c814eed230cc112,0,1092,137,4,False
TOKEN-CHANNEL-EFFICIENCY-20260923/source,development,n02233338/ILSVRC2012_val_00016160_n02233338,29,d2d64df0e26c9602d937a190b46ccd9f9c7541916cdbba9441e0999a09343c62,not_applicable_source_reference,not_applicable_source_reference,False,6,arithmetic,945,945,945,arithmetic,2,0,10,3,13,96,16,6,cf82f920a25efa5ea6522da344ef44cd738557920a9640d40266acf6db7446f5,30,945,119,7,False
TOKEN-CHANNEL-EFFICIENCY-20260923/source,development,n02233338/ILSVRC2012_val_00016160_n02233338,29,d2d64df0e26c9602d937a190b46ccd9f9c7541916cdbba9441e0999a09343c62,not_applicable_source_reference,not_applicable_source_reference,False,7,raw,1860,1860,,raw,0,0,10,3,0,70,16,6,8983992d3229f85afc3e1d25338cc888f99ce42f9a38818d500d6024ca6aa1d8,0,1860,233,4,False
TOKEN-CHANNEL-EFFICIENCY-20260923/source,development,n02233338/ILSVRC2012_val_00016160_n02233338,29,d2d64df0e26c9602d937a190b46ccd9f9c7541916cdbba9441e0999a09343c62,not_applicable_source_reference,not_applicable_source_reference,False,7,arithmetic,1624,1624,1624,arithmetic,2,0,10,3,13,96,16,6,edfb375a28581adcebe293182595d9aeaad6fa9fb5c87308e465400a38a37e54,30,1624,203,0,False
TOKEN-CHANNEL-EFFICIENCY-20260923/source,development,n02233338/ILSVRC2012_val_00016160_n02233338,29,d2d64df0e26c9602d937a190b46ccd9f9c7541916cdbba9441e0999a09343c62,not_applicable_source_reference,not_applicable_source_reference,False,8,raw,3060,3060,,raw,0,0,10,3,0,70,16,6,83ea832da56f28c1552b1e1c9f6dec96f26d2befb5024c636f6d0f6f1e42eb01,0,3060,383,4,False
TOKEN-CHANNEL-EFFICIENCY-20260923/source,development,n02233338/ILSVRC2012_val_00016160_n02233338,29,d2d64df0e26c9602d937a190b46ccd9f9c7541916cdbba9441e0999a09343c62,not_applicable_source_reference,not_applicable_source_reference,False,8,arithmetic,2689,2689,2689,arithmetic,3,0,10,3,13,96,16,6,0c79cc3a2c097437f68b00b24f0f4bdaf898e664f70971dd310f7e81c5563711,30,2689,337,7,False
TOKEN-CHANNEL-EFFICIENCY-20260923/source,development,n02233338/ILSVRC2012_val_00016160_n02233338,29,d2d64df0e26c9602d937a190b46ccd9f9c7541916cdbba9441e0999a09343c62,not_applicable_source_reference,not_applicable_source_reference,False,9,raw,5088,5088,,raw,0,0,10,3,0,70,16,6,2d6430ea177c0e8c1d28a8b138789926a05051f15e3ed4da0d9fdd0b34dacbc9,0,5088,636,0,False
TOKEN-CHANNEL-EFFICIENCY-20260923/source,development,n02233338/ILSVRC2012_val_00016160_n02233338,29,d2d64df0e26c9602d937a190b46ccd9f9c7541916cdbba9441e0999a09343c62,not_applicable_source_reference,not_applicable_source_reference,False,9,arithmetic,4373,4373,4373,arithmetic,3,0,10,3,13,96,16,6,45be60fe904dd05f99d626293d8b005ffd826c6a8b07d4d3a30348edf5582109,30,4373,547,3,False
TOKEN-CHANNEL-EFFICIENCY-20260923/source,development,n02233338/ILSVRC2012_val_00016160_n02233338,29,d2d64df0e26c9602d937a190b46ccd9f9c7541916cdbba9441e0999a09343c62,not_applicable_source_reference,not_applicable_source_reference,False,10,raw,8160,8160,,raw,0,0,10,3,0,70,16,6,31851f9a0d2fdfe5debcb56302a51a53838cb277727f5e7055fb67890e75cf46,0,8160,1020,0,False
TOKEN-CHANNEL-EFFICIENCY-20260923/source,development,n02233338/ILSVRC2012_val_00016160_n02233338,29,d2d64df0e26c9602d937a190b46ccd9f9c7541916cdbba9441e0999a09343c62,not_applicable_source_reference,not_applicable_source_reference,False,10,arithmetic,6529,6529,6529,arithmetic,4,0,10,3,13,96,16,6,4e1ffc48a26d99d2f5b1c1dd017c6b03e80a38371cb1fa17e7d0ccedf303982e,30,6529,817,7,False
TOKEN-CHANNEL-EFFICIENCY-20260923/source,development,n02264363/ILSVRC2012_val_00027803_n02264363,30,a9982d467f83d50ace36a56207d894db4c5d2535cb160188c286c3846a0c7385,not_applicable_source_reference,not_applicable_source_reference,False,6,raw,1092,1092,,raw,0,0,10,3,0,70,16,6,cec3eafe4882fe7ec028eeb24a3fd389ce91fd95a84943276a6004026fe365dd,0,1092,137,4,False
TOKEN-CHANNEL-EFFICIENCY-20260923/source,development,n02264363/ILSVRC2012_val_00027803_n02264363,30,a9982d467f83d50ace36a56207d894db4c5d2535cb160188c286c3846a0c7385,not_applicable_source_reference,not_applicable_source_reference,False,6,arithmetic,835,835,835,arithmetic,2,0,10,3,13,96,16,6,4dfd7e74a6d38a06943bbfba0a3ba59d768def1b14d2748bc715b45c4f15d0b6,30,835,105,5,False
TOKEN-CHANNEL-EFFICIENCY-20260923/source,development,n02264363/ILSVRC2012_val_00027803_n02264363,30,a9982d467f83d50ace36a56207d894db4c5d2535cb160188c286c3846a0c7385,not_applicable_source_reference,not_applicable_source_reference,False,7,raw,1860,1860,,raw,0,0,10,3,0,70,16,6,932c0351162258e50e47b2ce40712184d6715c2923f55d62a4c600a3b6a84c24,0,1860,233,4,False
TOKEN-CHANNEL-EFFICIENCY-20260923/source,development,n02264363/ILSVRC2012_val_00027803_n02264363,30,a9982d467f83d50ace36a56207d894db4c5d2535cb160188c286c3846a0c7385,not_applicable_source_reference,not_applicable_source_reference,False,7,arithmetic,1453,1453,1453,arithmetic,2,0,10,3,13,96,16,6,9ca862ef53c8fccb32f6b8c24abdc70442aea310461ec449bd3f08869b6f8105,30,1453,182,3,False
TOKEN-CHANNEL-EFFICIENCY-20260923/source,development,n02264363/ILSVRC2012_val_00027803_n02264363,30,a9982d467f83d50ace36a56207d894db4c5d2535cb160188c286c3846a0c7385,not_applicable_source_reference,not_applicable_source_reference,False,8,raw,3060,3060,,raw,0,0,10,3,0,70,16,6,7130eced1e52c9af05d9e93f654f5336751cbe78131e2f48a401a227ca46eed4,0,3060,383,4,False
TOKEN-CHANNEL-EFFICIENCY-20260923/source,development,n02264363/ILSVRC2012_val_00027803_n02264363,30,a9982d467f83d50ace36a56207d894db4c5d2535cb160188c286c3846a0c7385,not_applicable_source_reference,not_applicable_source_reference,False,8,arithmetic,2287,2287,2287,arithmetic,6,0,10,3,13,96,16,6,0bd9dcd331b9c9d1be5f96082b50d1ad16945c159af77e5061d22230ca0a52cd,30,2287,286,1,False
TOKEN-CHANNEL-EFFICIENCY-20260923/source,development,n02264363/ILSVRC2012_val_00027803_n02264363,30,a9982d467f83d50ace36a56207d894db4c5d2535cb160188c286c3846a0c7385,not_applicable_source_reference,not_applicable_source_reference,False,9,raw,5088,5088,,raw,0,0,10,3,0,70,16,6,a218367c978e0bcda278e12c240532962b868d4b6af033881033ca1faec05e97,0,5088,636,0,False
TOKEN-CHANNEL-EFFICIENCY-20260923/source,development,n02264363/ILSVRC2012_val_00027803_n02264363,30,a9982d467f83d50ace36a56207d894db4c5d2535cb160188c286c3846a0c7385,not_applicable_source_reference,not_applicable_source_reference,False,9,arithmetic,3632,3632,3632,arithmetic,5,0,10,3,13,96,16,6,d0c0e16c8f0b96df7de3d6b12bf71030104120c6628bc473a609297ef04b55fd,30,3632,454,0,False
TOKEN-CHANNEL-EFFICIENCY-20260923/source,development,n02264363/ILSVRC2012_val_00027803_n02264363,30,a9982d467f83d50ace36a56207d894db4c5d2535cb160188c286c3846a0c7385,not_applicable_source_reference,not_applicable_source_reference,False,10,raw,8160,8160,,raw,0,0,10,3,0,70,16,6,1d061c456ad106d2932662327597757d2ee3784f3b8784449e2cf552cd8e0232,0,8160,1020,0,False
TOKEN-CHANNEL-EFFICIENCY-20260923/source,development,n02264363/ILSVRC2012_val_00027803_n02264363,30,a9982d467f83d50ace36a56207d894db4c5d2535cb160188c286c3846a0c7385,not_applicable_source_reference,not_applicable_source_reference,False,10,arithmetic,5731,5731,5731,arithmetic,2,0,10,3,13,96,16,6,23e7c6c776b9ea192809c75f22453b7e47ff7934c080f77e9844c7371cc34778,30,5731,717,5,False
TOKEN-CHANNEL-EFFICIENCY-20260923/source,development,n02277742/ILSVRC2012_val_00015608_n02277742,31,bd678c112e5c027a0d5a9dd67e8a15db14f8eb5dff986394ab6f936a11498a62,not_applicable_source_reference,not_applicable_source_reference,False,6,raw,1092,1092,,raw,0,0,10,3,0,70,16,6,da4e1baaf1b6d1dcfc9c9894f515155e0db9e2303c79f4a8526a1c44c93c5391,0,1092,137,4,False
TOKEN-CHANNEL-EFFICIENCY-20260923/source,development,n02277742/ILSVRC2012_val_00015608_n02277742,31,bd678c112e5c027a0d5a9dd67e8a15db14f8eb5dff986394ab6f936a11498a62,not_applicable_source_reference,not_applicable_source_reference,False,6,arithmetic,945,945,945,arithmetic,3,0,10,3,13,96,16,6,ba1928fc4b6173255ebc3e48d571efbf15c5b86412a7ed142798362910f98f9a,30,945,119,7,False
TOKEN-CHANNEL-EFFICIENCY-20260923/source,development,n02277742/ILSVRC2012_val_00015608_n02277742,31,bd678c112e5c027a0d5a9dd67e8a15db14f8eb5dff986394ab6f936a11498a62,not_applicable_source_reference,not_applicable_source_reference,False,7,raw,1860,1860,,raw,0,0,10,3,0,70,16,6,d9c272479d7fb9f21c618fa06113545d199a6e6ec19c84dc202b94c7e7efd236,0,1860,233,4,False
TOKEN-CHANNEL-EFFICIENCY-20260923/source,development,n02277742/ILSVRC2012_val_00015608_n02277742,31,bd678c112e5c027a0d5a9dd67e8a15db14f8eb5dff986394ab6f936a11498a62,not_applicable_source_reference,not_applicable_source_reference,False,7,arithmetic,1589,1589,1589,arithmetic,2,0,10,3,13,96,16,6,cc26401ae1449cd38fbb0c08b545da72e2ef6654acd144c4cb4ae34bf88f51a0,30,1589,199,3,False
TOKEN-CHANNEL-EFFICIENCY-20260923/source,development,n02277742/ILSVRC2012_val_00015608_n02277742,31,bd678c112e5c027a0d5a9dd67e8a15db14f8eb5dff986394ab6f936a11498a62,not_applicable_source_reference,not_applicable_source_reference,False,8,raw,3060,3060,,raw,0,0,10,3,0,70,16,6,aaf6904599130f057634e6be6290d77efd3cc71172ef2af3c9014f97add345a8,0,3060,383,4,False
TOKEN-CHANNEL-EFFICIENCY-20260923/source,development,n02277742/ILSVRC2012_val_00015608_n02277742,31,bd678c112e5c027a0d5a9dd67e8a15db14f8eb5dff986394ab6f936a11498a62,not_applicable_source_reference,not_applicable_source_reference,False,8,arithmetic,2647,2647,2647,arithmetic,4,0,10,3,13,96,16,6,e3e8ef724439e1c72d7e1f6788300109f83f4f4e1d82352185cdbe55eeb3ed10,30,2647,331,1,False
TOKEN-CHANNEL-EFFICIENCY-20260923/source,development,n02277742/ILSVRC2012_val_00015608_n02277742,31,bd678c112e5c027a0d5a9dd67e8a15db14f8eb5dff986394ab6f936a11498a62,not_applicable_source_reference,not_applicable_source_reference,False,9,raw,5088,5088,,raw,0,0,10,3,0,70,16,6,5e4a60dc7a8841493910a17db91274bf1a585838409289c51eccb5817e7250e4,0,5088,636,0,False
TOKEN-CHANNEL-EFFICIENCY-20260923/source,development,n02277742/ILSVRC2012_val_00015608_n02277742,31,bd678c112e5c027a0d5a9dd67e8a15db14f8eb5dff986394ab6f936a11498a62,not_applicable_source_reference,not_applicable_source_reference,False,9,arithmetic,4339,4339,4339,arithmetic,7,0,10,3,13,96,16,6,c87d8650ffa3574aa42fa46a9986a34fee133e0564dd3fa84593cccc854e24ee,30,4339,543,5,False
TOKEN-CHANNEL-EFFICIENCY-20260923/source,development,n02277742/ILSVRC2012_val_00015608_n02277742,31,bd678c112e5c027a0d5a9dd67e8a15db14f8eb5dff986394ab6f936a11498a62,not_applicable_source_reference,not_applicable_source_reference,False,10,raw,8160,8160,,raw,0,0,10,3,0,70,16,6,9c33bdb85491b5a8a0c202e180ad93cd15367603eff0b016e952618a905748c3,0,8160,1020,0,False
TOKEN-CHANNEL-EFFICIENCY-20260923/source,development,n02277742/ILSVRC2012_val_00015608_n02277742,31,bd678c112e5c027a0d5a9dd67e8a15db14f8eb5dff986394ab6f936a11498a62,not_applicable_source_reference,not_applicable_source_reference,False,10,arithmetic,6581,6581,6581,arithmetic,3,0,10,3,13,96,16,6,7f84d26dccba6e0f8d502e1ec2018efb6163aea44ff865f0c95cdb4c0476fbc3,30,6581,823,3,False
TOKEN-CHANNEL-EFFICIENCY-20260923/source,development,n02325366/ILSVRC2012_val_00024858_n02325366,32,6fc21bdab6b7976bdc452d81a324ab7d99d2600516cb80ca2e8b092352eeabf5,not_applicable_source_reference,not_applicable_source_reference,False,6,raw,1092,1092,,raw,0,0,10,3,0,70,16,6,e5d1a769f9d592558791060661448242c9403005fad0b77a30d143162fdd1e81,0,1092,137,4,False
TOKEN-CHANNEL-EFFICIENCY-20260923/source,development,n02325366/ILSVRC2012_val_00024858_n02325366,32,6fc21bdab6b7976bdc452d81a324ab7d99d2600516cb80ca2e8b092352eeabf5,not_applicable_source_reference,not_applicable_source_reference,False,6,arithmetic,884,884,884,arithmetic,3,0,10,3,13,96,16,6,5e574d7df42671b0223e76dea2f2b6d630a6d2697a1c3fbd8e0cc1814ae27d6a,30,884,111,4,False
TOKEN-CHANNEL-EFFICIENCY-20260923/source,development,n02325366/ILSVRC2012_val_00024858_n02325366,32,6fc21bdab6b7976bdc452d81a324ab7d99d2600516cb80ca2e8b092352eeabf5,not_applicable_source_reference,not_applicable_source_reference,False,7,raw,1860,1860,,raw,0,0,10,3,0,70,16,6,559c947b1ce698428b0c9831f716b4d24f1ecba15ab6b1732a0e6507305f62b5,0,1860,233,4,False
TOKEN-CHANNEL-EFFICIENCY-20260923/source,development,n02325366/ILSVRC2012_val_00024858_n02325366,32,6fc21bdab6b7976bdc452d81a324ab7d99d2600516cb80ca2e8b092352eeabf5,not_applicable_source_reference,not_applicable_source_reference,False,7,arithmetic,1520,1520,1520,arithmetic,2,0,10,3,13,96,16,6,485231d3cbe96c98f1fd3e28a2253e228b31901892fd9b6c3a76cd0e87a6427a,30,1520,190,0,False
TOKEN-CHANNEL-EFFICIENCY-20260923/source,development,n02325366/ILSVRC2012_val_00024858_n02325366,32,6fc21bdab6b7976bdc452d81a324ab7d99d2600516cb80ca2e8b092352eeabf5,not_applicable_source_reference,not_applicable_source_reference,False,8,raw,3060,3060,,raw,0,0,10,3,0,70,16,6,ff9368f0595fcb7502313afc34fb11f3a1d327064e58b2295cd1874544a7d1a5,0,3060,383,4,False
TOKEN-CHANNEL-EFFICIENCY-20260923/source,development,n02325366/ILSVRC2012_val_00024858_n02325366,32,6fc21bdab6b7976bdc452d81a324ab7d99d2600516cb80ca2e8b092352eeabf5,not_applicable_source_reference,not_applicable_source_reference,False,8,arithmetic,2485,2485,2485,arithmetic,2,0,10,3,13,96,16,6,c0f629ccae8beb5627198f244fb8f1608a1abe68762f044fa3cf21f7d033c2d1,30,2485,311,3,False
TOKEN-CHANNEL-EFFICIENCY-20260923/source,development,n02325366/ILSVRC2012_val_00024858_n02325366,32,6fc21bdab6b7976bdc452d81a324ab7d99d2600516cb80ca2e8b092352eeabf5,not_applicable_source_reference,not_applicable_source_reference,False,9,raw,5088,5088,,raw,0,0,10,3,0,70,16,6,4de9284424abbc087436e652ee49b579f62d4c23b5a2c90bd26e1788a73a2442,0,5088,636,0,False
TOKEN-CHANNEL-EFFICIENCY-20260923/source,development,n02325366/ILSVRC2012_val_00024858_n02325366,32,6fc21bdab6b7976bdc452d81a324ab7d99d2600516cb80ca2e8b092352eeabf5,not_applicable_source_reference,not_applicable_source_reference,False,9,arithmetic,4165,4165,4165,arithmetic,2,0,10,3,13,96,16,6,8b057b2ede790f7429af9832e6d515c30263c526b4cb359f8162b2d3f9f1af78,30,4165,521,3,False
TOKEN-CHANNEL-EFFICIENCY-20260923/source,development,n02325366/ILSVRC2012_val_00024858_n02325366,32,6fc21bdab6b7976bdc452d81a324ab7d99d2600516cb80ca2e8b092352eeabf5,not_applicable_source_reference,not_applicable_source_reference,False,10,raw,8160,8160,,raw,0,0,10,3,0,70,16,6,ffa9fd1d2e83c763b104e95c2fc825a808c22acfde205af699d15d7073d96e04,0,8160,1020,0,False
TOKEN-CHANNEL-EFFICIENCY-20260923/source,development,n02325366/ILSVRC2012_val_00024858_n02325366,32,6fc21bdab6b7976bdc452d81a324ab7d99d2600516cb80ca2e8b092352eeabf5,not_applicable_source_reference,not_applicable_source_reference,False,10,arithmetic,6197,6197,6197,arithmetic,3,0,10,3,13,96,16,6,555ee1f7a5430685c476737f9e92e83b0c34c9ba72e186966dbcffbbfebe7a72,30,6197,775,3,False
TOKEN-CHANNEL-EFFICIENCY-20260923/source,development,n02398521/ILSVRC2012_val_00018354_n02398521,33,52f645427565641f0c2186bc45125f58be9c5ef2aada5442f0d1310afbbaa6e6,not_applicable_source_reference,not_applicable_source_reference,False,6,raw,1092,1092,,raw,0,0,10,3,0,70,16,6,3314ace323b43dd2cd00e75931997ef2f9f436c20e84289dbf753bb8e060bf64,0,1092,137,4,False
TOKEN-CHANNEL-EFFICIENCY-20260923/source,development,n02398521/ILSVRC2012_val_00018354_n02398521,33,52f645427565641f0c2186bc45125f58be9c5ef2aada5442f0d1310afbbaa6e6,not_applicable_source_reference,not_applicable_source_reference,False,6,arithmetic,939,939,939,arithmetic,2,0,10,3,13,96,16,6,bd2a50da94e1b8dc9b6bd245cc186a0ebf20764137a4a7e0b194939d7bc643b1,30,939,118,5,False
TOKEN-CHANNEL-EFFICIENCY-20260923/source,development,n02398521/ILSVRC2012_val_00018354_n02398521,33,52f645427565641f0c2186bc45125f58be9c5ef2aada5442f0d1310afbbaa6e6,not_applicable_source_reference,not_applicable_source_reference,False,7,raw,1860,1860,,raw,0,0,10,3,0,70,16,6,602bc4723a171913251bee63ecd441e8c900fb00b9a585a3988661e6c971ecc9,0,1860,233,4,False
TOKEN-CHANNEL-EFFICIENCY-20260923/source,development,n02398521/ILSVRC2012_val_00018354_n02398521,33,52f645427565641f0c2186bc45125f58be9c5ef2aada5442f0d1310afbbaa6e6,not_applicable_source_reference,not_applicable_source_reference,False,7,arithmetic,1617,1617,1617,arithmetic,3,0,10,3,13,96,16,6,aa78d2ea12c7add36e4e30d3714aa16b9dd01cf866b0f5e1a0715468a234cd9b,30,1617,203,7,False
TOKEN-CHANNEL-EFFICIENCY-20260923/source,development,n02398521/ILSVRC2012_val_00018354_n02398521,33,52f645427565641f0c2186bc45125f58be9c5ef2aada5442f0d1310afbbaa6e6,not_applicable_source_reference,not_applicable_source_reference,False,8,raw,3060,3060,,raw,0,0,10,3,0,70,16,6,97b571b97b45aa1a8a5c01c10254ed0e499d9c6d9e6fb9118392641af9bf51f1,0,3060,383,4,False
TOKEN-CHANNEL-EFFICIENCY-20260923/source,development,n02398521/ILSVRC2012_val_00018354_n02398521,33,52f645427565641f0c2186bc45125f58be9c5ef2aada5442f0d1310afbbaa6e6,not_applicable_source_reference,not_applicable_source_reference,False,8,arithmetic,2653,2653,2653,arithmetic,2,0,10,3,13,96,16,6,73a287714c75a2a0c50809b6acc0344bdc9f22ef06d938861d25b88ec7be8eea,30,2653,332,3,False
TOKEN-CHANNEL-EFFICIENCY-20260923/source,development,n02398521/ILSVRC2012_val_00018354_n02398521,33,52f645427565641f0c2186bc45125f58be9c5ef2aada5442f0d1310afbbaa6e6,not_applicable_source_reference,not_applicable_source_reference,False,9,raw,5088,5088,,raw,0,0,10,3,0,70,16,6,e3a677be5c03254d0666c293eb9ed117f6a18afb0061c4c62d1c6362c53ce656,0,5088,636,0,False
TOKEN-CHANNEL-EFFICIENCY-20260923/source,development,n02398521/ILSVRC2012_val_00018354_n02398521,33,52f645427565641f0c2186bc45125f58be9c5ef2aada5442f0d1310afbbaa6e6,not_applicable_source_reference,not_applicable_source_reference,False,9,arithmetic,4340,4340,4340,arithmetic,2,0,10,3,13,96,16,6,3e9ed4938525ce1d8106a4c679a0e1d308aed5b5a74f7b6907029e95ccf4e7e6,30,4340,543,4,False
TOKEN-CHANNEL-EFFICIENCY-20260923/source,development,n02398521/ILSVRC2012_val_00018354_n02398521,33,52f645427565641f0c2186bc45125f58be9c5ef2aada5442f0d1310afbbaa6e6,not_applicable_source_reference,not_applicable_source_reference,False,10,raw,8160,8160,,raw,0,0,10,3,0,70,16,6,10349c3ca757309e2b22e05b94d272249e52f999d5c98b3b3d6231717e92e1b8,0,8160,1020,0,False
TOKEN-CHANNEL-EFFICIENCY-20260923/source,development,n02398521/ILSVRC2012_val_00018354_n02398521,33,52f645427565641f0c2186bc45125f58be9c5ef2aada5442f0d1310afbbaa6e6,not_applicable_source_reference,not_applicable_source_reference,False,10,arithmetic,6648,6648,6648,arithmetic,2,0,10,3,13,96,16,6,6f46120cbfe73d4c8fb6c2adddb5faa939add884762757d6433f2c1d2cd05d2b,30,6648,831,0,False
TOKEN-CHANNEL-EFFICIENCY-20260923/source,development,n02410509/ILSVRC2012_val_00022568_n02410509,34,2b417ecf21402198f7fcd411e02b2f21634bf799800e8edf5ab4da19924a9fc4,not_applicable_source_reference,not_applicable_source_reference,False,6,raw,1092,1092,,raw,0,0,10,3,0,70,16,6,eebc44edeef34c5329dab8b138bce365161ce6d279400ee5ec9604e1677cd9a0,0,1092,137,4,False
TOKEN-CHANNEL-EFFICIENCY-20260923/source,development,n02410509/ILSVRC2012_val_00022568_n02410509,34,2b417ecf21402198f7fcd411e02b2f21634bf799800e8edf5ab4da19924a9fc4,not_applicable_source_reference,not_applicable_source_reference,False,6,arithmetic,824,824,824,arithmetic,2,0,10,3,13,96,16,6,f304e3b3cf2cfddca5b642aded763cc08fe681e7a9a23f042b1a3d306f8d6f8d,30,824,103,0,False
TOKEN-CHANNEL-EFFICIENCY-20260923/source,development,n02410509/ILSVRC2012_val_00022568_n02410509,34,2b417ecf21402198f7fcd411e02b2f21634bf799800e8edf5ab4da19924a9fc4,not_applicable_source_reference,not_applicable_source_reference,False,7,raw,1860,1860,,raw,0,0,10,3,0,70,16,6,74bab70c304551d950541ce8f9e45cf0babe8b44f40470b7fbac0dc12ec96737,0,1860,233,4,False
TOKEN-CHANNEL-EFFICIENCY-20260923/source,development,n02410509/ILSVRC2012_val_00022568_n02410509,34,2b417ecf21402198f7fcd411e02b2f21634bf799800e8edf5ab4da19924a9fc4,not_applicable_source_reference,not_applicable_source_reference,False,7,arithmetic,1470,1470,1470,arithmetic,7,0,10,3,13,96,16,6,9cee0003a7db42bc29e16501ac35137dc50e72791748f1721c8651d8fe272059,30,1470,184,2,False
TOKEN-CHANNEL-EFFICIENCY-20260923/source,development,n02410509/ILSVRC2012_val_00022568_n02410509,34,2b417ecf21402198f7fcd411e02b2f21634bf799800e8edf5ab4da19924a9fc4,not_applicable_source_reference,not_applicable_source_reference,False,8,raw,3060,3060,,raw,0,0,10,3,0,70,16,6,4cb01dc2440bdc66b2fefc02e428ac0cdf0fd6f8888e0b7f57d117c9d9a58a46,0,3060,383,4,False
TOKEN-CHANNEL-EFFICIENCY-20260923/source,development,n02410509/ILSVRC2012_val_00022568_n02410509,34,2b417ecf21402198f7fcd411e02b2f21634bf799800e8edf5ab4da19924a9fc4,not_applicable_source_reference,not_applicable_source_reference,False,8,arithmetic,2419,2419,2419,arithmetic,4,0,10,3,13,96,16,6,fa3aa9484d5e90d14c4c83800fab43ecaaa36c51f1ab96d188ff48ea21370f9b,30,2419,303,5,False
TOKEN-CHANNEL-EFFICIENCY-20260923/source,development,n02410509/ILSVRC2012_val_00022568_n02410509,34,2b417ecf21402198f7fcd411e02b2f21634bf799800e8edf5ab4da19924a9fc4,not_applicable_source_reference,not_applicable_source_reference,False,9,raw,5088,5088,,raw,0,0,10,3,0,70,16,6,1bf729143e30147f3df720ccafeea78776dac68fbb942fdc19d31d82cba3ac3e,0,5088,636,0,False
TOKEN-CHANNEL-EFFICIENCY-20260923/source,development,n02410509/ILSVRC2012_val_00022568_n02410509,34,2b417ecf21402198f7fcd411e02b2f21634bf799800e8edf5ab4da19924a9fc4,not_applicable_source_reference,not_applicable_source_reference,False,9,arithmetic,3939,3939,3939,arithmetic,4,0,10,3,13,96,16,6,321a218c7b394ad07a2c5c82706108d9ebeff48fe3dcc599d1d9df9855c62e15,30,3939,493,5,False
TOKEN-CHANNEL-EFFICIENCY-20260923/source,development,n02410509/ILSVRC2012_val_00022568_n02410509,34,2b417ecf21402198f7fcd411e02b2f21634bf799800e8edf5ab4da19924a9fc4,not_applicable_source_reference,not_applicable_source_reference,False,10,raw,8160,8160,,raw,0,0,10,3,0,70,16,6,0f5223f996943ac2d9d53de0f4bfee061038396b1a457c1e321ab707e16d3a47,0,8160,1020,0,False
TOKEN-CHANNEL-EFFICIENCY-20260923/source,development,n02410509/ILSVRC2012_val_00022568_n02410509,34,2b417ecf21402198f7fcd411e02b2f21634bf799800e8edf5ab4da19924a9fc4,not_applicable_source_reference,not_applicable_source_reference,False,10,arithmetic,5880,5880,5880,arithmetic,2,0,10,3,13,96,16,6,2b29677d28daa06e5ab84866ad0357eb9db2936b9105b69074f4dcc94c8cfd25,30,5880,735,0,False
TOKEN-CHANNEL-EFFICIENCY-20260923/source,development,n02437312/ILSVRC2012_val_00006245_n02437312,35,b2c841099c6c55c4f812a51a7a7c8cf2455f30d3ef0d1dbb16c6c6bc060c760d,not_applicable_source_reference,not_applicable_source_reference,False,6,raw,1092,1092,,raw,0,0,10,3,0,70,16,6,b5e284a7447c6cb185b73b4fd640e832b7f1989608d48a3393dd1fdaff2ef3d2,0,1092,137,4,False
TOKEN-CHANNEL-EFFICIENCY-20260923/source,development,n02437312/ILSVRC2012_val_00006245_n02437312,35,b2c841099c6c55c4f812a51a7a7c8cf2455f30d3ef0d1dbb16c6c6bc060c760d,not_applicable_source_reference,not_applicable_source_reference,False,6,arithmetic,935,935,935,arithmetic,2,0,10,3,13,96,16,6,cc6f3b102b3fceac73621433de00503c9c525dd0c7af6990d33a2ae432ec0692,30,935,117,1,False
TOKEN-CHANNEL-EFFICIENCY-20260923/source,development,n02437312/ILSVRC2012_val_00006245_n02437312,35,b2c841099c6c55c4f812a51a7a7c8cf2455f30d3ef0d1dbb16c6c6bc060c760d,not_applicable_source_reference,not_applicable_source_reference,False,7,raw,1860,1860,,raw,0,0,10,3,0,70,16,6,639bb88de565ec1a867bf4fc27461b9e1291c9976b10a5609260a1709efc10ce,0,1860,233,4,False
TOKEN-CHANNEL-EFFICIENCY-20260923/source,development,n02437312/ILSVRC2012_val_00006245_n02437312,35,b2c841099c6c55c4f812a51a7a7c8cf2455f30d3ef0d1dbb16c6c6bc060c760d,not_applicable_source_reference,not_applicable_source_reference,False,7,arithmetic,1612,1612,1612,arithmetic,2,0,10,3,13,96,16,6,eaad59231c63602bc9118d6569f84d29e396c610c30bad8dfd1cc9d571387070,30,1612,202,4,False
TOKEN-CHANNEL-EFFICIENCY-20260923/source,development,n02437312/ILSVRC2012_val_00006245_n02437312,35,b2c841099c6c55c4f812a51a7a7c8cf2455f30d3ef0d1dbb16c6c6bc060c760d,not_applicable_source_reference,not_applicable_source_reference,False,8,raw,3060,3060,,raw,0,0,10,3,0,70,16,6,bf5591daf76abd57377dfafbfaf49c19bc34f9b9e87d8c7872d402308f6e5ecd,0,3060,383,4,False
TOKEN-CHANNEL-EFFICIENCY-20260923/source,development,n02437312/ILSVRC2012_val_00006245_n02437312,35,b2c841099c6c55c4f812a51a7a7c8cf2455f30d3ef0d1dbb16c6c6bc060c760d,not_applicable_source_reference,not_applicable_source_reference,False,8,arithmetic,2632,2632,2632,arithmetic,3,0,10,3,13,96,16,6,6416da6fba7700b8253f7eebe7dd0ae0fca86a0a24bfa3c8179b4eed5b9943f8,30,2632,329,0,False
TOKEN-CHANNEL-EFFICIENCY-20260923/source,development,n02437312/ILSVRC2012_val_00006245_n02437312,35,b2c841099c6c55c4f812a51a7a7c8cf2455f30d3ef0d1dbb16c6c6bc060c760d,not_applicable_source_reference,not_applicable_source_reference,False,9,raw,5088,5088,,raw,0,0,10,3,0,70,16,6,f76484ecf3ede14a6b57ac2b1ecb8894d1a3366a4dd93c91c3db9bf9ad9c7c4f,0,5088,636,0,False
TOKEN-CHANNEL-EFFICIENCY-20260923/source,development,n02437312/ILSVRC2012_val_00006245_n02437312,35,b2c841099c6c55c4f812a51a7a7c8cf2455f30d3ef0d1dbb16c6c6bc060c760d,not_applicable_source_reference,not_applicable_source_reference,False,9,arithmetic,4225,4225,4225,arithmetic,2,0,10,3,13,96,16,6,ece69275b8b23947d88e264d26442d2c3498fefb9cb2314b38d7b5190430c76f,30,4225,529,7,False
TOKEN-CHANNEL-EFFICIENCY-20260923/source,development,n02437312/ILSVRC2012_val_00006245_n02437312,35,b2c841099c6c55c4f812a51a7a7c8cf2455f30d3ef0d1dbb16c6c6bc060c760d,not_applicable_source_reference,not_applicable_source_reference,False,10,raw,8160,8160,,raw,0,0,10,3,0,70,16,6,9468fda68501b7da053c325ac1b145ca2fedfe7a1b3ce29ccbaf87552a824e77,0,8160,1020,0,False
TOKEN-CHANNEL-EFFICIENCY-20260923/source,development,n02437312/ILSVRC2012_val_00006245_n02437312,35,b2c841099c6c55c4f812a51a7a7c8cf2455f30d3ef0d1dbb16c6c6bc060c760d,not_applicable_source_reference,not_applicable_source_reference,False,10,arithmetic,6454,6454,6454,arithmetic,2,0,10,3,13,96,16,6,a29177cd6e18f1fbf912c73d1c715b982a1986a8e9ab9f7aecf0e89459e36eb4,30,6454,807,2,False
TOKEN-CHANNEL-EFFICIENCY-20260923/source,development,n02486410/ILSVRC2012_val_00009799_n02486410,36,40fb5083489542d2366609fcc4468b19bd62505e86a7a9c1d18574670f53e564,not_applicable_source_reference,not_applicable_source_reference,False,6,raw,1092,1092,,raw,0,0,10,3,0,70,16,6,d6ce37755edb9a69cb2de019e13214482b47e59f5486dada1139fe1fc5a7e73d,0,1092,137,4,False
TOKEN-CHANNEL-EFFICIENCY-20260923/source,development,n02486410/ILSVRC2012_val_00009799_n02486410,36,40fb5083489542d2366609fcc4468b19bd62505e86a7a9c1d18574670f53e564,not_applicable_source_reference,not_applicable_source_reference,False,6,arithmetic,871,871,871,arithmetic,4,0,10,3,13,96,16,6,2bb51aac5b6cf233b49064a352aca64f64093bab2c99205c0e555c2fbf0e2f29,30,871,109,1,False
TOKEN-CHANNEL-EFFICIENCY-20260923/source,development,n02486410/ILSVRC2012_val_00009799_n02486410,36,40fb5083489542d2366609fcc4468b19bd62505e86a7a9c1d18574670f53e564,not_applicable_source_reference,not_applicable_source_reference,False,7,raw,1860,1860,,raw,0,0,10,3,0,70,16,6,245fd6336a3d56582700b0d57d002b4a01697f9898c16493ccf74eb7d0098458,0,1860,233,4,False
TOKEN-CHANNEL-EFFICIENCY-20260923/source,development,n02486410/ILSVRC2012_val_00009799_n02486410,36,40fb5083489542d2366609fcc4468b19bd62505e86a7a9c1d18574670f53e564,not_applicable_source_reference,not_applicable_source_reference,False,7,arithmetic,1534,1534,1534,arithmetic,3,0,10,3,13,96,16,6,2b2f9719f61eae02577dd5a06aec6401b89078e2f6b1bbf646be0dade127a0b5,30,1534,192,2,False
TOKEN-CHANNEL-EFFICIENCY-20260923/source,development,n02486410/ILSVRC2012_val_00009799_n02486410,36,40fb5083489542d2366609fcc4468b19bd62505e86a7a9c1d18574670f53e564,not_applicable_source_reference,not_applicable_source_reference,False,8,raw,3060,3060,,raw,0,0,10,3,0,70,16,6,779f8d2614371dcb7ff16da238c06264bf886624660844795d8cf56130c9321a,0,3060,383,4,False
TOKEN-CHANNEL-EFFICIENCY-20260923/source,development,n02486410/ILSVRC2012_val_00009799_n02486410,36,40fb5083489542d2366609fcc4468b19bd62505e86a7a9c1d18574670f53e564,not_applicable_source_reference,not_applicable_source_reference,False,8,arithmetic,2489,2489,2489,arithmetic,6,0,10,3,13,96,16,6,46c5d700cf83d5e7173c7a07a84c5810c6e7532d1db8a9c9102a186d2b9b01b1,30,2489,312,7,False
TOKEN-CHANNEL-EFFICIENCY-20260923/source,development,n02486410/ILSVRC2012_val_00009799_n02486410,36,40fb5083489542d2366609fcc4468b19bd62505e86a7a9c1d18574670f53e564,not_applicable_source_reference,not_applicable_source_reference,False,9,raw,5088,5088,,raw,0,0,10,3,0,70,16,6,0d00f0e3cd655894441a4f450e350c499bd381f80f53cd7db925b0976ad24839,0,5088,636,0,False
TOKEN-CHANNEL-EFFICIENCY-20260923/source,development,n02486410/ILSVRC2012_val_00009799_n02486410,36,40fb5083489542d2366609fcc4468b19bd62505e86a7a9c1d18574670f53e564,not_applicable_source_reference,not_applicable_source_reference,False,9,arithmetic,4024,4024,4024,arithmetic,2,0,10,3,13,96,16,6,1c2dffe370317bb893a9cc02204f2808970a77d2f3f78c2ca3a5e01965c24939,30,4024,503,0,False
TOKEN-CHANNEL-EFFICIENCY-20260923/source,development,n02486410/ILSVRC2012_val_00009799_n02486410,36,40fb5083489542d2366609fcc4468b19bd62505e86a7a9c1d18574670f53e564,not_applicable_source_reference,not_applicable_source_reference,False,10,raw,8160,8160,,raw,0,0,10,3,0,70,16,6,2ea5eba5e5993ef299223603d6a93cd77c50a1379d4e25aa329b70d38a2badb6,0,8160,1020,0,False
TOKEN-CHANNEL-EFFICIENCY-20260923/source,development,n02486410/ILSVRC2012_val_00009799_n02486410,36,40fb5083489542d2366609fcc4468b19bd62505e86a7a9c1d18574670f53e564,not_applicable_source_reference,not_applicable_source_reference,False,10,arithmetic,6056,6056,6056,arithmetic,4,0,10,3,13,96,16,6,0860d4ca1c5fd696aa63936b062c718eb229fa63a49bc5a6f53f7abc720f39ae,30,6056,757,0,False
TOKEN-CHANNEL-EFFICIENCY-20260923/source,development,n02509815/ILSVRC2012_val_00014423_n02509815,37,52636d0a3f2d227327400178c05edcc551d6213c012fa6a8b03a1bb6db4e6b99,not_applicable_source_reference,not_applicable_source_reference,False,6,raw,1092,1092,,raw,0,0,10,3,0,70,16,6,0e14c1b6ffe00146f5e5a00f29d481defe19c7a8826adcae659a716e7eb44241,0,1092,137,4,False
TOKEN-CHANNEL-EFFICIENCY-20260923/source,development,n02509815/ILSVRC2012_val_00014423_n02509815,37,52636d0a3f2d227327400178c05edcc551d6213c012fa6a8b03a1bb6db4e6b99,not_applicable_source_reference,not_applicable_source_reference,False,6,arithmetic,854,854,854,arithmetic,2,0,10,3,13,96,16,6,d7af31c21da2f3ea0eb4390643d6668789aceea18bf1e78bacd49bd6a2f3bc7f,30,854,107,2,False
TOKEN-CHANNEL-EFFICIENCY-20260923/source,development,n02509815/ILSVRC2012_val_00014423_n02509815,37,52636d0a3f2d227327400178c05edcc551d6213c012fa6a8b03a1bb6db4e6b99,not_applicable_source_reference,not_applicable_source_reference,False,7,raw,1860,1860,,raw,0,0,10,3,0,70,16,6,43a0b02f120cf106b8a06a9840a12eada19a2b71cab578717e0b3caca7796208,0,1860,233,4,False
TOKEN-CHANNEL-EFFICIENCY-20260923/source,development,n02509815/ILSVRC2012_val_00014423_n02509815,37,52636d0a3f2d227327400178c05edcc551d6213c012fa6a8b03a1bb6db4e6b99,not_applicable_source_reference,not_applicable_source_reference,False,7,arithmetic,1481,1481,1481,arithmetic,2,0,10,3,13,96,16,6,ff911ca1ef273c52d6c2e22a2017ac6f060b8b5bc5a8a2fcc55c58720eae43aa,30,1481,186,7,False
TOKEN-CHANNEL-EFFICIENCY-20260923/source,development,n02509815/ILSVRC2012_val_00014423_n02509815,37,52636d0a3f2d227327400178c05edcc551d6213c012fa6a8b03a1bb6db4e6b99,not_applicable_source_reference,not_applicable_source_reference,False,8,raw,3060,3060,,raw,0,0,10,3,0,70,16,6,319b83de00eea94d1bee4332da9e315753945bc60695fccafd9ac0dfb5220741,0,3060,383,4,False
TOKEN-CHANNEL-EFFICIENCY-20260923/source,development,n02509815/ILSVRC2012_val_00014423_n02509815,37,52636d0a3f2d227327400178c05edcc551d6213c012fa6a8b03a1bb6db4e6b99,not_applicable_source_reference,not_applicable_source_reference,False,8,arithmetic,2417,2417,2417,arithmetic,4,0,10,3,13,96,16,6,852070e0d2afd87a7de31df6700179ac1ab485c6d28ee79116846baf20bcd3ca,30,2417,303,7,False
TOKEN-CHANNEL-EFFICIENCY-20260923/source,development,n02509815/ILSVRC2012_val_00014423_n02509815,37,52636d0a3f2d227327400178c05edcc551d6213c012fa6a8b03a1bb6db4e6b99,not_applicable_source_reference,not_applicable_source_reference,False,9,raw,5088,5088,,raw,0,0,10,3,0,70,16,6,149752faf13566198e3e468def1cae90a1ed1131101da990e173aed87e5e9676,0,5088,636,0,False
TOKEN-CHANNEL-EFFICIENCY-20260923/source,development,n02509815/ILSVRC2012_val_00014423_n02509815,37,52636d0a3f2d227327400178c05edcc551d6213c012fa6a8b03a1bb6db4e6b99,not_applicable_source_reference,not_applicable_source_reference,False,9,arithmetic,3945,3945,3945,arithmetic,2,0,10,3,13,96,16,6,4f287408c4ba45f58dbe4170d762f4d5bba7c5accf1e4d2669911bd0f44c9276,30,3945,494,7,False
TOKEN-CHANNEL-EFFICIENCY-20260923/source,development,n02509815/ILSVRC2012_val_00014423_n02509815,37,52636d0a3f2d227327400178c05edcc551d6213c012fa6a8b03a1bb6db4e6b99,not_applicable_source_reference,not_applicable_source_reference,False,10,raw,8160,8160,,raw,0,0,10,3,0,70,16,6,1c4e62035e2dea6e0a4f4e0bf5152750bd57c3a3a1f867f686525107f1be3d8c,0,8160,1020,0,False
TOKEN-CHANNEL-EFFICIENCY-20260923/source,development,n02509815/ILSVRC2012_val_00014423_n02509815,37,52636d0a3f2d227327400178c05edcc551d6213c012fa6a8b03a1bb6db4e6b99,not_applicable_source_reference,not_applicable_source_reference,False,10,arithmetic,5949,5949,5949,arithmetic,2,0,10,3,13,96,16,6,d3236201c4569ae408093dc1c288a159d9949a38727d8b5d1829dfcb0cba052c,30,5949,744,3,False
TOKEN-CHANNEL-EFFICIENCY-20260923/source,development,n02708093/ILSVRC2012_val_00024690_n02708093,38,9cf3493e4dbd81b11f4a70b76adce387c9cf2550f6758f10cb801befcbcea8a3,not_applicable_source_reference,not_applicable_source_reference,False,6,raw,1092,1092,,raw,0,0,10,3,0,70,16,6,aadd783b4d22ee229e44f96df8f32efda632d32dd1e7c2290d3ba228d2c9a974,0,1092,137,4,False
TOKEN-CHANNEL-EFFICIENCY-20260923/source,development,n02708093/ILSVRC2012_val_00024690_n02708093,38,9cf3493e4dbd81b11f4a70b76adce387c9cf2550f6758f10cb801befcbcea8a3,not_applicable_source_reference,not_applicable_source_reference,False,6,arithmetic,923,923,923,arithmetic,3,0,10,3,13,96,16,6,e93b64fdcb5d3c664feca92c6150c3bca8a1b68ecb24ee8c32ba2a0fc46fc8de,30,923,116,5,False
TOKEN-CHANNEL-EFFICIENCY-20260923/source,development,n02708093/ILSVRC2012_val_00024690_n02708093,38,9cf3493e4dbd81b11f4a70b76adce387c9cf2550f6758f10cb801befcbcea8a3,not_applicable_source_reference,not_applicable_source_reference,False,7,raw,1860,1860,,raw,0,0,10,3,0,70,16,6,abd5a1229790ccfb3ecd514471672845c3442b6449e4a4826e147986ec50013d,0,1860,233,4,False
TOKEN-CHANNEL-EFFICIENCY-20260923/source,development,n02708093/ILSVRC2012_val_00024690_n02708093,38,9cf3493e4dbd81b11f4a70b76adce387c9cf2550f6758f10cb801befcbcea8a3,not_applicable_source_reference,not_applicable_source_reference,False,7,arithmetic,1572,1572,1572,arithmetic,3,0,10,3,13,96,16,6,671aa1a95e9a4b78a655b9f43d41ff81b42c80897c03f433b5194a1dc461cfaa,30,1572,197,4,False
TOKEN-CHANNEL-EFFICIENCY-20260923/source,development,n02708093/ILSVRC2012_val_00024690_n02708093,38,9cf3493e4dbd81b11f4a70b76adce387c9cf2550f6758f10cb801befcbcea8a3,not_applicable_source_reference,not_applicable_source_reference,False,8,raw,3060,3060,,raw,0,0,10,3,0,70,16,6,8ca8834f195af8e7ba035f429cefacbb0ea8a3f4091c1defff865d382b21050b,0,3060,383,4,False
TOKEN-CHANNEL-EFFICIENCY-20260923/source,development,n02708093/ILSVRC2012_val_00024690_n02708093,38,9cf3493e4dbd81b11f4a70b76adce387c9cf2550f6758f10cb801befcbcea8a3,not_applicable_source_reference,not_applicable_source_reference,False,8,arithmetic,2456,2456,2456,arithmetic,2,0,10,3,13,96,16,6,73cbc79368fb17bd6f598cd73e8e2fb2e966e8809bf2477e7ce6dfebed40e072,30,2456,307,0,False
TOKEN-CHANNEL-EFFICIENCY-20260923/source,development,n02708093/ILSVRC2012_val_00024690_n02708093,38,9cf3493e4dbd81b11f4a70b76adce387c9cf2550f6758f10cb801befcbcea8a3,not_applicable_source_reference,not_applicable_source_reference,False,9,raw,5088,5088,,raw,0,0,10,3,0,70,16,6,79a04e7334c6c443b0e91509f9a1c61993a944967f17062de96854fcad1d7e5d,0,5088,636,0,False
TOKEN-CHANNEL-EFFICIENCY-20260923/source,development,n02708093/ILSVRC2012_val_00024690_n02708093,38,9cf3493e4dbd81b11f4a70b76adce387c9cf2550f6758f10cb801befcbcea8a3,not_applicable_source_reference,not_applicable_source_reference,False,9,arithmetic,3874,3874,3874,arithmetic,5,0,10,3,13,96,16,6,72e906afcea76ea4e2bd0b1e5fe978be93996470654d203857382e96d10133f1,30,3874,485,6,False
TOKEN-CHANNEL-EFFICIENCY-20260923/source,development,n02708093/ILSVRC2012_val_00024690_n02708093,38,9cf3493e4dbd81b11f4a70b76adce387c9cf2550f6758f10cb801befcbcea8a3,not_applicable_source_reference,not_applicable_source_reference,False,10,raw,8160,8160,,raw,0,0,10,3,0,70,16,6,2ae87905da7828ba2d45850f91512d1dadfa6faf542185e075bdfd4ec7c0c094,0,8160,1020,0,False
TOKEN-CHANNEL-EFFICIENCY-20260923/source,development,n02708093/ILSVRC2012_val_00024690_n02708093,38,9cf3493e4dbd81b11f4a70b76adce387c9cf2550f6758f10cb801befcbcea8a3,not_applicable_source_reference,not_applicable_source_reference,False,10,arithmetic,5457,5457,5457,arithmetic,3,0,10,3,13,96,16,6,604594e83335978d7a22f97355d48f608c51646f5f4892e91f854971cc93a468,30,5457,683,7,False
TOKEN-CHANNEL-EFFICIENCY-20260923/source,development,n02776631/ILSVRC2012_val_00028186_n02776631,39,144e6a5ac66f329d2a7b5fb658deecf277f46cc77aeba1a3a27f69ba24a10751,not_applicable_source_reference,not_applicable_source_reference,False,6,raw,1092,1092,,raw,0,0,10,3,0,70,16,6,5b035d458156c31ad676f5ac6d65c719ab31c008387b178202632d68c54f561f,0,1092,137,4,False
TOKEN-CHANNEL-EFFICIENCY-20260923/source,development,n02776631/ILSVRC2012_val_00028186_n02776631,39,144e6a5ac66f329d2a7b5fb658deecf277f46cc77aeba1a3a27f69ba24a10751,not_applicable_source_reference,not_applicable_source_reference,False,6,arithmetic,1068,1068,1068,arithmetic,4,0,10,3,13,96,16,6,ea53905589b923d72121e9b765665ad436ea13e8568972245725bc49384e40a2,30,1068,134,4,False
TOKEN-CHANNEL-EFFICIENCY-20260923/source,development,n02776631/ILSVRC2012_val_00028186_n02776631,39,144e6a5ac66f329d2a7b5fb658deecf277f46cc77aeba1a3a27f69ba24a10751,not_applicable_source_reference,not_applicable_source_reference,False,7,raw,1860,1860,,raw,0,0,10,3,0,70,16,6,3a1b8d74464c7073d9ab054e0190fdf83a9f19cb68b02dcfdd5d3c5e0c25c874,0,1860,233,4,False
TOKEN-CHANNEL-EFFICIENCY-20260923/source,development,n02776631/ILSVRC2012_val_00028186_n02776631,39,144e6a5ac66f329d2a7b5fb658deecf277f46cc77aeba1a3a27f69ba24a10751,not_applicable_source_reference,not_applicable_source_reference,False,7,arithmetic,1697,1697,1697,arithmetic,4,0,10,3,13,96,16,6,7698264d8bbd33c1ba202632f5a90afe189e69a60df947e3eab8edfa502870fb,30,1697,213,7,False
TOKEN-CHANNEL-EFFICIENCY-20260923/source,development,n02776631/ILSVRC2012_val_00028186_n02776631,39,144e6a5ac66f329d2a7b5fb658deecf277f46cc77aeba1a3a27f69ba24a10751,not_applicable_source_reference,not_applicable_source_reference,False,8,raw,3060,3060,,raw,0,0,10,3,0,70,16,6,1c3fe765b1eaa3268b684430f4564323e6dffa63e9bc0fb444cf72d3c294fecd,0,3060,383,4,False
TOKEN-CHANNEL-EFFICIENCY-20260923/source,development,n02776631/ILSVRC2012_val_00028186_n02776631,39,144e6a5ac66f329d2a7b5fb658deecf277f46cc77aeba1a3a27f69ba24a10751,not_applicable_source_reference,not_applicable_source_reference,False,8,arithmetic,2675,2675,2675,arithmetic,3,0,10,3,13,96,16,6,52a0ed4bb3cd60fd7f54cb5a34fa1de5ef3c325e9d71017db79382059f996ee3,30,2675,335,5,False
TOKEN-CHANNEL-EFFICIENCY-20260923/source,development,n02776631/ILSVRC2012_val_00028186_n02776631,39,144e6a5ac66f329d2a7b5fb658deecf277f46cc77aeba1a3a27f69ba24a10751,not_applicable_source_reference,not_applicable_source_reference,False,9,raw,5088,5088,,raw,0,0,10,3,0,70,16,6,9c186366992ac1a1029fe748801c2a84d20db80eb5bd77accc11fbf7af38e31d,0,5088,636,0,False
TOKEN-CHANNEL-EFFICIENCY-20260923/source,development,n02776631/ILSVRC2012_val_00028186_n02776631,39,144e6a5ac66f329d2a7b5fb658deecf277f46cc77aeba1a3a27f69ba24a10751,not_applicable_source_reference,not_applicable_source_reference,False,9,arithmetic,4178,4178,4178,arithmetic,3,0,10,3,13,96,16,6,06597057fa60e79fb912c359ab2d1a72e9b6aeb4d453f00c00c933785576c381,30,4178,523,6,False
TOKEN-CHANNEL-EFFICIENCY-20260923/source,development,n02776631/ILSVRC2012_val_00028186_n02776631,39,144e6a5ac66f329d2a7b5fb658deecf277f46cc77aeba1a3a27f69ba24a10751,not_applicable_source_reference,not_applicable_source_reference,False,10,raw,8160,8160,,raw,0,0,10,3,0,70,16,6,1badfbe58fb79a7dea8e05b52f4c3383cecd5796c8439a14d20103ea32a1b52c,0,8160,1020,0,False
TOKEN-CHANNEL-EFFICIENCY-20260923/source,development,n02776631/ILSVRC2012_val_00028186_n02776631,39,144e6a5ac66f329d2a7b5fb658deecf277f46cc77aeba1a3a27f69ba24a10751,not_applicable_source_reference,not_applicable_source_reference,False,10,arithmetic,6040,6040,6040,arithmetic,2,0,10,3,13,96,16,6,603d97da009fd02a519a904f45e105798814c961216114c15943fe2c0bc02f9b,30,6040,755,0,False
TOKEN-CHANNEL-EFFICIENCY-20260923/source,development,n02788148/ILSVRC2012_val_00012264_n02788148,40,d77f825c1f142e1b256614bde8db32959914f48d12284b929e20a1a0b9c5a5ce,not_applicable_source_reference,not_applicable_source_reference,False,6,raw,1092,1092,,raw,0,0,10,3,0,70,16,6,a406703bd88b018bbd4679a5ffe8fa182f13b3416adfae80efce64176f897597,0,1092,137,4,False
TOKEN-CHANNEL-EFFICIENCY-20260923/source,development,n02788148/ILSVRC2012_val_00012264_n02788148,40,d77f825c1f142e1b256614bde8db32959914f48d12284b929e20a1a0b9c5a5ce,not_applicable_source_reference,not_applicable_source_reference,False,6,arithmetic,940,940,940,arithmetic,3,0,10,3,13,96,16,6,697d0bd59fce4d565f57e1681675f7562ef082dbd76d07864968f3702865ef10,30,940,118,4,False
TOKEN-CHANNEL-EFFICIENCY-20260923/source,development,n02788148/ILSVRC2012_val_00012264_n02788148,40,d77f825c1f142e1b256614bde8db32959914f48d12284b929e20a1a0b9c5a5ce,not_applicable_source_reference,not_applicable_source_reference,False,7,raw,1860,1860,,raw,0,0,10,3,0,70,16,6,b9e95b6e39916fa2d23e616132b87dab8dbce4acef6173a1b3a2b83e7f9ccbea,0,1860,233,4,False
TOKEN-CHANNEL-EFFICIENCY-20260923/source,development,n02788148/ILSVRC2012_val_00012264_n02788148,40,d77f825c1f142e1b256614bde8db32959914f48d12284b929e20a1a0b9c5a5ce,not_applicable_source_reference,not_applicable_source_reference,False,7,arithmetic,1558,1558,1558,arithmetic,3,0,10,3,13,96,16,6,83f8866ef1a1002501f163199c53aa4cc4255ca7ecb5a8cbc02e999cf796097d,30,1558,195,2,False
TOKEN-CHANNEL-EFFICIENCY-20260923/source,development,n02788148/ILSVRC2012_val_00012264_n02788148,40,d77f825c1f142e1b256614bde8db32959914f48d12284b929e20a1a0b9c5a5ce,not_applicable_source_reference,not_applicable_source_reference,False,8,raw,3060,3060,,raw,0,0,10,3,0,70,16,6,f27c5dbe30facc0cd799469596f839c1e4c9ca5d4e93210dbad2cb7418f83d54,0,3060,383,4,False
TOKEN-CHANNEL-EFFICIENCY-20260923/source,development,n02788148/ILSVRC2012_val_00012264_n02788148,40,d77f825c1f142e1b256614bde8db32959914f48d12284b929e20a1a0b9c5a5ce,not_applicable_source_reference,not_applicable_source_reference,False,8,arithmetic,2526,2526,2526,arithmetic,2,0,10,3,13,96,16,6,04346dc6354cea8f14cc57cbf3085a370e06114ef6e29c9b806607c9aed81601,30,2526,316,2,False
TOKEN-CHANNEL-EFFICIENCY-20260923/source,development,n02788148/ILSVRC2012_val_00012264_n02788148,40,d77f825c1f142e1b256614bde8db32959914f48d12284b929e20a1a0b9c5a5ce,not_applicable_source_reference,not_applicable_source_reference,False,9,raw,5088,5088,,raw,0,0,10,3,0,70,16,6,83772f7046fba2889270811e27095b3e37119e8b68a577b716bf237da3eec01c,0,5088,636,0,False
TOKEN-CHANNEL-EFFICIENCY-20260923/source,development,n02788148/ILSVRC2012_val_00012264_n02788148,40,d77f825c1f142e1b256614bde8db32959914f48d12284b929e20a1a0b9c5a5ce,not_applicable_source_reference,not_applicable_source_reference,False,9,arithmetic,4033,4033,4033,arithmetic,2,0,10,3,13,96,16,6,3e85f3ee1e5b2cbe2650f926abe368ecf00d986f215aea8afe6ef373438004a3,30,4033,505,7,False
TOKEN-CHANNEL-EFFICIENCY-20260923/source,development,n02788148/ILSVRC2012_val_00012264_n02788148,40,d77f825c1f142e1b256614bde8db32959914f48d12284b929e20a1a0b9c5a5ce,not_applicable_source_reference,not_applicable_source_reference,False,10,raw,8160,8160,,raw,0,0,10,3,0,70,16,6,29d8e5bd0a21ace4d94831bdef5578c5575f476b65e819a381a75ed645b44f79,0,8160,1020,0,False
TOKEN-CHANNEL-EFFICIENCY-20260923/source,development,n02788148/ILSVRC2012_val_00012264_n02788148,40,d77f825c1f142e1b256614bde8db32959914f48d12284b929e20a1a0b9c5a5ce,not_applicable_source_reference,not_applicable_source_reference,False,10,arithmetic,5747,5747,5747,arithmetic,2,0,10,3,13,96,16,6,dac0f7cb8be880743c3872ee73fb834cfb891618f379892507a58911bb669ad8,30,5747,719,5,False
TOKEN-CHANNEL-EFFICIENCY-20260923/source,development,n02834397/ILSVRC2012_val_00010741_n02834397,41,7e296a31245bc9af585ab76c42d861b0727530e951052bf54cc1a65562b49f69,not_applicable_source_reference,not_applicable_source_reference,False,6,raw,1092,1092,,raw,0,0,10,3,0,70,16,6,38a582710b7fa35e4828c47acc63dfe416405ae3b4d0be781da3602198b87827,0,1092,137,4,False
TOKEN-CHANNEL-EFFICIENCY-20260923/source,development,n02834397/ILSVRC2012_val_00010741_n02834397,41,7e296a31245bc9af585ab76c42d861b0727530e951052bf54cc1a65562b49f69,not_applicable_source_reference,not_applicable_source_reference,False,6,arithmetic,876,876,876,arithmetic,2,0,10,3,13,96,16,6,b36eb87a0bc89940d6fceda54d7d9bc2fc54752cbe2d0ee1fa449176499b1fc1,30,876,110,4,False
TOKEN-CHANNEL-EFFICIENCY-20260923/source,development,n02834397/ILSVRC2012_val_00010741_n02834397,41,7e296a31245bc9af585ab76c42d861b0727530e951052bf54cc1a65562b49f69,not_applicable_source_reference,not_applicable_source_reference,False,7,raw,1860,1860,,raw,0,0,10,3,0,70,16,6,a1f2fb3d03dcff4a4fb984a231f08c096342f4850d425fa178c63d7c699f23c6,0,1860,233,4,False
TOKEN-CHANNEL-EFFICIENCY-20260923/source,development,n02834397/ILSVRC2012_val_00010741_n02834397,41,7e296a31245bc9af585ab76c42d861b0727530e951052bf54cc1a65562b49f69,not_applicable_source_reference,not_applicable_source_reference,False,7,arithmetic,1540,1540,1540,arithmetic,4,0,10,3,13,96,16,6,7139af0ff537574d69580c996cc38eb80a08a67e9481c53131add8c791359082,30,1540,193,4,False
TOKEN-CHANNEL-EFFICIENCY-20260923/source,development,n02834397/ILSVRC2012_val_00010741_n02834397,41,7e296a31245bc9af585ab76c42d861b0727530e951052bf54cc1a65562b49f69,not_applicable_source_reference,not_applicable_source_reference,False,8,raw,3060,3060,,raw,0,0,10,3,0,70,16,6,1164b2b37b53b25729c15b9ab568e63e2d481777d99c43c2c4411f1bbaca038d,0,3060,383,4,False
TOKEN-CHANNEL-EFFICIENCY-20260923/source,development,n02834397/ILSVRC2012_val_00010741_n02834397,41,7e296a31245bc9af585ab76c42d861b0727530e951052bf54cc1a65562b49f69,not_applicable_source_reference,not_applicable_source_reference,False,8,arithmetic,2427,2427,2427,arithmetic,2,0,10,3,13,96,16,6,d13d5850d1193a1e47d7fe36614351a45ef697211bcdcdefd340defa27fe5471,30,2427,304,5,False
TOKEN-CHANNEL-EFFICIENCY-20260923/source,development,n02834397/ILSVRC2012_val_00010741_n02834397,41,7e296a31245bc9af585ab76c42d861b0727530e951052bf54cc1a65562b49f69,not_applicable_source_reference,not_applicable_source_reference,False,9,raw,5088,5088,,raw,0,0,10,3,0,70,16,6,b70a37cd2872a4e0ba09dd5997b4f174366a44851e37259ccca9a05a458818c0,0,5088,636,0,False
TOKEN-CHANNEL-EFFICIENCY-20260923/source,development,n02834397/ILSVRC2012_val_00010741_n02834397,41,7e296a31245bc9af585ab76c42d861b0727530e951052bf54cc1a65562b49f69,not_applicable_source_reference,not_applicable_source_reference,False,9,arithmetic,3886,3886,3886,arithmetic,2,0,10,3,13,96,16,6,b5d85bf89aa7d6612eb6c4ee243b660c7f7b47d7175e3a5b1d4a267f95f6efce,30,3886,486,2,False
TOKEN-CHANNEL-EFFICIENCY-20260923/source,development,n02834397/ILSVRC2012_val_00010741_n02834397,41,7e296a31245bc9af585ab76c42d861b0727530e951052bf54cc1a65562b49f69,not_applicable_source_reference,not_applicable_source_reference,False,10,raw,8160,8160,,raw,0,0,10,3,0,70,16,6,62a6465df65f6ca6717b74afe4f31c1d67fab08335a05168de1cc0a6c67be18c,0,8160,1020,0,False
TOKEN-CHANNEL-EFFICIENCY-20260923/source,development,n02834397/ILSVRC2012_val_00010741_n02834397,41,7e296a31245bc9af585ab76c42d861b0727530e951052bf54cc1a65562b49f69,not_applicable_source_reference,not_applicable_source_reference,False,10,arithmetic,5843,5843,5843,arithmetic,2,0,10,3,13,96,16,6,7442b972ebe63dadf54cf2816273e324c9d9d4a38221c8b3c3ee19459839010d,30,5843,731,5,False
TOKEN-CHANNEL-EFFICIENCY-20260923/source,development,n02841315/ILSVRC2012_val_00014601_n02841315,42,b19f30a7cd526ca652bf3bfc1deb42f07c00fbd53c9feea68ff4447f8d9e8bb7,not_applicable_source_reference,not_applicable_source_reference,False,6,raw,1092,1092,,raw,0,0,10,3,0,70,16,6,01a1611025d3b1d624c08c706e50b9b1a0b1927bb0d969f357008a84799931e8,0,1092,137,4,False
TOKEN-CHANNEL-EFFICIENCY-20260923/source,development,n02841315/ILSVRC2012_val_00014601_n02841315,42,b19f30a7cd526ca652bf3bfc1deb42f07c00fbd53c9feea68ff4447f8d9e8bb7,not_applicable_source_reference,not_applicable_source_reference,False,6,arithmetic,964,964,964,arithmetic,3,0,10,3,13,96,16,6,b219cb131aaa8d8e4b4fd935710fce52f64e37070023f78b05346f7cc06cf522,30,964,121,4,False
TOKEN-CHANNEL-EFFICIENCY-20260923/source,development,n02841315/ILSVRC2012_val_00014601_n02841315,42,b19f30a7cd526ca652bf3bfc1deb42f07c00fbd53c9feea68ff4447f8d9e8bb7,not_applicable_source_reference,not_applicable_source_reference,False,7,raw,1860,1860,,raw,0,0,10,3,0,70,16,6,9e170840565264997e4819bd831b399b5adc14aa6c493cdd9d599acc3cfd2460,0,1860,233,4,False
TOKEN-CHANNEL-EFFICIENCY-20260923/source,development,n02841315/ILSVRC2012_val_00014601_n02841315,42,b19f30a7cd526ca652bf3bfc1deb42f07c00fbd53c9feea68ff4447f8d9e8bb7,not_applicable_source_reference,not_applicable_source_reference,False,7,arithmetic,1624,1624,1624,arithmetic,2,0,10,3,13,96,16,6,9a4bd41bbdeea6c12d07d64cb9e0b619c675be0be7b805223a95f0e378cac4db,30,1624,203,0,False
TOKEN-CHANNEL-EFFICIENCY-20260923/source,development,n02841315/ILSVRC2012_val_00014601_n02841315,42,b19f30a7cd526ca652bf3bfc1deb42f07c00fbd53c9feea68ff4447f8d9e8bb7,not_applicable_source_reference,not_applicable_source_reference,False,8,raw,3060,3060,,raw,0,0,10,3,0,70,16,6,162da6ff7a9371239af0e48b35fbb37a467bfad9def145cd4dc916b53e8d54b7,0,3060,383,4,False
TOKEN-CHANNEL-EFFICIENCY-20260923/source,development,n02841315/ILSVRC2012_val_00014601_n02841315,42,b19f30a7cd526ca652bf3bfc1deb42f07c00fbd53c9feea68ff4447f8d9e8bb7,not_applicable_source_reference,not_applicable_source_reference,False,8,arithmetic,2609,2609,2609,arithmetic,4,0,10,3,13,96,16,6,a22046df5a298eb1de8eaca6f52a78011d8eb630cb8b0cccdef392cd9a156585,30,2609,327,7,False
TOKEN-CHANNEL-EFFICIENCY-20260923/source,development,n02841315/ILSVRC2012_val_00014601_n02841315,42,b19f30a7cd526ca652bf3bfc1deb42f07c00fbd53c9feea68ff4447f8d9e8bb7,not_applicable_source_reference,not_applicable_source_reference,False,9,raw,5088,5088,,raw,0,0,10,3,0,70,16,6,4c43700b1b6d0f70dcee9b34789ef9cccd6cbf6ef2460c2c7516930c62ac76bd,0,5088,636,0,False
TOKEN-CHANNEL-EFFICIENCY-20260923/source,development,n02841315/ILSVRC2012_val_00014601_n02841315,42,b19f30a7cd526ca652bf3bfc1deb42f07c00fbd53c9feea68ff4447f8d9e8bb7,not_applicable_source_reference,not_applicable_source_reference,False,9,arithmetic,4174,4174,4174,arithmetic,2,0,10,3,13,96,16,6,9b66ae76af5dda3e251192d5b32d1e9302f41d14bcd6be2e544e7503b2dcb735,30,4174,522,2,False
TOKEN-CHANNEL-EFFICIENCY-20260923/source,development,n02841315/ILSVRC2012_val_00014601_n02841315,42,b19f30a7cd526ca652bf3bfc1deb42f07c00fbd53c9feea68ff4447f8d9e8bb7,not_applicable_source_reference,not_applicable_source_reference,False,10,raw,8160,8160,,raw,0,0,10,3,0,70,16,6,ebdf2f34deee54bbe37e98c428786ef131a09ed46a616435991be2abad73c622,0,8160,1020,0,False
TOKEN-CHANNEL-EFFICIENCY-20260923/source,development,n02841315/ILSVRC2012_val_00014601_n02841315,42,b19f30a7cd526ca652bf3bfc1deb42f07c00fbd53c9feea68ff4447f8d9e8bb7,not_applicable_source_reference,not_applicable_source_reference,False,10,arithmetic,6157,6157,6157,arithmetic,4,0,10,3,13,96,16,6,5b51a1e4fa9e8fe793146adec2e9b48904664ee120e07f2bd758f3c97d85f321,30,6157,770,3,False
TOKEN-CHANNEL-EFFICIENCY-20260923/source,development,n02910353/ILSVRC2012_val_00017543_n02910353,43,c27e162eeb52bdd42f8afb9b5faed79a866cf4780dd2868324fc795fecdab836,not_applicable_source_reference,not_applicable_source_reference,False,6,raw,1092,1092,,raw,0,0,10,3,0,70,16,6,7bc2b568dc24a82d2fa75dd32a9bce9fcef4816d1d959b5041291066e5aa9ea6,0,1092,137,4,False
TOKEN-CHANNEL-EFFICIENCY-20260923/source,development,n02910353/ILSVRC2012_val_00017543_n02910353,43,c27e162eeb52bdd42f8afb9b5faed79a866cf4780dd2868324fc795fecdab836,not_applicable_source_reference,not_applicable_source_reference,False,6,arithmetic,901,901,901,arithmetic,2,0,10,3,13,96,16,6,8b3cc1b2d3ea3181dba165d03079578a86ec70a82875f253ae6808f937c7a037,30,901,113,3,False
TOKEN-CHANNEL-EFFICIENCY-20260923/source,development,n02910353/ILSVRC2012_val_00017543_n02910353,43,c27e162eeb52bdd42f8afb9b5faed79a866cf4780dd2868324fc795fecdab836,not_applicable_source_reference,not_applicable_source_reference,False,7,raw,1860,1860,,raw,0,0,10,3,0,70,16,6,ccfa7fef0558a4c5ec13caa92ef70b6d3438caaaa5b8066da9a03091291ad7f8,0,1860,233,4,False
TOKEN-CHANNEL-EFFICIENCY-20260923/source,development,n02910353/ILSVRC2012_val_00017543_n02910353,43,c27e162eeb52bdd42f8afb9b5faed79a866cf4780dd2868324fc795fecdab836,not_applicable_source_reference,not_applicable_source_reference,False,7,arithmetic,1551,1551,1551,arithmetic,3,0,10,3,13,96,16,6,1a6e532029a2c1fe66a6502ff910b37fd832097d85a0f337e9b5248d26ba17fd,30,1551,194,1,False
TOKEN-CHANNEL-EFFICIENCY-20260923/source,development,n02910353/ILSVRC2012_val_00017543_n02910353,43,c27e162eeb52bdd42f8afb9b5faed79a866cf4780dd2868324fc795fecdab836,not_applicable_source_reference,not_applicable_source_reference,False,8,raw,3060,3060,,raw,0,0,10,3,0,70,16,6,103707a53d38befaf1fe361dd3f2bf02544d01862645987d0b8c3d72fe3e36fe,0,3060,383,4,False
TOKEN-CHANNEL-EFFICIENCY-20260923/source,development,n02910353/ILSVRC2012_val_00017543_n02910353,43,c27e162eeb52bdd42f8afb9b5faed79a866cf4780dd2868324fc795fecdab836,not_applicable_source_reference,not_applicable_source_reference,False,8,arithmetic,2545,2545,2545,arithmetic,2,0,10,3,13,96,16,6,c83a68aa88e834e8023f70fd0d23b0df6f1e93f91c0f7549c7443ad21273ec75,30,2545,319,7,False
TOKEN-CHANNEL-EFFICIENCY-20260923/source,development,n02910353/ILSVRC2012_val_00017543_n02910353,43,c27e162eeb52bdd42f8afb9b5faed79a866cf4780dd2868324fc795fecdab836,not_applicable_source_reference,not_applicable_source_reference,False,9,raw,5088,5088,,raw,0,0,10,3,0,70,16,6,a00b7263bf478c729e20044fe24ffb0ab3976896858e26ec4d4d91d981ae5bac,0,5088,636,0,False
TOKEN-CHANNEL-EFFICIENCY-20260923/source,development,n02910353/ILSVRC2012_val_00017543_n02910353,43,c27e162eeb52bdd42f8afb9b5faed79a866cf4780dd2868324fc795fecdab836,not_applicable_source_reference,not_applicable_source_reference,False,9,arithmetic,4155,4155,4155,arithmetic,2,0,10,3,13,96,16,6,52ae7109e1ba497e2f4bb9c9274a910a140a13e47c4e18567f47dd6178790b2a,30,4155,520,5,False
TOKEN-CHANNEL-EFFICIENCY-20260923/source,development,n02910353/ILSVRC2012_val_00017543_n02910353,43,c27e162eeb52bdd42f8afb9b5faed79a866cf4780dd2868324fc795fecdab836,not_applicable_source_reference,not_applicable_source_reference,False,10,raw,8160,8160,,raw,0,0,10,3,0,70,16,6,0fb6e5b9255b729319854ed42c102ac7c371f24c3fb6099e4b078ceeb98537d9,0,8160,1020,0,False
TOKEN-CHANNEL-EFFICIENCY-20260923/source,development,n02910353/ILSVRC2012_val_00017543_n02910353,43,c27e162eeb52bdd42f8afb9b5faed79a866cf4780dd2868324fc795fecdab836,not_applicable_source_reference,not_applicable_source_reference,False,10,arithmetic,6331,6331,6331,arithmetic,2,0,10,3,13,96,16,6,5c6d27aa1b393ffba9388b57bfd7770dc08dcf6ccd82acf63f3e056c0638f714,30,6331,792,5,False
TOKEN-CHANNEL-EFFICIENCY-20260923/source,development,n02951585/ILSVRC2012_val_00008336_n02951585,44,6287e5124249bc06487c026c7ef680074a0e54fccdb9e9796fb43e1bae73b987,not_applicable_source_reference,not_applicable_source_reference,False,6,raw,1092,1092,,raw,0,0,10,3,0,70,16,6,6b771ac54bf72e96ea3867c970d3c3024f65b1079e8689f36d67b2e2b95a4949,0,1092,137,4,False
TOKEN-CHANNEL-EFFICIENCY-20260923/source,development,n02951585/ILSVRC2012_val_00008336_n02951585,44,6287e5124249bc06487c026c7ef680074a0e54fccdb9e9796fb43e1bae73b987,not_applicable_source_reference,not_applicable_source_reference,False,6,arithmetic,864,864,864,arithmetic,5,0,10,3,13,96,16,6,ca09bc1add558b9a8c50e25283e0446ff24750d4abd0436ce06351f60b3f7eed,30,864,108,0,False
TOKEN-CHANNEL-EFFICIENCY-20260923/source,development,n02951585/ILSVRC2012_val_00008336_n02951585,44,6287e5124249bc06487c026c7ef680074a0e54fccdb9e9796fb43e1bae73b987,not_applicable_source_reference,not_applicable_source_reference,False,7,raw,1860,1860,,raw,0,0,10,3,0,70,16,6,2060f328ac3877db4048932e36a005334d18ff1ee05cc0f4f330b398642de863,0,1860,233,4,False
TOKEN-CHANNEL-EFFICIENCY-20260923/source,development,n02951585/ILSVRC2012_val_00008336_n02951585,44,6287e5124249bc06487c026c7ef680074a0e54fccdb9e9796fb43e1bae73b987,not_applicable_source_reference,not_applicable_source_reference,False,7,arithmetic,1528,1528,1528,arithmetic,2,0,10,3,13,96,16,6,b792fe82ad139ee776ccfb9c7e5e43f97709aab01dd97782a7f7d70874e92972,30,1528,191,0,False
TOKEN-CHANNEL-EFFICIENCY-20260923/source,development,n02951585/ILSVRC2012_val_00008336_n02951585,44,6287e5124249bc06487c026c7ef680074a0e54fccdb9e9796fb43e1bae73b987,not_applicable_source_reference,not_applicable_source_reference,False,8,raw,3060,3060,,raw,0,0,10,3,0,70,16,6,cc53ab1e7fcd564cf62c550f771ea4ee25cd65a4b11faee4ae61a55bd18c450f,0,3060,383,4,False
TOKEN-CHANNEL-EFFICIENCY-20260923/source,development,n02951585/ILSVRC2012_val_00008336_n02951585,44,6287e5124249bc06487c026c7ef680074a0e54fccdb9e9796fb43e1bae73b987,not_applicable_source_reference,not_applicable_source_reference,False,8,arithmetic,2469,2469,2469,arithmetic,3,0,10,3,13,96,16,6,57c8c196cbd5f51b041334a621f35d2d24188d57df0c9f843452993bccb8a46e,30,2469,309,3,False
TOKEN-CHANNEL-EFFICIENCY-20260923/source,development,n02951585/ILSVRC2012_val_00008336_n02951585,44,6287e5124249bc06487c026c7ef680074a0e54fccdb9e9796fb43e1bae73b987,not_applicable_source_reference,not_applicable_source_reference,False,9,raw,5088,5088,,raw,0,0,10,3,0,70,16,6,d92b35b1c1b7d56fab0590030cdcb9908c0a58c53d42e1f4b0a3a23755cc744e,0,5088,636,0,False
TOKEN-CHANNEL-EFFICIENCY-20260923/source,development,n02951585/ILSVRC2012_val_00008336_n02951585,44,6287e5124249bc06487c026c7ef680074a0e54fccdb9e9796fb43e1bae73b987,not_applicable_source_reference,not_applicable_source_reference,False,9,arithmetic,4065,4065,4065,arithmetic,2,0,10,3,13,96,16,6,6af7e39c77e8d77bb8aa7297d435d9174affcda75af795849c8f5b78ce278dbc,30,4065,509,7,False
TOKEN-CHANNEL-EFFICIENCY-20260923/source,development,n02951585/ILSVRC2012_val_00008336_n02951585,44,6287e5124249bc06487c026c7ef680074a0e54fccdb9e9796fb43e1bae73b987,not_applicable_source_reference,not_applicable_source_reference,False,10,raw,8160,8160,,raw,0,0,10,3,0,70,16,6,0698473ca4e2dc5e9d09e4f469763d98998802f0d0636639823c1ef540c89511,0,8160,1020,0,False
TOKEN-CHANNEL-EFFICIENCY-20260923/source,development,n02951585/ILSVRC2012_val_00008336_n02951585,44,6287e5124249bc06487c026c7ef680074a0e54fccdb9e9796fb43e1bae73b987,not_applicable_source_reference,not_applicable_source_reference,False,10,arithmetic,6279,6279,6279,arithmetic,3,0,10,3,13,96,16,6,a95694eec05fc47c22ee445be46ddb6325507b2779bc4497d5c1cef5f220814e,30,6279,785,1,False
TOKEN-CHANNEL-EFFICIENCY-20260923/source,development,n02980441/ILSVRC2012_val_00023472_n02980441,45,431d4041c6610691fb229a8e04d9675487a0d0f1f248d24f907f412a19b59b4d,not_applicable_source_reference,not_applicable_source_reference,False,6,raw,1092,1092,,raw,0,0,10,3,0,70,16,6,33210be921d3045937e54455ab020a40b1254b7621abde700fc67c09ccbe8e71,0,1092,137,4,False
TOKEN-CHANNEL-EFFICIENCY-20260923/source,development,n02980441/ILSVRC2012_val_00023472_n02980441,45,431d4041c6610691fb229a8e04d9675487a0d0f1f248d24f907f412a19b59b4d,not_applicable_source_reference,not_applicable_source_reference,False,6,arithmetic,923,923,923,arithmetic,2,0,10,3,13,96,16,6,a499b1cea45395d932641249aaaf8c15251bef9d0e1e71bed247714d82f1585b,30,923,116,5,False
TOKEN-CHANNEL-EFFICIENCY-20260923/source,development,n02980441/ILSVRC2012_val_00023472_n02980441,45,431d4041c6610691fb229a8e04d9675487a0d0f1f248d24f907f412a19b59b4d,not_applicable_source_reference,not_applicable_source_reference,False,7,raw,1860,1860,,raw,0,0,10,3,0,70,16,6,ca966031843c92ec0ef40b269dbe6bea6a930d4646c1744d15f2e46070f4ed0e,0,1860,233,4,False
TOKEN-CHANNEL-EFFICIENCY-20260923/source,development,n02980441/ILSVRC2012_val_00023472_n02980441,45,431d4041c6610691fb229a8e04d9675487a0d0f1f248d24f907f412a19b59b4d,not_applicable_source_reference,not_applicable_source_reference,False,7,arithmetic,1616,1616,1616,arithmetic,2,0,10,3,13,96,16,6,3dee70f56d95e53314d6bf6c596862fcc3f6df36a3175f65f87b4117959ee858,30,1616,202,0,False
TOKEN-CHANNEL-EFFICIENCY-20260923/source,development,n02980441/ILSVRC2012_val_00023472_n02980441,45,431d4041c6610691fb229a8e04d9675487a0d0f1f248d24f907f412a19b59b4d,not_applicable_source_reference,not_applicable_source_reference,False,8,raw,3060,3060,,raw,0,0,10,3,0,70,16,6,a36b1f69ac7bd7eb9944ea3d63a3eb5276d9540cc25f2d8a8dafbea6ec5f9325,0,3060,383,4,False
TOKEN-CHANNEL-EFFICIENCY-20260923/source,development,n02980441/ILSVRC2012_val_00023472_n02980441,45,431d4041c6610691fb229a8e04d9675487a0d0f1f248d24f907f412a19b59b4d,not_applicable_source_reference,not_applicable_source_reference,False,8,arithmetic,2619,2619,2619,arithmetic,2,0,10,3,13,96,16,6,094ec3e177bb766899503491fb744d7467cd9ec3ccd18b9358f38fd0751b1017,30,2619,328,5,False
TOKEN-CHANNEL-EFFICIENCY-20260923/source,development,n02980441/ILSVRC2012_val_00023472_n02980441,45,431d4041c6610691fb229a8e04d9675487a0d0f1f248d24f907f412a19b59b4d,not_applicable_source_reference,not_applicable_source_reference,False,9,raw,5088,5088,,raw,0,0,10,3,0,70,16,6,3721408e5d83c8df6f44bdaed6de8e4e8678cbfd0aea0f3498c3575f07bd3ea2,0,5088,636,0,False
TOKEN-CHANNEL-EFFICIENCY-20260923/source,development,n02980441/ILSVRC2012_val_00023472_n02980441,45,431d4041c6610691fb229a8e04d9675487a0d0f1f248d24f907f412a19b59b4d,not_applicable_source_reference,not_applicable_source_reference,False,9,arithmetic,4222,4222,4222,arithmetic,8,0,10,3,13,96,16,6,2a71ca13db0edb4c4f616468d0a0bc133ae2172e318e2eec7fac873c4e2584a1,30,4222,528,2,False
TOKEN-CHANNEL-EFFICIENCY-20260923/source,development,n02980441/ILSVRC2012_val_00023472_n02980441,45,431d4041c6610691fb229a8e04d9675487a0d0f1f248d24f907f412a19b59b4d,not_applicable_source_reference,not_applicable_source_reference,False,10,raw,8160,8160,,raw,0,0,10,3,0,70,16,6,5af5eba943ae1abbf7f23ff3cb7db8e731cf583ed0c37324054293db694a3178,0,8160,1020,0,False
TOKEN-CHANNEL-EFFICIENCY-20260923/source,development,n02980441/ILSVRC2012_val_00023472_n02980441,45,431d4041c6610691fb229a8e04d9675487a0d0f1f248d24f907f412a19b59b4d,not_applicable_source_reference,not_applicable_source_reference,False,10,arithmetic,6255,6255,6255,arithmetic,2,0,10,3,13,96,16,6,80909c75ce96dcc56510fc0326334cf8d411732a2efa3c4515f3b4da25212519,30,6255,782,1,False
TOKEN-CHANNEL-EFFICIENCY-20260923/source,development,n03028079/ILSVRC2012_val_00031446_n03028079,46,68d3b9ce94abf8f4587927a53677c949e781d6c4cd367b6ba90426a9025a44b8,not_applicable_source_reference,not_applicable_source_reference,False,6,raw,1092,1092,,raw,0,0,10,3,0,70,16,6,733c210b4789f5f17919081f33f80043b9d004c251ce303f41c9cd8bbffa95df,0,1092,137,4,False
TOKEN-CHANNEL-EFFICIENCY-20260923/source,development,n03028079/ILSVRC2012_val_00031446_n03028079,46,68d3b9ce94abf8f4587927a53677c949e781d6c4cd367b6ba90426a9025a44b8,not_applicable_source_reference,not_applicable_source_reference,False,6,arithmetic,947,947,947,arithmetic,2,0,10,3,13,96,16,6,166113f7164f861723d44be75b874033c53e3c999adc88421e7642f9e8cd3faf,30,947,119,5,False
TOKEN-CHANNEL-EFFICIENCY-20260923/source,development,n03028079/ILSVRC2012_val_00031446_n03028079,46,68d3b9ce94abf8f4587927a53677c949e781d6c4cd367b6ba90426a9025a44b8,not_applicable_source_reference,not_applicable_source_reference,False,7,raw,1860,1860,,raw,0,0,10,3,0,70,16,6,e1dcc8ef4953a0d35a3c015ca8d979607f70117ee402ce91869b9d23cf30c31c,0,1860,233,4,False
TOKEN-CHANNEL-EFFICIENCY-20260923/source,development,n03028079/ILSVRC2012_val_00031446_n03028079,46,68d3b9ce94abf8f4587927a53677c949e781d6c4cd367b6ba90426a9025a44b8,not_applicable_source_reference,not_applicable_source_reference,False,7,arithmetic,1602,1602,1602,arithmetic,4,0,10,3,13,96,16,6,a20f268ebfbf328f1ce0ac98eb75b98b70d1f515a71deedf2a51a847c51ed15c,30,1602,201,6,False
TOKEN-CHANNEL-EFFICIENCY-20260923/source,development,n03028079/ILSVRC2012_val_00031446_n03028079,46,68d3b9ce94abf8f4587927a53677c949e781d6c4cd367b6ba90426a9025a44b8,not_applicable_source_reference,not_applicable_source_reference,False,8,raw,3060,3060,,raw,0,0,10,3,0,70,16,6,93e6c541dae830570e76c4e6288d2e9ef1c31ebad55c8fd0bb6dc80135a9b9d4,0,3060,383,4,False
TOKEN-CHANNEL-EFFICIENCY-20260923/source,development,n03028079/ILSVRC2012_val_00031446_n03028079,46,68d3b9ce94abf8f4587927a53677c949e781d6c4cd367b6ba90426a9025a44b8,not_applicable_source_reference,not_applicable_source_reference,False,8,arithmetic,2566,2566,2566,arithmetic,3,0,10,3,13,96,16,6,55996ad4c2435e787810d30a6ecd42b8f2d0ea82d6ef3f9701c626a7ecba8be6,30,2566,321,2,False
TOKEN-CHANNEL-EFFICIENCY-20260923/source,development,n03028079/ILSVRC2012_val_00031446_n03028079,46,68d3b9ce94abf8f4587927a53677c949e781d6c4cd367b6ba90426a9025a44b8,not_applicable_source_reference,not_applicable_source_reference,False,9,raw,5088,5088,,raw,0,0,10,3,0,70,16,6,6de903302cf34f7d7d6405d9c0c6eed58de1e99e1700e87cf16f4ef49d6bc91e,0,5088,636,0,False
TOKEN-CHANNEL-EFFICIENCY-20260923/source,development,n03028079/ILSVRC2012_val_00031446_n03028079,46,68d3b9ce94abf8f4587927a53677c949e781d6c4cd367b6ba90426a9025a44b8,not_applicable_source_reference,not_applicable_source_reference,False,9,arithmetic,4134,4134,4134,arithmetic,3,0,10,3,13,96,16,6,08e896586251c7f3ce41102767bbae06a58e244aae43b28543f1cc5b4567ea29,30,4134,517,2,False
TOKEN-CHANNEL-EFFICIENCY-20260923/source,development,n03028079/ILSVRC2012_val_00031446_n03028079,46,68d3b9ce94abf8f4587927a53677c949e781d6c4cd367b6ba90426a9025a44b8,not_applicable_source_reference,not_applicable_source_reference,False,10,raw,8160,8160,,raw,0,0,10,3,0,70,16,6,b945be4064aac1de268fd5db6dc696717bed5328fb86fe0037b9f8c3a5ad839d,0,8160,1020,0,False
TOKEN-CHANNEL-EFFICIENCY-20260923/source,development,n03028079/ILSVRC2012_val_00031446_n03028079,46,68d3b9ce94abf8f4587927a53677c949e781d6c4cd367b6ba90426a9025a44b8,not_applicable_source_reference,not_applicable_source_reference,False,10,arithmetic,6112,6112,6112,arithmetic,2,0,10,3,13,96,16,6,ab547483a367050a94820f8c22ead766db87f0c515d473fcaa24a9c5203393ba,30,6112,764,0,False
TOKEN-CHANNEL-EFFICIENCY-20260923/source,development,n03109150/ILSVRC2012_val_00032588_n03109150,47,6c166713f4445234d77bec983d9a58df6991ae7fb4edc7c41f3bba855677a401,not_applicable_source_reference,not_applicable_source_reference,False,6,raw,1092,1092,,raw,0,0,10,3,0,70,16,6,cdeabef1f16ff124dad03649c6643d1165d8babac2756ed45db1b8567bf7af0d,0,1092,137,4,False
TOKEN-CHANNEL-EFFICIENCY-20260923/source,development,n03109150/ILSVRC2012_val_00032588_n03109150,47,6c166713f4445234d77bec983d9a58df6991ae7fb4edc7c41f3bba855677a401,not_applicable_source_reference,not_applicable_source_reference,False,6,arithmetic,864,864,864,arithmetic,2,0,10,3,13,96,16,6,39ebe0b687ddd441f9f56b9095e2670daf80c0318ee4bba89cc7ba85b1f0a941,30,864,108,0,False
TOKEN-CHANNEL-EFFICIENCY-20260923/source,development,n03109150/ILSVRC2012_val_00032588_n03109150,47,6c166713f4445234d77bec983d9a58df6991ae7fb4edc7c41f3bba855677a401,not_applicable_source_reference,not_applicable_source_reference,False,7,raw,1860,1860,,raw,0,0,10,3,0,70,16,6,f6dea890cf1f5564f7073c4748c5aa9a7cbb50c1eb3ce0202433781c3720af75,0,1860,233,4,False
TOKEN-CHANNEL-EFFICIENCY-20260923/source,development,n03109150/ILSVRC2012_val_00032588_n03109150,47,6c166713f4445234d77bec983d9a58df6991ae7fb4edc7c41f3bba855677a401,not_applicable_source_reference,not_applicable_source_reference,False,7,arithmetic,1473,1473,1473,arithmetic,6,0,10,3,13,96,16,6,dc4d5ccb072451c1a9423b3260a907ea28aa6fdd17a22c0d3f14de1a72b565c2,30,1473,185,7,False
TOKEN-CHANNEL-EFFICIENCY-20260923/source,development,n03109150/ILSVRC2012_val_00032588_n03109150,47,6c166713f4445234d77bec983d9a58df6991ae7fb4edc7c41f3bba855677a401,not_applicable_source_reference,not_applicable_source_reference,False,8,raw,3060,3060,,raw,0,0,10,3,0,70,16,6,f021c9e5d7218db4284ae024ec7445926c19ec91f885c0d30ec7be375d60c73e,0,3060,383,4,False
TOKEN-CHANNEL-EFFICIENCY-20260923/source,development,n03109150/ILSVRC2012_val_00032588_n03109150,47,6c166713f4445234d77bec983d9a58df6991ae7fb4edc7c41f3bba855677a401,not_applicable_source_reference,not_applicable_source_reference,False,8,arithmetic,2425,2425,2425,arithmetic,2,0,10,3,13,96,16,6,d528011715c0606054bc546636811294af03bd2371bdaa1ecd39345226b77905,30,2425,304,7,False
TOKEN-CHANNEL-EFFICIENCY-20260923/source,development,n03109150/ILSVRC2012_val_00032588_n03109150,47,6c166713f4445234d77bec983d9a58df6991ae7fb4edc7c41f3bba855677a401,not_applicable_source_reference,not_applicable_source_reference,False,9,raw,5088,5088,,raw,0,0,10,3,0,70,16,6,c7fdb449581309c7f07b497c528e7e7f0836e5cb691c14b1918eab1c448cae65,0,5088,636,0,False
TOKEN-CHANNEL-EFFICIENCY-20260923/source,development,n03109150/ILSVRC2012_val_00032588_n03109150,47,6c166713f4445234d77bec983d9a58df6991ae7fb4edc7c41f3bba855677a401,not_applicable_source_reference,not_applicable_source_reference,False,9,arithmetic,3815,3815,3815,arithmetic,5,0,10,3,13,96,16,6,b9d27ad84be2d77fd7c20b91fd91708c6b4cb1fac257ccd6b28ec6b39cb34076,30,3815,477,1,False
TOKEN-CHANNEL-EFFICIENCY-20260923/source,development,n03109150/ILSVRC2012_val_00032588_n03109150,47,6c166713f4445234d77bec983d9a58df6991ae7fb4edc7c41f3bba855677a401,not_applicable_source_reference,not_applicable_source_reference,False,10,raw,8160,8160,,raw,0,0,10,3,0,70,16,6,056f1cad32ec2afce82577c7bb867c6af64f1f40ae2bc01a276bde16d1c53bf2,0,8160,1020,0,False
TOKEN-CHANNEL-EFFICIENCY-20260923/source,development,n03109150/ILSVRC2012_val_00032588_n03109150,47,6c166713f4445234d77bec983d9a58df6991ae7fb4edc7c41f3bba855677a401,not_applicable_source_reference,not_applicable_source_reference,False,10,arithmetic,5729,5729,5729,arithmetic,4,0,10,3,13,96,16,6,409d7fa5561bd25b9ceb3f2dc065dc2d79d3d8027ed5e8ff99def3f5320ecb14,30,5729,717,7,False
TOKEN-CHANNEL-EFFICIENCY-20260923/source,development,n03127747/ILSVRC2012_val_00003732_n03127747,48,08d575ca78e8ec0d619123ef77779908752bd32d2173c1fe1f1c67e82a018e5e,not_applicable_source_reference,not_applicable_source_reference,False,6,raw,1092,1092,,raw,0,0,10,3,0,70,16,6,a7e21cf1e74bb1c979751fbd53015fc499c91f56084367be914cac7781fe7ce3,0,1092,137,4,False
TOKEN-CHANNEL-EFFICIENCY-20260923/source,development,n03127747/ILSVRC2012_val_00003732_n03127747,48,08d575ca78e8ec0d619123ef77779908752bd32d2173c1fe1f1c67e82a018e5e,not_applicable_source_reference,not_applicable_source_reference,False,6,arithmetic,885,885,885,arithmetic,3,0,10,3,13,96,16,6,5558f2d13386ae61552fc080278c6ff38c95e48c8f0294b7368c6c71d864bd0b,30,885,111,3,False
TOKEN-CHANNEL-EFFICIENCY-20260923/source,development,n03127747/ILSVRC2012_val_00003732_n03127747,48,08d575ca78e8ec0d619123ef77779908752bd32d2173c1fe1f1c67e82a018e5e,not_applicable_source_reference,not_applicable_source_reference,False,7,raw,1860,1860,,raw,0,0,10,3,0,70,16,6,29eeafbee05411290fc1ac69b1c7fc2cb2c723fa8f7b034056ae30d7f9c9df6e,0,1860,233,4,False
TOKEN-CHANNEL-EFFICIENCY-20260923/source,development,n03127747/ILSVRC2012_val_00003732_n03127747,48,08d575ca78e8ec0d619123ef77779908752bd32d2173c1fe1f1c67e82a018e5e,not_applicable_source_reference,not_applicable_source_reference,False,7,arithmetic,1506,1506,1506,arithmetic,2,0,10,3,13,96,16,6,7329fc5a6c48cc5f314cc5db612e673a1f975ab90cce5dbc621268c879293f04,30,1506,189,6,False
TOKEN-CHANNEL-EFFICIENCY-20260923/source,development,n03127747/ILSVRC2012_val_00003732_n03127747,48,08d575ca78e8ec0d619123ef77779908752bd32d2173c1fe1f1c67e82a018e5e,not_applicable_source_reference,not_applicable_source_reference,False,8,raw,3060,3060,,raw,0,0,10,3,0,70,16,6,e0f804de4ae695505339b8268821aa53246faba6e314e6f3a7ad12932712ec5c,0,3060,383,4,False
TOKEN-CHANNEL-EFFICIENCY-20260923/source,development,n03127747/ILSVRC2012_val_00003732_n03127747,48,08d575ca78e8ec0d619123ef77779908752bd32d2173c1fe1f1c67e82a018e5e,not_applicable_source_reference,not_applicable_source_reference,False,8,arithmetic,2465,2465,2465,arithmetic,4,0,10,3,13,96,16,6,4388c3c8794a7b22776c163c652490fa263f1f93f6fb35af424a9b698971d231,30,2465,309,7,False
TOKEN-CHANNEL-EFFICIENCY-20260923/source,development,n03127747/ILSVRC2012_val_00003732_n03127747,48,08d575ca78e8ec0d619123ef77779908752bd32d2173c1fe1f1c67e82a018e5e,not_applicable_source_reference,not_applicable_source_reference,False,9,raw,5088,5088,,raw,0,0,10,3,0,70,16,6,e3363e97fcd574e66d1fb41a74517b32f8b0a389ab82e0ec3fbf2787dfac38ad,0,5088,636,0,False
TOKEN-CHANNEL-EFFICIENCY-20260923/source,development,n03127747/ILSVRC2012_val_00003732_n03127747,48,08d575ca78e8ec0d619123ef77779908752bd32d2173c1fe1f1c67e82a018e5e,not_applicable_source_reference,not_applicable_source_reference,False,9,arithmetic,3956,3956,3956,arithmetic,3,0,10,3,13,96,16,6,9a46076cb8eb79d2fe4fcce08a1c1ca94e5628211a7adb8e8796e36dd1a6b853,30,3956,495,4,False
TOKEN-CHANNEL-EFFICIENCY-20260923/source,development,n03127747/ILSVRC2012_val_00003732_n03127747,48,08d575ca78e8ec0d619123ef77779908752bd32d2173c1fe1f1c67e82a018e5e,not_applicable_source_reference,not_applicable_source_reference,False,10,raw,8160,8160,,raw,0,0,10,3,0,70,16,6,49811754087b9ad798eb7304452a8c8a8489ea772c4ba7c0312e0f68327477ac,0,8160,1020,0,False
TOKEN-CHANNEL-EFFICIENCY-20260923/source,development,n03127747/ILSVRC2012_val_00003732_n03127747,48,08d575ca78e8ec0d619123ef77779908752bd32d2173c1fe1f1c67e82a018e5e,not_applicable_source_reference,not_applicable_source_reference,False,10,arithmetic,5849,5849,5849,arithmetic,2,0,10,3,13,96,16,6,264052ae9a5faa02ffcfa5351592e0cb3e3d6cdb001ac8ef620a168fabe32d66,30,5849,732,7,False
TOKEN-CHANNEL-EFFICIENCY-20260923/source,development,n03220513/ILSVRC2012_val_00006359_n03220513,49,6c47747b22fef34c608caa6ff8c1bf614884668716eea442f2a7c7c6ba1256cf,not_applicable_source_reference,not_applicable_source_reference,False,6,raw,1092,1092,,raw,0,0,10,3,0,70,16,6,4921064da57d0ffe4ea281628228794705d18ef5a13b4c15d41536a8bad0117e,0,1092,137,4,False
TOKEN-CHANNEL-EFFICIENCY-20260923/source,development,n03220513/ILSVRC2012_val_00006359_n03220513,49,6c47747b22fef34c608caa6ff8c1bf614884668716eea442f2a7c7c6ba1256cf,not_applicable_source_reference,not_applicable_source_reference,False,6,arithmetic,917,917,917,arithmetic,2,0,10,3,13,96,16,6,6cbce3fe343a45d22e89ca89f94d48aad8a9fa83f163551d33a5505ffdc69b10,30,917,115,3,False
TOKEN-CHANNEL-EFFICIENCY-20260923/source,development,n03220513/ILSVRC2012_val_00006359_n03220513,49,6c47747b22fef34c608caa6ff8c1bf614884668716eea442f2a7c7c6ba1256cf,not_applicable_source_reference,not_applicable_source_reference,False,7,raw,1860,1860,,raw,0,0,10,3,0,70,16,6,6a7978a0d1ea0e607c0cc95db2820a05dce77a0232724ca4e0b4a257fa629c9e,0,1860,233,4,False
TOKEN-CHANNEL-EFFICIENCY-20260923/source,development,n03220513/ILSVRC2012_val_00006359_n03220513,49,6c47747b22fef34c608caa6ff8c1bf614884668716eea442f2a7c7c6ba1256cf,not_applicable_source_reference,not_applicable_source_reference,False,7,arithmetic,1567,1567,1567,arithmetic,2,0,10,3,13,96,16,6,901aa09a0f94fd43d4e1ec55e8fe74fdff8f378e22851c7dccebd99131c41289,30,1567,196,1,False
TOKEN-CHANNEL-EFFICIENCY-20260923/source,development,n03220513/ILSVRC2012_val_00006359_n03220513,49,6c47747b22fef34c608caa6ff8c1bf614884668716eea442f2a7c7c6ba1256cf,not_applicable_source_reference,not_applicable_source_reference,False,8,raw,3060,3060,,raw,0,0,10,3,0,70,16,6,072a722ebb70940fcceb5d79e67954ac7ca8071fca5c1dea07fcbdaf3f90e639,0,3060,383,4,False
TOKEN-CHANNEL-EFFICIENCY-20260923/source,development,n03220513/ILSVRC2012_val_00006359_n03220513,49,6c47747b22fef34c608caa6ff8c1bf614884668716eea442f2a7c7c6ba1256cf,not_applicable_source_reference,not_applicable_source_reference,False,8,arithmetic,2525,2525,2525,arithmetic,7,0,10,3,13,96,16,6,c81bbb1253e58c938c5eb1ed03affcc2eea0e04c5d32244aa8b4a49625b6530e,30,2525,316,3,False
TOKEN-CHANNEL-EFFICIENCY-20260923/source,development,n03220513/ILSVRC2012_val_00006359_n03220513,49,6c47747b22fef34c608caa6ff8c1bf614884668716eea442f2a7c7c6ba1256cf,not_applicable_source_reference,not_applicable_source_reference,False,9,raw,5088,5088,,raw,0,0,10,3,0,70,16,6,67e9d9cfeda59e54f768e1b95704cc6c502342112cc5057a42fd412db1d53af9,0,5088,636,0,False
TOKEN-CHANNEL-EFFICIENCY-20260923/source,development,n03220513/ILSVRC2012_val_00006359_n03220513,49,6c47747b22fef34c608caa6ff8c1bf614884668716eea442f2a7c7c6ba1256cf,not_applicable_source_reference,not_applicable_source_reference,False,9,arithmetic,4048,4048,4048,arithmetic,4,0,10,3,13,96,16,6,758aa520ebe2a2b3a49a033b9deb423270364b8097b9979a165009c4430aa3f5,30,4048,506,0,False
TOKEN-CHANNEL-EFFICIENCY-20260923/source,development,n03220513/ILSVRC2012_val_00006359_n03220513,49,6c47747b22fef34c608caa6ff8c1bf614884668716eea442f2a7c7c6ba1256cf,not_applicable_source_reference,not_applicable_source_reference,False,10,raw,8160,8160,,raw,0,0,10,3,0,70,16,6,7499286051612eaf98754a8df7feb89ab45caa56d3875fd33c271d7e03e8de6c,0,8160,1020,0,False
TOKEN-CHANNEL-EFFICIENCY-20260923/source,development,n03220513/ILSVRC2012_val_00006359_n03220513,49,6c47747b22fef34c608caa6ff8c1bf614884668716eea442f2a7c7c6ba1256cf,not_applicable_source_reference,not_applicable_source_reference,False,10,arithmetic,5965,5965,5965,arithmetic,5,0,10,3,13,96,16,6,8a712f9d19e1b94f3bc177a13d3a9f988d11250cdd999030f95c982a4ff0ab28,30,5965,746,3,False
TOKEN-CHANNEL-EFFICIENCY-20260923/source,development,n03372029/ILSVRC2012_val_00034937_n03372029,50,65b3cd96fc2b315ee48cdd65d9b09dd8138ccdc48fae27960eca02056c707408,not_applicable_source_reference,not_applicable_source_reference,False,6,raw,1092,1092,,raw,0,0,10,3,0,70,16,6,a8f88f8e95a84254844d015cb2e27d8964c527ab4ad0aec312db7f15a340438c,0,1092,137,4,False
TOKEN-CHANNEL-EFFICIENCY-20260923/source,development,n03372029/ILSVRC2012_val_00034937_n03372029,50,65b3cd96fc2b315ee48cdd65d9b09dd8138ccdc48fae27960eca02056c707408,not_applicable_source_reference,not_applicable_source_reference,False,6,arithmetic,975,975,975,arithmetic,4,0,10,3,13,96,16,6,b3bcfa22147945c3c89456b57f3552593761ba7161e59570b0315a631fa608ba,30,975,122,1,False
TOKEN-CHANNEL-EFFICIENCY-20260923/source,development,n03372029/ILSVRC2012_val_00034937_n03372029,50,65b3cd96fc2b315ee48cdd65d9b09dd8138ccdc48fae27960eca02056c707408,not_applicable_source_reference,not_applicable_source_reference,False,7,raw,1860,1860,,raw,0,0,10,3,0,70,16,6,ceaaf190fc301f2466ff9114c51ca740eb55eaf2a73aec185b55fab07dba42d3,0,1860,233,4,False
TOKEN-CHANNEL-EFFICIENCY-20260923/source,development,n03372029/ILSVRC2012_val_00034937_n03372029,50,65b3cd96fc2b315ee48cdd65d9b09dd8138ccdc48fae27960eca02056c707408,not_applicable_source_reference,not_applicable_source_reference,False,7,arithmetic,1614,1614,1614,arithmetic,2,0,10,3,13,96,16,6,53ba61005d96f0d1c8ec924b03f715dc0c04ab5bbe1d78e8d5cceaa13372937e,30,1614,202,2,False
TOKEN-CHANNEL-EFFICIENCY-20260923/source,development,n03372029/ILSVRC2012_val_00034937_n03372029,50,65b3cd96fc2b315ee48cdd65d9b09dd8138ccdc48fae27960eca02056c707408,not_applicable_source_reference,not_applicable_source_reference,False,8,raw,3060,3060,,raw,0,0,10,3,0,70,16,6,568295fb405b62d4cacab41d3f0fc17a03e445719f1b6694b996a0fab309535b,0,3060,383,4,False
TOKEN-CHANNEL-EFFICIENCY-20260923/source,development,n03372029/ILSVRC2012_val_00034937_n03372029,50,65b3cd96fc2b315ee48cdd65d9b09dd8138ccdc48fae27960eca02056c707408,not_applicable_source_reference,not_applicable_source_reference,False,8,arithmetic,2595,2595,2595,arithmetic,2,0,10,3,13,96,16,6,4bcf828568726e95733f1097f54eb8574be89a772a37f62c8fb9d0099a0ed978,30,2595,325,5,False
TOKEN-CHANNEL-EFFICIENCY-20260923/source,development,n03372029/ILSVRC2012_val_00034937_n03372029,50,65b3cd96fc2b315ee48cdd65d9b09dd8138ccdc48fae27960eca02056c707408,not_applicable_source_reference,not_applicable_source_reference,False,9,raw,5088,5088,,raw,0,0,10,3,0,70,16,6,e4d62360195bd4a022383e6eeaf192be50d286a44b8ba612f0bf30df5710dfaa,0,5088,636,0,False
TOKEN-CHANNEL-EFFICIENCY-20260923/source,development,n03372029/ILSVRC2012_val_00034937_n03372029,50,65b3cd96fc2b315ee48cdd65d9b09dd8138ccdc48fae27960eca02056c707408,not_applicable_source_reference,not_applicable_source_reference,False,9,arithmetic,4143,4143,4143,arithmetic,2,0,10,3,13,96,16,6,983c2114e84eb66094d0530fce44c16d02bfbe5782bde9b87ddf7ac054e7ddfa,30,4143,518,1,False
TOKEN-CHANNEL-EFFICIENCY-20260923/source,development,n03372029/ILSVRC2012_val_00034937_n03372029,50,65b3cd96fc2b315ee48cdd65d9b09dd8138ccdc48fae27960eca02056c707408,not_applicable_source_reference,not_applicable_source_reference,False,10,raw,8160,8160,,raw,0,0,10,3,0,70,16,6,ef3e163a396bbbc118be2a6e4abbf5b912be5bbc2160a02aff532fca760250e9,0,8160,1020,0,False
TOKEN-CHANNEL-EFFICIENCY-20260923/source,development,n03372029/ILSVRC2012_val_00034937_n03372029,50,65b3cd96fc2b315ee48cdd65d9b09dd8138ccdc48fae27960eca02056c707408,not_applicable_source_reference,not_applicable_source_reference,False,10,arithmetic,5931,5931,5931,arithmetic,3,0,10,3,13,96,16,6,b46fcf3c82ed6dd0d31a7afa9d80c4a82e7abd1fb76dd634514536f7f3e83b04,30,5931,742,5,False
TOKEN-CHANNEL-EFFICIENCY-20260923/source,development,n03388549/ILSVRC2012_val_00022928_n03388549,51,2eb9a156db0d46e65186b4aefc4fe0099a6ec0a60280cc661bd37e4b238fbb39,not_applicable_source_reference,not_applicable_source_reference,False,6,raw,1092,1092,,raw,0,0,10,3,0,70,16,6,d9a9687956466c0a7d54aa4b112a37ab59c28508bc2e3c32333732dc80110674,0,1092,137,4,False
TOKEN-CHANNEL-EFFICIENCY-20260923/source,development,n03388549/ILSVRC2012_val_00022928_n03388549,51,2eb9a156db0d46e65186b4aefc4fe0099a6ec0a60280cc661bd37e4b238fbb39,not_applicable_source_reference,not_applicable_source_reference,False,6,arithmetic,926,926,926,arithmetic,2,0,10,3,13,96,16,6,02072d98a929d1387570e23f11e272a019418c2ea0e1c08fe37702cb6724e7c5,30,926,116,2,False
TOKEN-CHANNEL-EFFICIENCY-20260923/source,development,n03388549/ILSVRC2012_val_00022928_n03388549,51,2eb9a156db0d46e65186b4aefc4fe0099a6ec0a60280cc661bd37e4b238fbb39,not_applicable_source_reference,not_applicable_source_reference,False,7,raw,1860,1860,,raw,0,0,10,3,0,70,16,6,f558c553282cac18cf0ce730aa055a86bf27625cf5948b32e67e5af0ca48c188,0,1860,233,4,False
TOKEN-CHANNEL-EFFICIENCY-20260923/source,development,n03388549/ILSVRC2012_val_00022928_n03388549,51,2eb9a156db0d46e65186b4aefc4fe0099a6ec0a60280cc661bd37e4b238fbb39,not_applicable_source_reference,not_applicable_source_reference,False,7,arithmetic,1590,1590,1590,arithmetic,3,0,10,3,13,96,16,6,9dd340102b1a87c602c350a74484606fe22bbbc3e573f9b006556b4bf6671c9c,30,1590,199,2,False
TOKEN-CHANNEL-EFFICIENCY-20260923/source,development,n03388549/ILSVRC2012_val_00022928_n03388549,51,2eb9a156db0d46e65186b4aefc4fe0099a6ec0a60280cc661bd37e4b238fbb39,not_applicable_source_reference,not_applicable_source_reference,False,8,raw,3060,3060,,raw,0,0,10,3,0,70,16,6,1462d23019a62f5608f339f22fda283324c640abe333ed779588e93a3533161d,0,3060,383,4,False
TOKEN-CHANNEL-EFFICIENCY-20260923/source,development,n03388549/ILSVRC2012_val_00022928_n03388549,51,2eb9a156db0d46e65186b4aefc4fe0099a6ec0a60280cc661bd37e4b238fbb39,not_applicable_source_reference,not_applicable_source_reference,False,8,arithmetic,2524,2524,2524,arithmetic,5,0,10,3,13,96,16,6,bd59c5e486608e4d026ddc49d6e9b53cbc6cf96e146222f52f701f98f3212c3f,30,2524,316,4,False
TOKEN-CHANNEL-EFFICIENCY-20260923/source,development,n03388549/ILSVRC2012_val_00022928_n03388549,51,2eb9a156db0d46e65186b4aefc4fe0099a6ec0a60280cc661bd37e4b238fbb39,not_applicable_source_reference,not_applicable_source_reference,False,9,raw,5088,5088,,raw,0,0,10,3,0,70,16,6,57b1bff76771aab5fe499c7fc06bae15ea660e1cd4bc5888d14ca7bdd1213014,0,5088,636,0,False
TOKEN-CHANNEL-EFFICIENCY-20260923/source,development,n03388549/ILSVRC2012_val_00022928_n03388549,51,2eb9a156db0d46e65186b4aefc4fe0099a6ec0a60280cc661bd37e4b238fbb39,not_applicable_source_reference,not_applicable_source_reference,False,9,arithmetic,4028,4028,4028,arithmetic,3,0,10,3,13,96,16,6,0fd882077f848469192f72be07e14002925a93a1dfcf671d12e92ee9642ba7a0,30,4028,504,4,False
TOKEN-CHANNEL-EFFICIENCY-20260923/source,development,n03388549/ILSVRC2012_val_00022928_n03388549,51,2eb9a156db0d46e65186b4aefc4fe0099a6ec0a60280cc661bd37e4b238fbb39,not_applicable_source_reference,not_applicable_source_reference,False,10,raw,8160,8160,,raw,0,0,10,3,0,70,16,6,35ddd571dde62c1c6a281df95fa0c0b5525acdceea311295f182931251a207e9,0,8160,1020,0,False
TOKEN-CHANNEL-EFFICIENCY-20260923/source,development,n03388549/ILSVRC2012_val_00022928_n03388549,51,2eb9a156db0d46e65186b4aefc4fe0099a6ec0a60280cc661bd37e4b238fbb39,not_applicable_source_reference,not_applicable_source_reference,False,10,arithmetic,5966,5966,5966,arithmetic,4,0,10,3,13,96,16,6,1c3213dc761bbe4be8df98eeef7aefd19c53080a29e46300219e82ecda14a0e0,30,5966,746,2,False
TOKEN-CHANNEL-EFFICIENCY-20260923/source,development,n03424325/ILSVRC2012_val_00006147_n03424325,52,20025cb5e1981e398a9afa6ccd1d1d2b846a627f61e99a50c1eb2f7116615db9,not_applicable_source_reference,not_applicable_source_reference,False,6,raw,1092,1092,,raw,0,0,10,3,0,70,16,6,786f8899f2957be1e7332d06c1d9bef8aa96063035c8110fd7e6aff7f4290454,0,1092,137,4,False
TOKEN-CHANNEL-EFFICIENCY-20260923/source,development,n03424325/ILSVRC2012_val_00006147_n03424325,52,20025cb5e1981e398a9afa6ccd1d1d2b846a627f61e99a50c1eb2f7116615db9,not_applicable_source_reference,not_applicable_source_reference,False,6,arithmetic,866,866,866,arithmetic,2,0,10,3,13,96,16,6,fc6502a045690fa3d6e35b0d3fb3c1232532038f43ec9e7eafa4df94c3230b51,30,866,109,6,False
TOKEN-CHANNEL-EFFICIENCY-20260923/source,development,n03424325/ILSVRC2012_val_00006147_n03424325,52,20025cb5e1981e398a9afa6ccd1d1d2b846a627f61e99a50c1eb2f7116615db9,not_applicable_source_reference,not_applicable_source_reference,False,7,raw,1860,1860,,raw,0,0,10,3,0,70,16,6,c4a8c5674d7b7879d0ef278a3b9cead283b6a16581d7b67812509a3648052300,0,1860,233,4,False
TOKEN-CHANNEL-EFFICIENCY-20260923/source,development,n03424325/ILSVRC2012_val_00006147_n03424325,52,20025cb5e1981e398a9afa6ccd1d1d2b846a627f61e99a50c1eb2f7116615db9,not_applicable_source_reference,not_applicable_source_reference,False,7,arithmetic,1471,1471,1471,arithmetic,2,0,10,3,13,96,16,6,4072cfff74901d95dbbd039b6d22b70cc82a3c1ab70653011dcb23620943e98d,30,1471,184,1,False
TOKEN-CHANNEL-EFFICIENCY-20260923/source,development,n03424325/ILSVRC2012_val_00006147_n03424325,52,20025cb5e1981e398a9afa6ccd1d1d2b846a627f61e99a50c1eb2f7116615db9,not_applicable_source_reference,not_applicable_source_reference,False,8,raw,3060,3060,,raw,0,0,10,3,0,70,16,6,bce069b3aaddb569b6edae8e88bbe7a8cc823309cf830ec64d0b15dc29a51a60,0,3060,383,4,False
TOKEN-CHANNEL-EFFICIENCY-20260923/source,development,n03424325/ILSVRC2012_val_00006147_n03424325,52,20025cb5e1981e398a9afa6ccd1d1d2b846a627f61e99a50c1eb2f7116615db9,not_applicable_source_reference,not_applicable_source_reference,False,8,arithmetic,2341,2341,2341,arithmetic,2,0,10,3,13,96,16,6,89c6473016ad01559d9167051a78c95e306b084f86cec781a6be22076de0f537,30,2341,293,3,False
TOKEN-CHANNEL-EFFICIENCY-20260923/source,development,n03424325/ILSVRC2012_val_00006147_n03424325,52,20025cb5e1981e398a9afa6ccd1d1d2b846a627f61e99a50c1eb2f7116615db9,not_applicable_source_reference,not_applicable_source_reference,False,9,raw,5088,5088,,raw,0,0,10,3,0,70,16,6,7953f21384d5771b2ec1427e14bfc352ab48786f92d7d6551e1999646cc5440b,0,5088,636,0,False
TOKEN-CHANNEL-EFFICIENCY-20260923/source,development,n03424325/ILSVRC2012_val_00006147_n03424325,52,20025cb5e1981e398a9afa6ccd1d1d2b846a627f61e99a50c1eb2f7116615db9,not_applicable_source_reference,not_applicable_source_reference,False,9,arithmetic,3697,3697,3697,arithmetic,2,0,10,3,13,96,16,6,d66d10b7c92ea6fa3abc7d1bef6d5b4f47f035a6068335649f3c45ac3e297cdf,30,3697,463,7,False
TOKEN-CHANNEL-EFFICIENCY-20260923/source,development,n03424325/ILSVRC2012_val_00006147_n03424325,52,20025cb5e1981e398a9afa6ccd1d1d2b846a627f61e99a50c1eb2f7116615db9,not_applicable_source_reference,not_applicable_source_reference,False,10,raw,8160,8160,,raw,0,0,10,3,0,70,16,6,65b798c6c1eed1c3efccb1ff2dad7842297c27ba839c99f36421673d31b45b5b,0,8160,1020,0,False
TOKEN-CHANNEL-EFFICIENCY-20260923/source,development,n03424325/ILSVRC2012_val_00006147_n03424325,52,20025cb5e1981e398a9afa6ccd1d1d2b846a627f61e99a50c1eb2f7116615db9,not_applicable_source_reference,not_applicable_source_reference,False,10,arithmetic,5441,5441,5441,arithmetic,2,0,10,3,13,96,16,6,04e1a6280c93f8333c5951f280e3f1f34b87f891a1c526604ed9ae672ec5ae6a,30,5441,681,7,False
TOKEN-CHANNEL-EFFICIENCY-20260923/source,development,n03447721/ILSVRC2012_val_00006942_n03447721,53,a028f47aa5cd8b04454d26b7c2fbca3a7259b6d3d2c712bdb3164717eb7b7d11,not_applicable_source_reference,not_applicable_source_reference,False,6,raw,1092,1092,,raw,0,0,10,3,0,70,16,6,c33b20ca19fdef0f3cbfef493172c8982e4d2a7d25e9a7478a5517b0e638a3ff,0,1092,137,4,False
TOKEN-CHANNEL-EFFICIENCY-20260923/source,development,n03447721/ILSVRC2012_val_00006942_n03447721,53,a028f47aa5cd8b04454d26b7c2fbca3a7259b6d3d2c712bdb3164717eb7b7d11,not_applicable_source_reference,not_applicable_source_reference,False,6,arithmetic,1017,1017,1017,arithmetic,3,0,10,3,13,96,16,6,172ea499adb2ddc158ecabdce163bfebdce3eb4e1a979fc1e8cf68ebf5877ec7,30,1017,128,7,False
TOKEN-CHANNEL-EFFICIENCY-20260923/source,development,n03447721/ILSVRC2012_val_00006942_n03447721,53,a028f47aa5cd8b04454d26b7c2fbca3a7259b6d3d2c712bdb3164717eb7b7d11,not_applicable_source_reference,not_applicable_source_reference,False,7,raw,1860,1860,,raw,0,0,10,3,0,70,16,6,6efceabac09ffa7365c9b6177fe2302c71f75b4aba02e4fbfd804733257a6a89,0,1860,233,4,False
TOKEN-CHANNEL-EFFICIENCY-20260923/source,development,n03447721/ILSVRC2012_val_00006942_n03447721,53,a028f47aa5cd8b04454d26b7c2fbca3a7259b6d3d2c712bdb3164717eb7b7d11,not_applicable_source_reference,not_applicable_source_reference,False,7,arithmetic,1704,1704,1704,arithmetic,3,0,10,3,13,96,16,6,99c08615376895e737c145c7123f6ff8a87cd04efa3b85c76e22827aa84e4b3b,30,1704,213,0,False
TOKEN-CHANNEL-EFFICIENCY-20260923/source,development,n03447721/ILSVRC2012_val_00006942_n03447721,53,a028f47aa5cd8b04454d26b7c2fbca3a7259b6d3d2c712bdb3164717eb7b7d11,not_applicable_source_reference,not_applicable_source_reference,False,8,raw,3060,3060,,raw,0,0,10,3,0,70,16,6,2e6c1b0bcfdf9f1f4b42b3a96eb5aeee954f09698e0d1200c40ebfdc0cdb0825,0,3060,383,4,False
TOKEN-CHANNEL-EFFICIENCY-20260923/source,development,n03447721/ILSVRC2012_val_00006942_n03447721,53,a028f47aa5cd8b04454d26b7c2fbca3a7259b6d3d2c712bdb3164717eb7b7d11,not_applicable_source_reference,not_applicable_source_reference,False,8,arithmetic,2700,2700,2700,arithmetic,3,0,10,3,13,96,16,6,2b68acbecb2345bb5c4425517e43c5caa0bb7ff62e051345d8892bb179daa89e,30,2700,338,4,False
TOKEN-CHANNEL-EFFICIENCY-20260923/source,development,n03447721/ILSVRC2012_val_00006942_n03447721,53,a028f47aa5cd8b04454d26b7c2fbca3a7259b6d3d2c712bdb3164717eb7b7d11,not_applicable_source_reference,not_applicable_source_reference,False,9,raw,5088,5088,,raw,0,0,10,3,0,70,16,6,10c2b3ed12fc5015a3502c9c78faa81c5f881675d01739b7adf6f0df8f21bcc1,0,5088,636,0,False
TOKEN-CHANNEL-EFFICIENCY-20260923/source,development,n03447721/ILSVRC2012_val_00006942_n03447721,53,a028f47aa5cd8b04454d26b7c2fbca3a7259b6d3d2c712bdb3164717eb7b7d11,not_applicable_source_reference,not_applicable_source_reference,False,9,arithmetic,4248,4248,4248,arithmetic,3,0,10,3,13,96,16,6,d282f7fee1f2083bd7368563d51700b589966e63fe9fda39435bb46476d20f4f,30,4248,531,0,False
TOKEN-CHANNEL-EFFICIENCY-20260923/source,development,n03447721/ILSVRC2012_val_00006942_n03447721,53,a028f47aa5cd8b04454d26b7c2fbca3a7259b6d3d2c712bdb3164717eb7b7d11,not_applicable_source_reference,not_applicable_source_reference,False,10,raw,8160,8160,,raw,0,0,10,3,0,70,16,6,67740e24ffe9fe46cee9a25378419782e7efffb9f073a771e636f885ca5359dc,0,8160,1020,0,False
TOKEN-CHANNEL-EFFICIENCY-20260923/source,development,n03447721/ILSVRC2012_val_00006942_n03447721,53,a028f47aa5cd8b04454d26b7c2fbca3a7259b6d3d2c712bdb3164717eb7b7d11,not_applicable_source_reference,not_applicable_source_reference,False,10,arithmetic,6111,6111,6111,arithmetic,3,0,10,3,13,96,16,6,dd5ec86ef74c69cedca5d09c2b427c0efa540e7386fba1e8caf5798d546c565a,30,6111,764,1,False
TOKEN-CHANNEL-EFFICIENCY-20260923/source,development,n03485794/ILSVRC2012_val_00010782_n03485794,54,6cb18ac7a6f1c139799a90785b3695b670a64a978aff1ca14d3922f3a55e1bfc,not_applicable_source_reference,not_applicable_source_reference,False,6,raw,1092,1092,,raw,0,0,10,3,0,70,16,6,f70b32ef4c292afc976c753b8c326d4bd1a17cae239294e636a2af3009b9aed5,0,1092,137,4,False
TOKEN-CHANNEL-EFFICIENCY-20260923/source,development,n03485794/ILSVRC2012_val_00010782_n03485794,54,6cb18ac7a6f1c139799a90785b3695b670a64a978aff1ca14d3922f3a55e1bfc,not_applicable_source_reference,not_applicable_source_reference,False,6,arithmetic,889,889,889,arithmetic,2,0,10,3,13,96,16,6,322d3a27748f5a32a0775723897a6816d1ec7618061d174669ce9102f00723c1,30,889,112,7,False
TOKEN-CHANNEL-EFFICIENCY-20260923/source,development,n03485794/ILSVRC2012_val_00010782_n03485794,54,6cb18ac7a6f1c139799a90785b3695b670a64a978aff1ca14d3922f3a55e1bfc,not_applicable_source_reference,not_applicable_source_reference,False,7,raw,1860,1860,,raw,0,0,10,3,0,70,16,6,a24192cab619669172148ed6109e72997572008813ead45f948cbee668833a37,0,1860,233,4,False
TOKEN-CHANNEL-EFFICIENCY-20260923/source,development,n03485794/ILSVRC2012_val_00010782_n03485794,54,6cb18ac7a6f1c139799a90785b3695b670a64a978aff1ca14d3922f3a55e1bfc,not_applicable_source_reference,not_applicable_source_reference,False,7,arithmetic,1543,1543,1543,arithmetic,9,0,10,3,13,96,16,6,68bb1754a1b42bd415760abaf5f8559186ac7e4ef809714b504f1a631e346098,30,1543,193,1,False
TOKEN-CHANNEL-EFFICIENCY-20260923/source,development,n03485794/ILSVRC2012_val_00010782_n03485794,54,6cb18ac7a6f1c139799a90785b3695b670a64a978aff1ca14d3922f3a55e1bfc,not_applicable_source_reference,not_applicable_source_reference,False,8,raw,3060,3060,,raw,0,0,10,3,0,70,16,6,710404bfb62e37f92dd6b9466592fe896a1071f9ca97b1e6e3ccd03eec06fe34,0,3060,383,4,False
TOKEN-CHANNEL-EFFICIENCY-20260923/source,development,n03485794/ILSVRC2012_val_00010782_n03485794,54,6cb18ac7a6f1c139799a90785b3695b670a64a978aff1ca14d3922f3a55e1bfc,not_applicable_source_reference,not_applicable_source_reference,False,8,arithmetic,2511,2511,2511,arithmetic,3,0,10,3,13,96,16,6,82c2efb7c592a1d052029be9abc21945eaf5f2f237558528347eec1781d286bb,30,2511,314,1,False
TOKEN-CHANNEL-EFFICIENCY-20260923/source,development,n03485794/ILSVRC2012_val_00010782_n03485794,54,6cb18ac7a6f1c139799a90785b3695b670a64a978aff1ca14d3922f3a55e1bfc,not_applicable_source_reference,not_applicable_source_reference,False,9,raw,5088,5088,,raw,0,0,10,3,0,70,16,6,c46bd2ad0e60329a5080956cdc972cd24a16b0e5f6a29c61f19bdd0513d31ff8,0,5088,636,0,False
TOKEN-CHANNEL-EFFICIENCY-20260923/source,development,n03485794/ILSVRC2012_val_00010782_n03485794,54,6cb18ac7a6f1c139799a90785b3695b670a64a978aff1ca14d3922f3a55e1bfc,not_applicable_source_reference,not_applicable_source_reference,False,9,arithmetic,4071,4071,4071,arithmetic,2,0,10,3,13,96,16,6,312f4177b8b53ecc4c2d851937b7f4271b67102e5bb49fda606ef5efe2529f38,30,4071,509,1,False
TOKEN-CHANNEL-EFFICIENCY-20260923/source,development,n03485794/ILSVRC2012_val_00010782_n03485794,54,6cb18ac7a6f1c139799a90785b3695b670a64a978aff1ca14d3922f3a55e1bfc,not_applicable_source_reference,not_applicable_source_reference,False,10,raw,8160,8160,,raw,0,0,10,3,0,70,16,6,948ebc994e607dd6859402e15195bbc0a02a145d91643eb49addab73245b9a43,0,8160,1020,0,False
TOKEN-CHANNEL-EFFICIENCY-20260923/source,development,n03485794/ILSVRC2012_val_00010782_n03485794,54,6cb18ac7a6f1c139799a90785b3695b670a64a978aff1ca14d3922f3a55e1bfc,not_applicable_source_reference,not_applicable_source_reference,False,10,arithmetic,6067,6067,6067,arithmetic,4,0,10,3,13,96,16,6,e6eb87c2f93d950ce3ecab97636dfa99eaa8983b80663930b7d7a9458dfc638f,30,6067,759,5,False
TOKEN-CHANNEL-EFFICIENCY-20260923/source,development,n03527444/ILSVRC2012_val_00035251_n03527444,55,fd1996afa6b044e353d02c5d5d9d88bbe67cf8b17860630837a7bf646dd4ad7c,not_applicable_source_reference,not_applicable_source_reference,False,6,raw,1092,1092,,raw,0,0,10,3,0,70,16,6,9c2d80ed2c90a2ea994658442e903bb68b8486963d34c950a22c2c54b8326421,0,1092,137,4,False
TOKEN-CHANNEL-EFFICIENCY-20260923/source,development,n03527444/ILSVRC2012_val_00035251_n03527444,55,fd1996afa6b044e353d02c5d5d9d88bbe67cf8b17860630837a7bf646dd4ad7c,not_applicable_source_reference,not_applicable_source_reference,False,6,arithmetic,847,847,847,arithmetic,5,0,10,3,13,96,16,6,8f67ede2e183315e5a2475f15854d3be233b7d25e8ab45dc9c3f71fb68fec6b6,30,847,106,1,False
TOKEN-CHANNEL-EFFICIENCY-20260923/source,development,n03527444/ILSVRC2012_val_00035251_n03527444,55,fd1996afa6b044e353d02c5d5d9d88bbe67cf8b17860630837a7bf646dd4ad7c,not_applicable_source_reference,not_applicable_source_reference,False,7,raw,1860,1860,,raw,0,0,10,3,0,70,16,6,2558172b2ebbf403ab43578419003ab992469dd6b97c8235d27b155659b8286b,0,1860,233,4,False
TOKEN-CHANNEL-EFFICIENCY-20260923/source,development,n03527444/ILSVRC2012_val_00035251_n03527444,55,fd1996afa6b044e353d02c5d5d9d88bbe67cf8b17860630837a7bf646dd4ad7c,not_applicable_source_reference,not_applicable_source_reference,False,7,arithmetic,1479,1479,1479,arithmetic,3,0,10,3,13,96,16,6,2df24abb050a9d664388dceecba46bae17451ffae52aab1c7c068b3514970c80,30,1479,185,1,False
TOKEN-CHANNEL-EFFICIENCY-20260923/source,development,n03527444/ILSVRC2012_val_00035251_n03527444,55,fd1996afa6b044e353d02c5d5d9d88bbe67cf8b17860630837a7bf646dd4ad7c,not_applicable_source_reference,not_applicable_source_reference,False,8,raw,3060,3060,,raw,0,0,10,3,0,70,16,6,ad72d841d8fa0bfc88eae8ca6db01ff414fed1fbb0fee7c2bff27cdfa0de2ee1,0,3060,383,4,False
TOKEN-CHANNEL-EFFICIENCY-20260923/source,development,n03527444/ILSVRC2012_val_00035251_n03527444,55,fd1996afa6b044e353d02c5d5d9d88bbe67cf8b17860630837a7bf646dd4ad7c,not_applicable_source_reference,not_applicable_source_reference,False,8,arithmetic,2441,2441,2441,arithmetic,2,0,10,3,13,96,16,6,aeee82a03e9f691cb9beda3e8ca7e003629b09001fcc0bacffe45923d294f9a9,30,2441,306,7,False
TOKEN-CHANNEL-EFFICIENCY-20260923/source,development,n03527444/ILSVRC2012_val_00035251_n03527444,55,fd1996afa6b044e353d02c5d5d9d88bbe67cf8b17860630837a7bf646dd4ad7c,not_applicable_source_reference,not_applicable_source_reference,False,9,raw,5088,5088,,raw,0,0,10,3,0,70,16,6,20e2cbc30c25fa783e66ee1bd2efb1d51de9a5741467e32143831b5684296243,0,5088,636,0,False
TOKEN-CHANNEL-EFFICIENCY-20260923/source,development,n03527444/ILSVRC2012_val_00035251_n03527444,55,fd1996afa6b044e353d02c5d5d9d88bbe67cf8b17860630837a7bf646dd4ad7c,not_applicable_source_reference,not_applicable_source_reference,False,9,arithmetic,4010,4010,4010,arithmetic,4,0,10,3,13,96,16,6,3fc52f4aeec9d782d2299376ea6d78bb31b8ddaf809ab959c1bd925caad1ed5f,30,4010,502,6,False
TOKEN-CHANNEL-EFFICIENCY-20260923/source,development,n03527444/ILSVRC2012_val_00035251_n03527444,55,fd1996afa6b044e353d02c5d5d9d88bbe67cf8b17860630837a7bf646dd4ad7c,not_applicable_source_reference,not_applicable_source_reference,False,10,raw,8160,8160,,raw,0,0,10,3,0,70,16,6,c86758eedbf74b9e81f9bfad849de43cbdd0738c228dc6304463f356b995d966,0,8160,1020,0,False
TOKEN-CHANNEL-EFFICIENCY-20260923/source,development,n03527444/ILSVRC2012_val_00035251_n03527444,55,fd1996afa6b044e353d02c5d5d9d88bbe67cf8b17860630837a7bf646dd4ad7c,not_applicable_source_reference,not_applicable_source_reference,False,10,arithmetic,5900,5900,5900,arithmetic,2,0,10,3,13,96,16,6,ab90d5f0ccbbd89975a9e8341b46fbb8e1f05c629ec508df059b7c49b116e742,30,5900,738,4,False
TOKEN-CHANNEL-EFFICIENCY-20260923/source,development,n03584254/ILSVRC2012_val_00016384_n03584254,56,07bcf32feff7608562a15a061ceeeabdd1a360f60464acf875102797b198242b,not_applicable_source_reference,not_applicable_source_reference,False,6,raw,1092,1092,,raw,0,0,10,3,0,70,16,6,f251272bf293ddd72ae74a09397344316ef5b64bcea6665dc9b828f02f04fe91,0,1092,137,4,False
TOKEN-CHANNEL-EFFICIENCY-20260923/source,development,n03584254/ILSVRC2012_val_00016384_n03584254,56,07bcf32feff7608562a15a061ceeeabdd1a360f60464acf875102797b198242b,not_applicable_source_reference,not_applicable_source_reference,False,6,arithmetic,595,595,595,arithmetic,4,0,10,3,13,96,16,6,f26533632c24ce716236d7ad2d203b32455b6237204f386374fe24f57b8ec321,30,595,75,5,False
TOKEN-CHANNEL-EFFICIENCY-20260923/source,development,n03584254/ILSVRC2012_val_00016384_n03584254,56,07bcf32feff7608562a15a061ceeeabdd1a360f60464acf875102797b198242b,not_applicable_source_reference,not_applicable_source_reference,False,7,raw,1860,1860,,raw,0,0,10,3,0,70,16,6,822ce37f65737dffe82eae987a7d5006972e3155f08a83c72d98dd6d6e0afcf5,0,1860,233,4,False
TOKEN-CHANNEL-EFFICIENCY-20260923/source,development,n03584254/ILSVRC2012_val_00016384_n03584254,56,07bcf32feff7608562a15a061ceeeabdd1a360f60464acf875102797b198242b,not_applicable_source_reference,not_applicable_source_reference,False,7,arithmetic,1047,1047,1047,arithmetic,3,0,10,3,13,96,16,6,6eeb10791e6abef4e1e151129cb391e1ce7ca790a22ff546438027dfe381a8dd,30,1047,131,1,False
TOKEN-CHANNEL-EFFICIENCY-20260923/source,development,n03584254/ILSVRC2012_val_00016384_n03584254,56,07bcf32feff7608562a15a061ceeeabdd1a360f60464acf875102797b198242b,not_applicable_source_reference,not_applicable_source_reference,False,8,raw,3060,3060,,raw,0,0,10,3,0,70,16,6,267e7fb04348ae5cfaa20dedb6d8a63bce2499f63d70be7f15c3decfec248d88,0,3060,383,4,False
TOKEN-CHANNEL-EFFICIENCY-20260923/source,development,n03584254/ILSVRC2012_val_00016384_n03584254,56,07bcf32feff7608562a15a061ceeeabdd1a360f60464acf875102797b198242b,not_applicable_source_reference,not_applicable_source_reference,False,8,arithmetic,1489,1489,1489,arithmetic,3,0,10,3,13,96,16,6,793ebe289ca0adb10a91e74ff8331f9f0deaa5634792fc9b5caa189eb8c2cc36,30,1489,187,7,False
TOKEN-CHANNEL-EFFICIENCY-20260923/source,development,n03584254/ILSVRC2012_val_00016384_n03584254,56,07bcf32feff7608562a15a061ceeeabdd1a360f60464acf875102797b198242b,not_applicable_source_reference,not_applicable_source_reference,False,9,raw,5088,5088,,raw,0,0,10,3,0,70,16,6,2231b63046f40cec4f043f13795b6cc2d7d1386600fb54fea8e7a13819e75a43,0,5088,636,0,False
TOKEN-CHANNEL-EFFICIENCY-20260923/source,development,n03584254/ILSVRC2012_val_00016384_n03584254,56,07bcf32feff7608562a15a061ceeeabdd1a360f60464acf875102797b198242b,not_applicable_source_reference,not_applicable_source_reference,False,9,arithmetic,2236,2236,2236,arithmetic,3,0,10,3,13,96,16,6,d675d3e5cb2be3f83914a0b2a819dec4f4297ec0726805bb6dfdefbfb683e938,30,2236,280,4,False
TOKEN-CHANNEL-EFFICIENCY-20260923/source,development,n03584254/ILSVRC2012_val_00016384_n03584254,56,07bcf32feff7608562a15a061ceeeabdd1a360f60464acf875102797b198242b,not_applicable_source_reference,not_applicable_source_reference,False,10,raw,8160,8160,,raw,0,0,10,3,0,70,16,6,c1b8f5e0c1fc6e27b11244e581f02347283cb5c028613b9deca65883f9648a20,0,8160,1020,0,False
TOKEN-CHANNEL-EFFICIENCY-20260923/source,development,n03584254/ILSVRC2012_val_00016384_n03584254,56,07bcf32feff7608562a15a061ceeeabdd1a360f60464acf875102797b198242b,not_applicable_source_reference,not_applicable_source_reference,False,10,arithmetic,3647,3647,3647,arithmetic,4,0,10,3,13,96,16,6,725fa8992a40839f065f0a48f0a8841e2c46abeb742767f4974c3c83074e55c5,30,3647,456,1,False
TOKEN-CHANNEL-EFFICIENCY-20260923/source,development,n03623198/ILSVRC2012_val_00019928_n03623198,57,81d6a474eecb501903c3e94b06b8e249955cf4c113fd1da261dc132ce386fecc,not_applicable_source_reference,not_applicable_source_reference,False,6,raw,1092,1092,,raw,0,0,10,3,0,70,16,6,ff8be635171eed7c015051bc212cf1f2010044ea7c4b37f5f057ef8800b88d61,0,1092,137,4,False
TOKEN-CHANNEL-EFFICIENCY-20260923/source,development,n03623198/ILSVRC2012_val_00019928_n03623198,57,81d6a474eecb501903c3e94b06b8e249955cf4c113fd1da261dc132ce386fecc,not_applicable_source_reference,not_applicable_source_reference,False,6,arithmetic,636,636,636,arithmetic,2,0,10,3,13,96,16,6,1b72045ba91c4192e2902097a3b7611c068f2351ee9bb0cd16f94832e28b6953,30,636,80,4,False
TOKEN-CHANNEL-EFFICIENCY-20260923/source,development,n03623198/ILSVRC2012_val_00019928_n03623198,57,81d6a474eecb501903c3e94b06b8e249955cf4c113fd1da261dc132ce386fecc,not_applicable_source_reference,not_applicable_source_reference,False,7,raw,1860,1860,,raw,0,0,10,3,0,70,16,6,45949bc23f3f6712c78d8c306d6f9e26f780c12e740968f4d62dea7fcdb356dc,0,1860,233,4,False
TOKEN-CHANNEL-EFFICIENCY-20260923/source,development,n03623198/ILSVRC2012_val_00019928_n03623198,57,81d6a474eecb501903c3e94b06b8e249955cf4c113fd1da261dc132ce386fecc,not_applicable_source_reference,not_applicable_source_reference,False,7,arithmetic,1168,1168,1168,arithmetic,3,0,10,3,13,96,16,6,f96cef56c225b18c19e71738bccbe33f822b09d702851e892ef9cb64a7d1facf,30,1168,146,0,False
TOKEN-CHANNEL-EFFICIENCY-20260923/source,development,n03623198/ILSVRC2012_val_00019928_n03623198,57,81d6a474eecb501903c3e94b06b8e249955cf4c113fd1da261dc132ce386fecc,not_applicable_source_reference,not_applicable_source_reference,False,8,raw,3060,3060,,raw,0,0,10,3,0,70,16,6,001663179653efedbc07c920b6626811afb9db1783e48939510645567124dba8,0,3060,383,4,False
TOKEN-CHANNEL-EFFICIENCY-20260923/source,development,n03623198/ILSVRC2012_val_00019928_n03623198,57,81d6a474eecb501903c3e94b06b8e249955cf4c113fd1da261dc132ce386fecc,not_applicable_source_reference,not_applicable_source_reference,False,8,arithmetic,1771,1771,1771,arithmetic,3,0,10,3,13,96,16,6,6cbdac2e19de27214f3f9fd9a1543ff9638dfd6a794f398d4b95782af8e0bac7,30,1771,222,5,False
TOKEN-CHANNEL-EFFICIENCY-20260923/source,development,n03623198/ILSVRC2012_val_00019928_n03623198,57,81d6a474eecb501903c3e94b06b8e249955cf4c113fd1da261dc132ce386fecc,not_applicable_source_reference,not_applicable_source_reference,False,9,raw,5088,5088,,raw,0,0,10,3,0,70,16,6,299f75c8864e4bd904ff7c4b7e90a09e2f107c04c45b0480271b1bd9dabb2073,0,5088,636,0,False
TOKEN-CHANNEL-EFFICIENCY-20260923/source,development,n03623198/ILSVRC2012_val_00019928_n03623198,57,81d6a474eecb501903c3e94b06b8e249955cf4c113fd1da261dc132ce386fecc,not_applicable_source_reference,not_applicable_source_reference,False,9,arithmetic,2752,2752,2752,arithmetic,2,0,10,3,13,96,16,6,bc72df996d750299e6b34a7a973d2c647e4d780423f0d7b6a5cfe2b747a47404,30,2752,344,0,False
TOKEN-CHANNEL-EFFICIENCY-20260923/source,development,n03623198/ILSVRC2012_val_00019928_n03623198,57,81d6a474eecb501903c3e94b06b8e249955cf4c113fd1da261dc132ce386fecc,not_applicable_source_reference,not_applicable_source_reference,False,10,raw,8160,8160,,raw,0,0,10,3,0,70,16,6,47b1c2bfb862ae36e97655efd6f8e3f1bfdc58f24916aed62193ddbea06c9ccc,0,8160,1020,0,False
TOKEN-CHANNEL-EFFICIENCY-20260923/source,development,n03623198/ILSVRC2012_val_00019928_n03623198,57,81d6a474eecb501903c3e94b06b8e249955cf4c113fd1da261dc132ce386fecc,not_applicable_source_reference,not_applicable_source_reference,False,10,arithmetic,4266,4266,4266,arithmetic,3,0,10,3,13,96,16,6,7d2ea5944572dfb34d74be9ea762450e9db1e89ac5d5c5dbb848f4a3dcb61fbb,30,4266,534,6,False
TOKEN-CHANNEL-EFFICIENCY-20260923/source,development,n03657121/ILSVRC2012_val_00000359_n03657121,58,a3f1ce0a0a826b7e4bf7f9376a96bedfadf32990d1e0e44b5346a70442b58586,not_applicable_source_reference,not_applicable_source_reference,False,6,raw,1092,1092,,raw,0,0,10,3,0,70,16,6,7d94d228702a9e65b714edda66868c71904219cc4b274222921cc4a93d406bc5,0,1092,137,4,False
TOKEN-CHANNEL-EFFICIENCY-20260923/source,development,n03657121/ILSVRC2012_val_00000359_n03657121,58,a3f1ce0a0a826b7e4bf7f9376a96bedfadf32990d1e0e44b5346a70442b58586,not_applicable_source_reference,not_applicable_source_reference,False,6,arithmetic,640,640,640,arithmetic,2,0,10,3,13,96,16,6,b3b64d90bc266c5d51c41fc38cb631be5500c931e438f8c672af6188ef9612c8,30,640,80,0,False
TOKEN-CHANNEL-EFFICIENCY-20260923/source,development,n03657121/ILSVRC2012_val_00000359_n03657121,58,a3f1ce0a0a826b7e4bf7f9376a96bedfadf32990d1e0e44b5346a70442b58586,not_applicable_source_reference,not_applicable_source_reference,False,7,raw,1860,1860,,raw,0,0,10,3,0,70,16,6,6544adf04d1c6920c95b9a725f6c770b51a952427cfe72078842160689b3b624,0,1860,233,4,False
TOKEN-CHANNEL-EFFICIENCY-20260923/source,development,n03657121/ILSVRC2012_val_00000359_n03657121,58,a3f1ce0a0a826b7e4bf7f9376a96bedfadf32990d1e0e44b5346a70442b58586,not_applicable_source_reference,not_applicable_source_reference,False,7,arithmetic,1117,1117,1117,arithmetic,2,0,10,3,13,96,16,6,bfa194873e793cb8b201965612a768362f9e33c08efea46750bb2cc2b58145e9,30,1117,140,3,False
TOKEN-CHANNEL-EFFICIENCY-20260923/source,development,n03657121/ILSVRC2012_val_00000359_n03657121,58,a3f1ce0a0a826b7e4bf7f9376a96bedfadf32990d1e0e44b5346a70442b58586,not_applicable_source_reference,not_applicable_source_reference,False,8,raw,3060,3060,,raw,0,0,10,3,0,70,16,6,058164f8a6554a76156fe9f2f074ce2426ed6beecde26ba2383c6b9e5b795cb2,0,3060,383,4,False
TOKEN-CHANNEL-EFFICIENCY-20260923/source,development,n03657121/ILSVRC2012_val_00000359_n03657121,58,a3f1ce0a0a826b7e4bf7f9376a96bedfadf32990d1e0e44b5346a70442b58586,not_applicable_source_reference,not_applicable_source_reference,False,8,arithmetic,1617,1617,1617,arithmetic,2,0,10,3,13,96,16,6,40993d0693f8358b25e7a8067b79c9a97cd1e298b53c326d5abb7a04e79936ab,30,1617,203,7,False
TOKEN-CHANNEL-EFFICIENCY-20260923/source,development,n03657121/ILSVRC2012_val_00000359_n03657121,58,a3f1ce0a0a826b7e4bf7f9376a96bedfadf32990d1e0e44b5346a70442b58586,not_applicable_source_reference,not_applicable_source_reference,False,9,raw,5088,5088,,raw,0,0,10,3,0,70,16,6,347bb88f6550cb8c2a86be9944ffe772858ea1412f3ed025935a01d34d838af9,0,5088,636,0,False
TOKEN-CHANNEL-EFFICIENCY-20260923/source,development,n03657121/ILSVRC2012_val_00000359_n03657121,58,a3f1ce0a0a826b7e4bf7f9376a96bedfadf32990d1e0e44b5346a70442b58586,not_applicable_source_reference,not_applicable_source_reference,False,9,arithmetic,2503,2503,2503,arithmetic,3,0,10,3,13,96,16,6,6e17704a43034121e2cde26a62d182c1bf842ec67862ee5db8740d6d667c2a45,30,2503,313,1,False
TOKEN-CHANNEL-EFFICIENCY-20260923/source,development,n03657121/ILSVRC2012_val_00000359_n03657121,58,a3f1ce0a0a826b7e4bf7f9376a96bedfadf32990d1e0e44b5346a70442b58586,not_applicable_source_reference,not_applicable_source_reference,False,10,raw,8160,8160,,raw,0,0,10,3,0,70,16,6,aacfa720a7221ef0a9ad9d935677130af24c67145ee9b96314ecc6354a50a761,0,8160,1020,0,False
TOKEN-CHANNEL-EFFICIENCY-20260923/source,development,n03657121/ILSVRC2012_val_00000359_n03657121,58,a3f1ce0a0a826b7e4bf7f9376a96bedfadf32990d1e0e44b5346a70442b58586,not_applicable_source_reference,not_applicable_source_reference,False,10,arithmetic,3976,3976,3976,arithmetic,2,0,10,3,13,96,16,6,5df73067bf194c8248818e717f55e037828115c887b677e3689d8823f5d99652,30,3976,497,0,False
TOKEN-CHANNEL-EFFICIENCY-20260923/source,development,n03706229/ILSVRC2012_val_00017460_n03706229,59,8e3b858b0513ad838965208bb580abe8a508cb57740c0505ccbc8cf050b0c838,not_applicable_source_reference,not_applicable_source_reference,False,6,raw,1092,1092,,raw,0,0,10,3,0,70,16,6,7272c69a2bdb962440b153b37eebf5b6eae79f0f3b5b7483afc0f91515e17026,0,1092,137,4,False
TOKEN-CHANNEL-EFFICIENCY-20260923/source,development,n03706229/ILSVRC2012_val_00017460_n03706229,59,8e3b858b0513ad838965208bb580abe8a508cb57740c0505ccbc8cf050b0c838,not_applicable_source_reference,not_applicable_source_reference,False,6,arithmetic,800,800,800,arithmetic,3,0,10,3,13,96,16,6,fc9bba6064d8c7ab8acca4f4ceb499d23606921478d4bb56c4cc62ac99445ea9,30,800,100,0,False
TOKEN-CHANNEL-EFFICIENCY-20260923/source,development,n03706229/ILSVRC2012_val_00017460_n03706229,59,8e3b858b0513ad838965208bb580abe8a508cb57740c0505ccbc8cf050b0c838,not_applicable_source_reference,not_applicable_source_reference,False,7,raw,1860,1860,,raw,0,0,10,3,0,70,16,6,f479c4e492dbc4d72fd214211f8cdf91d2c2bc62aec240331a60993d50127d48,0,1860,233,4,False
TOKEN-CHANNEL-EFFICIENCY-20260923/source,development,n03706229/ILSVRC2012_val_00017460_n03706229,59,8e3b858b0513ad838965208bb580abe8a508cb57740c0505ccbc8cf050b0c838,not_applicable_source_reference,not_applicable_source_reference,False,7,arithmetic,1369,1369,1369,arithmetic,5,0,10,3,13,96,16,6,588e59bd5229d0fab9efda5f41d3f49543a5373e0e68460b8816346769a25369,30,1369,172,7,False
TOKEN-CHANNEL-EFFICIENCY-20260923/source,development,n03706229/ILSVRC2012_val_00017460_n03706229,59,8e3b858b0513ad838965208bb580abe8a508cb57740c0505ccbc8cf050b0c838,not_applicable_source_reference,not_applicable_source_reference,False,8,raw,3060,3060,,raw,0,0,10,3,0,70,16,6,bf5c6b87b873b42d57e3fb0811d597537074ac91425eef6e4fd75070300ca24c,0,3060,383,4,False
TOKEN-CHANNEL-EFFICIENCY-20260923/source,development,n03706229/ILSVRC2012_val_00017460_n03706229,59,8e3b858b0513ad838965208bb580abe8a508cb57740c0505ccbc8cf050b0c838,not_applicable_source_reference,not_applicable_source_reference,False,8,arithmetic,2057,2057,2057,arithmetic,2,0,10,3,13,96,16,6,0d640651dfa0e01b8dcd3263c8dda205dca0fd1c8a7307c77fe6af6c86ea6b6b,30,2057,258,7,False
TOKEN-CHANNEL-EFFICIENCY-20260923/source,development,n03706229/ILSVRC2012_val_00017460_n03706229,59,8e3b858b0513ad838965208bb580abe8a508cb57740c0505ccbc8cf050b0c838,not_applicable_source_reference,not_applicable_source_reference,False,9,raw,5088,5088,,raw,0,0,10,3,0,70,16,6,0c7bc5c8fdb79883d0ac7b716ae3de7533103c66310e9d40db8a14f116b4a0d2,0,5088,636,0,False
TOKEN-CHANNEL-EFFICIENCY-20260923/source,development,n03706229/ILSVRC2012_val_00017460_n03706229,59,8e3b858b0513ad838965208bb580abe8a508cb57740c0505ccbc8cf050b0c838,not_applicable_source_reference,not_applicable_source_reference,False,9,arithmetic,3188,3188,3188,arithmetic,3,0,10,3,13,96,16,6,d57d7dc4799d32526576fb933d2c752f893462ca4f9781dade7d7c242ca0ec7e,30,3188,399,4,False
TOKEN-CHANNEL-EFFICIENCY-20260923/source,development,n03706229/ILSVRC2012_val_00017460_n03706229,59,8e3b858b0513ad838965208bb580abe8a508cb57740c0505ccbc8cf050b0c838,not_applicable_source_reference,not_applicable_source_reference,False,10,raw,8160,8160,,raw,0,0,10,3,0,70,16,6,73dee569b62159bc995fd54dd8e6b7ba64fb21a14246c47094c306fc298ad1a1,0,8160,1020,0,False
TOKEN-CHANNEL-EFFICIENCY-20260923/source,development,n03706229/ILSVRC2012_val_00017460_n03706229,59,8e3b858b0513ad838965208bb580abe8a508cb57740c0505ccbc8cf050b0c838,not_applicable_source_reference,not_applicable_source_reference,False,10,arithmetic,4481,4481,4481,arithmetic,2,0,10,3,13,96,16,6,60faa14ed47ee4253d52f864a31d222e6be6f96e0a0759db9ae7970a4b720e34,30,4481,561,7,False
TOKEN-CHANNEL-EFFICIENCY-20260923/source,development,n03759954/ILSVRC2012_val_00010804_n03759954,60,7a1498cebe035004705d9ede2d2cfecfdc25e8e2db8841b990fec0d4b834b3d1,not_applicable_source_reference,not_applicable_source_reference,False,6,raw,1092,1092,,raw,0,0,10,3,0,70,16,6,1a5c34baa0d5d8a1d0a4981ccc20591a36981eb1d87778e136fa83229d565008,0,1092,137,4,False
TOKEN-CHANNEL-EFFICIENCY-20260923/source,development,n03759954/ILSVRC2012_val_00010804_n03759954,60,7a1498cebe035004705d9ede2d2cfecfdc25e8e2db8841b990fec0d4b834b3d1,not_applicable_source_reference,not_applicable_source_reference,False,6,arithmetic,951,951,951,arithmetic,3,0,10,3,13,96,16,6,96d0b156a49b5509d4c7f18c644580df7d8e2fba14b1b078ae8e2ffd58e149c7,30,951,119,1,False
TOKEN-CHANNEL-EFFICIENCY-20260923/source,development,n03759954/ILSVRC2012_val_00010804_n03759954,60,7a1498cebe035004705d9ede2d2cfecfdc25e8e2db8841b990fec0d4b834b3d1,not_applicable_source_reference,not_applicable_source_reference,False,7,raw,1860,1860,,raw,0,0,10,3,0,70,16,6,d49feed3e1152d21b730d86b2efcd811e6da11760cbe37c9b63b15c0de4ea55b,0,1860,233,4,False
TOKEN-CHANNEL-EFFICIENCY-20260923/source,development,n03759954/ILSVRC2012_val_00010804_n03759954,60,7a1498cebe035004705d9ede2d2cfecfdc25e8e2db8841b990fec0d4b834b3d1,not_applicable_source_reference,not_applicable_source_reference,False,7,arithmetic,1612,1612,1612,arithmetic,6,0,10,3,13,96,16,6,9614e08c81799f7e88d7522240b1f1a829df53a4989face2d7b96e61faea8e5f,30,1612,202,4,False
TOKEN-CHANNEL-EFFICIENCY-20260923/source,development,n03759954/ILSVRC2012_val_00010804_n03759954,60,7a1498cebe035004705d9ede2d2cfecfdc25e8e2db8841b990fec0d4b834b3d1,not_applicable_source_reference,not_applicable_source_reference,False,8,raw,3060,3060,,raw,0,0,10,3,0,70,16,6,f390dbd2633cee6aaaf568541797dce585d4590c65b595debe289988054ccfa7,0,3060,383,4,False
TOKEN-CHANNEL-EFFICIENCY-20260923/source,development,n03759954/ILSVRC2012_val_00010804_n03759954,60,7a1498cebe035004705d9ede2d2cfecfdc25e8e2db8841b990fec0d4b834b3d1,not_applicable_source_reference,not_applicable_source_reference,False,8,arithmetic,2672,2672,2672,arithmetic,2,0,10,3,13,96,16,6,3b72692bd2e2da8c6ae2ff51bd15b9dba215dc33b01dc1153322a9962718128c,30,2672,334,0,False
TOKEN-CHANNEL-EFFICIENCY-20260923/source,development,n03759954/ILSVRC2012_val_00010804_n03759954,60,7a1498cebe035004705d9ede2d2cfecfdc25e8e2db8841b990fec0d4b834b3d1,not_applicable_source_reference,not_applicable_source_reference,False,9,raw,5088,5088,,raw,0,0,10,3,0,70,16,6,45ecd118351d175d2786937180fe89b82a0f8ad36fa8d2be19bb57945767888d,0,5088,636,0,False
TOKEN-CHANNEL-EFFICIENCY-20260923/source,development,n03759954/ILSVRC2012_val_00010804_n03759954,60,7a1498cebe035004705d9ede2d2cfecfdc25e8e2db8841b990fec0d4b834b3d1,not_applicable_source_reference,not_applicable_source_reference,False,9,arithmetic,4333,4333,4333,arithmetic,4,0,10,3,13,96,16,6,5ef633021d4ddc24477e327b4ed3cb55cbf7901fac24e024da77e3959a119441,30,4333,542,3,False
TOKEN-CHANNEL-EFFICIENCY-20260923/source,development,n03759954/ILSVRC2012_val_00010804_n03759954,60,7a1498cebe035004705d9ede2d2cfecfdc25e8e2db8841b990fec0d4b834b3d1,not_applicable_source_reference,not_applicable_source_reference,False,10,raw,8160,8160,,raw,0,0,10,3,0,70,16,6,30e09839750b9ec672fecdc168229c1eb2e9c1398458a2b8a6a64115cd7fc544,0,8160,1020,0,False
TOKEN-CHANNEL-EFFICIENCY-20260923/source,development,n03759954/ILSVRC2012_val_00010804_n03759954,60,7a1498cebe035004705d9ede2d2cfecfdc25e8e2db8841b990fec0d4b834b3d1,not_applicable_source_reference,not_applicable_source_reference,False,10,arithmetic,6383,6383,6383,arithmetic,6,0,10,3,13,96,16,6,f9481f30d8dc379b02c7c56f473c197ad2a996488cbb5bc1a68ba16a3dddc7d4,30,6383,798,1,False
TOKEN-CHANNEL-EFFICIENCY-20260923/source,development,n03775071/ILSVRC2012_val_00002420_n03775071,61,1300a7a060a680cbb93440b49303a8d52c9ff2d49cb9d0d5a5d642ea948009d0,not_applicable_source_reference,not_applicable_source_reference,False,6,raw,1092,1092,,raw,0,0,10,3,0,70,16,6,b9ecc8e36ea4704449f7303b2b3e157d5c698ad78e26e94a0edc985e36676af6,0,1092,137,4,False
TOKEN-CHANNEL-EFFICIENCY-20260923/source,development,n03775071/ILSVRC2012_val_00002420_n03775071,61,1300a7a060a680cbb93440b49303a8d52c9ff2d49cb9d0d5a5d642ea948009d0,not_applicable_source_reference,not_applicable_source_reference,False,6,arithmetic,793,793,793,arithmetic,4,0,10,3,13,96,16,6,4c79c5d925930f71a1944f32bf3a273e5db4d64ae9b59c8c596a0dbdff1fbbca,30,793,100,7,False
TOKEN-CHANNEL-EFFICIENCY-20260923/source,development,n03775071/ILSVRC2012_val_00002420_n03775071,61,1300a7a060a680cbb93440b49303a8d52c9ff2d49cb9d0d5a5d642ea948009d0,not_applicable_source_reference,not_applicable_source_reference,False,7,raw,1860,1860,,raw,0,0,10,3,0,70,16,6,b427f222d92cbc12511e97f414b66be0d0fc904538e087f3d55ca01108ecd4f9,0,1860,233,4,False
TOKEN-CHANNEL-EFFICIENCY-20260923/source,development,n03775071/ILSVRC2012_val_00002420_n03775071,61,1300a7a060a680cbb93440b49303a8d52c9ff2d49cb9d0d5a5d642ea948009d0,not_applicable_source_reference,not_applicable_source_reference,False,7,arithmetic,1430,1430,1430,arithmetic,2,0,10,3,13,96,16,6,c1723e2b70a5f550b37c07b1763c5f4cb81b9ddfe132f6835fa37c63c7cd8537,30,1430,179,2,False
TOKEN-CHANNEL-EFFICIENCY-20260923/source,development,n03775071/ILSVRC2012_val_00002420_n03775071,61,1300a7a060a680cbb93440b49303a8d52c9ff2d49cb9d0d5a5d642ea948009d0,not_applicable_source_reference,not_applicable_source_reference,False,8,raw,3060,3060,,raw,0,0,10,3,0,70,16,6,22943d774ea2a47b16b939e7ae789ee9e827be5a74fb42d1c7202c49916c25a0,0,3060,383,4,False
TOKEN-CHANNEL-EFFICIENCY-20260923/source,development,n03775071/ILSVRC2012_val_00002420_n03775071,61,1300a7a060a680cbb93440b49303a8d52c9ff2d49cb9d0d5a5d642ea948009d0,not_applicable_source_reference,not_applicable_source_reference,False,8,arithmetic,2213,2213,2213,arithmetic,3,0,10,3,13,96,16,6,a95b2f37509dbc3fb3324a1924e6687fde7fb3edd826d7c1a0f69dac4fafba32,30,2213,277,3,False
TOKEN-CHANNEL-EFFICIENCY-20260923/source,development,n03775071/ILSVRC2012_val_00002420_n03775071,61,1300a7a060a680cbb93440b49303a8d52c9ff2d49cb9d0d5a5d642ea948009d0,not_applicable_source_reference,not_applicable_source_reference,False,9,raw,5088,5088,,raw,0,0,10,3,0,70,16,6,8dde1e88623e46205cefe4c10e0d2ffab3a722ab91e3fbce83cd7a1e156d5af7,0,5088,636,0,False
TOKEN-CHANNEL-EFFICIENCY-20260923/source,development,n03775071/ILSVRC2012_val_00002420_n03775071,61,1300a7a060a680cbb93440b49303a8d52c9ff2d49cb9d0d5a5d642ea948009d0,not_applicable_source_reference,not_applicable_source_reference,False,9,arithmetic,3540,3540,3540,arithmetic,3,0,10,3,13,96,16,6,4e4ea54d9325ec192b33e9fdbfc209d122e8a1e851c99e254a8d77b6a7b5ae6e,30,3540,443,4,False
TOKEN-CHANNEL-EFFICIENCY-20260923/source,development,n03775071/ILSVRC2012_val_00002420_n03775071,61,1300a7a060a680cbb93440b49303a8d52c9ff2d49cb9d0d5a5d642ea948009d0,not_applicable_source_reference,not_applicable_source_reference,False,10,raw,8160,8160,,raw,0,0,10,3,0,70,16,6,fcbf629a17e35d536b16ff98173c5d40b4f10a7ca45b4b2caea68488933ef4a7,0,8160,1020,0,False
TOKEN-CHANNEL-EFFICIENCY-20260923/source,development,n03775071/ILSVRC2012_val_00002420_n03775071,61,1300a7a060a680cbb93440b49303a8d52c9ff2d49cb9d0d5a5d642ea948009d0,not_applicable_source_reference,not_applicable_source_reference,False,10,arithmetic,5573,5573,5573,arithmetic,4,0,10,3,13,96,16,6,09128734977ac1dc12985d4af790e99b6609d78a6de13eb9a91bff7a36dac683,30,5573,697,3,False
TOKEN-CHANNEL-EFFICIENCY-20260923/source,development,n03782006/ILSVRC2012_val_00004758_n03782006,62,81c7629baa1e0573a341cb7530061c978f2dd27d0be5ee68dc23399e1119f3d8,not_applicable_source_reference,not_applicable_source_reference,False,6,raw,1092,1092,,raw,0,0,10,3,0,70,16,6,3212a28db85b283ffcb45a1e9c9de7e5b6bdb004435eb442a673e4849e63c9df,0,1092,137,4,False
TOKEN-CHANNEL-EFFICIENCY-20260923/source,development,n03782006/ILSVRC2012_val_00004758_n03782006,62,81c7629baa1e0573a341cb7530061c978f2dd27d0be5ee68dc23399e1119f3d8,not_applicable_source_reference,not_applicable_source_reference,False,6,arithmetic,932,932,932,arithmetic,2,0,10,3,13,96,16,6,b5045e402d9e5afe2f62fa1d079aa981802a0c071af28cb82f941fb652edad3f,30,932,117,4,False
TOKEN-CHANNEL-EFFICIENCY-20260923/source,development,n03782006/ILSVRC2012_val_00004758_n03782006,62,81c7629baa1e0573a341cb7530061c978f2dd27d0be5ee68dc23399e1119f3d8,not_applicable_source_reference,not_applicable_source_reference,False,7,raw,1860,1860,,raw,0,0,10,3,0,70,16,6,4a3ae6b7b6678330a1a297289eb749215992b471308a9ca95ddbe6d802e34486,0,1860,233,4,False
TOKEN-CHANNEL-EFFICIENCY-20260923/source,development,n03782006/ILSVRC2012_val_00004758_n03782006,62,81c7629baa1e0573a341cb7530061c978f2dd27d0be5ee68dc23399e1119f3d8,not_applicable_source_reference,not_applicable_source_reference,False,7,arithmetic,1552,1552,1552,arithmetic,4,0,10,3,13,96,16,6,758bedc3e27b001d6e983a3890a7bfe32d21558fad8b5e6828b1a24f5826a2e2,30,1552,194,0,False
TOKEN-CHANNEL-EFFICIENCY-20260923/source,development,n03782006/ILSVRC2012_val_00004758_n03782006,62,81c7629baa1e0573a341cb7530061c978f2dd27d0be5ee68dc23399e1119f3d8,not_applicable_source_reference,not_applicable_source_reference,False,8,raw,3060,3060,,raw,0,0,10,3,0,70,16,6,999d6a2b3d79d5e6a63ecc076713bcb7b783eeedb812c3c190cc6a66124cd8ff,0,3060,383,4,False
TOKEN-CHANNEL-EFFICIENCY-20260923/source,development,n03782006/ILSVRC2012_val_00004758_n03782006,62,81c7629baa1e0573a341cb7530061c978f2dd27d0be5ee68dc23399e1119f3d8,not_applicable_source_reference,not_applicable_source_reference,False,8,arithmetic,2496,2496,2496,arithmetic,2,0,10,3,13,96,16,6,0788c806628460f929ca9155fc4cffe9a6aa9a4269106db41653a9b5f5cff8d6,30,2496,312,0,False
TOKEN-CHANNEL-EFFICIENCY-20260923/source,development,n03782006/ILSVRC2012_val_00004758_n03782006,62,81c7629baa1e0573a341cb7530061c978f2dd27d0be5ee68dc23399e1119f3d8,not_applicable_source_reference,not_applicable_source_reference,False,9,raw,5088,5088,,raw,0,0,10,3,0,70,16,6,d5c7a2b65d5137474aa57ba5d3c840c42ae1c42afe8f387df1bc8f9d24d0381b,0,5088,636,0,False
TOKEN-CHANNEL-EFFICIENCY-20260923/source,development,n03782006/ILSVRC2012_val_00004758_n03782006,62,81c7629baa1e0573a341cb7530061c978f2dd27d0be5ee68dc23399e1119f3d8,not_applicable_source_reference,not_applicable_source_reference,False,9,arithmetic,3922,3922,3922,arithmetic,3,0,10,3,13,96,16,6,b0dc482acfd2e0da656adf07ad2b71acab1e66dae6acfdbe6eca2fc73b94030d,30,3922,491,6,False
TOKEN-CHANNEL-EFFICIENCY-20260923/source,development,n03782006/ILSVRC2012_val_00004758_n03782006,62,81c7629baa1e0573a341cb7530061c978f2dd27d0be5ee68dc23399e1119f3d8,not_applicable_source_reference,not_applicable_source_reference,False,10,raw,8160,8160,,raw,0,0,10,3,0,70,16,6,57407e723de2729d9f273cb09f917d286723f12998f5fad887e5c85b3431fa6f,0,8160,1020,0,False
TOKEN-CHANNEL-EFFICIENCY-20260923/source,development,n03782006/ILSVRC2012_val_00004758_n03782006,62,81c7629baa1e0573a341cb7530061c978f2dd27d0be5ee68dc23399e1119f3d8,not_applicable_source_reference,not_applicable_source_reference,False,10,arithmetic,5886,5886,5886,arithmetic,4,0,10,3,13,96,16,6,3cab75a5c4eab63a4245966e4efb2556e48b8c7da073ba392e18f3e19748f015,30,5886,736,2,False
TOKEN-CHANNEL-EFFICIENCY-20260923/source,development,n03796401/ILSVRC2012_val_00025827_n03796401,63,9b21385c64696f5ac47bcbcec19404b19a48abc9bdcc5c0843cd0946b1a798a2,not_applicable_source_reference,not_applicable_source_reference,False,6,raw,1092,1092,,raw,0,0,10,3,0,70,16,6,6ca814313aa40512ed7739573465d14c37878d6535713bd547f99b2f14c9bf87,0,1092,137,4,False
TOKEN-CHANNEL-EFFICIENCY-20260923/source,development,n03796401/ILSVRC2012_val_00025827_n03796401,63,9b21385c64696f5ac47bcbcec19404b19a48abc9bdcc5c0843cd0946b1a798a2,not_applicable_source_reference,not_applicable_source_reference,False,6,arithmetic,893,893,893,arithmetic,3,0,10,3,13,96,16,6,7448c18de32f939b3f769ecf48f6d7cdb8ebbb5e32eb3264796792afe2839ff3,30,893,112,3,False
TOKEN-CHANNEL-EFFICIENCY-20260923/source,development,n03796401/ILSVRC2012_val_00025827_n03796401,63,9b21385c64696f5ac47bcbcec19404b19a48abc9bdcc5c0843cd0946b1a798a2,not_applicable_source_reference,not_applicable_source_reference,False,7,raw,1860,1860,,raw,0,0,10,3,0,70,16,6,019f1cf6b220b13d55aac9f890f5d2e4b5347ede3a3e3e5e3409bfee019e9973,0,1860,233,4,False
TOKEN-CHANNEL-EFFICIENCY-20260923/source,development,n03796401/ILSVRC2012_val_00025827_n03796401,63,9b21385c64696f5ac47bcbcec19404b19a48abc9bdcc5c0843cd0946b1a798a2,not_applicable_source_reference,not_applicable_source_reference,False,7,arithmetic,1519,1519,1519,arithmetic,2,0,10,3,13,96,16,6,525f9ad452d6d330e68c18aa1a8b6cf22c157a25e5be67542743a6aa26c00dae,30,1519,190,1,False
TOKEN-CHANNEL-EFFICIENCY-20260923/source,development,n03796401/ILSVRC2012_val_00025827_n03796401,63,9b21385c64696f5ac47bcbcec19404b19a48abc9bdcc5c0843cd0946b1a798a2,not_applicable_source_reference,not_applicable_source_reference,False,8,raw,3060,3060,,raw,0,0,10,3,0,70,16,6,4cf2efb41118eaf01bf3559a7a6af46e46cd0809927cade418d0d39ece1fa141,0,3060,383,4,False
TOKEN-CHANNEL-EFFICIENCY-20260923/source,development,n03796401/ILSVRC2012_val_00025827_n03796401,63,9b21385c64696f5ac47bcbcec19404b19a48abc9bdcc5c0843cd0946b1a798a2,not_applicable_source_reference,not_applicable_source_reference,False,8,arithmetic,2496,2496,2496,arithmetic,2,0,10,3,13,96,16,6,d6ce919158cf03e04dce3589b7e42a9ee0ed22f3fe200aceeda890a12cb0df5b,30,2496,312,0,False
TOKEN-CHANNEL-EFFICIENCY-20260923/source,development,n03796401/ILSVRC2012_val_00025827_n03796401,63,9b21385c64696f5ac47bcbcec19404b19a48abc9bdcc5c0843cd0946b1a798a2,not_applicable_source_reference,not_applicable_source_reference,False,9,raw,5088,5088,,raw,0,0,10,3,0,70,16,6,06ab2fdb746e1eb1a5baac44197df9acd490b5d86f7de98ad71c72a244e74f9f,0,5088,636,0,False
TOKEN-CHANNEL-EFFICIENCY-20260923/source,development,n03796401/ILSVRC2012_val_00025827_n03796401,63,9b21385c64696f5ac47bcbcec19404b19a48abc9bdcc5c0843cd0946b1a798a2,not_applicable_source_reference,not_applicable_source_reference,False,9,arithmetic,4045,4045,4045,arithmetic,4,0,10,3,13,96,16,6,d2dba13e4c308a1464dcf82734be1264da145bf1a08f8fa801fec88e9db35295,30,4045,506,3,False
TOKEN-CHANNEL-EFFICIENCY-20260923/source,development,n03796401/ILSVRC2012_val_00025827_n03796401,63,9b21385c64696f5ac47bcbcec19404b19a48abc9bdcc5c0843cd0946b1a798a2,not_applicable_source_reference,not_applicable_source_reference,False,10,raw,8160,8160,,raw,0,0,10,3,0,70,16,6,6906c443521ff601390df48fb532cab22cfcbc3456a87f70c76b32a1dd159520,0,8160,1020,0,False
TOKEN-CHANNEL-EFFICIENCY-20260923/source,development,n03796401/ILSVRC2012_val_00025827_n03796401,63,9b21385c64696f5ac47bcbcec19404b19a48abc9bdcc5c0843cd0946b1a798a2,not_applicable_source_reference,not_applicable_source_reference,False,10,arithmetic,6012,6012,6012,arithmetic,2,0,10,3,13,96,16,6,f8edbd1c2cf3fbbeb5485621aa5851d9a1a4597dc1808bff4e3e8e572deb59a5,30,6012,752,4,False
TOKEN-CHANNEL-EFFICIENCY-20260923/source,development,n03866082/ILSVRC2012_val_00003554_n03866082,64,60562c0929f93a4daaecb86a36c36db3a1ed774950e0bb4ab9d3b89153eae016,not_applicable_source_reference,not_applicable_source_reference,False,6,raw,1092,1092,,raw,0,0,10,3,0,70,16,6,0d82615affb1a43762b4c13c8d9f3e013fa1f572c05156588e62df4cc2b09925,0,1092,137,4,False
TOKEN-CHANNEL-EFFICIENCY-20260923/source,development,n03866082/ILSVRC2012_val_00003554_n03866082,64,60562c0929f93a4daaecb86a36c36db3a1ed774950e0bb4ab9d3b89153eae016,not_applicable_source_reference,not_applicable_source_reference,False,6,arithmetic,947,947,947,arithmetic,2,0,10,3,13,96,16,6,1c5c27b6ac64c38d3d866e3d641e9b598f04ac94baa8bbc5d3be91ff0d2feed9,30,947,119,5,False
TOKEN-CHANNEL-EFFICIENCY-20260923/source,development,n03866082/ILSVRC2012_val_00003554_n03866082,64,60562c0929f93a4daaecb86a36c36db3a1ed774950e0bb4ab9d3b89153eae016,not_applicable_source_reference,not_applicable_source_reference,False,7,raw,1860,1860,,raw,0,0,10,3,0,70,16,6,87a7cb412814c15fe668154d5abae1bcbbf5d304d208e337446ea0f6cec8b503,0,1860,233,4,False
TOKEN-CHANNEL-EFFICIENCY-20260923/source,development,n03866082/ILSVRC2012_val_00003554_n03866082,64,60562c0929f93a4daaecb86a36c36db3a1ed774950e0bb4ab9d3b89153eae016,not_applicable_source_reference,not_applicable_source_reference,False,7,arithmetic,1619,1619,1619,arithmetic,2,0,10,3,13,96,16,6,5692c90530aac8c279008a2c8b2f7dc26bc8c86f461ea8c0638d58e32cfb4789,30,1619,203,5,False
TOKEN-CHANNEL-EFFICIENCY-20260923/source,development,n03866082/ILSVRC2012_val_00003554_n03866082,64,60562c0929f93a4daaecb86a36c36db3a1ed774950e0bb4ab9d3b89153eae016,not_applicable_source_reference,not_applicable_source_reference,False,8,raw,3060,3060,,raw,0,0,10,3,0,70,16,6,0874756ba3572ea2266b0c523876de25d8b1e442fae3d841ba0fc019389ad4d7,0,3060,383,4,False
TOKEN-CHANNEL-EFFICIENCY-20260923/source,development,n03866082/ILSVRC2012_val_00003554_n03866082,64,60562c0929f93a4daaecb86a36c36db3a1ed774950e0bb4ab9d3b89153eae016,not_applicable_source_reference,not_applicable_source_reference,False,8,arithmetic,2693,2693,2693,arithmetic,2,0,10,3,13,96,16,6,8055feff72a1e32fa44407f02b2d99f355730e931ac4bf6f32f781a625f4d1fe,30,2693,337,3,False
TOKEN-CHANNEL-EFFICIENCY-20260923/source,development,n03866082/ILSVRC2012_val_00003554_n03866082,64,60562c0929f93a4daaecb86a36c36db3a1ed774950e0bb4ab9d3b89153eae016,not_applicable_source_reference,not_applicable_source_reference,False,9,raw,5088,5088,,raw,0,0,10,3,0,70,16,6,6dd0c50732e7db6c17c2e7384b852169760a484d2597d134a9d5ad6c73f4d26b,0,5088,636,0,False
TOKEN-CHANNEL-EFFICIENCY-20260923/source,development,n03866082/ILSVRC2012_val_00003554_n03866082,64,60562c0929f93a4daaecb86a36c36db3a1ed774950e0bb4ab9d3b89153eae016,not_applicable_source_reference,not_applicable_source_reference,False,9,arithmetic,4347,4347,4347,arithmetic,5,0,10,3,13,96,16,6,554a6940615579488bac1e017e6b01c653f69915e8f51eaecce8d57ca2722058,30,4347,544,5,False
TOKEN-CHANNEL-EFFICIENCY-20260923/source,development,n03866082/ILSVRC2012_val_00003554_n03866082,64,60562c0929f93a4daaecb86a36c36db3a1ed774950e0bb4ab9d3b89153eae016,not_applicable_source_reference,not_applicable_source_reference,False,10,raw,8160,8160,,raw,0,0,10,3,0,70,16,6,8605e7b539021d1b179f3a24ebd501f0e2b0447ee27f2969bcdcae63742b679e,0,8160,1020,0,False
TOKEN-CHANNEL-EFFICIENCY-20260923/source,development,n03866082/ILSVRC2012_val_00003554_n03866082,64,60562c0929f93a4daaecb86a36c36db3a1ed774950e0bb4ab9d3b89153eae016,not_applicable_source_reference,not_applicable_source_reference,False,10,arithmetic,6425,6425,6425,arithmetic,5,0,10,3,13,96,16,6,f2efb7e3ff5c7daa721b3af43205cbbd17ca112f0cfe1dcf8e87ee56d84d5303,30,6425,804,7,False
TOKEN-CHANNEL-EFFICIENCY-20260923/source,development,n03876231/ILSVRC2012_val_00022714_n03876231,65,e5fb75ea19743794b97420b0a84dd1ed44e00b335e89467578a629395e979d2f,not_applicable_source_reference,not_applicable_source_reference,False,6,raw,1092,1092,,raw,0,0,10,3,0,70,16,6,bfc19868d46111df30a95d0021d574dda46a057997cc53f4bf4171bcda240578,0,1092,137,4,False
TOKEN-CHANNEL-EFFICIENCY-20260923/source,development,n03876231/ILSVRC2012_val_00022714_n03876231,65,e5fb75ea19743794b97420b0a84dd1ed44e00b335e89467578a629395e979d2f,not_applicable_source_reference,not_applicable_source_reference,False,6,arithmetic,873,873,873,arithmetic,3,0,10,3,13,96,16,6,0e062f4f0af909220a67e8abe24f66c8da99e277949bbd05b1a5c1c74c24680b,30,873,110,7,False
TOKEN-CHANNEL-EFFICIENCY-20260923/source,development,n03876231/ILSVRC2012_val_00022714_n03876231,65,e5fb75ea19743794b97420b0a84dd1ed44e00b335e89467578a629395e979d2f,not_applicable_source_reference,not_applicable_source_reference,False,7,raw,1860,1860,,raw,0,0,10,3,0,70,16,6,539cd76da85f63880a3b9d2870caaf3718ad2530275ca9bf3d6253b88b3a0421,0,1860,233,4,False
TOKEN-CHANNEL-EFFICIENCY-20260923/source,development,n03876231/ILSVRC2012_val_00022714_n03876231,65,e5fb75ea19743794b97420b0a84dd1ed44e00b335e89467578a629395e979d2f,not_applicable_source_reference,not_applicable_source_reference,False,7,arithmetic,1504,1504,1504,arithmetic,2,0,10,3,13,96,16,6,f4073449dccb78317956389260210ffe554402501c0534df47ee7ff669192c32,30,1504,188,0,False
TOKEN-CHANNEL-EFFICIENCY-20260923/source,development,n03876231/ILSVRC2012_val_00022714_n03876231,65,e5fb75ea19743794b97420b0a84dd1ed44e00b335e89467578a629395e979d2f,not_applicable_source_reference,not_applicable_source_reference,False,8,raw,3060,3060,,raw,0,0,10,3,0,70,16,6,ad715d996e62f75c0fd6003c5c8e527e1ab47814291aff1b2b99d3b4982f6f5b,0,3060,383,4,False
TOKEN-CHANNEL-EFFICIENCY-20260923/source,development,n03876231/ILSVRC2012_val_00022714_n03876231,65,e5fb75ea19743794b97420b0a84dd1ed44e00b335e89467578a629395e979d2f,not_applicable_source_reference,not_applicable_source_reference,False,8,arithmetic,2385,2385,2385,arithmetic,4,0,10,3,13,96,16,6,23fe05d25923e2ee22729addb5a5eb24b4aaf680781bbda1a830d42ddd2f10a8,30,2385,299,7,False
TOKEN-CHANNEL-EFFICIENCY-20260923/source,development,n03876231/ILSVRC2012_val_00022714_n03876231,65,e5fb75ea19743794b97420b0a84dd1ed44e00b335e89467578a629395e979d2f,not_applicable_source_reference,not_applicable_source_reference,False,9,raw,5088,5088,,raw,0,0,10,3,0,70,16,6,306598e109a42f604689ac75bdcf92684d9745cfa3f1e56bc4463b01d1490839,0,5088,636,0,False
TOKEN-CHANNEL-EFFICIENCY-20260923/source,development,n03876231/ILSVRC2012_val_00022714_n03876231,65,e5fb75ea19743794b97420b0a84dd1ed44e00b335e89467578a629395e979d2f,not_applicable_source_reference,not_applicable_source_reference,False,9,arithmetic,3779,3779,3779,arithmetic,6,0,10,3,13,96,16,6,61506a20cfb78f6b91dda14f861b9a7f0140cb7cbaf4746fd28a75e40d68511d,30,3779,473,5,False
TOKEN-CHANNEL-EFFICIENCY-20260923/source,development,n03876231/ILSVRC2012_val_00022714_n03876231,65,e5fb75ea19743794b97420b0a84dd1ed44e00b335e89467578a629395e979d2f,not_applicable_source_reference,not_applicable_source_reference,False,10,raw,8160,8160,,raw,0,0,10,3,0,70,16,6,46b53385a41b300c87d5d4fe322f76cf2384d63dce8a0e2b086f0eb20a5f8c68,0,8160,1020,0,False
TOKEN-CHANNEL-EFFICIENCY-20260923/source,development,n03876231/ILSVRC2012_val_00022714_n03876231,65,e5fb75ea19743794b97420b0a84dd1ed44e00b335e89467578a629395e979d2f,not_applicable_source_reference,not_applicable_source_reference,False,10,arithmetic,5650,5650,5650,arithmetic,3,0,10,3,13,96,16,6,0f9f54942956b7c08007c628b91a634abed501493e8d314b38ed46bf49d11921,30,5650,707,6,False
TOKEN-CHANNEL-EFFICIENCY-20260923/source,development,n03929660/ILSVRC2012_val_00012300_n03929660,66,505f23aed8d3e96d4497a443edb34645a75ad2773b26e3a2bfe8a41501c74e37,not_applicable_source_reference,not_applicable_source_reference,False,6,raw,1092,1092,,raw,0,0,10,3,0,70,16,6,96ebec6f22e95debe4aabcc15044bf68dd7d428cb4ee01d75c55c040d7fcf2a6,0,1092,137,4,False
TOKEN-CHANNEL-EFFICIENCY-20260923/source,development,n03929660/ILSVRC2012_val_00012300_n03929660,66,505f23aed8d3e96d4497a443edb34645a75ad2773b26e3a2bfe8a41501c74e37,not_applicable_source_reference,not_applicable_source_reference,False,6,arithmetic,794,794,794,arithmetic,2,0,10,3,13,96,16,6,cb6431bfcd4056d2f320a5514445a6036a041a96ace3a3fe1e62a120c986e2a1,30,794,100,6,False
TOKEN-CHANNEL-EFFICIENCY-20260923/source,development,n03929660/ILSVRC2012_val_00012300_n03929660,66,505f23aed8d3e96d4497a443edb34645a75ad2773b26e3a2bfe8a41501c74e37,not_applicable_source_reference,not_applicable_source_reference,False,7,raw,1860,1860,,raw,0,0,10,3,0,70,16,6,cb4547b064675e265ffd5960e1db3c7e795f69a8af2c33b332f77b0e33103cfe,0,1860,233,4,False
TOKEN-CHANNEL-EFFICIENCY-20260923/source,development,n03929660/ILSVRC2012_val_00012300_n03929660,66,505f23aed8d3e96d4497a443edb34645a75ad2773b26e3a2bfe8a41501c74e37,not_applicable_source_reference,not_applicable_source_reference,False,7,arithmetic,1360,1360,1360,arithmetic,3,0,10,3,13,96,16,6,d2a7421c0ca692ac8393cd75209d3e115b794dd7f0812d729aae307fc2235755,30,1360,170,0,False
TOKEN-CHANNEL-EFFICIENCY-20260923/source,development,n03929660/ILSVRC2012_val_00012300_n03929660,66,505f23aed8d3e96d4497a443edb34645a75ad2773b26e3a2bfe8a41501c74e37,not_applicable_source_reference,not_applicable_source_reference,False,8,raw,3060,3060,,raw,0,0,10,3,0,70,16,6,c4b6d57c28da3ddd985cc8dd5cec5a5eaadb1df282854e3c77f754e2dbd03e28,0,3060,383,4,False
TOKEN-CHANNEL-EFFICIENCY-20260923/source,development,n03929660/ILSVRC2012_val_00012300_n03929660,66,505f23aed8d3e96d4497a443edb34645a75ad2773b26e3a2bfe8a41501c74e37,not_applicable_source_reference,not_applicable_source_reference,False,8,arithmetic,2149,2149,2149,arithmetic,3,0,10,3,13,96,16,6,8764e36bca51660e6ae1f459dfbacc436f2837cefae203fe9d66f0c2e03a3a17,30,2149,269,3,False
TOKEN-CHANNEL-EFFICIENCY-20260923/source,development,n03929660/ILSVRC2012_val_00012300_n03929660,66,505f23aed8d3e96d4497a443edb34645a75ad2773b26e3a2bfe8a41501c74e37,not_applicable_source_reference,not_applicable_source_reference,False,9,raw,5088,5088,,raw,0,0,10,3,0,70,16,6,1abfdc2de1f2d85eb121c2fb602f8a3bc2a52a27c5af025fc61d4dbfc3551548,0,5088,636,0,False
TOKEN-CHANNEL-EFFICIENCY-20260923/source,development,n03929660/ILSVRC2012_val_00012300_n03929660,66,505f23aed8d3e96d4497a443edb34645a75ad2773b26e3a2bfe8a41501c74e37,not_applicable_source_reference,not_applicable_source_reference,False,9,arithmetic,3452,3452,3452,arithmetic,2,0,10,3,13,96,16,6,eaf52915e6f36bc105f18274e51f5ff03c031868a0e3fc56dacf31578da565df,30,3452,432,4,False
TOKEN-CHANNEL-EFFICIENCY-20260923/source,development,n03929660/ILSVRC2012_val_00012300_n03929660,66,505f23aed8d3e96d4497a443edb34645a75ad2773b26e3a2bfe8a41501c74e37,not_applicable_source_reference,not_applicable_source_reference,False,10,raw,8160,8160,,raw,0,0,10,3,0,70,16,6,d0e148e1b3a49dbd528f2f32aff47100ddc0a03ca06d7f6e068ddcdd5aca675e,0,8160,1020,0,False
TOKEN-CHANNEL-EFFICIENCY-20260923/source,development,n03929660/ILSVRC2012_val_00012300_n03929660,66,505f23aed8d3e96d4497a443edb34645a75ad2773b26e3a2bfe8a41501c74e37,not_applicable_source_reference,not_applicable_source_reference,False,10,arithmetic,5501,5501,5501,arithmetic,3,0,10,3,13,96,16,6,1be1da4e080e6979b4b15506875836bac2c140fe00e0899440298c8ef7e93b68,30,5501,688,3,False
TOKEN-CHANNEL-EFFICIENCY-20260923/source,development,n03950228/ILSVRC2012_val_00019039_n03950228,67,606ce0cbbbddaa18c5ae0e6b670ac1a18aaa6bf2945e31f99868290a41ead38c,not_applicable_source_reference,not_applicable_source_reference,False,6,raw,1092,1092,,raw,0,0,10,3,0,70,16,6,2da1e822571427bf78d6a82c33468560a9317baecf3fe64f5b0ec1f43b9c6009,0,1092,137,4,False
TOKEN-CHANNEL-EFFICIENCY-20260923/source,development,n03950228/ILSVRC2012_val_00019039_n03950228,67,606ce0cbbbddaa18c5ae0e6b670ac1a18aaa6bf2945e31f99868290a41ead38c,not_applicable_source_reference,not_applicable_source_reference,False,6,arithmetic,927,927,927,arithmetic,2,0,10,3,13,96,16,6,69383df7f403bc4f7d3a9c098b96d705567fb5371c6a3269ef8ff9adfa0e29ba,30,927,116,1,False
TOKEN-CHANNEL-EFFICIENCY-20260923/source,development,n03950228/ILSVRC2012_val_00019039_n03950228,67,606ce0cbbbddaa18c5ae0e6b670ac1a18aaa6bf2945e31f99868290a41ead38c,not_applicable_source_reference,not_applicable_source_reference,False,7,raw,1860,1860,,raw,0,0,10,3,0,70,16,6,0290c512e375d863bffe8e91fca07bec08ba3c080db3e47c55ba6545c9825ad5,0,1860,233,4,False
TOKEN-CHANNEL-EFFICIENCY-20260923/source,development,n03950228/ILSVRC2012_val_00019039_n03950228,67,606ce0cbbbddaa18c5ae0e6b670ac1a18aaa6bf2945e31f99868290a41ead38c,not_applicable_source_reference,not_applicable_source_reference,False,7,arithmetic,1594,1594,1594,arithmetic,2,0,10,3,13,96,16,6,466a6281ec81f215141aa1a9e45599f6dc8169ae1778b3092d75cdeefe4b1165,30,1594,200,6,False
TOKEN-CHANNEL-EFFICIENCY-20260923/source,development,n03950228/ILSVRC2012_val_00019039_n03950228,67,606ce0cbbbddaa18c5ae0e6b670ac1a18aaa6bf2945e31f99868290a41ead38c,not_applicable_source_reference,not_applicable_source_reference,False,8,raw,3060,3060,,raw,0,0,10,3,0,70,16,6,823304164e6f3bcfee1c5cb119103161aee67b519d5be698d9bd4c94c99faa89,0,3060,383,4,False
TOKEN-CHANNEL-EFFICIENCY-20260923/source,development,n03950228/ILSVRC2012_val_00019039_n03950228,67,606ce0cbbbddaa18c5ae0e6b670ac1a18aaa6bf2945e31f99868290a41ead38c,not_applicable_source_reference,not_applicable_source_reference,False,8,arithmetic,2555,2555,2555,arithmetic,2,0,10,3,13,96,16,6,a57cb341020a7d3e59086c5be307402a17ce8891dd059dfb607ad5b66ccc40d2,30,2555,320,5,False
TOKEN-CHANNEL-EFFICIENCY-20260923/source,development,n03950228/ILSVRC2012_val_00019039_n03950228,67,606ce0cbbbddaa18c5ae0e6b670ac1a18aaa6bf2945e31f99868290a41ead38c,not_applicable_source_reference,not_applicable_source_reference,False,9,raw,5088,5088,,raw,0,0,10,3,0,70,16,6,0bc6078ba3914fccff9ff2c86ae27aed1f43f0531c0288c9e0475a8f98cea855,0,5088,636,0,False
TOKEN-CHANNEL-EFFICIENCY-20260923/source,development,n03950228/ILSVRC2012_val_00019039_n03950228,67,606ce0cbbbddaa18c5ae0e6b670ac1a18aaa6bf2945e31f99868290a41ead38c,not_applicable_source_reference,not_applicable_source_reference,False,9,arithmetic,4143,4143,4143,arithmetic,3,0,10,3,13,96,16,6,4dc65e4a3dda50c13f5559444ed093514d75cf999ac3800aac30328bdb43232c,30,4143,518,1,False
TOKEN-CHANNEL-EFFICIENCY-20260923/source,development,n03950228/ILSVRC2012_val_00019039_n03950228,67,606ce0cbbbddaa18c5ae0e6b670ac1a18aaa6bf2945e31f99868290a41ead38c,not_applicable_source_reference,not_applicable_source_reference,False,10,raw,8160,8160,,raw,0,0,10,3,0,70,16,6,50cbde9c78713b18208ad40f6fa5e49e74793abfe8fa038332152869f692b3b1,0,8160,1020,0,False
TOKEN-CHANNEL-EFFICIENCY-20260923/source,development,n03950228/ILSVRC2012_val_00019039_n03950228,67,606ce0cbbbddaa18c5ae0e6b670ac1a18aaa6bf2945e31f99868290a41ead38c,not_applicable_source_reference,not_applicable_source_reference,False,10,arithmetic,6257,6257,6257,arithmetic,5,0,10,3,13,96,16,6,ba5f0ab333a2cddd3215525113354a4289b5e3587520620401352662e9b8c4ef,30,6257,783,7,False
TOKEN-CHANNEL-EFFICIENCY-20260923/source,development,n03977966/ILSVRC2012_val_00027383_n03977966,68,5a1f23f6a5c2c26f0bc8e72f9b77fdea74e75d81b45e24991a36792991b4d352,not_applicable_source_reference,not_applicable_source_reference,False,6,raw,1092,1092,,raw,0,0,10,3,0,70,16,6,3af68d0e76f97992b8b0b1c7cbaeb63a86c218176936d4fcccf7358c15536419,0,1092,137,4,False
TOKEN-CHANNEL-EFFICIENCY-20260923/source,development,n03977966/ILSVRC2012_val_00027383_n03977966,68,5a1f23f6a5c2c26f0bc8e72f9b77fdea74e75d81b45e24991a36792991b4d352,not_applicable_source_reference,not_applicable_source_reference,False,6,arithmetic,916,916,916,arithmetic,3,0,10,3,13,96,16,6,8026fe5b7880d0aac3769d477b7a85a0253891a93d152dfa76c05c3ce7f0cf5a,30,916,115,4,False
TOKEN-CHANNEL-EFFICIENCY-20260923/source,development,n03977966/ILSVRC2012_val_00027383_n03977966,68,5a1f23f6a5c2c26f0bc8e72f9b77fdea74e75d81b45e24991a36792991b4d352,not_applicable_source_reference,not_applicable_source_reference,False,7,raw,1860,1860,,raw,0,0,10,3,0,70,16,6,22f7b2081abf219aaba10f896bb929f3edac22a065f891fe47ce360f42f8df39,0,1860,233,4,False
TOKEN-CHANNEL-EFFICIENCY-20260923/source,development,n03977966/ILSVRC2012_val_00027383_n03977966,68,5a1f23f6a5c2c26f0bc8e72f9b77fdea74e75d81b45e24991a36792991b4d352,not_applicable_source_reference,not_applicable_source_reference,False,7,arithmetic,1517,1517,1517,arithmetic,2,0,10,3,13,96,16,6,07ea650daa17e6f27ff49f4485fb665b12da16d8b8110bac899240c937119f67,30,1517,190,3,False
TOKEN-CHANNEL-EFFICIENCY-20260923/source,development,n03977966/ILSVRC2012_val_00027383_n03977966,68,5a1f23f6a5c2c26f0bc8e72f9b77fdea74e75d81b45e24991a36792991b4d352,not_applicable_source_reference,not_applicable_source_reference,False,8,raw,3060,3060,,raw,0,0,10,3,0,70,16,6,ed2bcef487d375063305d0bef2664b91afb8e52465ef995f36ee16a4092ea6fe,0,3060,383,4,False
TOKEN-CHANNEL-EFFICIENCY-20260923/source,development,n03977966/ILSVRC2012_val_00027383_n03977966,68,5a1f23f6a5c2c26f0bc8e72f9b77fdea74e75d81b45e24991a36792991b4d352,not_applicable_source_reference,not_applicable_source_reference,False,8,arithmetic,2471,2471,2471,arithmetic,2,0,10,3,13,96,16,6,a9d909aaa67f60183bcb200e3477dd7b340d473dbb3411fa4e18d2ef85465579,30,2471,309,1,False
TOKEN-CHANNEL-EFFICIENCY-20260923/source,development,n03977966/ILSVRC2012_val_00027383_n03977966,68,5a1f23f6a5c2c26f0bc8e72f9b77fdea74e75d81b45e24991a36792991b4d352,not_applicable_source_reference,not_applicable_source_reference,False,9,raw,5088,5088,,raw,0,0,10,3,0,70,16,6,f1402f866cfbf002b0d516f000ecdcf7f62fc700bfe02aff94254f0461d6652c,0,5088,636,0,False
TOKEN-CHANNEL-EFFICIENCY-20260923/source,development,n03977966/ILSVRC2012_val_00027383_n03977966,68,5a1f23f6a5c2c26f0bc8e72f9b77fdea74e75d81b45e24991a36792991b4d352,not_applicable_source_reference,not_applicable_source_reference,False,9,arithmetic,3901,3901,3901,arithmetic,2,0,10,3,13,96,16,6,ab1b4c7787852fe3b313b8928044291a65a0f34e2dca48cc4988a6ceb7caa0d2,30,3901,488,3,False
TOKEN-CHANNEL-EFFICIENCY-20260923/source,development,n03977966/ILSVRC2012_val_00027383_n03977966,68,5a1f23f6a5c2c26f0bc8e72f9b77fdea74e75d81b45e24991a36792991b4d352,not_applicable_source_reference,not_applicable_source_reference,False,10,raw,8160,8160,,raw,0,0,10,3,0,70,16,6,5069495178bff2f50fe7c59b1721104c770f95646bb8c6c7a880e52577b6b4e0,0,8160,1020,0,False
TOKEN-CHANNEL-EFFICIENCY-20260923/source,development,n03977966/ILSVRC2012_val_00027383_n03977966,68,5a1f23f6a5c2c26f0bc8e72f9b77fdea74e75d81b45e24991a36792991b4d352,not_applicable_source_reference,not_applicable_source_reference,False,10,arithmetic,5638,5638,5638,arithmetic,3,0,10,3,13,96,16,6,718dc42ba437e39df3039e749ca5b26061ecd7b76036709071d2efe3225c077f,30,5638,705,2,False
TOKEN-CHANNEL-EFFICIENCY-20260923/source,development,n03983396/ILSVRC2012_val_00012891_n03983396,69,62a65414a700886fce201470942a341bd6f772787a7603b59ffefcea12cdf8a3,not_applicable_source_reference,not_applicable_source_reference,False,6,raw,1092,1092,,raw,0,0,10,3,0,70,16,6,ad0617c3cec74537a7e5a617a80f4641b8628f2cbca56bf93bf53acb5a3c6faf,0,1092,137,4,False
TOKEN-CHANNEL-EFFICIENCY-20260923/source,development,n03983396/ILSVRC2012_val_00012891_n03983396,69,62a65414a700886fce201470942a341bd6f772787a7603b59ffefcea12cdf8a3,not_applicable_source_reference,not_applicable_source_reference,False,6,arithmetic,971,971,971,arithmetic,2,0,10,3,13,96,16,6,834f7beac8df45ba7fc2a8dc67fb4edee83a52c256f9417bda5efeb68e98c2a4,30,971,122,5,False
TOKEN-CHANNEL-EFFICIENCY-20260923/source,development,n03983396/ILSVRC2012_val_00012891_n03983396,69,62a65414a700886fce201470942a341bd6f772787a7603b59ffefcea12cdf8a3,not_applicable_source_reference,not_applicable_source_reference,False,7,raw,1860,1860,,raw,0,0,10,3,0,70,16,6,ad794fb776a3ef658bf94e116dcd15e301f1d2aa523ce9547907da95060d493a,0,1860,233,4,False
TOKEN-CHANNEL-EFFICIENCY-20260923/source,development,n03983396/ILSVRC2012_val_00012891_n03983396,69,62a65414a700886fce201470942a341bd6f772787a7603b59ffefcea12cdf8a3,not_applicable_source_reference,not_applicable_source_reference,False,7,arithmetic,1658,1658,1658,arithmetic,3,0,10,3,13,96,16,6,ea7d9374827ee1cb082b580405cd47883f6a9c4ce1b68216169cf6a05c78bba1,30,1658,208,6,False
TOKEN-CHANNEL-EFFICIENCY-20260923/source,development,n03983396/ILSVRC2012_val_00012891_n03983396,69,62a65414a700886fce201470942a341bd6f772787a7603b59ffefcea12cdf8a3,not_applicable_source_reference,not_applicable_source_reference,False,8,raw,3060,3060,,raw,0,0,10,3,0,70,16,6,73230ce1313b233a3c363353be7fdf770eadd4b40356e380839dbc61438c94f0,0,3060,383,4,False
TOKEN-CHANNEL-EFFICIENCY-20260923/source,development,n03983396/ILSVRC2012_val_00012891_n03983396,69,62a65414a700886fce201470942a341bd6f772787a7603b59ffefcea12cdf8a3,not_applicable_source_reference,not_applicable_source_reference,False,8,arithmetic,2614,2614,2614,arithmetic,5,0,10,3,13,96,16,6,3307e8bf3608c2e23d3f7f12aa64e2947c80dfd68a4a27b08eade3e7e320afc7,30,2614,327,2,False
TOKEN-CHANNEL-EFFICIENCY-20260923/source,development,n03983396/ILSVRC2012_val_00012891_n03983396,69,62a65414a700886fce201470942a341bd6f772787a7603b59ffefcea12cdf8a3,not_applicable_source_reference,not_applicable_source_reference,False,9,raw,5088,5088,,raw,0,0,10,3,0,70,16,6,625855956a5f1deb2201de917e2ea8358972a0d619d4d00ff8da6bbb356c6172,0,5088,636,0,False
TOKEN-CHANNEL-EFFICIENCY-20260923/source,development,n03983396/ILSVRC2012_val_00012891_n03983396,69,62a65414a700886fce201470942a341bd6f772787a7603b59ffefcea12cdf8a3,not_applicable_source_reference,not_applicable_source_reference,False,9,arithmetic,4207,4207,4207,arithmetic,5,0,10,3,13,96,16,6,374dfb4f98b068d5fce26cd44d94b7b028211c7038b1ab6c935ceb45db41a886,30,4207,526,1,False
TOKEN-CHANNEL-EFFICIENCY-20260923/source,development,n03983396/ILSVRC2012_val_00012891_n03983396,69,62a65414a700886fce201470942a341bd6f772787a7603b59ffefcea12cdf8a3,not_applicable_source_reference,not_applicable_source_reference,False,10,raw,8160,8160,,raw,0,0,10,3,0,70,16,6,d29a81a2fcf213156d586da8298122c03e9f6bfde0268c63d7add5eae51a0494,0,8160,1020,0,False
TOKEN-CHANNEL-EFFICIENCY-20260923/source,development,n03983396/ILSVRC2012_val_00012891_n03983396,69,62a65414a700886fce201470942a341bd6f772787a7603b59ffefcea12cdf8a3,not_applicable_source_reference,not_applicable_source_reference,False,10,arithmetic,6191,6191,6191,arithmetic,4,0,10,3,13,96,16,6,0eee44bf49d492cfbb7024c5d984ce3b894178e4337d451bfc01c3083c08793c,30,6191,774,1,False
TOKEN-CHANNEL-EFFICIENCY-20260923/source,development,n04044716/ILSVRC2012_val_00039752_n04044716,70,4684500d0ef929418c32a7620e97d9f1d5422991f5a2ca2e06a12af1232ec4c3,not_applicable_source_reference,not_applicable_source_reference,False,6,raw,1092,1092,,raw,0,0,10,3,0,70,16,6,a29b604ff1f536f38b0ddb9f88a8d89a640e80bffe7e65df63fa62a4accfafd4,0,1092,137,4,False
TOKEN-CHANNEL-EFFICIENCY-20260923/source,development,n04044716/ILSVRC2012_val_00039752_n04044716,70,4684500d0ef929418c32a7620e97d9f1d5422991f5a2ca2e06a12af1232ec4c3,not_applicable_source_reference,not_applicable_source_reference,False,6,arithmetic,799,799,799,arithmetic,2,0,10,3,13,96,16,6,bcdab8bdd637c0ab70d87cab31ced6848e5a7bccbf2e300b58adcc25a5f5741f,30,799,100,1,False
TOKEN-CHANNEL-EFFICIENCY-20260923/source,development,n04044716/ILSVRC2012_val_00039752_n04044716,70,4684500d0ef929418c32a7620e97d9f1d5422991f5a2ca2e06a12af1232ec4c3,not_applicable_source_reference,not_applicable_source_reference,False,7,raw,1860,1860,,raw,0,0,10,3,0,70,16,6,0cdef798ae01abf7305bed212cb525c1bf518af00b53d443f8503512df5ad160,0,1860,233,4,False
TOKEN-CHANNEL-EFFICIENCY-20260923/source,development,n04044716/ILSVRC2012_val_00039752_n04044716,70,4684500d0ef929418c32a7620e97d9f1d5422991f5a2ca2e06a12af1232ec4c3,not_applicable_source_reference,not_applicable_source_reference,False,7,arithmetic,1459,1459,1459,arithmetic,2,0,10,3,13,96,16,6,4aec776072d690314a180d9e56f6354aa5e9144ace0ef1a2bdb417d060a30454,30,1459,183,5,False
TOKEN-CHANNEL-EFFICIENCY-20260923/source,development,n04044716/ILSVRC2012_val_00039752_n04044716,70,4684500d0ef929418c32a7620e97d9f1d5422991f5a2ca2e06a12af1232ec4c3,not_applicable_source_reference,not_applicable_source_reference,False,8,raw,3060,3060,,raw,0,0,10,3,0,70,16,6,31ba718694d8f44f82a8652c73d16dc6b4befbbbbed75b10a0fa09cd8bfe8f73,0,3060,383,4,False
TOKEN-CHANNEL-EFFICIENCY-20260923/source,development,n04044716/ILSVRC2012_val_00039752_n04044716,70,4684500d0ef929418c32a7620e97d9f1d5422991f5a2ca2e06a12af1232ec4c3,not_applicable_source_reference,not_applicable_source_reference,False,8,arithmetic,2225,2225,2225,arithmetic,2,0,10,3,13,96,16,6,26d5a5a5fd4f7670db208f931fa2c8dc2644cc3d4189f43134b3cb289c75cfb6,30,2225,279,7,False
TOKEN-CHANNEL-EFFICIENCY-20260923/source,development,n04044716/ILSVRC2012_val_00039752_n04044716,70,4684500d0ef929418c32a7620e97d9f1d5422991f5a2ca2e06a12af1232ec4c3,not_applicable_source_reference,not_applicable_source_reference,False,9,raw,5088,5088,,raw,0,0,10,3,0,70,16,6,718fea94e8493ccb24e389146da405d8bf52e864fb8e471ce46c672f0e8f3a65,0,5088,636,0,False
TOKEN-CHANNEL-EFFICIENCY-20260923/source,development,n04044716/ILSVRC2012_val_00039752_n04044716,70,4684500d0ef929418c32a7620e97d9f1d5422991f5a2ca2e06a12af1232ec4c3,not_applicable_source_reference,not_applicable_source_reference,False,9,arithmetic,3480,3480,3480,arithmetic,2,0,10,3,13,96,16,6,76c0bcbff00467cf0cab679791aec97748d2e89d3fae9babf376a54cec1d4a2d,30,3480,435,0,False
TOKEN-CHANNEL-EFFICIENCY-20260923/source,development,n04044716/ILSVRC2012_val_00039752_n04044716,70,4684500d0ef929418c32a7620e97d9f1d5422991f5a2ca2e06a12af1232ec4c3,not_applicable_source_reference,not_applicable_source_reference,False,10,raw,8160,8160,,raw,0,0,10,3,0,70,16,6,c5364973ba0fdf8a0eb1cac0ab5e6661e4de4045f3adcfc4081586e54b6489dc,0,8160,1020,0,False
TOKEN-CHANNEL-EFFICIENCY-20260923/source,development,n04044716/ILSVRC2012_val_00039752_n04044716,70,4684500d0ef929418c32a7620e97d9f1d5422991f5a2ca2e06a12af1232ec4c3,not_applicable_source_reference,not_applicable_source_reference,False,10,arithmetic,5344,5344,5344,arithmetic,5,0,10,3,13,96,16,6,81bb7796d3ef309ada357650728fd6b97d73128766ac61edfb0dd3c68c477f66,30,5344,668,0,False
TOKEN-CHANNEL-EFFICIENCY-20260923/source,development,n04067472/ILSVRC2012_val_00007618_n04067472,71,50fc28951f4b1851b0854487090b20120b57db13ecec51f6e3e92ba56b2954a7,not_applicable_source_reference,not_applicable_source_reference,False,6,raw,1092,1092,,raw,0,0,10,3,0,70,16,6,32b76b257a36f1ed6e162dba6d8620c91a37a76894676878bc2d74a604317fd0,0,1092,137,4,False
TOKEN-CHANNEL-EFFICIENCY-20260923/source,development,n04067472/ILSVRC2012_val_00007618_n04067472,71,50fc28951f4b1851b0854487090b20120b57db13ecec51f6e3e92ba56b2954a7,not_applicable_source_reference,not_applicable_source_reference,False,6,arithmetic,961,961,961,arithmetic,2,0,10,3,13,96,16,6,9767dbeb77565fd61039ea5b7fa233941f89d44698965cacf6106dd38bec7699,30,961,121,7,False
TOKEN-CHANNEL-EFFICIENCY-20260923/source,development,n04067472/ILSVRC2012_val_00007618_n04067472,71,50fc28951f4b1851b0854487090b20120b57db13ecec51f6e3e92ba56b2954a7,not_applicable_source_reference,not_applicable_source_reference,False,7,raw,1860,1860,,raw,0,0,10,3,0,70,16,6,af1887c65289f83cba6df1538ca369c959e3d249ca275040efbf4f04938008d7,0,1860,233,4,False
TOKEN-CHANNEL-EFFICIENCY-20260923/source,development,n04067472/ILSVRC2012_val_00007618_n04067472,71,50fc28951f4b1851b0854487090b20120b57db13ecec51f6e3e92ba56b2954a7,not_applicable_source_reference,not_applicable_source_reference,False,7,arithmetic,1635,1635,1635,arithmetic,3,0,10,3,13,96,16,6,c15086f188a3ede11e7009176ec85aa448673961126e1563f8fa4b47a9555b61,30,1635,205,5,False
TOKEN-CHANNEL-EFFICIENCY-20260923/source,development,n04067472/ILSVRC2012_val_00007618_n04067472,71,50fc28951f4b1851b0854487090b20120b57db13ecec51f6e3e92ba56b2954a7,not_applicable_source_reference,not_applicable_source_reference,False,8,raw,3060,3060,,raw,0,0,10,3,0,70,16,6,4b35ed373c913884265fc4fef5ea4db22f71eea745a3d30de6a44f186d731c45,0,3060,383,4,False
TOKEN-CHANNEL-EFFICIENCY-20260923/source,development,n04067472/ILSVRC2012_val_00007618_n04067472,71,50fc28951f4b1851b0854487090b20120b57db13ecec51f6e3e92ba56b2954a7,not_applicable_source_reference,not_applicable_source_reference,False,8,arithmetic,2640,2640,2640,arithmetic,5,0,10,3,13,96,16,6,d577306193d10e9d19e75e0cc62b4707926378568bc9eed6ff722c3fc1269807,30,2640,330,0,False
TOKEN-CHANNEL-EFFICIENCY-20260923/source,development,n04067472/ILSVRC2012_val_00007618_n04067472,71,50fc28951f4b1851b0854487090b20120b57db13ecec51f6e3e92ba56b2954a7,not_applicable_source_reference,not_applicable_source_reference,False,9,raw,5088,5088,,raw,0,0,10,3,0,70,16,6,76c512b91add1d3865038b67234aabbe156921d1bf606168518a934eadd0e94d,0,5088,636,0,False
TOKEN-CHANNEL-EFFICIENCY-20260923/source,development,n04067472/ILSVRC2012_val_00007618_n04067472,71,50fc28951f4b1851b0854487090b20120b57db13ecec51f6e3e92ba56b2954a7,not_applicable_source_reference,not_applicable_source_reference,False,9,arithmetic,4344,4344,4344,arithmetic,3,0,10,3,13,96,16,6,33a47fb1bb4ffc99cca32efdafe029a3a1c35e9c0cf48ea45dbeee8af6cc380d,30,4344,543,0,False
TOKEN-CHANNEL-EFFICIENCY-20260923/source,development,n04067472/ILSVRC2012_val_00007618_n04067472,71,50fc28951f4b1851b0854487090b20120b57db13ecec51f6e3e92ba56b2954a7,not_applicable_source_reference,not_applicable_source_reference,False,10,raw,8160,8160,,raw,0,0,10,3,0,70,16,6,1557bc515f772919021076598df113b0a71312221dadc0ab5adc06b1bd710a4f,0,8160,1020,0,False
TOKEN-CHANNEL-EFFICIENCY-20260923/source,development,n04067472/ILSVRC2012_val_00007618_n04067472,71,50fc28951f4b1851b0854487090b20120b57db13ecec51f6e3e92ba56b2954a7,not_applicable_source_reference,not_applicable_source_reference,False,10,arithmetic,6421,6421,6421,arithmetic,2,0,10,3,13,96,16,6,a5f94e6621c91d534f271a42099d9dff573c671d39fb39f2b96eff28621c18c0,30,6421,803,3,False
TOKEN-CHANNEL-EFFICIENCY-20260923/source,development,n04111531/ILSVRC2012_val_00013982_n04111531,72,bf3dcc257672ac223943ff82ef51ebf2915e31dedf8d5adc1446c0aebc47b061,not_applicable_source_reference,not_applicable_source_reference,False,6,raw,1092,1092,,raw,0,0,10,3,0,70,16,6,41b3e82ed289c4f3de5c8e307517fdbe208ff4a9c3191b96f14330f8fe620c24,0,1092,137,4,False
TOKEN-CHANNEL-EFFICIENCY-20260923/source,development,n04111531/ILSVRC2012_val_00013982_n04111531,72,bf3dcc257672ac223943ff82ef51ebf2915e31dedf8d5adc1446c0aebc47b061,not_applicable_source_reference,not_applicable_source_reference,False,6,arithmetic,936,936,936,arithmetic,2,0,10,3,13,96,16,6,30a6e2adb5aedebff73d18216de9ef009a5728a3eec6bd41929599a9ea29f887,30,936,117,0,False
TOKEN-CHANNEL-EFFICIENCY-20260923/source,development,n04111531/ILSVRC2012_val_00013982_n04111531,72,bf3dcc257672ac223943ff82ef51ebf2915e31dedf8d5adc1446c0aebc47b061,not_applicable_source_reference,not_applicable_source_reference,False,7,raw,1860,1860,,raw,0,0,10,3,0,70,16,6,929a3aeeda4beee391007eddd053280f89085aa4299f28d170b895173c28e0ba,0,1860,233,4,False
TOKEN-CHANNEL-EFFICIENCY-20260923/source,development,n04111531/ILSVRC2012_val_00013982_n04111531,72,bf3dcc257672ac223943ff82ef51ebf2915e31dedf8d5adc1446c0aebc47b061,not_applicable_source_reference,not_applicable_source_reference,False,7,arithmetic,1597,1597,1597,arithmetic,2,0,10,3,13,96,16,6,fde6bad10c2471fb07da4ea0b517b42148ba756bfaf73ed7b4a8b149ae59e65f,30,1597,200,3,False
TOKEN-CHANNEL-EFFICIENCY-20260923/source,development,n04111531/ILSVRC2012_val_00013982_n04111531,72,bf3dcc257672ac223943ff82ef51ebf2915e31dedf8d5adc1446c0aebc47b061,not_applicable_source_reference,not_applicable_source_reference,False,8,raw,3060,3060,,raw,0,0,10,3,0,70,16,6,8a2fb959a417eaa5793eec26e583be51500844b7e74cfdf0d630753c1b64512c,0,3060,383,4,False
TOKEN-CHANNEL-EFFICIENCY-20260923/source,development,n04111531/ILSVRC2012_val_00013982_n04111531,72,bf3dcc257672ac223943ff82ef51ebf2915e31dedf8d5adc1446c0aebc47b061,not_applicable_source_reference,not_applicable_source_reference,False,8,arithmetic,2563,2563,2563,arithmetic,2,0,10,3,13,96,16,6,862de10802a21be47ff4e62f4257096cd5f464a8c060733d5fe218ab415e2de5,30,2563,321,5,False
TOKEN-CHANNEL-EFFICIENCY-20260923/source,development,n04111531/ILSVRC2012_val_00013982_n04111531,72,bf3dcc257672ac223943ff82ef51ebf2915e31dedf8d5adc1446c0aebc47b061,not_applicable_source_reference,not_applicable_source_reference,False,9,raw,5088,5088,,raw,0,0,10,3,0,70,16,6,0376a277bde9c8cbd4b71308d18e938a6874fbfbaf014ebaaa3f35a710db079f,0,5088,636,0,False
TOKEN-CHANNEL-EFFICIENCY-20260923/source,development,n04111531/ILSVRC2012_val_00013982_n04111531,72,bf3dcc257672ac223943ff82ef51ebf2915e31dedf8d5adc1446c0aebc47b061,not_applicable_source_reference,not_applicable_source_reference,False,9,arithmetic,4142,4142,4142,arithmetic,2,0,10,3,13,96,16,6,4e756b295e8b9bd3b1d3d136352c4121d00803318b5fa616713ca04cf89b9d37,30,4142,518,2,False
TOKEN-CHANNEL-EFFICIENCY-20260923/source,development,n04111531/ILSVRC2012_val_00013982_n04111531,72,bf3dcc257672ac223943ff82ef51ebf2915e31dedf8d5adc1446c0aebc47b061,not_applicable_source_reference,not_applicable_source_reference,False,10,raw,8160,8160,,raw,0,0,10,3,0,70,16,6,cdfca4574724c10e76df13410de7f054bbb9d54f99766b0dbc5de71f1b5de06c,0,8160,1020,0,False
TOKEN-CHANNEL-EFFICIENCY-20260923/source,development,n04111531/ILSVRC2012_val_00013982_n04111531,72,bf3dcc257672ac223943ff82ef51ebf2915e31dedf8d5adc1446c0aebc47b061,not_applicable_source_reference,not_applicable_source_reference,False,10,arithmetic,6290,6290,6290,arithmetic,4,0,10,3,13,96,16,6,5ade4100169cc1003b86e9de6d23d14c3c2c3d399e2e8aef5e9181cf77bcc929,30,6290,787,6,False
TOKEN-CHANNEL-EFFICIENCY-20260923/source,development,n04131690/ILSVRC2012_val_00002728_n04131690,73,a4f0ce87454301b9469c70fbe6b41ffe2efe961d876273779860662e88fdeb06,not_applicable_source_reference,not_applicable_source_reference,False,6,raw,1092,1092,,raw,0,0,10,3,0,70,16,6,7f1316ba6497db7238e58c94b4e8e0c828c4f3c33b77da6162c85ef7dc373dd2,0,1092,137,4,False
TOKEN-CHANNEL-EFFICIENCY-20260923/source,development,n04131690/ILSVRC2012_val_00002728_n04131690,73,a4f0ce87454301b9469c70fbe6b41ffe2efe961d876273779860662e88fdeb06,not_applicable_source_reference,not_applicable_source_reference,False,6,arithmetic,861,861,861,arithmetic,2,0,10,3,13,96,16,6,11a52c16ac079fe63c2e787241c2df418dff330ecec01091a93ba489e6697f62,30,861,108,3,False
TOKEN-CHANNEL-EFFICIENCY-20260923/source,development,n04131690/ILSVRC2012_val_00002728_n04131690,73,a4f0ce87454301b9469c70fbe6b41ffe2efe961d876273779860662e88fdeb06,not_applicable_source_reference,not_applicable_source_reference,False,7,raw,1860,1860,,raw,0,0,10,3,0,70,16,6,b27980e4bb18e8884006bbde02982b6816d9dd1a4b4e394d56e904fb8d0948bd,0,1860,233,4,False
TOKEN-CHANNEL-EFFICIENCY-20260923/source,development,n04131690/ILSVRC2012_val_00002728_n04131690,73,a4f0ce87454301b9469c70fbe6b41ffe2efe961d876273779860662e88fdeb06,not_applicable_source_reference,not_applicable_source_reference,False,7,arithmetic,1524,1524,1524,arithmetic,9,0,10,3,13,96,16,6,0e9afd27260963ebbaeb33a198f251335a3d4dc1e47972325fdc3d3a65bffbf1,30,1524,191,4,False
TOKEN-CHANNEL-EFFICIENCY-20260923/source,development,n04131690/ILSVRC2012_val_00002728_n04131690,73,a4f0ce87454301b9469c70fbe6b41ffe2efe961d876273779860662e88fdeb06,not_applicable_source_reference,not_applicable_source_reference,False,8,raw,3060,3060,,raw,0,0,10,3,0,70,16,6,0318f1a223e3fd4f5240c428b82d75c54144fd389aa80bd42b23143c8ebd314d,0,3060,383,4,False
TOKEN-CHANNEL-EFFICIENCY-20260923/source,development,n04131690/ILSVRC2012_val_00002728_n04131690,73,a4f0ce87454301b9469c70fbe6b41ffe2efe961d876273779860662e88fdeb06,not_applicable_source_reference,not_applicable_source_reference,False,8,arithmetic,2447,2447,2447,arithmetic,3,0,10,3,13,96,16,6,657b8502257ca1107a996683edc4c936bbad70f3e92d8ad3517fc5d748f45fea,30,2447,306,1,False
TOKEN-CHANNEL-EFFICIENCY-20260923/source,development,n04131690/ILSVRC2012_val_00002728_n04131690,73,a4f0ce87454301b9469c70fbe6b41ffe2efe961d876273779860662e88fdeb06,not_applicable_source_reference,not_applicable_source_reference,False,9,raw,5088,5088,,raw,0,0,10,3,0,70,16,6,45047402945fe087d770b074f7bec8862f44e59f4f7825ed4c4294b0023e2594,0,5088,636,0,False
TOKEN-CHANNEL-EFFICIENCY-20260923/source,development,n04131690/ILSVRC2012_val_00002728_n04131690,73,a4f0ce87454301b9469c70fbe6b41ffe2efe961d876273779860662e88fdeb06,not_applicable_source_reference,not_applicable_source_reference,False,9,arithmetic,3927,3927,3927,arithmetic,2,0,10,3,13,96,16,6,3f890a69f0678582d56f2d4c42172043418398e2a3e2c0d2169e92e97bb96464,30,3927,491,1,False
TOKEN-CHANNEL-EFFICIENCY-20260923/source,development,n04131690/ILSVRC2012_val_00002728_n04131690,73,a4f0ce87454301b9469c70fbe6b41ffe2efe961d876273779860662e88fdeb06,not_applicable_source_reference,not_applicable_source_reference,False,10,raw,8160,8160,,raw,0,0,10,3,0,70,16,6,3808476e0a620a27a233fc0a9b843a8cdd3edcff5ce639f8b233587fa613914d,0,8160,1020,0,False
TOKEN-CHANNEL-EFFICIENCY-20260923/source,development,n04131690/ILSVRC2012_val_00002728_n04131690,73,a4f0ce87454301b9469c70fbe6b41ffe2efe961d876273779860662e88fdeb06,not_applicable_source_reference,not_applicable_source_reference,False,10,arithmetic,5791,5791,5791,arithmetic,3,0,10,3,13,96,16,6,7d837832005cb21607078e9ef35b5b66597dfb85d211c9b921954d162bdf64be,30,5791,724,1,False
TOKEN-CHANNEL-EFFICIENCY-20260923/source,development,n04153751/ILSVRC2012_val_00008426_n04153751,74,97b815265374ec1d6426380e5a710dd1bb8cc13320799468805e6c7c665f568d,not_applicable_source_reference,not_applicable_source_reference,False,6,raw,1092,1092,,raw,0,0,10,3,0,70,16,6,4bacef0f636db5d4d1562d8ce424b8d081dccdff296567f92f994fd5fb2aa754,0,1092,137,4,False
TOKEN-CHANNEL-EFFICIENCY-20260923/source,development,n04153751/ILSVRC2012_val_00008426_n04153751,74,97b815265374ec1d6426380e5a710dd1bb8cc13320799468805e6c7c665f568d,not_applicable_source_reference,not_applicable_source_reference,False,6,arithmetic,721,721,721,arithmetic,4,0,10,3,13,96,16,6,e5078fa59449419212ccddd1a389436a105704e73175bccbc6f594fd9932a80e,30,721,91,7,False
TOKEN-CHANNEL-EFFICIENCY-20260923/source,development,n04153751/ILSVRC2012_val_00008426_n04153751,74,97b815265374ec1d6426380e5a710dd1bb8cc13320799468805e6c7c665f568d,not_applicable_source_reference,not_applicable_source_reference,False,7,raw,1860,1860,,raw,0,0,10,3,0,70,16,6,28f12fe26b00db075fc76056223bb0fbb2c94fe1ac44b8690950d404c0446387,0,1860,233,4,False
TOKEN-CHANNEL-EFFICIENCY-20260923/source,development,n04153751/ILSVRC2012_val_00008426_n04153751,74,97b815265374ec1d6426380e5a710dd1bb8cc13320799468805e6c7c665f568d,not_applicable_source_reference,not_applicable_source_reference,False,7,arithmetic,1269,1269,1269,arithmetic,2,0,10,3,13,96,16,6,c735eb97ed36b01734a184051a3557c1276b609e1040a9d1744df1898635980a,30,1269,159,3,False
TOKEN-CHANNEL-EFFICIENCY-20260923/source,development,n04153751/ILSVRC2012_val_00008426_n04153751,74,97b815265374ec1d6426380e5a710dd1bb8cc13320799468805e6c7c665f568d,not_applicable_source_reference,not_applicable_source_reference,False,8,raw,3060,3060,,raw,0,0,10,3,0,70,16,6,367106a57e6bc9d78a97ccbc7120c569be283eb67db4f2e0359b70fa160e43d4,0,3060,383,4,False
TOKEN-CHANNEL-EFFICIENCY-20260923/source,development,n04153751/ILSVRC2012_val_00008426_n04153751,74,97b815265374ec1d6426380e5a710dd1bb8cc13320799468805e6c7c665f568d,not_applicable_source_reference,not_applicable_source_reference,False,8,arithmetic,2024,2024,2024,arithmetic,2,0,10,3,13,96,16,6,d92c48773fd79a7adaf56600b2a4aa6ffc54249dbb5c07be2f4f1c14d37519e3,30,2024,253,0,False
TOKEN-CHANNEL-EFFICIENCY-20260923/source,development,n04153751/ILSVRC2012_val_00008426_n04153751,74,97b815265374ec1d6426380e5a710dd1bb8cc13320799468805e6c7c665f568d,not_applicable_source_reference,not_applicable_source_reference,False,9,raw,5088,5088,,raw,0,0,10,3,0,70,16,6,4120bb4464c2de7bcbedc5ec7e2906a0862029eb79dedae59497772f9d308790,0,5088,636,0,False
TOKEN-CHANNEL-EFFICIENCY-20260923/source,development,n04153751/ILSVRC2012_val_00008426_n04153751,74,97b815265374ec1d6426380e5a710dd1bb8cc13320799468805e6c7c665f568d,not_applicable_source_reference,not_applicable_source_reference,False,9,arithmetic,3232,3232,3232,arithmetic,2,0,10,3,13,96,16,6,8ce4eca14da9c92c5553b55d4e3b066dd1ff4d4d8aad1ee7839c59a7faa82e61,30,3232,404,0,False
TOKEN-CHANNEL-EFFICIENCY-20260923/source,development,n04153751/ILSVRC2012_val_00008426_n04153751,74,97b815265374ec1d6426380e5a710dd1bb8cc13320799468805e6c7c665f568d,not_applicable_source_reference,not_applicable_source_reference,False,10,raw,8160,8160,,raw,0,0,10,3,0,70,16,6,cb856f507e082c9d48118ca99c2a9e79742b81579c6b74d5d6536b0376d9fc3c,0,8160,1020,0,False
TOKEN-CHANNEL-EFFICIENCY-20260923/source,development,n04153751/ILSVRC2012_val_00008426_n04153751,74,97b815265374ec1d6426380e5a710dd1bb8cc13320799468805e6c7c665f568d,not_applicable_source_reference,not_applicable_source_reference,False,10,arithmetic,5259,5259,5259,arithmetic,3,0,10,3,13,96,16,6,b29000ceca9866764828dca59fd849f2e12b8e421dda43bbe1b4b7b6570f4b45,30,5259,658,5,False
TOKEN-CHANNEL-EFFICIENCY-20260923/source,development,n04204347/ILSVRC2012_val_00018921_n04204347,75,bb0919028da5d8113228b4ea2031f03cae14b6805b1a3078dbd2d6f04c5b7ab8,not_applicable_source_reference,not_applicable_source_reference,False,6,raw,1092,1092,,raw,0,0,10,3,0,70,16,6,8fdf9f572532cfe52e812e150e9bdc9f4b10cc090978c3846e997eab6a0770bf,0,1092,137,4,False
TOKEN-CHANNEL-EFFICIENCY-20260923/source,development,n04204347/ILSVRC2012_val_00018921_n04204347,75,bb0919028da5d8113228b4ea2031f03cae14b6805b1a3078dbd2d6f04c5b7ab8,not_applicable_source_reference,not_applicable_source_reference,False,6,arithmetic,795,795,795,arithmetic,2,0,10,3,13,96,16,6,51953c1b2ac4a922bfebddae5e65b444d5b9ada7c89db8314e53fc7c70bfec7d,30,795,100,5,False
TOKEN-CHANNEL-EFFICIENCY-20260923/source,development,n04204347/ILSVRC2012_val_00018921_n04204347,75,bb0919028da5d8113228b4ea2031f03cae14b6805b1a3078dbd2d6f04c5b7ab8,not_applicable_source_reference,not_applicable_source_reference,False,7,raw,1860,1860,,raw,0,0,10,3,0,70,16,6,13b5edcedc5bc87c2be3a1206cbad38aa3d1bd5d233fb98aa67c7d74bf3e3dcd,0,1860,233,4,False
TOKEN-CHANNEL-EFFICIENCY-20260923/source,development,n04204347/ILSVRC2012_val_00018921_n04204347,75,bb0919028da5d8113228b4ea2031f03cae14b6805b1a3078dbd2d6f04c5b7ab8,not_applicable_source_reference,not_applicable_source_reference,False,7,arithmetic,1368,1368,1368,arithmetic,2,0,10,3,13,96,16,6,8ab2bf44bba10260f396aa65f04e17decd49caa9f8522102308e884be788994b,30,1368,171,0,False
TOKEN-CHANNEL-EFFICIENCY-20260923/source,development,n04204347/ILSVRC2012_val_00018921_n04204347,75,bb0919028da5d8113228b4ea2031f03cae14b6805b1a3078dbd2d6f04c5b7ab8,not_applicable_source_reference,not_applicable_source_reference,False,8,raw,3060,3060,,raw,0,0,10,3,0,70,16,6,1d3b70c8a415b7f013f93950ccd0658504bd6aabc343f7256f96d2174ea75018,0,3060,383,4,False
TOKEN-CHANNEL-EFFICIENCY-20260923/source,development,n04204347/ILSVRC2012_val_00018921_n04204347,75,bb0919028da5d8113228b4ea2031f03cae14b6805b1a3078dbd2d6f04c5b7ab8,not_applicable_source_reference,not_applicable_source_reference,False,8,arithmetic,2120,2120,2120,arithmetic,2,0,10,3,13,96,16,6,a5ad6394aa240cd1bf275b102bfd4584892154bc19ea68a8272591491f980405,30,2120,265,0,False
TOKEN-CHANNEL-EFFICIENCY-20260923/source,development,n04204347/ILSVRC2012_val_00018921_n04204347,75,bb0919028da5d8113228b4ea2031f03cae14b6805b1a3078dbd2d6f04c5b7ab8,not_applicable_source_reference,not_applicable_source_reference,False,9,raw,5088,5088,,raw,0,0,10,3,0,70,16,6,57a81f5fa750a2a86d35ed88c06f90fdc319578b26ca3e795d7fe0cbb70cd33b,0,5088,636,0,False
TOKEN-CHANNEL-EFFICIENCY-20260923/source,development,n04204347/ILSVRC2012_val_00018921_n04204347,75,bb0919028da5d8113228b4ea2031f03cae14b6805b1a3078dbd2d6f04c5b7ab8,not_applicable_source_reference,not_applicable_source_reference,False,9,arithmetic,3417,3417,3417,arithmetic,2,0,10,3,13,96,16,6,a3b923e50e8fc1a35d3d490c57161bacb0d68e9dc651b1a3f46e5c7e231475e5,30,3417,428,7,False
TOKEN-CHANNEL-EFFICIENCY-20260923/source,development,n04204347/ILSVRC2012_val_00018921_n04204347,75,bb0919028da5d8113228b4ea2031f03cae14b6805b1a3078dbd2d6f04c5b7ab8,not_applicable_source_reference,not_applicable_source_reference,False,10,raw,8160,8160,,raw,0,0,10,3,0,70,16,6,10411a76d85c6260d5df00698c07ef8c97a3d442a504a5dd8415d83a34a1f08c,0,8160,1020,0,False
TOKEN-CHANNEL-EFFICIENCY-20260923/source,development,n04204347/ILSVRC2012_val_00018921_n04204347,75,bb0919028da5d8113228b4ea2031f03cae14b6805b1a3078dbd2d6f04c5b7ab8,not_applicable_source_reference,not_applicable_source_reference,False,10,arithmetic,5335,5335,5335,arithmetic,2,0,10,3,13,96,16,6,81804da8c69f27f8a33e56e5f1a50ad8782f0ab198e3eb7c8f0b201311685bb2,30,5335,667,1,False
TOKEN-CHANNEL-EFFICIENCY-20260923/source,development,n04235860/ILSVRC2012_val_00004033_n04235860,76,d97a5615f039b7023b17570a301aea94aeaf383e5cf8b6337c8c41d92f68a91e,not_applicable_source_reference,not_applicable_source_reference,False,6,raw,1092,1092,,raw,0,0,10,3,0,70,16,6,9811c1ac2c47b5f6c7bd8822e726dbbbc06d6e4496d91f987f83fbe6d06bf244,0,1092,137,4,False
TOKEN-CHANNEL-EFFICIENCY-20260923/source,development,n04235860/ILSVRC2012_val_00004033_n04235860,76,d97a5615f039b7023b17570a301aea94aeaf383e5cf8b6337c8c41d92f68a91e,not_applicable_source_reference,not_applicable_source_reference,False,6,arithmetic,920,920,920,arithmetic,2,0,10,3,13,96,16,6,3ae70e1c35f3456677674363fe4355bf1930f4ac1554c513628eb22b98ef3bdc,30,920,115,0,False
TOKEN-CHANNEL-EFFICIENCY-20260923/source,development,n04235860/ILSVRC2012_val_00004033_n04235860,76,d97a5615f039b7023b17570a301aea94aeaf383e5cf8b6337c8c41d92f68a91e,not_applicable_source_reference,not_applicable_source_reference,False,7,raw,1860,1860,,raw,0,0,10,3,0,70,16,6,1edd7970068580df6eeb38ee0f6141aeb23298d5868d3d44a5e905e56c03f270,0,1860,233,4,False
TOKEN-CHANNEL-EFFICIENCY-20260923/source,development,n04235860/ILSVRC2012_val_00004033_n04235860,76,d97a5615f039b7023b17570a301aea94aeaf383e5cf8b6337c8c41d92f68a91e,not_applicable_source_reference,not_applicable_source_reference,False,7,arithmetic,1631,1631,1631,arithmetic,2,0,10,3,13,96,16,6,c99a7615a59965fd310c576a2a4a67dbd2a4db7fc06027b3aaf1fb4f3f299c16,30,1631,204,1,False
TOKEN-CHANNEL-EFFICIENCY-20260923/source,development,n04235860/ILSVRC2012_val_00004033_n04235860,76,d97a5615f039b7023b17570a301aea94aeaf383e5cf8b6337c8c41d92f68a91e,not_applicable_source_reference,not_applicable_source_reference,False,8,raw,3060,3060,,raw,0,0,10,3,0,70,16,6,ec4a8baa17037706615e7647802a17df3671abdedeefe7195bda25bf6a39a12d,0,3060,383,4,False
TOKEN-CHANNEL-EFFICIENCY-20260923/source,development,n04235860/ILSVRC2012_val_00004033_n04235860,76,d97a5615f039b7023b17570a301aea94aeaf383e5cf8b6337c8c41d92f68a91e,not_applicable_source_reference,not_applicable_source_reference,False,8,arithmetic,2656,2656,2656,arithmetic,5,0,10,3,13,96,16,6,335fe10524d2e369ebe07fdbb046f509c5684d351dd1991ca42901ab236c5dda,30,2656,332,0,False
TOKEN-CHANNEL-EFFICIENCY-20260923/source,development,n04235860/ILSVRC2012_val_00004033_n04235860,76,d97a5615f039b7023b17570a301aea94aeaf383e5cf8b6337c8c41d92f68a91e,not_applicable_source_reference,not_applicable_source_reference,False,9,raw,5088,5088,,raw,0,0,10,3,0,70,16,6,bde5bbf59f6c8c7b6dfe9bc4a25761a14d74239bf105eb086997ffef1e7c5ef9,0,5088,636,0,False
TOKEN-CHANNEL-EFFICIENCY-20260923/source,development,n04235860/ILSVRC2012_val_00004033_n04235860,76,d97a5615f039b7023b17570a301aea94aeaf383e5cf8b6337c8c41d92f68a91e,not_applicable_source_reference,not_applicable_source_reference,False,9,arithmetic,4331,4331,4331,arithmetic,2,0,10,3,13,96,16,6,b7d0a888ac6b77ab1229b841c0f020fc843032ead51207d4fec328eec987810c,30,4331,542,5,False
TOKEN-CHANNEL-EFFICIENCY-20260923/source,development,n04235860/ILSVRC2012_val_00004033_n04235860,76,d97a5615f039b7023b17570a301aea94aeaf383e5cf8b6337c8c41d92f68a91e,not_applicable_source_reference,not_applicable_source_reference,False,10,raw,8160,8160,,raw,0,0,10,3,0,70,16,6,410c0f8335dca02edbdf0e8fad04ff13a7b2dff4d36f409ffb24c2a38ecb2298,0,8160,1020,0,False
TOKEN-CHANNEL-EFFICIENCY-20260923/source,development,n04235860/ILSVRC2012_val_00004033_n04235860,76,d97a5615f039b7023b17570a301aea94aeaf383e5cf8b6337c8c41d92f68a91e,not_applicable_source_reference,not_applicable_source_reference,False,10,arithmetic,6466,6466,6466,arithmetic,3,0,10,3,13,96,16,6,4fb1bd682a4ca411ff13d6f3f6c2bd0df178235f9b8df762d37d491a5c9a6fe4,30,6466,809,6,False
TOKEN-CHANNEL-EFFICIENCY-20260923/source,development,n04252077/ILSVRC2012_val_00012989_n04252077,77,23d5d73078c0a822663f12dae1fdcc88fb421d9b7d25631165b606ee3f992794,not_applicable_source_reference,not_applicable_source_reference,False,6,raw,1092,1092,,raw,0,0,10,3,0,70,16,6,3d75d37d4886dbd75436b38c7c510892bc548dc0217661d47f25c73b74e3afb2,0,1092,137,4,False
TOKEN-CHANNEL-EFFICIENCY-20260923/source,development,n04252077/ILSVRC2012_val_00012989_n04252077,77,23d5d73078c0a822663f12dae1fdcc88fb421d9b7d25631165b606ee3f992794,not_applicable_source_reference,not_applicable_source_reference,False,6,arithmetic,951,951,951,arithmetic,2,0,10,3,13,96,16,6,446b955970c3d71c1ff5b248d107dc93f9b789709de41bdff37134412a93df4f,30,951,119,1,False
TOKEN-CHANNEL-EFFICIENCY-20260923/source,development,n04252077/ILSVRC2012_val_00012989_n04252077,77,23d5d73078c0a822663f12dae1fdcc88fb421d9b7d25631165b606ee3f992794,not_applicable_source_reference,not_applicable_source_reference,False,7,raw,1860,1860,,raw,0,0,10,3,0,70,16,6,6bbb033f8c950f98e749a25c4471b57a848a9ea009e18992c48dbfe32e7883e7,0,1860,233,4,False
TOKEN-CHANNEL-EFFICIENCY-20260923/source,development,n04252077/ILSVRC2012_val_00012989_n04252077,77,23d5d73078c0a822663f12dae1fdcc88fb421d9b7d25631165b606ee3f992794,not_applicable_source_reference,not_applicable_source_reference,False,7,arithmetic,1624,1624,1624,arithmetic,2,0,10,3,13,96,16,6,51c24aa124f732ccca19ee77409f0dc16f97f75bfb851e7a4cd80dcff80abe41,30,1624,203,0,False
TOKEN-CHANNEL-EFFICIENCY-20260923/source,development,n04252077/ILSVRC2012_val_00012989_n04252077,77,23d5d73078c0a822663f12dae1fdcc88fb421d9b7d25631165b606ee3f992794,not_applicable_source_reference,not_applicable_source_reference,False,8,raw,3060,3060,,raw,0,0,10,3,0,70,16,6,187c2766b6ba1202d576456770bc04741db749ac0f95bc72123736c6c4de11d1,0,3060,383,4,False
TOKEN-CHANNEL-EFFICIENCY-20260923/source,development,n04252077/ILSVRC2012_val_00012989_n04252077,77,23d5d73078c0a822663f12dae1fdcc88fb421d9b7d25631165b606ee3f992794,not_applicable_source_reference,not_applicable_source_reference,False,8,arithmetic,2628,2628,2628,arithmetic,4,0,10,3,13,96,16,6,f0f0f26f2eb629e3295b6eda35df3fbfa111b78fc2ac68a04c1df01012283437,30,2628,329,4,False
TOKEN-CHANNEL-EFFICIENCY-20260923/source,development,n04252077/ILSVRC2012_val_00012989_n04252077,77,23d5d73078c0a822663f12dae1fdcc88fb421d9b7d25631165b606ee3f992794,not_applicable_source_reference,not_applicable_source_reference,False,9,raw,5088,5088,,raw,0,0,10,3,0,70,16,6,40a0f368fc4dd94fb9e08f8ad112ba6cdf17b2118be9fbbc22f9beade82653e6,0,5088,636,0,False
TOKEN-CHANNEL-EFFICIENCY-20260923/source,development,n04252077/ILSVRC2012_val_00012989_n04252077,77,23d5d73078c0a822663f12dae1fdcc88fb421d9b7d25631165b606ee3f992794,not_applicable_source_reference,not_applicable_source_reference,False,9,arithmetic,4271,4271,4271,arithmetic,4,0,10,3,13,96,16,6,e1303263a12bd6d7c579d87dd39f517b577a7e440886a725b97ac4b6e4d9e957,30,4271,534,1,False
TOKEN-CHANNEL-EFFICIENCY-20260923/source,development,n04252077/ILSVRC2012_val_00012989_n04252077,77,23d5d73078c0a822663f12dae1fdcc88fb421d9b7d25631165b606ee3f992794,not_applicable_source_reference,not_applicable_source_reference,False,10,raw,8160,8160,,raw,0,0,10,3,0,70,16,6,89c61cccc5b1b56fe2b15b47bb821d652f94145b580460d093e64865f5b64c83,0,8160,1020,0,False
TOKEN-CHANNEL-EFFICIENCY-20260923/source,development,n04252077/ILSVRC2012_val_00012989_n04252077,77,23d5d73078c0a822663f12dae1fdcc88fb421d9b7d25631165b606ee3f992794,not_applicable_source_reference,not_applicable_source_reference,False,10,arithmetic,6491,6491,6491,arithmetic,2,0,10,3,13,96,16,6,8895efe34e381a7edd8f194596e256cc24e40fc403f3ebcb8bf0399109fa5a1b,30,6491,812,5,False
TOKEN-CHANNEL-EFFICIENCY-20260923/source,development,n04310018/ILSVRC2012_val_00003156_n04310018,78,b9de11c7fd9f074f8fd637aa4988d21f533d12b9ff435507616ba87af0016608,not_applicable_source_reference,not_applicable_source_reference,False,6,raw,1092,1092,,raw,0,0,10,3,0,70,16,6,c1d5eb24902615332f0d19cac7a55d4dd6dff94a0b309fddcb26dbf8f4afdb00,0,1092,137,4,False
TOKEN-CHANNEL-EFFICIENCY-20260923/source,development,n04310018/ILSVRC2012_val_00003156_n04310018,78,b9de11c7fd9f074f8fd637aa4988d21f533d12b9ff435507616ba87af0016608,not_applicable_source_reference,not_applicable_source_reference,False,6,arithmetic,915,915,915,arithmetic,3,0,10,3,13,96,16,6,deb8933f31c175ed673bdffa0692a121d4970d363f44ffca4cdfbbb7165b62f4,30,915,115,5,False
TOKEN-CHANNEL-EFFICIENCY-20260923/source,development,n04310018/ILSVRC2012_val_00003156_n04310018,78,b9de11c7fd9f074f8fd637aa4988d21f533d12b9ff435507616ba87af0016608,not_applicable_source_reference,not_applicable_source_reference,False,7,raw,1860,1860,,raw,0,0,10,3,0,70,16,6,5c720b5cd170e2c94d8044eaa763bf9fe726cf950d76cd475704aa601d2ce690,0,1860,233,4,False
TOKEN-CHANNEL-EFFICIENCY-20260923/source,development,n04310018/ILSVRC2012_val_00003156_n04310018,78,b9de11c7fd9f074f8fd637aa4988d21f533d12b9ff435507616ba87af0016608,not_applicable_source_reference,not_applicable_source_reference,False,7,arithmetic,1561,1561,1561,arithmetic,2,0,10,3,13,96,16,6,164040f6f07f7287b77767a02d9be2979366e7f34ab8271a651a7819f151c101,30,1561,196,7,False
TOKEN-CHANNEL-EFFICIENCY-20260923/source,development,n04310018/ILSVRC2012_val_00003156_n04310018,78,b9de11c7fd9f074f8fd637aa4988d21f533d12b9ff435507616ba87af0016608,not_applicable_source_reference,not_applicable_source_reference,False,8,raw,3060,3060,,raw,0,0,10,3,0,70,16,6,fff1fb67e2884471634a7c7d31669186b1b7dbde908bd7f3cc36fb9bb622f710,0,3060,383,4,False
TOKEN-CHANNEL-EFFICIENCY-20260923/source,development,n04310018/ILSVRC2012_val_00003156_n04310018,78,b9de11c7fd9f074f8fd637aa4988d21f533d12b9ff435507616ba87af0016608,not_applicable_source_reference,not_applicable_source_reference,False,8,arithmetic,2567,2567,2567,arithmetic,2,0,10,3,13,96,16,6,20112664f61e36c5fd13ce4d30482ec35afae9a1f3295bb0e922b6b07fa0d2b0,30,2567,321,1,False
TOKEN-CHANNEL-EFFICIENCY-20260923/source,development,n04310018/ILSVRC2012_val_00003156_n04310018,78,b9de11c7fd9f074f8fd637aa4988d21f533d12b9ff435507616ba87af0016608,not_applicable_source_reference,not_applicable_source_reference,False,9,raw,5088,5088,,raw,0,0,10,3,0,70,16,6,74d4323edf06e02f3cb39369bd0f856018eb88441f065a60471e69bf96adf268,0,5088,636,0,False
TOKEN-CHANNEL-EFFICIENCY-20260923/source,development,n04310018/ILSVRC2012_val_00003156_n04310018,78,b9de11c7fd9f074f8fd637aa4988d21f533d12b9ff435507616ba87af0016608,not_applicable_source_reference,not_applicable_source_reference,False,9,arithmetic,4166,4166,4166,arithmetic,5,0,10,3,13,96,16,6,737f00b6cdf32992338a45cdf1fbb8cd7044dff0b2953f2b41e4d77a592fa303,30,4166,521,2,False
TOKEN-CHANNEL-EFFICIENCY-20260923/source,development,n04310018/ILSVRC2012_val_00003156_n04310018,78,b9de11c7fd9f074f8fd637aa4988d21f533d12b9ff435507616ba87af0016608,not_applicable_source_reference,not_applicable_source_reference,False,10,raw,8160,8160,,raw,0,0,10,3,0,70,16,6,22467f6883c45cd5a12e1f6143a20fa66d9674273f6140bd55fad8278bc56c4d,0,8160,1020,0,False
TOKEN-CHANNEL-EFFICIENCY-20260923/source,development,n04310018/ILSVRC2012_val_00003156_n04310018,78,b9de11c7fd9f074f8fd637aa4988d21f533d12b9ff435507616ba87af0016608,not_applicable_source_reference,not_applicable_source_reference,False,10,arithmetic,6172,6172,6172,arithmetic,2,0,10,3,13,96,16,6,f465971368d47d9b8087fd7a1beb1d046997c7c9b8f5065cb61d2025ff2eca65,30,6172,772,4,False
TOKEN-CHANNEL-EFFICIENCY-20260923/source,development,n04328186/ILSVRC2012_val_00014795_n04328186,79,f822c4f2096441c446fa8e48678c4cc20d5e828fdfcca53b878f2f0839ec33d6,not_applicable_source_reference,not_applicable_source_reference,False,6,raw,1092,1092,,raw,0,0,10,3,0,70,16,6,64c151371c2e236db192831922b192c3b456d54db297d4d4c73bb5615410e594,0,1092,137,4,False
TOKEN-CHANNEL-EFFICIENCY-20260923/source,development,n04328186/ILSVRC2012_val_00014795_n04328186,79,f822c4f2096441c446fa8e48678c4cc20d5e828fdfcca53b878f2f0839ec33d6,not_applicable_source_reference,not_applicable_source_reference,False,6,arithmetic,906,906,906,arithmetic,3,0,10,3,13,96,16,6,0d2ecdaef1dd079f2b560c1d6bf42627480c8638c8d03ea7dcab407cc2d34515,30,906,114,6,False
TOKEN-CHANNEL-EFFICIENCY-20260923/source,development,n04328186/ILSVRC2012_val_00014795_n04328186,79,f822c4f2096441c446fa8e48678c4cc20d5e828fdfcca53b878f2f0839ec33d6,not_applicable_source_reference,not_applicable_source_reference,False,7,raw,1860,1860,,raw,0,0,10,3,0,70,16,6,c0b169402b60bf213a1b03127e028a97647fc632e8661386afd08f360493e75b,0,1860,233,4,False
TOKEN-CHANNEL-EFFICIENCY-20260923/source,development,n04328186/ILSVRC2012_val_00014795_n04328186,79,f822c4f2096441c446fa8e48678c4cc20d5e828fdfcca53b878f2f0839ec33d6,not_applicable_source_reference,not_applicable_source_reference,False,7,arithmetic,1510,1510,1510,arithmetic,3,0,10,3,13,96,16,6,96c5b0496ab58ec7aae9c57fbbdcd2887472ea68cd589d8bb05819a74c152c2a,30,1510,189,2,False
TOKEN-CHANNEL-EFFICIENCY-20260923/source,development,n04328186/ILSVRC2012_val_00014795_n04328186,79,f822c4f2096441c446fa8e48678c4cc20d5e828fdfcca53b878f2f0839ec33d6,not_applicable_source_reference,not_applicable_source_reference,False,8,raw,3060,3060,,raw,0,0,10,3,0,70,16,6,6cd559314ac723c47bf02bdeb5455ae488aef9cf4cb5c732a8f5364f3e03b7b8,0,3060,383,4,False
TOKEN-CHANNEL-EFFICIENCY-20260923/source,development,n04328186/ILSVRC2012_val_00014795_n04328186,79,f822c4f2096441c446fa8e48678c4cc20d5e828fdfcca53b878f2f0839ec33d6,not_applicable_source_reference,not_applicable_source_reference,False,8,arithmetic,2348,2348,2348,arithmetic,3,0,10,3,13,96,16,6,e7c66ff9f96f4676395a12ae1235919c08f9fefea8568879eb6e984ab88b33a9,30,2348,294,4,False
TOKEN-CHANNEL-EFFICIENCY-20260923/source,development,n04328186/ILSVRC2012_val_00014795_n04328186,79,f822c4f2096441c446fa8e48678c4cc20d5e828fdfcca53b878f2f0839ec33d6,not_applicable_source_reference,not_applicable_source_reference,False,9,raw,5088,5088,,raw,0,0,10,3,0,70,16,6,8a635e6401ab6e4478c89c001d12a929bd424b26c1f62d8e5a8ce1b7eb5efe7c,0,5088,636,0,False
TOKEN-CHANNEL-EFFICIENCY-20260923/source,development,n04328186/ILSVRC2012_val_00014795_n04328186,79,f822c4f2096441c446fa8e48678c4cc20d5e828fdfcca53b878f2f0839ec33d6,not_applicable_source_reference,not_applicable_source_reference,False,9,arithmetic,3700,3700,3700,arithmetic,2,0,10,3,13,96,16,6,08b4c512a47c8f35a72b9b0a05e27e4afa05784ea0ac6d71144b51dd32b32398,30,3700,463,4,False
TOKEN-CHANNEL-EFFICIENCY-20260923/source,development,n04328186/ILSVRC2012_val_00014795_n04328186,79,f822c4f2096441c446fa8e48678c4cc20d5e828fdfcca53b878f2f0839ec33d6,not_applicable_source_reference,not_applicable_source_reference,False,10,raw,8160,8160,,raw,0,0,10,3,0,70,16,6,7039c9fed09022af505b63b42573d26f5261e3388f198855d5a9a8919d1abf05,0,8160,1020,0,False
TOKEN-CHANNEL-EFFICIENCY-20260923/source,development,n04328186/ILSVRC2012_val_00014795_n04328186,79,f822c4f2096441c446fa8e48678c4cc20d5e828fdfcca53b878f2f0839ec33d6,not_applicable_source_reference,not_applicable_source_reference,False,10,arithmetic,5411,5411,5411,arithmetic,2,0,10,3,13,96,16,6,0bdd07cc21fceef96ce581bf9caf3b1633315ba85593a76ad8005f5f166aecf7,30,5411,677,5,False
TOKEN-CHANNEL-EFFICIENCY-20260923/source,development,n04346328/ILSVRC2012_val_00003305_n04346328,80,8ba9271b2cefde59a78ee52bbe2eaadb785be47197c8db08e4e237aa6f610e0a,not_applicable_source_reference,not_applicable_source_reference,False,6,raw,1092,1092,,raw,0,0,10,3,0,70,16,6,f42295fab09d61a4ed309f9a5f9899a0c68761304ed7b6c00cdf443da4b14332,0,1092,137,4,False
TOKEN-CHANNEL-EFFICIENCY-20260923/source,development,n04346328/ILSVRC2012_val_00003305_n04346328,80,8ba9271b2cefde59a78ee52bbe2eaadb785be47197c8db08e4e237aa6f610e0a,not_applicable_source_reference,not_applicable_source_reference,False,6,arithmetic,952,952,952,arithmetic,2,0,10,3,13,96,16,6,c04830c181358082cdf9d834bec01f4edce88fe94c03db38f39c25182ac1400f,30,952,119,0,False
TOKEN-CHANNEL-EFFICIENCY-20260923/source,development,n04346328/ILSVRC2012_val_00003305_n04346328,80,8ba9271b2cefde59a78ee52bbe2eaadb785be47197c8db08e4e237aa6f610e0a,not_applicable_source_reference,not_applicable_source_reference,False,7,raw,1860,1860,,raw,0,0,10,3,0,70,16,6,7ab198572841bbc536f4305fd3d942a1bc9d8f9f0749bdf2a418379389434196,0,1860,233,4,False
TOKEN-CHANNEL-EFFICIENCY-20260923/source,development,n04346328/ILSVRC2012_val_00003305_n04346328,80,8ba9271b2cefde59a78ee52bbe2eaadb785be47197c8db08e4e237aa6f610e0a,not_applicable_source_reference,not_applicable_source_reference,False,7,arithmetic,1621,1621,1621,arithmetic,2,0,10,3,13,96,16,6,e565847960ff0ac44cd169e5cf0c3a33038b1058754118a25cd69a07a2d58ada,30,1621,203,3,False
TOKEN-CHANNEL-EFFICIENCY-20260923/source,development,n04346328/ILSVRC2012_val_00003305_n04346328,80,8ba9271b2cefde59a78ee52bbe2eaadb785be47197c8db08e4e237aa6f610e0a,not_applicable_source_reference,not_applicable_source_reference,False,8,raw,3060,3060,,raw,0,0,10,3,0,70,16,6,044fa49cef8c258ee49f62c77dc082cedacdfdc0dbb94f8b8bc7c082f4b928d1,0,3060,383,4,False
TOKEN-CHANNEL-EFFICIENCY-20260923/source,development,n04346328/ILSVRC2012_val_00003305_n04346328,80,8ba9271b2cefde59a78ee52bbe2eaadb785be47197c8db08e4e237aa6f610e0a,not_applicable_source_reference,not_applicable_source_reference,False,8,arithmetic,2626,2626,2626,arithmetic,3,0,10,3,13,96,16,6,0e857031ebe021eff683053b34ee14a54fb165c76a0c06044ccd6b3803d9d019,30,2626,329,6,False
TOKEN-CHANNEL-EFFICIENCY-20260923/source,development,n04346328/ILSVRC2012_val_00003305_n04346328,80,8ba9271b2cefde59a78ee52bbe2eaadb785be47197c8db08e4e237aa6f610e0a,not_applicable_source_reference,not_applicable_source_reference,False,9,raw,5088,5088,,raw,0,0,10,3,0,70,16,6,0e1c0bb55a57d2921b68fd0c6134e1908219465fb10b3e14cc6d0370b868a199,0,5088,636,0,False
TOKEN-CHANNEL-EFFICIENCY-20260923/source,development,n04346328/ILSVRC2012_val_00003305_n04346328,80,8ba9271b2cefde59a78ee52bbe2eaadb785be47197c8db08e4e237aa6f610e0a,not_applicable_source_reference,not_applicable_source_reference,False,9,arithmetic,4275,4275,4275,arithmetic,4,0,10,3,13,96,16,6,01c89f0d58a26045ea253cc954f67520d03b98a91f9369d6067ac57589543cf4,30,4275,535,5,False
TOKEN-CHANNEL-EFFICIENCY-20260923/source,development,n04346328/ILSVRC2012_val_00003305_n04346328,80,8ba9271b2cefde59a78ee52bbe2eaadb785be47197c8db08e4e237aa6f610e0a,not_applicable_source_reference,not_applicable_source_reference,False,10,raw,8160,8160,,raw,0,0,10,3,0,70,16,6,5217d34761057eeb599e6557f3b4f5dac1a6c10f0d05dc40aaa4ff1bd397f15b,0,8160,1020,0,False
TOKEN-CHANNEL-EFFICIENCY-20260923/source,development,n04346328/ILSVRC2012_val_00003305_n04346328,80,8ba9271b2cefde59a78ee52bbe2eaadb785be47197c8db08e4e237aa6f610e0a,not_applicable_source_reference,not_applicable_source_reference,False,10,arithmetic,6442,6442,6442,arithmetic,2,0,10,3,13,96,16,6,f7c6b35e21acd7720ac459fb5f9ccbeb19b7d9e4d35acb1476a1a0b1813824bb,30,6442,806,6,False
TOKEN-CHANNEL-EFFICIENCY-20260923/source,development,n04357314/ILSVRC2012_val_00009430_n04357314,81,f348b9659d2f9737c634e1c8e04d69326eab1e1ff6e293bb58c5b2ba85e0022e,not_applicable_source_reference,not_applicable_source_reference,False,6,raw,1092,1092,,raw,0,0,10,3,0,70,16,6,97a86ac2482680f45b517f20da01bf6fa01d6d4966e15e06a09cad2448b3a48d,0,1092,137,4,False
TOKEN-CHANNEL-EFFICIENCY-20260923/source,development,n04357314/ILSVRC2012_val_00009430_n04357314,81,f348b9659d2f9737c634e1c8e04d69326eab1e1ff6e293bb58c5b2ba85e0022e,not_applicable_source_reference,not_applicable_source_reference,False,6,arithmetic,982,982,982,arithmetic,2,0,10,3,13,96,16,6,78357547c964b136f44a3d7ecb6bc39164b1ebbe8fd9ac7beab375ca2388cebe,30,982,123,2,False
TOKEN-CHANNEL-EFFICIENCY-20260923/source,development,n04357314/ILSVRC2012_val_00009430_n04357314,81,f348b9659d2f9737c634e1c8e04d69326eab1e1ff6e293bb58c5b2ba85e0022e,not_applicable_source_reference,not_applicable_source_reference,False,7,raw,1860,1860,,raw,0,0,10,3,0,70,16,6,93b619883d93cfcb8c93e7a5e8f6660d6819096338066e44d37b7dd3f41c84f5,0,1860,233,4,False
TOKEN-CHANNEL-EFFICIENCY-20260923/source,development,n04357314/ILSVRC2012_val_00009430_n04357314,81,f348b9659d2f9737c634e1c8e04d69326eab1e1ff6e293bb58c5b2ba85e0022e,not_applicable_source_reference,not_applicable_source_reference,False,7,arithmetic,1625,1625,1625,arithmetic,2,0,10,3,13,96,16,6,e8b5eb1bbcb2fefa5fd434dedb35b9d91687b3f0673e06b7ae561b485eb0de4e,30,1625,204,7,False
TOKEN-CHANNEL-EFFICIENCY-20260923/source,development,n04357314/ILSVRC2012_val_00009430_n04357314,81,f348b9659d2f9737c634e1c8e04d69326eab1e1ff6e293bb58c5b2ba85e0022e,not_applicable_source_reference,not_applicable_source_reference,False,8,raw,3060,3060,,raw,0,0,10,3,0,70,16,6,9915736b2ce37b1867ec7c2612e3a2c5bd11e140c058f784af10efcecf34abbe,0,3060,383,4,False
TOKEN-CHANNEL-EFFICIENCY-20260923/source,development,n04357314/ILSVRC2012_val_00009430_n04357314,81,f348b9659d2f9737c634e1c8e04d69326eab1e1ff6e293bb58c5b2ba85e0022e,not_applicable_source_reference,not_applicable_source_reference,False,8,arithmetic,2607,2607,2607,arithmetic,3,0,10,3,13,96,16,6,a7ad3c267b95c6eac46cd5b1e15e860681d63ed80c2edbcee87f697a959d9ac3,30,2607,326,1,False
TOKEN-CHANNEL-EFFICIENCY-20260923/source,development,n04357314/ILSVRC2012_val_00009430_n04357314,81,f348b9659d2f9737c634e1c8e04d69326eab1e1ff6e293bb58c5b2ba85e0022e,not_applicable_source_reference,not_applicable_source_reference,False,9,raw,5088,5088,,raw,0,0,10,3,0,70,16,6,377c4958739d14419cb6ec90ca332dfffcce64d95bbfda0f4d5475759a3e402d,0,5088,636,0,False
TOKEN-CHANNEL-EFFICIENCY-20260923/source,development,n04357314/ILSVRC2012_val_00009430_n04357314,81,f348b9659d2f9737c634e1c8e04d69326eab1e1ff6e293bb58c5b2ba85e0022e,not_applicable_source_reference,not_applicable_source_reference,False,9,arithmetic,4118,4118,4118,arithmetic,2,0,10,3,13,96,16,6,34512555e94099c57614e7acca9acc06f596ddc61d274cbc73ac71a4ee240696,30,4118,515,2,False
TOKEN-CHANNEL-EFFICIENCY-20260923/source,development,n04357314/ILSVRC2012_val_00009430_n04357314,81,f348b9659d2f9737c634e1c8e04d69326eab1e1ff6e293bb58c5b2ba85e0022e,not_applicable_source_reference,not_applicable_source_reference,False,10,raw,8160,8160,,raw,0,0,10,3,0,70,16,6,c47f1db4a89b89b77e78e3869c7b35f9e245e3042b27b68d77d101766ab851ef,0,8160,1020,0,False
TOKEN-CHANNEL-EFFICIENCY-20260923/source,development,n04357314/ILSVRC2012_val_00009430_n04357314,81,f348b9659d2f9737c634e1c8e04d69326eab1e1ff6e293bb58c5b2ba85e0022e,not_applicable_source_reference,not_applicable_source_reference,False,10,arithmetic,5961,5961,5961,arithmetic,2,0,10,3,13,96,16,6,26089f5561a8d93acbdc876909cc22d17ef8976be41f0280668099eee216a84f,30,5961,746,7,False
TOKEN-CHANNEL-EFFICIENCY-20260923/source,development,n04371774/ILSVRC2012_val_00030870_n04371774,82,49b1816119ba26ff673b81c34491bc4eeb544234d35b2c25b2c8a1803180c5b8,not_applicable_source_reference,not_applicable_source_reference,False,6,raw,1092,1092,,raw,0,0,10,3,0,70,16,6,a4567fc603fb262bc391d09676fa04b7e1689e211287116b94544978fc0a69f7,0,1092,137,4,False
TOKEN-CHANNEL-EFFICIENCY-20260923/source,development,n04371774/ILSVRC2012_val_00030870_n04371774,82,49b1816119ba26ff673b81c34491bc4eeb544234d35b2c25b2c8a1803180c5b8,not_applicable_source_reference,not_applicable_source_reference,False,6,arithmetic,929,929,929,arithmetic,2,0,10,3,13,96,16,6,7a3b58be25f1c57fe96797b3381cf5f3203086c52296b9315a44372e741c4404,30,929,117,7,False
TOKEN-CHANNEL-EFFICIENCY-20260923/source,development,n04371774/ILSVRC2012_val_00030870_n04371774,82,49b1816119ba26ff673b81c34491bc4eeb544234d35b2c25b2c8a1803180c5b8,not_applicable_source_reference,not_applicable_source_reference,False,7,raw,1860,1860,,raw,0,0,10,3,0,70,16,6,8ea1020c1aaa000292ff9c7b9d17c19e46e8f83df3e48beb96950ca6a5acb0cf,0,1860,233,4,False
TOKEN-CHANNEL-EFFICIENCY-20260923/source,development,n04371774/ILSVRC2012_val_00030870_n04371774,82,49b1816119ba26ff673b81c34491bc4eeb544234d35b2c25b2c8a1803180c5b8,not_applicable_source_reference,not_applicable_source_reference,False,7,arithmetic,1596,1596,1596,arithmetic,3,0,10,3,13,96,16,6,8eb05f9d483372acf6fdc1561c652d81d65f0a506ac4de9d659905d5c28d8f13,30,1596,200,4,False
TOKEN-CHANNEL-EFFICIENCY-20260923/source,development,n04371774/ILSVRC2012_val_00030870_n04371774,82,49b1816119ba26ff673b81c34491bc4eeb544234d35b2c25b2c8a1803180c5b8,not_applicable_source_reference,not_applicable_source_reference,False,8,raw,3060,3060,,raw,0,0,10,3,0,70,16,6,e799bf8fbe4bf15caadb613f68d9b9ec3bc89dc0208a44b91b5e0c3330245977,0,3060,383,4,False
TOKEN-CHANNEL-EFFICIENCY-20260923/source,development,n04371774/ILSVRC2012_val_00030870_n04371774,82,49b1816119ba26ff673b81c34491bc4eeb544234d35b2c25b2c8a1803180c5b8,not_applicable_source_reference,not_applicable_source_reference,False,8,arithmetic,2521,2521,2521,arithmetic,4,0,10,3,13,96,16,6,2e119a137f91a31def0dba7ba905522d88570f3a262ba3c5178b1f78b21c5ff2,30,2521,316,7,False
TOKEN-CHANNEL-EFFICIENCY-20260923/source,development,n04371774/ILSVRC2012_val_00030870_n04371774,82,49b1816119ba26ff673b81c34491bc4eeb544234d35b2c25b2c8a1803180c5b8,not_applicable_source_reference,not_applicable_source_reference,False,9,raw,5088,5088,,raw,0,0,10,3,0,70,16,6,d827344180533233ed5449c813ee164663314a3746c6ef5d31cac1e726aad148,0,5088,636,0,False
TOKEN-CHANNEL-EFFICIENCY-20260923/source,development,n04371774/ILSVRC2012_val_00030870_n04371774,82,49b1816119ba26ff673b81c34491bc4eeb544234d35b2c25b2c8a1803180c5b8,not_applicable_source_reference,not_applicable_source_reference,False,9,arithmetic,4139,4139,4139,arithmetic,4,0,10,3,13,96,16,6,a55b30d00d302d6af8fd7cc71695f7ea9346a684cb31e9c3e2ee189ede50b54a,30,4139,518,5,False
TOKEN-CHANNEL-EFFICIENCY-20260923/source,development,n04371774/ILSVRC2012_val_00030870_n04371774,82,49b1816119ba26ff673b81c34491bc4eeb544234d35b2c25b2c8a1803180c5b8,not_applicable_source_reference,not_applicable_source_reference,False,10,raw,8160,8160,,raw,0,0,10,3,0,70,16,6,f2490b0a6f5feee1ac8b528ca580a207028c4c93e3f0ddef9a870ce448cf9539,0,8160,1020,0,False
TOKEN-CHANNEL-EFFICIENCY-20260923/source,development,n04371774/ILSVRC2012_val_00030870_n04371774,82,49b1816119ba26ff673b81c34491bc4eeb544234d35b2c25b2c8a1803180c5b8,not_applicable_source_reference,not_applicable_source_reference,False,10,arithmetic,6237,6237,6237,arithmetic,2,0,10,3,13,96,16,6,1a3ebc2ab501471189b192852c5013a598add7262b86960f7c69d83dd20aabd0,30,6237,780,3,False
TOKEN-CHANNEL-EFFICIENCY-20260923/source,development,n04392985/ILSVRC2012_val_00029362_n04392985,83,cfcb8324932845752a4e5dcfb047ba397dc9f277981229461b08d4a261c7204b,not_applicable_source_reference,not_applicable_source_reference,False,6,raw,1092,1092,,raw,0,0,10,3,0,70,16,6,87d0dab608df6f5cea2630702906499826ec511ac070e0207f7a61cafbe4a74f,0,1092,137,4,False
TOKEN-CHANNEL-EFFICIENCY-20260923/source,development,n04392985/ILSVRC2012_val_00029362_n04392985,83,cfcb8324932845752a4e5dcfb047ba397dc9f277981229461b08d4a261c7204b,not_applicable_source_reference,not_applicable_source_reference,False,6,arithmetic,956,956,956,arithmetic,2,0,10,3,13,96,16,6,e4424d5e7de6b39df75d8fccff32c27e95e01395debe1fe7fc132892e6956e5c,30,956,120,4,False
TOKEN-CHANNEL-EFFICIENCY-20260923/source,development,n04392985/ILSVRC2012_val_00029362_n04392985,83,cfcb8324932845752a4e5dcfb047ba397dc9f277981229461b08d4a261c7204b,not_applicable_source_reference,not_applicable_source_reference,False,7,raw,1860,1860,,raw,0,0,10,3,0,70,16,6,405adcd5343949175cbaa595bbb08b30965160f31727c3eba8ecd1741c5b3e89,0,1860,233,4,False
TOKEN-CHANNEL-EFFICIENCY-20260923/source,development,n04392985/ILSVRC2012_val_00029362_n04392985,83,cfcb8324932845752a4e5dcfb047ba397dc9f277981229461b08d4a261c7204b,not_applicable_source_reference,not_applicable_source_reference,False,7,arithmetic,1614,1614,1614,arithmetic,2,0,10,3,13,96,16,6,f9f934ec7ebe35f2d560684e0afb139e252f82d7ce485b1c5ebe14210f8f1405,30,1614,202,2,False
TOKEN-CHANNEL-EFFICIENCY-20260923/source,development,n04392985/ILSVRC2012_val_00029362_n04392985,83,cfcb8324932845752a4e5dcfb047ba397dc9f277981229461b08d4a261c7204b,not_applicable_source_reference,not_applicable_source_reference,False,8,raw,3060,3060,,raw,0,0,10,3,0,70,16,6,9968126e8d5ed636d69ae7c1c07aff871ad386b77b9f8f1b1914b0896d5b3a96,0,3060,383,4,False
TOKEN-CHANNEL-EFFICIENCY-20260923/source,development,n04392985/ILSVRC2012_val_00029362_n04392985,83,cfcb8324932845752a4e5dcfb047ba397dc9f277981229461b08d4a261c7204b,not_applicable_source_reference,not_applicable_source_reference,False,8,arithmetic,2560,2560,2560,arithmetic,2,0,10,3,13,96,16,6,c2013acb932385e008f66c215824ecb145df539cf6b8bb1e8c16b5b0b514e254,30,2560,320,0,False
TOKEN-CHANNEL-EFFICIENCY-20260923/source,development,n04392985/ILSVRC2012_val_00029362_n04392985,83,cfcb8324932845752a4e5dcfb047ba397dc9f277981229461b08d4a261c7204b,not_applicable_source_reference,not_applicable_source_reference,False,9,raw,5088,5088,,raw,0,0,10,3,0,70,16,6,b9a12b61029a5fca28c1dd7a83694ac73ead441ded4f9673893f46542b1a4270,0,5088,636,0,False
TOKEN-CHANNEL-EFFICIENCY-20260923/source,development,n04392985/ILSVRC2012_val_00029362_n04392985,83,cfcb8324932845752a4e5dcfb047ba397dc9f277981229461b08d4a261c7204b,not_applicable_source_reference,not_applicable_source_reference,False,9,arithmetic,4040,4040,4040,arithmetic,2,0,10,3,13,96,16,6,d2134f31d3a77f4e59f14f194cbba5203d389b6555c0a95fae5954eefdeb9fc4,30,4040,505,0,False
TOKEN-CHANNEL-EFFICIENCY-20260923/source,development,n04392985/ILSVRC2012_val_00029362_n04392985,83,cfcb8324932845752a4e5dcfb047ba397dc9f277981229461b08d4a261c7204b,not_applicable_source_reference,not_applicable_source_reference,False,10,raw,8160,8160,,raw,0,0,10,3,0,70,16,6,0feb8ee75744c9cc72e6482ce9b68fe0535087d6a796e2414e9d0657b87a655c,0,8160,1020,0,False
TOKEN-CHANNEL-EFFICIENCY-20260923/source,development,n04392985/ILSVRC2012_val_00029362_n04392985,83,cfcb8324932845752a4e5dcfb047ba397dc9f277981229461b08d4a261c7204b,not_applicable_source_reference,not_applicable_source_reference,False,10,arithmetic,6044,6044,6044,arithmetic,2,0,10,3,13,96,16,6,5d7194ddf1d74b940412e1bfac8ff0f4958b7b61fcea3ef51a321ef8792911f2,30,6044,756,4,False
TOKEN-CHANNEL-EFFICIENCY-20260923/source,development,n04456115/ILSVRC2012_val_00002331_n04456115,84,f6cd31c9feb497a4b3658818a4d832bbd47d6f5d7030c2abbca99f8b8c55c97e,not_applicable_source_reference,not_applicable_source_reference,False,6,raw,1092,1092,,raw,0,0,10,3,0,70,16,6,84b11ae47a4000bff6ae2b3c6aa01ae84f75b992a60e6b4ca1c935319f8cb837,0,1092,137,4,False
TOKEN-CHANNEL-EFFICIENCY-20260923/source,development,n04456115/ILSVRC2012_val_00002331_n04456115,84,f6cd31c9feb497a4b3658818a4d832bbd47d6f5d7030c2abbca99f8b8c55c97e,not_applicable_source_reference,not_applicable_source_reference,False,6,arithmetic,916,916,916,arithmetic,2,0,10,3,13,96,16,6,bc4ad1319779391c8142c2d8c65c77efba78eb40363b6b5ba8c1c739c7c76dd5,30,916,115,4,False
TOKEN-CHANNEL-EFFICIENCY-20260923/source,development,n04456115/ILSVRC2012_val_00002331_n04456115,84,f6cd31c9feb497a4b3658818a4d832bbd47d6f5d7030c2abbca99f8b8c55c97e,not_applicable_source_reference,not_applicable_source_reference,False,7,raw,1860,1860,,raw,0,0,10,3,0,70,16,6,02bb7327df1f564580bcf860d8acbb54a21b65ec3d9ca9de321dad03c8cbdbf8,0,1860,233,4,False
TOKEN-CHANNEL-EFFICIENCY-20260923/source,development,n04456115/ILSVRC2012_val_00002331_n04456115,84,f6cd31c9feb497a4b3658818a4d832bbd47d6f5d7030c2abbca99f8b8c55c97e,not_applicable_source_reference,not_applicable_source_reference,False,7,arithmetic,1576,1576,1576,arithmetic,2,0,10,3,13,96,16,6,17c5c7d8a835087b40d5198af5a4ddc6470875ba5c0f4233d9bd5201f252a2cb,30,1576,197,0,False
TOKEN-CHANNEL-EFFICIENCY-20260923/source,development,n04456115/ILSVRC2012_val_00002331_n04456115,84,f6cd31c9feb497a4b3658818a4d832bbd47d6f5d7030c2abbca99f8b8c55c97e,not_applicable_source_reference,not_applicable_source_reference,False,8,raw,3060,3060,,raw,0,0,10,3,0,70,16,6,6ef9b4b774c57e6f572252af85877ba9e17a4cc8c897b1ea4d22174af7a9db70,0,3060,383,4,False
TOKEN-CHANNEL-EFFICIENCY-20260923/source,development,n04456115/ILSVRC2012_val_00002331_n04456115,84,f6cd31c9feb497a4b3658818a4d832bbd47d6f5d7030c2abbca99f8b8c55c97e,not_applicable_source_reference,not_applicable_source_reference,False,8,arithmetic,2547,2547,2547,arithmetic,5,0,10,3,13,96,16,6,e6a93eb439f70d5552f9ea7d64f0194eaba3b8410fd75f31453c7ea90f1118e3,30,2547,319,5,False
TOKEN-CHANNEL-EFFICIENCY-20260923/source,development,n04456115/ILSVRC2012_val_00002331_n04456115,84,f6cd31c9feb497a4b3658818a4d832bbd47d6f5d7030c2abbca99f8b8c55c97e,not_applicable_source_reference,not_applicable_source_reference,False,9,raw,5088,5088,,raw,0,0,10,3,0,70,16,6,5f6e6ffcdaa12e6347eb1e444583033d041f5f31c4736b4ecc365147630dba58,0,5088,636,0,False
TOKEN-CHANNEL-EFFICIENCY-20260923/source,development,n04456115/ILSVRC2012_val_00002331_n04456115,84,f6cd31c9feb497a4b3658818a4d832bbd47d6f5d7030c2abbca99f8b8c55c97e,not_applicable_source_reference,not_applicable_source_reference,False,9,arithmetic,4038,4038,4038,arithmetic,4,0,10,3,13,96,16,6,acc6c990194169dab700ed35016641be1fac49c29406ff6c33a6a8d867e65d76,30,4038,505,2,False
TOKEN-CHANNEL-EFFICIENCY-20260923/source,development,n04456115/ILSVRC2012_val_00002331_n04456115,84,f6cd31c9feb497a4b3658818a4d832bbd47d6f5d7030c2abbca99f8b8c55c97e,not_applicable_source_reference,not_applicable_source_reference,False,10,raw,8160,8160,,raw,0,0,10,3,0,70,16,6,14f82b5a846a4c245f463d0c7325deeb71cee5e2c1bdfb3e52826930beae1c29,0,8160,1020,0,False
TOKEN-CHANNEL-EFFICIENCY-20260923/source,development,n04456115/ILSVRC2012_val_00002331_n04456115,84,f6cd31c9feb497a4b3658818a4d832bbd47d6f5d7030c2abbca99f8b8c55c97e,not_applicable_source_reference,not_applicable_source_reference,False,10,arithmetic,5953,5953,5953,arithmetic,4,0,10,3,13,96,16,6,819d88d1ec25236239cca268299820588a74d9425523ed3ec869ae55b250452e,30,5953,745,7,False
TOKEN-CHANNEL-EFFICIENCY-20260923/source,development,n04485082/ILSVRC2012_val_00000955_n04485082,85,76448a0ae2e3610a8107e3b73ca3eac575cc8d56a2512cd9773ea885b09ef16c,not_applicable_source_reference,not_applicable_source_reference,False,6,raw,1092,1092,,raw,0,0,10,3,0,70,16,6,045da6576f3f655c05972d587f4affffca96e4764423e479694a4fb33e1bebf3,0,1092,137,4,False
TOKEN-CHANNEL-EFFICIENCY-20260923/source,development,n04485082/ILSVRC2012_val_00000955_n04485082,85,76448a0ae2e3610a8107e3b73ca3eac575cc8d56a2512cd9773ea885b09ef16c,not_applicable_source_reference,not_applicable_source_reference,False,6,arithmetic,971,971,971,arithmetic,3,0,10,3,13,96,16,6,fbff911a903d9652138664e4259fd1211cfd4c4db6a6afdc62a3d179a0886dc7,30,971,122,5,False
TOKEN-CHANNEL-EFFICIENCY-20260923/source,development,n04485082/ILSVRC2012_val_00000955_n04485082,85,76448a0ae2e3610a8107e3b73ca3eac575cc8d56a2512cd9773ea885b09ef16c,not_applicable_source_reference,not_applicable_source_reference,False,7,raw,1860,1860,,raw,0,0,10,3,0,70,16,6,1f530c5fb257a84563c988456089a491bbdd26cecfccf56ecfcc23f9e49f8268,0,1860,233,4,False
TOKEN-CHANNEL-EFFICIENCY-20260923/source,development,n04485082/ILSVRC2012_val_00000955_n04485082,85,76448a0ae2e3610a8107e3b73ca3eac575cc8d56a2512cd9773ea885b09ef16c,not_applicable_source_reference,not_applicable_source_reference,False,7,arithmetic,1609,1609,1609,arithmetic,4,0,10,3,13,96,16,6,53609ca14e5c97a3a0e1b0333a21f7e581e3d247e3df3a2bf732de9deae2ec66,30,1609,202,7,False
TOKEN-CHANNEL-EFFICIENCY-20260923/source,development,n04485082/ILSVRC2012_val_00000955_n04485082,85,76448a0ae2e3610a8107e3b73ca3eac575cc8d56a2512cd9773ea885b09ef16c,not_applicable_source_reference,not_applicable_source_reference,False,8,raw,3060,3060,,raw,0,0,10,3,0,70,16,6,d0c478ab60a3cd8cc90920d790c7b04869c751cb488e2ff9b6c2af50c1b1cf9d,0,3060,383,4,False
TOKEN-CHANNEL-EFFICIENCY-20260923/source,development,n04485082/ILSVRC2012_val_00000955_n04485082,85,76448a0ae2e3610a8107e3b73ca3eac575cc8d56a2512cd9773ea885b09ef16c,not_applicable_source_reference,not_applicable_source_reference,False,8,arithmetic,2588,2588,2588,arithmetic,2,0,10,3,13,96,16,6,a89dde3bd71e7af8c66fe83603d0f0255ff53512795aa80da8b0e3fab2279849,30,2588,324,4,False
TOKEN-CHANNEL-EFFICIENCY-20260923/source,development,n04485082/ILSVRC2012_val_00000955_n04485082,85,76448a0ae2e3610a8107e3b73ca3eac575cc8d56a2512cd9773ea885b09ef16c,not_applicable_source_reference,not_applicable_source_reference,False,9,raw,5088,5088,,raw,0,0,10,3,0,70,16,6,46aa5bfb2340c69839530eb57bcdc6a27ef153cdd23153843d868e9db6942ca0,0,5088,636,0,False
TOKEN-CHANNEL-EFFICIENCY-20260923/source,development,n04485082/ILSVRC2012_val_00000955_n04485082,85,76448a0ae2e3610a8107e3b73ca3eac575cc8d56a2512cd9773ea885b09ef16c,not_applicable_source_reference,not_applicable_source_reference,False,9,arithmetic,4064,4064,4064,arithmetic,4,0,10,3,13,96,16,6,e2b883c2dd53bf849dedac053916ac02800f01bd9959cb20a81bd2e12c51765c,30,4064,508,0,False
TOKEN-CHANNEL-EFFICIENCY-20260923/source,development,n04485082/ILSVRC2012_val_00000955_n04485082,85,76448a0ae2e3610a8107e3b73ca3eac575cc8d56a2512cd9773ea885b09ef16c,not_applicable_source_reference,not_applicable_source_reference,False,10,raw,8160,8160,,raw,0,0,10,3,0,70,16,6,318badb09f562284d6a1c9893a4756df5c9d8ac5316cf9297f7e1881f8f5ab61,0,8160,1020,0,False
TOKEN-CHANNEL-EFFICIENCY-20260923/source,development,n04485082/ILSVRC2012_val_00000955_n04485082,85,76448a0ae2e3610a8107e3b73ca3eac575cc8d56a2512cd9773ea885b09ef16c,not_applicable_source_reference,not_applicable_source_reference,False,10,arithmetic,5838,5838,5838,arithmetic,7,0,10,3,13,96,16,6,9c126954ba7484abccf0af9a125baad1f43e4a4eb247b41a72268c0a30cd0876,30,5838,730,2,False
TOKEN-CHANNEL-EFFICIENCY-20260923/source,development,n04515003/ILSVRC2012_val_00002400_n04515003,86,f7c501808f10c0aa95e7f0597b424b7198e2db59608194573af6bc7789d4e45d,not_applicable_source_reference,not_applicable_source_reference,False,6,raw,1092,1092,,raw,0,0,10,3,0,70,16,6,426cde5dc60d535e5b2c609fa3d111c0ac79ad51c9731299e6eabf5b51a3b1aa,0,1092,137,4,False
TOKEN-CHANNEL-EFFICIENCY-20260923/source,development,n04515003/ILSVRC2012_val_00002400_n04515003,86,f7c501808f10c0aa95e7f0597b424b7198e2db59608194573af6bc7789d4e45d,not_applicable_source_reference,not_applicable_source_reference,False,6,arithmetic,870,870,870,arithmetic,3,0,10,3,13,96,16,6,12f3d428b91d9c93ce6c3f753effe44a5af3355693196d818530f5325be9e61c,30,870,109,2,False
TOKEN-CHANNEL-EFFICIENCY-20260923/source,development,n04515003/ILSVRC2012_val_00002400_n04515003,86,f7c501808f10c0aa95e7f0597b424b7198e2db59608194573af6bc7789d4e45d,not_applicable_source_reference,not_applicable_source_reference,False,7,raw,1860,1860,,raw,0,0,10,3,0,70,16,6,7ee57026ad9617cd611b42f85231aa936119384f5c0d309b2fdac44cf94139ae,0,1860,233,4,False
TOKEN-CHANNEL-EFFICIENCY-20260923/source,development,n04515003/ILSVRC2012_val_00002400_n04515003,86,f7c501808f10c0aa95e7f0597b424b7198e2db59608194573af6bc7789d4e45d,not_applicable_source_reference,not_applicable_source_reference,False,7,arithmetic,1503,1503,1503,arithmetic,2,0,10,3,13,96,16,6,b6288081b592967850b009e30ed0280a1778a20cdf22300971f2bc3fe9bd1c53,30,1503,188,1,False
TOKEN-CHANNEL-EFFICIENCY-20260923/source,development,n04515003/ILSVRC2012_val_00002400_n04515003,86,f7c501808f10c0aa95e7f0597b424b7198e2db59608194573af6bc7789d4e45d,not_applicable_source_reference,not_applicable_source_reference,False,8,raw,3060,3060,,raw,0,0,10,3,0,70,16,6,1353366abfa7f0e551325fbc5b2e6b076aef2b1870778fbe11d8566bb3d05e2b,0,3060,383,4,False
TOKEN-CHANNEL-EFFICIENCY-20260923/source,development,n04515003/ILSVRC2012_val_00002400_n04515003,86,f7c501808f10c0aa95e7f0597b424b7198e2db59608194573af6bc7789d4e45d,not_applicable_source_reference,not_applicable_source_reference,False,8,arithmetic,2326,2326,2326,arithmetic,4,0,10,3,13,96,16,6,b106597192363511191997ca789f613dc5271503491d0e16bbaf9e5521e71301,30,2326,291,2,False
TOKEN-CHANNEL-EFFICIENCY-20260923/source,development,n04515003/ILSVRC2012_val_00002400_n04515003,86,f7c501808f10c0aa95e7f0597b424b7198e2db59608194573af6bc7789d4e45d,not_applicable_source_reference,not_applicable_source_reference,False,9,raw,5088,5088,,raw,0,0,10,3,0,70,16,6,0c7b652d06facec96274b44ce1901adf2acc1b65fe727924b882687983206260,0,5088,636,0,False
TOKEN-CHANNEL-EFFICIENCY-20260923/source,development,n04515003/ILSVRC2012_val_00002400_n04515003,86,f7c501808f10c0aa95e7f0597b424b7198e2db59608194573af6bc7789d4e45d,not_applicable_source_reference,not_applicable_source_reference,False,9,arithmetic,3623,3623,3623,arithmetic,2,0,10,3,13,96,16,6,9f5bde9a3b5895d2ede6331528316c1fcd24e6f96f8e9fa78c7198acd5f807ad,30,3623,453,1,False
TOKEN-CHANNEL-EFFICIENCY-20260923/source,development,n04515003/ILSVRC2012_val_00002400_n04515003,86,f7c501808f10c0aa95e7f0597b424b7198e2db59608194573af6bc7789d4e45d,not_applicable_source_reference,not_applicable_source_reference,False,10,raw,8160,8160,,raw,0,0,10,3,0,70,16,6,9ace68d1903ee5a78badadcbe1b28c26c528eb3aa20ed69b91aff1842ed49355,0,8160,1020,0,False
TOKEN-CHANNEL-EFFICIENCY-20260923/source,development,n04515003/ILSVRC2012_val_00002400_n04515003,86,f7c501808f10c0aa95e7f0597b424b7198e2db59608194573af6bc7789d4e45d,not_applicable_source_reference,not_applicable_source_reference,False,10,arithmetic,5198,5198,5198,arithmetic,4,0,10,3,13,96,16,6,2fedc469de0ec7504421092660bb0fb1f6434e4275314508111fd13e042e6284,30,5198,650,2,False
TOKEN-CHANNEL-EFFICIENCY-20260923/source,development,n04540053/ILSVRC2012_val_00007665_n04540053,87,25dbb8c23badf34480230cc90a350df359f1eab82bdf05a6dcda7da28dba4814,not_applicable_source_reference,not_applicable_source_reference,False,6,raw,1092,1092,,raw,0,0,10,3,0,70,16,6,1fcd976f1d4aa7362bec06ef8b05baecfc9c803a2ffc666b46874c917fa327db,0,1092,137,4,False
TOKEN-CHANNEL-EFFICIENCY-20260923/source,development,n04540053/ILSVRC2012_val_00007665_n04540053,87,25dbb8c23badf34480230cc90a350df359f1eab82bdf05a6dcda7da28dba4814,not_applicable_source_reference,not_applicable_source_reference,False,6,arithmetic,962,962,962,arithmetic,2,0,10,3,13,96,16,6,65ad393e714c90378c74aa9f53681bc493dafd3a79b02a33cd5a81aef50a76fd,30,962,121,6,False
TOKEN-CHANNEL-EFFICIENCY-20260923/source,development,n04540053/ILSVRC2012_val_00007665_n04540053,87,25dbb8c23badf34480230cc90a350df359f1eab82bdf05a6dcda7da28dba4814,not_applicable_source_reference,not_applicable_source_reference,False,7,raw,1860,1860,,raw,0,0,10,3,0,70,16,6,9c714d5015bfb74f5e6cf94d39be133cb4979f4940461f804c207eda3f8fc18c,0,1860,233,4,False
TOKEN-CHANNEL-EFFICIENCY-20260923/source,development,n04540053/ILSVRC2012_val_00007665_n04540053,87,25dbb8c23badf34480230cc90a350df359f1eab82bdf05a6dcda7da28dba4814,not_applicable_source_reference,not_applicable_source_reference,False,7,arithmetic,1579,1579,1579,arithmetic,4,0,10,3,13,96,16,6,b3810e27844979c0390730fd9dd3b1f140db79fd8bd0219a0d87304d0f3d9c13,30,1579,198,5,False
TOKEN-CHANNEL-EFFICIENCY-20260923/source,development,n04540053/ILSVRC2012_val_00007665_n04540053,87,25dbb8c23badf34480230cc90a350df359f1eab82bdf05a6dcda7da28dba4814,not_applicable_source_reference,not_applicable_source_reference,False,8,raw,3060,3060,,raw,0,0,10,3,0,70,16,6,91cfc08ef91997f22deca17d232f8df837e1f5c8c6dde31980c37b11164f04b3,0,3060,383,4,False
TOKEN-CHANNEL-EFFICIENCY-20260923/source,development,n04540053/ILSVRC2012_val_00007665_n04540053,87,25dbb8c23badf34480230cc90a350df359f1eab82bdf05a6dcda7da28dba4814,not_applicable_source_reference,not_applicable_source_reference,False,8,arithmetic,2509,2509,2509,arithmetic,2,0,10,3,13,96,16,6,bbc06e35e5549c82c031c6f54f45bfd05e4ba821adcff2db1a1e1cad2b4f6cb5,30,2509,314,3,False
TOKEN-CHANNEL-EFFICIENCY-20260923/source,development,n04540053/ILSVRC2012_val_00007665_n04540053,87,25dbb8c23badf34480230cc90a350df359f1eab82bdf05a6dcda7da28dba4814,not_applicable_source_reference,not_applicable_source_reference,False,9,raw,5088,5088,,raw,0,0,10,3,0,70,16,6,12d0383460a144be06505b1efd5260704712409eedc7ef948b7e0cecc851298f,0,5088,636,0,False
TOKEN-CHANNEL-EFFICIENCY-20260923/source,development,n04540053/ILSVRC2012_val_00007665_n04540053,87,25dbb8c23badf34480230cc90a350df359f1eab82bdf05a6dcda7da28dba4814,not_applicable_source_reference,not_applicable_source_reference,False,9,arithmetic,3940,3940,3940,arithmetic,2,0,10,3,13,96,16,6,599f49f02f1b1c293c2279ac9476785fef2c29ca89617f88af0359b6dca2f86b,30,3940,493,4,False
TOKEN-CHANNEL-EFFICIENCY-20260923/source,development,n04540053/ILSVRC2012_val_00007665_n04540053,87,25dbb8c23badf34480230cc90a350df359f1eab82bdf05a6dcda7da28dba4814,not_applicable_source_reference,not_applicable_source_reference,False,10,raw,8160,8160,,raw,0,0,10,3,0,70,16,6,dab385136ba0dd88adaead81cc2f84b418038befa08d20b66b4e760e0f1a2f06,0,8160,1020,0,False
TOKEN-CHANNEL-EFFICIENCY-20260923/source,development,n04540053/ILSVRC2012_val_00007665_n04540053,87,25dbb8c23badf34480230cc90a350df359f1eab82bdf05a6dcda7da28dba4814,not_applicable_source_reference,not_applicable_source_reference,False,10,arithmetic,5603,5603,5603,arithmetic,3,0,10,3,13,96,16,6,2e313fa9a673acdc9b31ddd3e8fe1e3f5fa70fdb72516e3d71e092fc855d2b93,30,5603,701,5,False
TOKEN-CHANNEL-EFFICIENCY-20260923/source,development,n04560804/ILSVRC2012_val_00029830_n04560804,88,a11fec68e0d01588aa4a816aaa7c41a4a8fe1042d3f447133cf33b25cba6e3c2,not_applicable_source_reference,not_applicable_source_reference,False,6,raw,1092,1092,,raw,0,0,10,3,0,70,16,6,e2f05f3871665e175f912227c1deed24473439bdc56cf30a04cc1972632a1ca7,0,1092,137,4,False
TOKEN-CHANNEL-EFFICIENCY-20260923/source,development,n04560804/ILSVRC2012_val_00029830_n04560804,88,a11fec68e0d01588aa4a816aaa7c41a4a8fe1042d3f447133cf33b25cba6e3c2,not_applicable_source_reference,not_applicable_source_reference,False,6,arithmetic,976,976,976,arithmetic,3,0,10,3,13,96,16,6,8bd4ca77e0209cecf826ac690ad505e2adbc1123a8d9b0edd6960e157e107318,30,976,122,0,False
TOKEN-CHANNEL-EFFICIENCY-20260923/source,development,n04560804/ILSVRC2012_val_00029830_n04560804,88,a11fec68e0d01588aa4a816aaa7c41a4a8fe1042d3f447133cf33b25cba6e3c2,not_applicable_source_reference,not_applicable_source_reference,False,7,raw,1860,1860,,raw,0,0,10,3,0,70,16,6,1d3320328ba68728a9a4ecee8841263e212226522a5452af1df1667e8464719e,0,1860,233,4,False
TOKEN-CHANNEL-EFFICIENCY-20260923/source,development,n04560804/ILSVRC2012_val_00029830_n04560804,88,a11fec68e0d01588aa4a816aaa7c41a4a8fe1042d3f447133cf33b25cba6e3c2,not_applicable_source_reference,not_applicable_source_reference,False,7,arithmetic,1611,1611,1611,arithmetic,2,0,10,3,13,96,16,6,cfe6fba959632015b76facc1a3dde705f1d0ca5d4b9764a20e62f9d04afb231d,30,1611,202,5,False
TOKEN-CHANNEL-EFFICIENCY-20260923/source,development,n04560804/ILSVRC2012_val_00029830_n04560804,88,a11fec68e0d01588aa4a816aaa7c41a4a8fe1042d3f447133cf33b25cba6e3c2,not_applicable_source_reference,not_applicable_source_reference,False,8,raw,3060,3060,,raw,0,0,10,3,0,70,16,6,20b3f93d9171916ec6f807fb0afe628af39603a692db67bd7eb4a7242a77cdea,0,3060,383,4,False
TOKEN-CHANNEL-EFFICIENCY-20260923/source,development,n04560804/ILSVRC2012_val_00029830_n04560804,88,a11fec68e0d01588aa4a816aaa7c41a4a8fe1042d3f447133cf33b25cba6e3c2,not_applicable_source_reference,not_applicable_source_reference,False,8,arithmetic,2616,2616,2616,arithmetic,2,0,10,3,13,96,16,6,2cc9b4dbd3f0585c016e0c955086e1b1f958090ac2c630ca99f0884b260a1afb,30,2616,327,0,False
TOKEN-CHANNEL-EFFICIENCY-20260923/source,development,n04560804/ILSVRC2012_val_00029830_n04560804,88,a11fec68e0d01588aa4a816aaa7c41a4a8fe1042d3f447133cf33b25cba6e3c2,not_applicable_source_reference,not_applicable_source_reference,False,9,raw,5088,5088,,raw,0,0,10,3,0,70,16,6,bab593e8d6906f2222673cc300a80b3867f439dd518390f94cd30b118dbe366c,0,5088,636,0,False
TOKEN-CHANNEL-EFFICIENCY-20260923/source,development,n04560804/ILSVRC2012_val_00029830_n04560804,88,a11fec68e0d01588aa4a816aaa7c41a4a8fe1042d3f447133cf33b25cba6e3c2,not_applicable_source_reference,not_applicable_source_reference,False,9,arithmetic,4161,4161,4161,arithmetic,4,0,10,3,13,96,16,6,f9e0b28d2b839b5f7b7871e0979bb73533c8d3f3e218dff746a9e6e525a32bb4,30,4161,521,7,False
TOKEN-CHANNEL-EFFICIENCY-20260923/source,development,n04560804/ILSVRC2012_val_00029830_n04560804,88,a11fec68e0d01588aa4a816aaa7c41a4a8fe1042d3f447133cf33b25cba6e3c2,not_applicable_source_reference,not_applicable_source_reference,False,10,raw,8160,8160,,raw,0,0,10,3,0,70,16,6,08543da3fea202360da35477975bcae5d08e8a8c734f4502543c02b0850415b0,0,8160,1020,0,False
TOKEN-CHANNEL-EFFICIENCY-20260923/source,development,n04560804/ILSVRC2012_val_00029830_n04560804,88,a11fec68e0d01588aa4a816aaa7c41a4a8fe1042d3f447133cf33b25cba6e3c2,not_applicable_source_reference,not_applicable_source_reference,False,10,arithmetic,5896,5896,5896,arithmetic,2,0,10,3,13,96,16,6,20ef67981c7515aae31ecbe5fa639ee4fdf60e9cb8997645b04f0aff4ed5c793,30,5896,737,0,False
TOKEN-CHANNEL-EFFICIENCY-20260923/source,development,n04596742/ILSVRC2012_val_00007608_n04596742,89,7662b17a07456b833c5ff8821945d8e94f525da05a7585fdefa69b35294f230f,not_applicable_source_reference,not_applicable_source_reference,False,6,raw,1092,1092,,raw,0,0,10,3,0,70,16,6,0d7bb79bad78d224cb8aa5bec78ad9f220cb7080b99b78cae94ae880f443814a,0,1092,137,4,False
TOKEN-CHANNEL-EFFICIENCY-20260923/source,development,n04596742/ILSVRC2012_val_00007608_n04596742,89,7662b17a07456b833c5ff8821945d8e94f525da05a7585fdefa69b35294f230f,not_applicable_source_reference,not_applicable_source_reference,False,6,arithmetic,893,893,893,arithmetic,2,0,10,3,13,96,16,6,7aff8dacbfcce600dcee1e7bd5bc1e008354e3d6c3c0535045ca35d51f8b40c4,30,893,112,3,False
TOKEN-CHANNEL-EFFICIENCY-20260923/source,development,n04596742/ILSVRC2012_val_00007608_n04596742,89,7662b17a07456b833c5ff8821945d8e94f525da05a7585fdefa69b35294f230f,not_applicable_source_reference,not_applicable_source_reference,False,7,raw,1860,1860,,raw,0,0,10,3,0,70,16,6,a6ad4ff3b2d2234f25042299ee248f8de1a43fec11f78be27973e2df3af87524,0,1860,233,4,False
TOKEN-CHANNEL-EFFICIENCY-20260923/source,development,n04596742/ILSVRC2012_val_00007608_n04596742,89,7662b17a07456b833c5ff8821945d8e94f525da05a7585fdefa69b35294f230f,not_applicable_source_reference,not_applicable_source_reference,False,7,arithmetic,1513,1513,1513,arithmetic,2,0,10,3,13,96,16,6,cdf983dbc691f20706928e0db53c04e3fd0a132c86f8bb2e15ec9d6d2aa39b22,30,1513,190,7,False
TOKEN-CHANNEL-EFFICIENCY-20260923/source,development,n04596742/ILSVRC2012_val_00007608_n04596742,89,7662b17a07456b833c5ff8821945d8e94f525da05a7585fdefa69b35294f230f,not_applicable_source_reference,not_applicable_source_reference,False,8,raw,3060,3060,,raw,0,0,10,3,0,70,16,6,0a2d14d5db38977cb6b28dfd28890ccf1bdc7dc9b4256c8e7cccedb8fc100ffe,0,3060,383,4,False
TOKEN-CHANNEL-EFFICIENCY-20260923/source,development,n04596742/ILSVRC2012_val_00007608_n04596742,89,7662b17a07456b833c5ff8821945d8e94f525da05a7585fdefa69b35294f230f,not_applicable_source_reference,not_applicable_source_reference,False,8,arithmetic,2475,2475,2475,arithmetic,2,0,10,3,13,96,16,6,68816d49e1f0204d93ef3bcfc5d8a3d27dc0b6d9b5a9b324c894dfa085067586,30,2475,310,5,False
TOKEN-CHANNEL-EFFICIENCY-20260923/source,development,n04596742/ILSVRC2012_val_00007608_n04596742,89,7662b17a07456b833c5ff8821945d8e94f525da05a7585fdefa69b35294f230f,not_applicable_source_reference,not_applicable_source_reference,False,9,raw,5088,5088,,raw,0,0,10,3,0,70,16,6,4ab33fd819e9356cd99143491579aa2b7964f6db6992cf50b9f35fd601f0b280,0,5088,636,0,False
TOKEN-CHANNEL-EFFICIENCY-20260923/source,development,n04596742/ILSVRC2012_val_00007608_n04596742,89,7662b17a07456b833c5ff8821945d8e94f525da05a7585fdefa69b35294f230f,not_applicable_source_reference,not_applicable_source_reference,False,9,arithmetic,3952,3952,3952,arithmetic,3,0,10,3,13,96,16,6,987c5dafd3a248fc0866a798d882e1446197ec46784d57c50c747b948d1088e0,30,3952,494,0,False
TOKEN-CHANNEL-EFFICIENCY-20260923/source,development,n04596742/ILSVRC2012_val_00007608_n04596742,89,7662b17a07456b833c5ff8821945d8e94f525da05a7585fdefa69b35294f230f,not_applicable_source_reference,not_applicable_source_reference,False,10,raw,8160,8160,,raw,0,0,10,3,0,70,16,6,6237f2fb61ca5f44674998b4a47c547c8bc8e8367ef4edfcc15253e2cc94d3ea,0,8160,1020,0,False
TOKEN-CHANNEL-EFFICIENCY-20260923/source,development,n04596742/ILSVRC2012_val_00007608_n04596742,89,7662b17a07456b833c5ff8821945d8e94f525da05a7585fdefa69b35294f230f,not_applicable_source_reference,not_applicable_source_reference,False,10,arithmetic,5811,5811,5811,arithmetic,2,0,10,3,13,96,16,6,4a5a7bf7de7e3b4e812eced67af82cdc08cbc926258ed2a057bb2a4bf1f2c860,30,5811,727,5,False
TOKEN-CHANNEL-EFFICIENCY-20260923/source,development,n07583066/ILSVRC2012_val_00001378_n07583066,90,4ef8d7654f413fc4c954518cbccd29a113420341a0d8e90382f62e6d689a1aa3,not_applicable_source_reference,not_applicable_source_reference,False,6,raw,1092,1092,,raw,0,0,10,3,0,70,16,6,6c9c4af96fb12e06d8a08afbf13bfc1490ae4c8b0b8590033f4d327ae256cc4d,0,1092,137,4,False
TOKEN-CHANNEL-EFFICIENCY-20260923/source,development,n07583066/ILSVRC2012_val_00001378_n07583066,90,4ef8d7654f413fc4c954518cbccd29a113420341a0d8e90382f62e6d689a1aa3,not_applicable_source_reference,not_applicable_source_reference,False,6,arithmetic,969,969,969,arithmetic,6,0,10,3,13,96,16,6,7a527a6c6e2e3aec7d4a31196488eab720a083f435dd540e9a0ddf8206df0e79,30,969,122,7,False
TOKEN-CHANNEL-EFFICIENCY-20260923/source,development,n07583066/ILSVRC2012_val_00001378_n07583066,90,4ef8d7654f413fc4c954518cbccd29a113420341a0d8e90382f62e6d689a1aa3,not_applicable_source_reference,not_applicable_source_reference,False,7,raw,1860,1860,,raw,0,0,10,3,0,70,16,6,2f21b6c450c26fc87b287764a1d6184c785ae9a13292365bc9ea7bf569a25db0,0,1860,233,4,False
TOKEN-CHANNEL-EFFICIENCY-20260923/source,development,n07583066/ILSVRC2012_val_00001378_n07583066,90,4ef8d7654f413fc4c954518cbccd29a113420341a0d8e90382f62e6d689a1aa3,not_applicable_source_reference,not_applicable_source_reference,False,7,arithmetic,1645,1645,1645,arithmetic,3,0,10,3,13,96,16,6,42baec92cef67a1541b0926b0085cf62b88ebd1846772bd8aaca37182d5b9291,30,1645,206,3,False
TOKEN-CHANNEL-EFFICIENCY-20260923/source,development,n07583066/ILSVRC2012_val_00001378_n07583066,90,4ef8d7654f413fc4c954518cbccd29a113420341a0d8e90382f62e6d689a1aa3,not_applicable_source_reference,not_applicable_source_reference,False,8,raw,3060,3060,,raw,0,0,10,3,0,70,16,6,6827dbe80844abf4fef337f84a9f4eea2b0d1f3dcdf3f43a3be01edc01c2fdfd,0,3060,383,4,False
TOKEN-CHANNEL-EFFICIENCY-20260923/source,development,n07583066/ILSVRC2012_val_00001378_n07583066,90,4ef8d7654f413fc4c954518cbccd29a113420341a0d8e90382f62e6d689a1aa3,not_applicable_source_reference,not_applicable_source_reference,False,8,arithmetic,2664,2664,2664,arithmetic,3,0,10,3,13,96,16,6,91bb1dd325612f2d01b7b3253763a3b42aad9094e03e0184290fb38a8295e0e2,30,2664,333,0,False
TOKEN-CHANNEL-EFFICIENCY-20260923/source,development,n07583066/ILSVRC2012_val_00001378_n07583066,90,4ef8d7654f413fc4c954518cbccd29a113420341a0d8e90382f62e6d689a1aa3,not_applicable_source_reference,not_applicable_source_reference,False,9,raw,5088,5088,,raw,0,0,10,3,0,70,16,6,7ee34660960c98044020219e2476fd48becdd350f72ee03f2838ce944f1abe73,0,5088,636,0,False
TOKEN-CHANNEL-EFFICIENCY-20260923/source,development,n07583066/ILSVRC2012_val_00001378_n07583066,90,4ef8d7654f413fc4c954518cbccd29a113420341a0d8e90382f62e6d689a1aa3,not_applicable_source_reference,not_applicable_source_reference,False,9,arithmetic,4362,4362,4362,arithmetic,2,0,10,3,13,96,16,6,065b34025024f52b5f99a4b81b8136e52e156681458750268a0efcc4b5733b34,30,4362,546,6,False
TOKEN-CHANNEL-EFFICIENCY-20260923/source,development,n07583066/ILSVRC2012_val_00001378_n07583066,90,4ef8d7654f413fc4c954518cbccd29a113420341a0d8e90382f62e6d689a1aa3,not_applicable_source_reference,not_applicable_source_reference,False,10,raw,8160,8160,,raw,0,0,10,3,0,70,16,6,b9325d0a012319978c35fa1559a60b20c5323c73e742be8340305dec7c4cec99,0,8160,1020,0,False
TOKEN-CHANNEL-EFFICIENCY-20260923/source,development,n07583066/ILSVRC2012_val_00001378_n07583066,90,4ef8d7654f413fc4c954518cbccd29a113420341a0d8e90382f62e6d689a1aa3,not_applicable_source_reference,not_applicable_source_reference,False,10,arithmetic,6320,6320,6320,arithmetic,2,0,10,3,13,96,16,6,eabd14a33014beefc081090377b01eb036c942a00e71eecca25dac1086f6d359,30,6320,790,0,False
TOKEN-CHANNEL-EFFICIENCY-20260923/source,development,n07590611/ILSVRC2012_val_00030972_n07590611,91,9c48e6f2ebe13ddb403d08c32bf75e310519ee41d0ce439b7e8fe60fd1f4d2db,not_applicable_source_reference,not_applicable_source_reference,False,6,raw,1092,1092,,raw,0,0,10,3,0,70,16,6,999629cd8bacf8fafda15b72f446dfd6b6fdcec1ef4a3196e6ba0ce3c2cd4c6d,0,1092,137,4,False
TOKEN-CHANNEL-EFFICIENCY-20260923/source,development,n07590611/ILSVRC2012_val_00030972_n07590611,91,9c48e6f2ebe13ddb403d08c32bf75e310519ee41d0ce439b7e8fe60fd1f4d2db,not_applicable_source_reference,not_applicable_source_reference,False,6,arithmetic,941,941,941,arithmetic,2,0,10,3,13,96,16,6,3439def57e8abfb5dec344bbd14d95e6d65d10f206b46bcfa1e1f091d6317eea,30,941,118,3,False
TOKEN-CHANNEL-EFFICIENCY-20260923/source,development,n07590611/ILSVRC2012_val_00030972_n07590611,91,9c48e6f2ebe13ddb403d08c32bf75e310519ee41d0ce439b7e8fe60fd1f4d2db,not_applicable_source_reference,not_applicable_source_reference,False,7,raw,1860,1860,,raw,0,0,10,3,0,70,16,6,cba00ae1a95cda900be4750e26a1a1a4f2c4300b8774049516dc975a48eccc36,0,1860,233,4,False
TOKEN-CHANNEL-EFFICIENCY-20260923/source,development,n07590611/ILSVRC2012_val_00030972_n07590611,91,9c48e6f2ebe13ddb403d08c32bf75e310519ee41d0ce439b7e8fe60fd1f4d2db,not_applicable_source_reference,not_applicable_source_reference,False,7,arithmetic,1597,1597,1597,arithmetic,8,0,10,3,13,96,16,6,64c896e1f8cc5bd7251e1eb7f87a1a248a3cfdd86db8fd3edd26b29c965ee1d7,30,1597,200,3,False
TOKEN-CHANNEL-EFFICIENCY-20260923/source,development,n07590611/ILSVRC2012_val_00030972_n07590611,91,9c48e6f2ebe13ddb403d08c32bf75e310519ee41d0ce439b7e8fe60fd1f4d2db,not_applicable_source_reference,not_applicable_source_reference,False,8,raw,3060,3060,,raw,0,0,10,3,0,70,16,6,b863ec3665f9cb609ecc5b0c511cdba56159be078eb64380ddad5f03ebc05737,0,3060,383,4,False
TOKEN-CHANNEL-EFFICIENCY-20260923/source,development,n07590611/ILSVRC2012_val_00030972_n07590611,91,9c48e6f2ebe13ddb403d08c32bf75e310519ee41d0ce439b7e8fe60fd1f4d2db,not_applicable_source_reference,not_applicable_source_reference,False,8,arithmetic,2570,2570,2570,arithmetic,3,0,10,3,13,96,16,6,2013e7897c09ef9e2f3c7500d307972021bea0702f012ecd0437ed7e3d90c93e,30,2570,322,6,False
TOKEN-CHANNEL-EFFICIENCY-20260923/source,development,n07590611/ILSVRC2012_val_00030972_n07590611,91,9c48e6f2ebe13ddb403d08c32bf75e310519ee41d0ce439b7e8fe60fd1f4d2db,not_applicable_source_reference,not_applicable_source_reference,False,9,raw,5088,5088,,raw,0,0,10,3,0,70,16,6,152d65086518519153f9e2fdd11e8114693c5cb97eb63dccb755bd6076bbd82c,0,5088,636,0,False
TOKEN-CHANNEL-EFFICIENCY-20260923/source,development,n07590611/ILSVRC2012_val_00030972_n07590611,91,9c48e6f2ebe13ddb403d08c32bf75e310519ee41d0ce439b7e8fe60fd1f4d2db,not_applicable_source_reference,not_applicable_source_reference,False,9,arithmetic,4186,4186,4186,arithmetic,2,0,10,3,13,96,16,6,65c1eec006f05bd63503f617422e101621ea1806e32e231d1103d6c3e063b3b7,30,4186,524,6,False
TOKEN-CHANNEL-EFFICIENCY-20260923/source,development,n07590611/ILSVRC2012_val_00030972_n07590611,91,9c48e6f2ebe13ddb403d08c32bf75e310519ee41d0ce439b7e8fe60fd1f4d2db,not_applicable_source_reference,not_applicable_source_reference,False,10,raw,8160,8160,,raw,0,0,10,3,0,70,16,6,fb3094669a4a805f8ab52d34d6d966db9e825c81a7751dd43ce9768bcbbcdcc2,0,8160,1020,0,False
TOKEN-CHANNEL-EFFICIENCY-20260923/source,development,n07590611/ILSVRC2012_val_00030972_n07590611,91,9c48e6f2ebe13ddb403d08c32bf75e310519ee41d0ce439b7e8fe60fd1f4d2db,not_applicable_source_reference,not_applicable_source_reference,False,10,arithmetic,6164,6164,6164,arithmetic,2,0,10,3,13,96,16,6,bb81a29bda85211ae5c0b1acbafbb69f0e9ddb416f7fcd4057ed6872b6d4166c,30,6164,771,4,False
TOKEN-CHANNEL-EFFICIENCY-20260923/source,development,n07714990/ILSVRC2012_val_00008416_n07714990,92,fa679471f22e180ea849cf5603d78bf57767d47fa978e63d5b4fc7a16cf1c58e,not_applicable_source_reference,not_applicable_source_reference,False,6,raw,1092,1092,,raw,0,0,10,3,0,70,16,6,89518e3f6db86b360d912a081aaa9a4209aba2f3b9145d3d24d9323b8c0aa9fa,0,1092,137,4,False
TOKEN-CHANNEL-EFFICIENCY-20260923/source,development,n07714990/ILSVRC2012_val_00008416_n07714990,92,fa679471f22e180ea849cf5603d78bf57767d47fa978e63d5b4fc7a16cf1c58e,not_applicable_source_reference,not_applicable_source_reference,False,6,arithmetic,900,900,900,arithmetic,5,0,10,3,13,96,16,6,d309c40776ead3d43ecb5cecd340c5d29d5e16c00dcab7e14288b3271499f14b,30,900,113,4,False
TOKEN-CHANNEL-EFFICIENCY-20260923/source,development,n07714990/ILSVRC2012_val_00008416_n07714990,92,fa679471f22e180ea849cf5603d78bf57767d47fa978e63d5b4fc7a16cf1c58e,not_applicable_source_reference,not_applicable_source_reference,False,7,raw,1860,1860,,raw,0,0,10,3,0,70,16,6,61f178c5f2e1f2c6f567f1b5c65cc3750c4ca3323c0457f0865515cf27a9e6ae,0,1860,233,4,False
TOKEN-CHANNEL-EFFICIENCY-20260923/source,development,n07714990/ILSVRC2012_val_00008416_n07714990,92,fa679471f22e180ea849cf5603d78bf57767d47fa978e63d5b4fc7a16cf1c58e,not_applicable_source_reference,not_applicable_source_reference,False,7,arithmetic,1530,1530,1530,arithmetic,3,0,10,3,13,96,16,6,7b692942c89c308991e4a77341706227d1a839074b716eab724174264e92cf30,30,1530,192,6,False
TOKEN-CHANNEL-EFFICIENCY-20260923/source,development,n07714990/ILSVRC2012_val_00008416_n07714990,92,fa679471f22e180ea849cf5603d78bf57767d47fa978e63d5b4fc7a16cf1c58e,not_applicable_source_reference,not_applicable_source_reference,False,8,raw,3060,3060,,raw,0,0,10,3,0,70,16,6,679a362cbce40d86c579f1f1c843beb57c05188ab15e7f505e62e819f505e119,0,3060,383,4,False
TOKEN-CHANNEL-EFFICIENCY-20260923/source,development,n07714990/ILSVRC2012_val_00008416_n07714990,92,fa679471f22e180ea849cf5603d78bf57767d47fa978e63d5b4fc7a16cf1c58e,not_applicable_source_reference,not_applicable_source_reference,False,8,arithmetic,2488,2488,2488,arithmetic,6,0,10,3,13,96,16,6,f1b8c0cdc22dbdb10e8ad778cb342b162e7d89219ec7eaf143b0487454ff39bb,30,2488,311,0,False
TOKEN-CHANNEL-EFFICIENCY-20260923/source,development,n07714990/ILSVRC2012_val_00008416_n07714990,92,fa679471f22e180ea849cf5603d78bf57767d47fa978e63d5b4fc7a16cf1c58e,not_applicable_source_reference,not_applicable_source_reference,False,9,raw,5088,5088,,raw,0,0,10,3,0,70,16,6,afe4e8132f69cca21eb29a95e4e3e0a68f1ebb0e6b6d837c5556860e0c78b679,0,5088,636,0,False
TOKEN-CHANNEL-EFFICIENCY-20260923/source,development,n07714990/ILSVRC2012_val_00008416_n07714990,92,fa679471f22e180ea849cf5603d78bf57767d47fa978e63d5b4fc7a16cf1c58e,not_applicable_source_reference,not_applicable_source_reference,False,9,arithmetic,4012,4012,4012,arithmetic,6,0,10,3,13,96,16,6,1037cdb3da16c41cc5bbb04d6841f7b98f40d99741a8b5501117d016eca56422,30,4012,502,4,False
TOKEN-CHANNEL-EFFICIENCY-20260923/source,development,n07714990/ILSVRC2012_val_00008416_n07714990,92,fa679471f22e180ea849cf5603d78bf57767d47fa978e63d5b4fc7a16cf1c58e,not_applicable_source_reference,not_applicable_source_reference,False,10,raw,8160,8160,,raw,0,0,10,3,0,70,16,6,9a604889b0dc058db993ea851cd42096bf5b32d6be140ef924494dc91da80af0,0,8160,1020,0,False
TOKEN-CHANNEL-EFFICIENCY-20260923/source,development,n07714990/ILSVRC2012_val_00008416_n07714990,92,fa679471f22e180ea849cf5603d78bf57767d47fa978e63d5b4fc7a16cf1c58e,not_applicable_source_reference,not_applicable_source_reference,False,10,arithmetic,5931,5931,5931,arithmetic,2,0,10,3,13,96,16,6,bfe1b8d5261bb86ed28fb8d5b167da2f77f0d808128ec600b597c69e151d2635,30,5931,742,5,False
TOKEN-CHANNEL-EFFICIENCY-20260923/source,development,n07716906/ILSVRC2012_val_00011140_n07716906,93,f5bb633b7ca92a84ca97938ec4618656e2d6c0c3276cce9e41ce3a9dc5201b68,not_applicable_source_reference,not_applicable_source_reference,False,6,raw,1092,1092,,raw,0,0,10,3,0,70,16,6,9b6a85a3e17603b865ab37845501b461e8f764fa1b8ffb062d12419c77a3c66c,0,1092,137,4,False
TOKEN-CHANNEL-EFFICIENCY-20260923/source,development,n07716906/ILSVRC2012_val_00011140_n07716906,93,f5bb633b7ca92a84ca97938ec4618656e2d6c0c3276cce9e41ce3a9dc5201b68,not_applicable_source_reference,not_applicable_source_reference,False,6,arithmetic,855,855,855,arithmetic,4,0,10,3,13,96,16,6,b6e429a9ea405edcab9ab699750b5bd4dfebb3eb0b6e12eed28a479e427b5438,30,855,107,1,False
TOKEN-CHANNEL-EFFICIENCY-20260923/source,development,n07716906/ILSVRC2012_val_00011140_n07716906,93,f5bb633b7ca92a84ca97938ec4618656e2d6c0c3276cce9e41ce3a9dc5201b68,not_applicable_source_reference,not_applicable_source_reference,False,7,raw,1860,1860,,raw,0,0,10,3,0,70,16,6,86b557e04ec24a6a767b4b07812adee04a8b6b7fb2f395d391ec257fa1883261,0,1860,233,4,False
TOKEN-CHANNEL-EFFICIENCY-20260923/source,development,n07716906/ILSVRC2012_val_00011140_n07716906,93,f5bb633b7ca92a84ca97938ec4618656e2d6c0c3276cce9e41ce3a9dc5201b68,not_applicable_source_reference,not_applicable_source_reference,False,7,arithmetic,1514,1514,1514,arithmetic,4,0,10,3,13,96,16,6,515d296259799e9e4428761ef253634d3a01c14e661da4e48a383688d42b43c8,30,1514,190,6,False
TOKEN-CHANNEL-EFFICIENCY-20260923/source,development,n07716906/ILSVRC2012_val_00011140_n07716906,93,f5bb633b7ca92a84ca97938ec4618656e2d6c0c3276cce9e41ce3a9dc5201b68,not_applicable_source_reference,not_applicable_source_reference,False,8,raw,3060,3060,,raw,0,0,10,3,0,70,16,6,27377b701702cafce58cf57dc3175f812a873c3a00b2df7bb26a471854b725b5,0,3060,383,4,False
TOKEN-CHANNEL-EFFICIENCY-20260923/source,development,n07716906/ILSVRC2012_val_00011140_n07716906,93,f5bb633b7ca92a84ca97938ec4618656e2d6c0c3276cce9e41ce3a9dc5201b68,not_applicable_source_reference,not_applicable_source_reference,False,8,arithmetic,2478,2478,2478,arithmetic,2,0,10,3,13,96,16,6,582f8a7f4363792b466ae12b3843a2c6710b348fde812f14df2689732847d1dc,30,2478,310,2,False
TOKEN-CHANNEL-EFFICIENCY-20260923/source,development,n07716906/ILSVRC2012_val_00011140_n07716906,93,f5bb633b7ca92a84ca97938ec4618656e2d6c0c3276cce9e41ce3a9dc5201b68,not_applicable_source_reference,not_applicable_source_reference,False,9,raw,5088,5088,,raw,0,0,10,3,0,70,16,6,972fb15804ff09192484e444f7534522039bb5bb03687427b5873d136c0d5788,0,5088,636,0,False
TOKEN-CHANNEL-EFFICIENCY-20260923/source,development,n07716906/ILSVRC2012_val_00011140_n07716906,93,f5bb633b7ca92a84ca97938ec4618656e2d6c0c3276cce9e41ce3a9dc5201b68,not_applicable_source_reference,not_applicable_source_reference,False,9,arithmetic,4018,4018,4018,arithmetic,2,0,10,3,13,96,16,6,45f5c24c8391fb31bfe9d6e86373d1bc404b284be420c11b9977ac3c52645812,30,4018,503,6,False
TOKEN-CHANNEL-EFFICIENCY-20260923/source,development,n07716906/ILSVRC2012_val_00011140_n07716906,93,f5bb633b7ca92a84ca97938ec4618656e2d6c0c3276cce9e41ce3a9dc5201b68,not_applicable_source_reference,not_applicable_source_reference,False,10,raw,8160,8160,,raw,0,0,10,3,0,70,16,6,6805649de448ac0bae53e5618ed5b18b6645ac8b8a25822dc46d9e4b42346a39,0,8160,1020,0,False
TOKEN-CHANNEL-EFFICIENCY-20260923/source,development,n07716906/ILSVRC2012_val_00011140_n07716906,93,f5bb633b7ca92a84ca97938ec4618656e2d6c0c3276cce9e41ce3a9dc5201b68,not_applicable_source_reference,not_applicable_source_reference,False,10,arithmetic,5987,5987,5987,arithmetic,2,0,10,3,13,96,16,6,f66de3d82def2df401e01f24de774b6df74757615b2ec798313d0388f49691d4,30,5987,749,5,False
TOKEN-CHANNEL-EFFICIENCY-20260923/source,development,n07720875/ILSVRC2012_val_00000423_n07720875,94,94c61912cfaf43eb86fef5f9db09de3f28c217adde3eb95d1e48babd448b9893,not_applicable_source_reference,not_applicable_source_reference,False,6,raw,1092,1092,,raw,0,0,10,3,0,70,16,6,8ab63faedeb6829b968978c175214b80a9091e95aa767005f777a4edd47aa955,0,1092,137,4,False
TOKEN-CHANNEL-EFFICIENCY-20260923/source,development,n07720875/ILSVRC2012_val_00000423_n07720875,94,94c61912cfaf43eb86fef5f9db09de3f28c217adde3eb95d1e48babd448b9893,not_applicable_source_reference,not_applicable_source_reference,False,6,arithmetic,870,870,870,arithmetic,3,0,10,3,13,96,16,6,02ba98bb8ba23f151889a03ff558edb721dfb363435f6366a088616d3f795626,30,870,109,2,False
TOKEN-CHANNEL-EFFICIENCY-20260923/source,development,n07720875/ILSVRC2012_val_00000423_n07720875,94,94c61912cfaf43eb86fef5f9db09de3f28c217adde3eb95d1e48babd448b9893,not_applicable_source_reference,not_applicable_source_reference,False,7,raw,1860,1860,,raw,0,0,10,3,0,70,16,6,eab3ee77b3ff4e4d626665db7814dfcc65b6a0e8cd44fd41ad14471d67a9c022,0,1860,233,4,False
TOKEN-CHANNEL-EFFICIENCY-20260923/source,development,n07720875/ILSVRC2012_val_00000423_n07720875,94,94c61912cfaf43eb86fef5f9db09de3f28c217adde3eb95d1e48babd448b9893,not_applicable_source_reference,not_applicable_source_reference,False,7,arithmetic,1535,1535,1535,arithmetic,3,0,10,3,13,96,16,6,39a8d7cbe81fd3eb479c0e7b6c60eced9ea0d400ab7d17d230246ec3bc8b5f9d,30,1535,192,1,False
TOKEN-CHANNEL-EFFICIENCY-20260923/source,development,n07720875/ILSVRC2012_val_00000423_n07720875,94,94c61912cfaf43eb86fef5f9db09de3f28c217adde3eb95d1e48babd448b9893,not_applicable_source_reference,not_applicable_source_reference,False,8,raw,3060,3060,,raw,0,0,10,3,0,70,16,6,02ce6d53cbc8d67a863bf9104a5e6e6bd34479d845fc224ebf84f1363c5ff204,0,3060,383,4,False
TOKEN-CHANNEL-EFFICIENCY-20260923/source,development,n07720875/ILSVRC2012_val_00000423_n07720875,94,94c61912cfaf43eb86fef5f9db09de3f28c217adde3eb95d1e48babd448b9893,not_applicable_source_reference,not_applicable_source_reference,False,8,arithmetic,2451,2451,2451,arithmetic,2,0,10,3,13,96,16,6,78387a58ef20874c381a91f99c783807cf9d413c35a7a4078475d6743033e9f5,30,2451,307,5,False
TOKEN-CHANNEL-EFFICIENCY-20260923/source,development,n07720875/ILSVRC2012_val_00000423_n07720875,94,94c61912cfaf43eb86fef5f9db09de3f28c217adde3eb95d1e48babd448b9893,not_applicable_source_reference,not_applicable_source_reference,False,9,raw,5088,5088,,raw,0,0,10,3,0,70,16,6,09a07478ddd747748ad9e63dcef784a0c98b4a85ebb5a7c328986755694bc2f5,0,5088,636,0,False
TOKEN-CHANNEL-EFFICIENCY-20260923/source,development,n07720875/ILSVRC2012_val_00000423_n07720875,94,94c61912cfaf43eb86fef5f9db09de3f28c217adde3eb95d1e48babd448b9893,not_applicable_source_reference,not_applicable_source_reference,False,9,arithmetic,3923,3923,3923,arithmetic,2,0,10,3,13,96,16,6,c2dafb950144da6d3636aa69c3a39b87c476c07e5f8af95c709944cded12e489,30,3923,491,5,False
TOKEN-CHANNEL-EFFICIENCY-20260923/source,development,n07720875/ILSVRC2012_val_00000423_n07720875,94,94c61912cfaf43eb86fef5f9db09de3f28c217adde3eb95d1e48babd448b9893,not_applicable_source_reference,not_applicable_source_reference,False,10,raw,8160,8160,,raw,0,0,10,3,0,70,16,6,d7f8ccce38fc55d5e3f8d26c3b876fe7de7542a51084fc1613d6b2b4114d870c,0,8160,1020,0,False
TOKEN-CHANNEL-EFFICIENCY-20260923/source,development,n07720875/ILSVRC2012_val_00000423_n07720875,94,94c61912cfaf43eb86fef5f9db09de3f28c217adde3eb95d1e48babd448b9893,not_applicable_source_reference,not_applicable_source_reference,False,10,arithmetic,5715,5715,5715,arithmetic,2,0,10,3,13,96,16,6,5e59b966f174f23c0aff03175e017ffd9200310025f77fab3aae23e70951871f,30,5715,715,5,False
TOKEN-CHANNEL-EFFICIENCY-20260923/source,development,n07860988/ILSVRC2012_val_00010848_n07860988,95,ab3fd1840a939a1fefbb0669c3678defc0c18d07886a9283fc4e357eeb609b40,not_applicable_source_reference,not_applicable_source_reference,False,6,raw,1092,1092,,raw,0,0,10,3,0,70,16,6,1278f041bf870adbf75cd2f1d44d271e7db40f4e47ac59eccbc1db6bcf3b8ef8,0,1092,137,4,False
TOKEN-CHANNEL-EFFICIENCY-20260923/source,development,n07860988/ILSVRC2012_val_00010848_n07860988,95,ab3fd1840a939a1fefbb0669c3678defc0c18d07886a9283fc4e357eeb609b40,not_applicable_source_reference,not_applicable_source_reference,False,6,arithmetic,966,966,966,arithmetic,2,0,10,3,13,96,16,6,747b454997898a30d9f48573f8749cadd6277576c8a5299f8efc28fa34f60868,30,966,121,2,False
TOKEN-CHANNEL-EFFICIENCY-20260923/source,development,n07860988/ILSVRC2012_val_00010848_n07860988,95,ab3fd1840a939a1fefbb0669c3678defc0c18d07886a9283fc4e357eeb609b40,not_applicable_source_reference,not_applicable_source_reference,False,7,raw,1860,1860,,raw,0,0,10,3,0,70,16,6,b5d5ed4a21061ae669c4c08e7fdc6c72159056374a00c410bd2715a6d3faaed5,0,1860,233,4,False
TOKEN-CHANNEL-EFFICIENCY-20260923/source,development,n07860988/ILSVRC2012_val_00010848_n07860988,95,ab3fd1840a939a1fefbb0669c3678defc0c18d07886a9283fc4e357eeb609b40,not_applicable_source_reference,not_applicable_source_reference,False,7,arithmetic,1612,1612,1612,arithmetic,3,0,10,3,13,96,16,6,137c75a1b432e057e2faa254cccaec9508c5ed8dc9f5048bf9301fb81dc184ce,30,1612,202,4,False
TOKEN-CHANNEL-EFFICIENCY-20260923/source,development,n07860988/ILSVRC2012_val_00010848_n07860988,95,ab3fd1840a939a1fefbb0669c3678defc0c18d07886a9283fc4e357eeb609b40,not_applicable_source_reference,not_applicable_source_reference,False,8,raw,3060,3060,,raw,0,0,10,3,0,70,16,6,11d24e14f6a1a26d600121c48e04a659deceeb34af883fe64aadf0696c503103,0,3060,383,4,False
TOKEN-CHANNEL-EFFICIENCY-20260923/source,development,n07860988/ILSVRC2012_val_00010848_n07860988,95,ab3fd1840a939a1fefbb0669c3678defc0c18d07886a9283fc4e357eeb609b40,not_applicable_source_reference,not_applicable_source_reference,False,8,arithmetic,2580,2580,2580,arithmetic,4,0,10,3,13,96,16,6,d45122908b74a23b2c160f14bfbfeadb85853592e8d4bf6d666e3896ec0c3674,30,2580,323,4,False
TOKEN-CHANNEL-EFFICIENCY-20260923/source,development,n07860988/ILSVRC2012_val_00010848_n07860988,95,ab3fd1840a939a1fefbb0669c3678defc0c18d07886a9283fc4e357eeb609b40,not_applicable_source_reference,not_applicable_source_reference,False,9,raw,5088,5088,,raw,0,0,10,3,0,70,16,6,f437e212e33c1086e50188f0598d0230c53d88800aebd24cc6a2108a13b9016b,0,5088,636,0,False
TOKEN-CHANNEL-EFFICIENCY-20260923/source,development,n07860988/ILSVRC2012_val_00010848_n07860988,95,ab3fd1840a939a1fefbb0669c3678defc0c18d07886a9283fc4e357eeb609b40,not_applicable_source_reference,not_applicable_source_reference,False,9,arithmetic,4153,4153,4153,arithmetic,2,0,10,3,13,96,16,6,c45feb68f1c6fccd26b2d6725dd0d4e1c749d7ef760ea5e81bae124b8a33354e,30,4153,520,7,False
TOKEN-CHANNEL-EFFICIENCY-20260923/source,development,n07860988/ILSVRC2012_val_00010848_n07860988,95,ab3fd1840a939a1fefbb0669c3678defc0c18d07886a9283fc4e357eeb609b40,not_applicable_source_reference,not_applicable_source_reference,False,10,raw,8160,8160,,raw,0,0,10,3,0,70,16,6,6d35a5e207d7172f1c1c8c26a158a5b94dcedf35a70ce0fca219697d6ad60070,0,8160,1020,0,False
TOKEN-CHANNEL-EFFICIENCY-20260923/source,development,n07860988/ILSVRC2012_val_00010848_n07860988,95,ab3fd1840a939a1fefbb0669c3678defc0c18d07886a9283fc4e357eeb609b40,not_applicable_source_reference,not_applicable_source_reference,False,10,arithmetic,6036,6036,6036,arithmetic,4,0,10,3,13,96,16,6,c21fdc35547944be43f2d3f382cb9e839bfce271a254d7aa9c4e8392cc821fba,30,6036,755,4,False
TOKEN-CHANNEL-EFFICIENCY-20260923/source,development,n09288635/ILSVRC2012_val_00001270_n09288635,96,395c9c967ef9c7d6df3793270822b636d0ea3102c5beb3b455eb5d1d84992499,not_applicable_source_reference,not_applicable_source_reference,False,6,raw,1092,1092,,raw,0,0,10,3,0,70,16,6,8271cd0a928e24c514a1bcea0850cf7d4c2f3bc64f4d05c4b4625a46bf5e6b2a,0,1092,137,4,False
TOKEN-CHANNEL-EFFICIENCY-20260923/source,development,n09288635/ILSVRC2012_val_00001270_n09288635,96,395c9c967ef9c7d6df3793270822b636d0ea3102c5beb3b455eb5d1d84992499,not_applicable_source_reference,not_applicable_source_reference,False,6,arithmetic,916,916,916,arithmetic,2,0,10,3,13,96,16,6,72f78900909a5d40773acf72c124e40656efcc19a3c5c05834e061014385457e,30,916,115,4,False
TOKEN-CHANNEL-EFFICIENCY-20260923/source,development,n09288635/ILSVRC2012_val_00001270_n09288635,96,395c9c967ef9c7d6df3793270822b636d0ea3102c5beb3b455eb5d1d84992499,not_applicable_source_reference,not_applicable_source_reference,False,7,raw,1860,1860,,raw,0,0,10,3,0,70,16,6,15aa6484ff5caca664dd07c31c05feca1ff124cbada06919ecb8a0cb1b86ab46,0,1860,233,4,False
TOKEN-CHANNEL-EFFICIENCY-20260923/source,development,n09288635/ILSVRC2012_val_00001270_n09288635,96,395c9c967ef9c7d6df3793270822b636d0ea3102c5beb3b455eb5d1d84992499,not_applicable_source_reference,not_applicable_source_reference,False,7,arithmetic,1586,1586,1586,arithmetic,2,0,10,3,13,96,16,6,2f65cdca7e93d6ac045f15cc607cebc6a3951ba19ec18cbabab58ed10a3427f7,30,1586,199,6,False
TOKEN-CHANNEL-EFFICIENCY-20260923/source,development,n09288635/ILSVRC2012_val_00001270_n09288635,96,395c9c967ef9c7d6df3793270822b636d0ea3102c5beb3b455eb5d1d84992499,not_applicable_source_reference,not_applicable_source_reference,False,8,raw,3060,3060,,raw,0,0,10,3,0,70,16,6,d25bca3ec9932e4a96f31c3f3043e3edf38e01816b8da4f352826be6906338e3,0,3060,383,4,False
TOKEN-CHANNEL-EFFICIENCY-20260923/source,development,n09288635/ILSVRC2012_val_00001270_n09288635,96,395c9c967ef9c7d6df3793270822b636d0ea3102c5beb3b455eb5d1d84992499,not_applicable_source_reference,not_applicable_source_reference,False,8,arithmetic,2623,2623,2623,arithmetic,3,0,10,3,13,96,16,6,bc3657f184166d29a142f4abd4bdba70a972ff6cab4a284aaea0522fdb1eaefe,30,2623,328,1,False
TOKEN-CHANNEL-EFFICIENCY-20260923/source,development,n09288635/ILSVRC2012_val_00001270_n09288635,96,395c9c967ef9c7d6df3793270822b636d0ea3102c5beb3b455eb5d1d84992499,not_applicable_source_reference,not_applicable_source_reference,False,9,raw,5088,5088,,raw,0,0,10,3,0,70,16,6,84ac45c47cdfb03391a2e1055195a0f5955bef2d6f493f8b20a1072173142493,0,5088,636,0,False
TOKEN-CHANNEL-EFFICIENCY-20260923/source,development,n09288635/ILSVRC2012_val_00001270_n09288635,96,395c9c967ef9c7d6df3793270822b636d0ea3102c5beb3b455eb5d1d84992499,not_applicable_source_reference,not_applicable_source_reference,False,9,arithmetic,4202,4202,4202,arithmetic,2,0,10,3,13,96,16,6,3018da090ca110ca5b0a21754f47510459d5f5f293016d5778d86fa3f4d943c0,30,4202,526,6,False
TOKEN-CHANNEL-EFFICIENCY-20260923/source,development,n09288635/ILSVRC2012_val_00001270_n09288635,96,395c9c967ef9c7d6df3793270822b636d0ea3102c5beb3b455eb5d1d84992499,not_applicable_source_reference,not_applicable_source_reference,False,10,raw,8160,8160,,raw,0,0,10,3,0,70,16,6,2ff52d280da835842409eed5f616a895418ec893c27fd8d693cfe55cc3b5facc,0,8160,1020,0,False
TOKEN-CHANNEL-EFFICIENCY-20260923/source,development,n09288635/ILSVRC2012_val_00001270_n09288635,96,395c9c967ef9c7d6df3793270822b636d0ea3102c5beb3b455eb5d1d84992499,not_applicable_source_reference,not_applicable_source_reference,False,10,arithmetic,6363,6363,6363,arithmetic,2,0,10,3,13,96,16,6,9d486fceac2d8e2af637c0ae5af796ac6662d59e1e16fa7a4d5d2bf728d8907f,30,6363,796,5,False
TOKEN-CHANNEL-EFFICIENCY-20260923/source,development,n09468604/ILSVRC2012_val_00030741_n09468604,97,c3ce3780f589689f70061a32c01d4cddde53cc93f13c72d6da0f606f6be56ae3,not_applicable_source_reference,not_applicable_source_reference,False,6,raw,1092,1092,,raw,0,0,10,3,0,70,16,6,1a002b0a689fffa97524b79175895913f5417b667e1d1260058298f4696d59a8,0,1092,137,4,False
TOKEN-CHANNEL-EFFICIENCY-20260923/source,development,n09468604/ILSVRC2012_val_00030741_n09468604,97,c3ce3780f589689f70061a32c01d4cddde53cc93f13c72d6da0f606f6be56ae3,not_applicable_source_reference,not_applicable_source_reference,False,6,arithmetic,944,944,944,arithmetic,4,0,10,3,13,96,16,6,843efbd66975189e85bc379e7595e65aead06dec9867e898d5ee21a937a5fedc,30,944,118,0,False
TOKEN-CHANNEL-EFFICIENCY-20260923/source,development,n09468604/ILSVRC2012_val_00030741_n09468604,97,c3ce3780f589689f70061a32c01d4cddde53cc93f13c72d6da0f606f6be56ae3,not_applicable_source_reference,not_applicable_source_reference,False,7,raw,1860,1860,,raw,0,0,10,3,0,70,16,6,8eca3bdd3c68ed6fec16ea3a39058354a0c96445a98ce0ebee7e7f2b866fa2d1,0,1860,233,4,False
TOKEN-CHANNEL-EFFICIENCY-20260923/source,development,n09468604/ILSVRC2012_val_00030741_n09468604,97,c3ce3780f589689f70061a32c01d4cddde53cc93f13c72d6da0f606f6be56ae3,not_applicable_source_reference,not_applicable_source_reference,False,7,arithmetic,1616,1616,1616,arithmetic,3,0,10,3,13,96,16,6,f1b9ea611108338b39a836627039b1fd48575ea8f1a89306fc292ca3cfc25e3e,30,1616,202,0,False
TOKEN-CHANNEL-EFFICIENCY-20260923/source,development,n09468604/ILSVRC2012_val_00030741_n09468604,97,c3ce3780f589689f70061a32c01d4cddde53cc93f13c72d6da0f606f6be56ae3,not_applicable_source_reference,not_applicable_source_reference,False,8,raw,3060,3060,,raw,0,0,10,3,0,70,16,6,f3978d55ccd5a0e3d31c5ff43037757789f66ed92fc8c62acdc54c4b2e963d33,0,3060,383,4,False
TOKEN-CHANNEL-EFFICIENCY-20260923/source,development,n09468604/ILSVRC2012_val_00030741_n09468604,97,c3ce3780f589689f70061a32c01d4cddde53cc93f13c72d6da0f606f6be56ae3,not_applicable_source_reference,not_applicable_source_reference,False,8,arithmetic,2628,2628,2628,arithmetic,3,0,10,3,13,96,16,6,b09e9af3abcc84ee345681e94504ede1a487b757c92b900eaa7ac8edf8958302,30,2628,329,4,False
TOKEN-CHANNEL-EFFICIENCY-20260923/source,development,n09468604/ILSVRC2012_val_00030741_n09468604,97,c3ce3780f589689f70061a32c01d4cddde53cc93f13c72d6da0f606f6be56ae3,not_applicable_source_reference,not_applicable_source_reference,False,9,raw,5088,5088,,raw,0,0,10,3,0,70,16,6,191d827ed5212b47be173d4f2e3e3e2b41e8350420fb26a7bd6ae7b4952d138a,0,5088,636,0,False
TOKEN-CHANNEL-EFFICIENCY-20260923/source,development,n09468604/ILSVRC2012_val_00030741_n09468604,97,c3ce3780f589689f70061a32c01d4cddde53cc93f13c72d6da0f606f6be56ae3,not_applicable_source_reference,not_applicable_source_reference,False,9,arithmetic,4324,4324,4324,arithmetic,2,0,10,3,13,96,16,6,9c754f7a186d87ef6ef1c8160f5157475616f9c23b924c13df97ab3d071e4e99,30,4324,541,4,False
TOKEN-CHANNEL-EFFICIENCY-20260923/source,development,n09468604/ILSVRC2012_val_00030741_n09468604,97,c3ce3780f589689f70061a32c01d4cddde53cc93f13c72d6da0f606f6be56ae3,not_applicable_source_reference,not_applicable_source_reference,False,10,raw,8160,8160,,raw,0,0,10,3,0,70,16,6,24fe08d31abdb3a158a09df0f79459f2d008a6481802ef6f38d19a8a6c219347,0,8160,1020,0,False
TOKEN-CHANNEL-EFFICIENCY-20260923/source,development,n09468604/ILSVRC2012_val_00030741_n09468604,97,c3ce3780f589689f70061a32c01d4cddde53cc93f13c72d6da0f606f6be56ae3,not_applicable_source_reference,not_applicable_source_reference,False,10,arithmetic,6608,6608,6608,arithmetic,2,0,10,3,13,96,16,6,1711f82ac61eac295f2b1fd919903d9e1b09239f10f4663f2c9712a4657d3982,30,6608,826,0,False
TOKEN-CHANNEL-EFFICIENCY-20260923/source,development,n11939491/ILSVRC2012_val_00034896_n11939491,98,5d503e995423b79fedecacd5389da614cd1fde446e0a222677d4ad33e0179cdd,not_applicable_source_reference,not_applicable_source_reference,False,6,raw,1092,1092,,raw,0,0,10,3,0,70,16,6,054a88efc0011f71af3090f613d87602ac30b95dca3a8708c80e0e327a6ebb1b,0,1092,137,4,False
TOKEN-CHANNEL-EFFICIENCY-20260923/source,development,n11939491/ILSVRC2012_val_00034896_n11939491,98,5d503e995423b79fedecacd5389da614cd1fde446e0a222677d4ad33e0179cdd,not_applicable_source_reference,not_applicable_source_reference,False,6,arithmetic,837,837,837,arithmetic,3,0,10,3,13,96,16,6,2eed8c45f09587cdbb641eda8289ce0da8f067d65d801755e1855b7d6f6c1022,30,837,105,3,False
TOKEN-CHANNEL-EFFICIENCY-20260923/source,development,n11939491/ILSVRC2012_val_00034896_n11939491,98,5d503e995423b79fedecacd5389da614cd1fde446e0a222677d4ad33e0179cdd,not_applicable_source_reference,not_applicable_source_reference,False,7,raw,1860,1860,,raw,0,0,10,3,0,70,16,6,d172d995101d17060b03683a832685158fab9496fa73b385c61d8aae27615542,0,1860,233,4,False
TOKEN-CHANNEL-EFFICIENCY-20260923/source,development,n11939491/ILSVRC2012_val_00034896_n11939491,98,5d503e995423b79fedecacd5389da614cd1fde446e0a222677d4ad33e0179cdd,not_applicable_source_reference,not_applicable_source_reference,False,7,arithmetic,1478,1478,1478,arithmetic,6,0,10,3,13,96,16,6,698f378ed7f68f77de55a3f03d129eea60ad3264d4a0a81e5166e40c7e6cff73,30,1478,185,2,False
TOKEN-CHANNEL-EFFICIENCY-20260923/source,development,n11939491/ILSVRC2012_val_00034896_n11939491,98,5d503e995423b79fedecacd5389da614cd1fde446e0a222677d4ad33e0179cdd,not_applicable_source_reference,not_applicable_source_reference,False,8,raw,3060,3060,,raw,0,0,10,3,0,70,16,6,f40d700ec6ec01461d4f03ac0e0da9124988dab064eaab51579d11ac73525086,0,3060,383,4,False
TOKEN-CHANNEL-EFFICIENCY-20260923/source,development,n11939491/ILSVRC2012_val_00034896_n11939491,98,5d503e995423b79fedecacd5389da614cd1fde446e0a222677d4ad33e0179cdd,not_applicable_source_reference,not_applicable_source_reference,False,8,arithmetic,2437,2437,2437,arithmetic,3,0,10,3,13,96,16,6,8e7a0a525b113d2d776e8b5901fe3ce0367761222819a949e86ae467367c171a,30,2437,305,3,False
TOKEN-CHANNEL-EFFICIENCY-20260923/source,development,n11939491/ILSVRC2012_val_00034896_n11939491,98,5d503e995423b79fedecacd5389da614cd1fde446e0a222677d4ad33e0179cdd,not_applicable_source_reference,not_applicable_source_reference,False,9,raw,5088,5088,,raw,0,0,10,3,0,70,16,6,987ba2587dd24005bb0820318dc1298f59f7b7948f4d86e6df1ec95c3dafdb12,0,5088,636,0,False
TOKEN-CHANNEL-EFFICIENCY-20260923/source,development,n11939491/ILSVRC2012_val_00034896_n11939491,98,5d503e995423b79fedecacd5389da614cd1fde446e0a222677d4ad33e0179cdd,not_applicable_source_reference,not_applicable_source_reference,False,9,arithmetic,4033,4033,4033,arithmetic,2,0,10,3,13,96,16,6,fde6cd634e3565fa2626f0e4824806250d9046bcb2f35be7389f5a62e1eb1f4a,30,4033,505,7,False
TOKEN-CHANNEL-EFFICIENCY-20260923/source,development,n11939491/ILSVRC2012_val_00034896_n11939491,98,5d503e995423b79fedecacd5389da614cd1fde446e0a222677d4ad33e0179cdd,not_applicable_source_reference,not_applicable_source_reference,False,10,raw,8160,8160,,raw,0,0,10,3,0,70,16,6,d9eb82cae1aa251df86634459752c3d9c1bbf62b357e3dcf09e0fc800233693d,0,8160,1020,0,False
TOKEN-CHANNEL-EFFICIENCY-20260923/source,development,n11939491/ILSVRC2012_val_00034896_n11939491,98,5d503e995423b79fedecacd5389da614cd1fde446e0a222677d4ad33e0179cdd,not_applicable_source_reference,not_applicable_source_reference,False,10,arithmetic,5833,5833,5833,arithmetic,2,0,10,3,13,96,16,6,8e75080e39e71bf5660745d89795b3a89ca9455f3f8aca84eb237d0173a89cd3,30,5833,730,7,False
TOKEN-CHANNEL-EFFICIENCY-20260923/source,development,n15075141/ILSVRC2012_val_00005846_n15075141,99,ce31aa6dd81ff9b435997c347d185e440fc323084b9ff3782ff8a8c869dcf5b6,not_applicable_source_reference,not_applicable_source_reference,False,6,raw,1092,1092,,raw,0,0,10,3,0,70,16,6,c722bb9ca2d238a2cc518ee9c6a247e2442d0cb9799d26f1f5af7794959b5dee,0,1092,137,4,False
TOKEN-CHANNEL-EFFICIENCY-20260923/source,development,n15075141/ILSVRC2012_val_00005846_n15075141,99,ce31aa6dd81ff9b435997c347d185e440fc323084b9ff3782ff8a8c869dcf5b6,not_applicable_source_reference,not_applicable_source_reference,False,6,arithmetic,920,920,920,arithmetic,2,0,10,3,13,96,16,6,1fd54cd0398a03e1b08a145c8255c535bd4ff62dd32b39cf86172efe01380247,30,920,115,0,False
TOKEN-CHANNEL-EFFICIENCY-20260923/source,development,n15075141/ILSVRC2012_val_00005846_n15075141,99,ce31aa6dd81ff9b435997c347d185e440fc323084b9ff3782ff8a8c869dcf5b6,not_applicable_source_reference,not_applicable_source_reference,False,7,raw,1860,1860,,raw,0,0,10,3,0,70,16,6,e1d10ce8faa269c020e10d5a637564a3aef1a359e2a8e25bf4302bc8700ae19e,0,1860,233,4,False
TOKEN-CHANNEL-EFFICIENCY-20260923/source,development,n15075141/ILSVRC2012_val_00005846_n15075141,99,ce31aa6dd81ff9b435997c347d185e440fc323084b9ff3782ff8a8c869dcf5b6,not_applicable_source_reference,not_applicable_source_reference,False,7,arithmetic,1563,1563,1563,arithmetic,2,0,10,3,13,96,16,6,cc30ef931200277055e450a28441ab8e316a8df54729b23d68673fdb831e4b79,30,1563,196,5,False
TOKEN-CHANNEL-EFFICIENCY-20260923/source,development,n15075141/ILSVRC2012_val_00005846_n15075141,99,ce31aa6dd81ff9b435997c347d185e440fc323084b9ff3782ff8a8c869dcf5b6,not_applicable_source_reference,not_applicable_source_reference,False,8,raw,3060,3060,,raw,0,0,10,3,0,70,16,6,efe51a80fe0d983ff6fc00b193b7f005431f82d40f7755fa732c781d5af96a35,0,3060,383,4,False
TOKEN-CHANNEL-EFFICIENCY-20260923/source,development,n15075141/ILSVRC2012_val_00005846_n15075141,99,ce31aa6dd81ff9b435997c347d185e440fc323084b9ff3782ff8a8c869dcf5b6,not_applicable_source_reference,not_applicable_source_reference,False,8,arithmetic,2492,2492,2492,arithmetic,7,0,10,3,13,96,16,6,3daaaf6c4806092745e25378322f4aca3b135056c97bcb49b4362d904fc0b471,30,2492,312,4,False
TOKEN-CHANNEL-EFFICIENCY-20260923/source,development,n15075141/ILSVRC2012_val_00005846_n15075141,99,ce31aa6dd81ff9b435997c347d185e440fc323084b9ff3782ff8a8c869dcf5b6,not_applicable_source_reference,not_applicable_source_reference,False,9,raw,5088,5088,,raw,0,0,10,3,0,70,16,6,ba2a4c8561600dbc39310f0514a99a3e997b3ee93f83ab178d7114ea93c2c83b,0,5088,636,0,False
TOKEN-CHANNEL-EFFICIENCY-20260923/source,development,n15075141/ILSVRC2012_val_00005846_n15075141,99,ce31aa6dd81ff9b435997c347d185e440fc323084b9ff3782ff8a8c869dcf5b6,not_applicable_source_reference,not_applicable_source_reference,False,9,arithmetic,3971,3971,3971,arithmetic,2,0,10,3,13,96,16,6,99b9eee2320b5498132cdd74e65d836dd00182ec08f914bd0d7fe7882abea256,30,3971,497,5,False
TOKEN-CHANNEL-EFFICIENCY-20260923/source,development,n15075141/ILSVRC2012_val_00005846_n15075141,99,ce31aa6dd81ff9b435997c347d185e440fc323084b9ff3782ff8a8c869dcf5b6,not_applicable_source_reference,not_applicable_source_reference,False,10,raw,8160,8160,,raw,0,0,10,3,0,70,16,6,ffe9efd36437529b67fc5cc03384b2b306a03d80081bf1ab682f918a6b6d5bd9,0,8160,1020,0,False
TOKEN-CHANNEL-EFFICIENCY-20260923/source,development,n15075141/ILSVRC2012_val_00005846_n15075141,99,ce31aa6dd81ff9b435997c347d185e440fc323084b9ff3782ff8a8c869dcf5b6,not_applicable_source_reference,not_applicable_source_reference,False,10,arithmetic,5934,5934,5934,arithmetic,2,0,10,3,13,96,16,6,24ab696e9de8098f80797e2573d108b71a72cd615d8ccc9242032101dc51e812,30,5934,742,2,False
