step,method,source_index,image_id,snr_db,noise_count,mse,lpips_alex,normalized_latent,utility,U_image
7500,H8-V,0,n01440764/ILSVRC2012_val_00045866_n01440764,1,3,0.01121892717977365,0.2557004690170288,0.6996158758799235,0.0437851349512736,0.036788975819945335
7500,H8-V,0,n01440764/ILSVRC2012_val_00045866_n01440764,4,3,0.0050383998701969785,0.1272754743695259,0.5328452984491984,0.023094401384393375,0.017765947928031284
7500,H8-V,0,n01440764/ILSVRC2012_val_00045866_n01440764,7,3,0.004604100094487269,0.11998940259218216,0.5025046666463217,0.021628086765607197,0.016603040198485058
7500,H8-V,0,n01440764/ILSVRC2012_val_00045866_n01440764,13,3,0.004199480017026265,0.11475670586029689,0.4780096113681793,0.020455246791243553,0.01567515078932047
7500,H8-V,0,n01440764/ILSVRC2012_val_00045866_n01440764,19,3,0.004067890190829833,0.11308254301548004,0.47388720512390137,0.020115016028285027,0.01537614439924558
7500,H8-V,1,n01443537/ILSVRC2012_val_00044095_n01443537,1,3,0.012083653981486956,0.2153951128323873,0.7118146419525146,0.040741310765345894,0.03362316389878591
7500,H8-V,1,n01443537/ILSVRC2012_val_00044095_n01443537,4,3,0.009675212514897188,0.16769704719384512,0.606308102607727,0.03250799824794134,0.026444917544722557
7500,H8-V,1,n01443537/ILSVRC2012_val_00044095_n01443537,7,3,0.009254913156231245,0.1616234083970388,0.5757200519243876,0.03117445483803749,0.025417253995935123
7500,H8-V,1,n01443537/ILSVRC2012_val_00044095_n01443537,13,3,0.008927924558520317,0.15176847577095032,0.549728512763977,0.029602058231830597,0.024104772756497066
7500,H8-V,1,n01443537/ILSVRC2012_val_00044095_n01443537,19,3,0.008885357528924942,0.14656700193881989,0.5433911482493082,0.028975969180464745,0.02354205772280693
7500,H8-V,2,n01484850/ILSVRC2012_val_00029481_n01484850,1,3,0.005853200641771157,0.16325444479783377,0.510373612244924,0.027282382051150005,0.022178645556171734
7500,H8-V,2,n01484850/ILSVRC2012_val_00029481_n01484850,4,3,0.003373668994754553,0.10417744020620982,0.40148507555325824,0.017806263640522957,0.01379141304641962
7500,H8-V,2,n01484850/ILSVRC2012_val_00029481_n01484850,7,3,0.0029235911400367818,0.09323183447122574,0.3724992473920186,0.015971767095228035,0.012246774509549141
7500,H8-V,2,n01484850/ILSVRC2012_val_00029481_n01484850,13,3,0.0026588436836997667,0.08739124486843745,0.3504531780878703,0.014902500125269095,0.011397968667248884
7500,H8-V,2,n01484850/ILSVRC2012_val_00029481_n01484850,19,3,0.0025513900133470693,0.08269913246234258,0.3473186989625295,0.014294490528603395,0.010821303352713585
7500,H8-V,3,n01491361/ILSVRC2012_val_00049000_n01491361,1,3,0.0024837696303923926,0.1423207645614942,0.42770881454149884,0.020992934703826904,0.016715846645335358
7500,H8-V,3,n01491361/ILSVRC2012_val_00049000_n01491361,4,3,0.001313071542729934,0.07939723134040833,0.322561115026474,0.012478405609726906,0.009252794707814852
7500,H8-V,3,n01491361/ILSVRC2012_val_00049000_n01491361,7,3,0.0012474145817880828,0.07423828293879826,0.2957966427008311,0.011629209543267885,0.008671243054171404
7500,H8-V,3,n01491361/ILSVRC2012_val_00049000_n01491361,13,3,0.0011343331619476278,0.06847078849871953,0.275591512521108,0.010737327548364798,0.007981412423153719
7500,H8-V,3,n01491361/ILSVRC2012_val_00049000_n01491361,19,3,0.0010180466730768483,0.06516425808270772,0.2743733723958333,0.010278206318616867,0.0075344727374613285
7500,H8-V,4,n01494475/ILSVRC2012_val_00027283_n01494475,1,3,0.005097374164809783,0.14231769988934198,0.5274334152539571,0.024603477989633877,0.019329144308964413
7500,H8-V,4,n01494475/ILSVRC2012_val_00027283_n01494475,4,3,0.003367050007606546,0.09008742868900299,0.4094816943009694,0.01647061047454675,0.012375792798896631
7500,H8-V,4,n01494475/ILSVRC2012_val_00027283_n01494475,7,3,0.0031378925001869598,0.08539234101772308,0.379464993874232,0.015471776636938253,0.011677127021054426
7500,H8-V,4,n01494475/ILSVRC2012_val_00027283_n01494475,13,3,0.0029400691855698824,0.08023965607086818,0.3557768762111664,0.014521803706884384,0.01096403505653143
7500,H8-V,4,n01494475/ILSVRC2012_val_00027283_n01494475,19,3,0.0028987290958563485,0.07803872476021449,0.3522295256455739,0.014224897138774395,0.010702601944406828
7500,H8-V,5,n01496331/ILSVRC2012_val_00041248_n01496331,1,3,0.004204795851061742,0.1422461767991384,0.37154624859491986,0.022144876420497894,0.01842941405872504
7500,H8-V,5,n01496331/ILSVRC2012_val_00041248_n01496331,4,3,0.0014398747589439154,0.07104845096667607,0.2673157850901286,0.011217877889672915,0.008544719778001308
7500,H8-V,5,n01496331/ILSVRC2012_val_00041248_n01496331,7,3,0.0012779872631654143,0.06566845128933589,0.24145292242368063,0.010259361627201239,0.007844832415382067
7500,H8-V,5,n01496331/ILSVRC2012_val_00041248_n01496331,13,3,0.001166280087394019,0.0601474791765213,0.22283111015955606,0.009409338856736818,0.0071810280593733
7500,H8-V,5,n01496331/ILSVRC2012_val_00041248_n01496331,19,3,0.001145275115656356,0.05729980766773224,0.22226831316947937,0.009097939357161522,0.006875255921234687
7500,H8-V,6,n01498041/ILSVRC2012_val_00030470_n01498041,1,3,0.013386829756200314,0.26980704069137573,0.6671040654182434,0.0470385750134786,0.04036753376324972
7500,H8-V,6,n01498041/ILSVRC2012_val_00030470_n01498041,4,3,0.007578902877867222,0.15661453704039255,0.5235403577486674,0.0284757607926925,0.023240357016523678
7500,H8-V,6,n01498041/ILSVRC2012_val_00030470_n01498041,7,3,0.007073879862825076,0.14906545480092367,0.4916489024957021,0.026896914467215538,0.021980425342917442
7500,H8-V,6,n01498041/ILSVRC2012_val_00030470_n01498041,13,3,0.006676860153675079,0.1418608327706655,0.46582433581352234,0.025521187111735344,0.020862943803270657
7500,H8-V,6,n01498041/ILSVRC2012_val_00030470_n01498041,19,3,0.006571302656084299,0.14012261231740317,0.462072749932607,0.025204291567206383,0.020583563794692356
7500,H8-V,7,n01514668/ILSVRC2012_val_00016052_n01514668,1,3,0.01811812600741784,0.23644436399141947,0.9563811421394348,0.05132637297113737,0.04176256184776624
7500,H8-V,7,n01514668/ILSVRC2012_val_00016052_n01514668,4,3,0.010593490364650885,0.14087428152561188,0.8015511433283488,0.03269642839829127,0.02468091870347659
7500,H8-V,7,n01514668/ILSVRC2012_val_00016052_n01514668,7,3,0.00996326468884945,0.13491028050581613,0.7689375480016073,0.031143667176365852,0.023454292366902035
7500,H8-V,7,n01514668/ILSVRC2012_val_00016052_n01514668,13,3,0.009357737377285957,0.12999931474526724,0.7406748135884603,0.029764417558908463,0.02235766996939977
7500,H8-V,7,n01514668/ILSVRC2012_val_00016052_n01514668,19,3,0.009195479564368725,0.12825442353884378,0.7330849965413412,0.029351772119601566,0.022020922352870304
7500,H8-V,8,n01514859/ILSVRC2012_val_00006195_n01514859,1,3,0.012650936841964722,0.19538931051890054,0.7911525964736938,0.0401013952990373,0.032189869632323585
7500,H8-V,8,n01514859/ILSVRC2012_val_00006195_n01514859,4,3,0.009560663563509783,0.1455573340257009,0.6723336974779764,0.03083973377943039,0.024116397524873417
7500,H8-V,8,n01514859/ILSVRC2012_val_00006195_n01514859,7,3,0.009100093816717466,0.14103001852830252,0.6407833496729533,0.029610929389794666,0.023203096042076748
7500,H8-V,8,n01514859/ILSVRC2012_val_00006195_n01514859,13,3,0.008752632575730482,0.13690175116062164,0.6141832073529562,0.028584639852245648,0.022442807753880818
7500,H8-V,8,n01514859/ILSVRC2012_val_00006195_n01514859,19,3,0.008719955881436666,0.13626634577910104,0.6078441739082336,0.02842503289381663,0.022346590956052143
7500,H8-V,9,n01518878/ILSVRC2012_val_00033181_n01518878,1,3,0.0076283843566974,0.15382018436988196,0.5082839131355286,0.028093242396910984,0.023010403538743656
7500,H8-V,9,n01518878/ILSVRC2012_val_00033181_n01518878,4,3,0.004021726471061508,0.0857199231783549,0.3846842547257741,0.01644056166211764,0.012593718866507212
7500,H8-V,9,n01518878/ILSVRC2012_val_00033181_n01518878,7,3,0.00373760339183112,0.07956700772047043,0.3559095660845439,0.0152533994987607,0.011694304024179777
7500,H8-V,9,n01518878/ILSVRC2012_val_00033181_n01518878,13,3,0.0034837026614695787,0.07378019392490387,0.33315130074818927,0.014193234965205193,0.01086172213157018
7500,H8-V,9,n01518878/ILSVRC2012_val_00033181_n01518878,19,3,0.0034098103642463684,0.07138524204492569,0.32967544595400494,0.013845088891685009,0.010548334568738937
7500,H8-V,10,n01530575/ILSVRC2012_val_00027374_n01530575,1,3,0.014478150134285292,0.2328329732020696,1.09393044312795,0.048700751115878425,0.03776144733031591
7500,H8-V,10,n01530575/ILSVRC2012_val_00027374_n01530575,4,3,0.007256363828976949,0.13405236105124155,0.907020648320516,0.029731806988517444,0.020661600554982822
7500,H8-V,10,n01530575/ILSVRC2012_val_00027374_n01530575,7,3,0.006637577588359515,0.1280200034379959,0.8717741370201111,0.02815731925268968,0.01943957805633545
7500,H8-V,10,n01530575/ILSVRC2012_val_00027374_n01530575,13,3,0.006116893297682206,0.12125026683012645,0.8385805288950602,0.02662772499024868,0.018241920198003452
7500,H8-V,10,n01530575/ILSVRC2012_val_00027374_n01530575,19,3,0.005971002082029979,0.11807990322510402,0.8270120422045389,0.026049113521973293,0.017778993273774784
7500,H8-V,11,n01531178/ILSVRC2012_val_00025888_n01531178,1,3,0.006545632146298885,0.1393493190407753,0.47792352239290875,0.025259799634416897,0.020480564484993618
7500,H8-V,11,n01531178/ILSVRC2012_val_00025888_n01531178,4,3,0.004680195978532235,0.08141352732976277,0.37650176882743835,0.01658656634390354,0.012821548928817114
7500,H8-V,11,n01531178/ILSVRC2012_val_00025888_n01531178,7,3,0.004486230357239644,0.07801010459661484,0.34894707798957825,0.015776711516082287,0.0122872410962979
7500,H8-V,11,n01531178/ILSVRC2012_val_00025888_n01531178,13,3,0.0043461791550119715,0.07605807979901631,0.32817678650220233,0.015233755422135195,0.011951987321178118
7500,H8-V,11,n01531178/ILSVRC2012_val_00025888_n01531178,19,3,0.0043309566875298815,0.07597899933656056,0.326270192861557,0.015191558438042799,0.011928856372833252
7500,H8-V,12,n01532829/ILSVRC2012_val_00030042_n01532829,1,3,0.01663913019001484,0.17829749484856924,0.6008922855059305,0.04047780235608419,0.034468879302342735
7500,H8-V,12,n01532829/ILSVRC2012_val_00030042_n01532829,4,3,0.008507718642552694,0.07497024287780125,0.45674378673235577,0.020572181170185406,0.016004743054509163
7500,H8-V,12,n01532829/ILSVRC2012_val_00030042_n01532829,7,3,0.008071213339765867,0.07015489041805267,0.427138884862264,0.01935809167722861,0.015086702381571135
7500,H8-V,12,n01532829/ILSVRC2012_val_00030042_n01532829,13,3,0.00772345516209801,0.06553469846645991,0.4036084810892741,0.018313009291887283,0.014276924853523573
7500,H8-V,12,n01532829/ILSVRC2012_val_00030042_n01532829,19,3,0.007677252870053053,0.06452536831299464,0.3988712926705678,0.01811850257217884,0.014129789856572946
7500,H8-V,13,n01534433/ILSVRC2012_val_00030911_n01534433,1,3,0.00934023316949606,0.13857572774092355,0.7145550648371378,0.03034335747361183,0.023197806129852932
7500,H8-V,13,n01534433/ILSVRC2012_val_00030911_n01534433,4,3,0.005579288428028424,0.08331328630447388,0.5919859210650126,0.019830476492643356,0.013910617058475813
7500,H8-V,13,n01534433/ILSVRC2012_val_00030911_n01534433,7,3,0.005151785134027402,0.07903459916512172,0.5615095496177673,0.0186703409999609,0.013055245081583658
7500,H8-V,13,n01534433/ILSVRC2012_val_00030911_n01534433,13,3,0.004741564858704805,0.07468804717063904,0.5374507506688436,0.017584877088665962,0.012210369730989138
7500,H8-V,13,n01534433/ILSVRC2012_val_00030911_n01534433,19,3,0.00460965217401584,0.07253650575876236,0.5336670279502869,0.017199973265329998,0.011863302749892076
7500,H8-V,14,n01537544/ILSVRC2012_val_00031716_n01537544,1,3,0.011178338589767614,0.1378664125998815,0.5647249023119608,0.03061222905913989,0.02496498016019662
7500,H8-V,14,n01537544/ILSVRC2012_val_00031716_n01537544,4,3,0.008532282585899035,0.10449684162934621,0.48332900802294415,0.023815256853898365,0.018981967121362686
7500,H8-V,14,n01537544/ILSVRC2012_val_00031716_n01537544,7,3,0.008054730171958605,0.099476491411527,0.4542285203933716,0.022544664641221363,0.018002379685640335
7500,H8-V,14,n01537544/ILSVRC2012_val_00031716_n01537544,13,3,0.0076474775560200214,0.09509946654240291,0.4308508634567261,0.021465934192140896,0.017157424862186115
7500,H8-V,14,n01537544/ILSVRC2012_val_00031716_n01537544,19,3,0.007562802638858557,0.09196402132511139,0.4265243411064148,0.021024448176225025,0.016759204988678295
7500,H8-V,15,n01558993/ILSVRC2012_val_00029417_n01558993,1,3,0.009817135520279408,0.13650487860043845,0.4311018685499827,0.027778641631205876,0.023467622697353363
7500,H8-V,15,n01558993/ILSVRC2012_val_00029417_n01558993,4,3,0.006200325830529134,0.07018208752075832,0.3227878411610921,0.01644641285141309,0.013218534799913565
7500,H8-V,15,n01558993/ILSVRC2012_val_00029417_n01558993,7,3,0.005863238746921222,0.06468416253725688,0.2944132586320241,0.01527578787257274,0.012331655248999596
7500,H8-V,15,n01558993/ILSVRC2012_val_00029417_n01558993,13,3,0.005603035446256399,0.059229190150896706,0.27355202039082843,0.014261474832892418,0.011525954740742842
7500,H8-V,15,n01558993/ILSVRC2012_val_00029417_n01558993,19,3,0.005564940006782611,0.05768372615178426,0.2720962166786194,0.014054274807373682,0.011333312839269638
7500,H8-V,16,n01560419/ILSVRC2012_val_00041990_n01560419,1,3,0.006856840414305528,0.15889333436886469,0.3284135361512502,0.026030308256546657,0.022746173664927483
7500,H8-V,16,n01560419/ILSVRC2012_val_00041990_n01560419,4,3,0.0020901511888951063,0.054142553359270096,0.21271011730035147,0.009631507409115633,0.007504406540344159
7500,H8-V,16,n01560419/ILSVRC2012_val_00041990_n01560419,7,3,0.00194027127387623,0.04984567811091741,0.18627034624417624,0.008787542271117369,0.006924839069445928
7500,H8-V,16,n01560419/ILSVRC2012_val_00041990_n01560419,13,3,0.0018382691390191515,0.04680115853746732,0.1675597925980886,0.008193983075519403,0.006518385062615077
7500,H8-V,16,n01560419/ILSVRC2012_val_00041990_n01560419,19,3,0.0018101901514455676,0.04641911759972572,0.16733048359553018,0.008125407000382742,0.006452102214097977
7500,H8-V,17,n01580077/ILSVRC2012_val_00032831_n01580077,1,3,0.013941648726662,0.19280999898910522,0.8518944382667542,0.04174159343043963,0.03322264924645424
7500,H8-V,17,n01580077/ILSVRC2012_val_00032831_n01580077,4,3,0.006533749712010224,0.10081108411153157,0.7003962993621826,0.023618821675578754,0.016614858681956928
7500,H8-V,17,n01580077/ILSVRC2012_val_00032831_n01580077,7,3,0.005977127235382795,0.09509208301703136,0.6662174264589945,0.022148509820302326,0.015486335381865501
7500,H8-V,17,n01580077/ILSVRC2012_val_00032831_n01580077,13,3,0.005485476925969124,0.08955541749795277,0.6362025141716003,0.020803043618798256,0.014441018924117088
7500,H8-V,17,n01580077/ILSVRC2012_val_00032831_n01580077,19,3,0.005385831308861573,0.08755683402220409,0.6282194455464681,0.020423709104458492,0.014141514897346497
7500,H8-V,18,n01582220/ILSVRC2012_val_00018183_n01582220,1,3,0.008223324548453093,0.19964850942293802,0.5825400352478027,0.03401357680559158,0.028188176453113556
7500,H8-V,18,n01582220/ILSVRC2012_val_00018183_n01582220,4,3,0.006279993336647749,0.14279514054457346,0.47136672337849933,0.02527317466835181,0.02055950773259004
7500,H8-V,18,n01582220/ILSVRC2012_val_00018183_n01582220,7,3,0.005997294404854377,0.13747462630271912,0.44393468896547955,0.024184104055166245,0.019744757562875748
7500,H8-V,18,n01582220/ILSVRC2012_val_00018183_n01582220,13,3,0.0057612441790600615,0.13211816549301147,0.4226006865501404,0.02319906714061896,0.01897306057314078
7500,H8-V,18,n01582220/ILSVRC2012_val_00018183_n01582220,19,3,0.005702622390041749,0.13007495800654092,0.42004947861035663,0.02291061294575532,0.018710117787122726
7500,H8-V,19,n01592084/ILSVRC2012_val_00019788_n01592084,1,3,0.0072408282818893594,0.19264028469721475,0.7988573710123698,0.03449343020717303,0.02650485684474309
7500,H8-V,19,n01592084/ILSVRC2012_val_00019788_n01592084,4,3,0.004942186487217744,0.13211090366045633,0.6820626656214396,0.024973904093106587,0.018153277536233265
7500,H8-V,19,n01592084/ILSVRC2012_val_00019788_n01592084,7,3,0.004547800247867902,0.1254382530848185,0.6499568025271097,0.023591193680961926,0.017091625680526096
7500,H8-V,19,n01592084/ILSVRC2012_val_00019788_n01592084,13,3,0.004218105226755142,0.12022271007299423,0.6212341785430908,0.022452717646956444,0.016240376358230908
7500,H8-V,19,n01592084/ILSVRC2012_val_00019788_n01592084,19,3,0.004143196934213241,0.11892244716485341,0.612344225247701,0.02215888413290183,0.016035441930095356
7500,H8-V,20,n01601694/ILSVRC2012_val_00020730_n01601694,1,3,0.01176018329958121,0.21262730161348978,0.5335798362890879,0.03835871194799741,0.033022914081811905
7500,H8-V,20,n01601694/ILSVRC2012_val_00020730_n01601694,4,3,0.006367083638906479,0.10085524866978328,0.40315104524294537,0.020484119653701782,0.016452609250942867
7500,H8-V,20,n01601694/ILSVRC2012_val_00020730_n01601694,7,3,0.006049039618422587,0.09708946198225021,0.3750479022661845,0.01950846364100774,0.015757985413074493
7500,H8-V,20,n01601694/ILSVRC2012_val_00020730_n01601694,13,3,0.005776339831451575,0.09293306867281596,0.3537715673446655,0.018607362483938534,0.015069646760821342
7500,H8-V,20,n01601694/ILSVRC2012_val_00020730_n01601694,19,3,0.005713657010346651,0.0906351978580157,0.35208287835121155,0.018298005685210228,0.014777176703015963
7500,H8-V,21,n01608432/ILSVRC2012_val_00018796_n01608432,1,3,0.004307452822104096,0.0985054870446523,0.3036650816599528,0.017194652929902077,0.014158002100884914
7500,H8-V,21,n01608432/ILSVRC2012_val_00018796_n01608432,4,3,0.001987643384685119,0.038683159897724785,0.18648717304070792,0.0077208310055236025,0.005855959374457598
7500,H8-V,21,n01608432/ILSVRC2012_val_00018796_n01608432,7,3,0.0018600922388335068,0.03578405703107516,0.16093883911768594,0.007047886649767558,0.005438498221337795
7500,H8-V,21,n01608432/ILSVRC2012_val_00018796_n01608432,13,3,0.0017438553428898256,0.03319111466407776,0.14246583978335062,0.006487625030179818,0.005062966762731473
7500,H8-V,21,n01608432/ILSVRC2012_val_00018796_n01608432,19,3,0.0016983282597114642,0.03226569543282191,0.1408809373776118,0.006333707055697839,0.004924897725383441
7500,H8-V,22,n01614925/ILSVRC2012_val_00044921_n01614925,1,3,0.004128618786732356,0.10115055491526921,0.2652024527390798,0.016895698693891365,0.014243674154082933
7500,H8-V,22,n01614925/ILSVRC2012_val_00044921_n01614925,4,3,0.0016472277541955311,0.039365569750467934,0.17141818006833395,0.007297966629266739,0.005583784853418668
7500,H8-V,22,n01614925/ILSVRC2012_val_00044921_n01614925,7,3,0.0015097457605103652,0.034434801588455834,0.1480805625518163,0.0064340317621827126,0.004953226074576378
7500,H8-V,22,n01614925/ILSVRC2012_val_00044921_n01614925,13,3,0.0014487071118007104,0.03256601716081301,0.13069050014019012,0.006012213882058859,0.004705308936536312
7500,H8-V,22,n01614925/ILSVRC2012_val_00044921_n01614925,19,3,0.0014197411946952343,0.032042725632588066,0.12972464660803476,0.005921260764201482,0.004624014099438985
7500,H8-V,23,n01616318/ILSVRC2012_val_00006250_n01616318,1,3,0.014647368341684341,0.24791323641935983,0.569880465666453,0.04513749728600184,0.03943869347373644
7500,H8-V,23,n01616318/ILSVRC2012_val_00006250_n01616318,4,3,0.009554374342163404,0.15144586563110352,0.4397094051043193,0.029096055154999096,0.024698961526155472
7500,H8-V,23,n01616318/ILSVRC2012_val_00006250_n01616318,7,3,0.00917785707861185,0.14580599963665009,0.41139424840609234,0.02787239911655585,0.023758456731836002
7500,H8-V,23,n01616318/ILSVRC2012_val_00006250_n01616318,13,3,0.008838437497615814,0.1404004544019699,0.38978461424509686,0.026776329303781193,0.022878482937812805
7500,H8-V,23,n01616318/ILSVRC2012_val_00006250_n01616318,19,3,0.008735720999538898,0.13801159461339316,0.38701427976290387,0.026407023891806602,0.022536880647142727
7500,H8-V,24,n01622779/ILSVRC2012_val_00016292_n01622779,1,3,0.022647807374596596,0.21170326073964438,1.361980398495992,0.05743793770670891,0.043818133572737374
7500,H8-V,24,n01622779/ILSVRC2012_val_00016292_n01622779,4,3,0.01849622279405594,0.17010256151358286,1.2304061651229858,0.0478105420867602,0.0355064794421196
7500,H8-V,24,n01622779/ILSVRC2012_val_00016292_n01622779,7,3,0.017572370047370594,0.16523362696170807,1.1923891703287761,0.04601962367693583,0.034095731874307
7500,H8-V,24,n01622779/ILSVRC2012_val_00016292_n01622779,13,3,0.016814526170492172,0.15805753072102866,1.1550408601760864,0.04417068883776665,0.03262027973930041
7500,H8-V,24,n01622779/ILSVRC2012_val_00016292_n01622779,19,3,0.016679082065820694,0.15581482648849487,1.1420652866363525,0.04368121922016144,0.032260565708080925
7500,H8-V,25,n01629819/ILSVRC2012_val_00000890_n01629819,1,3,0.016119182109832764,0.22902089854081473,0.8362695574760437,0.04738396778702736,0.03902127221226692
7500,H8-V,25,n01629819/ILSVRC2012_val_00000890_n01629819,4,3,0.011113899759948254,0.1514832228422165,0.6967930793762207,0.03323015198111534,0.026262221857905388
7500,H8-V,25,n01629819/ILSVRC2012_val_00000890_n01629819,7,3,0.0106077849244078,0.14470831056435904,0.6648481885592142,0.03172709917028745,0.02507861703634262
7500,H8-V,25,n01629819/ILSVRC2012_val_00000890_n01629819,13,3,0.010223588285346826,0.1382065862417221,0.6370836496353149,0.030415084213018417,0.024044247344136238
7500,H8-V,25,n01629819/ILSVRC2012_val_00000890_n01629819,19,3,0.010198933693269888,0.1353298177321752,0.6297251979509989,0.030029167731602985,0.02373191590110461
7500,H8-V,26,n01630670/ILSVRC2012_val_00002774_n01630670,1,3,0.015861541964113712,0.17803623775641123,0.9511346618334452,0.04317651316523552,0.03366516654690107
7500,H8-V,26,n01630670/ILSVRC2012_val_00002774_n01630670,4,3,0.012904540014763674,0.15107060968875885,0.8546433448791504,0.0365580345193545,0.028011600797375042
7500,H8-V,26,n01630670/ILSVRC2012_val_00002774_n01630670,7,3,0.012190859454373518,0.14502770205338797,0.8209618926048279,0.034903248151143394,0.02669362910091877
7500,H8-V,26,n01630670/ILSVRC2012_val_00002774_n01630670,13,3,0.011576466262340546,0.14074547588825226,0.790083110332489,0.03355184569954872,0.02565101409951846
7500,H8-V,26,n01630670/ILSVRC2012_val_00002774_n01630670,19,3,0.011459663199881712,0.13957858085632324,0.7807713548342387,0.03322523459792137,0.025417521595954895
7500,H8-V,27,n01631663/ILSVRC2012_val_00011416_n01631663,1,3,0.01140214999516805,0.18866011500358582,0.7397884925206503,0.0376660463710626,0.03026816186805566
7500,H8-V,27,n01631663/ILSVRC2012_val_00011416_n01631663,4,3,0.007375110561649005,0.12312136838833491,0.6377094388008118,0.026064341887831688,0.01968724715212981
7500,H8-V,27,n01631663/ILSVRC2012_val_00011416_n01631663,7,3,0.006977290380746126,0.11903470506270726,0.6084085702896118,0.024964846670627594,0.01888076091806094
7500,H8-V,27,n01631663/ILSVRC2012_val_00011416_n01631663,13,3,0.00661607909326752,0.11496703326702118,0.5838977694511414,0.023951759561896324,0.018112782388925552
7500,H8-V,27,n01631663/ILSVRC2012_val_00011416_n01631663,19,3,0.006563485910495122,0.1134955311814944,0.5796006123224894,0.023709045723080635,0.017913039152820904
7500,H8-V,28,n01632458/ILSVRC2012_val_00007050_n01632458,1,3,0.023046568656961124,0.22499580681324005,1.3552738030751545,0.05909888818860054,0.04554614921410879
7500,H8-V,28,n01632458/ILSVRC2012_val_00007050_n01632458,4,3,0.016135311995943386,0.17048444847265878,1.1872743368148804,0.04505650078256925,0.033183757215738297
7500,H8-V,28,n01632458/ILSVRC2012_val_00007050_n01632458,7,3,0.01543144229799509,0.16508022944132486,1.1509088277816772,0.043448553731044136,0.031939465552568436
7500,H8-V,28,n01632458/ILSVRC2012_val_00007050_n01632458,13,3,0.014856290693084398,0.15631596744060516,1.1140563090642293,0.04162845015525818,0.030487888182202976
7500,H8-V,28,n01632458/ILSVRC2012_val_00007050_n01632458,19,3,0.014764573114613691,0.15310432513554892,1.0993515650431316,0.04106852039694786,0.03007500556608041
7500,H8-V,29,n01632777/ILSVRC2012_val_00044504_n01632777,1,3,0.006396209045002858,0.2195751816034317,0.5683696866035461,0.03403742363055547,0.02835372711221377
7500,H8-V,29,n01632777/ILSVRC2012_val_00044504_n01632777,4,3,0.002195702244838079,0.09946758548418681,0.4104895095030467,0.016247356310486794,0.01214246079325676
7500,H8-V,29,n01632777/ILSVRC2012_val_00044504_n01632777,7,3,0.0020166175284733376,0.09565116465091705,0.3825009266535441,0.015406743933757147,0.011581734443704287
7500,H8-V,29,n01632777/ILSVRC2012_val_00044504_n01632777,13,3,0.0018699991051107645,0.09155900776386261,0.3598286310831706,0.014624186170597872,0.011025900021195412
7500,H8-V,29,n01632777/ILSVRC2012_val_00044504_n01632777,19,3,0.0018234555221473177,0.08936989804108937,0.35565149784088135,0.014316960858802,0.010760445768634478
7500,H8-V,30,n01641577/ILSVRC2012_val_00003748_n01641577,1,3,0.012744365260004997,0.2182739277680715,0.8601314822832743,0.043173073480526604,0.03457175816098849
7500,H8-V,30,n01641577/ILSVRC2012_val_00003748_n01641577,4,3,0.006251747254282236,0.1305034508307775,0.7140822013219198,0.026442914580305416,0.019302092492580414
7500,H8-V,30,n01641577/ILSVRC2012_val_00003748_n01641577,7,3,0.005736551868418853,0.12511514872312546,0.6822934150695801,0.025071001301209133,0.018248066926995914
7500,H8-V,30,n01641577/ILSVRC2012_val_00003748_n01641577,13,3,0.005354633089154959,0.12090988457202911,0.6547638972600301,0.023993259916702907,0.01744562139113744
7500,H8-V,30,n01641577/ILSVRC2012_val_00003748_n01641577,19,3,0.005294195841997862,0.12015498677889506,0.6470732490221659,0.02378042663137118,0.017309694240490597
7500,H8-V,31,n01644373/ILSVRC2012_val_00012248_n01644373,1,3,0.004818407973895471,0.1295188864072164,0.3212262789408366,0.020982559770345688,0.01777029720445474
7500,H8-V,31,n01644373/ILSVRC2012_val_00012248_n01644373,4,3,0.0015605765705307324,0.04836254194378853,0.20448954900105795,0.008441726056238016,0.0063968308580418425
7500,H8-V,31,n01644373/ILSVRC2012_val_00012248_n01644373,7,3,0.001441168482415378,0.04611331348617872,0.1792807082335154,0.007845306769013405,0.006052499947448571
7500,H8-V,31,n01644373/ILSVRC2012_val_00012248_n01644373,13,3,0.0013673314436649282,0.04383823896447817,0.16134620706240335,0.007364617505421241,0.005751155472050111
7500,H8-V,31,n01644373/ILSVRC2012_val_00012248_n01644373,19,3,0.0013826647773385048,0.04284825921058655,0.16088153421878815,0.0072763060840467615,0.005667490729441245
7500,H8-V,32,n01644900/ILSVRC2012_val_00011303_n01644900,1,3,0.00652279161537687,0.1646146923303604,0.6508878469467163,0.0294931394358476,0.0229842613140742
7500,H8-V,32,n01644900/ILSVRC2012_val_00011303_n01644900,4,3,0.004232095088809729,0.11183203756809235,0.5423824191093445,0.020839123676220577,0.015415299373368422
7500,H8-V,32,n01644900/ILSVRC2012_val_00011303_n01644900,7,3,0.0039401662070304155,0.10689705858627956,0.5132619539896647,0.019762491807341576,0.014629872205356756
7500,H8-V,32,n01644900/ILSVRC2012_val_00011303_n01644900,13,3,0.0036814904306083918,0.10150614629189174,0.4891008536020915,0.01872311408321063,0.013832105323672295
7500,H8-V,32,n01644900/ILSVRC2012_val_00011303_n01644900,19,3,0.0036012628115713596,0.09850142647822697,0.48369303345680237,0.01828833545247714,0.013451405800879002
7500,H8-V,33,n01664065/ILSVRC2012_val_00022525_n01664065,1,3,0.00670411375661691,0.290783628821373,0.4819546441237132,0.04060202340284983,0.03578247812887033
7500,H8-V,33,n01664065/ILSVRC2012_val_00022525_n01664065,4,3,0.005123480688780546,0.18195738891760507,0.3725327054659526,0.027044546479980152,0.023319220170378685
7500,H8-V,33,n01664065/ILSVRC2012_val_00022525_n01664065,7,3,0.004957714894165595,0.18024542927742004,0.346214880545934,0.02644440655906995,0.02298225834965706
7500,H8-V,33,n01664065/ILSVRC2012_val_00022525_n01664065,13,3,0.004828478985776504,0.17859306931495667,0.32660065094629925,0.025953793277343113,0.02268778656919797
7500,H8-V,33,n01664065/ILSVRC2012_val_00022525_n01664065,19,3,0.004811309898893039,0.17763921121756235,0.3254922032356262,0.02583015275498231,0.02257523126900196
7500,H8-V,34,n01665541/ILSVRC2012_val_00043504_n01665541,1,3,0.008260266544918219,0.19193575779596964,0.6308948198954264,0.03376279026269913,0.027453842262427013
7500,H8-V,34,n01665541/ILSVRC2012_val_00043504_n01665541,4,3,0.005528759676963091,0.13009645541508993,0.5062594612439474,0.023600999265909195,0.01853840487698714
7500,H8-V,34,n01665541/ILSVRC2012_val_00043504_n01665541,7,3,0.005245858492950599,0.12481297304232915,0.4772814214229584,0.022499970470865566,0.017727155859271686
7500,H8-V,34,n01665541/ILSVRC2012_val_00043504_n01665541,13,3,0.005009255992869536,0.11996818085511525,0.45395217339197796,0.021545594558119774,0.017006073767940205
7500,H8-V,34,n01665541/ILSVRC2012_val_00043504_n01665541,19,3,0.0049489568918943405,0.11982512474060059,0.44952164093653363,0.02142668639620145,0.01693146986265977
7500,H8-V,35,n01667114/ILSVRC2012_val_00038527_n01667114,1,3,0.006545481116821368,0.1732031206289927,0.6749551892280579,0.030615345885356266,0.0238657941420873
7500,H8-V,35,n01667114/ILSVRC2012_val_00038527_n01667114,4,3,0.0035613871489961943,0.11290250221888225,0.5438737273216248,0.020290374755859375,0.01485163780550162
7500,H8-V,35,n01667114/ILSVRC2012_val_00038527_n01667114,7,3,0.0032441822501520314,0.10659036537011464,0.5132001638412476,0.019035220767060917,0.013903219252824783
7500,H8-V,35,n01667114/ILSVRC2012_val_00038527_n01667114,13,3,0.003042864380404353,0.09568321456511815,0.48748232920964557,0.017486009746789932,0.012611186442275843
7500,H8-V,35,n01667114/ILSVRC2012_val_00038527_n01667114,19,3,0.003037667910878857,0.09321312606334686,0.4822176396846771,0.01718115744491418,0.01235898087422053
7500,H8-V,36,n01667778/ILSVRC2012_val_00031815_n01667778,1,3,0.009527487369875113,0.28922463953495026,0.6593162218729655,0.04504311457276344,0.03844995175798734
7500,H8-V,36,n01667778/ILSVRC2012_val_00031815_n01667778,4,3,0.0036054473215093217,0.1073765978217125,0.4817627469698588,0.019160734489560127,0.014343107119202614
7500,H8-V,36,n01667778/ILSVRC2012_val_00031815_n01667778,7,3,0.0033691208033512035,0.10351883123318355,0.453720360994339,0.018258207788070042,0.013721003818015257
7500,H8-V,36,n01667778/ILSVRC2012_val_00031815_n01667778,13,3,0.0031804443957904973,0.09977100789546967,0.432367463906606,0.017481219644347828,0.013157544968028864
7500,H8-V,36,n01667778/ILSVRC2012_val_00031815_n01667778,19,3,0.003131846354032556,0.09812321762243907,0.43052296837170917,0.017249397312601406,0.01294416810075442
7500,H8-V,37,n01669191/ILSVRC2012_val_00009376_n01669191,1,3,0.012701246266563734,0.22311309476693472,0.8139605720837911,0.04315216218431791,0.03501255686084429
7500,H8-V,37,n01669191/ILSVRC2012_val_00009376_n01669191,4,3,0.009678713046014309,0.17075698574384054,0.6954160730044047,0.03370857238769531,0.026754412800073624
7500,H8-V,37,n01669191/ILSVRC2012_val_00009376_n01669191,7,3,0.009174896404147148,0.1675479660431544,0.6624367435773214,0.03255406146248182,0.02592969313263893
7500,H8-V,37,n01669191/ILSVRC2012_val_00009376_n01669191,13,3,0.008738991183539232,0.1617125372091929,0.6339008609453837,0.031249253700176876,0.024910245090723038
7500,H8-V,37,n01669191/ILSVRC2012_val_00009376_n01669191,19,3,0.00862173456698656,0.15884664158026376,0.6266402800877889,0.030772802109519642,0.024506399407982826
7500,H8-V,38,n01675722/ILSVRC2012_val_00014468_n01675722,1,3,0.007619441642115514,0.22260076800982156,0.5969057281812032,0.035848576575517654,0.029879519095023472
7500,H8-V,38,n01675722/ILSVRC2012_val_00014468_n01675722,4,3,0.003581245429813862,0.1286493589480718,0.48912543058395386,0.021337435270349186,0.01644618126253287
7500,H8-V,38,n01675722/ILSVRC2012_val_00014468_n01675722,7,3,0.0033288304693996906,0.12122668574253719,0.45909948150316876,0.020042493318518,0.01545149895052115
7500,H8-V,38,n01675722/ILSVRC2012_val_00014468_n01675722,13,3,0.003132866850743691,0.11353759964307149,0.4356900652249654,0.018843527262409527,0.014486627032359442
7500,H8-V,38,n01675722/ILSVRC2012_val_00014468_n01675722,19,3,0.0030607265265037618,0.11006661256154378,0.43217358986536664,0.01838912380238374,0.014067388139665127
7500,H8-V,39,n01677366/ILSVRC2012_val_00028571_n01677366,1,3,0.012449093163013458,0.2640930414199829,0.8321014245351156,0.04717941333850225,0.03885839879512787
7500,H8-V,39,n01677366/ILSVRC2012_val_00028571_n01677366,4,3,0.010007047094404697,0.179238423705101,0.7054129640261332,0.03498501951495806,0.027930890520413715
7500,H8-V,39,n01677366/ILSVRC2012_val_00028571_n01677366,7,3,0.009550926585992178,0.17218011120955148,0.6722845633824667,0.03349178284406662,0.026768937706947327
7500,H8-V,39,n01677366/ILSVRC2012_val_00028571_n01677366,13,3,0.009168194917341074,0.16414610544840494,0.6438479423522949,0.032021284103393555,0.025582805275917053
7500,H8-V,39,n01677366/ILSVRC2012_val_00028571_n01677366,19,3,0.009107076252500216,0.1612334499756495,0.6370858152707418,0.031601279973983765,0.025230421374241512
7500,H8-V,40,n01682714/ILSVRC2012_val_00015721_n01682714,1,3,0.008736713789403439,0.26500458518664044,0.4533758560816447,0.03977093224724134,0.03523717448115349
7500,H8-V,40,n01682714/ILSVRC2012_val_00015721_n01682714,4,3,0.006577892694622278,0.17238116264343262,0.34976106882095337,0.02731361985206604,0.023816009362538654
7500,H8-V,40,n01682714/ILSVRC2012_val_00015721_n01682714,7,3,0.00639613252133131,0.1687655746936798,0.32370850443840027,0.02650977484881878,0.023272690673669178
7500,H8-V,40,n01682714/ILSVRC2012_val_00015721_n01682714,13,3,0.006269615764419238,0.1662140836318334,0.3041478494803111,0.02593250262240569,0.022891024748484295
7500,H8-V,40,n01682714/ILSVRC2012_val_00015721_n01682714,19,3,0.006248574548711379,0.16597165167331696,0.30146893858909607,0.025860429431001346,0.022845740119616192
7500,H8-V,41,n01685808/ILSVRC2012_val_00017641_n01685808,1,3,0.019041019181410473,0.26482277115186054,1.1031957070032756,0.05655525376399358,0.04552329704165459
7500,H8-V,41,n01685808/ILSVRC2012_val_00017641_n01685808,4,3,0.013616801549990972,0.19489712019761404,0.9517325957616171,0.04262383903066317,0.03310651332139969
7500,H8-V,41,n01685808/ILSVRC2012_val_00017641_n01685808,7,3,0.012889126626153788,0.18882505595684052,0.9176931977272034,0.04094856480757395,0.031771633153160415
7500,H8-V,41,n01685808/ILSVRC2012_val_00017641_n01685808,13,3,0.01226603394995133,0.18225525816281637,0.8853147029876709,0.039344705641269684,0.03049155945579211
7500,H8-V,41,n01685808/ILSVRC2012_val_00017641_n01685808,19,3,0.01216266273210446,0.1807324339946111,0.8748599489529928,0.038984506080547966,0.030235907062888145
7500,H8-V,42,n01687978/ILSVRC2012_val_00011541_n01687978,1,3,0.012689804037412008,0.22324787080287933,0.7326451341311137,0.042341042309999466,0.03501459086934725
7500,H8-V,42,n01687978/ILSVRC2012_val_00011541_n01687978,4,3,0.009958794340491295,0.13795965413252512,0.6099157929420471,0.029853917037447292,0.02375475938121478
7500,H8-V,42,n01687978/ILSVRC2012_val_00011541_n01687978,7,3,0.009516282317539057,0.13345244030157724,0.5799949963887533,0.02866147644817829,0.022861526658137638
7500,H8-V,42,n01687978/ILSVRC2012_val_00011541_n01687978,13,3,0.009157351528604826,0.12888798614343008,0.5545220573743185,0.027591370046138763,0.02204615001877149
7500,H8-V,42,n01687978/ILSVRC2012_val_00011541_n01687978,19,3,0.009094794280827045,0.1277295301357905,0.5488172173500061,0.027355919902523358,0.021867747729023296
7500,H8-V,43,n01688243/ILSVRC2012_val_00015981_n01688243,1,3,0.014132078116138777,0.2868921160697937,0.6346469720204672,0.04916776095827421,0.04282129121323427
7500,H8-V,43,n01688243/ILSVRC2012_val_00015981_n01688243,4,3,0.009705338316659132,0.14333721498648325,0.48127487301826477,0.028851808980107307,0.02403905987739563
7500,H8-V,43,n01688243/ILSVRC2012_val_00015981_n01688243,7,3,0.00931824247042338,0.13768466810385385,0.45213977495829266,0.027608107154568035,0.023086709280808766
7500,H8-V,43,n01688243/ILSVRC2012_val_00015981_n01688243,13,3,0.009039052141209444,0.13293243447939554,0.428700715303421,0.02661930335064729,0.02233229639629523
7500,H8-V,43,n01688243/ILSVRC2012_val_00015981_n01688243,19,3,0.009000656815866629,0.1304951012134552,0.4245003362496694,0.026295170187950134,0.022050167123476665
7500,H8-V,44,n01689811/ILSVRC2012_val_00017174_n01689811,1,3,0.01319766448189815,0.23267265657583872,0.6773415406545004,0.04323834553360939,0.03646492958068848
7500,H8-V,44,n01689811/ILSVRC2012_val_00017174_n01689811,4,3,0.010742178186774254,0.19202847282091776,0.5646742582321167,0.03559176747997602,0.02994502584139506
7500,H8-V,44,n01689811/ILSVRC2012_val_00017174_n01689811,7,3,0.010384519894917807,0.18827559550603232,0.5349283615748087,0.03456136460105578,0.02921207994222641
7500,H8-V,44,n01689811/ILSVRC2012_val_00017174_n01689811,13,3,0.01010650023818016,0.1829922298590342,0.5105930964152018,0.03351165602604548,0.028405724093317986
7500,H8-V,44,n01689811/ILSVRC2012_val_00017174_n01689811,19,3,0.010064179077744484,0.1802421510219574,0.5062635540962219,0.03315103054046631,0.028088394552469254
7500,H8-V,45,n01692333/ILSVRC2012_val_00041887_n01692333,1,3,0.013901598751544952,0.287611186504364,0.5461698770523071,0.04812441642085711,0.042662717401981354
7500,H8-V,45,n01692333/ILSVRC2012_val_00041887_n01692333,4,3,0.010063194669783115,0.16115763783454895,0.42336220542589825,0.03041258081793785,0.026178958515326183
7500,H8-V,45,n01692333/ILSVRC2012_val_00041887_n01692333,7,3,0.00962962924192349,0.15547422071297964,0.39414115746816,0.029118463397026062,0.02517705162366231
7500,H8-V,45,n01692333/ILSVRC2012_val_00041887_n01692333,13,3,0.009342815106113752,0.15130256116390228,0.3716374337673187,0.0281894455353419,0.024473071098327637
7500,H8-V,45,n01692333/ILSVRC2012_val_00041887_n01692333,19,3,0.009310385212302208,0.14971221486727396,0.36914048592249554,0.027973010515173275,0.024281606078147888
7500,H8-V,46,n01693334/ILSVRC2012_val_00013036_n01693334,1,3,0.023024631043275196,0.19936088720957437,1.0652209917704265,0.05361293132106463,0.04296072075764338
7500,H8-V,46,n01693334/ILSVRC2012_val_00013036_n01693334,4,3,0.017120617131392162,0.146423801779747,0.931835412979126,0.041081350296735764,0.03176299730936686
7500,H8-V,46,n01693334/ILSVRC2012_val_00013036_n01693334,7,3,0.016334543625513714,0.1403096467256546,0.8955139319101969,0.03932064771652222,0.030365508670608204
7500,H8-V,46,n01693334/ILSVRC2012_val_00013036_n01693334,13,3,0.015651899079481762,0.13417592147986093,0.8597676157951355,0.037667168925205864,0.029069491972525913
7500,H8-V,46,n01693334/ILSVRC2012_val_00013036_n01693334,19,3,0.015533660538494587,0.13164085149765015,0.8471858898798624,0.0371696042517821,0.028697745874524117
7500,H8-V,47,n01694178/ILSVRC2012_val_00015667_n01694178,1,3,0.011857185202340284,0.22608089943726858,0.5398529569307963,0.039863804976145424,0.03446527446309725
7500,H8-V,47,n01694178/ILSVRC2012_val_00015667_n01694178,4,3,0.008946820783118406,0.1433052917321523,0.4291767080624898,0.0275691170245409,0.02327735039095084
7500,H8-V,47,n01694178/ILSVRC2012_val_00015667_n01694178,7,3,0.008611230800549189,0.13794471820195517,0.40169569849967957,0.026422659556070965,0.022405702620744705
7500,H8-V,47,n01694178/ILSVRC2012_val_00015667_n01694178,13,3,0.008298614993691444,0.134194016456604,0.38082584738731384,0.025526275858283043,0.021718017756938934
7500,H8-V,47,n01694178/ILSVRC2012_val_00015667_n01694178,19,3,0.008169600429634253,0.13261726001898447,0.37971840302149457,0.0252285103003184,0.021431326245268185
7500,H8-V,48,n01695060/ILSVRC2012_val_00036512_n01695060,1,3,0.00661450872818629,0.20153104265530905,0.5798969070116679,0.03256658216317495,0.026767613366246223
7500,H8-V,48,n01695060/ILSVRC2012_val_00036512_n01695060,4,3,0.004506890506794055,0.13814559082190195,0.4671414991219838,0.022992863630255062,0.01832144893705845
7500,H8-V,48,n01695060/ILSVRC2012_val_00036512_n01695060,7,3,0.004301613351951043,0.13296262919902802,0.43950088818868,0.021992885197202366,0.017597875868280728
7500,H8-V,48,n01695060/ILSVRC2012_val_00036512_n01695060,13,3,0.0041251347089807195,0.128023828069369,0.4183414578437805,0.021110932653148968,0.01692751795053482
7500,H8-V,48,n01695060/ILSVRC2012_val_00036512_n01695060,19,3,0.004069601030399402,0.12574395537376404,0.4165045718352,0.02080904257794221,0.016643996660908062
7500,H8-V,49,n01697457/ILSVRC2012_val_00038188_n01697457,1,3,0.012104906762639681,0.172212282816569,0.7037470539410909,0.03636360540986061,0.02932613529264927
7500,H8-V,49,n01697457/ILSVRC2012_val_00038188_n01697457,4,3,0.007418668518463771,0.11254182457923889,0.5650198459625244,0.02432304931183656,0.018672851224740345
7500,H8-V,49,n01697457/ILSVRC2012_val_00038188_n01697457,7,3,0.006856715772300959,0.10574185848236084,0.5330399870872498,0.02276130144794782,0.017430901527404785
7500,H8-V,49,n01697457/ILSVRC2012_val_00038188_n01697457,13,3,0.0063528915246327715,0.09909852594137192,0.5059299071629842,0.02132204237083594,0.01626274362206459
7500,H8-V,49,n01697457/ILSVRC2012_val_00038188_n01697457,19,3,0.006177483747402827,0.09722089767456055,0.4994814296563466,0.020894387736916542,0.015899573763211567
7500,H8-V,50,n01698640/ILSVRC2012_val_00039888_n01698640,1,3,0.007276742408672969,0.2761685252189636,0.6626472075780233,0.04152006780107816,0.03489359592398008
7500,H8-V,50,n01698640/ILSVRC2012_val_00039888_n01698640,4,3,0.004927065844337146,0.18020631869633993,0.5338091850280762,0.028285789613922436,0.02294769821067651
7500,H8-V,50,n01698640/ILSVRC2012_val_00039888_n01698640,7,3,0.004650523730864127,0.17494383454322815,0.5051990350087484,0.027196896572907765,0.022144906843702
7500,H8-V,50,n01698640/ILSVRC2012_val_00039888_n01698640,13,3,0.004380646472175916,0.1686293383439382,0.48161601026852924,0.026059741154313087,0.02124358092745145
7500,H8-V,50,n01698640/ILSVRC2012_val_00039888_n01698640,19,3,0.004295559910436471,0.1653890609741211,0.4771006504694621,0.025605472425619762,0.020834465821584065
7500,H8-V,51,n01704323/ILSVRC2012_val_00007339_n01704323,1,3,0.009666643415888151,0.26011136670907337,0.7800407210985819,0.043478187173604965,0.03567778070767721
7500,H8-V,51,n01704323/ILSVRC2012_val_00007339_n01704323,4,3,0.005329200221846501,0.1717592179775238,0.6339144309361776,0.02884426775077979,0.022505123168230057
7500,H8-V,51,n01704323/ILSVRC2012_val_00007339_n01704323,7,3,0.0049641056296726065,0.16263058284918466,0.6034179329872131,0.02726134347418944,0.021227164193987846
7500,H8-V,51,n01704323/ILSVRC2012_val_00007339_n01704323,13,3,0.00463799899443984,0.15270436306794485,0.5773961146672567,0.025682396565874416,0.01990843564271927
7500,H8-V,51,n01704323/ILSVRC2012_val_00007339_n01704323,19,3,0.004503519274294376,0.14630583922068277,0.5707617998123169,0.02484172148009141,0.01913410301009814
7500,H8-V,52,n01728572/ILSVRC2012_val_00018775_n01728572,1,3,0.02023284633954366,0.3083341618378957,0.7936904033025106,0.059003168096144996,0.05106626326839129
7500,H8-V,52,n01728572/ILSVRC2012_val_00018775_n01728572,4,3,0.01674867793917656,0.21231313546498617,0.672802726427714,0.04470801850159963,0.03797999148567518
7500,H8-V,52,n01728572/ILSVRC2012_val_00018775_n01728572,7,3,0.01622789663573106,0.20623094836870828,0.6407457192738851,0.043258449683586754,0.036850993831952415
7500,H8-V,52,n01728572/ILSVRC2012_val_00018775_n01728572,13,3,0.015771692618727684,0.20082420110702515,0.6138525406519572,0.04199263950188955,0.035854113598664604
7500,H8-V,52,n01728572/ILSVRC2012_val_00018775_n01728572,19,3,0.015670480206608772,0.1968911588191986,0.6080071131388346,0.04143966610232989,0.03535959621270498
7500,H8-V,53,n01728920/ILSVRC2012_val_00013215_n01728920,1,3,0.007010521367192268,0.16357629497845969,0.5350739558537801,0.028718891243139904,0.023368151237567265
7500,H8-V,53,n01728920/ILSVRC2012_val_00013215_n01728920,4,3,0.0036372682079672813,0.09741540749867757,0.4203529357910156,0.01758233830332756,0.013378809206187725
7500,H8-V,53,n01728920/ILSVRC2012_val_00013215_n01728920,7,3,0.0032887787092477083,0.09173999230066936,0.39029576381047565,0.016365735481182735,0.012462778016924858
7500,H8-V,53,n01728920/ILSVRC2012_val_00013215_n01728920,13,3,0.002949179227774342,0.08496143172184627,0.3667524456977844,0.015112847400208315,0.011445322694877783
7500,H8-V,53,n01728920/ILSVRC2012_val_00013215_n01728920,19,3,0.0028188259651263556,0.08175125469764073,0.36366842190424603,0.014630635889867941,0.010993951621154944
7500,H8-V,54,n01729322/ILSVRC2012_val_00038823_n01729322,1,3,0.023843559126059215,0.2260847936073939,1.146789272626241,0.057919930666685104,0.046452039231856666
7500,H8-V,54,n01729322/ILSVRC2012_val_00038823_n01729322,4,3,0.016545629128813744,0.1504091670115789,1.0032837390899658,0.04161938279867172,0.031586545829971634
7500,H8-V,54,n01729322/ILSVRC2012_val_00038823_n01729322,7,3,0.015567716831962267,0.14327039321263632,0.9662256638209025,0.03955701241890589,0.029894756774107616
7500,H8-V,54,n01729322/ILSVRC2012_val_00038823_n01729322,13,3,0.014721101770798365,0.13724557061990103,0.9302047888437907,0.03774770597616831,0.02844565858443578
7500,H8-V,54,n01729322/ILSVRC2012_val_00038823_n01729322,19,3,0.014022930525243282,0.13258829216162363,0.9167713125546774,0.03644947210947672,0.027281759927670162
7500,H8-V,55,n01729977/ILSVRC2012_val_00002101_n01729977,1,3,0.012675185377399126,0.24053236345450082,0.6552074551582336,0.04328049719333649,0.03672842184702555
7500,H8-V,55,n01729977/ILSVRC2012_val_00002101_n01729977,4,3,0.007048126310110092,0.1467746396859487,0.5263605713844299,0.026989196116725605,0.02172559065123399
7500,H8-V,55,n01729977/ILSVRC2012_val_00002101_n01729977,7,3,0.006659886023650567,0.13873960077762604,0.49766955773035687,0.02551054209470749,0.0205338466912508
7500,H8-V,55,n01729977/ILSVRC2012_val_00002101_n01729977,13,3,0.006357054691761732,0.12840413550535837,0.47509121894836426,0.0239483801027139,0.01919746833542983
7500,H8-V,55,n01729977/ILSVRC2012_val_00002101_n01729977,19,3,0.006279908120632172,0.1231015349427859,0.4727198084195455,0.023317259425918262,0.018590061614910763
7500,H8-V,56,n01734418/ILSVRC2012_val_00006218_n01734418,1,3,0.009592032370467981,0.1881087968746821,0.5474804043769836,0.03387771671017011,0.028402911499142647
7500,H8-V,56,n01734418/ILSVRC2012_val_00006218_n01734418,4,3,0.0063591400782267255,0.1032593697309494,0.44037020206451416,0.021088778972625732,0.01668507729967435
7500,H8-V,56,n01734418/ILSVRC2012_val_00006218_n01734418,7,3,0.0059823339494566126,0.09702058136463165,0.41173351804415387,0.019801727806528408,0.01568439230322838
7500,H8-V,56,n01734418/ILSVRC2012_val_00006218_n01734418,13,3,0.005672470821688573,0.0908081258336703,0.3895836075146993,0.018649119262893993,0.014753283311923346
7500,H8-V,56,n01734418/ILSVRC2012_val_00006218_n01734418,19,3,0.005597107267628114,0.08865849922100703,0.3872316777706146,0.01833527348935604,0.01446295715868473
7500,H8-V,57,n01735189/ILSVRC2012_val_00016144_n01735189,1,3,0.026302197327216465,0.18531542519728342,0.9968149264653524,0.05480189000566801,0.04483374084035555
7500,H8-V,57,n01735189/ILSVRC2012_val_00016144_n01735189,4,3,0.020539642001191776,0.1546991914510727,0.8710520068804423,0.04472008099158605,0.03600956127047539
7500,H8-V,57,n01735189/ILSVRC2012_val_00016144_n01735189,7,3,0.019419885550936062,0.1485294649998347,0.8374754985173544,0.042647587756315865,0.03427283217509588
7500,H8-V,57,n01735189/ILSVRC2012_val_00016144_n01735189,13,3,0.01855219155550003,0.143533522884051,0.8063373963038126,0.04096891855200132,0.03290554384390513
7500,H8-V,57,n01735189/ILSVRC2012_val_00016144_n01735189,19,3,0.01837751331428687,0.1435257295767466,0.7978168527285258,0.040708255022764206,0.032730087637901306
7500,H8-V,58,n01737021/ILSVRC2012_val_00049609_n01737021,1,3,0.017207416395346325,0.31521280606587726,1.0609794060389202,0.059338487684726715,0.048728695760170616
7500,H8-V,58,n01737021/ILSVRC2012_val_00049609_n01737021,4,3,0.01384742185473442,0.26981331904729206,0.9461704691251119,0.0502904603878657,0.04082875450452169
7500,H8-V,58,n01737021/ILSVRC2012_val_00049609_n01737021,7,3,0.013081094870964685,0.2603287597497304,0.911392867565155,0.048227900018294655,0.03911397109429041
7500,H8-V,58,n01737021/ILSVRC2012_val_00049609_n01737021,13,3,0.012361985631287098,0.25079216063022614,0.8788806398709615,0.04623000820477804,0.0374412015080452
7500,H8-V,58,n01737021/ILSVRC2012_val_00049609_n01737021,19,3,0.012157267580429712,0.2489617864290873,0.8692435224850973,0.04574588065346082,0.037053445974985756
7500,H8-V,59,n01739381/ILSVRC2012_val_00003095_n01739381,1,3,0.006109465068827073,0.15839498490095139,0.4475098450978597,0.026424062127868336,0.0219489640245835
7500,H8-V,59,n01739381/ILSVRC2012_val_00003095_n01739381,4,3,0.003088947075108687,0.07680391768614452,0.3331438899040222,0.014100777916610241,0.010769338967899481
7500,H8-V,59,n01739381/ILSVRC2012_val_00003095_n01739381,7,3,0.0028555780493964753,0.07187047352393468,0.30612872044245404,0.013103912894924482,0.010042625479400158
7500,H8-V,59,n01739381/ILSVRC2012_val_00003095_n01739381,13,3,0.0026301597245037556,0.06630295763413112,0.2868044177691142,0.012128499646981558,0.009260455456872782
7500,H8-V,59,n01739381/ILSVRC2012_val_00003095_n01739381,19,3,0.0025409184551487365,0.062383332600196205,0.2868797481060028,0.011648049267629782,0.008779251947999
7500,H8-V,60,n01740131/ILSVRC2012_val_00023975_n01740131,1,3,0.017152924401064713,0.3165154258410136,0.7007981340090433,0.055812448263168335,0.04880446816484133
7500,H8-V,60,n01740131/ILSVRC2012_val_00023975_n01740131,4,3,0.00916113331913948,0.1698381950457891,0.5307752887407938,0.03145270546277364,0.026144953444600105
7500,H8-V,60,n01740131/ILSVRC2012_val_00023975_n01740131,7,3,0.008631698476771513,0.16329699754714966,0.500584751367569,0.029967245335380237,0.02496139829357465
7500,H8-V,60,n01740131/ILSVRC2012_val_00023975_n01740131,13,3,0.00815134278188149,0.1560636709133784,0.47594289978345233,0.028517139454682667,0.023757710432012875
7500,H8-V,60,n01740131/ILSVRC2012_val_00023975_n01740131,19,3,0.00802821945399046,0.15140757958094278,0.47157905499140423,0.027884768322110176,0.023168977349996567
7500,H8-V,61,n01742172/ILSVRC2012_val_00021660_n01742172,1,3,0.02986619497338931,0.3320406874020894,1.8690114816029866,0.08176037669181824,0.06307026371359825
7500,H8-V,61,n01742172/ILSVRC2012_val_00021660_n01742172,4,3,0.02191947524746259,0.2033900022506714,1.656558672587077,0.058824061105648674,0.04225847621758779
7500,H8-V,61,n01742172/ILSVRC2012_val_00021660_n01742172,7,3,0.020577281092604,0.19313310086727142,1.6154985427856445,0.05604557817180952,0.039890592296918236
7500,H8-V,61,n01742172/ILSVRC2012_val_00021660_n01742172,13,3,0.019345202793677647,0.18101840714613596,1.570575753847758,0.053152802089850106,0.03744704400499662
7500,H8-V,61,n01742172/ILSVRC2012_val_00021660_n01742172,19,3,0.01897607867916425,0.17778771122296652,1.5507279634475708,0.05226212988297144,0.036754850298166275
7500,H8-V,62,n01744401/ILSVRC2012_val_00039489_n01744401,1,3,0.005641116605450709,0.20667266845703125,0.5505801836649576,0.0318141852815946,0.026308384413520496
7500,H8-V,62,n01744401/ILSVRC2012_val_00039489_n01744401,4,3,0.0034471252001821995,0.12649862468242645,0.456181804339091,0.02065880720814069,0.016096988692879677
7500,H8-V,62,n01744401/ILSVRC2012_val_00039489_n01744401,7,3,0.0032134675420820713,0.11969884485006332,0.42804527282714844,0.019463805481791496,0.015183352554837862
7500,H8-V,62,n01744401/ILSVRC2012_val_00039489_n01744401,13,3,0.0029928207707901797,0.11295788983503978,0.405984769264857,0.018348457291722298,0.014288609847426414
7500,H8-V,62,n01744401/ILSVRC2012_val_00039489_n01744401,19,3,0.002869917079806328,0.10993254681428273,0.4022165735562642,0.017885337273279827,0.013863171761234602
7500,H8-V,63,n01748264/ILSVRC2012_val_00006426_n01748264,1,3,0.009461435799797377,0.2560611267884572,0.8481477101643881,0.04354902605215708,0.03506754835446676
7500,H8-V,63,n01748264/ILSVRC2012_val_00006426_n01748264,4,3,0.006150030996650457,0.18421796460946402,0.6946057875951132,0.03151788624624411,0.024571827923258144
7500,H8-V,63,n01748264/ILSVRC2012_val_00006426_n01748264,7,3,0.005759477925797303,0.17793926099936166,0.6629911859830221,0.030183315897981327,0.023553404336174328
7500,H8-V,63,n01748264/ILSVRC2012_val_00006426_n01748264,13,3,0.005429361170778672,0.17145393788814545,0.6354801456133524,0.028929557651281357,0.022574756294488907
7500,H8-V,63,n01748264/ILSVRC2012_val_00006426_n01748264,19,3,0.0053619092019895715,0.16950134436289468,0.6283440788586935,0.028595485414067905,0.022312044476469357
7500,H8-V,64,n01749939/ILSVRC2012_val_00000298_n01749939,1,3,0.010706756263971329,0.2140650451183319,0.6005188624064127,0.03811844935019811,0.032113260279099144
7500,H8-V,64,n01749939/ILSVRC2012_val_00000298_n01749939,4,3,0.004701132420450449,0.11215191334486008,0.4532894293467204,0.02044921802977721,0.015916323910156887
7500,H8-V,64,n01749939/ILSVRC2012_val_00000298_n01749939,7,3,0.004436498663077752,0.10598223904768626,0.42474573850631714,0.019282180815935135,0.015034723095595837
7500,H8-V,64,n01749939/ILSVRC2012_val_00000298_n01749939,13,3,0.004192933440208435,0.10113300879796346,0.403454065322876,0.01834077512224515,0.014306234816710154
7500,H8-V,64,n01749939/ILSVRC2012_val_00000298_n01749939,19,3,0.004143562788764636,0.09998903175195058,0.4025641282399495,0.018168107916911442,0.014142466088136038
7500,H8-V,65,n01751748/ILSVRC2012_val_00049933_n01751748,1,3,0.008599588957925638,0.3296565016110738,0.7111895879109701,0.04867713525891304,0.04156524067123731
7500,H8-V,65,n01751748/ILSVRC2012_val_00049933_n01751748,4,3,0.005145715549588203,0.2185244212547938,0.5751373171806335,0.03274953241149584,0.026998158544301987
7500,H8-V,65,n01751748/ILSVRC2012_val_00049933_n01751748,7,3,0.004925173396865527,0.21053711076577505,0.545812169710795,0.03143700584769249,0.02597888434926669
7500,H8-V,65,n01751748/ILSVRC2012_val_00049933_n01751748,13,3,0.00473914419611295,0.20188120504220328,0.5220911701520284,0.030148177097241085,0.024927265321214993
7500,H8-V,65,n01751748/ILSVRC2012_val_00049933_n01751748,19,3,0.004714534307519595,0.20012504855791727,0.5187693436940511,0.0299147330224514,0.024727039660016697
7500,H8-V,66,n01753488/ILSVRC2012_val_00015221_n01753488,1,3,0.009439857676625252,0.3467701276143392,0.42623309294382733,0.048379202683766685,0.04411687205235163
7500,H8-V,66,n01753488/ILSVRC2012_val_00015221_n01753488,4,3,0.0059807027379671735,0.18381663660208383,0.30391374230384827,0.027401505659023922,0.024362367888291676
7500,H8-V,66,n01753488/ILSVRC2012_val_00015221_n01753488,7,3,0.005815357280274232,0.17830860118071237,0.27776336669921875,0.026423851648966473,0.023646218081315357
7500,H8-V,66,n01753488/ILSVRC2012_val_00015221_n01753488,13,3,0.005686049660046895,0.17315377295017242,0.2585756679375966,0.025587183733781178,0.023001427451769512
7500,H8-V,66,n01753488/ILSVRC2012_val_00015221_n01753488,19,3,0.005658290969828765,0.17005324363708496,0.25722352663675946,0.025235850363969803,0.02266361564397812
7500,H8-V,67,n01755581/ILSVRC2012_val_00009692_n01755581,1,3,0.015524229034781456,0.2710409661134084,0.6429059704144796,0.04905738557378451,0.04262832552194595
7500,H8-V,67,n01755581/ILSVRC2012_val_00009692_n01755581,4,3,0.012715235662957033,0.20333648224671683,0.533939798672994,0.038388283302386604,0.03304888432224592
7500,H8-V,67,n01755581/ILSVRC2012_val_00009692_n01755581,7,3,0.012254617797831694,0.1947489728530248,0.5035654306411743,0.03676517183581988,0.031729516883691154
7500,H8-V,67,n01755581/ILSVRC2012_val_00009692_n01755581,13,3,0.011880159998933474,0.18559788664182028,0.4797942539056142,0.03523789097865423,0.03043994928399722
7500,H8-V,67,n01755581/ILSVRC2012_val_00009692_n01755581,19,3,0.011823291890323162,0.1810521533091863,0.47684529423713684,0.034696961442629494,0.02992850790421168
7500,H8-V,68,n01756291/ILSVRC2012_val_00038102_n01756291,1,3,0.0050020902417600155,0.09707666685183843,0.4312829275925954,0.019022585824131966,0.014709757020076117
7500,H8-V,68,n01756291/ILSVRC2012_val_00038102_n01756291,4,3,0.003185482695698738,0.05178262169162432,0.32544516523679096,0.011618196964263916,0.00836374486486117
7500,H8-V,68,n01756291/ILSVRC2012_val_00038102_n01756291,7,3,0.0029547279700636864,0.048696705450614296,0.2965983947118123,0.010790382201472918,0.007824398421992859
7500,H8-V,68,n01756291/ILSVRC2012_val_00038102_n01756291,13,3,0.0027684596522400775,0.04628519341349602,0.2751774787902832,0.010148754032949606,0.007396979257464409
7500,H8-V,68,n01756291/ILSVRC2012_val_00038102_n01756291,19,3,0.0027319185125331082,0.045351373652617134,0.2739795247713725,0.010006850895782312,0.007267056033015251
7500,H8-V,69,n01768244/ILSVRC2012_val_00035606_n01768244,1,3,0.004064036998897791,0.22452754775683084,0.47164012988408405,0.03123319273193677,0.02651679205397765
7500,H8-V,69,n01768244/ILSVRC2012_val_00035606_n01768244,4,3,0.0019133405294269323,0.11331227173407872,0.3491015334924062,0.016735583543777466,0.013244567749400934
7500,H8-V,69,n01768244/ILSVRC2012_val_00035606_n01768244,7,3,0.001800581153171758,0.10756242275238037,0.3219183882077535,0.015776007746656735,0.012556823591391245
7500,H8-V,69,n01768244/ILSVRC2012_val_00035606_n01768244,13,3,0.0017108269579087694,0.1024862031141917,0.30146942536036175,0.014974141803880533,0.011959447525441647
7500,H8-V,69,n01768244/ILSVRC2012_val_00035606_n01768244,19,3,0.001677122083492577,0.09974206238985062,0.2992582619190216,0.014643911272287369,0.011651328764855862
7500,H8-V,70,n01770081/ILSVRC2012_val_00031037_n01770081,1,3,0.009542463968197504,0.22202716767787933,0.7433279554049174,0.03917846083641052,0.031745181108514466
7500,H8-V,70,n01770081/ILSVRC2012_val_00031037_n01770081,4,3,0.004220583786567052,0.12702426811059317,0.5821910699208578,0.022744920725623768,0.01692301034927368
7500,H8-V,70,n01770081/ILSVRC2012_val_00031037_n01770081,7,3,0.0038632540187488,0.12101304282744725,0.5498693386713663,0.02146325136224429,0.015964558348059654
7500,H8-V,70,n01770081/ILSVRC2012_val_00031037_n01770081,13,3,0.003537686076015234,0.1137351542711258,0.5220943093299866,0.020132145533959072,0.014911202092965445
7500,H8-V,70,n01770081/ILSVRC2012_val_00031037_n01770081,19,3,0.003468907748659452,0.11097812404235204,0.5156781872113546,0.019723502298196156,0.014566720463335514
7500,H8-V,71,n01770393/ILSVRC2012_val_00028434_n01770393,1,3,0.01030990139891704,0.20208976666132608,0.8426795999209086,0.03894567613800367,0.030518879493077595
7500,H8-V,71,n01770393/ILSVRC2012_val_00028434_n01770393,4,3,0.006907456864913304,0.14587940772374472,0.723688006401062,0.02873227869470914,0.02149539813399315
7500,H8-V,71,n01770393/ILSVRC2012_val_00028434_n01770393,7,3,0.00647191113481919,0.13849967221419016,0.690912922223409,0.027231008435289066,0.020321879535913467
7500,H8-V,71,n01770393/ILSVRC2012_val_00028434_n01770393,13,3,0.006154319426665704,0.13276080787181854,0.6626873811086019,0.026057273770372074,0.01943040018280347
7500,H8-V,71,n01770393/ILSVRC2012_val_00028434_n01770393,19,3,0.006094585017611583,0.1314627726872762,0.6559857527414957,0.02580071985721588,0.019240862379471462
7500,H8-V,72,n01773157/ILSVRC2012_val_00003008_n01773157,1,3,0.012203311858077845,0.17134235799312592,0.8098299503326416,0.03743584578235944,0.029337547719478607
7500,H8-V,72,n01773157/ILSVRC2012_val_00003008_n01773157,4,3,0.007981160655617714,0.12503553926944733,0.6982229749361674,0.027466944729288418,0.02048471507926782
7500,H8-V,72,n01773157/ILSVRC2012_val_00003008_n01773157,7,3,0.0075126296530167265,0.12014421820640564,0.6678123474121094,0.02620517524580161,0.019527051597833633
7500,H8-V,72,n01773157/ILSVRC2012_val_00003008_n01773157,13,3,0.007130914522955815,0.11330265551805496,0.6404044230779012,0.024865223715702694,0.01846118022998174
7500,H8-V,72,n01773157/ILSVRC2012_val_00003008_n01773157,19,3,0.00707455538213253,0.10998595257600148,0.6323670943578085,0.024396821235617,0.018073150888085365
7500,H8-V,73,n01773549/ILSVRC2012_val_00019042_n01773549,1,3,0.013482814654707909,0.23997143904368082,0.8310919006665548,0.045790878434975944,0.03747995818654696
7500,H8-V,73,n01773549/ILSVRC2012_val_00019042_n01773549,4,3,0.006466821922610204,0.13462311029434204,0.6635230779647827,0.026564364011089008,0.019929133355617523
7500,H8-V,73,n01773549/ILSVRC2012_val_00019042_n01773549,7,3,0.005962889486302932,0.12980243066946665,0.6330133477846781,0.025273267179727554,0.018943133453528088
7500,H8-V,73,n01773549/ILSVRC2012_val_00019042_n01773549,13,3,0.005522185005247593,0.1255397448937098,0.6062955657641093,0.02413911558687687,0.01807615968088309
7500,H8-V,73,n01773549/ILSVRC2012_val_00019042_n01773549,19,3,0.005408183981974919,0.12328373889128368,0.5985834995905558,0.023722393438220024,0.017736557871103287
7500,H8-V,74,n01773797/ILSVRC2012_val_00003353_n01773797,1,3,0.005036201948920886,0.138230433066686,0.493736207485199,0.02379660742978255,0.018859245503942173
7500,H8-V,74,n01773797/ILSVRC2012_val_00003353_n01773797,4,3,0.003055487060919404,0.09202071279287338,0.3856552541255951,0.016114111058413982,0.012257558604081472
7500,H8-V,74,n01773797/ILSVRC2012_val_00003353_n01773797,7,3,0.0029009307424227395,0.08682352552811305,0.3596085806687673,0.015179369288186232,0.011583283543586731
7500,H8-V,74,n01773797/ILSVRC2012_val_00003353_n01773797,13,3,0.0027839525137096643,0.08212460080782573,0.3398878475030263,0.01439529067526261,0.010996412485837936
7500,H8-V,74,n01773797/ILSVRC2012_val_00003353_n01773797,19,3,0.0027559157460927963,0.0804238145550092,0.337807575861613,0.01417637305955092,0.010798297512034575
7500,H8-V,75,n01774384/ILSVRC2012_val_00024261_n01774384,1,3,0.007745201078553994,0.1959596574306488,0.5233260293801626,0.032574426382780075,0.027341167132059734
7500,H8-V,75,n01774384/ILSVRC2012_val_00024261_n01774384,4,3,0.003184772872676452,0.07457613696654637,0.39534570773442584,0.014595844162007173,0.010642386972904205
7500,H8-V,75,n01774384/ILSVRC2012_val_00024261_n01774384,7,3,0.002942176458115379,0.06891971329847972,0.3659484187761943,0.013493632276852926,0.009834147989749908
7500,H8-V,75,n01774384/ILSVRC2012_val_00024261_n01774384,13,3,0.002715109226604303,0.06273547559976578,0.34321457147598267,0.012420802377164364,0.008988656724492708
7500,H8-V,75,n01774384/ILSVRC2012_val_00024261_n01774384,19,3,0.002655492707466086,0.060629683236281075,0.3407248854637146,0.012125710025429726,0.008718461108704409
7500,H8-V,76,n01774750/ILSVRC2012_val_00010503_n01774750,1,3,0.01033302303403616,0.20276592671871185,0.7454843123753866,0.038064458717902504,0.030609615767995518
7500,H8-V,76,n01774750/ILSVRC2012_val_00010503_n01774750,4,3,0.00767463290443023,0.15774586300055185,0.6325636704762777,0.02977485644320647,0.02344921976327896
7500,H8-V,76,n01774750/ILSVRC2012_val_00010503_n01774750,7,3,0.007193863391876221,0.15321787198384604,0.6006569465001425,0.02852222075064977,0.02251565083861351
7500,H8-V,76,n01774750/ILSVRC2012_val_00010503_n01774750,13,3,0.006755883805453777,0.14728844662507376,0.5728378097216288,0.02721310779452324,0.021484728902578354
7500,H8-V,76,n01774750/ILSVRC2012_val_00010503_n01774750,19,3,0.006604280478010575,0.14455638329188028,0.5651394128799438,0.026711313674847286,0.021059919769565266
7500,H8-V,77,n01775062/ILSVRC2012_val_00000986_n01775062,1,3,0.01212356456865867,0.21308410664399466,0.7507700522740682,0.04093967626492182,0.03343197455008825
7500,H8-V,77,n01775062/ILSVRC2012_val_00000986_n01775062,4,3,0.009277735215922197,0.17597366372744241,0.6434150338172913,0.03330925231178602,0.026875102271636326
7500,H8-V,77,n01775062/ILSVRC2012_val_00000986_n01775062,7,3,0.008818660862743855,0.16710538665453592,0.6110663016637167,0.031639862805604935,0.025529199590285618
7500,H8-V,77,n01775062/ILSVRC2012_val_00000986_n01775062,13,3,0.008482140178481737,0.16028705736001334,0.5844761927922567,0.030355607469876606,0.024510846162835758
7500,H8-V,77,n01775062/ILSVRC2012_val_00000986_n01775062,19,3,0.008450705868502459,0.15674341221650442,0.5793553392092387,0.029918601736426353,0.02412504826982816
7500,H8-V,78,n01776313/ILSVRC2012_val_00000943_n01776313,1,3,0.005492760644604762,0.1933500568072001,0.6530956824620565,0.031358723839124046,0.02482776716351509
7500,H8-V,78,n01776313/ILSVRC2012_val_00000943_n01776313,4,3,0.00315925944596529,0.11701167871554692,0.5259337425231934,0.020119764531652134,0.01486042762796084
7500,H8-V,78,n01776313/ILSVRC2012_val_00000943_n01776313,7,3,0.002880197406436006,0.11181577543417613,0.49530038237571716,0.01901477885742982,0.014061775368948778
7500,H8-V,78,n01776313/ILSVRC2012_val_00000943_n01776313,13,3,0.0026465396707256636,0.10663776844739914,0.47083059946695965,0.018018622572223347,0.01331031663964192
7500,H8-V,78,n01776313/ILSVRC2012_val_00000943_n01776313,19,3,0.002583789872005582,0.10511897007624309,0.4672289391358693,0.017767976348598797,0.01309568683306376
7500,H8-V,79,n01784675/ILSVRC2012_val_00035667_n01784675,1,3,0.008305152878165245,0.14676528672377268,0.5812965432802836,0.028794646884004276,0.022981681550542515
7500,H8-V,79,n01784675/ILSVRC2012_val_00035667_n01784675,4,3,0.005537265135596196,0.09947536389033,0.4694602092107137,0.020179403945803642,0.01548480149358511
7500,H8-V,79,n01784675/ILSVRC2012_val_00035667_n01784675,7,3,0.005169146228581667,0.09455462048451106,0.43941885232925415,0.019018796583016712,0.01462460837016503
7500,H8-V,79,n01784675/ILSVRC2012_val_00035667_n01784675,13,3,0.004828437852362792,0.08688162515560786,0.41559745868047077,0.017672574147582054,0.013516600243747234
7500,H8-V,79,n01784675/ILSVRC2012_val_00035667_n01784675,19,3,0.004736813561369975,0.08305345227320989,0.4119180341561635,0.0171613401422898,0.013042159068087736
7500,H8-V,80,n01795545/ILSVRC2012_val_00040203_n01795545,1,3,0.012647937362392744,0.25361185272534686,0.6523090600967407,0.04453221336007118,0.03800912325580915
7500,H8-V,80,n01795545/ILSVRC2012_val_00040203_n01795545,4,3,0.00881022090713183,0.16693715751171112,0.5174130996068319,0.030678067977229755,0.025503937155008316
7500,H8-V,80,n01795545/ILSVRC2012_val_00040203_n01795545,7,3,0.008434061581889788,0.16088687380154928,0.4885866741339366,0.029408616945147514,0.024522749707102776
7500,H8-V,80,n01795545/ILSVRC2012_val_00040203_n01795545,13,3,0.008121025127669176,0.15469794472058615,0.4653855562210083,0.028244674826661747,0.02359081928928693
7500,H8-V,80,n01795545/ILSVRC2012_val_00040203_n01795545,19,3,0.00803624652326107,0.15208743015925089,0.46127134561538696,0.02785770284632842,0.023244989415009815
7500,H8-V,81,n01796340/ILSVRC2012_val_00022095_n01796340,1,3,0.02671957326432069,0.2587143083413442,0.9493491252263387,0.06208449602127075,0.05259100471933683
7500,H8-V,81,n01796340/ILSVRC2012_val_00022095_n01796340,4,3,0.023456668481230736,0.2100637306769689,0.8343971769014994,0.052807013193766274,0.04446304216980934
7500,H8-V,81,n01796340/ILSVRC2012_val_00022095_n01796340,7,3,0.02271477443476518,0.20169901351133981,0.8003319104512533,0.05088799570997556,0.042884676406780876
7500,H8-V,81,n01796340/ILSVRC2012_val_00022095_n01796340,13,3,0.022096803411841393,0.19605109095573425,0.7690118551254272,0.04939203088482221,0.04170191287994385
7500,H8-V,81,n01796340/ILSVRC2012_val_00022095_n01796340,19,3,0.021944648896654446,0.19423288106918335,0.7586765289306641,0.048954701671997704,0.04136793687939644
7500,H8-V,82,n01797886/ILSVRC2012_val_00005675_n01797886,1,3,0.01712836263080438,0.2103314846754074,0.9112463593482971,0.04727397486567497,0.03816151122252146
7500,H8-V,82,n01797886/ILSVRC2012_val_00005675_n01797886,4,3,0.012552245830496153,0.15060798327128092,0.7585047682126363,0.03519809121886889,0.027613044405976932
7500,H8-V,82,n01797886/ILSVRC2012_val_00005675_n01797886,7,3,0.011871272077163061,0.14590535561243692,0.7260571718215942,0.03372237831354141,0.026461807390054066
7500,H8-V,82,n01797886/ILSVRC2012_val_00005675_n01797886,13,3,0.011293869465589523,0.14109634359677634,0.697145919005076,0.03237496316432953,0.0254035039494435
7500,H8-V,82,n01797886/ILSVRC2012_val_00005675_n01797886,19,3,0.011171055026352406,0.13915923237800598,0.6884520649909973,0.03197149932384491,0.02508697845041752
7500,H8-V,83,n01798484/ILSVRC2012_val_00046410_n01798484,1,3,0.012336065992712975,0.26426833868026733,0.9390781124432882,0.048153682301441826,0.03876289973656336
7500,H8-V,83,n01798484/ILSVRC2012_val_00046410_n01798484,4,3,0.008947541626791159,0.17235291500886282,0.7762104074160258,0.03394493709007899,0.026182833438118298
7500,H8-V,83,n01798484/ILSVRC2012_val_00046410_n01798484,7,3,0.008542255188028017,0.16799661020437875,0.7446332176526388,0.03278824811180433,0.025341916208465893
7500,H8-V,83,n01798484/ILSVRC2012_val_00046410_n01798484,13,3,0.00821019522845745,0.1624135027329127,0.7176117300987244,0.03162766372164091,0.024451546370983124
7500,H8-V,83,n01798484/ILSVRC2012_val_00046410_n01798484,19,3,0.008141528194149336,0.16030249993006387,0.7105123003323873,0.03127690218389034,0.024171778932213783
7500,H8-V,84,n01806143/ILSVRC2012_val_00005599_n01806143,1,3,0.018794052302837372,0.17114939292271933,0.3971118728319804,0.03988011057178179,0.035908992091814675
7500,H8-V,84,n01806143/ILSVRC2012_val_00005599_n01806143,4,3,0.016313955808679264,0.13549362619717917,0.3190036912759145,0.03305335467060407,0.029863319049278896
7500,H8-V,84,n01806143/ILSVRC2012_val_00005599_n01806143,7,3,0.01592314677933852,0.13189118603865305,0.29159518082936603,0.03202821811040243,0.02911226637661457
7500,H8-V,84,n01806143/ILSVRC2012_val_00005599_n01806143,13,3,0.015604054555296898,0.12720790008703867,0.2715749939282735,0.03104059522350629,0.028324844936529796
7500,H8-V,84,n01806143/ILSVRC2012_val_00005599_n01806143,19,3,0.015518721813956896,0.12488801777362823,0.2706228693326314,0.030713752532998722,0.028007524088025093
7500,H8-V,85,n01806567/ILSVRC2012_val_00034349_n01806567,1,3,0.014074661148091158,0.2420971691608429,0.795797606309255,0.04624235381682714,0.03828437874714533
7500,H8-V,85,n01806567/ILSVRC2012_val_00034349_n01806567,4,3,0.010254540791114172,0.15522641440232596,0.6562824646631876,0.0323400062819322,0.025777182231346767
7500,H8-V,85,n01806567/ILSVRC2012_val_00034349_n01806567,7,3,0.009752691102524599,0.15025883416334787,0.6238685448964437,0.03101725938419501,0.024778574084242184
7500,H8-V,85,n01806567/ILSVRC2012_val_00034349_n01806567,13,3,0.009307501837611198,0.14612932006518045,0.5961818893750509,0.029882253458102543,0.02392043483753999
7500,H8-V,85,n01806567/ILSVRC2012_val_00034349_n01806567,19,3,0.00918477245916923,0.14510732889175415,0.5888310869534811,0.02958381548523903,0.023695504913727444
7500,H8-V,86,n01807496/ILSVRC2012_val_00038023_n01807496,1,3,0.022027599314848583,0.2527342587709427,1.281240701675415,0.06011343374848366,0.04730102668205897
7500,H8-V,86,n01807496/ILSVRC2012_val_00038023_n01807496,4,3,0.01613127440214157,0.20158040523529053,1.1061729192733765,0.04735104242960612,0.03628931442896525
7500,H8-V,86,n01807496/ILSVRC2012_val_00038023_n01807496,7,3,0.01529725237439076,0.19726685186227164,1.068439284960429,0.045708330969015755,0.03502393762270609
7500,H8-V,86,n01807496/ILSVRC2012_val_00038023_n01807496,13,3,0.014479289452234903,0.19152143597602844,1.0303223927815754,0.043934656927982964,0.03363143280148506
7500,H8-V,86,n01807496/ILSVRC2012_val_00038023_n01807496,19,3,0.014276485579709211,0.18824861447016397,1.0168057680130005,0.04326940327882767,0.03310134634375572
7500,H8-V,87,n01817953/ILSVRC2012_val_00024592_n01817953,1,3,0.007668920326977968,0.17794693013032278,0.697828451792399,0.03244189855953058,0.025463613371054333
7500,H8-V,87,n01817953/ILSVRC2012_val_00024592_n01817953,4,3,0.004990226744363706,0.13963359594345093,0.6003633538881937,0.02495721975962321,0.01895358661810557
7500,H8-V,87,n01817953/ILSVRC2012_val_00024592_n01817953,7,3,0.004595940777411063,0.13233739137649536,0.5702772537867228,0.023532452061772346,0.017829679573575657
7500,H8-V,87,n01817953/ILSVRC2012_val_00024592_n01817953,13,3,0.004204610052208106,0.12523540357748666,0.5448178648948669,0.022176327804724377,0.016728149726986885
7500,H8-V,87,n01817953/ILSVRC2012_val_00024592_n01817953,19,3,0.004018440997848908,0.12244043499231339,0.5384572545687357,0.021647057806452114,0.016262484714388847
7500,H8-V,88,n01818515/ILSVRC2012_val_00027656_n01818515,1,3,0.010472325918575128,0.21139638125896454,0.5489941835403442,0.03710190703471502,0.03161196472744147
7500,H8-V,88,n01818515/ILSVRC2012_val_00027656_n01818515,4,3,0.00473753921687603,0.08992821474870046,0.40146273374557495,0.01774498758216699,0.013730360815922419
7500,H8-V,88,n01818515/ILSVRC2012_val_00027656_n01818515,7,3,0.004471252827594678,0.0857428510983785,0.372801552216212,0.01677355294426282,0.013045537906388441
7500,H8-V,88,n01818515/ILSVRC2012_val_00027656_n01818515,13,3,0.00422228096673886,0.08258058379093806,0.3510807752609253,0.015991148228446644,0.012480339656273523
7500,H8-V,88,n01818515/ILSVRC2012_val_00027656_n01818515,19,3,0.004114356978485982,0.0790317455927531,0.3485601246356964,0.015503132715821266,0.012017531630893549
7500,H8-V,89,n01819313/ILSVRC2012_val_00041041_n01819313,1,3,0.008300357187787691,0.1958678513765335,0.5429222583770752,0.03331636575361093,0.027887143194675446
7500,H8-V,89,n01819313/ILSVRC2012_val_00041041_n01819313,4,3,0.005599526067574819,0.1313428928454717,0.42517590522766113,0.022985574478904407,0.018733815600474674
7500,H8-V,89,n01819313/ILSVRC2012_val_00041041_n01819313,7,3,0.005333298351615667,0.12673496951659521,0.39620721340179443,0.021968867629766464,0.018006795396407444
7500,H8-V,89,n01819313/ILSVRC2012_val_00041041_n01819313,13,3,0.005103514529764652,0.11986065904299419,0.37475913763046265,0.020837171624104183,0.01708958111703396
7500,H8-V,89,n01819313/ILSVRC2012_val_00041041_n01819313,19,3,0.005055266587684552,0.11690216263135274,0.373131384452184,0.020476796353856724,0.016745482260982197
7500,H8-V,90,n01820546/ILSVRC2012_val_00017939_n01820546,1,3,0.02471892659862836,0.22743364175160727,1.0320114692052205,0.05778240536650022,0.047462290773789086
7500,H8-V,90,n01820546/ILSVRC2012_val_00017939_n01820546,4,3,0.01984582965572675,0.16223121682802835,0.903440793355306,0.045103358725706734,0.0360689510901769
7500,H8-V,90,n01820546/ILSVRC2012_val_00017939_n01820546,7,3,0.018992284933725994,0.15333382785320282,0.8679157694180807,0.043004825711250305,0.034325667967398964
7500,H8-V,90,n01820546/ILSVRC2012_val_00017939_n01820546,13,3,0.018064012750983238,0.14417403936386108,0.8369624813397726,0.04085104291637739,0.03248141830166181
7500,H8-V,90,n01820546/ILSVRC2012_val_00017939_n01820546,19,3,0.017721734941005707,0.1409982442855835,0.827846626440684,0.04010002687573433,0.031821560114622116
7500,H8-V,91,n01824575/ILSVRC2012_val_00001142_n01824575,1,3,0.00580574447909991,0.11214825510978699,0.33333120743433636,0.020353882883985836,0.01702057073513667
7500,H8-V,91,n01824575/ILSVRC2012_val_00001142_n01824575,4,3,0.003606457573672136,0.06529497355222702,0.2502489487330119,0.012638444701830545,0.010135955177247524
7500,H8-V,91,n01824575/ILSVRC2012_val_00001142_n01824575,7,3,0.0034668261650949717,0.06149371216694514,0.2234162986278534,0.011850360160072645,0.009616197397311529
7500,H8-V,91,n01824575/ILSVRC2012_val_00001142_n01824575,13,3,0.0033411964929352203,0.058300102750460304,0.20395797987778982,0.011210786489148935,0.00917120681454738
7500,H8-V,91,n01824575/ILSVRC2012_val_00001142_n01824575,19,3,0.003293930164848765,0.05764263495802879,0.20214036603768668,0.011079597286880016,0.009058193924526373
7500,H8-V,92,n01828970/ILSVRC2012_val_00033962_n01828970,1,3,0.0034605403585980334,0.0984108770887057,0.3716426491737366,0.017018054611980915,0.013301628331343332
7500,H8-V,92,n01828970/ILSVRC2012_val_00033962_n01828970,4,3,0.001907947240397334,0.04535012443860372,0.26643963654836017,0.009107355959713459,0.006442959886044264
7500,H8-V,92,n01828970/ILSVRC2012_val_00033962_n01828970,7,3,0.0017501214363922675,0.04204029714067777,0.2387815316518148,0.008341965886453787,0.005954151041805744
7500,H8-V,92,n01828970/ILSVRC2012_val_00033962_n01828970,13,3,0.0016146091899524133,0.038782080014546715,0.218136856953303,0.007674185714373986,0.005492817144840956
7500,H8-V,92,n01828970/ILSVRC2012_val_00033962_n01828970,19,3,0.0015741988318040967,0.03739876300096512,0.21707301835219064,0.007484804994116227,0.005314075077573459
7500,H8-V,93,n01829413/ILSVRC2012_val_00002843_n01829413,1,3,0.016099985068043072,0.215124840537707,0.6731414596239725,0.04434388503432274,0.03761246924599012
7500,H8-V,93,n01829413/ILSVRC2012_val_00002843_n01829413,4,3,0.007027138179788987,0.11727032562096913,0.5326129992802938,0.02408029946188132,0.018754169965783756
7500,H8-V,93,n01829413/ILSVRC2012_val_00002843_n01829413,7,3,0.006467835512012243,0.11214405298233032,0.5013979276021322,0.02269622062643369,0.017682241275906563
7500,H8-V,93,n01829413/ILSVRC2012_val_00002843_n01829413,13,3,0.005947197321802378,0.10757334282000859,0.4767134487628937,0.021471666172146797,0.016704531386494637
7500,H8-V,93,n01829413/ILSVRC2012_val_00002843_n01829413,19,3,0.005863039133449395,0.10574397444725037,0.4728441933790843,0.02116587944328785,0.016437437385320663
7500,H8-V,94,n01833805/ILSVRC2012_val_00020443_n01833805,1,3,0.012355783333381018,0.22608458995819092,0.7947272062301636,0.04291151463985443,0.03496424357096354
7500,H8-V,94,n01833805/ILSVRC2012_val_00020443_n01833805,4,3,0.008632846797506014,0.12760148445765176,0.6502397457758585,0.027895393470923107,0.021392996112505596
7500,H8-V,94,n01833805/ILSVRC2012_val_00020443_n01833805,7,3,0.008202442588905493,0.12326080352067947,0.6201277176539103,0.026729799807071686,0.0205285232514143
7500,H8-V,94,n01833805/ILSVRC2012_val_00020443_n01833805,13,3,0.007859086928268274,0.11928474406401317,0.5946574012438456,0.02573413463930289,0.019787561148405075
7500,H8-V,94,n01833805/ILSVRC2012_val_00020443_n01833805,19,3,0.007791897126783927,0.1171726534763972,0.5885234673817953,0.02539439747730891,0.01950916275382042
7500,H8-V,95,n01843065/ILSVRC2012_val_00033281_n01843065,1,3,0.004914498111853997,0.12683485945065817,0.38069472710291546,0.021404931942621868,0.0175979845225811
7500,H8-V,95,n01843065/ILSVRC2012_val_00033281_n01843065,4,3,0.0021778553103407225,0.05093293512860934,0.27295591433842975,0.010000707892080149,0.007271148885289828
7500,H8-V,95,n01843065/ILSVRC2012_val_00033281_n01843065,7,3,0.0019821631722152233,0.047850185384353004,0.2451381782690684,0.009218563636144003,0.006767181834826867
7500,H8-V,95,n01843065/ILSVRC2012_val_00033281_n01843065,13,3,0.0018137018584335844,0.04552865897615751,0.22511220971743265,0.008617689833045006,0.006366567841420571
7500,H8-V,95,n01843065/ILSVRC2012_val_00033281_n01843065,19,3,0.001766922806079189,0.04530029868086179,0.2248675376176834,0.008545627817511559,0.006296952565511067
7500,H8-V,96,n01843383/ILSVRC2012_val_00030000_n01843383,1,3,0.01258624748637279,0.11422320455312729,0.33541332681973773,0.027362701793511707,0.02400856837630272
7500,H8-V,96,n01843383/ILSVRC2012_val_00030000_n01843383,4,3,0.0037254680258532367,0.038839289297660194,0.22335050503412882,0.009842902421951294,0.0076093971729278564
7500,H8-V,96,n01843383/ILSVRC2012_val_00030000_n01843383,7,3,0.0035014594128976264,0.03618582834800085,0.19720329840977988,0.009092075439790884,0.007120042418440183
7500,H8-V,96,n01843383/ILSVRC2012_val_00030000_n01843383,13,3,0.003352145431563258,0.03304896752039591,0.178817148009936,0.008445213859279951,0.006657042230168979
7500,H8-V,96,n01843383/ILSVRC2012_val_00030000_n01843383,19,3,0.003344405752917131,0.03123018890619278,0.17891614635785422,0.008256585958103338,0.0064674246435364085
7500,H8-V,97,n01847000/ILSVRC2012_val_00029070_n01847000,1,3,0.004901711984227101,0.11149542778730392,0.3088665306568146,0.01913992005089919,0.01605125454564889
7500,H8-V,97,n01847000/ILSVRC2012_val_00029070_n01847000,4,3,0.0025340927919993796,0.0575836772720019,0.223666583498319,0.010529126351078352,0.008292460814118385
7500,H8-V,97,n01847000/ILSVRC2012_val_00029070_n01847000,7,3,0.002381501796965798,0.05504501983523369,0.19816443820794424,0.009867648283640543,0.00788600401331981
7500,H8-V,97,n01847000/ILSVRC2012_val_00029070_n01847000,13,3,0.002256325213238597,0.052284181118011475,0.18052250146865845,0.009289968448380629,0.0074847435268263025
7500,H8-V,97,n01847000/ILSVRC2012_val_00029070_n01847000,19,3,0.002213936842357119,0.05015848452846209,0.18141158918539682,0.009043901227414608,0.007229785434901714
7500,H8-V,98,n01855032/ILSVRC2012_val_00042824_n01855032,1,3,0.007412942436834176,0.15389523903528848,0.46562474966049194,0.027458714321255684,0.022802467147509258
7500,H8-V,98,n01855032/ILSVRC2012_val_00042824_n01855032,4,3,0.0054062181152403355,0.09771827856699626,0.3464207649230957,0.018642254173755646,0.015178045878807703
7500,H8-V,98,n01855032/ILSVRC2012_val_00042824_n01855032,7,3,0.005231408557544152,0.09457235783338547,0.3196471830209096,0.0178851168602705,0.0146886445581913
7500,H8-V,98,n01855032/ILSVRC2012_val_00042824_n01855032,13,3,0.005136860844989617,0.09134935835997264,0.2996706962585449,0.017268503084778786,0.014271796680986881
7500,H8-V,98,n01855032/ILSVRC2012_val_00042824_n01855032,19,3,0.005165841740866502,0.0911247581243515,0.29785030086835224,0.017256821195284527,0.014278317801654339
7500,H8-V,99,n01855672/ILSVRC2012_val_00012089_n01855672,1,3,0.022326006243626278,0.31035642822583515,0.8712473511695862,0.062074121087789536,0.05336164931456248
7500,H8-V,99,n01855672/ILSVRC2012_val_00012089_n01855672,4,3,0.014130374416708946,0.15784003833929697,0.7154072920481364,0.037068452686071396,0.029914379119873047
7500,H8-V,99,n01855672/ILSVRC2012_val_00012089_n01855672,7,3,0.013574999757111073,0.15331303576628366,0.6825113495190939,0.03573141619563103,0.02890630376835664
7500,H8-V,99,n01855672/ILSVRC2012_val_00012089_n01855672,13,3,0.0131134744733572,0.14773698151111603,0.654214104016622,0.0344293142358462,0.027887172376116116
7500,H8-V,99,n01855672/ILSVRC2012_val_00012089_n01855672,19,3,0.013004708414276442,0.1451635112365087,0.6471754113833109,0.03399281452099482,0.027521060158809025
7500,H8-V,100,n01860187/ILSVRC2012_val_00007700_n01860187,1,3,0.019032464052240055,0.16990907986958823,0.5865459044774374,0.04188883056243261,0.03602337216337522
7500,H8-V,100,n01860187/ILSVRC2012_val_00007700_n01860187,4,3,0.013923996438582739,0.1230389525492986,0.47218934694925946,0.03094978630542755,0.02622789206604163
7500,H8-V,100,n01860187/ILSVRC2012_val_00007700_n01860187,7,3,0.013334258459508419,0.11922197043895721,0.44335071245829266,0.029689962044358253,0.025256454944610596
7500,H8-V,100,n01860187/ILSVRC2012_val_00007700_n01860187,13,3,0.012881767936050892,0.11597318202257156,0.42036062479019165,0.028682691976428032,0.02447908620039622
7500,H8-V,100,n01860187/ILSVRC2012_val_00007700_n01860187,19,3,0.01279492862522602,0.11407526085774104,0.4166478017965953,0.028368933126330376,0.024202454835176468
7500,H8-V,101,n01871265/ILSVRC2012_val_00031112_n01871265,1,3,0.02353733219206333,0.27666305502255756,0.7738646864891052,0.0589422844350338,0.051203638315200806
7500,H8-V,101,n01871265/ILSVRC2012_val_00031112_n01871265,4,3,0.014718012884259224,0.15700945258140564,0.6169404784838358,0.036588363349437714,0.030418958514928818
7500,H8-V,101,n01871265/ILSVRC2012_val_00031112_n01871265,7,3,0.01398077296713988,0.1502403716246287,0.585393230120341,0.034858740866184235,0.02900480975707372
7500,H8-V,101,n01871265/ILSVRC2012_val_00031112_n01871265,13,3,0.013380338127414385,0.14422876139481863,0.5600179235140482,0.033403392881155014,0.027803214266896248
7500,H8-V,101,n01871265/ILSVRC2012_val_00031112_n01871265,19,3,0.013273506114880243,0.1419229507446289,0.5550717314084371,0.03301651900013288,0.02746580106516679
7500,H8-V,102,n01872401/ILSVRC2012_val_00034301_n01872401,1,3,0.01558312214910984,0.21448931097984314,0.7053053379058838,0.04408510898550352,0.03703205535809199
7500,H8-V,102,n01872401/ILSVRC2012_val_00034301_n01872401,4,3,0.012554131137828032,0.14157786468664804,0.5617948770523071,0.03232986728350321,0.02671191779275735
7500,H8-V,102,n01872401/ILSVRC2012_val_00034301_n01872401,7,3,0.012185246062775454,0.13774028917153677,0.5333094398180643,0.03129236896832784,0.0259592750420173
7500,H8-V,102,n01872401/ILSVRC2012_val_00034301_n01872401,13,3,0.01190581110616525,0.13408005237579346,0.511161188284556,0.030425427481532097,0.025313816343744595
7500,H8-V,102,n01872401/ILSVRC2012_val_00034301_n01872401,19,3,0.011883486993610859,0.13346688449382782,0.5092163681983948,0.03032233938574791,0.025230176125963528
7500,H8-V,103,n01873310/ILSVRC2012_val_00016323_n01873310,1,3,0.026426808287700016,0.19489527742067972,0.8467440406481425,0.0543837770819664,0.045916336278120674
7500,H8-V,103,n01873310/ILSVRC2012_val_00016323_n01873310,4,3,0.021508957569797833,0.13764439026514688,0.7151291370391846,0.042424687494834266,0.03527339672048887
7500,H8-V,103,n01873310/ILSVRC2012_val_00016323_n01873310,7,3,0.02066035320361455,0.13164721926053366,0.6843134760856628,0.040668209393819175,0.033825075874725975
7500,H8-V,103,n01873310/ILSVRC2012_val_00016323_n01873310,13,3,0.0199230598906676,0.12603393693765005,0.6568620602289835,0.03909507393836975,0.03252645333607992
7500,H8-V,103,n01873310/ILSVRC2012_val_00016323_n01873310,19,3,0.01970476657152176,0.12424221883217494,0.6479654113451639,0.03860864167412122,0.03212898845473925
7500,H8-V,104,n01877812/ILSVRC2012_val_00041445_n01877812,1,3,0.013815675551692644,0.24220989644527435,1.0861233870188396,0.048897898445526757,0.03803666556874911
7500,H8-V,104,n01877812/ILSVRC2012_val_00041445_n01877812,4,3,0.008001862714687983,0.1716859738032023,0.9194700916608175,0.03436516225337982,0.02517046096424262
7500,H8-V,104,n01877812/ILSVRC2012_val_00041445_n01877812,7,3,0.007515428898235162,0.16638616720835367,0.8870224157969157,0.033024270087480545,0.024154045929511387
7500,H8-V,104,n01877812/ILSVRC2012_val_00041445_n01877812,13,3,0.00710185073936979,0.15990826984246573,0.8568350076675415,0.03166102866331736,0.02309267905851205
7500,H8-V,104,n01877812/ILSVRC2012_val_00041445_n01877812,19,3,0.007021619162211816,0.15709384779135385,0.8467926979064941,0.031198929995298386,0.022731004282832146
7500,H8-V,105,n01882714/ILSVRC2012_val_00003254_n01882714,1,3,0.009299452416598797,0.19457589586575827,0.6530078252156576,0.0352871206899484,0.028757041941086452
7500,H8-V,105,n01882714/ILSVRC2012_val_00003254_n01882714,4,3,0.00640737172216177,0.13428126275539398,0.5442740122477213,0.025278238579630852,0.0198354988048474
7500,H8-V,105,n01882714/ILSVRC2012_val_00003254_n01882714,7,3,0.0060096920157472295,0.12878674765427908,0.5134767889976501,0.024023134882251423,0.01888836733996868
7500,H8-V,105,n01882714/ILSVRC2012_val_00003254_n01882714,13,3,0.005641698216398557,0.12379125754038493,0.48733540376027423,0.022894178827603657,0.01802082483967145
7500,H8-V,105,n01882714/ILSVRC2012_val_00003254_n01882714,19,3,0.005532362498342991,0.12269799659649532,0.48163509368896484,0.022618512933452923,0.01780216209590435
7500,H8-V,106,n01883070/ILSVRC2012_val_00012372_n01883070,1,3,0.009254911914467812,0.22000027696291605,0.6814915537834167,0.03806985542178154,0.031254940355817475
7500,H8-V,106,n01883070/ILSVRC2012_val_00012372_n01883070,4,3,0.007182465710987647,0.17042646805445352,0.5837054053942362,0.03006216697394848,0.024225113292535145
7500,H8-V,106,n01883070/ILSVRC2012_val_00012372_n01883070,7,3,0.006819604896008968,0.16353708505630493,0.5526573061943054,0.028699886053800583,0.023173313587903976
7500,H8-V,106,n01883070/ILSVRC2012_val_00012372_n01883070,13,3,0.006506181632479032,0.159468745191892,0.5267601013183594,0.027720657487710316,0.022453056648373604
7500,H8-V,106,n01883070/ILSVRC2012_val_00012372_n01883070,19,3,0.006425857078284025,0.15751944979031882,0.5210443139076233,0.02738824486732483,0.02217780239880085
7500,H8-V,107,n01910747/ILSVRC2012_val_00014265_n01910747,1,3,0.00791437349592646,0.12228090564409892,0.335308035214742,0.023495545610785484,0.020142465208967526
7500,H8-V,107,n01910747/ILSVRC2012_val_00014265_n01910747,4,3,0.002932998506973187,0.05248819043238958,0.22839351495107016,0.010465752643843492,0.008181817674388489
7500,H8-V,107,n01910747/ILSVRC2012_val_00014265_n01910747,7,3,0.0023818042439719043,0.04598704228798548,0.2038757155338923,0.00901926588267088,0.006980508721123139
7500,H8-V,107,n01910747/ILSVRC2012_val_00014265_n01910747,13,3,0.00213485195611914,0.04201272502541542,0.1858282188574473,0.008194406827290853,0.006336124613881111
7500,H8-V,107,n01910747/ILSVRC2012_val_00014265_n01910747,19,3,0.0020313851224879422,0.04131299133102099,0.18534248073895773,0.008016109156111876,0.006162684255590041
7500,H8-V,108,n01914609/ILSVRC2012_val_00041889_n01914609,1,3,0.013577820422748724,0.24599091708660126,1.0157359043757122,0.0483342707157135,0.03817691281437874
7500,H8-V,108,n01914609/ILSVRC2012_val_00041889_n01914609,4,3,0.010194269940257072,0.18351375063260397,0.8723702232042948,0.03726934641599655,0.028545644755164783
7500,H8-V,108,n01914609/ILSVRC2012_val_00041889_n01914609,7,3,0.009577656164765358,0.1767741491397222,0.8380623261133829,0.03563569486141205,0.02725507194797198
7500,H8-V,108,n01914609/ILSVRC2012_val_00041889_n01914609,13,3,0.00902902955810229,0.1676315019528071,0.8071221113204956,0.03386340166131655,0.025792179629206657
7500,H8-V,108,n01914609/ILSVRC2012_val_00041889_n01914609,19,3,0.00887561651567618,0.16219235956668854,0.798701286315918,0.0330818643172582,0.025094852472345035
7500,H8-V,109,n01917289/ILSVRC2012_val_00049679_n01917289,1,3,0.020467360814412434,0.28018761177857715,0.6553378105163574,0.05503949895501137,0.048486120998859406
7500,H8-V,109,n01917289/ILSVRC2012_val_00049679_n01917289,4,3,0.014045350253582,0.18428554634253183,0.5400699973106384,0.03787460674842199,0.03247390687465668
7500,H8-V,109,n01917289/ILSVRC2012_val_00049679_n01917289,7,3,0.013600528861085573,0.17857953906059265,0.510958214600881,0.03656806672612826,0.031458484629789986
7500,H8-V,109,n01917289/ILSVRC2012_val_00049679_n01917289,13,3,0.013240477380653223,0.1708236187696457,0.4874304433663686,0.035197142511606216,0.03032283919552962
7500,H8-V,109,n01917289/ILSVRC2012_val_00049679_n01917289,19,3,0.013129554688930511,0.16526619096597037,0.4828909734884898,0.034485084315141044,0.02965617428223292
7500,H8-V,110,n01924916/ILSVRC2012_val_00004904_n01924916,1,3,0.012450311022500197,0.22877760231494904,0.7913036942481995,0.043241108457247414,0.03532807156443596
7500,H8-V,110,n01924916/ILSVRC2012_val_00004904_n01924916,4,3,0.006319384866704543,0.1475541591644287,0.6770848234494528,0.02784564842780431,0.021074801062544186
7500,H8-V,110,n01924916/ILSVRC2012_val_00004904_n01924916,7,3,0.005642424958447616,0.13779185712337494,0.644047220547994,0.025862082839012146,0.019421610981225967
7500,H8-V,110,n01924916/ILSVRC2012_val_00004904_n01924916,13,3,0.005074465336898963,0.12825734913349152,0.6147501468658447,0.024047700688242912,0.017900199939807255
7500,H8-V,110,n01924916/ILSVRC2012_val_00004904_n01924916,19,3,0.0049568177200853825,0.12501336137453714,0.607022205988566,0.023528375352422397,0.017458153888583183
7500,H8-V,111,n01930112/ILSVRC2012_val_00031388_n01930112,1,3,0.00165202592809995,0.16444128255049387,0.4664890170097351,0.022761045023798943,0.018096155176560085
7500,H8-V,111,n01930112/ILSVRC2012_val_00031388_n01930112,4,3,0.0011219177783156435,0.10305844495693843,0.36849884192148846,0.015112750853101412,0.011427762607733408
7500,H8-V,111,n01930112/ILSVRC2012_val_00031388_n01930112,7,3,0.001059989755352338,0.09941537429889043,0.3421855966250102,0.01442338308940331,0.011001527309417725
7500,H8-V,111,n01930112/ILSVRC2012_val_00031388_n01930112,13,3,0.0010171144967898726,0.09569616119066875,0.322319636742274,0.013809927428762117,0.010586730825404326
7500,H8-V,111,n01930112/ILSVRC2012_val_00031388_n01930112,19,3,0.0010122571839019656,0.094162051876386,0.32012757658958435,0.013629737930993239,0.010428462487955889
7500,H8-V,112,n01943899/ILSVRC2012_val_00040963_n01943899,1,3,0.00554516709720095,0.19491260250409445,0.5240071614583334,0.030276499688625336,0.025036427502830822
7500,H8-V,112,n01943899/ILSVRC2012_val_00040963_n01943899,4,3,0.0028286874294281006,0.122343343993028,0.4066699743270874,0.01912972206870715,0.015063022263348103
7500,H8-V,112,n01943899/ILSVRC2012_val_00040963_n01943899,7,3,0.002614811761304736,0.11696372926235199,0.37742870052655536,0.018085472285747528,0.014311185106635094
7500,H8-V,112,n01943899/ILSVRC2012_val_00040963_n01943899,13,3,0.0023972500736514726,0.11000000685453415,0.3549237052599589,0.01694648712873459,0.013397250324487686
7500,H8-V,112,n01943899/ILSVRC2012_val_00040963_n01943899,19,3,0.00231023202650249,0.10659924149513245,0.3524762789408366,0.01649491923550765,0.012970156346758207
7500,H8-V,113,n01944390/ILSVRC2012_val_00019782_n01944390,1,3,0.007934630072365204,0.22371571262677512,0.7803716063499451,0.038109918435414634,0.03030620204905669
7500,H8-V,113,n01944390/ILSVRC2012_val_00019782_n01944390,4,3,0.005639104483028253,0.16901995738347372,0.6645016670227051,0.029186117152372997,0.02254110078016917
7500,H8-V,113,n01944390/ILSVRC2012_val_00019782_n01944390,7,3,0.0052464270653824014,0.16334784030914307,0.6336406469345093,0.02791761855284373,0.021581212679545086
7500,H8-V,113,n01944390/ILSVRC2012_val_00019782_n01944390,13,3,0.004890610929578543,0.15590770542621613,0.6060633659362793,0.026542014131943386,0.020481380944450695
7500,H8-V,113,n01944390/ILSVRC2012_val_00019782_n01944390,19,3,0.004776247156163056,0.1507619470357895,0.597437302271525,0.025826815515756607,0.01985244204600652
7500,H8-V,114,n01945685/ILSVRC2012_val_00028852_n01945685,1,3,0.022153686732053757,0.25252872208754223,0.8567769924799601,0.05597432951132456,0.04740655918916067
7500,H8-V,114,n01945685/ILSVRC2012_val_00028852_n01945685,4,3,0.007528599972526233,0.11368995408217113,0.6705776651700338,0.025603371982773144,0.01889759550491969
7500,H8-V,114,n01945685/ILSVRC2012_val_00028852_n01945685,7,3,0.006782879121601582,0.10630249480406444,0.6376148660977682,0.023789277921120327,0.017413129409154255
7500,H8-V,114,n01945685/ILSVRC2012_val_00028852_n01945685,13,3,0.006102549688269694,0.10120908915996552,0.6092755595842997,0.02231621431807677,0.01622345857322216
7500,H8-V,114,n01945685/ILSVRC2012_val_00028852_n01945685,19,3,0.005992465962966283,0.10139503081639607,0.6028848687807719,0.022160818179448444,0.016131969168782234
7500,H8-V,115,n01950731/ILSVRC2012_val_00012985_n01950731,1,3,0.014573362345496813,0.25727472205956775,1.0866042375564575,0.051166877150535583,0.04030083492398262
7500,H8-V,115,n01950731/ILSVRC2012_val_00012985_n01950731,4,3,0.01088601847489675,0.1831446886062622,0.9187889695167542,0.038388377676407494,0.029200488080581028
7500,H8-V,115,n01950731/ILSVRC2012_val_00012985_n01950731,7,3,0.010370348580181599,0.17691127955913544,0.8854344089825948,0.036915820091962814,0.028061476846536
7500,H8-V,115,n01950731/ILSVRC2012_val_00012985_n01950731,13,3,0.00993895654877027,0.16921304166316986,0.8547011812527975,0.035407272477944694,0.02686026133596897
7500,H8-V,115,n01950731/ILSVRC2012_val_00012985_n01950731,19,3,0.009860701548556486,0.16549363235632578,0.8448535203933716,0.03485860303044319,0.026410066212217014
7500,H8-V,116,n01955084/ILSVRC2012_val_00028815_n01955084,1,3,0.007755971513688564,0.23173947632312775,0.7348656058311462,0.03827857474486033,0.030929919332265854
7500,H8-V,116,n01955084/ILSVRC2012_val_00028815_n01955084,4,3,0.006140364178766807,0.19154927134513855,0.629503607749939,0.03159032762050629,0.025295292337735493
7500,H8-V,116,n01955084/ILSVRC2012_val_00028815_n01955084,7,3,0.005783470968405406,0.18397940695285797,0.6012612581253052,0.030194025486707687,0.024181412532925606
7500,H8-V,116,n01955084/ILSVRC2012_val_00028815_n01955084,13,3,0.005513465342422326,0.17629429697990417,0.5779434045155843,0.02892232934633891,0.023142895350853603
7500,H8-V,116,n01955084/ILSVRC2012_val_00028815_n01955084,19,3,0.005477789634217818,0.17278772095839182,0.5733392238616943,0.028489953527847927,0.022756561636924744
7500,H8-V,117,n01968897/ILSVRC2012_val_00038131_n01968897,1,3,0.016853770551582176,0.20543516675631204,1.1735320091247559,0.04913260539372762,0.03739728654424349
7500,H8-V,117,n01968897/ILSVRC2012_val_00038131_n01968897,4,3,0.011442809676130613,0.14279112219810486,1.0299837191899617,0.03602175911267599,0.025721922516822815
7500,H8-V,117,n01968897/ILSVRC2012_val_00038131_n01968897,7,3,0.010658517479896545,0.1378619372844696,0.9909498492876688,0.034354209899902344,0.024444711084167164
7500,H8-V,117,n01968897/ILSVRC2012_val_00038131_n01968897,13,3,0.009967526731391748,0.1312112162510554,0.9537866910298666,0.032626514633496605,0.023088648915290833
7500,H8-V,117,n01968897/ILSVRC2012_val_00038131_n01968897,19,3,0.009826775950690111,0.1291115035613378,0.941718578338623,0.032155112673838936,0.022737926493088405
7500,H8-V,118,n01978287/ILSVRC2012_val_00014895_n01978287,1,3,0.011781787189344564,0.20461062093575796,0.8629034757614136,0.04087188591559728,0.03224285071094831
7500,H8-V,118,n01978287/ILSVRC2012_val_00014895_n01978287,4,3,0.006749757875998815,0.1345916191736857,0.7305912772814432,0.027514831473429997,0.020208919420838356
7500,H8-V,118,n01978287/ILSVRC2012_val_00014895_n01978287,7,3,0.006220196218540271,0.12770329415798187,0.6957964698473612,0.02594848970572154,0.018990525354941685
7500,H8-V,118,n01978287/ILSVRC2012_val_00014895_n01978287,13,3,0.0057672616094350815,0.12004661560058594,0.6640117168426514,0.024412040288249653,0.017771923293670017
7500,H8-V,118,n01978287/ILSVRC2012_val_00014895_n01978287,19,3,0.005676696542650461,0.11659954239924748,0.6547338565190634,0.023883989701668423,0.01733665106197198
7500,H8-V,119,n01978455/ILSVRC2012_val_00033808_n01978455,1,3,0.016001644854744274,0.3166024088859558,0.8417330582936605,0.05607921754320463,0.047661888102690377
7500,H8-V,119,n01978455/ILSVRC2012_val_00033808_n01978455,4,3,0.01016438752412796,0.19028551379839578,0.6719755927721659,0.03591269378860792,0.029192938779791195
7500,H8-V,119,n01978455/ILSVRC2012_val_00033808_n01978455,7,3,0.00945576342443625,0.18388410409291586,0.6397385398546854,0.03424155836304029,0.027844173833727837
7500,H8-V,119,n01978455/ILSVRC2012_val_00033808_n01978455,13,3,0.008957305612663427,0.17838687698046365,0.6114800175031027,0.03291079277793566,0.026795993248621624
7500,H8-V,119,n01978455/ILSVRC2012_val_00033808_n01978455,19,3,0.008829020274182161,0.17543434103329977,0.6040328741073608,0.032412782311439514,0.026372454439600308
7500,H8-V,120,n01980166/ILSVRC2012_val_00023550_n01980166,1,3,0.020961374044418335,0.2921365201473236,1.1975656350453694,0.06215068573753039,0.05017502730091413
7500,H8-V,120,n01980166/ILSVRC2012_val_00023550_n01980166,4,3,0.013222227183481058,0.1586481829484304,1.0101970434188843,0.03918901706735293,0.029087046161293983
7500,H8-V,120,n01980166/ILSVRC2012_val_00023550_n01980166,7,3,0.012464270306130251,0.15319174528121948,0.9746433695157369,0.037529878318309784,0.027783444772164028
7500,H8-V,120,n01980166/ILSVRC2012_val_00023550_n01980166,13,3,0.011762887239456177,0.14608352879683176,0.9414374430974325,0.03578561544418335,0.026371240615844727
7500,H8-V,120,n01980166/ILSVRC2012_val_00023550_n01980166,19,3,0.01155142237742742,0.14354788760344186,0.9302873611450195,0.03520908455053965,0.025906211386124294
7500,H8-V,121,n01981276/ILSVRC2012_val_00049981_n01981276,1,3,0.0091596528266867,0.23356220126152039,0.8065348863601685,0.04058122014005979,0.03251587226986885
7500,H8-V,121,n01981276/ILSVRC2012_val_00049981_n01981276,4,3,0.004135640648504098,0.14067322512467703,0.6722407937049866,0.024925371011098225,0.018202963595589
7500,H8-V,121,n01981276/ILSVRC2012_val_00049981_n01981276,7,3,0.0038603948584447303,0.13379095494747162,0.6410770416259766,0.023650261263052624,0.017239490523934364
7500,H8-V,121,n01981276/ILSVRC2012_val_00049981_n01981276,13,3,0.003626537431652347,0.12475798775752385,0.6150298118591309,0.022252634167671204,0.01610233634710312
7500,H8-V,121,n01981276/ILSVRC2012_val_00049981_n01981276,19,3,0.0035868461709469557,0.12070308128992717,0.6091066400210062,0.021748220548033714,0.015657154222329456
7500,H8-V,122,n01983481/ILSVRC2012_val_00001531_n01983481,1,3,0.02208624966442585,0.2907284001509349,1.3688195546468098,0.06484728554884593,0.0511590912938118
7500,H8-V,122,n01983481/ILSVRC2012_val_00001531_n01983481,4,3,0.014941792314251265,0.20570421715577444,1.210107405980428,0.04761328796545664,0.035512213905652366
7500,H8-V,122,n01983481/ILSVRC2012_val_00001531_n01983481,7,3,0.01406896859407425,0.19743004937966666,1.171460231145223,0.04552657653888067,0.033811974028746285
7500,H8-V,122,n01983481/ILSVRC2012_val_00001531_n01983481,13,3,0.013370972747604052,0.18840232491493225,1.1347514390945435,0.04355871925751368,0.032211205611626305
7500,H8-V,122,n01983481/ILSVRC2012_val_00001531_n01983481,19,3,0.013266058328251043,0.18583310643831888,1.1231063604354858,0.04308043296138445,0.031849369406700134
7500,H8-V,123,n01984695/ILSVRC2012_val_00004219_n01984695,1,3,0.01099811059733232,0.2937292257944743,0.6389129559199015,0.04676016295949618,0.0403710330526034
7500,H8-V,123,n01984695/ILSVRC2012_val_00004219_n01984695,4,3,0.008457029548784098,0.22443479299545288,0.5325152476628622,0.036225661635398865,0.030900508786241215
7500,H8-V,123,n01984695/ILSVRC2012_val_00004219_n01984695,7,3,0.008177790480355421,0.21442916492621103,0.5039244095484415,0.034659950683514275,0.029620707035064697
7500,H8-V,123,n01984695/ILSVRC2012_val_00004219_n01984695,13,3,0.00794176571071148,0.20539243519306183,0.4813464283943176,0.03329447408517202,0.028481009726723034
7500,H8-V,123,n01984695/ILSVRC2012_val_00004219_n01984695,19,3,0.007916254301865896,0.2035920669635137,0.47830428679784137,0.033058504263559975,0.028275460625688236
7500,H8-V,124,n01985128/ILSVRC2012_val_00023253_n01985128,1,3,0.023053668439388275,0.2686726103226344,1.2556416988372803,0.06247734775145849,0.049920931458473206
7500,H8-V,124,n01985128/ILSVRC2012_val_00023253_n01985128,4,3,0.016341650237639744,0.174102912346522,1.0668272177378337,0.04442021499077479,0.033751942217350006
7500,H8-V,124,n01985128/ILSVRC2012_val_00023253_n01985128,7,3,0.015444158886869749,0.16961069901784262,1.0290254751841228,0.042695485055446625,0.0324052299062411
7500,H8-V,124,n01985128/ILSVRC2012_val_00023253_n01985128,13,3,0.014706608839333057,0.1655669113000234,0.9937881827354431,0.04120118170976639,0.031263300528128944
7500,H8-V,124,n01985128/ILSVRC2012_val_00023253_n01985128,19,3,0.014541112817823887,0.16301160554091135,0.9825847744941711,0.04066811998685201,0.030842273806532223
7500,H8-V,125,n01986214/ILSVRC2012_val_00040059_n01986214,1,3,0.003646779339760542,0.10147125522295634,0.36531491080919903,0.0174470537652572,0.013793904955188433
7500,H8-V,125,n01986214/ILSVRC2012_val_00040059_n01986214,4,3,0.0018305948081736763,0.062161712596813835,0.2768443524837494,0.010815209709107876,0.008046766432623068
7500,H8-V,125,n01986214/ILSVRC2012_val_00040059_n01986214,7,3,0.0016764667816460133,0.056942389657100044,0.2510152558485667,0.009880858163038889,0.007370705871532361
7500,H8-V,125,n01986214/ILSVRC2012_val_00040059_n01986214,13,3,0.0015209788689389825,0.053654311845699944,0.2304520606994629,0.009190930984914303,0.006886410216490428
7500,H8-V,125,n01986214/ILSVRC2012_val_00040059_n01986214,19,3,0.001478702761232853,0.053128806253274284,0.2293181171019872,0.009084764247139296,0.006791583417604367
7500,H8-V,126,n01990800/ILSVRC2012_val_00034806_n01990800,1,3,0.006454361602663994,0.1964763949314753,0.405523161093394,0.03015723265707493,0.026102001468340557
7500,H8-V,126,n01990800/ILSVRC2012_val_00034806_n01990800,4,3,0.00290070582802097,0.10176387925942738,0.29165714979171753,0.01599366528292497,0.013077093909184137
7500,H8-V,126,n01990800/ILSVRC2012_val_00034806_n01990800,7,3,0.002737963960195581,0.09752790133158366,0.2651950418949127,0.015142704360187054,0.012490754015743732
7500,H8-V,126,n01990800/ILSVRC2012_val_00034806_n01990800,13,3,0.002576008439064026,0.09350000073512395,0.24640695750713348,0.014390078683694204,0.011926008698840937
7500,H8-V,126,n01990800/ILSVRC2012_val_00034806_n01990800,19,3,0.0025148255905757346,0.09064752360184987,0.24712854127089182,0.014050863372782866,0.011579578121503195
7500,H8-V,127,n02002556/ILSVRC2012_val_00026760_n02002556,1,3,0.007223787096639474,0.19317883253097534,0.3422167698542277,0.029963838557402294,0.02654167078435421
7500,H8-V,127,n02002556/ILSVRC2012_val_00026760_n02002556,4,3,0.003116029625137647,0.06278393417596817,0.23322206238905588,0.0117266442005833,0.009394423415263494
7500,H8-V,127,n02002556/ILSVRC2012_val_00026760_n02002556,7,3,0.0029272971830020347,0.057795148342847824,0.20749281346797943,0.010781739838421345,0.00870681181550026
7500,H8-V,127,n02002556/ILSVRC2012_val_00026760_n02002556,13,3,0.0027662713546305895,0.05271624028682709,0.19001326461633047,0.009938028020163378,0.008037895585099855
7500,H8-V,127,n02002556/ILSVRC2012_val_00026760_n02002556,19,3,0.0026516989649583897,0.05033531412482262,0.19223088522752127,0.009607539512217045,0.007685230579227209
7500,H8-V,128,n02002724/ILSVRC2012_val_00029692_n02002724,1,3,0.002284194420402249,0.17123724520206451,0.4705132246017456,0.024113050972421963,0.019407919297615688
7500,H8-V,128,n02002724/ILSVRC2012_val_00029692_n02002724,4,3,0.0013549858316158254,0.12336458017428716,0.3841252823670705,0.017532697568337124,0.01369144426037868
7500,H8-V,128,n02002724/ILSVRC2012_val_00029692_n02002724,7,3,0.0012527921935543418,0.1193368633588155,0.35752572615941364,0.0167617363234361,0.013186478987336159
7500,H8-V,128,n02002724/ILSVRC2012_val_00029692_n02002724,13,3,0.001150351755010585,0.1142408698797226,0.33811676502227783,0.01595560647547245,0.012574438937008381
7500,H8-V,128,n02002724/ILSVRC2012_val_00029692_n02002724,19,3,0.0011106549839799602,0.11094425121943156,0.3384749193986257,0.015589829223851362,0.01220508012920618
7500,H8-V,129,n02006656/ILSVRC2012_val_00021933_n02006656,1,3,0.009205623840292295,0.1706367830435435,0.5257654190063477,0.03152695608635744,0.026269302392999332
7500,H8-V,129,n02006656/ILSVRC2012_val_00021933_n02006656,4,3,0.005851289723068476,0.10909365365902583,0.41890668869018555,0.020949721957246464,0.016760655368367832
7500,H8-V,129,n02006656/ILSVRC2012_val_00021933_n02006656,7,3,0.0055545166445275145,0.1050181711713473,0.3919125497341156,0.019975459824005764,0.016056333978970844
7500,H8-V,129,n02006656/ILSVRC2012_val_00021933_n02006656,13,3,0.005295169229308764,0.10214545081059138,0.37177706758181256,0.019227484862009685,0.015509714372456074
7500,H8-V,129,n02006656/ILSVRC2012_val_00021933_n02006656,19,3,0.005184843360135953,0.10100257645050685,0.3711543281873067,0.018996644765138626,0.015285101408759752
7500,H8-V,130,n02007558/ILSVRC2012_val_00030095_n02007558,1,3,0.008877451221148172,0.13205220798651376,0.4679226875305176,0.0267618993918101,0.02208267276485761
7500,H8-V,130,n02007558/ILSVRC2012_val_00030095_n02007558,4,3,0.0042152249564727145,0.0740911786754926,0.35937391718228656,0.015218081884086132,0.011624342761933804
7500,H8-V,130,n02007558/ILSVRC2012_val_00030095_n02007558,7,3,0.003832731939231356,0.06884996592998505,0.33010156949361164,0.014018744230270386,0.01071772879610459
7500,H8-V,130,n02007558/ILSVRC2012_val_00030095_n02007558,13,3,0.003506993098805348,0.06406715015570323,0.3087826371192932,0.013001534156501293,0.009913708083331585
7500,H8-V,130,n02007558/ILSVRC2012_val_00030095_n02007558,19,3,0.00344291003420949,0.06217254574100176,0.3079865574836731,0.012740030263861021,0.009660164825618267
7500,H8-V,131,n02009229/ILSVRC2012_val_00030263_n02009229,1,3,0.005844329173366229,0.12261417011419933,0.37054452300071716,0.021811191613475483,0.01810574655731519
7500,H8-V,131,n02009229/ILSVRC2012_val_00030263_n02009229,4,3,0.0026600211082647243,0.05759608745574951,0.2615988751252492,0.011035618372261524,0.008419630117714405
7500,H8-V,131,n02009229/ILSVRC2012_val_00030263_n02009229,7,3,0.0024809579675396285,0.054604983578125633,0.2343356559673945,0.01028481281052033,0.007941456356396278
7500,H8-V,131,n02009229/ILSVRC2012_val_00030263_n02009229,13,3,0.002316803205758333,0.05253435174624125,0.21456535160541534,0.009715891753633818,0.007570238473514716
7500,H8-V,131,n02009229/ILSVRC2012_val_00030263_n02009229,19,3,0.0022540107214202485,0.05100560188293457,0.21407627065976462,0.009495333768427372,0.007354570863147576
7500,H8-V,132,n02009912/ILSVRC2012_val_00014361_n02009912,1,3,0.012082743148008982,0.1965148001909256,0.5381261110305786,0.03711548447608948,0.03173422316710154
7500,H8-V,132,n02009912/ILSVRC2012_val_00014361_n02009912,4,3,0.006055044010281563,0.10210005690654118,0.41694442431132,0.02043449381987254,0.016265050197641056
7500,H8-V,132,n02009912/ILSVRC2012_val_00014361_n02009912,7,3,0.005525288016845782,0.09555345276991527,0.388968159755071,0.018970315034190815,0.015080633262793222
7500,H8-V,132,n02009912/ILSVRC2012_val_00014361_n02009912,13,3,0.005216465642054875,0.09120417882998784,0.36757682760556537,0.018012652173638344,0.014336883711318174
7500,H8-V,132,n02009912/ILSVRC2012_val_00014361_n02009912,19,3,0.005116395186632872,0.08906412621339162,0.36486674348513287,0.017671475807825725,0.014022808211545149
7500,H8-V,133,n02011460/ILSVRC2012_val_00047470_n02011460,1,3,0.01905876708527406,0.28242027759552,1.071426272392273,0.05801505967974663,0.0473007969558239
7500,H8-V,133,n02011460/ILSVRC2012_val_00047470_n02011460,4,3,0.016258674984176952,0.2388033221165339,0.9423882563908895,0.04956289008259773,0.040139008313417435
7500,H8-V,133,n02011460/ILSVRC2012_val_00047470_n02011460,7,3,0.01551849270860354,0.23122533659140268,0.9074678421020508,0.04771570488810539,0.03864102686444918
7500,H8-V,133,n02011460/ILSVRC2012_val_00047470_n02011460,13,3,0.014897684256235758,0.2239015350739161,0.8765512903531393,0.046053351213534675,0.037287838757038116
7500,H8-V,133,n02011460/ILSVRC2012_val_00047470_n02011460,19,3,0.014785289764404297,0.22352599600950876,0.86805792649587,0.04581846917668978,0.03713788961370786
7500,H8-V,134,n02012849/ILSVRC2012_val_00046408_n02012849,1,3,0.006889848814656337,0.19896523157755533,0.6382740139961243,0.033169111236929893,0.02678637206554413
7500,H8-V,134,n02012849/ILSVRC2012_val_00046408_n02012849,4,3,0.004424840522309144,0.1388789415359497,0.5144897103309631,0.023457632089654606,0.01831273486216863
7500,H8-V,134,n02012849/ILSVRC2012_val_00046408_n02012849,7,3,0.0041264208654562635,0.1311356375614802,0.4858248035113017,0.022098233302434284,0.017239984745780628
7500,H8-V,134,n02012849/ILSVRC2012_val_00046408_n02012849,13,3,0.0038751292352875075,0.12409974137941997,0.46340589721997577,0.020919162159164745,0.016285103435317676
7500,H8-V,134,n02012849/ILSVRC2012_val_00046408_n02012849,19,3,0.003824876698975762,0.1222655177116394,0.46109598875045776,0.020662388453880947,0.016051429013411205
7500,H8-V,135,n02013706/ILSVRC2012_val_00019049_n02013706,1,3,0.012242808006703854,0.16322542230288187,0.618584156036377,0.03475119173526764,0.028565350299080212
7500,H8-V,135,n02013706/ILSVRC2012_val_00019049_n02013706,4,3,0.009607218826810518,0.13230741024017334,0.5146166483561198,0.02798412616054217,0.022837959850827854
7500,H8-V,135,n02013706/ILSVRC2012_val_00019049_n02013706,7,3,0.009176122645537058,0.12820851802825928,0.483866810798645,0.026835642755031586,0.02199697494506836
7500,H8-V,135,n02013706/ILSVRC2012_val_00019049_n02013706,13,3,0.00883034523576498,0.12510011593500772,0.4609646201133728,0.025950003415346146,0.02134035713970661
7500,H8-V,135,n02013706/ILSVRC2012_val_00019049_n02013706,19,3,0.008773831650614738,0.12494497746229172,0.4593809247016907,0.025862138097484905,0.021268329272667568
7500,H8-V,136,n02017213/ILSVRC2012_val_00023773_n02017213,1,3,0.01176349384089311,0.20018581052621207,0.6549062530199686,0.0383311373492082,0.03178207452098528
7500,H8-V,136,n02017213/ILSVRC2012_val_00023773_n02017213,4,3,0.008958907177050909,0.14374836285909018,0.553337017695109,0.028867113093535107,0.02333374321460724
7500,H8-V,136,n02017213/ILSVRC2012_val_00023773_n02017213,7,3,0.008524799409012,0.1377959797779719,0.5240176717440287,0.027544574191172917,0.02230439769725005
7500,H8-V,136,n02017213/ILSVRC2012_val_00023773_n02017213,13,3,0.008147270729144415,0.13313641647497812,0.5004084308942159,0.026464996859431267,0.02146091250081857
7500,H8-V,136,n02017213/ILSVRC2012_val_00023773_n02017213,19,3,0.008058137570818266,0.13278740644454956,0.49645712971687317,0.02630144978562991,0.021336878339449566
7500,H8-V,137,n02018207/ILSVRC2012_val_00027996_n02018207,1,3,0.007326836232095957,0.15603230893611908,0.6344058712323507,0.029274126514792442,0.022930067653457325
7500,H8-V,137,n02018207/ILSVRC2012_val_00027996_n02018207,4,3,0.004225137953956922,0.09278735766808192,0.48903531829516095,0.01839422682921092,0.013503873720765114
7500,H8-V,137,n02018207/ILSVRC2012_val_00027996_n02018207,7,3,0.003965319910397132,0.08874785403410594,0.45994580785433453,0.017439563448230427,0.012840105220675468
7500,H8-V,137,n02018207/ILSVRC2012_val_00027996_n02018207,13,3,0.003726495119432608,0.08477897942066193,0.4370707670847575,0.016575100521246593,0.012204393123586973
7500,H8-V,137,n02018207/ILSVRC2012_val_00027996_n02018207,19,3,0.0036607458411405482,0.08326444774866104,0.43422017494837445,0.016329392790794373,0.011987191004057726
7500,H8-V,138,n02018795/ILSVRC2012_val_00004001_n02018795,1,3,0.020237000659108162,0.35293108224868774,0.6268167893091837,0.06179827948411306,0.05553010975321134
7500,H8-V,138,n02018795/ILSVRC2012_val_00004001_n02018795,4,3,0.01579389659066995,0.17772215604782104,0.4806716243426005,0.03837282955646515,0.033566112319628395
7500,H8-V,138,n02018795/ILSVRC2012_val_00004001_n02018795,7,3,0.015349545205632845,0.17451339463392893,0.4526702066262563,0.037327587604522705,0.03280088429649671
7500,H8-V,138,n02018795/ILSVRC2012_val_00004001_n02018795,13,3,0.015030722754697004,0.16809617479642233,0.4310485025246938,0.03615082676211993,0.0318403405447801
7500,H8-V,138,n02018795/ILSVRC2012_val_00004001_n02018795,19,3,0.015003933881719908,0.16392753024895987,0.42831674218177795,0.035679854452610016,0.031396687030792236
7500,H8-V,139,n02025239/ILSVRC2012_val_00012781_n02025239,1,3,0.00831596925854683,0.21707330644130707,0.571819007396698,0.03574148938059807,0.030023299157619476
7500,H8-V,139,n02025239/ILSVRC2012_val_00012781_n02025239,4,3,0.005276411926994721,0.13600659370422363,0.4551018575827281,0.023428089916706085,0.018877071638902027
7500,H8-V,139,n02025239/ILSVRC2012_val_00012781_n02025239,7,3,0.0050391255257030325,0.13079377015431723,0.4272920290629069,0.0223914235830307,0.018118503193060558
7500,H8-V,139,n02025239/ILSVRC2012_val_00012781_n02025239,13,3,0.004848295357078314,0.12521567940711975,0.40586748719215393,0.02142853910724322,0.01736986388762792
7500,H8-V,139,n02025239/ILSVRC2012_val_00012781_n02025239,19,3,0.004807830322533846,0.12219811975955963,0.40321071942647296,0.021059749647974968,0.01702764257788658
7500,H8-V,140,n02027492/ILSVRC2012_val_00048725_n02027492,1,3,0.011188967153429985,0.18115666011969248,0.5726078550020853,0.03503071144223213,0.02930463415880998
7500,H8-V,140,n02027492/ILSVRC2012_val_00048725_n02027492,4,3,0.005299441982060671,0.09275909761587779,0.44390640656153363,0.01901441564162572,0.014575351650516192
7500,H8-V,140,n02027492/ILSVRC2012_val_00048725_n02027492,7,3,0.004870741472889979,0.08742332955201466,0.4146410922209422,0.01775948517024517,0.013613074397047361
7500,H8-V,140,n02027492/ILSVRC2012_val_00048725_n02027492,13,3,0.0044423908305664854,0.08137854188680649,0.39095135529836017,0.016489758466680843,0.01258024542282025
7500,H8-V,140,n02027492/ILSVRC2012_val_00048725_n02027492,19,3,0.004314817332973083,0.07859387497107188,0.38722718755404156,0.016046476860841114,0.012174204923212528
7500,H8-V,141,n02028035/ILSVRC2012_val_00012213_n02028035,1,3,0.007518764119595289,0.26112888753414154,0.5375673572222391,0.039007329692443214,0.033631655077139534
7500,H8-V,141,n02028035/ILSVRC2012_val_00012213_n02028035,4,3,0.002979143367459377,0.11086421708265941,0.40379685163497925,0.018103533734877903,0.014065565541386604
7500,H8-V,141,n02028035/ILSVRC2012_val_00012213_n02028035,7,3,0.002791049424558878,0.10659579932689667,0.3761487305164337,0.017212117090821266,0.013450629698733488
7500,H8-V,141,n02028035/ILSVRC2012_val_00012213_n02028035,13,3,0.002638057107105851,0.10196411609649658,0.3551904360453288,0.016386372968554497,0.012834468856453896
7500,H8-V,141,n02028035/ILSVRC2012_val_00012213_n02028035,19,3,0.0025986013934016228,0.10023113340139389,0.3529600203037262,0.016151315222183864,0.012621715354422728
7500,H8-V,142,n02033041/ILSVRC2012_val_00025241_n02033041,1,3,0.0070832025570174055,0.2750675578912099,0.5327208439509074,0.03991716851790746,0.03458995930850506
7500,H8-V,142,n02033041/ILSVRC2012_val_00025241_n02033041,4,3,0.003807835979387164,0.15814833343029022,0.3955591122309367,0.023578261335690815,0.019622670486569405
7500,H8-V,142,n02033041/ILSVRC2012_val_00025241_n02033041,7,3,0.0036446359008550644,0.15194171667099,0.3684414227803548,0.022523221249381702,0.018838807319601376
7500,H8-V,142,n02033041/ILSVRC2012_val_00025241_n02033041,13,3,0.003519266378134489,0.14577636619408926,0.3484508792559306,0.021581411982576054,0.01809690333902836
7500,H8-V,142,n02033041/ILSVRC2012_val_00025241_n02033041,19,3,0.0035095179143051305,0.1436475267012914,0.3477129141489665,0.02135139952103297,0.01787427067756653
7500,H8-V,143,n02037110/ILSVRC2012_val_00026476_n02037110,1,3,0.01078036023924748,0.15060576299826303,0.5538920958836874,0.03137985927363237,0.02584093747039636
7500,H8-V,143,n02037110/ILSVRC2012_val_00026476_n02037110,4,3,0.007045549961427848,0.08213123927513759,0.43420066436131793,0.0196006807188193,0.015258673888941606
7500,H8-V,143,n02037110/ILSVRC2012_val_00026476_n02037110,7,3,0.006675970119734605,0.07806290934483211,0.40523401896158856,0.018534601976474125,0.01448226161301136
7500,H8-V,143,n02037110/ILSVRC2012_val_00026476_n02037110,13,3,0.006363036576658487,0.07593394567569096,0.3829803168773651,0.017786234617233276,0.013956431299448013
7500,H8-V,143,n02037110/ILSVRC2012_val_00026476_n02037110,19,3,0.006298078379283349,0.07634892811377843,0.3812761902809143,0.0177457332611084,0.01393297128379345
7500,H8-V,144,n02051845/ILSVRC2012_val_00030044_n02051845,1,3,0.011637660364309946,0.18586234748363495,0.5929962793986002,0.03615385666489601,0.030223895485202473
7500,H8-V,144,n02051845/ILSVRC2012_val_00030044_n02051845,4,3,0.007097160754104455,0.11185000588496526,0.466852863629659,0.02295069086054961,0.01828216202557087
7500,H8-V,144,n02051845/ILSVRC2012_val_00030044_n02051845,7,3,0.006698286160826683,0.10720239082972209,0.43842854102452594,0.021802810952067375,0.017418525492151577
7500,H8-V,144,n02051845/ILSVRC2012_val_00030044_n02051845,13,3,0.006357217983653148,0.10372247795263927,0.41619306802749634,0.020891396328806877,0.01672946537534396
7500,H8-V,144,n02051845/ILSVRC2012_val_00030044_n02051845,19,3,0.006249785112837951,0.10141018281380336,0.41258642077445984,0.02051666813592116,0.016390804201364517
7500,H8-V,145,n02056570/ILSVRC2012_val_00044119_n02056570,1,3,0.005739031204332908,0.13066759457190832,0.4680501917997996,0.023486291989684105,0.018805790692567825
7500,H8-V,145,n02056570/ILSVRC2012_val_00044119_n02056570,4,3,0.0033315708860754967,0.08201217154661815,0.3741990923881531,0.015274778939783573,0.011532788164913654
7500,H8-V,145,n02056570/ILSVRC2012_val_00044119_n02056570,7,3,0.003032184128339092,0.07745739569266637,0.34683359662691754,0.014246259505550066,0.01077792358895143
7500,H8-V,145,n02056570/ILSVRC2012_val_00044119_n02056570,13,3,0.002773453559105595,0.07301492244005203,0.3264220853646596,0.013339166839917501,0.010074946098029613
7500,H8-V,145,n02056570/ILSVRC2012_val_00044119_n02056570,19,3,0.0027073842162887254,0.07140560696522395,0.3257936934630076,0.013105882021288076,0.009847945223251978
7500,H8-V,146,n02058221/ILSVRC2012_val_00010399_n02058221,1,3,0.019552019735177357,0.3873646557331085,0.6318234205245972,0.06460671871900558,0.05828848605354627
7500,H8-V,146,n02058221/ILSVRC2012_val_00010399_n02058221,4,3,0.01337510688851277,0.1851372867822647,0.4691370228926341,0.03658020620544752,0.031888836373885475
7500,H8-V,146,n02058221/ILSVRC2012_val_00010399_n02058221,7,3,0.012987006455659866,0.17697995901107788,0.4426744381586711,0.03511174644033114,0.030685002605120342
7500,H8-V,146,n02058221/ILSVRC2012_val_00010399_n02058221,13,3,0.012621543991068998,0.1706385314464569,0.42103851834932965,0.03389578312635422,0.02968539794286092
7500,H8-V,146,n02058221/ILSVRC2012_val_00010399_n02058221,19,3,0.012633687816560268,0.16945360600948334,0.419953574736913,0.03377858425180117,0.02957904835542043
7500,H8-V,147,n02066245/ILSVRC2012_val_00018578_n02066245,1,3,0.006727908893177907,0.23132731020450592,0.5218244194984436,0.03507888441284498,0.029860640565554302
7500,H8-V,147,n02066245/ILSVRC2012_val_00018578_n02066245,4,3,0.004292765477051337,0.15070808927218118,0.4000415802001953,0.0233639907091856,0.01936357468366623
7500,H8-V,147,n02066245/ILSVRC2012_val_00018578_n02066245,7,3,0.004063517476121585,0.1454980174700419,0.37434570988019306,0.022356775899728138,0.018613319223125774
7500,H8-V,147,n02066245/ILSVRC2012_val_00018578_n02066245,13,3,0.003918067164098223,0.14055725932121277,0.35441164175669354,0.021517909442385037,0.017973793670535088
7500,H8-V,147,n02066245/ILSVRC2012_val_00018578_n02066245,19,3,0.003930277035882075,0.1378192057212194,0.35383925835291546,0.021250590061148007,0.017712197576959927
7500,H8-V,148,n02071294/ILSVRC2012_val_00046988_n02071294,1,3,0.0016161339590325952,0.1043926253914833,0.26694698135058087,0.01472486617664496,0.01205539641280969
7500,H8-V,148,n02071294/ILSVRC2012_val_00046988_n02071294,4,3,0.0009929016620541613,0.05653844401240349,0.17805724342664084,0.008427318496008715,0.006646746148665746
7500,H8-V,148,n02071294/ILSVRC2012_val_00046988_n02071294,7,3,0.0009552771419597169,0.054920521875222526,0.1537843644618988,0.007985173414150873,0.00644732949634393
7500,H8-V,148,n02071294/ILSVRC2012_val_00046988_n02071294,13,3,0.00093056734961768,0.053019567082325615,0.1361911545197169,0.007594435630987088,0.006232524135460456
7500,H8-V,148,n02071294/ILSVRC2012_val_00046988_n02071294,19,3,0.0009342578899425765,0.05232744663953781,0.13443305591742197,0.007511333096772432,0.006167002487927675
7500,H8-V,149,n02074367/ILSVRC2012_val_00030275_n02074367,1,3,0.0049238229015221196,0.18027266363302866,0.4406807025273641,0.027357895548144977,0.022951088845729828
7500,H8-V,149,n02074367/ILSVRC2012_val_00030275_n02074367,4,3,0.0019394201614583533,0.08012666056553523,0.33200256029764813,0.013272111614545187,0.00995208602398634
7500,H8-V,149,n02074367/ILSVRC2012_val_00030275_n02074367,7,3,0.001786164512547354,0.07412882645924886,0.3044207990169525,0.01224325473109881,0.009199047150711218
7500,H8-V,149,n02074367/ILSVRC2012_val_00030275_n02074367,13,3,0.0016173268280302484,0.06729044268528621,0.28286314010620117,0.011175002281864485,0.008346371042231718
7500,H8-V,149,n02074367/ILSVRC2012_val_00030275_n02074367,19,3,0.001553089435522755,0.06398472189903259,0.2803589999675751,0.010755151820679506,0.007951561982433
7500,H8-V,150,n02077923/ILSVRC2012_val_00044328_n02077923,1,3,0.0254499614238739,0.34806237121423084,0.8321619629859924,0.06857781981428464,0.06025619929035505
7500,H8-V,150,n02077923/ILSVRC2012_val_00044328_n02077923,4,3,0.01444022823125124,0.16669162611166635,0.623006264368693,0.03733945389588674,0.031109390780329704
7500,H8-V,150,n02077923/ILSVRC2012_val_00044328_n02077923,7,3,0.013784406706690788,0.1600771298011144,0.5904633005460104,0.03569675236940384,0.029792120059331257
7500,H8-V,150,n02077923/ILSVRC2012_val_00044328_n02077923,13,3,0.013271332097550234,0.15404294431209564,0.562142014503479,0.03429704780379931,0.028675626963377
7500,H8-V,150,n02077923/ILSVRC2012_val_00044328_n02077923,19,3,0.01312138419598341,0.15270496904850006,0.5544839898745219,0.033936720341444016,0.0283918809145689
7500,H8-V,151,n02085620/ILSVRC2012_val_00043872_n02085620,1,3,0.012822940635184446,0.19679764906565347,0.6594400803248087,0.03909710608422756,0.03250270585219065
7500,H8-V,151,n02085620/ILSVRC2012_val_00043872_n02085620,4,3,0.004852377499143283,0.11391133815050125,0.5351819594701132,0.021595331529776256,0.01624351181089878
7500,H8-V,151,n02085620/ILSVRC2012_val_00043872_n02085620,7,3,0.004408863528321187,0.1087612584233284,0.5027863581975301,0.020312852536638577,0.015284989650050798
7500,H8-V,151,n02085620/ILSVRC2012_val_00043872_n02085620,13,3,0.004008169984444976,0.10508111615975697,0.47652042905489606,0.019281485428412754,0.01451628158489863
7500,H8-V,151,n02085620/ILSVRC2012_val_00043872_n02085620,19,3,0.003879271758099397,0.10279430200656255,0.4716830551624298,0.018875533094008762,0.014158702455461025
7500,H8-V,152,n02085782/ILSVRC2012_val_00038257_n02085782,1,3,0.010000746076305708,0.18405282000700632,0.6798615455627441,0.035204644004503884,0.028406028325359028
7500,H8-V,152,n02085782/ILSVRC2012_val_00038257_n02085782,4,3,0.006706097939362128,0.13151117165883383,0.5654186805089315,0.025511402015884716,0.019857215384642284
7500,H8-V,152,n02085782/ILSVRC2012_val_00038257_n02085782,7,3,0.00630391389131546,0.12634881834189096,0.5350703001022339,0.02428949934740861,0.018938795973857243
7500,H8-V,152,n02085782/ILSVRC2012_val_00038257_n02085782,13,3,0.005983516884346803,0.12138603627681732,0.5098718802134196,0.023220840220650036,0.01812212107082208
7500,H8-V,152,n02085782/ILSVRC2012_val_00038257_n02085782,19,3,0.005929470217476289,0.11890582491954167,0.5044842759768168,0.022864896183212597,0.01782005342344443
7500,H8-V,153,n02085936/ILSVRC2012_val_00047729_n02085936,1,3,0.002791706472635269,0.12986723085244498,0.35638590653737384,0.019342288374900818,0.015778429185350735
7500,H8-V,153,n02085936/ILSVRC2012_val_00047729_n02085936,4,3,0.0015558743228514988,0.0766238123178482,0.286637822786967,0.01208463404327631,0.009218255678812662
7500,H8-V,153,n02085936/ILSVRC2012_val_00047729_n02085936,7,3,0.0014701570617035031,0.07313317805528641,0.26101188858350116,0.011393594245115915,0.008783475185434023
7500,H8-V,153,n02085936/ILSVRC2012_val_00047729_n02085936,13,3,0.0013932492583990097,0.06931986163059871,0.24243704477945963,0.010749605794747671,0.008325235297282537
7500,H8-V,153,n02085936/ILSVRC2012_val_00047729_n02085936,19,3,0.0013611884399627645,0.0675542081395785,0.2425121416648229,0.010541730560362339,0.008116609416902065
7500,H8-V,154,n02086079/ILSVRC2012_val_00013878_n02086079,1,3,0.009740264154970646,0.2019333392381668,0.5971169471740723,0.035904766991734505,0.029933597892522812
7500,H8-V,154,n02086079/ILSVRC2012_val_00013878_n02086079,4,3,0.005427171631405751,0.10527623196442921,0.4411659737428029,0.020366454496979713,0.015954794983069103
7500,H8-V,154,n02086079/ILSVRC2012_val_00013878_n02086079,7,3,0.005066669701288144,0.10069062560796738,0.4113773703575134,0.019249505673845608,0.015135732479393482
7500,H8-V,154,n02086079/ILSVRC2012_val_00013878_n02086079,13,3,0.004757801070809364,0.0967334657907486,0.38700656096140545,0.018301213160157204,0.014431147836148739
7500,H8-V,154,n02086079/ILSVRC2012_val_00013878_n02086079,19,3,0.004661562231679757,0.09609504292408626,0.38209496935208637,0.018092015758156776,0.014271066524088383
7500,H8-V,155,n02086240/ILSVRC2012_val_00011754_n02086240,1,3,0.012968427501618862,0.19033958514531454,0.9381758769353231,0.041384145617485046,0.03200238694747289
7500,H8-V,155,n02086240/ILSVRC2012_val_00011754_n02086240,4,3,0.009146892465651035,0.14647509157657623,0.8185118238131205,0.03197952049473921,0.02379440205792586
7500,H8-V,155,n02086240/ILSVRC2012_val_00011754_n02086240,7,3,0.00851439560453097,0.13983354469140372,0.7841778000195821,0.03033952849606673,0.022497750197847683
7500,H8-V,155,n02086240/ILSVRC2012_val_00011754_n02086240,13,3,0.007970948703587055,0.13287844260533652,0.7536577184995016,0.028795370211203892,0.02125879315038522
7500,H8-V,155,n02086240/ILSVRC2012_val_00011754_n02086240,19,3,0.007835749226311842,0.1298172970612844,0.7450704773267111,0.028268182650208473,0.02081747849782308
7500,H8-V,156,n02086646/ILSVRC2012_val_00022521_n02086646,1,3,0.00573265536998709,0.11464343468348186,0.4823661943276723,0.02202066034078598,0.017196998621026676
7500,H8-V,156,n02086646/ILSVRC2012_val_00022521_n02086646,4,3,0.0030660709210981927,0.06959577898184459,0.3814062178134918,0.01383971143513918,0.010025649021069208
7500,H8-V,156,n02086646/ILSVRC2012_val_00022521_n02086646,7,3,0.002824873120213548,0.06627794603506725,0.35284485419591266,0.01298111646125714,0.009452668018639088
7500,H8-V,156,n02086646/ILSVRC2012_val_00022521_n02086646,13,3,0.0026271024253219366,0.06353522340456645,0.3305767277876536,0.012286392350991568,0.008980624998609224
7500,H8-V,156,n02086646/ILSVRC2012_val_00022521_n02086646,19,3,0.0025673704221844673,0.06281912823518117,0.3272669017314911,0.012121952138841152,0.008849283369878927
7500,H8-V,157,n02086910/ILSVRC2012_val_00027518_n02086910,1,3,0.011578115013738474,0.2114770213762919,0.8049623966217041,0.04077544063329697,0.032725817213455834
7500,H8-V,157,n02086910/ILSVRC2012_val_00027518_n02086910,4,3,0.00672399594138066,0.1342587172985077,0.6497480074564616,0.026647347956895828,0.020149867981672287
7500,H8-V,157,n02086910/ILSVRC2012_val_00027518_n02086910,7,3,0.006277288155009349,0.12932171920935312,0.618028481801351,0.02538974458972613,0.019209460044900577
7500,H8-V,157,n02086910/ILSVRC2012_val_00027518_n02086910,13,3,0.005906293168663979,0.12477152794599533,0.5903603434562683,0.02428704872727394,0.01838344583908717
7500,H8-V,157,n02086910/ILSVRC2012_val_00027518_n02086910,19,3,0.005811681970953941,0.12318331003189087,0.5831811626752218,0.023961824054519337,0.01813001309831937
7500,H8-V,158,n02087046/ILSVRC2012_val_00025550_n02087046,1,3,0.013632630308469137,0.22193250556786856,0.6597374081611633,0.04242325698335966,0.035825882107019424
7500,H8-V,158,n02087046/ILSVRC2012_val_00025550_n02087046,4,3,0.007771423862626155,0.13653765122095743,0.5529185136159261,0.026954373965660732,0.02142518882950147
7500,H8-V,158,n02087046/ILSVRC2012_val_00025550_n02087046,7,3,0.007159520251055558,0.12870124479134878,0.5210350553194681,0.025239994749426842,0.020029644792278607
7500,H8-V,158,n02087046/ILSVRC2012_val_00025550_n02087046,13,3,0.006640173339595397,0.1204216480255127,0.49637356400489807,0.023646074036757152,0.018682338297367096
7500,H8-V,158,n02087046/ILSVRC2012_val_00025550_n02087046,19,3,0.006495806698997815,0.11918164292971294,0.49257691701253253,0.02333973969022433,0.018413970867792766
7500,H8-V,159,n02087394/ILSVRC2012_val_00018933_n02087394,1,3,0.017619937658309937,0.23802131414413452,1.0528391202290852,0.051950459678967796,0.04142206907272339
7500,H8-V,159,n02087394/ILSVRC2012_val_00018933_n02087394,4,3,0.012099535204470158,0.17955354352792105,0.8974737524986267,0.03902962803840637,0.03005489024023215
7500,H8-V,159,n02087394/ILSVRC2012_val_00018933_n02087394,7,3,0.01149838293592135,0.1737028956413269,0.8633428414662679,0.03750210007031759,0.028868672748406727
7500,H8-V,159,n02087394/ILSVRC2012_val_00018933_n02087394,13,3,0.010967688324550787,0.1673566848039627,0.8323513070742289,0.03602686896920204,0.02770335723956426
7500,H8-V,159,n02087394/ILSVRC2012_val_00018933_n02087394,19,3,0.010822207666933537,0.1661673535903295,0.8221227725346884,0.03566017001867294,0.027438942963878315
7500,H8-V,160,n02088094/ILSVRC2012_val_00010933_n02088094,1,3,0.011477538694938024,0.1867780735095342,0.7796339392662048,0.03795168548822403,0.030155346418420475
7500,H8-V,160,n02088094/ILSVRC2012_val_00010933_n02088094,4,3,0.007597884939362605,0.12120543917020161,0.6635342041651408,0.02635377086699009,0.019718429073691368
7500,H8-V,160,n02088094/ILSVRC2012_val_00010933_n02088094,7,3,0.00707888634254535,0.1148613691329956,0.6320806741714478,0.02488582953810692,0.018565023317933083
7500,H8-V,160,n02088094/ILSVRC2012_val_00010933_n02088094,13,3,0.006653430871665478,0.10926918685436249,0.6061323881149292,0.02364167384803295,0.0175803496191899
7500,H8-V,160,n02088094/ILSVRC2012_val_00010933_n02088094,19,3,0.006583499256521463,0.10848657041788101,0.6012047330538431,0.023444203039010365,0.01743215632935365
7500,H8-V,161,n02088238/ILSVRC2012_val_00049819_n02088238,1,3,0.009810302096108595,0.18148131171862283,0.5374645988146464,0.03333307926853498,0.027958433454235394
7500,H8-V,161,n02088238/ILSVRC2012_val_00049819_n02088238,4,3,0.006599627435207367,0.1144864559173584,0.42925581336021423,0.022340831036369007,0.01804827277859052
7500,H8-V,161,n02088238/ILSVRC2012_val_00049819_n02088238,7,3,0.006309823133051395,0.11055745929479599,0.40135026971499127,0.021379072219133377,0.01736556924879551
7500,H8-V,161,n02088238/ILSVRC2012_val_00049819_n02088238,13,3,0.0060618361458182335,0.10635726650555928,0.3803456127643585,0.020501018812259037,0.016697562610109646
7500,H8-V,161,n02088238/ILSVRC2012_val_00049819_n02088238,19,3,0.00600413465872407,0.10452764481306076,0.3786582946777344,0.020243482043345768,0.016456898922721546
7500,H8-V,162,n02088364/ILSVRC2012_val_00032527_n02088364,1,3,0.010379915746549765,0.2015129178762436,0.7372100750605265,0.03790330762664477,0.03053120772043864
7500,H8-V,162,n02088364/ILSVRC2012_val_00032527_n02088364,4,3,0.0037867726447681585,0.1033182293176651,0.5736321409543356,0.019854917501409847,0.014118595669666925
7500,H8-V,162,n02088364/ILSVRC2012_val_00032527_n02088364,7,3,0.003389758678774039,0.09781161944071452,0.5419167677561442,0.018590088312824566,0.013170920622845491
7500,H8-V,162,n02088364/ILSVRC2012_val_00032527_n02088364,13,3,0.003001958907892307,0.09176189700762431,0.5143306255340576,0.017321455602844555,0.012178148763875166
7500,H8-V,162,n02088364/ILSVRC2012_val_00032527_n02088364,19,3,0.0028663110764076314,0.08895195772250493,0.5070114731788635,0.016831621527671814,0.011761507019400597
7500,H8-V,163,n02088466/ILSVRC2012_val_00008460_n02088466,1,3,0.012004923075437546,0.21147409081459045,0.6842305461565653,0.03999463841319084,0.03315233190854391
7500,H8-V,163,n02088466/ILSVRC2012_val_00008460_n02088466,4,3,0.006156811801095803,0.10184282064437866,0.5428016980489095,0.021769110734264057,0.01634109392762184
7500,H8-V,163,n02088466/ILSVRC2012_val_00008460_n02088466,7,3,0.005628856364637613,0.09554104755322139,0.5128180185953776,0.020311140765746433,0.015182961399356524
7500,H8-V,163,n02088466/ILSVRC2012_val_00008460_n02088466,13,3,0.005122742770860593,0.08867656687895457,0.4884103834629059,0.018874503051241238,0.013990399427711964
7500,H8-V,163,n02088466/ILSVRC2012_val_00008460_n02088466,19,3,0.004960944099972646,0.0860107292731603,0.4839162627855937,0.018401180083552997,0.013562017430861792
7500,H8-V,164,n02088632/ILSVRC2012_val_00007966_n02088632,1,3,0.020304468770821888,0.20332411924997965,0.7839648326237997,0.048476528376340866,0.04063687970240911
7500,H8-V,164,n02088632/ILSVRC2012_val_00007966_n02088632,4,3,0.015317079921563467,0.1515054057041804,0.6593014200528463,0.03706063578526179,0.030467620740334194
7500,H8-V,164,n02088632/ILSVRC2012_val_00007966_n02088632,7,3,0.014695830953617891,0.14620230595270792,0.6277173161506653,0.03559323400259018,0.02931606148680051
7500,H8-V,164,n02088632/ILSVRC2012_val_00007966_n02088632,13,3,0.014196150936186314,0.14162543912728628,0.6013351678848267,0.034372045348087944,0.02835869478682677
7500,H8-V,164,n02088632/ILSVRC2012_val_00007966_n02088632,19,3,0.014114023807148138,0.13990693291028342,0.5961427092552185,0.034066143135229744,0.028104716291030247
7500,H8-V,165,n02089078/ILSVRC2012_val_00012293_n02089078,1,3,0.00943808319667975,0.17430048187573752,0.645156979560852,0.03331970113019148,0.026868132253487904
7500,H8-V,165,n02089078/ILSVRC2012_val_00012293_n02089078,4,3,0.004828192448864381,0.11088016877571742,0.5446617404619852,0.021362826849023502,0.015916209667921066
7500,H8-V,165,n02089078/ILSVRC2012_val_00012293_n02089078,7,3,0.004336467323203881,0.10107915848493576,0.5157724420229594,0.019602106884121895,0.014444383171697458
7500,H8-V,165,n02089078/ILSVRC2012_val_00012293_n02089078,13,3,0.0040205793144802255,0.0958391899863879,0.4921661913394928,0.018526159847776096,0.013604498468339443
7500,H8-V,165,n02089078/ILSVRC2012_val_00012293_n02089078,19,3,0.0038927445032944283,0.09237866848707199,0.48748435576756793,0.018005455533663433,0.0131306117400527
7500,H8-V,166,n02089867/ILSVRC2012_val_00036492_n02089867,1,3,0.013069403357803822,0.18692894776662192,0.5451386570930481,0.03721368437012037,0.0317622988174359
7500,H8-V,166,n02089867/ILSVRC2012_val_00036492_n02089867,4,3,0.008364958378175894,0.11950195829073589,0.4138217767079671,0.024453372384111088,0.020315154145161312
7500,H8-V,166,n02089867/ILSVRC2012_val_00036492_n02089867,7,3,0.007997756203015646,0.11401844521363576,0.38511348764101666,0.02325073629617691,0.019399601345260937
7500,H8-V,166,n02089867/ILSVRC2012_val_00036492_n02089867,13,3,0.007679836979756753,0.10992324103911717,0.363094300031662,0.022303103779753048,0.018672161425153416
7500,H8-V,166,n02089867/ILSVRC2012_val_00036492_n02089867,19,3,0.00756749448676904,0.10795761148134868,0.3602326512336731,0.02196558254460494,0.018363256007432938
7500,H8-V,167,n02089973/ILSVRC2012_val_00029164_n02089973,1,3,0.006943975109606981,0.14488246043523154,0.6131314436594645,0.027563535297910374,0.02143222155670325
7500,H8-V,167,n02089973/ILSVRC2012_val_00029164_n02089973,4,3,0.004609874294449885,0.10065521051486333,0.5093222856521606,0.019768618668119114,0.014675395873685678
7500,H8-V,167,n02089973/ILSVRC2012_val_00029164_n02089973,7,3,0.004321367479860783,0.09498361746470134,0.47914907336235046,0.01861122002204259,0.013819729598859945
7500,H8-V,167,n02089973/ILSVRC2012_val_00029164_n02089973,13,3,0.004076699415842692,0.08913104732831319,0.45483407378196716,0.017538145805398624,0.012989804769555727
7500,H8-V,167,n02089973/ILSVRC2012_val_00029164_n02089973,19,3,0.003995741096635659,0.08579095204671223,0.45026052991549176,0.017077441637714703,0.012574836301306883
7500,H8-V,168,n02090379/ILSVRC2012_val_00001363_n02090379,1,3,0.011379186995327473,0.20056126018365225,0.5841759443283081,0.03727707266807556,0.03143531332413355
7500,H8-V,168,n02090379/ILSVRC2012_val_00001363_n02090379,4,3,0.008219248615205288,0.15400376915931702,0.4892808000246684,0.028512433792153995,0.023619625717401505
7500,H8-V,168,n02090379/ILSVRC2012_val_00001363_n02090379,7,3,0.007878019629667202,0.14647955695788065,0.4607750177383423,0.027133724962671597,0.02252597485979398
7500,H8-V,168,n02090379/ILSVRC2012_val_00001363_n02090379,13,3,0.0076034894833962125,0.1389050136009852,0.4380348324775696,0.025874339664975803,0.021493991216023762
7500,H8-V,168,n02090379/ILSVRC2012_val_00001363_n02090379,19,3,0.007557365732888381,0.13550960520903269,0.4344296455383301,0.025452622522910435,0.02110832619170348
7500,H8-V,169,n02090622/ILSVRC2012_val_00013804_n02090622,1,3,0.006234880692015092,0.20026751359303793,0.5018192231655121,0.03127982591589292,0.02626163326203823
7500,H8-V,169,n02090622/ILSVRC2012_val_00013804_n02090622,4,3,0.002626703896870216,0.1155124083161354,0.39850297570228577,0.01816297446688016,0.014177945132056871
7500,H8-V,169,n02090622/ILSVRC2012_val_00013804_n02090622,7,3,0.002437665748099486,0.10906000932057698,0.37091462810834247,0.01705281250178814,0.013343666680157185
7500,H8-V,169,n02090622/ILSVRC2012_val_00013804_n02090622,13,3,0.002281810545052091,0.10353462149699529,0.34986522793769836,0.016133924946188927,0.012635272927582264
7500,H8-V,169,n02090622/ILSVRC2012_val_00013804_n02090622,19,3,0.002249679761007428,0.1023566722869873,0.3479152321815491,0.015964499364296596,0.012485347067316374
7500,H8-V,170,n02090721/ILSVRC2012_val_00049744_n02090721,1,3,0.011120510598023733,0.17203072210152945,0.8130138317743937,0.03645372142394384,0.028323582684000332
7500,H8-V,170,n02090721/ILSVRC2012_val_00049744_n02090721,4,3,0.007109442104895909,0.12120206405719121,0.6822797457377116,0.02605244641502698,0.019229649255673092
7500,H8-V,170,n02090721/ILSVRC2012_val_00049744_n02090721,7,3,0.006627767191578944,0.11661190291245778,0.6498558719952902,0.024787516022721928,0.01828895757595698
7500,H8-V,170,n02090721/ILSVRC2012_val_00049744_n02090721,13,3,0.0061979830885926885,0.11246876915295918,0.6212446490923563,0.023657305787007015,0.017444860190153122
7500,H8-V,170,n02090721/ILSVRC2012_val_00049744_n02090721,19,3,0.006087844104816516,0.1117714171608289,0.6134172876675924,0.0233991580704848,0.017264985168973606
7500,H8-V,171,n02091032/ILSVRC2012_val_00022684_n02091032,1,3,0.012477762065827847,0.21722398698329926,0.8395751118659973,0.04259591301282247,0.03420016169548035
7500,H8-V,171,n02091032/ILSVRC2012_val_00022684_n02091032,4,3,0.008714775865276655,0.15394237140814462,0.7150039076805115,0.03125905121366183,0.02410901275773843
7500,H8-V,171,n02091032/ILSVRC2012_val_00022684_n02091032,7,3,0.008172521057228247,0.14720545709133148,0.6822905937830607,0.029715973262985546,0.022893067449331284
7500,H8-V,171,n02091032/ILSVRC2012_val_00022684_n02091032,13,3,0.00770647032186389,0.14159312844276428,0.6538730065027872,0.028404512753089268,0.021865783259272575
7500,H8-V,171,n02091032/ILSVRC2012_val_00022684_n02091032,19,3,0.007607871356109778,0.13977893193562826,0.6462470889091492,0.028048235923051834,0.021585764984289806
7500,H8-V,172,n02091134/ILSVRC2012_val_00004823_n02091134,1,3,0.0065202318752805395,0.20383289953072867,0.6222670078277588,0.033126192167401314,0.026903522511323292
7500,H8-V,172,n02091134/ILSVRC2012_val_00004823_n02091134,4,3,0.003069974249228835,0.1150016834338506,0.4854808251063029,0.01942495070397854,0.014570143073797226
7500,H8-V,172,n02091134/ILSVRC2012_val_00004823_n02091134,7,3,0.0027102105474720397,0.10823557525873184,0.4561605453491211,0.018095373486479122,0.013533768554528555
7500,H8-V,172,n02091134/ILSVRC2012_val_00004823_n02091134,13,3,0.0025027518471082053,0.1019329900542895,0.4334794481595357,0.017030845085779827,0.01269605103880167
7500,H8-V,172,n02091134/ILSVRC2012_val_00004823_n02091134,19,3,0.002401519101113081,0.09993420541286469,0.4310468037923177,0.016705407450596493,0.012394939549267292
7500,H8-V,173,n02091244/ILSVRC2012_val_00035257_n02091244,1,3,0.00785503505418698,0.1946305831273397,0.6638733943303426,0.03395682697494825,0.027318093925714493
7500,H8-V,173,n02091244/ILSVRC2012_val_00035257_n02091244,4,3,0.004020848932365577,0.1066680724422137,0.5379349191983541,0.020067005107800167,0.014687656424939632
7500,H8-V,173,n02091244/ILSVRC2012_val_00035257_n02091244,7,3,0.003685840250303348,0.10146499921878178,0.5051331321398417,0.01888367161154747,0.013832340327401957
7500,H8-V,173,n02091244/ILSVRC2012_val_00035257_n02091244,13,3,0.003374688094481826,0.09604457765817642,0.4780745605627696,0.017759891226887703,0.012979146093130112
7500,H8-V,173,n02091244/ILSVRC2012_val_00035257_n02091244,19,3,0.0032850303687155247,0.09421153863271077,0.47245311737060547,0.01743071588377158,0.012706184759736061
7500,H8-V,174,n02091467/ILSVRC2012_val_00022530_n02091467,1,3,0.006870918596784274,0.1581920584042867,0.5764272212982178,0.02845439687371254,0.022690124809741974
7500,H8-V,174,n02091467/ILSVRC2012_val_00022530_n02091467,4,3,0.003404336360593637,0.08750246216853459,0.45446306467056274,0.016699212913711865,0.012154582267006239
7500,H8-V,174,n02091467/ILSVRC2012_val_00022530_n02091467,7,3,0.0031140598002821207,0.08301813155412674,0.4272434016068776,0.015688306652009487,0.01141587303330501
7500,H8-V,174,n02091467/ILSVRC2012_val_00022530_n02091467,13,3,0.0029237673928340278,0.07971152663230896,0.4051848848660787,0.01494676899164915,0.010894920056064924
7500,H8-V,174,n02091467/ILSVRC2012_val_00022530_n02091467,19,3,0.002882549694428841,0.07868868360916774,0.4021562735239665,0.01477298109481732,0.010751418148477873
7500,H8-V,175,n02091635/ILSVRC2012_val_00037989_n02091635,1,3,0.011496111750602722,0.21051177382469177,0.6771438717842102,0.039318726708491646,0.032547288884719215
7500,H8-V,175,n02091635/ILSVRC2012_val_00037989_n02091635,4,3,0.005373224305609862,0.12612648556629816,0.5362935463587443,0.023348808909455936,0.01798587292432785
7500,H8-V,175,n02091635/ILSVRC2012_val_00037989_n02091635,7,3,0.004941300799449285,0.12052043775717418,0.5064302086830139,0.022057646264632542,0.01699334445099036
7500,H8-V,175,n02091635/ILSVRC2012_val_00037989_n02091635,13,3,0.0045610057810942335,0.1132576862970988,0.4825160304705302,0.02071193481485049,0.015886774597068627
7500,H8-V,175,n02091635/ILSVRC2012_val_00037989_n02091635,19,3,0.004448677413165569,0.1092965801556905,0.4786425232887268,0.02016476107140382,0.015378335490822792
7500,H8-V,176,n02091831/ILSVRC2012_val_00039822_n02091831,1,3,0.011305850620071093,0.18392663697401682,0.5100881258646647,0.0347993957499663,0.029698514690001804
7500,H8-V,176,n02091831/ILSVRC2012_val_00039822_n02091831,4,3,0.00622498228525122,0.10138345261414845,0.38131922483444214,0.020176519950230915,0.016363327701886494
7500,H8-V,176,n02091831/ILSVRC2012_val_00039822_n02091831,7,3,0.005859031962851684,0.0970769077539444,0.35384947061538696,0.019105217109123867,0.015566722489893436
7500,H8-V,176,n02091831/ILSVRC2012_val_00039822_n02091831,13,3,0.005598238514115413,0.09474670638640721,0.33416510621706647,0.018414560084541638,0.01507290918380022
7500,H8-V,176,n02091831/ILSVRC2012_val_00039822_n02091831,19,3,0.0055916220881044865,0.09423291683197021,0.33393381039301556,0.018354251980781555,0.015014913864433765
7500,H8-V,177,n02092002/ILSVRC2012_val_00010896_n02092002,1,3,0.013769665732979774,0.1859376629193624,0.5805255174636841,0.0381686861316363,0.03236343152821064
7500,H8-V,177,n02092002/ILSVRC2012_val_00010896_n02092002,4,3,0.009901630692183971,0.119125301639239,0.4576447407404582,0.026390607779224712,0.021814160669843357
7500,H8-V,177,n02092002/ILSVRC2012_val_00010896_n02092002,7,3,0.009533970306317011,0.1154971495270729,0.42761722207069397,0.025359857206543285,0.021083685259024303
7500,H8-V,177,n02092002/ILSVRC2012_val_00010896_n02092002,13,3,0.009239842183887959,0.11261788755655289,0.4043356279532115,0.024544987206657726,0.02050163100163142
7500,H8-V,177,n02092002/ILSVRC2012_val_00010896_n02092002,19,3,0.009178461506962776,0.11002777765194575,0.4010099768638611,0.024191339189807575,0.020181239272157352
7500,H8-V,178,n02092339/ILSVRC2012_val_00044137_n02092339,1,3,0.015338223737974962,0.2870728174845378,0.8637241323788961,0.052682746201753616,0.04404550542434057
7500,H8-V,178,n02092339/ILSVRC2012_val_00044137_n02092339,4,3,0.00800685646633307,0.15770010650157928,0.6809441447257996,0.030586309110124905,0.023776867737372715
7500,H8-V,178,n02092339/ILSVRC2012_val_00044137_n02092339,7,3,0.007398418306062619,0.15021087229251862,0.6479363838831583,0.02889886995156606,0.022419506063063938
7500,H8-V,178,n02092339/ILSVRC2012_val_00044137_n02092339,13,3,0.006863836509486039,0.14140385886033377,0.6189476251602173,0.027193698411186535,0.021004222333431244
7500,H8-V,178,n02092339/ILSVRC2012_val_00044137_n02092339,19,3,0.006712050487597783,0.13755035897096,0.6111387411753336,0.026578473548094433,0.020467086384693783
7500,H8-V,179,n02093256/ILSVRC2012_val_00033683_n02093256,1,3,0.01625337979445855,0.17944304645061493,0.6756272117296854,0.04095395654439926,0.034197684998313584
7500,H8-V,179,n02093256/ILSVRC2012_val_00033683_n02093256,4,3,0.008449919211367765,0.10654811064402263,0.5432749589284261,0.02453748012582461,0.0191047303378582
7500,H8-V,179,n02093256/ILSVRC2012_val_00033683_n02093256,7,3,0.007994201344748339,0.10199953118960063,0.5125628511110941,0.023319783930977184,0.018194155146678288
7500,H8-V,179,n02093256/ILSVRC2012_val_00033683_n02093256,13,3,0.007614850842704375,0.09758741656939189,0.48878398537635803,0.022261432682474453,0.01737359290321668
7500,H8-V,179,n02093256/ILSVRC2012_val_00033683_n02093256,19,3,0.007544520466277997,0.09571683406829834,0.4855273365974426,0.021971477195620537,0.017116203904151917
7500,H8-V,180,n02093428/ILSVRC2012_val_00019276_n02093428,1,3,0.0069595868699252605,0.1625350614388784,0.5090043346087137,0.02830313766996066,0.023213094100356102
7500,H8-V,180,n02093428/ILSVRC2012_val_00019276_n02093428,4,3,0.004149475290129582,0.10037942727406819,0.39374999205271405,0.018124917522072792,0.014187417924404144
7500,H8-V,180,n02093428/ILSVRC2012_val_00019276_n02093428,7,3,0.0038210701507826648,0.09427489837010701,0.36440954605738324,0.016892655442158382,0.01324856032927831
7500,H8-V,180,n02093428/ILSVRC2012_val_00019276_n02093428,13,3,0.003430167445912957,0.08761609594027202,0.3417471647262573,0.015609248851736387,0.012191777427991232
7500,H8-V,180,n02093428/ILSVRC2012_val_00019276_n02093428,19,3,0.0032447348348796368,0.08387455840905507,0.3393858075141907,0.015026049067576727,0.011632191017270088
7500,H8-V,181,n02093647/ILSVRC2012_val_00005189_n02093647,1,3,0.009853129585584005,0.18293701112270355,0.5196946263313293,0.03334377706050873,0.02814683069785436
7500,H8-V,181,n02093647/ILSVRC2012_val_00005189_n02093647,4,3,0.007770835421979427,0.15681409339110056,0.438712735970815,0.027839372555414837,0.02345224531988303
7500,H8-V,181,n02093647/ILSVRC2012_val_00005189_n02093647,7,3,0.007214786484837532,0.1527062306801478,0.40935084223747253,0.0265789187202851,0.022485410173734028
7500,H8-V,181,n02093647/ILSVRC2012_val_00005189_n02093647,13,3,0.006693847943097353,0.14806997776031494,0.38619087139765423,0.025362754861513775,0.02150084637105465
7500,H8-V,181,n02093647/ILSVRC2012_val_00005189_n02093647,19,3,0.006492006437232097,0.14487494031588236,0.38291595379511517,0.024808659528692562,0.02097950006524722
7500,H8-V,182,n02093754/ILSVRC2012_val_00014318_n02093754,1,3,0.0093220304697752,0.1528183420499166,0.4095206061999003,0.02869907021522522,0.024603864798943203
7500,H8-V,182,n02093754/ILSVRC2012_val_00014318_n02093754,4,3,0.005224591586738825,0.10155504196882248,0.32404518127441406,0.01862054814894994,0.015380096000929674
7500,H8-V,182,n02093754/ILSVRC2012_val_00014318_n02093754,7,3,0.004740248434245586,0.09628273795048396,0.29736406604448956,0.017342163249850273,0.014368522601823011
7500,H8-V,182,n02093754/ILSVRC2012_val_00014318_n02093754,13,3,0.0043321168050169945,0.08924480279286702,0.27769627173741657,0.016033560658494633,0.013256597643097242
7500,H8-V,182,n02093754/ILSVRC2012_val_00014318_n02093754,19,3,0.0042325700633227825,0.08767456312974294,0.27696805198987323,0.015769707038998604,0.013000026034812132
7500,H8-V,183,n02093859/ILSVRC2012_val_00021000_n02093859,1,3,0.004858106064299743,0.11192229638497035,0.5083354711532593,0.02113369107246399,0.016050335951149464
7500,H8-V,183,n02093859/ILSVRC2012_val_00021000_n02093859,4,3,0.0030984304224451384,0.08085911720991135,0.4293191432952881,0.01547753376265367,0.011184342515965303
7500,H8-V,183,n02093859/ILSVRC2012_val_00021000_n02093859,7,3,0.0028722319596757493,0.07669228315353394,0.4007885654767354,0.014549345398942629,0.010541460166374842
7500,H8-V,183,n02093859/ILSVRC2012_val_00021000_n02093859,13,3,0.0026898798532783985,0.0726224531730016,0.3782229721546173,0.013734354948004087,0.009952125139534473
7500,H8-V,183,n02093859/ILSVRC2012_val_00021000_n02093859,19,3,0.0026510569732636213,0.07129361728827159,0.3751115103562673,0.013531533690790335,0.009780418748656908
7500,H8-V,184,n02093991/ILSVRC2012_val_00014418_n02093991,1,3,0.010097174905240536,0.1556326299905777,0.6998075842857361,0.03265851425627867,0.02566043846309185
7500,H8-V,184,n02093991/ILSVRC2012_val_00014418_n02093991,4,3,0.008100036221245924,0.11726761360963185,0.5960502227147421,0.02578730011979739,0.019826797768473625
7500,H8-V,184,n02093991/ILSVRC2012_val_00014418_n02093991,7,3,0.007758432223151128,0.11222018798192342,0.5645310878753662,0.024625761434435844,0.018980450928211212
7500,H8-V,184,n02093991/ILSVRC2012_val_00014418_n02093991,13,3,0.007461156540860732,0.10668588678042094,0.5376845002174377,0.023506591096520424,0.0181297454982996
7500,H8-V,184,n02093991/ILSVRC2012_val_00014418_n02093991,19,3,0.007394712107876937,0.10399663945039113,0.5314945379892985,0.02310932179292043,0.017794376239180565
7500,H8-V,185,n02094114/ILSVRC2012_val_00001869_n02094114,1,3,0.016153942793607712,0.24881341060002646,0.7957302331924438,0.0489925853908062,0.041035283356904984
7500,H8-V,185,n02094114/ILSVRC2012_val_00001869_n02094114,4,3,0.007361800409853458,0.12856900691986084,0.6098644137382507,0.026317345599333446,0.0202187014122804
7500,H8-V,185,n02094114/ILSVRC2012_val_00001869_n02094114,7,3,0.006764247082173824,0.1223081002632777,0.5779722730318705,0.0247747798760732,0.018995057170589764
7500,H8-V,185,n02094114/ILSVRC2012_val_00001869_n02094114,13,3,0.006212281994521618,0.11573108037312825,0.5507263938585917,0.023292654504378636,0.017785390838980675
7500,H8-V,185,n02094114/ILSVRC2012_val_00001869_n02094114,19,3,0.0060634043378134566,0.11374357342720032,0.5443343122800192,0.022881104921301205,0.017437761649489403
7500,H8-V,186,n02094258/ILSVRC2012_val_00007880_n02094258,1,3,0.007242829228440921,0.18253272771835327,0.521143396695455,0.030707536886135738,0.025496102248628933
7500,H8-V,186,n02094258/ILSVRC2012_val_00007880_n02094258,4,3,0.003863473810876409,0.11051898449659348,0.39598095417022705,0.018875182916720707,0.014915373176336288
7500,H8-V,186,n02094258/ILSVRC2012_val_00007880_n02094258,7,3,0.003323896788060665,0.10047540813684464,0.36646921435991925,0.01703613003094991,0.013371438098450502
7500,H8-V,186,n02094258/ILSVRC2012_val_00007880_n02094258,13,3,0.003017716109752655,0.09404713412125905,0.3458271920681,0.01588070144255956,0.012422429397702217
7500,H8-V,186,n02094258/ILSVRC2012_val_00007880_n02094258,19,3,0.0029208595709254346,0.09194061408440272,0.3453946113586426,0.015568867015341917,0.012114921274284521
7500,H8-V,187,n02094433/ILSVRC2012_val_00043233_n02094433,1,3,0.00559506518766284,0.15124721825122833,0.6045406858126322,0.026765193169315655,0.020719786485036213
7500,H8-V,187,n02094433/ILSVRC2012_val_00043233_n02094433,4,3,0.0038073683778444924,0.10298755764961243,0.5009245673815409,0.01911536914606889,0.01410612432907025
7500,H8-V,187,n02094433/ILSVRC2012_val_00043233_n02094433,7,3,0.003542088515435656,0.09882216652234395,0.4720066487789154,0.018144371608893078,0.013424305245280266
7500,H8-V,187,n02094433/ILSVRC2012_val_00043233_n02094433,13,3,0.0033361186118175588,0.09483672678470612,0.4486261308193207,0.01730605276922385,0.012819791833559671
7500,H8-V,187,n02094433/ILSVRC2012_val_00043233_n02094433,19,3,0.003305445813263456,0.09265535573164622,0.4451058010260264,0.017022040362159412,0.012570981867611408
7500,H8-V,188,n02095314/ILSVRC2012_val_00037153_n02095314,1,3,0.011906787132223448,0.22624933222929636,0.7290222843488058,0.041821944216887154,0.03453172122438749
7500,H8-V,188,n02095314/ILSVRC2012_val_00037153_n02095314,4,3,0.007063946065803369,0.12708662450313568,0.5746756394704183,0.02551936482389768,0.019772608454028767
7500,H8-V,188,n02095314/ILSVRC2012_val_00037153_n02095314,7,3,0.006618903328975041,0.12206842253605525,0.5449462334314982,0.02427520789206028,0.018825745830933254
7500,H8-V,188,n02095314/ILSVRC2012_val_00037153_n02095314,13,3,0.006226218771189451,0.1171862209836642,0.520348866780599,0.023148329307635624,0.01794484071433544
7500,H8-V,188,n02095314/ILSVRC2012_val_00037153_n02095314,19,3,0.006100299923370282,0.1146831139922142,0.5145373145739237,0.022713984673221905,0.01756861185034116
7500,H8-V,189,n02095570/ILSVRC2012_val_00002773_n02095570,1,3,0.012530719550947348,0.251908540725708,1.0886586507161458,0.04860816275080045,0.03772157554825147
7500,H8-V,189,n02095570/ILSVRC2012_val_00002773_n02095570,4,3,0.00719029176980257,0.1472995529572169,0.9189750949541727,0.031109999865293503,0.02192024824519952
7500,H8-V,189,n02095570/ILSVRC2012_val_00002773_n02095570,7,3,0.006499945341298978,0.13850300014019012,0.884640097618103,0.0291966466854016,0.020350245758891106
7500,H8-V,189,n02095570/ILSVRC2012_val_00002773_n02095570,13,3,0.005867331443975369,0.12850952645142874,0.8522368470827738,0.027240653211871784,0.018718284865220387
7500,H8-V,189,n02095570/ILSVRC2012_val_00002773_n02095570,19,3,0.005702556110918522,0.12439855188131332,0.8408100803693136,0.02655051276087761,0.01814241148531437
7500,H8-V,190,n02095889/ILSVRC2012_val_00006840_n02095889,1,3,0.009238808571050564,0.1847526083389918,0.5131888488928477,0.0328459565838178,0.027714068690935772
7500,H8-V,190,n02095889/ILSVRC2012_val_00006840_n02095889,4,3,0.00367409565175573,0.09129360814889272,0.39303429921468097,0.016733799129724503,0.012803456435600916
7500,H8-V,190,n02095889/ILSVRC2012_val_00006840_n02095889,7,3,0.003394872648641467,0.08653794725735982,0.36592405041058856,0.01570790819823742,0.012048667607208094
7500,H8-V,190,n02095889/ILSVRC2012_val_00006840_n02095889,13,3,0.0031707006661842265,0.08197220414876938,0.3460942606131236,0.014828864174584547,0.011367921407024065
7500,H8-V,190,n02095889/ILSVRC2012_val_00006840_n02095889,19,3,0.0031342366710305214,0.08012249817450841,0.34598222374916077,0.014606309123337269,0.01114648673683405
7500,H8-V,191,n02096051/ILSVRC2012_val_00039147_n02096051,1,3,0.024329374854763348,0.21403306225935617,0.9852029283841451,0.0555847113331159,0.04573268194993337
7500,H8-V,191,n02096051/ILSVRC2012_val_00039147_n02096051,4,3,0.017396188651522,0.15338454643885294,0.8273413181304932,0.041008055210113525,0.032734643667936325
7500,H8-V,191,n02096051/ILSVRC2012_val_00039147_n02096051,7,3,0.01657153417666753,0.1488083153963089,0.7931066552797953,0.03938343251744906,0.03145236584047476
7500,H8-V,191,n02096051/ILSVRC2012_val_00039147_n02096051,13,3,0.01579687309761842,0.14439545571804047,0.7608473499615988,0.03784489134947459,0.030236418669422466
7500,H8-V,191,n02096051/ILSVRC2012_val_00039147_n02096051,19,3,0.015551131529112657,0.14364349842071533,0.7498623927434286,0.03741410498817762,0.02991548180580139
7500,H8-V,192,n02096177/ILSVRC2012_val_00026417_n02096177,1,3,0.006074365849296252,0.2020596961180369,0.5223377744356791,0.03150371337930361,0.02628033546109994
7500,H8-V,192,n02096177/ILSVRC2012_val_00026417_n02096177,4,3,0.0032286965288221836,0.09189160913228989,0.3824467857678731,0.01624232592682044,0.01241785753518343
7500,H8-V,192,n02096177/ILSVRC2012_val_00026417_n02096177,7,3,0.00298176403157413,0.0867648720741272,0.35430896282196045,0.015201340739925703,0.011658251285552979
7500,H8-V,192,n02096177/ILSVRC2012_val_00026417_n02096177,13,3,0.002796795296793183,0.08316178371508916,0.33323710163434345,0.014445344917476177,0.011112973714868227
7500,H8-V,192,n02096177/ILSVRC2012_val_00026417_n02096177,19,3,0.0027607066246370473,0.08178608119487762,0.3311009307702382,0.014250324418147406,0.01093931496143341
7500,H8-V,193,n02096294/ILSVRC2012_val_00019747_n02096294,1,3,0.014345107910533747,0.2334828774134318,0.7626795967419943,0.04532019173105558,0.03769339621067047
7500,H8-V,193,n02096294/ILSVRC2012_val_00019747_n02096294,4,3,0.006311649767061074,0.10052964588006337,0.5903196334838867,0.02226781037946542,0.0163646141688029
7500,H8-V,193,n02096294/ILSVRC2012_val_00019747_n02096294,7,3,0.0058367205783724785,0.09368650118509929,0.5592625538508097,0.02079799585044384,0.015205370572706064
7500,H8-V,193,n02096294/ILSVRC2012_val_00019747_n02096294,13,3,0.005415731575340033,0.08735127250353496,0.5321703950564066,0.01947256239751975,0.014150858856737614
7500,H8-V,193,n02096294/ILSVRC2012_val_00019747_n02096294,19,3,0.0052857886378963785,0.08623456706603368,0.5250334938367208,0.019159580891331036,0.013909245530764261
7500,H8-V,194,n02096437/ILSVRC2012_val_00022882_n02096437,1,3,0.007841108522067467,0.17218234638373056,0.6602945526440939,0.031662289053201675,0.02505934362610181
7500,H8-V,194,n02096437/ILSVRC2012_val_00022882_n02096437,4,3,0.004786886895696322,0.11770317206780116,0.5421363711357117,0.02197856766482194,0.016557204226652782
7500,H8-V,194,n02096437/ILSVRC2012_val_00022882_n02096437,7,3,0.004456444177776575,0.11228255182504654,0.5112217664718628,0.020796917378902435,0.015684699329237144
7500,H8-V,194,n02096437/ILSVRC2012_val_00022882_n02096437,13,3,0.004177848342806101,0.1062033399939537,0.4860001802444458,0.01965818429986636,0.014798182683686415
7500,H8-V,194,n02096437/ILSVRC2012_val_00022882_n02096437,19,3,0.004125431490441163,0.10289751241604488,0.4810896118481954,0.019226078564922016,0.014415182794133822
7500,H8-V,195,n02096585/ILSVRC2012_val_00010449_n02096585,1,3,0.0070877027076979475,0.1628755877415339,0.527168889840444,0.02864695092042287,0.023375261574983597
7500,H8-V,195,n02096585/ILSVRC2012_val_00010449_n02096585,4,3,0.0040349168702960014,0.11002246042092641,0.41846607128779095,0.019221823662519455,0.01503716316074133
7500,H8-V,195,n02096585/ILSVRC2012_val_00010449_n02096585,7,3,0.003707740300645431,0.10377927124500275,0.38999072710673016,0.017985574901103973,0.01408566782871882
7500,H8-V,195,n02096585/ILSVRC2012_val_00010449_n02096585,13,3,0.003416927376141151,0.09928830713033676,0.36855101585388184,0.017031268527110417,0.013345758120218912
7500,H8-V,195,n02096585/ILSVRC2012_val_00010449_n02096585,19,3,0.0033427170322587094,0.09784087042013805,0.36660749713579815,0.016792879129449528,0.013126803872485956
7500,H8-V,196,n02097047/ILSVRC2012_val_00041605_n02097047,1,3,0.011704250238835812,0.2290392965078354,0.662294844786326,0.04123112931847572,0.03460818032423655
7500,H8-V,196,n02097047/ILSVRC2012_val_00041605_n02097047,4,3,0.006971076596528292,0.14794808626174927,0.5315333008766174,0.027081218858559925,0.02176588587462902
7500,H8-V,196,n02097047/ILSVRC2012_val_00041605_n02097047,7,3,0.006542711363484462,0.14222596089045206,0.5010406374931335,0.025775715087850887,0.020765308290719986
7500,H8-V,196,n02097047/ILSVRC2012_val_00041605_n02097047,13,3,0.006186420563608408,0.13688622415065765,0.4750255048274994,0.024625297635793686,0.019875042761365574
7500,H8-V,196,n02097047/ILSVRC2012_val_00041605_n02097047,19,3,0.006106059687832992,0.13469723363717398,0.4688899517059326,0.024264682705203693,0.019575783361991245
7500,H8-V,197,n02097130/ILSVRC2012_val_00023320_n02097130,1,3,0.011841924550632635,0.16979776819547018,0.5477946798006693,0.034299648056427635,0.028821701804796856
7500,H8-V,197,n02097130/ILSVRC2012_val_00023320_n02097130,4,3,0.007937450427561998,0.11509923885265987,0.45280230045318604,0.023975396528840065,0.0194473738471667
7500,H8-V,197,n02097130/ILSVRC2012_val_00023320_n02097130,7,3,0.0074700224213302135,0.10936794181664784,0.4240977466106415,0.022647793715198834,0.01840681644777457
7500,H8-V,197,n02097130/ILSVRC2012_val_00023320_n02097130,13,3,0.00709512426207463,0.10502082357803981,0.40239893396695453,0.021621194978555042,0.017597205936908722
7500,H8-V,197,n02097130/ILSVRC2012_val_00023320_n02097130,19,3,0.007046693780769904,0.10439055413007736,0.4005520741144816,0.021491270512342453,0.017485749597350757
7500,H8-V,198,n02097209/ILSVRC2012_val_00031127_n02097209,1,3,0.007622388501962026,0.184310182929039,0.6586561401685079,0.032639969140291214,0.02605340691904227
7500,H8-V,198,n02097209/ILSVRC2012_val_00031127_n02097209,4,3,0.004572015721350908,0.1125022421280543,0.5472128987312317,0.0212943684309721,0.015822239841024082
7500,H8-V,198,n02097209/ILSVRC2012_val_00031127_n02097209,7,3,0.004306685800353686,0.108022836347421,0.5197487672170004,0.020306457454959553,0.015108969993889332
7500,H8-V,198,n02097209/ILSVRC2012_val_00031127_n02097209,13,3,0.004081307755162318,0.10382597148418427,0.4982306758562724,0.019446211556593578,0.014463904624183973
7500,H8-V,198,n02097209/ILSVRC2012_val_00031127_n02097209,19,3,0.004038447203735511,0.10115953783194225,0.49510879317919415,0.019105489055315655,0.014154400986929735
7500,H8-V,199,n02097298/ILSVRC2012_val_00017057_n02097298,1,3,0.01252286663899819,0.19181875884532928,0.6612205306688944,0.03831694647669792,0.03170474184056123
7500,H8-V,199,n02097298/ILSVRC2012_val_00017057_n02097298,4,3,0.009155543521046638,0.1399971048037211,0.5580588777860006,0.028735843176643055,0.023155254622300465
7500,H8-V,199,n02097298/ILSVRC2012_val_00017057_n02097298,7,3,0.00865535344928503,0.1344979703426361,0.5283811092376709,0.027388961364825565,0.022105150545636814
7500,H8-V,199,n02097298/ILSVRC2012_val_00017057_n02097298,13,3,0.008161535486578941,0.12697255611419678,0.5045641462008158,0.02590443193912506,0.02085879072546959
7500,H8-V,199,n02097298/ILSVRC2012_val_00017057_n02097298,19,3,0.007986859728892645,0.12229660401741664,0.5008813540140787,0.025225333869457245,0.020216520875692368
7500,H8-V,200,n02097474/ILSVRC2012_val_00008488_n02097474,1,3,0.012850140531857809,0.15345760683218637,0.4612789452075958,0.03280869064231714,0.028195900842547417
7500,H8-V,200,n02097474/ILSVRC2012_val_00008488_n02097474,4,3,0.009293409685293833,0.10618277390797932,0.3563901682694753,0.023475588609774906,0.019911686579386394
7500,H8-V,200,n02097474/ILSVRC2012_val_00008488_n02097474,7,3,0.008924163567523161,0.10148418198029201,0.32859092950820923,0.022358492637674015,0.019072582945227623
7500,H8-V,200,n02097474/ILSVRC2012_val_00008488_n02097474,13,3,0.008635898741583029,0.09764451285203297,0.30835933486620587,0.02148394286632538,0.018400349964698155
7500,H8-V,200,n02097474/ILSVRC2012_val_00008488_n02097474,19,3,0.008605538867413998,0.09627924114465714,0.3083810011545817,0.021317273378372192,0.018233463168144226
7500,H8-V,201,n02097658/ILSVRC2012_val_00014259_n02097658,1,3,0.017282456780473392,0.3176688849925995,0.6968129873275757,0.05601747582356135,0.04904934701820215
7500,H8-V,201,n02097658/ILSVRC2012_val_00014259_n02097658,4,3,0.007770668249577284,0.12697314967711767,0.5109650095303854,0.025577633331219356,0.020467983558773994
7500,H8-V,201,n02097658/ILSVRC2012_val_00014259_n02097658,7,3,0.007335289381444454,0.12091054022312164,0.4807948072751363,0.024234291166067123,0.019426343341668446
7500,H8-V,201,n02097658/ILSVRC2012_val_00014259_n02097658,13,3,0.006934615472952525,0.11484756072362264,0.45644917090733844,0.022983862708012264,0.01841937191784382
7500,H8-V,201,n02097658/ILSVRC2012_val_00014259_n02097658,19,3,0.006793666475762923,0.11211981376012166,0.45227063695589703,0.022528354078531265,0.018005648006995518
7500,H8-V,202,n02098105/ILSVRC2012_val_00022576_n02098105,1,3,0.007239517290145159,0.18695801496505737,0.5000068147977194,0.030935386816660564,0.025935318941871326
7500,H8-V,202,n02098105/ILSVRC2012_val_00022576_n02098105,4,3,0.0036213280788312354,0.08511318266391754,0.3696378668149312,0.015829024836421013,0.012132646515965462
7500,H8-V,202,n02098105/ILSVRC2012_val_00022576_n02098105,7,3,0.0033253574122985206,0.07953703155120213,0.3403998514016469,0.01468305972715219,0.011279061126212278
7500,H8-V,202,n02098105/ILSVRC2012_val_00022576_n02098105,13,3,0.003073802605892221,0.0747047985593478,0.31743186712265015,0.013718601316213608,0.010544282694657644
7500,H8-V,202,n02098105/ILSVRC2012_val_00022576_n02098105,19,3,0.003009116199488441,0.07316660384337108,0.3139621416727702,0.013465397680799166,0.010325776413083076
7500,H8-V,203,n02098286/ILSVRC2012_val_00010524_n02098286,1,3,0.010153422132134438,0.2303920735915502,0.7430371244748434,0.04062300051252047,0.0331926296154658
7500,H8-V,203,n02098286/ILSVRC2012_val_00010524_n02098286,4,3,0.004314821058263381,0.11342785755793254,0.5754824280738831,0.021412430951992672,0.01565760684510072
7500,H8-V,203,n02098286/ILSVRC2012_val_00010524_n02098286,7,3,0.0038196848860631385,0.10551578551530838,0.5436431566874186,0.01980769510070483,0.014371263794600964
7500,H8-V,203,n02098286/ILSVRC2012_val_00010524_n02098286,13,3,0.003462014409403006,0.09800082941850026,0.5171681642532349,0.018433778857191403,0.013262097413341204
7500,H8-V,203,n02098286/ILSVRC2012_val_00010524_n02098286,19,3,0.003413332160562277,0.09572795778512955,0.5118921796480814,0.018105049928029377,0.012986128528912863
7500,H8-V,204,n02098413/ILSVRC2012_val_00011063_n02098413,1,3,0.013162629678845406,0.1953528175751368,0.7654122710227966,0.04035203531384468,0.03269791230559349
7500,H8-V,204,n02098413/ILSVRC2012_val_00011063_n02098413,4,3,0.008108942459026972,0.12526840219895044,0.6500931183497111,0.027136713887254398,0.020635783051451046
7500,H8-V,204,n02098413/ILSVRC2012_val_00011063_n02098413,7,3,0.007589235436171293,0.11866760750611623,0.6185823678970337,0.025641820083061855,0.019455996652444203
7500,H8-V,204,n02098413/ILSVRC2012_val_00011063_n02098413,13,3,0.007139115283886592,0.10963735729455948,0.5908207297325134,0.024011058111985523,0.018102850764989853
7500,H8-V,204,n02098413/ILSVRC2012_val_00011063_n02098413,19,3,0.007041914854198694,0.10583159824212392,0.583304742972056,0.023458122586210568,0.017625075454513233
7500,H8-V,205,n02099267/ILSVRC2012_val_00011764_n02099267,1,3,0.008876958706726631,0.14756626139084497,0.4677759309609731,0.028311343242724735,0.02363358500103156
7500,H8-V,205,n02099267/ILSVRC2012_val_00011764_n02099267,4,3,0.004339539911597967,0.08951997260252635,0.35627081990242004,0.01685424583653609,0.013291537451247374
7500,H8-V,205,n02099267/ILSVRC2012_val_00011764_n02099267,7,3,0.004114789422601461,0.08454246322313945,0.32882880171140033,0.01585732338329156,0.012569036024312178
7500,H8-V,205,n02099267/ILSVRC2012_val_00011764_n02099267,13,3,0.003937393349284927,0.08033033460378647,0.3084562420845032,0.015054989606142044,0.011970427197714647
7500,H8-V,205,n02099267/ILSVRC2012_val_00011764_n02099267,19,3,0.0038935937142620483,0.07929968585570653,0.3067036171754201,0.014890598443647226,0.011823562594751516
7500,H8-V,206,n02099429/ILSVRC2012_val_00032181_n02099429,1,3,0.012658657816549143,0.29794201254844666,0.5813149015108744,0.04826600973804792,0.0424528606235981
7500,H8-V,206,n02099429/ILSVRC2012_val_00032181_n02099429,4,3,0.009594426800807318,0.22050410509109497,0.46979262431462604,0.03634276241064072,0.031644837309916816
7500,H8-V,206,n02099429/ILSVRC2012_val_00032181_n02099429,7,3,0.009208128166695436,0.21545761823654175,0.44095433751742047,0.03516343360145887,0.030753890052437782
7500,H8-V,206,n02099429/ILSVRC2012_val_00032181_n02099429,13,3,0.008884651275972525,0.20639423032601675,0.41822495063145954,0.033706324795881905,0.029524074867367744
7500,H8-V,206,n02099429/ILSVRC2012_val_00032181_n02099429,19,3,0.008798622215787569,0.20146956543127695,0.41465190052986145,0.033092098931471504,0.028945579503973324
7500,H8-V,207,n02099601/ILSVRC2012_val_00023159_n02099601,1,3,0.011531197155515352,0.17610042790571848,0.8557959794998169,0.037699200212955475,0.029141239821910858
7500,H8-V,207,n02099601/ILSVRC2012_val_00023159_n02099601,4,3,0.006884131580591202,0.10900166382392247,0.7177761197090149,0.024962059532602627,0.017784298087159794
7500,H8-V,207,n02099601/ILSVRC2012_val_00023159_n02099601,7,3,0.006313778460025787,0.10385888814926147,0.6856733759244283,0.02355640133221944,0.016699667399128277
7500,H8-V,207,n02099601/ILSVRC2012_val_00023159_n02099601,13,3,0.005735711194574833,0.09842454642057419,0.6565629641215006,0.022143795465429623,0.015578165960808596
7500,H8-V,207,n02099601/ILSVRC2012_val_00023159_n02099601,19,3,0.0054650950866440935,0.09578490257263184,0.6467871268590292,0.021511456618706386,0.015043585250775019
7500,H8-V,208,n02099712/ILSVRC2012_val_00038361_n02099712,1,3,0.008860399791349968,0.19907601177692413,0.5913410981496176,0.034681412080923714,0.028768001745144527
7500,H8-V,208,n02099712/ILSVRC2012_val_00038361_n02099712,4,3,0.002458950194219748,0.08632057408491771,0.44423840443293255,0.015533392628033956,0.011091008161505064
7500,H8-V,208,n02099712/ILSVRC2012_val_00038361_n02099712,7,3,0.002112754232560595,0.07867713769276936,0.4153379400571187,0.014133847939471403,0.009980468389888605
7500,H8-V,208,n02099712/ILSVRC2012_val_00038361_n02099712,13,3,0.0018730513208235304,0.07239983727534612,0.3905513485272725,0.013018548488616943,0.009113035164773464
7500,H8-V,208,n02099712/ILSVRC2012_val_00038361_n02099712,19,3,0.0017848843708634377,0.06970524787902832,0.3857833941777547,0.01261324311296145,0.00875540915876627
7500,H8-V,209,n02099849/ILSVRC2012_val_00006078_n02099849,1,3,0.01616624929010868,0.2164807269970576,0.9073350032170614,0.046887670954068504,0.03781432161728541
7500,H8-V,209,n02099849/ILSVRC2012_val_00006078_n02099849,4,3,0.008926419541239738,0.1259589542945226,0.7747547626495361,0.02926986167828242,0.021522314598162968
7500,H8-V,209,n02099849/ILSVRC2012_val_00006078_n02099849,7,3,0.008149733301252127,0.11854738245407741,0.7422334750493368,0.02742680534720421,0.02000447114308675
7500,H8-V,209,n02099849/ILSVRC2012_val_00006078_n02099849,13,3,0.007323744085927804,0.10906660556793213,0.7135470310846964,0.02536587417125702,0.01823040470480919
7500,H8-V,209,n02099849/ILSVRC2012_val_00006078_n02099849,19,3,0.00700507452711463,0.10470601419607799,0.7053219874699911,0.024528895194331806,0.017475675791502
7500,H8-V,210,n02100236/ILSVRC2012_val_00023726_n02100236,1,3,0.00965828929717342,0.24057061970233917,0.5325660109519958,0.03904101252555847,0.03371535241603851
7500,H8-V,210,n02100236/ILSVRC2012_val_00023726_n02100236,4,3,0.003833446574086944,0.10272868225971858,0.3900343378384908,0.01800665818154812,0.014106314939757189
7500,H8-V,210,n02100236/ILSVRC2012_val_00023726_n02100236,7,3,0.003511705668643117,0.0963743304212888,0.3619951407114665,0.01676909066736698,0.013149139160911242
7500,H8-V,210,n02100236/ILSVRC2012_val_00023726_n02100236,13,3,0.003194353232781092,0.0900346040725708,0.34140561024347943,0.015611869283020496,0.012197813640038172
7500,H8-V,210,n02100236/ILSVRC2012_val_00023726_n02100236,19,3,0.003076020938654741,0.08749772608280182,0.3410492241382599,0.015236285515129566,0.01182579342275858
7500,H8-V,211,n02100583/ILSVRC2012_val_00047990_n02100583,1,3,0.009424423178037008,0.21688216427961984,0.5917545755704244,0.037030184641480446,0.03111263985435168
7500,H8-V,211,n02100583/ILSVRC2012_val_00047990_n02100583,4,3,0.004243065758297841,0.10995258390903473,0.45968708395957947,0.019835195193688076,0.015238324490686258
7500,H8-V,211,n02100583/ILSVRC2012_val_00047990_n02100583,7,3,0.003910009749233723,0.10545480251312256,0.4302111168702443,0.018757600337266922,0.014455489503840605
7500,H8-V,211,n02100583/ILSVRC2012_val_00047990_n02100583,13,3,0.0036098992762466273,0.10074702153603236,0.40697906414667767,0.017754392077525456,0.01368460152298212
7500,H8-V,211,n02100583/ILSVRC2012_val_00047990_n02100583,19,3,0.0035146521404385567,0.09779431919256847,0.40370768308639526,0.017331161225835483,0.01329408430804809
7500,H8-V,212,n02100735/ILSVRC2012_val_00017592_n02100735,1,3,0.007364202135552962,0.18439669162034988,0.5204352637132009,0.03100822555522124,0.025803872073690098
7500,H8-V,212,n02100735/ILSVRC2012_val_00017592_n02100735,4,3,0.0029120369969556728,0.07793507476647694,0.3862880766391754,0.01456842509408792,0.010705544613301754
7500,H8-V,212,n02100735/ILSVRC2012_val_00017592_n02100735,7,3,0.00269250952017804,0.07260315616925557,0.3561096688111623,0.013513922070463499,0.009952825183669725
7500,H8-V,212,n02100735/ILSVRC2012_val_00017592_n02100735,13,3,0.0025408322302003703,0.06682374328374863,0.33229724566141766,0.01254617857436339,0.009223206589619318
7500,H8-V,212,n02100735/ILSVRC2012_val_00017592_n02100735,19,3,0.002538073885565003,0.06466444333394368,0.3286595145861308,0.01229111353556315,0.009004518389701843
7500,H8-V,213,n02100877/ILSVRC2012_val_00015518_n02100877,1,3,0.011980562781294187,0.2669513523578644,0.6691620349884033,0.0453673197577397,0.0386756993830204
7500,H8-V,213,n02100877/ILSVRC2012_val_00015518_n02100877,4,3,0.005491220857948065,0.09461408605178197,0.4930342733860016,0.01988297204176585,0.014952629494170347
7500,H8-V,213,n02100877/ILSVRC2012_val_00015518_n02100877,7,3,0.005040201048056285,0.09021704892317454,0.4634103675683339,0.018696009491880734,0.014061906064550081
7500,H8-V,213,n02100877/ILSVRC2012_val_00015518_n02100877,13,3,0.004655393306165934,0.086104782919089,0.43939398725827533,0.017659811303019524,0.013265871753295263
7500,H8-V,213,n02100877/ILSVRC2012_val_00015518_n02100877,19,3,0.00458709088464578,0.08536917964617412,0.4348243276278178,0.017472251628835995,0.013124008973439535
7500,H8-V,214,n02101006/ILSVRC2012_val_00014744_n02101006,1,3,0.010956013109534979,0.18444588283697763,0.7447248299916586,0.03684785030782223,0.02940060260395209
7500,H8-V,214,n02101006/ILSVRC2012_val_00014744_n02101006,4,3,0.005262531650563081,0.10925572862227757,0.6112337112426758,0.022300441438953083,0.016188104326526325
7500,H8-V,214,n02101006/ILSVRC2012_val_00014744_n02101006,7,3,0.004926673447092374,0.10391601175069809,0.5806039969126383,0.02112431451678276,0.015318274808426699
7500,H8-V,214,n02101006/ILSVRC2012_val_00014744_n02101006,13,3,0.004661200723300378,0.09823334962129593,0.5542030731836954,0.020026566460728645,0.014484535902738571
7500,H8-V,214,n02101006/ILSVRC2012_val_00014744_n02101006,19,3,0.004620576587816079,0.09668408334255219,0.5467712680498759,0.019756697739164036,0.014288985170423985
7500,H8-V,215,n02101388/ILSVRC2012_val_00031633_n02101388,1,3,0.011692125971118609,0.18009205162525177,0.620710293451945,0.03590843454003334,0.029701332251230877
7500,H8-V,215,n02101388/ILSVRC2012_val_00031633_n02101388,4,3,0.005842339092244704,0.1024076168735822,0.5001926124095917,0.021085026984413464,0.01608310081064701
7500,H8-V,215,n02101388/ILSVRC2012_val_00031633_n02101388,7,3,0.005255157748858134,0.0949460119009018,0.46898168325424194,0.0194395761936903,0.014749759187301
7500,H8-V,215,n02101388/ILSVRC2012_val_00031633_n02101388,13,3,0.004738295761247476,0.09009396036465962,0.4436764617760976,0.018184455732504528,0.013747691797713438
7500,H8-V,215,n02101388/ILSVRC2012_val_00031633_n02101388,19,3,0.0045336210168898106,0.08799205472071965,0.4389926890532176,0.01772275318702062,0.013332826706270376
7500,H8-V,216,n02101556/ILSVRC2012_val_00045011_n02101556,1,3,0.00953389642139276,0.17018496245145798,0.5265492796897888,0.03181788511574268,0.026552392169833183
7500,H8-V,216,n02101556/ILSVRC2012_val_00045011_n02101556,4,3,0.005213545014460881,0.08781687170267105,0.4063035845756531,0.01805826835334301,0.013995232370992502
7500,H8-V,216,n02101556/ILSVRC2012_val_00045011_n02101556,7,3,0.004833611814926068,0.0839068020383517,0.37814341982205707,0.01700572669506073,0.013224292546510696
7500,H8-V,216,n02101556/ILSVRC2012_val_00045011_n02101556,13,3,0.0045237154699862,0.08004933098951976,0.3563638726870219,0.0160922867556413,0.012528648599982262
7500,H8-V,216,n02101556/ILSVRC2012_val_00045011_n02101556,19,3,0.004438444661597411,0.0787673865755399,0.35341693957646686,0.015849352503816288,0.012315183567504088
7500,H8-V,217,n02102040/ILSVRC2012_val_00027182_n02102040,1,3,0.01310748296479384,0.19415108859539032,0.8194639881451925,0.040717230488856636,0.03252259145180384
7500,H8-V,217,n02102040/ILSVRC2012_val_00027182_n02102040,4,3,0.004552824577937524,0.10949210574229558,0.6712833245595297,0.02221486841638883,0.01550203561782837
7500,H8-V,217,n02102040/ILSVRC2012_val_00027182_n02102040,7,3,0.004185991206516822,0.1039156715075175,0.63943479458491,0.020971906060973804,0.014577558264136314
7500,H8-V,217,n02102040/ILSVRC2012_val_00027182_n02102040,13,3,0.0038682420272380114,0.10031527032454808,0.6128164529800415,0.02002793364226818,0.013899769634008408
7500,H8-V,217,n02102040/ILSVRC2012_val_00027182_n02102040,19,3,0.003768250346183777,0.09921713173389435,0.6079020698865255,0.019768983746568363,0.01368996345748504
7500,H8-V,218,n02102177/ILSVRC2012_val_00032784_n02102177,1,3,0.014023673410216967,0.17695565521717072,0.6207462549209595,0.037926699966192245,0.03171923818687598
7500,H8-V,218,n02102177/ILSVRC2012_val_00032784_n02102177,4,3,0.009056091619034609,0.11726176490386327,0.48744750022888184,0.025656743595997494,0.02078226829568545
7500,H8-V,218,n02102177/ILSVRC2012_val_00032784_n02102177,7,3,0.00856834432731072,0.11333415657281876,0.4576898515224457,0.024478658412893612,0.019901759922504425
7500,H8-V,218,n02102177/ILSVRC2012_val_00032784_n02102177,13,3,0.008114731560150782,0.11071612189213435,0.43408629298210144,0.023527206853032112,0.019186343997716904
7500,H8-V,218,n02102177/ILSVRC2012_val_00032784_n02102177,19,3,0.007963073129455248,0.10923038174708684,0.4305655856927236,0.023191766813397408,0.018886111055811245
7500,H8-V,219,n02102318/ILSVRC2012_val_00024691_n02102318,1,3,0.01022416539490223,0.1974964439868927,0.6481696367263794,0.03645550459623337,0.02997380867600441
7500,H8-V,219,n02102318/ILSVRC2012_val_00024691_n02102318,4,3,0.003846494092916449,0.09565393378337224,0.49603185057640076,0.018372206017374992,0.013411887921392918
7500,H8-V,219,n02102318/ILSVRC2012_val_00024691_n02102318,7,3,0.0034552228171378374,0.09044304490089417,0.46563905477523804,0.017155917982260387,0.012499527384837469
7500,H8-V,219,n02102318/ILSVRC2012_val_00024691_n02102318,13,3,0.0031330312291781106,0.08628215144077937,0.44072700540224713,0.016168517371018726,0.011761247180402279
7500,H8-V,219,n02102318/ILSVRC2012_val_00024691_n02102318,19,3,0.0030518938632061086,0.08441516757011414,0.4359034597873688,0.015852445115645725,0.011493410915136337
7500,H8-V,220,n02102480/ILSVRC2012_val_00002303_n02102480,1,3,0.010657623099784056,0.22063841422398886,0.7076655030250549,0.039798120657602944,0.03272146607438723
7500,H8-V,220,n02102480/ILSVRC2012_val_00002303_n02102480,4,3,0.005827919269601504,0.12443767736355464,0.5706789096196493,0.023978475481271744,0.018271686509251595
7500,H8-V,220,n02102480/ILSVRC2012_val_00002303_n02102480,7,3,0.005336129417022069,0.11706419537464778,0.5400552749633789,0.022443102051814396,0.017042549327015877
7500,H8-V,220,n02102480/ILSVRC2012_val_00002303_n02102480,13,3,0.0050134666574498015,0.11204271018505096,0.5159778396288554,0.021377515668670338,0.016217737769087155
7500,H8-V,220,n02102480/ILSVRC2012_val_00002303_n02102480,19,3,0.00497877411544323,0.11176971097787221,0.5119698842366537,0.021275443956255913,0.016155745834112167
7500,H8-V,221,n02102973/ILSVRC2012_val_00047277_n02102973,1,3,0.014716632043321928,0.19021522998809814,0.5958338181177775,0.0396964947382609,0.03373815678060055
7500,H8-V,221,n02102973/ILSVRC2012_val_00047277_n02102973,4,3,0.007853636983782053,0.10249283164739609,0.46327035625775653,0.022735624263683956,0.018102920303742092
7500,H8-V,221,n02102973/ILSVRC2012_val_00047277_n02102973,7,3,0.007474018881718318,0.09865972399711609,0.43439899881680805,0.021683982263008755,0.017339992026487987
7500,H8-V,221,n02102973/ILSVRC2012_val_00047277_n02102973,13,3,0.007118697743862867,0.09541746973991394,0.4118519425392151,0.02077896458407243,0.016660445059339207
7500,H8-V,221,n02102973/ILSVRC2012_val_00047277_n02102973,19,3,0.006970852458228667,0.09375620633363724,0.4092230995496114,0.020438704018791515,0.01634647324681282
7500,H8-V,222,n02104029/ILSVRC2012_val_00024981_n02104029,1,3,0.014358844608068466,0.1899003634850184,0.5927640597025553,0.039276521652936935,0.03334888070821762
7500,H8-V,222,n02104029/ILSVRC2012_val_00024981_n02104029,4,3,0.012179247103631496,0.1582155575354894,0.5091267625490824,0.03309207037091255,0.02800080304344495
7500,H8-V,222,n02104029/ILSVRC2012_val_00024981_n02104029,7,3,0.011746451569100222,0.15366458396116892,0.48032552003860474,0.03191616510351499,0.027112910524010658
7500,H8-V,222,n02104029/ILSVRC2012_val_00024981_n02104029,13,3,0.011385129764676094,0.14910578231016794,0.45803311467170715,0.0308760404586792,0.02629570911327998
7500,H8-V,222,n02104029/ILSVRC2012_val_00024981_n02104029,19,3,0.011328669885794321,0.1469852477312088,0.45623648166656494,0.030589559425910313,0.026027195155620575
7500,H8-V,223,n02104365/ILSVRC2012_val_00037330_n02104365,1,3,0.013788632738093535,0.24006854246060053,0.6149221261342367,0.043944706519444786,0.03779548530777296
7500,H8-V,223,n02104365/ILSVRC2012_val_00037330_n02104365,4,3,0.005263734608888626,0.08424430588881175,0.43138336141904193,0.018001999085148174,0.013688165384034315
7500,H8-V,223,n02104365/ILSVRC2012_val_00037330_n02104365,7,3,0.004863148865600427,0.07836127529541652,0.40265218416849774,0.016725798447926838,0.012699276208877563
7500,H8-V,223,n02104365/ILSVRC2012_val_00037330_n02104365,13,3,0.004554163509358962,0.0736340582370758,0.3795839647452037,0.01571340983112653,0.011917569984992346
7500,H8-V,223,n02104365/ILSVRC2012_val_00037330_n02104365,19,3,0.004481213167309761,0.0720100204149882,0.3742671012878418,0.015424886097510656,0.01168221514672041
7500,H8-V,224,n02105056/ILSVRC2012_val_00048051_n02105056,1,3,0.015076121936241785,0.17899600664774576,0.7521853844324747,0.040497576196988426,0.032975723346074425
7500,H8-V,224,n02105056/ILSVRC2012_val_00048051_n02105056,4,3,0.011163465057810148,0.1404032607873281,0.6425713300704956,0.031629505256811775,0.02520379175742467
7500,H8-V,224,n02105056/ILSVRC2012_val_00048051_n02105056,7,3,0.010540037415921688,0.1337618033091227,0.6105220715204874,0.030021438995997112,0.02391621842980385
7500,H8-V,224,n02105056/ILSVRC2012_val_00048051_n02105056,13,3,0.00997085745135943,0.12559819966554642,0.5815781354904175,0.028346458449959755,0.022530677417914074
7500,H8-V,224,n02105056/ILSVRC2012_val_00048051_n02105056,19,3,0.009790589412053427,0.12054965396722157,0.5728861093521118,0.027574416249990463,0.021845554932951927
7500,H8-V,225,n02105162/ILSVRC2012_val_00012708_n02105162,1,3,0.008866731853534779,0.15603061517079672,0.7314152717590332,0.03178394523759683,0.02446979284286499
7500,H8-V,225,n02105162/ILSVRC2012_val_00012708_n02105162,4,3,0.006085232676317294,0.11551008373498917,0.6029959917068481,0.023666200538476307,0.017636241391301155
7500,H8-V,225,n02105162/ILSVRC2012_val_00012708_n02105162,7,3,0.00567361805588007,0.1098468725879987,0.5725094477335612,0.022383398686846096,0.01665830488006274
7500,H8-V,225,n02105162/ILSVRC2012_val_00012708_n02105162,13,3,0.005287309953322013,0.104890376329422,0.5453432202339172,0.021229779968659084,0.01577634798983733
7500,H8-V,225,n02105162/ILSVRC2012_val_00012708_n02105162,19,3,0.00514017790555954,0.10412641863028209,0.5376155575116476,0.02092897581557433,0.015552820016940435
7500,H8-V,226,n02105251/ILSVRC2012_val_00026208_n02105251,1,3,0.010115635270873705,0.16329582532246908,0.8356876571973165,0.03480209410190582,0.0264452180514733
7500,H8-V,226,n02105251/ILSVRC2012_val_00026208_n02105251,4,3,0.007009158066163461,0.1268912081917127,0.7250243624051412,0.02694852277636528,0.019698279599348705
7500,H8-V,226,n02105251/ILSVRC2012_val_00026208_n02105251,7,3,0.006541391058514516,0.12219155331452687,0.6938994328180949,0.025699540972709656,0.018760547041893005
7500,H8-V,226,n02105251/ILSVRC2012_val_00026208_n02105251,13,3,0.006150954402983189,0.11549915373325348,0.6662660638491312,0.02436353142062823,0.01770087021092574
7500,H8-V,226,n02105251/ILSVRC2012_val_00026208_n02105251,19,3,0.006086793262511492,0.1124183585246404,0.6588016152381897,0.023916644354661305,0.01732862927019596
7500,H8-V,227,n02105412/ILSVRC2012_val_00015210_n02105412,1,3,0.010494341452916464,0.19351346294085184,0.6693366567293803,0.036539056027928986,0.029845689112941425
7500,H8-V,227,n02105412/ILSVRC2012_val_00015210_n02105412,4,3,0.0048541232633094,0.10471791525681813,0.5296241839726766,0.02062215656042099,0.015325914757947126
7500,H8-V,227,n02105412/ILSVRC2012_val_00015210_n02105412,7,3,0.004576232749968767,0.10067890087763469,0.49963317314783734,0.019640454401572544,0.014644122992952665
7500,H8-V,227,n02105412/ILSVRC2012_val_00015210_n02105412,13,3,0.004282025930782159,0.09661490221818288,0.4760595162709554,0.018704111377398174,0.013943516338864962
7500,H8-V,227,n02105412/ILSVRC2012_val_00015210_n02105412,19,3,0.004132467322051525,0.0931687131524086,0.4724897543589274,0.018174236019452412,0.013449338885645071
7500,H8-V,228,n02105505/ILSVRC2012_val_00019932_n02105505,1,3,0.00973240410288175,0.16800127426783243,0.43714118003845215,0.030903943503896397,0.02653253140548865
7500,H8-V,228,n02105505/ILSVRC2012_val_00019932_n02105505,4,3,0.007783060427755117,0.12064328293005626,0.35298049449920654,0.02337719437976678,0.019847389310598373
7500,H8-V,228,n02105505/ILSVRC2012_val_00019932_n02105505,7,3,0.007496401822815339,0.11608653018871944,0.32584454615910846,0.02236350066959858,0.019105055058995884
7500,H8-V,228,n02105505/ILSVRC2012_val_00019932_n02105505,13,3,0.007267499653001626,0.11232580989599228,0.3062586784362793,0.021562668184439342,0.018500081573923428
7500,H8-V,228,n02105505/ILSVRC2012_val_00019932_n02105505,19,3,0.007232766753683488,0.11018992215394974,0.306271493434906,0.02131447320183118,0.01825175868968169
7500,H8-V,229,n02105641/ILSVRC2012_val_00022259_n02105641,1,3,0.01121820913006862,0.1664556364218394,0.6349574327468872,0.03421334611872832,0.027863773206869762
7500,H8-V,229,n02105641/ILSVRC2012_val_00022259_n02105641,4,3,0.006612319654474656,0.10800421983003616,0.5295246044794718,0.022707988197604816,0.017412741978963215
7500,H8-V,229,n02105641/ILSVRC2012_val_00022259_n02105641,7,3,0.006144531226406495,0.1029483253757159,0.4998000164826711,0.021437364319960277,0.016439363981286686
7500,H8-V,229,n02105641/ILSVRC2012_val_00022259_n02105641,13,3,0.0057081311630705995,0.09678119172652562,0.4762317935625712,0.02014856847623984,0.01538625049094359
7500,H8-V,229,n02105641/ILSVRC2012_val_00022259_n02105641,19,3,0.0055635881920655566,0.09470863888661067,0.4732518394788106,0.01976697084804376,0.015034452391167482
7500,H8-V,230,n02105855/ILSVRC2012_val_00032064_n02105855,1,3,0.014414011190334955,0.20233147839705148,1.0573711792627971,0.04522087052464485,0.03464715927839279
7500,H8-V,230,n02105855/ILSVRC2012_val_00032064_n02105855,4,3,0.010821074557801088,0.14555842181046805,0.9317750930786133,0.03469466790556908,0.025376917173465092
7500,H8-V,230,n02105855/ILSVRC2012_val_00032064_n02105855,7,3,0.010244046337902546,0.1406918466091156,0.8968400955200195,0.03328163300951322,0.024313231309254963
7500,H8-V,230,n02105855/ILSVRC2012_val_00032064_n02105855,13,3,0.009724533185362816,0.1364865998427073,0.8629386027654012,0.03200257942080498,0.02337319403886795
7500,H8-V,230,n02105855/ILSVRC2012_val_00032064_n02105855,19,3,0.009594975970685482,0.13422469794750214,0.8507943749427795,0.031525389601786934,0.0230174462000529
7500,H8-V,231,n02106030/ILSVRC2012_val_00027522_n02106030,1,3,0.012054607893029848,0.15051057438055673,0.5161018967628479,0.032266683876514435,0.027105665455261867
7500,H8-V,231,n02106030/ILSVRC2012_val_00027522_n02106030,4,3,0.00859309546649456,0.09466685354709625,0.41314177711804706,0.02219119854271412,0.018059780821204185
7500,H8-V,231,n02106030/ILSVRC2012_val_00027522_n02106030,7,3,0.008138262356321016,0.0898583357532819,0.3839553991953532,0.020963649575908978,0.01712409531076749
7500,H8-V,231,n02106030/ILSVRC2012_val_00027522_n02106030,13,3,0.007736228406429291,0.0861087366938591,0.36095059911410016,0.019956607992450397,0.016347102199991543
7500,H8-V,231,n02106030/ILSVRC2012_val_00027522_n02106030,19,3,0.007613539074858029,0.08498780429363251,0.3572000364462535,0.01968432093660037,0.016112320125102997
7500,H8-V,232,n02106166/ILSVRC2012_val_00018080_n02106166,1,3,0.023657757478455704,0.20952246834834418,0.6279951135317484,0.050889955212672554,0.04461000425120195
7500,H8-V,232,n02106166/ILSVRC2012_val_00018080_n02106166,4,3,0.008181614490846792,0.08711344003677368,0.4749513665835063,0.021642471974094708,0.016892959053317707
7500,H8-V,232,n02106166/ILSVRC2012_val_00018080_n02106166,7,3,0.0078009300244351225,0.08352567503849666,0.44593491156895954,0.020612846439083416,0.016153497621417046
7500,H8-V,232,n02106166/ILSVRC2012_val_00018080_n02106166,13,3,0.007471937375764052,0.07885882258415222,0.4223582943280538,0.01958140234152476,0.015357819385826588
7500,H8-V,232,n02106166/ILSVRC2012_val_00018080_n02106166,19,3,0.0073862639255821705,0.07623500128587087,0.4174772997697194,0.01918453723192215,0.015009763961037
7500,H8-V,233,n02106382/ILSVRC2012_val_00030971_n02106382,1,3,0.010129444456348816,0.25087107717990875,0.6091441710789999,0.04130799571673075,0.03521655313670635
7500,H8-V,233,n02106382/ILSVRC2012_val_00030971_n02106382,4,3,0.005093771653870742,0.1286663512388865,0.45261769493420917,0.022486582398414612,0.017960406218965847
7500,H8-V,233,n02106382/ILSVRC2012_val_00030971_n02106382,7,3,0.004793691759308179,0.12325634062290192,0.424170325199763,0.021361028775572777,0.017119325697422028
7500,H8-V,233,n02106382/ILSVRC2012_val_00030971_n02106382,13,3,0.00453119445592165,0.11650147537390391,0.4014439781506856,0.02019578218460083,0.0161813423037529
7500,H8-V,233,n02106382/ILSVRC2012_val_00030971_n02106382,19,3,0.004455484449863434,0.11281733463207881,0.3974950611591339,0.019712168723344803,0.015737218161424
7500,H8-V,234,n02106550/ILSVRC2012_val_00047499_n02106550,1,3,0.008282531673709551,0.18314890563488007,0.777121106783549,0.03436863422393799,0.026597422858079273
7500,H8-V,234,n02106550/ILSVRC2012_val_00047499_n02106550,4,3,0.004304023614774148,0.12893648445606232,0.6589396595954895,0.02378706882397334,0.01719767227768898
7500,H8-V,234,n02106550/ILSVRC2012_val_00047499_n02106550,7,3,0.003985759414111574,0.12337812036275864,0.6286909778912863,0.022610480586687725,0.016323571403821308
7500,H8-V,234,n02106550/ILSVRC2012_val_00047499_n02106550,13,3,0.0037206385750323534,0.11726289490858714,0.6028543710708618,0.021475472177068394,0.015446928329765797
7500,H8-V,234,n02106550/ILSVRC2012_val_00047499_n02106550,19,3,0.0036576937418431044,0.11636940389871597,0.5963364839553833,0.021257999663551647,0.015294634426633516
7500,H8-V,235,n02106662/ILSVRC2012_val_00032995_n02106662,1,3,0.011678800297280153,0.22330251336097717,0.633059024810791,0.04033964251478513,0.03400905181964239
7500,H8-V,235,n02106662/ILSVRC2012_val_00032995_n02106662,4,3,0.0090249702334404,0.17397119601567587,0.5403902729352316,0.031825993210077286,0.026422090207537014
7500,H8-V,235,n02106662/ILSVRC2012_val_00032995_n02106662,7,3,0.00867785948018233,0.16668914755185446,0.5117637912432352,0.0304644126445055,0.025346775228778522
7500,H8-V,235,n02106662/ILSVRC2012_val_00032995_n02106662,13,3,0.00837494588146607,0.16074753801027933,0.4880068600177765,0.0293297686924537,0.02444969986875852
7500,H8-V,235,n02106662/ILSVRC2012_val_00032995_n02106662,19,3,0.008299075377484163,0.1572133849064509,0.48225049177805585,0.028842919195691746,0.02402041417857011
7500,H8-V,236,n02107142/ILSVRC2012_val_00037089_n02107142,1,3,0.014762657694518566,0.21571081380049387,0.8296193480491638,0.044629933933417,0.03633373975753784
7500,H8-V,236,n02107142/ILSVRC2012_val_00037089_n02107142,4,3,0.011736790960033735,0.1468570133050283,0.7081130345662435,0.03350362305839857,0.026422492538889248
7500,H8-V,236,n02107142/ILSVRC2012_val_00037089_n02107142,7,3,0.011210039568444094,0.14215201139450073,0.6765438715616862,0.03219067926208178,0.025425241018335026
7500,H8-V,236,n02107142/ILSVRC2012_val_00037089_n02107142,13,3,0.010792079692085585,0.1363879293203354,0.6501661737759908,0.030932534486055374,0.02443087287247181
7500,H8-V,236,n02107142/ILSVRC2012_val_00037089_n02107142,19,3,0.010803347763915857,0.13418826957543692,0.6440608700116476,0.03066278373201688,0.024222175280253094
7500,H8-V,237,n02107312/ILSVRC2012_val_00016577_n02107312,1,3,0.014112653831640879,0.27222472925980884,0.9827698071797689,0.05116282527645429,0.04133512700597445
7500,H8-V,237,n02107312/ILSVRC2012_val_00016577_n02107312,4,3,0.0074935960583388805,0.1299418956041336,0.79030841588974,0.028390870119134586,0.020487785960237186
7500,H8-V,237,n02107312/ILSVRC2012_val_00016577_n02107312,7,3,0.007045232380429904,0.12421432882547379,0.759259561697642,0.02705926075577736,0.019466665262977283
7500,H8-V,237,n02107312/ILSVRC2012_val_00016577_n02107312,13,3,0.006664357613772154,0.11871872842311859,0.7317680716514587,0.025853910793860752,0.01853623054921627
7500,H8-V,237,n02107312/ILSVRC2012_val_00016577_n02107312,19,3,0.00656085725252827,0.1165246640642484,0.7237715323766073,0.025451038653651874,0.018213323627909023
7500,H8-V,238,n02107574/ILSVRC2012_val_00018178_n02107574,1,3,0.007001238564650218,0.13668540865182877,0.6037794550259908,0.02670757348338763,0.020669779429833095
7500,H8-V,238,n02107574/ILSVRC2012_val_00018178_n02107574,4,3,0.0045782774686813354,0.09178001681963603,0.4922247330347697,0.01867852732539177,0.013756279833614826
7500,H8-V,238,n02107574/ILSVRC2012_val_00018178_n02107574,7,3,0.004168711913128694,0.08691652367512386,0.4623963038126628,0.017484327778220177,0.012860364901522795
7500,H8-V,238,n02107574/ILSVRC2012_val_00018178_n02107574,13,3,0.003807097440585494,0.08336727817853291,0.4376201331615448,0.016520026450355847,0.01214382549126943
7500,H8-V,238,n02107574/ILSVRC2012_val_00018178_n02107574,19,3,0.003717291789750258,0.08266805112361908,0.4320967197418213,0.016305064782500267,0.011984097150464853
7500,H8-V,239,n02107683/ILSVRC2012_val_00005175_n02107683,1,3,0.008144406912227472,0.17776045203208923,0.5675815343856812,0.0315962682167689,0.025920452550053596
7500,H8-V,239,n02107683/ILSVRC2012_val_00005175_n02107683,4,3,0.003471112266803781,0.09217430154482524,0.46077324946721393,0.0172962745030721,0.012688542405764261
7500,H8-V,239,n02107683/ILSVRC2012_val_00005175_n02107683,7,3,0.0032161774579435587,0.08635941644509633,0.43071167667706806,0.01615923581024011,0.011852119117975235
7500,H8-V,239,n02107683/ILSVRC2012_val_00005175_n02107683,13,3,0.002980706592400869,0.08162669837474823,0.40723976492881775,0.015215773445864519,0.011143376119434834
7500,H8-V,239,n02107683/ILSVRC2012_val_00005175_n02107683,19,3,0.0029123245428005853,0.07864374667406082,0.4038536151250203,0.014815235200027624,0.01077669889976581
7500,H8-V,240,n02107908/ILSVRC2012_val_00040952_n02107908,1,3,0.013126672556002935,0.23954978585243225,0.834213654200236,0.04542378708720207,0.037081651389598846
7500,H8-V,240,n02107908/ILSVRC2012_val_00040952_n02107908,4,3,0.009184901292125383,0.14074127872784933,0.6748080054918925,0.03000710966686408,0.023259029413263004
7500,H8-V,240,n02107908/ILSVRC2012_val_00040952_n02107908,7,3,0.008782560005784035,0.135751282175382,0.6440523068110148,0.028798211365938187,0.02235768859585126
7500,H8-V,240,n02107908/ILSVRC2012_val_00040952_n02107908,13,3,0.008455866326888403,0.13054879506429037,0.6174992322921753,0.02768573723733425,0.02151074508825938
7500,H8-V,240,n02107908/ILSVRC2012_val_00040952_n02107908,19,3,0.008388645015656948,0.12916097541650137,0.6102272470792135,0.027407015363375347,0.021304742743571598
7500,H8-V,241,n02108000/ILSVRC2012_val_00037858_n02108000,1,3,0.022396494324008625,0.28482015430927277,1.2917303244272869,0.06379581242799759,0.050878509879112244
7500,H8-V,241,n02108000/ILSVRC2012_val_00037858_n02108000,4,3,0.008980829579134783,0.14891038835048676,1.059328277905782,0.0344651515285174,0.02387186884880066
7500,H8-V,241,n02108000/ILSVRC2012_val_00037858_n02108000,7,3,0.008306611329317093,0.14207769930362701,1.0228715737660725,0.032743096351623535,0.022514381135503452
7500,H8-V,241,n02108000/ILSVRC2012_val_00037858_n02108000,13,3,0.007723081236084302,0.13654944797356924,0.9861247340838114,0.031239273647467296,0.02137802665432294
7500,H8-V,241,n02108000/ILSVRC2012_val_00037858_n02108000,19,3,0.007505955174565315,0.13338943819204965,0.9726671973864237,0.03057156999905904,0.020844898497064907
7500,H8-V,242,n02108089/ILSVRC2012_val_00013856_n02108089,1,3,0.011292445473372936,0.21724067131678262,0.8447422385215759,0.04146393512686094,0.03301651341219743
7500,H8-V,242,n02108089/ILSVRC2012_val_00013856_n02108089,4,3,0.007814642662803331,0.14789036909739176,0.7299383481343588,0.029903062308828037,0.022603679448366165
7500,H8-V,242,n02108089/ILSVRC2012_val_00013856_n02108089,7,3,0.007188590553899606,0.14024177690347037,0.6960057814915975,0.028172825773557026,0.021212768430511158
7500,H8-V,242,n02108089/ILSVRC2012_val_00013856_n02108089,13,3,0.006482699885964394,0.13048484921455383,0.6659943262736002,0.026191127796967823,0.019531184807419777
7500,H8-V,242,n02108089/ILSVRC2012_val_00013856_n02108089,19,3,0.006214673941334088,0.12596056361993155,0.6576284567515055,0.025387015814582508,0.018810731048385303
7500,H8-V,243,n02108422/ILSVRC2012_val_00026273_n02108422,1,3,0.01079130203773578,0.18243655065695444,0.7762348453203837,0.03679730494817098,0.02903495728969574
7500,H8-V,243,n02108422/ILSVRC2012_val_00026273_n02108422,4,3,0.007933494634926319,0.12889341016610464,0.6766661008199056,0.02758949746688207,0.020822836086153984
7500,H8-V,243,n02108422/ILSVRC2012_val_00026273_n02108422,7,3,0.007349738385528326,0.11993514498074849,0.6454396645228068,0.025797648976246517,0.019343252604206402
7500,H8-V,243,n02108422/ILSVRC2012_val_00026273_n02108422,13,3,0.006929551872114341,0.11365275333325069,0.6185771226882935,0.02448059804737568,0.018294827391703922
7500,H8-V,243,n02108422/ILSVRC2012_val_00026273_n02108422,19,3,0.0068543399684131145,0.11073830723762512,0.6116652488708496,0.02404482290148735,0.017928171282013256
7500,H8-V,244,n02108551/ILSVRC2012_val_00016579_n02108551,1,3,0.008596287108957767,0.212784672776858,0.6869942545890808,0.0367446963985761,0.02987475444873174
7500,H8-V,244,n02108551/ILSVRC2012_val_00016579_n02108551,4,3,0.004149922014524539,0.12103834996620814,0.5438495477040609,0.021692253028353054,0.016253757600982983
7500,H8-V,244,n02108551/ILSVRC2012_val_00016579_n02108551,7,3,0.0038361345262577138,0.1143992468714714,0.5150260329246521,0.020426319912075996,0.01527605950832367
7500,H8-V,244,n02108551/ILSVRC2012_val_00016579_n02108551,13,3,0.0035492397534350553,0.10772863030433655,0.4915645817915599,0.019237748657663662,0.01432210331161817
7500,H8-V,244,n02108551/ILSVRC2012_val_00016579_n02108551,19,3,0.003444565382475654,0.10426093389590581,0.48722294966379803,0.01874288854499658,0.013870658973852793
7500,H8-V,245,n02108915/ILSVRC2012_val_00018792_n02108915,1,3,0.0049717905931174755,0.13299106061458588,0.5755493640899658,0.02402639016509056,0.01827089674770832
7500,H8-V,245,n02108915/ILSVRC2012_val_00018792_n02108915,4,3,0.002984520591174563,0.08528297891219457,0.4748663008213043,0.016261481990416844,0.011512819056709608
7500,H8-V,245,n02108915/ILSVRC2012_val_00018792_n02108915,7,3,0.0026353795547038317,0.07907272626956303,0.444493701060613,0.014987589170535406,0.01054265225927035
7500,H8-V,245,n02108915/ILSVRC2012_val_00018792_n02108915,13,3,0.0024156864577283463,0.07467811554670334,0.4196278750896454,0.014079777213434378,0.009883498152097067
7500,H8-V,245,n02108915/ILSVRC2012_val_00018792_n02108915,19,3,0.002371024495611588,0.07301413267850876,0.41401512424151105,0.013812589148680368,0.009672438104947409
7500,H8-V,246,n02109047/ILSVRC2012_val_00036231_n02109047,1,3,0.007158827036619186,0.18080459038416544,0.6141231060028076,0.03138051678737005,0.025239286323388416
7500,H8-V,246,n02109047/ILSVRC2012_val_00036231_n02109047,4,3,0.004102152151366075,0.1207916463414828,0.5053382913271586,0.021234699835379917,0.016181316847602528
7500,H8-V,246,n02109047/ILSVRC2012_val_00036231_n02109047,7,3,0.0038274331794430814,0.1170839120944341,0.4768539269765218,0.020304363841811817,0.015535824311276277
7500,H8-V,246,n02109047/ILSVRC2012_val_00036231_n02109047,13,3,0.0035452342902620635,0.11152125398317973,0.45391425490379333,0.019236502548058827,0.01469736018528541
7500,H8-V,246,n02109047/ILSVRC2012_val_00036231_n02109047,19,3,0.003429535931597153,0.10776884357134502,0.4502590298652649,0.018709010755022366,0.014206420009334883
7500,H8-V,247,n02109525/ILSVRC2012_val_00048400_n02109525,1,3,0.021329670523603756,0.3247743745644887,0.9102840820948283,0.06290994957089424,0.05380710835258166
7500,H8-V,247,n02109525/ILSVRC2012_val_00048400_n02109525,4,3,0.01403567815820376,0.18610645333925882,0.7294898430506388,0.039941221475601196,0.032646323243776955
7500,H8-V,247,n02109525/ILSVRC2012_val_00048400_n02109525,7,3,0.013372929456333319,0.18169277906417847,0.697919487953186,0.03852140158414841,0.03154220680395762
7500,H8-V,247,n02109525/ILSVRC2012_val_00048400_n02109525,13,3,0.012844066446026167,0.17552452782789865,0.6712398131688436,0.03710891678929329,0.03039651984969775
7500,H8-V,247,n02109525/ILSVRC2012_val_00048400_n02109525,19,3,0.01275878306478262,0.1717712233463923,0.6652077237764994,0.036587982128063835,0.02993590508898099
7500,H8-V,248,n02109961/ILSVRC2012_val_00002066_n02109961,1,3,0.009809935155014196,0.2413802444934845,0.6773534218470255,0.04072149470448494,0.03394796078403791
7500,H8-V,248,n02109961/ILSVRC2012_val_00002066_n02109961,4,3,0.0038252358014384904,0.10798115283250809,0.5064335465431213,0.01968768673638503,0.014623351395130157
7500,H8-V,248,n02109961/ILSVRC2012_val_00002066_n02109961,7,3,0.003495517186820507,0.1022467960913976,0.47570327917734784,0.01847722940146923,0.013720196671783924
7500,H8-V,248,n02109961/ILSVRC2012_val_00002066_n02109961,13,3,0.0032087789538005986,0.09664685279130936,0.4498264988263448,0.017371729637185734,0.012873464884857336
7500,H8-V,248,n02109961/ILSVRC2012_val_00002066_n02109961,19,3,0.003117879697432121,0.09475323309501012,0.4436321457227071,0.017029524470369022,0.012593203224241734
7500,H8-V,249,n02110063/ILSVRC2012_val_00019342_n02110063,1,3,0.007678494323045015,0.21440547704696655,0.5991339087486267,0.03511038112143675,0.029119042058785755
7500,H8-V,249,n02110063/ILSVRC2012_val_00019342_n02110063,4,3,0.004673887354632218,0.14122779667377472,0.48009805878003436,0.02359764650464058,0.01879666621486346
7500,H8-V,249,n02110063/ILSVRC2012_val_00019342_n02110063,7,3,0.004362804194291432,0.13452367981274924,0.4514787793159485,0.022329960018396378,0.01781517267227173
7500,H8-V,249,n02110063/ILSVRC2012_val_00019342_n02110063,13,3,0.004059589933604002,0.12937653561433157,0.42921268939971924,0.02128936971227328,0.0169972429672877
7500,H8-V,249,n02110063/ILSVRC2012_val_00019342_n02110063,19,3,0.003985135195155938,0.12729508181413016,0.42653168241182965,0.02097996013859908,0.01671464368700981
7500,H8-V,250,n02110185/ILSVRC2012_val_00048830_n02110185,1,3,0.008486354257911444,0.22164749602476755,0.593422512213389,0.03658532972137133,0.030651104946931202
7500,H8-V,250,n02110185/ILSVRC2012_val_00048830_n02110185,4,3,0.005560758834083875,0.14706865946451822,0.47826919953028363,0.025050316626826923,0.020267625028888386
7500,H8-V,250,n02110185/ILSVRC2012_val_00048830_n02110185,7,3,0.005236747053762277,0.14071209728717804,0.44930089513460797,0.023800965398550034,0.01930795672039191
7500,H8-V,250,n02110185/ILSVRC2012_val_00048830_n02110185,13,3,0.0049734342222412424,0.13308496276537576,0.4257734219233195,0.022539664059877396,0.018281929815808933
7500,H8-V,250,n02110185/ILSVRC2012_val_00048830_n02110185,19,3,0.004932361034055551,0.1300597240527471,0.42124143242836,0.02215074747800827,0.017938333253065746
7500,H8-V,251,n02110341/ILSVRC2012_val_00020015_n02110341,1,3,0.011925563216209412,0.18461043139298758,0.5098540782928467,0.035485148429870605,0.030386607473095257
7500,H8-V,251,n02110341/ILSVRC2012_val_00020015_n02110341,4,3,0.009547988573710123,0.13882396121819815,0.4124926229317983,0.027555310477813084,0.023430384695529938
7500,H8-V,251,n02110341/ILSVRC2012_val_00020015_n02110341,7,3,0.009138162868718306,0.13377742966016135,0.3848572274049123,0.026364477972189587,0.022515906020998955
7500,H8-V,251,n02110341/ILSVRC2012_val_00020015_n02110341,13,3,0.008819091444214186,0.13169579207897186,0.3640302817026774,0.02562897341946761,0.02198867065211137
7500,H8-V,251,n02110341/ILSVRC2012_val_00020015_n02110341,19,3,0.00878603725383679,0.1322095344463984,0.36232711871465045,0.025630262369910877,0.022006991008917492
7500,H8-V,252,n02110627/ILSVRC2012_val_00014374_n02110627,1,3,0.00639162693793575,0.20842396219571432,0.7055301070213318,0.03428932403524717,0.027234023436903954
7500,H8-V,252,n02110627/ILSVRC2012_val_00014374_n02110627,4,3,0.0033879134183128676,0.13185120622316995,0.565686563650767,0.022229899341861408,0.01657303422689438
7500,H8-V,252,n02110627/ILSVRC2012_val_00014374_n02110627,7,3,0.0031791827641427517,0.1262380306919416,0.5354404846827189,0.021157391369342804,0.015802986298998196
7500,H8-V,252,n02110627/ILSVRC2012_val_00014374_n02110627,13,3,0.0030033313669264317,0.11944647133350372,0.509999692440033,0.020047975704073906,0.014947978779673576
7500,H8-V,252,n02110627/ILSVRC2012_val_00014374_n02110627,19,3,0.002970805624499917,0.11630379408597946,0.5051324168841044,0.019652509440978367,0.014601185296972593
7500,H8-V,253,n02110806/ILSVRC2012_val_00047019_n02110806,1,3,0.010300016961991787,0.243927334745725,0.6320802370707194,0.041013553738594055,0.03469275124371052
7500,H8-V,253,n02110806/ILSVRC2012_val_00047019_n02110806,4,3,0.002730997046455741,0.11545637001593907,0.4969105025132497,0.019245739405353863,0.014276634280880293
7500,H8-V,253,n02110806/ILSVRC2012_val_00047019_n02110806,7,3,0.002424159940953056,0.10764713833729427,0.4666087826093038,0.017854961877067883,0.01318887434899807
7500,H8-V,253,n02110806/ILSVRC2012_val_00047019_n02110806,13,3,0.0021390418211619058,0.0999813973903656,0.4423677623271942,0.016560859357317288,0.01213718174646298
7500,H8-V,253,n02110806/ILSVRC2012_val_00047019_n02110806,19,3,0.0020791802865763507,0.0969067911307017,0.4380188584327698,0.016150048623482387,0.011769859741131464
7500,H8-V,254,n02110958/ILSVRC2012_val_00047017_n02110958,1,3,0.012747632650037607,0.20066848893960318,0.7467116316159567,0.0402815987666448,0.0328144816060861
7500,H8-V,254,n02110958/ILSVRC2012_val_00047017_n02110958,4,3,0.008313168150683245,0.1214363972345988,0.6284461816151937,0.026741269355018932,0.02045680768787861
7500,H8-V,254,n02110958/ILSVRC2012_val_00047017_n02110958,7,3,0.007662894669920206,0.1150740310549736,0.5975805918375651,0.02514610377450784,0.019170297930637997
7500,H8-V,254,n02110958/ILSVRC2012_val_00047017_n02110958,13,3,0.0070593141329785185,0.10850508759419124,0.5706735452016195,0.02361655856172244,0.017909823606411617
7500,H8-V,254,n02110958/ILSVRC2012_val_00047017_n02110958,19,3,0.006891812663525343,0.10681628932555516,0.5634613235791525,0.023208055024345715,0.017573442310094833
7500,H8-V,255,n02111129/ILSVRC2012_val_00021370_n02111129,1,3,0.009603161364793777,0.15252756079037985,0.5171558360258738,0.030027476449807484,0.024855917940537136
7500,H8-V,255,n02111129/ILSVRC2012_val_00021370_n02111129,4,3,0.004827453133960565,0.08083533495664597,0.38471610347429913,0.016758148247996967,0.012910986940066019
7500,H8-V,255,n02111129/ILSVRC2012_val_00021370_n02111129,7,3,0.004561077027271192,0.07611964146296184,0.3559848765532176,0.015732889994978905,0.012173041080435118
7500,H8-V,255,n02111129/ILSVRC2012_val_00021370_n02111129,13,3,0.004344313871115446,0.07184317956368129,0.33347979187965393,0.014863429901500544,0.011528631982704004
7500,H8-V,255,n02111129/ILSVRC2012_val_00021370_n02111129,19,3,0.004280619478474061,0.07032375782728195,0.32993847131729126,0.014612380104760328,0.011312995416422686
7500,H8-V,256,n02111277/ILSVRC2012_val_00023569_n02111277,1,3,0.014632002140084902,0.3043530037005742,0.6976130207379659,0.05204343174894651,0.045067302882671356
7500,H8-V,256,n02111277/ILSVRC2012_val_00023569_n02111277,4,3,0.0066570186366637545,0.12644887467225394,0.49809226393699646,0.0242828285942475,0.01930190622806549
7500,H8-V,256,n02111277/ILSVRC2012_val_00023569_n02111277,7,3,0.0063047825048367185,0.1209557627638181,0.46886782844861347,0.02308903696636359,0.018400358657042187
7500,H8-V,256,n02111277/ILSVRC2012_val_00023569_n02111277,13,3,0.005988758367796739,0.1152307316660881,0.4447723825772603,0.021959555024902027,0.017511830975612003
7500,H8-V,256,n02111277/ILSVRC2012_val_00023569_n02111277,19,3,0.005877693959822257,0.11310681204001109,0.4392454922199249,0.021580830216407776,0.01718837581574917
7500,H8-V,257,n02111500/ILSVRC2012_val_00037456_n02111500,1,3,0.005587381621201833,0.1270033617814382,0.4571991463502248,0.02285970871647199,0.018287717054287594
7500,H8-V,257,n02111500/ILSVRC2012_val_00037456_n02111500,4,3,0.0034813294963290295,0.08116793632507324,0.35653751095136005,0.015163498309751352,0.011598123237490654
7500,H8-V,257,n02111500/ILSVRC2012_val_00037456_n02111500,7,3,0.0032678840992351374,0.07739120225111644,0.32924385865529376,0.014299442991614342,0.011007004417479038
7500,H8-V,257,n02111500/ILSVRC2012_val_00037456_n02111500,13,3,0.003078571675966183,0.07395472625891368,0.3085446854432424,0.013559491063157717,0.010474044519166151
7500,H8-V,257,n02111500/ILSVRC2012_val_00037456_n02111500,19,3,0.003000879272197684,0.0722935621937116,0.3063986400763194,0.013294222143789133,0.010230235445002714
7500,H8-V,258,n02111889/ILSVRC2012_val_00023884_n02111889,1,3,0.0041331493606170016,0.16019481917222342,0.5655799706776937,0.025808431208133698,0.020152631526192028
7500,H8-V,258,n02111889/ILSVRC2012_val_00023884_n02111889,4,3,0.0015989401532957952,0.08864191671212514,0.433062086502711,0.014793753003080687,0.010463131902118524
7500,H8-V,258,n02111889/ILSVRC2012_val_00023884_n02111889,7,3,0.0014584254240617156,0.08377183477083842,0.4027293920516968,0.013862902919451395,0.00983560923486948
7500,H8-V,258,n02111889/ILSVRC2012_val_00023884_n02111889,13,3,0.0013270087462539475,0.07862777759631474,0.37836334109306335,0.012973420321941376,0.00918978669991096
7500,H8-V,258,n02111889/ILSVRC2012_val_00023884_n02111889,19,3,0.0012719663015256326,0.07613527526458104,0.37379130721092224,0.01262340663621823,0.008885493812461695
7500,H8-V,259,n02112018/ILSVRC2012_val_00020488_n02112018,1,3,0.010699065402150154,0.1619602640469869,0.4399053156375885,0.03129414406915506,0.02689509155849616
7500,H8-V,259,n02112018/ILSVRC2012_val_00020488_n02112018,4,3,0.00822665107746919,0.10638812681039174,0.362482746442159,0.022490292166670162,0.018865464255213737
7500,H8-V,259,n02112018/ILSVRC2012_val_00020488_n02112018,7,3,0.007931782553593317,0.10391338169574738,0.335650771856308,0.021679627398649853,0.018323120350639027
7500,H8-V,259,n02112018/ILSVRC2012_val_00020488_n02112018,13,3,0.007701540210594733,0.1024331624309222,0.31579018632570904,0.02110275812447071,0.017944856236378353
7500,H8-V,259,n02112018/ILSVRC2012_val_00020488_n02112018,19,3,0.007653033826500177,0.10145568599303563,0.31440861026446026,0.020942688609162968,0.01779860258102417
7500,H8-V,260,n02112137/ILSVRC2012_val_00006537_n02112137,1,3,0.0073946489331622916,0.20706139504909515,0.7552298108736674,0.03565308824181557,0.028100789835055668
7500,H8-V,260,n02112137/ILSVRC2012_val_00006537_n02112137,4,3,0.004166912908355395,0.1265396922826767,0.598859965801239,0.022809481248259544,0.016820882136623066
7500,H8-V,260,n02112137/ILSVRC2012_val_00006537_n02112137,7,3,0.0039009804216523967,0.12068884074687958,0.5694393912951151,0.02166425809264183,0.01596986409276724
7500,H8-V,260,n02112137/ILSVRC2012_val_00006537_n02112137,13,3,0.003631624082724253,0.11432666331529617,0.5450747013092041,0.020515037700533867,0.015064290724694729
7500,H8-V,260,n02112137/ILSVRC2012_val_00006537_n02112137,19,3,0.0035175453716268144,0.11217977354923885,0.5401453177134196,0.02013697661459446,0.014735523300866285
7500,H8-V,261,n02112350/ILSVRC2012_val_00018521_n02112350,1,3,0.005636438882599275,0.17392301559448242,0.5322598914305369,0.02835133858025074,0.0230287400384744
7500,H8-V,261,n02112350/ILSVRC2012_val_00018521_n02112350,4,3,0.0036819627663741508,0.11937597145636876,0.44144272804260254,0.020033986618121464,0.015619559834400812
7500,H8-V,261,n02112350/ILSVRC2012_val_00018521_n02112350,7,3,0.003422160012026628,0.11427840838829677,0.41246946652730304,0.01897469535470009,0.014850001161297163
7500,H8-V,261,n02112350/ILSVRC2012_val_00018521_n02112350,13,3,0.0031905168822656074,0.11038040121396382,0.389786293109258,0.018126420055826504,0.014228557546933493
7500,H8-V,261,n02112350/ILSVRC2012_val_00018521_n02112350,19,3,0.003104493177185456,0.10948481659094493,0.38676302631696063,0.01792060521741708,0.014052975301941236
7500,H8-V,262,n02112706/ILSVRC2012_val_00039060_n02112706,1,3,0.013315192113320032,0.24392299354076385,0.6432856520016988,0.04414034759004911,0.037707491467396416
7500,H8-V,262,n02112706/ILSVRC2012_val_00039060_n02112706,4,3,0.00815165601670742,0.1382024735212326,0.509667972723643,0.02706858329474926,0.02197190374135971
7500,H8-V,262,n02112706/ILSVRC2012_val_00039060_n02112706,7,3,0.007697100751101971,0.13285382588704428,0.47964348395665485,0.025778917595744133,0.020982482781012852
7500,H8-V,262,n02112706/ILSVRC2012_val_00039060_n02112706,13,3,0.00724990696956714,0.12800754606723785,0.45563046137491864,0.024606966103116672,0.020050661638379097
7500,H8-V,262,n02112706/ILSVRC2012_val_00039060_n02112706,19,3,0.00709428358823061,0.1255068133274714,0.45216278235117596,0.024166592707236607,0.01964496448636055
7500,H8-V,263,n02113023/ILSVRC2012_val_00007634_n02113023,1,3,0.008773360711832842,0.17497925460338593,0.6174552838007609,0.03244583929578463,0.026271286110083263
7500,H8-V,263,n02113023/ILSVRC2012_val_00007634_n02113023,4,3,0.004449634502331416,0.11276442309220631,0.5107124447822571,0.020833201085527737,0.015726077059904735
7500,H8-V,263,n02113023/ILSVRC2012_val_00007634_n02113023,7,3,0.004007007228210568,0.10775715361038844,0.4795821209748586,0.019578543802102406,0.014782723039388657
7500,H8-V,263,n02113023/ILSVRC2012_val_00007634_n02113023,13,3,0.0036383787325272956,0.10283694664637248,0.454107125600179,0.018463144078850746,0.013922073567907015
7500,H8-V,263,n02113023/ILSVRC2012_val_00007634_n02113023,19,3,0.0034895482628295818,0.0999686469634374,0.4497147003809611,0.017983560760815937,0.013486413285136223
7500,H8-V,264,n02113186/ILSVRC2012_val_00031206_n02113186,1,3,0.01681702087322871,0.24217056234677634,0.6714497804641724,0.04774857436617216,0.04103407636284828
7500,H8-V,264,n02113186/ILSVRC2012_val_00031206_n02113186,4,3,0.012843784876167774,0.1428020844856898,0.5219815770785013,0.03234380856156349,0.027123993262648582
7500,H8-V,264,n02113186/ILSVRC2012_val_00031206_n02113186,7,3,0.012411972197393576,0.13733185331026712,0.49329415957132977,0.031078099583586056,0.02614515833556652
7500,H8-V,264,n02113186/ILSVRC2012_val_00031206_n02113186,13,3,0.012072779548664888,0.13098513583342233,0.4702434142430623,0.0298737275103728,0.025171293566624325
7500,H8-V,264,n02113186/ILSVRC2012_val_00031206_n02113186,19,3,0.012037739468117556,0.12896357973416647,0.46660635868708294,0.029600160817305248,0.024934097503622372
7500,H8-V,265,n02113624/ILSVRC2012_val_00044258_n02113624,1,3,0.008261870282391707,0.16141601155201593,0.3378136654694875,0.02778160758316517,0.024403471189240616
7500,H8-V,265,n02113624/ILSVRC2012_val_00044258_n02113624,4,3,0.004175086971372366,0.07066741834084193,0.22630707422892252,0.013504899417360624,0.01124182902276516
7500,H8-V,265,n02113624/ILSVRC2012_val_00044258_n02113624,7,3,0.00406902205819885,0.06733569006125133,0.20044024785359701,0.012806993598739306,0.01080259121954441
7500,H8-V,265,n02113624/ILSVRC2012_val_00044258_n02113624,13,3,0.004026786424219608,0.06409388532241185,0.18237276871999106,0.01225990274300178,0.010436175080637137
7500,H8-V,265,n02113624/ILSVRC2012_val_00044258_n02113624,19,3,0.004036125726997852,0.06401980916659038,0.18284099300702414,0.01226651668548584,0.010438106954097748
7500,H8-V,266,n02113712/ILSVRC2012_val_00031415_n02113712,1,3,0.0042370834077397985,0.16009213527043661,0.5205168724060059,0.02545146519939105,0.020246297121047974
7500,H8-V,266,n02113712/ILSVRC2012_val_00031415_n02113712,4,3,0.0020143550354987383,0.09445216755072276,0.4056055247783661,0.015515627029041449,0.0114595719302694
7500,H8-V,266,n02113712/ILSVRC2012_val_00031415_n02113712,7,3,0.0018722368016218145,0.08945192396640778,0.3771471083164215,0.014588900531331698,0.010817429361244043
7500,H8-V,266,n02113712/ILSVRC2012_val_00031415_n02113712,13,3,0.0016813341838618119,0.0845677802960078,0.3550780713558197,0.013688893057405949,0.010138112430771192
7500,H8-V,266,n02113712/ILSVRC2012_val_00031415_n02113712,19,3,0.0016093227701882522,0.08334039151668549,0.35278041164080304,0.013471165982385477,0.0099433617045482
7500,H8-V,267,n02113799/ILSVRC2012_val_00009523_n02113799,1,3,0.008912171547611555,0.16438478728135428,0.6207500696182251,0.03155815228819847,0.025350650772452354
7500,H8-V,267,n02113799/ILSVRC2012_val_00009523_n02113799,4,3,0.004827387630939484,0.08775241176287334,0.5088354746500651,0.018690983454386394,0.013602628993491331
7500,H8-V,267,n02113799/ILSVRC2012_val_00009523_n02113799,7,3,0.004479350056499243,0.08376428484916687,0.477851798137029,0.017634296789765358,0.012855778758724531
7500,H8-V,267,n02113799/ILSVRC2012_val_00009523_n02113799,13,3,0.004158236862470706,0.0798391376932462,0.45188573996225995,0.01666100819905599,0.012142150973280271
7500,H8-V,267,n02113799/ILSVRC2012_val_00009523_n02113799,19,3,0.004043582205971082,0.07876025140285492,0.4460083842277527,0.016379691660404205,0.011919607097903887
7500,H8-V,268,n02113978/ILSVRC2012_val_00030255_n02113978,1,3,0.01976930784682433,0.20194859306017557,0.7453281680742899,0.04741744821270307,0.03996416678031286
7500,H8-V,268,n02113978/ILSVRC2012_val_00030255_n02113978,4,3,0.009208688512444496,0.0897291973233223,0.5908595522244772,0.024090203767021496,0.018181608368953068
7500,H8-V,268,n02113978/ILSVRC2012_val_00030255_n02113978,7,3,0.008520134724676609,0.08463107546170552,0.5581473906834921,0.022564716637134552,0.016983242705464363
7500,H8-V,268,n02113978/ILSVRC2012_val_00030255_n02113978,13,3,0.007948546359936396,0.080132191379865,0.5301801164944967,0.021263566489020985,0.01596176562209924
7500,H8-V,268,n02113978/ILSVRC2012_val_00030255_n02113978,19,3,0.007825749305387339,0.07933387160301208,0.5234856605529785,0.020993993307153385,0.015759137148658436
7500,H8-V,269,n02114367/ILSVRC2012_val_00043363_n02114367,1,3,0.025213149065772694,0.25383173922697705,1.3486785491307576,0.06408311054110527,0.05059632410605749
7500,H8-V,269,n02114367/ILSVRC2012_val_00043363_n02114367,4,3,0.019838017721970875,0.20150057971477509,1.1768055359522502,0.05175613115231196,0.039988076935211815
7500,H8-V,269,n02114367/ILSVRC2012_val_00043363_n02114367,7,3,0.018937856579820316,0.1956994036833445,1.140317440032959,0.04991097375750542,0.03850779806574186
7500,H8-V,269,n02114367/ILSVRC2012_val_00043363_n02114367,13,3,0.01820485231777032,0.19007985790570578,1.1046130657196045,0.04825896893938383,0.03721283872922262
7500,H8-V,269,n02114367/ILSVRC2012_val_00043363_n02114367,19,3,0.018086270118753116,0.18744318187236786,1.0911887884140015,0.047742477307717,0.036830589175224304
7500,H8-V,270,n02114548/ILSVRC2012_val_00048997_n02114548,1,3,0.007975516530374685,0.19913001358509064,0.5783294041951498,0.033671812464793525,0.02788851906855901
7500,H8-V,270,n02114548/ILSVRC2012_val_00048997_n02114548,4,3,0.004948981727162997,0.1268572434782982,0.4598058760166168,0.022232765331864357,0.01763470657169819
7500,H8-V,270,n02114548/ILSVRC2012_val_00048997_n02114548,7,3,0.004607802877823512,0.11947966615358989,0.4295588433742523,0.02085135815044244,0.016555769989887874
7500,H8-V,270,n02114548/ILSVRC2012_val_00048997_n02114548,13,3,0.00429699228455623,0.1131706436475118,0.4045337438583374,0.019659394398331642,0.015614056959748268
7500,H8-V,270,n02114548/ILSVRC2012_val_00048997_n02114548,19,3,0.004167621489614248,0.10975504418214162,0.39943506320317584,0.019137476260463398,0.015143125938872496
7500,H8-V,271,n02114712/ILSVRC2012_val_00018735_n02114712,1,3,0.008748540809998909,0.17034164567788443,0.6115672389666239,0.031898378084103264,0.02578270559509595
7500,H8-V,271,n02114712/ILSVRC2012_val_00018735_n02114712,4,3,0.003830920516823729,0.10432970523834229,0.4830290973186493,0.019094182178378105,0.014263891304532686
7500,H8-V,271,n02114712/ILSVRC2012_val_00018735_n02114712,7,3,0.003420027205720544,0.0973005120952924,0.45396995544433594,0.01768977815906207,0.013150078554948172
7500,H8-V,271,n02114712/ILSVRC2012_val_00018735_n02114712,13,3,0.0031166824822624526,0.09148798882961273,0.43001968661944073,0.016565678641200066,0.012265481986105442
7500,H8-V,271,n02114712/ILSVRC2012_val_00018735_n02114712,19,3,0.0030245646679153046,0.08845031758149464,0.4252256155014038,0.016121852522095043,0.011869596627851328
7500,H8-V,272,n02114855/ILSVRC2012_val_00037275_n02114855,1,3,0.006725831267734368,0.21072963873545328,0.8431113560994467,0.036229909708102546,0.027798796072602272
7500,H8-V,272,n02114855/ILSVRC2012_val_00037275_n02114855,4,3,0.005130329014112552,0.16462517778078714,0.7457100947697958,0.02904994785785675,0.021592846761147182
7500,H8-V,272,n02114855/ILSVRC2012_val_00037275_n02114855,7,3,0.0047377484540144605,0.15724197030067444,0.7135514418284098,0.027597459654013317,0.020461945484081905
7500,H8-V,272,n02114855/ILSVRC2012_val_00037275_n02114855,13,3,0.004414406605064869,0.14933150013287863,0.6849152247111002,0.026196709523598354,0.01934755655626456
7500,H8-V,272,n02114855/ILSVRC2012_val_00037275_n02114855,19,3,0.00437278642008702,0.14557751516501108,0.6766282518704733,0.025696820269028347,0.01893053762614727
7500,H8-V,273,n02115641/ILSVRC2012_val_00042731_n02115641,1,3,0.01591806796689828,0.1734390656153361,0.8769928812980652,0.04203190157810847,0.03326197465260824
7500,H8-V,273,n02115641/ILSVRC2012_val_00042731_n02115641,4,3,0.012018393104275068,0.13018108904361725,0.7555030186971029,0.03259153043230375,0.025036501387755077
7500,H8-V,273,n02115641/ILSVRC2012_val_00042731_n02115641,7,3,0.011400221536556879,0.12523378431797028,0.722601592540741,0.031149615223209064,0.02392360009253025
7500,H8-V,273,n02115641/ILSVRC2012_val_00042731_n02115641,13,3,0.01085964497178793,0.12121066947778066,0.6934334437052408,0.02991504656771819,0.022980712354183197
7500,H8-V,273,n02115641/ILSVRC2012_val_00042731_n02115641,19,3,0.010716853352884451,0.12008880823850632,0.6848346590995789,0.02957408068080743,0.022725734238823254
7500,H8-V,274,n02115913/ILSVRC2012_val_00023202_n02115913,1,3,0.012046777953704199,0.27315547068913776,0.8691995938618978,0.04805432011683782,0.039362325022617974
7500,H8-V,274,n02115913/ILSVRC2012_val_00023202_n02115913,4,3,0.008147723662356535,0.16533870995044708,0.6926734646161398,0.03160832946499189,0.024681595464547474
7500,H8-V,274,n02115913/ILSVRC2012_val_00023202_n02115913,7,3,0.007724257341275613,0.15920156240463257,0.6618451078732809,0.030262865747014683,0.023644414419929188
7500,H8-V,274,n02115913/ILSVRC2012_val_00023202_n02115913,13,3,0.007374836287150781,0.15328017373879751,0.6348357001940409,0.02905121073126793,0.0227028535058101
7500,H8-V,274,n02115913/ILSVRC2012_val_00023202_n02115913,19,3,0.007327593707789977,0.15009189148743948,0.6276931166648865,0.028613713880379994,0.02233678288757801
7500,H8-V,275,n02116738/ILSVRC2012_val_00044707_n02116738,1,3,0.008880519618590673,0.19516140222549438,0.6893028020858765,0.03528968741496404,0.02839665984114011
7500,H8-V,275,n02116738/ILSVRC2012_val_00044707_n02116738,4,3,0.005377824883908033,0.132562925418218,0.5487565994262695,0.024121683090925217,0.018634117518862087
7500,H8-V,275,n02116738/ILSVRC2012_val_00044707_n02116738,7,3,0.004954887243608634,0.1272303064664205,0.5173980394999186,0.022851898645361263,0.017677918076515198
7500,H8-V,275,n02116738/ILSVRC2012_val_00044707_n02116738,13,3,0.004608821279058854,0.1225600615143776,0.4908689061800639,0.021773516510923702,0.016864827523628872
7500,H8-V,275,n02116738/ILSVRC2012_val_00044707_n02116738,19,3,0.004530509778608878,0.12040667484203975,0.48484421769777936,0.021419619520505268,0.016571177169680595
7500,H8-V,276,n02117135/ILSVRC2012_val_00048181_n02117135,1,3,0.0128650131324927,0.19406666358311972,0.6951404015223185,0.039223083605368934,0.03227167949080467
7500,H8-V,276,n02117135/ILSVRC2012_val_00048181_n02117135,4,3,0.009755913478632769,0.1434007187684377,0.5984233816464742,0.030080219730734825,0.024095986038446426
7500,H8-V,276,n02117135/ILSVRC2012_val_00048181_n02117135,7,3,0.00924155923227469,0.13920659820238748,0.5686871210734049,0.028849090139071148,0.02316221905251344
7500,H8-V,276,n02117135/ILSVRC2012_val_00048181_n02117135,13,3,0.008819980236391226,0.13574107984701791,0.5442092617352804,0.027836181223392487,0.022394088407357533
7500,H8-V,276,n02117135/ILSVRC2012_val_00048181_n02117135,19,3,0.008756967261433601,0.13584000865618387,0.5390776793162028,0.027731745193401974,0.022340968251228333
7500,H8-V,277,n02119022/ILSVRC2012_val_00003974_n02119022,1,3,0.007103207676361005,0.13260017583767572,0.5510018070538839,0.025873243808746338,0.02036322591205438
7500,H8-V,277,n02119022/ILSVRC2012_val_00003974_n02119022,4,3,0.004048742974797885,0.09092469016710918,0.4441891113917033,0.017583103229602177,0.013141212053596973
7500,H8-V,277,n02119022/ILSVRC2012_val_00003974_n02119022,7,3,0.0037707528875519833,0.08728065093358357,0.41649959484736127,0.016663814584414165,0.012498818027476469
7500,H8-V,277,n02119022/ILSVRC2012_val_00003974_n02119022,13,3,0.0035042510523150363,0.08216007053852081,0.3946232795715332,0.015666491041580837,0.011720258432130018
7500,H8-V,277,n02119022/ILSVRC2012_val_00003974_n02119022,19,3,0.003407275148977836,0.07960320760806401,0.39102570215861004,0.015277853235602379,0.011367596065004667
7500,H8-V,278,n02119789/ILSVRC2012_val_00009128_n02119789,1,3,0.017880243249237537,0.30122865239779156,0.7173459927241007,0.055176567286252975,0.048003108551104866
7500,H8-V,278,n02119789/ILSVRC2012_val_00009128_n02119789,4,3,0.013450788023571173,0.16102119286855063,0.5677520235379537,0.03523042922218641,0.029552907993396122
7500,H8-V,278,n02119789/ILSVRC2012_val_00009128_n02119789,7,3,0.01300335923830668,0.15678303937117258,0.5381087064743042,0.034062749395767845,0.02868166317542394
7500,H8-V,278,n02119789/ILSVRC2012_val_00009128_n02119789,13,3,0.01268633765478929,0.15339689453442892,0.5144578615824381,0.033170606940984726,0.028026026984055836
7500,H8-V,278,n02119789/ILSVRC2012_val_00009128_n02119789,19,3,0.012693716523547968,0.152104785044988,0.5109781622886658,0.03301397586862246,0.027904195090134937
7500,H8-V,279,n02120079/ILSVRC2012_val_00011211_n02120079,1,3,0.005929063229511182,0.14841962357362112,0.5167637467384338,0.025938663631677628,0.020771025369564693
7500,H8-V,279,n02120079/ILSVRC2012_val_00011211_n02120079,4,3,0.003286749745408694,0.09736058115959167,0.4176922341187795,0.01719973050057888,0.013022808047632376
7500,H8-V,279,n02120079/ILSVRC2012_val_00011211_n02120079,7,3,0.0029828709860642753,0.09246858209371567,0.3895819087823232,0.016125548010071118,0.012229729754229387
7500,H8-V,279,n02120079/ILSVRC2012_val_00011211_n02120079,13,3,0.002726947655901313,0.08742691328128178,0.36726638674736023,0.015142302960157394,0.011469639527300993
7500,H8-V,279,n02120079/ILSVRC2012_val_00011211_n02120079,19,3,0.002644570001090566,0.0850318893790245,0.3638938069343567,0.01478669699281454,0.011147759233911833
7500,H8-V,280,n02120505/ILSVRC2012_val_00044748_n02120505,1,3,0.006470808293670416,0.1560636709133784,0.40407345692316693,0.02611791032056014,0.02207717609902223
7500,H8-V,280,n02120505/ILSVRC2012_val_00044748_n02120505,4,3,0.0028010259848088026,0.07263929396867752,0.2845771511395772,0.012910727101067701,0.010064955490330854
7500,H8-V,280,n02120505/ILSVRC2012_val_00044748_n02120505,7,3,0.0024637418488661447,0.0679544781645139,0.2568009893099467,0.011827200030287107,0.009259190099934736
7500,H8-V,280,n02120505/ILSVRC2012_val_00044748_n02120505,13,3,0.0022526621663322053,0.06355064610640208,0.2376097043355306,0.010983824109037718,0.008607726854582628
7500,H8-V,280,n02120505/ILSVRC2012_val_00044748_n02120505,19,3,0.002256120244661967,0.06366982311010361,0.23812914888064066,0.011004393920302391,0.008623102369407812
7500,H8-V,281,n02123045/ILSVRC2012_val_00016483_n02123045,1,3,0.008237216621637344,0.18588436643282572,0.8843302925427755,0.03566895673672358,0.026825654009977978
7500,H8-V,281,n02123045/ILSVRC2012_val_00016483_n02123045,4,3,0.00584938641016682,0.14615863064924875,0.7710568904876709,0.028175818423430126,0.02046524981657664
7500,H8-V,281,n02123045/ILSVRC2012_val_00016483_n02123045,7,3,0.00541846826672554,0.1407440354426702,0.738645096619924,0.02687932240466277,0.019492872059345245
7500,H8-V,281,n02123045/ILSVRC2012_val_00016483_n02123045,13,3,0.0050359574767450494,0.13739020625750223,0.7099126776059469,0.025874104350805283,0.018774977574745815
7500,H8-V,281,n02123045/ILSVRC2012_val_00016483_n02123045,19,3,0.004924206528812647,0.1371910125017166,0.7016265789667765,0.025659574195742607,0.01864330843091011
7500,H8-V,282,n02123159/ILSVRC2012_val_00031361_n02123159,1,3,0.005367336794734001,0.1444944068789482,0.5628503362337748,0.025445280596613884,0.019816777668893337
7500,H8-V,282,n02123159/ILSVRC2012_val_00031361_n02123159,4,3,0.002901306841522455,0.08200165381034215,0.4549367328484853,0.01565083923439185,0.011101472501953443
7500,H8-V,282,n02123159/ILSVRC2012_val_00031361_n02123159,7,3,0.002630762755870819,0.07685243835051854,0.4249966541926066,0.014565973232189814,0.01031600683927536
7500,H8-V,282,n02123159/ILSVRC2012_val_00031361_n02123159,13,3,0.0023981751097987094,0.07192480564117432,0.4006942808628082,0.013597598299384117,0.00959065556526184
7500,H8-V,282,n02123159/ILSVRC2012_val_00031361_n02123159,19,3,0.0023264136786262193,0.06996022909879684,0.39588433504104614,0.013281280485292276,0.009322437147299448
7500,H8-V,283,n02123394/ILSVRC2012_val_00001040_n02123394,1,3,0.005747384702165921,0.2265144685904185,0.5978428721427917,0.03437726075450579,0.02839883230626583
7500,H8-V,283,n02123394/ILSVRC2012_val_00001040_n02123394,4,3,0.002298531588166952,0.12194773554801941,0.4660343627134959,0.019153648987412453,0.01449330523610115
7500,H8-V,283,n02123394/ILSVRC2012_val_00001040_n02123394,7,3,0.0021522021076331535,0.11596384147802989,0.43672775228818256,0.018115863824884098,0.013748586488266787
7500,H8-V,283,n02123394/ILSVRC2012_val_00001040_n02123394,13,3,0.002024104197820028,0.1105015402038892,0.4128648340702057,0.017202906931440037,0.01307425865282615
7500,H8-V,283,n02123394/ILSVRC2012_val_00001040_n02123394,19,3,0.001991378841921687,0.10888584206501643,0.4089004000027974,0.016968967393040657,0.012879963343342146
7500,H8-V,284,n02123597/ILSVRC2012_val_00017325_n02123597,1,3,0.009609411470592022,0.21552684406439462,0.7038594086964926,0.03820069134235382,0.031162097429235775
7500,H8-V,284,n02123597/ILSVRC2012_val_00017325_n02123597,4,3,0.004644749065240224,0.11857259273529053,0.5615493059158325,0.022117501124739647,0.01650200846294562
7500,H8-V,284,n02123597/ILSVRC2012_val_00017325_n02123597,7,3,0.004197297928233941,0.11151067664225896,0.5311363538106283,0.02065972921748956,0.015348366151253382
7500,H8-V,284,n02123597/ILSVRC2012_val_00017325_n02123597,13,3,0.003719145432114601,0.10512451827526093,0.5065749287605286,0.019297346472740173,0.014231597383817038
7500,H8-V,284,n02123597/ILSVRC2012_val_00017325_n02123597,19,3,0.0035561520295838514,0.10318364451328914,0.5020797848701477,0.018895314385493595,0.01387451651195685
7500,H8-V,285,n02124075/ILSVRC2012_val_00038976_n02124075,1,3,0.008735142027338346,0.20652112364768982,0.7195865710576376,0.036583121245106064,0.029387255509694416
7500,H8-V,285,n02124075/ILSVRC2012_val_00038976_n02124075,4,3,0.0048110441615184145,0.1186065524816513,0.5762079954147339,0.02243377889196078,0.01667169916133086
7500,H8-V,285,n02124075/ILSVRC2012_val_00038976_n02124075,7,3,0.004484507100035747,0.1132299080491066,0.5455946127573649,0.021263443554441135,0.01580749824643135
7500,H8-V,285,n02124075/ILSVRC2012_val_00038976_n02124075,13,3,0.00419971098502477,0.10814342399438222,0.5198684533437093,0.02021273784339428,0.01501405332237482
7500,H8-V,285,n02124075/ILSVRC2012_val_00038976_n02124075,19,3,0.004142845670382182,0.10672015696763992,0.5143661499023438,0.01995852341254552,0.014814861429234346
7500,H8-V,286,n02125311/ILSVRC2012_val_00010823_n02125311,1,3,0.008325722689429918,0.18450544774532318,0.8688961466153463,0.035465230544408165,0.0267762690782547
7500,H8-V,286,n02125311/ILSVRC2012_val_00010823_n02125311,4,3,0.0063906956153611345,0.13514603674411774,0.753022034962972,0.027435520042975742,0.019905298948287964
7500,H8-V,286,n02125311/ILSVRC2012_val_00010823_n02125311,7,3,0.005955614770452182,0.12996079524358115,0.7211071451505026,0.0261627659201622,0.018951694170633953
7500,H8-V,286,n02125311/ILSVRC2012_val_00010823_n02125311,13,3,0.0055701058978835745,0.12474477042754491,0.6925726731618246,0.02497030980885029,0.018044582878549893
7500,H8-V,286,n02125311/ILSVRC2012_val_00010823_n02125311,19,3,0.0054817721247673035,0.1218670333425204,0.6841651002566019,0.02451012594004472,0.01766847570737203
7500,H8-V,287,n02127052/ILSVRC2012_val_00031090_n02127052,1,3,0.010321242734789848,0.26297050217787427,0.7731169859568278,0.0443494642774264,0.03661829481522242
7500,H8-V,287,n02127052/ILSVRC2012_val_00031090_n02127052,4,3,0.005813629987339179,0.17474110424518585,0.6363138953844706,0.02965088002383709,0.023287741467356682
7500,H8-V,287,n02127052/ILSVRC2012_val_00031090_n02127052,7,3,0.005438457243144512,0.16903691987196603,0.605344315369924,0.028395593787233036,0.022342150410016377
7500,H8-V,287,n02127052/ILSVRC2012_val_00031090_n02127052,13,3,0.005107944365590811,0.16045198341210684,0.578619917233785,0.02693934241930644,0.021153143296639126
7500,H8-V,287,n02127052/ILSVRC2012_val_00031090_n02127052,19,3,0.0049956295018394785,0.15410129725933075,0.5711808999379476,0.026117568835616112,0.020405759414037068
7500,H8-V,288,n02128385/ILSVRC2012_val_00042868_n02128385,1,3,0.023029481371243794,0.18505875517924628,0.6831284364064535,0.0483666422466437,0.041535358875989914
7500,H8-V,288,n02128385/ILSVRC2012_val_00042868_n02128385,4,3,0.01598833439250787,0.08086412648359935,0.5475899577140808,0.02955064798394839,0.024074748158454895
7500,H8-V,288,n02128385/ILSVRC2012_val_00042868_n02128385,7,3,0.015339928989609083,0.07730390628178914,0.51588374376297,0.028229156509041786,0.023070319245258968
7500,H8-V,288,n02128385/ILSVRC2012_val_00042868_n02128385,13,3,0.014797737511495749,0.07429635028044383,0.4896816114584605,0.02712418884038925,0.022227372353275616
7500,H8-V,288,n02128385/ILSVRC2012_val_00042868_n02128385,19,3,0.014672470589478811,0.07287860413392384,0.48342079917589825,0.02679453914364179,0.021960331747929256
7500,H8-V,289,n02128757/ILSVRC2012_val_00007548_n02128757,1,3,0.004559519933536649,0.23148095607757568,0.7062288125356039,0.03476990262667338,0.0277076152463754
7500,H8-V,289,n02128757/ILSVRC2012_val_00007548_n02128757,4,3,0.002675209272031983,0.17721499999364218,0.5916623075803121,0.026313331599036854,0.020396709442138672
7500,H8-V,289,n02128757/ILSVRC2012_val_00007548_n02128757,7,3,0.0024893429751197496,0.1702475349108378,0.5602611104647318,0.025116708129644394,0.019514096900820732
7500,H8-V,289,n02128757/ILSVRC2012_val_00007548_n02128757,13,3,0.002346241225798925,0.16297883788744608,0.5342516303062439,0.023986641317605972,0.018644125511248905
7500,H8-V,289,n02128757/ILSVRC2012_val_00007548_n02128757,19,3,0.002309631323441863,0.15878890454769135,0.5277975598971049,0.023466496417919796,0.01818852126598358
7500,H8-V,290,n02128925/ILSVRC2012_val_00009924_n02128925,1,3,0.01737442302207152,0.1905350685119629,1.2191215753555298,0.04861914614836375,0.03642792999744415
7500,H8-V,290,n02128925/ILSVRC2012_val_00009924_n02128925,4,3,0.013372466589013735,0.13611688216527304,1.059503396352132,0.03757918874422709,0.026984153936306637
7500,H8-V,290,n02128925/ILSVRC2012_val_00009924_n02128925,7,3,0.012526938691735268,0.13202946881453195,1.0220503409703572,0.035950390001138054,0.02572988656659921
7500,H8-V,290,n02128925/ILSVRC2012_val_00009924_n02128925,13,3,0.01181059175481399,0.1286401997009913,0.9838147759437561,0.03451275949676832,0.024674611787001293
7500,H8-V,290,n02128925/ILSVRC2012_val_00009924_n02128925,19,3,0.011658727501829466,0.12802853683630624,0.9685814579327902,0.03414739668369293,0.024461581682165463
7500,H8-V,291,n02129165/ILSVRC2012_val_00012343_n02129165,1,3,0.010991043721636137,0.29729364315668744,0.6819598078727722,0.0475400077799956,0.04072041064500809
7500,H8-V,291,n02129165/ILSVRC2012_val_00012343_n02129165,4,3,0.0068137481187780695,0.1586907555659612,0.5112695693969727,0.027795519679784775,0.02268282448252042
7500,H8-V,291,n02129165/ILSVRC2012_val_00012343_n02129165,7,3,0.006438590275744597,0.14956394831339517,0.484464555978775,0.026239631076653797,0.021394985417524975
7500,H8-V,291,n02129165/ILSVRC2012_val_00012343_n02129165,13,3,0.006088374803463618,0.1447290579477946,0.4601118365923564,0.025162399436036747,0.020561280970772106
7500,H8-V,291,n02129165/ILSVRC2012_val_00012343_n02129165,19,3,0.005984349797169368,0.14395318428675333,0.4550218383471171,0.024929887304703396,0.020379668722550075
7500,H8-V,292,n02129604/ILSVRC2012_val_00034256_n02129604,1,3,0.016886445383230846,0.21919281780719757,0.776040256023407,0.046566128730773926,0.0388057262947162
7500,H8-V,292,n02129604/ILSVRC2012_val_00034256_n02129604,4,3,0.008263375610113144,0.09788764764865239,0.6337976654370626,0.024390116954843204,0.018052140871683758
7500,H8-V,292,n02129604/ILSVRC2012_val_00034256_n02129604,7,3,0.0076583875343203545,0.0929740642507871,0.6012371182441711,0.02296816495557626,0.016955794145663578
7500,H8-V,292,n02129604/ILSVRC2012_val_00034256_n02129604,13,3,0.007083529140800238,0.08863105376561482,0.5725045204162598,0.021671679491798084,0.015946634734670322
7500,H8-V,292,n02129604/ILSVRC2012_val_00034256_n02129604,19,3,0.0069190398789942265,0.08735257883866628,0.5641135970751444,0.021295433243115742,0.01565429785599311
7500,H8-V,293,n02130308/ILSVRC2012_val_00040790_n02130308,1,3,0.01737344575424989,0.27813586592674255,0.8045626084009806,0.05323265865445137,0.04518703247110049
7500,H8-V,293,n02130308/ILSVRC2012_val_00040790_n02130308,4,3,0.015017429056266943,0.20495075980822244,0.6805486083030701,0.042317990213632584,0.035512504478295646
7500,H8-V,293,n02130308/ILSVRC2012_val_00040790_n02130308,7,3,0.01463839691132307,0.20086665451526642,0.6519913077354431,0.04124497498075167,0.03472506254911423
7500,H8-V,293,n02130308/ILSVRC2012_val_00040790_n02130308,13,3,0.014355402750273546,0.19657609363396963,0.6291224559148153,0.04030423487226168,0.03401301180322965
7500,H8-V,293,n02130308/ILSVRC2012_val_00040790_n02130308,19,3,0.014354716365536055,0.1945642282565435,0.6253461639086405,0.04006460060675939,0.03381113956371943
7500,H8-V,294,n02132136/ILSVRC2012_val_00010281_n02132136,1,3,0.02712690643966198,0.2424341787894567,0.6682786742846171,0.05805311103661855,0.05137032394607862
7500,H8-V,294,n02132136/ILSVRC2012_val_00010281_n02132136,4,3,0.023683130120237667,0.17535641292730966,0.5546190142631531,0.04676496237516403,0.041218772530555725
7500,H8-V,294,n02132136/ILSVRC2012_val_00010281_n02132136,7,3,0.023236077278852463,0.1718635360399882,0.5238842765490214,0.045661273101965584,0.04042243088285128
7500,H8-V,294,n02132136/ILSVRC2012_val_00010281_n02132136,13,3,0.022890115156769753,0.16861383120218912,0.4985293745994568,0.04473679264386495,0.03975149989128113
7500,H8-V,294,n02132136/ILSVRC2012_val_00010281_n02132136,19,3,0.02283787603179614,0.1662855992714564,0.49302971363067627,0.04439673200249672,0.03946643571058909
7500,H8-V,295,n02133161/ILSVRC2012_val_00027292_n02133161,1,3,0.009346124405662218,0.2085812290509542,0.6030179858207703,0.036234427243471146,0.03020424706240495
7500,H8-V,295,n02133161/ILSVRC2012_val_00027292_n02133161,4,3,0.007318791622916858,0.15853768090407053,0.5082864761352539,0.02825542539358139,0.02317256045838197
7500,H8-V,295,n02133161/ILSVRC2012_val_00027292_n02133161,7,3,0.006993071020891269,0.1519534389177958,0.47920384009679157,0.026980452860395115,0.02218841512997945
7500,H8-V,295,n02133161/ILSVRC2012_val_00027292_n02133161,13,3,0.006734634594370921,0.144128680229187,0.4560895661513011,0.025708398471275967,0.021147502586245537
7500,H8-V,295,n02133161/ILSVRC2012_val_00027292_n02133161,19,3,0.006716342953344186,0.13939071198304495,0.4532606403032939,0.025188020740946133,0.020655414710442226
7500,H8-V,296,n02134084/ILSVRC2012_val_00027089_n02134084,1,3,0.010926814439396063,0.22693357865015665,0.706378440062205,0.0406839574376742,0.033620172490676246
7500,H8-V,296,n02134084/ILSVRC2012_val_00027089_n02134084,4,3,0.0059722415171563625,0.15355251232783,0.5811846454938253,0.02713933897515138,0.02132749247054259
7500,H8-V,296,n02134084/ILSVRC2012_val_00027089_n02134084,7,3,0.005557560051480929,0.1460691044727961,0.5492869218190511,0.02565733902156353,0.02016447049876054
7500,H8-V,296,n02134084/ILSVRC2012_val_00027089_n02134084,13,3,0.005186344652126233,0.13794583082199097,0.5223889350891113,0.024204816669225693,0.018980927765369415
7500,H8-V,296,n02134084/ILSVRC2012_val_00027089_n02134084,19,3,0.005088200016568105,0.1353422850370407,0.5156396428743998,0.023778825377424557,0.01862242879966895
7500,H8-V,297,n02134418/ILSVRC2012_val_00044901_n02134418,1,3,0.009276444092392921,0.1991501897573471,0.919554591178894,0.03838700925310453,0.029191463564833004
7500,H8-V,297,n02134418/ILSVRC2012_val_00044901_n02134418,4,3,0.00552590951944391,0.11954957743485768,0.7934209704399109,0.025415077184637386,0.017480867604414623
7500,H8-V,297,n02134418/ILSVRC2012_val_00044901_n02134418,7,3,0.004978432785719633,0.11367772767941157,0.7607186635335287,0.02395339123904705,0.01634620502591133
7500,H8-V,297,n02134418/ILSVRC2012_val_00044901_n02134418,13,3,0.004465846655269464,0.1079355205098788,0.7306212186813354,0.022565610706806183,0.015259398768345514
7500,H8-V,297,n02134418/ILSVRC2012_val_00044901_n02134418,19,3,0.004306515057881673,0.10514731456836064,0.7209771076838175,0.022031017268697422,0.01482124657680591
7500,H8-V,298,n02137549/ILSVRC2012_val_00019975_n02137549,1,3,0.00951697863638401,0.23508509993553162,0.5199006795883179,0.03822449594736099,0.033025488878289856
7500,H8-V,298,n02137549/ILSVRC2012_val_00019975_n02137549,4,3,0.007478940921525161,0.17269073923428854,0.401983509461085,0.028767849629124004,0.024748014907042187
7500,H8-V,298,n02137549/ILSVRC2012_val_00019975_n02137549,7,3,0.007189567976941665,0.1680221309264501,0.37459991375605267,0.027737780784567196,0.023991781597336132
7500,H8-V,298,n02137549/ILSVRC2012_val_00019975_n02137549,13,3,0.006984266452491283,0.16618597010771433,0.3547034760316213,0.02714989831050237,0.023602863773703575
7500,H8-V,298,n02137549/ILSVRC2012_val_00019975_n02137549,19,3,0.006977270978192489,0.16695559521516165,0.35464521249135333,0.027219283084074657,0.023672830934325855
7500,H8-V,299,n02138441/ILSVRC2012_val_00026404_n02138441,1,3,0.005453177727758884,0.12782137095928192,0.38526760538419086,0.02208799123764038,0.01823531525830428
7500,H8-V,299,n02138441/ILSVRC2012_val_00026404_n02138441,4,3,0.0022723699609438577,0.07513965169588725,0.2936119536558787,0.012722454654673735,0.009786335130532583
7500,H8-V,299,n02138441/ILSVRC2012_val_00026404_n02138441,7,3,0.0020214474449555078,0.06968937565883,0.2662661671638489,0.011653046744565168,0.008990384948750338
7500,H8-V,299,n02138441/ILSVRC2012_val_00026404_n02138441,13,3,0.0018057584141691525,0.06394960234562556,0.2455467383066813,0.010656185758610567,0.00820071871081988
7500,H8-V,299,n02138441/ILSVRC2012_val_00026404_n02138441,19,3,0.0017196602808932464,0.061322975903749466,0.24306041498978934,0.010282562114298344,0.00785195796440045
7500,H8-V,300,n02165105/ILSVRC2012_val_00002141_n02165105,1,3,0.02694200724363327,0.2820809880892436,1.1424948771794636,0.06657505532105763,0.055150106549263
7500,H8-V,300,n02165105/ILSVRC2012_val_00002141_n02165105,4,3,0.02145739768942197,0.22302737832069397,1.0053507884343464,0.05381364251176516,0.043760135769844055
7500,H8-V,300,n02165105/ILSVRC2012_val_00002141_n02165105,7,3,0.020618819942077,0.21672281622886658,0.9693779548009237,0.05198488260308901,0.04229110231002172
7500,H8-V,300,n02165105/ILSVRC2012_val_00002141_n02165105,13,3,0.019864767789840698,0.2099770506223043,0.9349902669588724,0.050212375819683075,0.0408624733487765
7500,H8-V,300,n02165105/ILSVRC2012_val_00002141_n02165105,19,3,0.019673713172475498,0.2064539889494578,0.9236039519309998,0.04955515141288439,0.04031911243995031
7500,H8-V,301,n02165456/ILSVRC2012_val_00034497_n02165456,1,3,0.006084958246598641,0.13472104320923486,0.5290999213854471,0.02484806316594283,0.019557063778241474
7500,H8-V,301,n02165456/ILSVRC2012_val_00034497_n02165456,4,3,0.004295981644342343,0.09646042933066686,0.4319712519645691,0.018261737500627834,0.013942024670541286
7500,H8-V,301,n02165456/ILSVRC2012_val_00034497_n02165456,7,3,0.004058027484764655,0.09331829845905304,0.40338801344235736,0.017423737173279125,0.01338985717544953
7500,H8-V,301,n02165456/ILSVRC2012_val_00034497_n02165456,13,3,0.003874348166088263,0.08854299783706665,0.3804688851038615,0.01653333691259225,0.012728648260235786
7500,H8-V,301,n02165456/ILSVRC2012_val_00034497_n02165456,19,3,0.003859269820774595,0.08726678291956584,0.3766406973203023,0.016352354859312374,0.012585948221385479
7500,H8-V,302,n02167151/ILSVRC2012_val_00030459_n02167151,1,3,0.01655063002059857,0.25309499601523083,0.8663777112960815,0.05052390694618225,0.04186013092597326
7500,H8-V,302,n02167151/ILSVRC2012_val_00030459_n02167151,4,3,0.006599429218719403,0.13894056777159372,0.7144467631975809,0.027637954180439312,0.020493486275275547
7500,H8-V,302,n02167151/ILSVRC2012_val_00030459_n02167151,7,3,0.006049577922870715,0.1330118626356125,0.6821774840354919,0.026172538598378498,0.019350764031211536
7500,H8-V,302,n02167151/ILSVRC2012_val_00030459_n02167151,13,3,0.005630521414180596,0.12544460594654083,0.6553692619005839,0.02472867506245772,0.01817498231927554
7500,H8-V,302,n02167151/ILSVRC2012_val_00030459_n02167151,19,3,0.005548389473309119,0.1212493081887563,0.6493653059005737,0.024166973307728767,0.017673320447405178
7500,H8-V,303,n02168699/ILSVRC2012_val_00001529_n02168699,1,3,0.0069657014682888985,0.16375599801540375,0.3706330955028534,0.02704763102034728,0.023341300586859386
7500,H8-V,303,n02168699/ILSVRC2012_val_00001529_n02168699,4,3,0.0037757616179684796,0.08159331232309341,0.2681171198685964,0.014616263719896475,0.011935092819233736
7500,H8-V,303,n02168699/ILSVRC2012_val_00001529_n02168699,7,3,0.0035000426384309926,0.07755860437949498,0.24195737143357596,0.013675477355718613,0.011255903790394465
7500,H8-V,303,n02168699/ILSVRC2012_val_00001529_n02168699,13,3,0.003267354875182112,0.07336560636758804,0.22285578648249307,0.01283247365305821,0.01060391589999199
7500,H8-V,303,n02168699/ILSVRC2012_val_00001529_n02168699,19,3,0.0031693460574994483,0.0707135076324145,0.22115682562192282,0.01245226493726174,0.01024069699148337
7500,H8-V,304,n02169497/ILSVRC2012_val_00020652_n02169497,1,3,0.021274338165918987,0.2802262802918752,1.2936259110768635,0.06223322575290998,0.04929696644345919
7500,H8-V,304,n02169497/ILSVRC2012_val_00020652_n02169497,4,3,0.013128430272142092,0.20592524111270905,1.133063554763794,0.04505159084995588,0.0337209552526474
7500,H8-V,304,n02169497/ILSVRC2012_val_00020652_n02169497,7,3,0.012163967204590639,0.19793209930260977,1.0966424544652302,0.042923601965109505,0.03195717744529247
7500,H8-V,304,n02169497/ILSVRC2012_val_00020652_n02169497,13,3,0.011352313682436943,0.1914989153544108,1.061374346415202,0.041115948309501014,0.03050220509370168
7500,H8-V,304,n02169497/ILSVRC2012_val_00020652_n02169497,19,3,0.011157402458290258,0.1885843127965927,1.048947771390279,0.04050531114141146,0.03001583367586136
7500,H8-V,305,n02172182/ILSVRC2012_val_00020397_n02172182,1,3,0.005906398873776197,0.1775092457731565,0.3355573018391927,0.027012897034486134,0.023657324413458507
7500,H8-V,305,n02172182/ILSVRC2012_val_00020397_n02172182,4,3,0.004206386550019185,0.09760538240273793,0.23362206916014353,0.01630314563711484,0.013966924821337065
7500,H8-V,305,n02172182/ILSVRC2012_val_00020397_n02172182,7,3,0.004068640215943257,0.0943433940410614,0.20812393228212991,0.015584219247102737,0.013502979961534342
7500,H8-V,305,n02172182/ILSVRC2012_val_00020397_n02172182,13,3,0.003959240857511759,0.09155779580275218,0.18995107213656107,0.015014531090855598,0.013115020468831062
7500,H8-V,305,n02172182/ILSVRC2012_val_00020397_n02172182,19,3,0.0039318691318233805,0.09089681009451549,0.18890931208928427,0.014910643609861532,0.013021550451715788
7500,H8-V,306,n02174001/ILSVRC2012_val_00043410_n02174001,1,3,0.030484289551774662,0.29237350821495056,1.2851191361745198,0.07257283230622609,0.05972164124250412
7500,H8-V,306,n02174001/ILSVRC2012_val_00043410_n02174001,4,3,0.020472871760527294,0.18948634962240854,1.098549485206604,0.05040700236956278,0.03942150870958964
7500,H8-V,306,n02174001/ILSVRC2012_val_00043410_n02174001,7,3,0.019380257775386173,0.18036651611328125,1.0615861018498738,0.04803276931246122,0.037416908890008926
7500,H8-V,306,n02174001/ILSVRC2012_val_00043410_n02174001,13,3,0.018400597696503002,0.17099027832349142,1.0267731348673503,0.045767358193794884,0.035499626149733864
7500,H8-V,306,n02174001/ILSVRC2012_val_00043410_n02174001,19,3,0.018159684414664905,0.16856667896111807,1.0162099202473958,0.0451784518857797,0.03501635417342186
7500,H8-V,307,n02177972/ILSVRC2012_val_00012825_n02177972,1,3,0.007910762137422958,0.16999827325344086,0.43804703156153363,0.02929106044272582,0.024910589680075645
7500,H8-V,307,n02177972/ILSVRC2012_val_00012825_n02177972,4,3,0.0036893359695871672,0.06857577214638393,0.30526649951934814,0.01359957829117775,0.010546913370490074
7500,H8-V,307,n02177972/ILSVRC2012_val_00012825_n02177972,7,3,0.003455738304182887,0.06442159910996755,0.2774859666824341,0.012672757419447104,0.009897897951304913
7500,H8-V,307,n02177972/ILSVRC2012_val_00012825_n02177972,13,3,0.0032858085663368306,0.06106401731570562,0.2561073998610179,0.011953284653524557,0.009392210592826208
7500,H8-V,307,n02177972/ILSVRC2012_val_00012825_n02177972,19,3,0.0032739255111664534,0.05933531249562899,0.25314047932624817,0.011738861290117105,0.009207456683119139
7500,H8-V,308,n02190166/ILSVRC2012_val_00039130_n02190166,1,3,0.0041422119829803705,0.1254464661081632,0.4102822045485179,0.020789681002497673,0.016686858609318733
7500,H8-V,308,n02190166/ILSVRC2012_val_00039130_n02190166,4,3,0.0018789621535688639,0.07030007739861806,0.3002718488375346,0.01191168837249279,0.008908969971040884
7500,H8-V,308,n02190166/ILSVRC2012_val_00039130_n02190166,7,3,0.0016878819248328607,0.0660508821407954,0.27160073320070904,0.011008977269132933,0.0082929702475667
7500,H8-V,308,n02190166/ILSVRC2012_val_00039130_n02190166,13,3,0.0015195163432508707,0.06179122254252434,0.24970149993896484,0.010195653575162092,0.007698638675113519
7500,H8-V,308,n02190166/ILSVRC2012_val_00039130_n02190166,19,3,0.001462112064473331,0.05949567134181658,0.24692299465338388,0.009880909075339636,0.007411679408202569
7500,H8-V,309,n02206856/ILSVRC2012_val_00045227_n02206856,1,3,0.016293331359823544,0.23634968201319376,1.1399766206741333,0.05132806797822317,0.039928300927082695
7500,H8-V,309,n02206856/ILSVRC2012_val_00045227_n02206856,4,3,0.010023862744371096,0.1583180328210195,0.9884283542633057,0.03573994959394137,0.025855666026473045
7500,H8-V,309,n02206856/ILSVRC2012_val_00045227_n02206856,7,3,0.00921663735061884,0.15104332566261292,0.9513902068138123,0.0338348721464475,0.024320969978968304
7500,H8-V,309,n02206856/ILSVRC2012_val_00045227_n02206856,13,3,0.008491265587508678,0.14439123372236887,0.9173518021901449,0.032103906075159706,0.022930388649304707
7500,H8-V,309,n02206856/ILSVRC2012_val_00045227_n02206856,19,3,0.00836224885036548,0.14088151852289835,0.9073852698008219,0.0315242533882459,0.022450401137272518
7500,H8-V,310,n02219486/ILSVRC2012_val_00020792_n02219486,1,3,0.006117016232262055,0.17952813704808554,0.6621533433596293,0.030691363538304966,0.024069830154379208
7500,H8-V,310,n02219486/ILSVRC2012_val_00020792_n02219486,4,3,0.0038921954886366925,0.11668139944473903,0.5339566667874655,0.020899901787439983,0.015560335479676723
7500,H8-V,310,n02219486/ILSVRC2012_val_00020792_n02219486,7,3,0.0036354801462342343,0.11133705576260884,0.5031625231107076,0.019800810143351555,0.014769185955325762
7500,H8-V,310,n02219486/ILSVRC2012_val_00020792_n02219486,13,3,0.0034476991277188063,0.10492108017206192,0.4775037268797557,0.018714844559629757,0.013939807191491127
7500,H8-V,310,n02219486/ILSVRC2012_val_00020792_n02219486,19,3,0.0034434936630229154,0.10172149538993835,0.4718143145243327,0.018333785856763523,0.01361564298470815
7500,H8-V,311,n02226429/ILSVRC2012_val_00000972_n02226429,1,3,0.007067522654930751,0.16643598675727844,0.6219166914621989,0.02993028797209263,0.02371112195154031
7500,H8-V,311,n02226429/ILSVRC2012_val_00000972_n02226429,4,3,0.003782864504804214,0.1108381375670433,0.514714519182841,0.02001382348438104,0.014866678044199944
7500,H8-V,311,n02226429/ILSVRC2012_val_00000972_n02226429,7,3,0.0034818129303554692,0.10603723923365276,0.4855870803197225,0.018941408023238182,0.014085537443558374
7500,H8-V,311,n02226429/ILSVRC2012_val_00000972_n02226429,13,3,0.003233143283675114,0.09988868981599808,0.46127628286679584,0.017834775149822235,0.013222012668848038
7500,H8-V,311,n02226429/ILSVRC2012_val_00000972_n02226429,19,3,0.0031606973304102817,0.09675197800000508,0.4551764825979869,0.01738766022026539,0.012835895332197348
7500,H8-V,312,n02229544/ILSVRC2012_val_00035710_n02229544,1,3,0.00644409004598856,0.15224222838878632,0.6284741759300232,0.027953054755926132,0.021668313071131706
7500,H8-V,312,n02229544/ILSVRC2012_val_00035710_n02229544,4,3,0.003945341644187768,0.10545778274536133,0.5264792641003927,0.019755912944674492,0.014491120042900244
7500,H8-V,312,n02229544/ILSVRC2012_val_00035710_n02229544,7,3,0.0036232211471845708,0.09994516024986903,0.49633636077245075,0.018581101049979527,0.013617737839619318
7500,H8-V,312,n02229544/ILSVRC2012_val_00035710_n02229544,13,3,0.003368529568736752,0.09481681634982426,0.4720589319864909,0.017570801079273224,0.012850211622814337
7500,H8-V,312,n02229544/ILSVRC2012_val_00035710_n02229544,19,3,0.0033425213769078255,0.09294061611096065,0.46765196323394775,0.01731310288111369,0.012636583608885607
7500,H8-V,313,n02231487/ILSVRC2012_val_00043867_n02231487,1,3,0.006066235558440288,0.20066836973031363,0.5012474755446116,0.031145547827084858,0.026133072872956593
7500,H8-V,313,n02231487/ILSVRC2012_val_00043867_n02231487,4,3,0.003461801912635565,0.10918103406826656,0.3786589006582896,0.018166494245330494,0.01437990553677082
7500,H8-V,313,n02231487/ILSVRC2012_val_00043867_n02231487,7,3,0.0032436848462869725,0.10452766468127568,0.35159212350845337,0.01721237289408843,0.013696451671421528
7500,H8-V,313,n02231487/ILSVRC2012_val_00043867_n02231487,13,3,0.003063818207010627,0.09998422861099243,0.3318218986193339,0.016380459691087406,0.01306224117676417
7500,H8-V,313,n02231487/ILSVRC2012_val_00043867_n02231487,19,3,0.0030218740769972405,0.09922330329815547,0.3307046890258789,0.016251251101493835,0.01294420442233483
7500,H8-V,314,n02233338/ILSVRC2012_val_00001884_n02233338,1,3,0.021467076304058235,0.3484656016031901,0.6361995538075765,0.06267563253641129,0.05631363640228907
7500,H8-V,314,n02233338/ILSVRC2012_val_00001884_n02233338,4,3,0.006751032235721747,0.12379499524831772,0.4525235792001088,0.02365576724211375,0.019130531698465347
7500,H8-V,314,n02233338/ILSVRC2012_val_00001884_n02233338,7,3,0.006306413405885299,0.11681552479664485,0.42296884457270306,0.022217653691768646,0.01798796591659387
7500,H8-V,314,n02233338/ILSVRC2012_val_00001884_n02233338,13,3,0.005955221441884835,0.11106561124324799,0.400519202152888,0.021066974848508835,0.017061783000826836
7500,H8-V,314,n02233338/ILSVRC2012_val_00001884_n02233338,19,3,0.005867143782476584,0.10927399744590123,0.39829015731811523,0.020777445286512375,0.016794543713331223
7500,H8-V,315,n02236044/ILSVRC2012_val_00002415_n02236044,1,3,0.013272922796507677,0.15241510917743048,0.4715922474861145,0.03323035625120004,0.028514433652162552
7500,H8-V,315,n02236044/ILSVRC2012_val_00002415_n02236044,4,3,0.007436775602400303,0.07699610789616902,0.3561560610930125,0.01869794726371765,0.015136386578281721
7500,H8-V,315,n02236044/ILSVRC2012_val_00002415_n02236044,7,3,0.006911300277958314,0.0721364493171374,0.32701008518536884,0.017395046229163807,0.014124945426980654
7500,H8-V,315,n02236044/ILSVRC2012_val_00002415_n02236044,13,3,0.006449646161248286,0.06821958720684052,0.3056984444459279,0.016328589990735054,0.013271605285505453
7500,H8-V,315,n02236044/ILSVRC2012_val_00002415_n02236044,19,3,0.00634324907635649,0.06771834443012874,0.303839107354482,0.016153474648793537,0.013115083488325277
7500,H8-V,316,n02256656/ILSVRC2012_val_00034839_n02256656,1,3,0.007330654499431451,0.14665106435616812,0.588917096455892,0.02788493223488331,0.021995761742194492
7500,H8-V,316,n02256656/ILSVRC2012_val_00034839_n02256656,4,3,0.005114884581416845,0.10783946265776952,0.509421726067861,0.02099304770429929,0.015898830567797024
7500,H8-V,316,n02256656/ILSVRC2012_val_00034839_n02256656,7,3,0.004797311034053564,0.1012840320666631,0.4819344977537791,0.01974505993227164,0.014925714582204819
7500,H8-V,316,n02256656/ILSVRC2012_val_00034839_n02256656,13,3,0.004478028975427151,0.09432994325955708,0.4595853090286255,0.018506875882546108,0.013911023425559202
7500,H8-V,316,n02256656/ILSVRC2012_val_00034839_n02256656,19,3,0.004408476563791434,0.09179951250553131,0.45548256238301593,0.01814325402180354,0.013588428186873594
7500,H8-V,317,n02259212/ILSVRC2012_val_00030505_n02259212,1,3,0.006540925862888495,0.20553360879421234,0.7118643124898275,0.03421292950709661,0.02709428717692693
7500,H8-V,317,n02259212/ILSVRC2012_val_00030505_n02259212,4,3,0.0035557391432424388,0.1279489000638326,0.5947580933570862,0.022298209990064304,0.016350628808140755
7500,H8-V,317,n02259212/ILSVRC2012_val_00030505_n02259212,7,3,0.0032758666202425957,0.12193165719509125,0.5636788805325826,0.021105822175741196,0.01546903265019258
7500,H8-V,317,n02259212/ILSVRC2012_val_00030505_n02259212,13,3,0.0030660688256224,0.11630724618832271,0.5374326109886169,0.020071119690934818,0.014696793630719185
7500,H8-V,317,n02259212/ILSVRC2012_val_00030505_n02259212,19,3,0.0030659768575181565,0.11585916330416997,0.5317341486612955,0.019969235484798748,0.014651893638074398
7500,H8-V,318,n02264363/ILSVRC2012_val_00047717_n02264363,1,3,0.013460681773722172,0.18347072104612985,0.7519810994466146,0.039327564338843025,0.03180775294701258
7500,H8-V,318,n02264363/ILSVRC2012_val_00047717_n02264363,4,3,0.008671624896426996,0.1128678744037946,0.6340473890304565,0.02629888616502285,0.019958412274718285
7500,H8-V,318,n02264363/ILSVRC2012_val_00047717_n02264363,7,3,0.007889203106363615,0.10706412047147751,0.6028925180435181,0.024624540160099666,0.018595615401864052
7500,H8-V,318,n02264363/ILSVRC2012_val_00047717_n02264363,13,3,0.007277581685533126,0.10118151207764943,0.5767690340677897,0.02316342294216156,0.017395732924342155
7500,H8-V,318,n02264363/ILSVRC2012_val_00047717_n02264363,19,3,0.00713313277810812,0.09882939110199611,0.5705064336458842,0.022721136609713238,0.017016072447101276
7500,H8-V,319,n02268443/ILSVRC2012_val_00007425_n02268443,1,3,0.008814464323222637,0.19063383837540945,0.9435534874598185,0.03731338307261467,0.027877848595380783
7500,H8-V,319,n02268443/ILSVRC2012_val_00007425_n02268443,4,3,0.0055565118479232,0.14296371738115946,0.8181639115015665,0.028034521887699764,0.019852883492906887
7500,H8-V,319,n02268443/ILSVRC2012_val_00007425_n02268443,7,3,0.005051037451873223,0.13553132116794586,0.7832077344258627,0.026436246931552887,0.018604169910152752
7500,H8-V,319,n02268443/ILSVRC2012_val_00007425_n02268443,13,3,0.004602303573240836,0.1269660989443461,0.7505824764569601,0.02480473866065343,0.017298913871248562
7500,H8-V,319,n02268443/ILSVRC2012_val_00007425_n02268443,19,3,0.004487666301429272,0.12353728463252385,0.7402225136756897,0.02424361991385619,0.01684139482676983
7500,H8-V,320,n02268853/ILSVRC2012_val_00000965_n02268853,1,3,0.01327448400358359,0.16040802001953125,0.4120699465274811,0.03343598668773969,0.02931528662641843
7500,H8-V,320,n02268853/ILSVRC2012_val_00000965_n02268853,4,3,0.006368143639216821,0.06360466902454694,0.2790732483069102,0.015519343006114164,0.012728610696891943
7500,H8-V,320,n02268853/ILSVRC2012_val_00000965_n02268853,7,3,0.005975593502322833,0.05955321714282036,0.25182171662648517,0.01444913229594628,0.011930915216604868
7500,H8-V,320,n02268853/ILSVRC2012_val_00000965_n02268853,13,3,0.0056634689681231976,0.055892471224069595,0.23211547235647836,0.01357387068370978,0.011252715873221556
7500,H8-V,320,n02268853/ILSVRC2012_val_00000965_n02268853,19,3,0.005589819668481748,0.054607359071572624,0.23118342955907187,0.013362389989197254,0.011050555855035782
7500,H8-V,321,n02276258/ILSVRC2012_val_00021108_n02276258,1,3,0.012149262552460035,0.20344606538613638,0.9642671147982279,0.042136541257301964,0.032493870705366135
7500,H8-V,321,n02276258/ILSVRC2012_val_00021108_n02276258,4,3,0.007883482923110327,0.13281765083471933,0.8135494391123453,0.02930074247221152,0.02116524800658226
7500,H8-V,321,n02276258/ILSVRC2012_val_00021108_n02276258,7,3,0.007312155949572722,0.12452305853366852,0.7799474398295084,0.027563936387499172,0.019764462485909462
7500,H8-V,321,n02276258/ILSVRC2012_val_00021108_n02276258,13,3,0.006807101424783468,0.11757406095663707,0.7488193909327189,0.026052700976530712,0.018564507365226746
7500,H8-V,321,n02276258/ILSVRC2012_val_00021108_n02276258,19,3,0.006680193978051345,0.11556768665711085,0.7387752334276835,0.02562471479177475,0.018236962457497913
7500,H8-V,322,n02277742/ILSVRC2012_val_00029616_n02277742,1,3,0.009482342439393202,0.15943093597888947,0.41424234708150226,0.029567860066890717,0.025425436596075695
7500,H8-V,322,n02277742/ILSVRC2012_val_00029616_n02277742,4,3,0.00647237633044521,0.07939072946707408,0.29936857024828595,0.017405134936173756,0.014411449432373047
7500,H8-V,322,n02277742/ILSVRC2012_val_00029616_n02277742,7,3,0.006166776021321614,0.07622676591078441,0.27160223325093585,0.016505475466450054,0.013789452922840914
7500,H8-V,322,n02277742/ILSVRC2012_val_00029616_n02277742,13,3,0.00596333264062802,0.07299173871676128,0.2517243226369222,0.01577974980076154,0.013262506574392319
7500,H8-V,322,n02277742/ILSVRC2012_val_00029616_n02277742,19,3,0.005943859151254098,0.07172503819068272,0.251554936170578,0.01563191165526708,0.013116362815101942
7500,H8-V,323,n02279972/ILSVRC2012_val_00023084_n02279972,1,3,0.011499511698881784,0.23550025622049967,0.8731364607810974,0.04378090177973112,0.03504953781763712
7500,H8-V,323,n02279972/ILSVRC2012_val_00023084_n02279972,4,3,0.006789197058727344,0.1625815729300181,0.7409025231997172,0.030456379676858585,0.0230473546932141
7500,H8-V,323,n02279972/ILSVRC2012_val_00023084_n02279972,7,3,0.006380721305807431,0.15963764985402426,0.7095792492230734,0.02944028005003929,0.022344487408796947
7500,H8-V,323,n02279972/ILSVRC2012_val_00023084_n02279972,13,3,0.0060450116482873755,0.1553718000650406,0.6821744243303934,0.028403935953974724,0.02158219243089358
7500,H8-V,323,n02279972/ILSVRC2012_val_00023084_n02279972,19,3,0.005934116275360187,0.1536081780989965,0.6746422449747721,0.028041355932752293,0.021294933433334034
7500,H8-V,324,n02280649/ILSVRC2012_val_00028853_n02280649,1,3,0.012324952830870947,0.19942189753055573,0.6833496888478597,0.03910063952207565,0.03226714270810286
7500,H8-V,324,n02280649/ILSVRC2012_val_00028853_n02280649,4,3,0.00722149604310592,0.11047848562399547,0.5456791718800863,0.02372613673408826,0.01826934516429901
7500,H8-V,324,n02280649/ILSVRC2012_val_00028853_n02280649,7,3,0.006712496435890595,0.10362102091312408,0.5135670304298401,0.022210269545515377,0.017074599241216976
7500,H8-V,324,n02280649/ILSVRC2012_val_00028853_n02280649,13,3,0.006363466537247102,0.09801298379898071,0.4872000614802043,0.02103676584859689,0.016164764761924744
7500,H8-V,324,n02280649/ILSVRC2012_val_00028853_n02280649,19,3,0.00631551972279946,0.09703942388296127,0.48178325096766156,0.020837294558684032,0.016019462297360103
7500,H8-V,325,n02281406/ILSVRC2012_val_00045771_n02281406,1,3,0.025285984699924786,0.2840661605199178,1.8253737688064575,0.07194633533557256,0.053692600379387535
7500,H8-V,325,n02281406/ILSVRC2012_val_00045771_n02281406,4,3,0.017135802656412125,0.20559344192345938,1.6560983260472615,0.0542561300098896,0.03769514709711075
7500,H8-V,325,n02281406/ILSVRC2012_val_00045771_n02281406,7,3,0.01589342827598254,0.1988409012556076,1.6143697102864583,0.051921214908361435,0.03577751914660136
7500,H8-V,325,n02281406/ILSVRC2012_val_00045771_n02281406,13,3,0.014954569128652414,0.19293270508448282,1.5702329874038696,0.0499501700202624,0.034247840444246926
7500,H8-V,325,n02281406/ILSVRC2012_val_00045771_n02281406,19,3,0.014839350866774717,0.19143147766590118,1.5524595181147258,0.049507093926270805,0.03398249919215838
7500,H8-V,326,n02281787/ILSVRC2012_val_00011979_n02281787,1,3,0.011479288339614868,0.22751735150814056,0.8785530130068461,0.04301655292510986,0.034231023862957954
7500,H8-V,326,n02281787/ILSVRC2012_val_00011979_n02281787,4,3,0.005593230947852135,0.1188093548019727,0.7163467804590861,0.02463763455549876,0.017474166428049404
7500,H8-V,326,n02281787/ILSVRC2012_val_00011979_n02281787,7,3,0.005154849650959174,0.11249413341283798,0.684627632300059,0.02325053947667281,0.016404263054331143
7500,H8-V,326,n02281787/ILSVRC2012_val_00011979_n02281787,13,3,0.004776532140870889,0.10567651937405269,0.6558900674184164,0.021903084591031075,0.015344184202452501
7500,H8-V,326,n02281787/ILSVRC2012_val_00011979_n02281787,19,3,0.004663196858018637,0.1024533857901891,0.647036075592041,0.021378896509607632,0.01490853571643432
7500,H8-V,327,n02317335/ILSVRC2012_val_00043732_n02317335,1,3,0.017908718436956406,0.2114768127600352,0.9923456112543741,0.048979856073856354,0.03905640045801798
7500,H8-V,327,n02317335/ILSVRC2012_val_00043732_n02317335,4,3,0.012090019881725311,0.13219974438349405,0.8344893654187521,0.03365488722920418,0.02530999357501666
7500,H8-V,327,n02317335/ILSVRC2012_val_00043732_n02317335,7,3,0.011286214304467043,0.12518543004989624,0.7983776926994324,0.03178853541612625,0.023804757744073868
7500,H8-V,327,n02317335/ILSVRC2012_val_00043732_n02317335,13,3,0.010641020101805529,0.11732041090726852,0.7642811934153239,0.030015872791409492,0.022373061006267864
7500,H8-V,327,n02317335/ILSVRC2012_val_00043732_n02317335,19,3,0.010606443199018637,0.11587095260620117,0.7529387672742208,0.02972292589644591,0.022193538025021553
7500,H8-V,328,n02319095/ILSVRC2012_val_00042173_n02319095,1,3,0.007808618868390719,0.26876330375671387,0.728746751944224,0.04197241738438606,0.034684949244062104
7500,H8-V,328,n02319095/ILSVRC2012_val_00042173_n02319095,4,3,0.005298624591281016,0.185452734430631,0.6094308694203695,0.02993820731838544,0.02384389874835809
7500,H8-V,328,n02319095/ILSVRC2012_val_00042173_n02319095,7,3,0.0050431534958382445,0.17894558111826578,0.5796958009401957,0.02873466971019904,0.02293771194914977
7500,H8-V,328,n02319095/ILSVRC2012_val_00042173_n02319095,13,3,0.004836602912594874,0.17198577523231506,0.5552590688069662,0.027587772036592167,0.022035180901487667
7500,H8-V,328,n02319095/ILSVRC2012_val_00042173_n02319095,19,3,0.004806930509706338,0.1686011701822281,0.5514340798060099,0.027181388810276985,0.02166704833507538
7500,H8-V,329,n02321529/ILSVRC2012_val_00029107_n02321529,1,3,0.006028940590719382,0.1889780710140864,0.6539915402730306,0.03146666350464026,0.024926748126745224
7500,H8-V,329,n02321529/ILSVRC2012_val_00029107_n02321529,4,3,0.004657809156924486,0.1504993885755539,0.5579807162284851,0.025287556151549023,0.019707748666405678
7500,H8-V,329,n02321529/ILSVRC2012_val_00029107_n02321529,7,3,0.004400578327476978,0.14610626300175986,0.528833011786143,0.024299534037709236,0.019011204441388447
7500,H8-V,329,n02321529/ILSVRC2012_val_00029107_n02321529,13,3,0.0041780344521005945,0.14168044924736023,0.5049332777659098,0.02339541291197141,0.01834607993563016
7500,H8-V,329,n02321529/ILSVRC2012_val_00029107_n02321529,19,3,0.00412573991343379,0.14002434412638345,0.49974270661671955,0.023125601311524708,0.01812817466755708
7500,H8-V,330,n02325366/ILSVRC2012_val_00004300_n02325366,1,3,0.0063716705578068895,0.17404833436012268,0.4598794976870219,0.02837529902656873,0.023776504521568615
7500,H8-V,330,n02325366/ILSVRC2012_val_00004300_n02325366,4,3,0.003939967912932237,0.12143485248088837,0.3662360608577728,0.01974581430355708,0.016083453471461933
7500,H8-V,330,n02325366/ILSVRC2012_val_00004300_n02325366,7,3,0.003733937939008077,0.11808095127344131,0.33943583567937213,0.018936391919851303,0.015542033749322096
7500,H8-V,330,n02325366/ILSVRC2012_val_00004300_n02325366,13,3,0.0035622431120524802,0.11511238664388657,0.31940561532974243,0.01826753777762254,0.015073482257624468
7500,H8-V,330,n02325366/ILSVRC2012_val_00004300_n02325366,19,3,0.0035131480544805527,0.1131048674384753,0.317112257083257,0.017994757741689682,0.014823634798328081
7500,H8-V,331,n02326432/ILSVRC2012_val_00034786_n02326432,1,3,0.012184162624180317,0.25928910573323566,0.6728236277898153,0.0448413093884786,0.03811307375629743
7500,H8-V,331,n02326432/ILSVRC2012_val_00034786_n02326432,4,3,0.008638059409956137,0.15059439341227213,0.5290634830792745,0.028988134115934372,0.02369749980668227
7500,H8-V,331,n02326432/ILSVRC2012_val_00034786_n02326432,7,3,0.00826567163070043,0.14514967799186707,0.4998164673646291,0.027778804302215576,0.022780640050768852
7500,H8-V,331,n02326432/ILSVRC2012_val_00034786_n02326432,13,3,0.00797288678586483,0.1392156034708023,0.4766515592734019,0.026660962651173275,0.02189444750547409
7500,H8-V,331,n02326432/ILSVRC2012_val_00034786_n02326432,19,3,0.007945670125385126,0.13630134363969168,0.47302544116973877,0.026306059832374256,0.02157580542067687
7500,H8-V,332,n02328150/ILSVRC2012_val_00017261_n02328150,1,3,0.007052133791148663,0.18699219822883606,0.6363992691040039,0.03211534582078457,0.025751353551944096
7500,H8-V,332,n02328150/ILSVRC2012_val_00017261_n02328150,4,3,0.004730648671587308,0.11521573613087337,0.5038871169090271,0.021291093279918034,0.016252222160498302
7500,H8-V,332,n02328150/ILSVRC2012_val_00017261_n02328150,7,3,0.004461812786757946,0.11044980833927791,0.4764791826407115,0.020271584391593933,0.01550679343442122
7500,H8-V,332,n02328150/ILSVRC2012_val_00017261_n02328150,13,3,0.004238886137803395,0.10562155395746231,0.4542275667190552,0.01934331717590491,0.014801041843990484
7500,H8-V,332,n02328150/ILSVRC2012_val_00017261_n02328150,19,3,0.004182136462380488,0.10299822688102722,0.4506048758824666,0.01898800830046336,0.014481959243615469
7500,H8-V,333,n02342885/ILSVRC2012_val_00013528_n02342885,1,3,0.010071395275493463,0.17216570178667703,0.6561662157376608,0.033849626779556274,0.027287965019543965
7500,H8-V,333,n02342885/ILSVRC2012_val_00013528_n02342885,4,3,0.005053898474822442,0.10315752277771632,0.5371741652488708,0.020741393168767292,0.015369651218255361
7500,H8-V,333,n02342885/ILSVRC2012_val_00013528_n02342885,7,3,0.004487748723477125,0.09513342132170995,0.5074371298154196,0.019075461973746616,0.01400109101086855
7500,H8-V,333,n02342885/ILSVRC2012_val_00013528_n02342885,13,3,0.0039567531396945315,0.08740119139353435,0.48258111874262494,0.017522683988014858,0.012696872465312481
7500,H8-V,333,n02342885/ILSVRC2012_val_00013528_n02342885,19,3,0.0037530444096773863,0.0843845730026563,0.477219154437383,0.016963693002859753,0.012191502066950003
7500,H8-V,334,n02346627/ILSVRC2012_val_00036853_n02346627,1,3,0.01764605411638816,0.28738751510779065,0.8356183369954427,0.05474098895986875,0.046384806434313454
7500,H8-V,334,n02346627/ILSVRC2012_val_00036853_n02346627,4,3,0.010697545483708382,0.16730016966660818,0.6659952402114868,0.03408751388390859,0.027427562822898228
7500,H8-V,334,n02346627/ILSVRC2012_val_00036853_n02346627,7,3,0.010212151954571405,0.16203137238820395,0.6357661286989847,0.03277295082807541,0.026415289069215458
7500,H8-V,334,n02346627/ILSVRC2012_val_00036853_n02346627,13,3,0.009812915076812109,0.1572733869155248,0.6093833049138387,0.031634087363878884,0.02554025501012802
7500,H8-V,334,n02346627/ILSVRC2012_val_00036853_n02346627,19,3,0.009770002526541552,0.15548945466677347,0.602969745794932,0.03134864568710327,0.025318947931130726
7500,H8-V,335,n02356798/ILSVRC2012_val_00047262_n02356798,1,3,0.008628839006026586,0.1694617122411728,0.7869206468264262,0.033444217716654144,0.02557501072684924
7500,H8-V,335,n02356798/ILSVRC2012_val_00047262_n02356798,4,3,0.005692212376743555,0.1235303779443105,0.6479533513387045,0.024524783715605736,0.018045250947276752
7500,H8-V,335,n02356798/ILSVRC2012_val_00047262_n02356798,7,3,0.005329112522304058,0.11983352899551392,0.6161045829455057,0.023473511760433514,0.017312465856472652
7500,H8-V,335,n02356798/ILSVRC2012_val_00047262_n02356798,13,3,0.005037942125151555,0.11675165593624115,0.5886258482933044,0.022599366183082264,0.016713107625643413
7500,H8-V,335,n02356798/ILSVRC2012_val_00047262_n02356798,19,3,0.004994053548822801,0.11485013117392857,0.5811196168263754,0.022290262083212536,0.016479066262642544
7500,H8-V,336,n02361337/ILSVRC2012_val_00018582_n02361337,1,3,0.005626970902085304,0.2902127106984456,0.5774532159169515,0.040422772988677025,0.03464824209610621
7500,H8-V,336,n02361337/ILSVRC2012_val_00018582_n02361337,4,3,0.002563302327568332,0.12920448184013367,0.4288257956504822,0.019772008682290714,0.015483750651280085
7500,H8-V,336,n02361337/ILSVRC2012_val_00018582_n02361337,7,3,0.0023819548853983483,0.12339390069246292,0.40159695347150165,0.018737314268946648,0.014721345156431198
7500,H8-V,336,n02361337/ILSVRC2012_val_00018582_n02361337,13,3,0.0022160895944883427,0.11875767757495244,0.38065384825070697,0.017898396278421085,0.014091857398549715
7500,H8-V,336,n02361337/ILSVRC2012_val_00018582_n02361337,19,3,0.0021511247226347527,0.11608904600143433,0.3782182534535726,0.01754221258064111,0.013760029959181944
7500,H8-V,337,n02363005/ILSVRC2012_val_00028341_n02363005,1,3,0.013125351319710413,0.2332181086142858,0.5694676041603088,0.04214183862010638,0.0364471630503734
7500,H8-V,337,n02363005/ILSVRC2012_val_00028341_n02363005,4,3,0.0076599592963854475,0.12487818052371343,0.4254838426907857,0.024402615303794544,0.020147777472933132
7500,H8-V,337,n02363005/ILSVRC2012_val_00028341_n02363005,7,3,0.007272623168925445,0.12043493241071701,0.3974039653937022,0.023290154834588368,0.019316115727027256
7500,H8-V,337,n02363005/ILSVRC2012_val_00028341_n02363005,13,3,0.006878431886434555,0.11548767487208049,0.37582605083783466,0.022185460353891056,0.01842719999452432
7500,H8-V,337,n02363005/ILSVRC2012_val_00028341_n02363005,19,3,0.006728519530345996,0.11341618498166402,0.37343087792396545,0.021804446975390118,0.01807013836999734
7500,H8-V,338,n02364673/ILSVRC2012_val_00006685_n02364673,1,3,0.00805528104926149,0.1703929603099823,0.4408116340637207,0.029502693563699722,0.02509457804262638
7500,H8-V,338,n02364673/ILSVRC2012_val_00006685_n02364673,4,3,0.005737898560861747,0.1082797423005104,0.33281971017519635,0.019894070302446682,0.016565872977177303
7500,H8-V,338,n02364673/ILSVRC2012_val_00006685_n02364673,7,3,0.005559182104965051,0.10354851186275482,0.30536962548891705,0.018967729682723682,0.015914033477505047
7500,H8-V,338,n02364673/ILSVRC2012_val_00006685_n02364673,13,3,0.005407401515791814,0.09830860545237859,0.28527883688608807,0.018091050287087757,0.015238262092073759
7500,H8-V,338,n02364673/ILSVRC2012_val_00006685_n02364673,19,3,0.00535005113730828,0.09668964147567749,0.28472237785657245,0.017866238951683044,0.015019015098611513
7500,H8-V,339,n02389026/ILSVRC2012_val_00039474_n02389026,1,3,0.008648338417212168,0.11593259374300639,0.458680659532547,0.02482840542991956,0.02024159828821818
7500,H8-V,339,n02389026/ILSVRC2012_val_00039474_n02389026,4,3,0.004069275921210647,0.059943760434786476,0.3579326272010803,0.01364297823359569,0.01006365225960811
7500,H8-V,339,n02389026/ILSVRC2012_val_00039474_n02389026,7,3,0.003746058170994123,0.055938651164372764,0.3297147254149119,0.012637070380151272,0.009339923349519571
7500,H8-V,339,n02389026/ILSVRC2012_val_00039474_n02389026,13,3,0.0034552132710814476,0.05193660159905752,0.3079799711704254,0.01172867293159167,0.008648873306810856
7500,H8-V,339,n02389026/ILSVRC2012_val_00039474_n02389026,19,3,0.0033122653452058635,0.04955412571628889,0.3053121368090312,0.011320799589157104,0.008267678320407867
7500,H8-V,340,n02391049/ILSVRC2012_val_00034575_n02391049,1,3,0.014259017383058866,0.16295596212148666,0.8434184193611145,0.03898879885673523,0.03055461496114731
7500,H8-V,340,n02391049/ILSVRC2012_val_00034575_n02391049,4,3,0.008365456946194172,0.08254579951365788,0.6997897426287333,0.023617934435606003,0.01662003683547179
7500,H8-V,340,n02391049/ILSVRC2012_val_00034575_n02391049,7,3,0.007818177342414856,0.07963948200146358,0.6691956917444865,0.022474082186818123,0.015782125294208527
7500,H8-V,340,n02391049/ILSVRC2012_val_00034575_n02391049,13,3,0.007323881766448419,0.07772330691417058,0.6423584222793579,0.021519796301921208,0.01509621242682139
7500,H8-V,340,n02391049/ILSVRC2012_val_00034575_n02391049,19,3,0.007158347560713689,0.0778534859418869,0.6350649992624918,0.02129434607923031,0.014943696248034636
7500,H8-V,341,n02395406/ILSVRC2012_val_00032734_n02395406,1,3,0.01541615774234136,0.27105804284413654,0.838752269744873,0.05090948442618052,0.042521962275107704
7500,H8-V,341,n02395406/ILSVRC2012_val_00032734_n02395406,4,3,0.010401982193191847,0.16762574513753256,0.6863145430882772,0.034027701864639916,0.027164557327826817
7500,H8-V,341,n02395406/ILSVRC2012_val_00032734_n02395406,7,3,0.009839678183197975,0.15896194179852804,0.6554365555445353,0.032290237645308174,0.025735873108108837
7500,H8-V,341,n02395406/ILSVRC2012_val_00032734_n02395406,13,3,0.009334235141674677,0.1505559136470159,0.6289941271146139,0.030679768572251003,0.02438982700308164
7500,H8-V,341,n02395406/ILSVRC2012_val_00032734_n02395406,19,3,0.009220186620950699,0.1470363885164261,0.6228009263674418,0.030151834711432457,0.023923825472593307
7500,H8-V,342,n02396427/ILSVRC2012_val_00028931_n02396427,1,3,0.009747477869192759,0.22092312077681223,0.6682787537574768,0.03852257629235586,0.031839789201815925
7500,H8-V,342,n02396427/ILSVRC2012_val_00028931_n02396427,4,3,0.005666172131896019,0.14459500213464102,0.5312280257542928,0.025437952329715092,0.020125672221183777
7500,H8-V,342,n02396427/ILSVRC2012_val_00028931_n02396427,7,3,0.0051575168035924435,0.1374245136976242,0.5016222993532816,0.02391619049012661,0.018899967893958092
7500,H8-V,342,n02396427/ILSVRC2012_val_00028931_n02396427,13,3,0.004678281334539254,0.13223900894323984,0.4768681625525157,0.022670863196253777,0.017902181794246037
7500,H8-V,342,n02396427/ILSVRC2012_val_00028931_n02396427,19,3,0.004460114675263564,0.12912270923455557,0.47044506669044495,0.02207683709760507,0.017372386530041695
7500,H8-V,343,n02397096/ILSVRC2012_val_00028546_n02397096,1,3,0.007106830055514972,0.19938725233078003,0.6438115835189819,0.033483670403560005,0.027045556033651035
7500,H8-V,343,n02397096/ILSVRC2012_val_00028546_n02397096,4,3,0.004815387539565563,0.14492970208326975,0.5424267252286276,0.02473262573281924,0.019308358430862427
7500,H8-V,343,n02397096/ILSVRC2012_val_00028546_n02397096,7,3,0.0045321290381252766,0.13855076829592386,0.5126026670138041,0.02351323204735915,0.01838720589876175
7500,H8-V,343,n02397096/ILSVRC2012_val_00028546_n02397096,13,3,0.004298274560521047,0.13306988775730133,0.4880158503850301,0.02248542259136836,0.017605263739824295
7500,H8-V,343,n02397096/ILSVRC2012_val_00028546_n02397096,19,3,0.004230789995441834,0.13088837762673697,0.48230575521787006,0.02214268532892068,0.017319627727071445
7500,H8-V,344,n02398521/ILSVRC2012_val_00014340_n02398521,1,3,0.007215591457982858,0.22909069061279297,0.5839286049207052,0.035963947574297585,0.030124661202232044
7500,H8-V,344,n02398521/ILSVRC2012_val_00014340_n02398521,4,3,0.004699754683921735,0.14139523605505624,0.47186339894930523,0.023557912558317184,0.01883927856882413
7500,H8-V,344,n02398521/ILSVRC2012_val_00014340_n02398521,7,3,0.004464152889947097,0.13494625190893808,0.44542532165845233,0.02241303212940693,0.01795877826710542
7500,H8-V,344,n02398521/ILSVRC2012_val_00014340_n02398521,13,3,0.004258901967356603,0.127707506219546,0.42519187927246094,0.021281572058796883,0.01702965299288432
7500,H8-V,344,n02398521/ILSVRC2012_val_00014340_n02398521,19,3,0.004202610036979119,0.12543649474779764,0.4229756196339925,0.020976015056173008,0.01674625960489114
7500,H8-V,345,n02403003/ILSVRC2012_val_00021400_n02403003,1,3,0.018489081412553787,0.24538910388946533,0.85597296555837,0.05158771947026253,0.043027990808089576
7500,H8-V,345,n02403003/ILSVRC2012_val_00021400_n02403003,4,3,0.012307215171555677,0.15958120922247568,0.723461925983429,0.035499955217043556,0.02826533652842045
7500,H8-V,345,n02403003/ILSVRC2012_val_00021400_n02403003,7,3,0.011595485111077627,0.1528167426586151,0.6908791859944662,0.033785950392484665,0.026877159252762794
7500,H8-V,345,n02403003/ILSVRC2012_val_00021400_n02403003,13,3,0.01087904442101717,0.14659571647644043,0.6626191735267639,0.0321648083627224,0.025538616503278416
7500,H8-V,345,n02403003/ILSVRC2012_val_00021400_n02403003,19,3,0.010589166854818663,0.14529182016849518,0.6555701891581217,0.031674051036437355,0.025118349120020866
7500,H8-V,346,n02408429/ILSVRC2012_val_00000456_n02408429,1,3,0.016388641049464543,0.2954702576001485,0.6273258725802103,0.052208926528692245,0.04593566805124283
7500,H8-V,346,n02408429/ILSVRC2012_val_00000456_n02408429,4,3,0.010089674964547157,0.1877226581176122,0.4892792006333669,0.033754732459783554,0.028861941148837406
7500,H8-V,346,n02408429/ILSVRC2012_val_00000456_n02408429,7,3,0.009627888600031534,0.18221013247966766,0.45971261461575824,0.03244602680206299,0.027848902468880016
7500,H8-V,346,n02408429/ILSVRC2012_val_00000456_n02408429,13,3,0.00926554078857104,0.17700896163781485,0.4364459415276845,0.031330895299712815,0.026966437076528866
7500,H8-V,346,n02408429/ILSVRC2012_val_00000456_n02408429,19,3,0.009204407222568989,0.1741814911365509,0.43290380636850995,0.030951594933867455,0.026622556770841282
7500,H8-V,347,n02410509/ILSVRC2012_val_00039568_n02410509,1,3,0.009149486509462198,0.26865700880686444,0.5802946289380392,0.04181813448667526,0.0360151877005895
7500,H8-V,347,n02410509/ILSVRC2012_val_00039568_n02410509,4,3,0.0066057479319473105,0.1523532768090566,0.45750051736831665,0.026416081314285595,0.021841075892249744
7500,H8-V,347,n02410509/ILSVRC2012_val_00039568_n02410509,7,3,0.006314426970978578,0.14724181592464447,0.4300256073474884,0.02533886457482974,0.021038608625531197
7500,H8-V,347,n02410509/ILSVRC2012_val_00039568_n02410509,13,3,0.006097633236398299,0.14240231116612753,0.40930413206418353,0.024430906400084496,0.020337864756584167
7500,H8-V,347,n02410509/ILSVRC2012_val_00039568_n02410509,19,3,0.006084616295993328,0.13978102803230286,0.4079887469609578,0.024142606183886528,0.020062719161311787
7500,H8-V,348,n02412080/ILSVRC2012_val_00016555_n02412080,1,3,0.01044058334082365,0.18459289769331613,0.6921145915985107,0.035821019361416497,0.028899873917301495
7500,H8-V,348,n02412080/ILSVRC2012_val_00016555_n02412080,4,3,0.007009327722092469,0.11503265549739201,0.560068408648173,0.024113276973366737,0.01851259358227253
7500,H8-V,348,n02412080/ILSVRC2012_val_00016555_n02412080,7,3,0.006501422108461459,0.10965609053770702,0.528679629166921,0.022753827273845673,0.017467031255364418
7500,H8-V,348,n02412080/ILSVRC2012_val_00016555_n02412080,13,3,0.006002421801288922,0.1043407569328944,0.5019625027974447,0.021456123019258182,0.016436497991283733
7500,H8-V,348,n02412080/ILSVRC2012_val_00016555_n02412080,19,3,0.005813487494985263,0.1024847999215126,0.49526119232177734,0.021014579261342686,0.016061967859665554
7500,H8-V,349,n02415577/ILSVRC2012_val_00019055_n02415577,1,3,0.009816371214886507,0.28325267136096954,0.6765591104825338,0.04490722964207331,0.03814163866142432
7500,H8-V,349,n02415577/ILSVRC2012_val_00019055_n02415577,4,3,0.006163703588147958,0.15323874851067862,0.5304984251658121,0.026792562877138455,0.021487579370538395
7500,H8-V,349,n02415577/ILSVRC2012_val_00019055_n02415577,7,3,0.005877891244987647,0.14916165173053741,0.5017149746417999,0.02581120717028777,0.020794057597716648
7500,H8-V,349,n02415577/ILSVRC2012_val_00019055_n02415577,13,3,0.005655023269355297,0.14566243688265482,0.47791869441668194,0.025000454237063725,0.020221266895532608
7500,H8-V,349,n02415577/ILSVRC2012_val_00019055_n02415577,19,3,0.005615177098661661,0.14530945320924124,0.4731450875600179,0.02487757367392381,0.0201461228231589
7500,H8-V,350,n02417914/ILSVRC2012_val_00002583_n02417914,1,3,0.03240854665637016,0.2407778004805247,0.8539684414863586,0.06502601007620494,0.056486327201128006
7500,H8-V,350,n02417914/ILSVRC2012_val_00002583_n02417914,4,3,0.024150780712564785,0.1577412635087967,0.6938235561052958,0.04686314364274343,0.03992490842938423
7500,H8-V,350,n02417914/ILSVRC2012_val_00002583_n02417914,7,3,0.0233034814397494,0.15222606559594473,0.6618008216222128,0.04514409601688385,0.03852608799934387
7500,H8-V,350,n02417914/ILSVRC2012_val_00002583_n02417914,13,3,0.022615679850180943,0.14728007217248282,0.6348324418067932,0.04369201262791952,0.03734368706742922
7500,H8-V,350,n02417914/ILSVRC2012_val_00002583_n02417914,19,3,0.022462842365105946,0.1464737206697464,0.6286848982175192,0.04339706401030222,0.03711021567384402
7500,H8-V,351,n02422106/ILSVRC2012_val_00028542_n02422106,1,3,0.007273512581984202,0.22386258840560913,0.5298406283060709,0.03495817879835764,0.0296597716708978
7500,H8-V,351,n02422106/ILSVRC2012_val_00028542_n02422106,4,3,0.0055583395684758825,0.17052626609802246,0.4255131383736928,0.02686609762410323,0.022610966737071674
7500,H8-V,351,n02422106/ILSVRC2012_val_00028542_n02422106,7,3,0.005283844191581011,0.16386964917182922,0.39676236112912494,0.025638431310653687,0.021670808394749958
7500,H8-V,351,n02422106/ILSVRC2012_val_00028542_n02422106,13,3,0.005057490896433592,0.1572774201631546,0.37525909145673114,0.02453782285253207,0.020785232384999592
7500,H8-V,351,n02422106/ILSVRC2012_val_00028542_n02422106,19,3,0.005013963828484218,0.15440927942593893,0.37400492032368976,0.02419494092464447,0.02045489226778348
7500,H8-V,352,n02422699/ILSVRC2012_val_00027012_n02422699,1,3,0.01594064198434353,0.2504501591126124,0.8967584768931071,0.049953244626522064,0.04098566000660261
7500,H8-V,352,n02422699/ILSVRC2012_val_00027012_n02422699,4,3,0.009987091645598412,0.15885753432909647,0.7327653566996256,0.033200498670339584,0.02587284582356612
7500,H8-V,352,n02422699/ILSVRC2012_val_00027012_n02422699,7,3,0.009422862281401953,0.15284560124079385,0.7006231745084127,0.0317136545976003,0.024707422281304996
7500,H8-V,352,n02422699/ILSVRC2012_val_00027012_n02422699,13,3,0.00898289525260528,0.1464713215827942,0.671920120716095,0.03034922791024049,0.02363002672791481
7500,H8-V,352,n02422699/ILSVRC2012_val_00027012_n02422699,19,3,0.008938471165796122,0.1424280653397242,0.6640139023462931,0.02982141636312008,0.02318127763768037
7500,H8-V,353,n02423022/ILSVRC2012_val_00023976_n02423022,1,3,0.015338928749163946,0.1932538499434789,0.6433995962142944,0.041098310301701226,0.034664313619335495
7500,H8-V,353,n02423022/ILSVRC2012_val_00023976_n02423022,4,3,0.00969309297700723,0.13353327910105386,0.5290133357048035,0.02833655538658301,0.023046421507994335
7500,H8-V,353,n02423022/ILSVRC2012_val_00023976_n02423022,7,3,0.009150236224134764,0.12884405255317688,0.4999856650829315,0.027034498751163483,0.022034641976157825
7500,H8-V,353,n02423022/ILSVRC2012_val_00023976_n02423022,13,3,0.00874338143815597,0.1245245635509491,0.47793323795000714,0.025975169613957405,0.021195837606986363
7500,H8-V,353,n02423022/ILSVRC2012_val_00023976_n02423022,19,3,0.008720875717699528,0.12281828125317891,0.4757818877696991,0.025760522733132046,0.02100270427763462
7500,H8-V,354,n02437312/ILSVRC2012_val_00015872_n02437312,1,3,0.014510643978913626,0.19439933697382608,0.6883427898089091,0.04083400468031565,0.03395057717959086
7500,H8-V,354,n02437312/ILSVRC2012_val_00015872_n02437312,4,3,0.010278888357182344,0.11797223488489787,0.5512680610020956,0.027588792145252228,0.022076111907760303
7500,H8-V,354,n02437312/ILSVRC2012_val_00015872_n02437312,7,3,0.009727783190707365,0.11317165444294612,0.5214898586273193,0.026259847606221836,0.02104494906961918
7500,H8-V,354,n02437312/ILSVRC2012_val_00015872_n02437312,13,3,0.009230587941904863,0.1097263644138972,0.4985034664471944,0.025188259780406952,0.02020322469373544
7500,H8-V,354,n02437312/ILSVRC2012_val_00015872_n02437312,19,3,0.009101515946288904,0.10893477499485016,0.495523343483607,0.02495022676885128,0.01999499338368575
7500,H8-V,355,n02437616/ILSVRC2012_val_00019044_n02437616,1,3,0.025058931360642116,0.31652281681696576,1.4166792631149292,0.07087800651788712,0.05671121428410212
7500,H8-V,355,n02437616/ILSVRC2012_val_00019044_n02437616,4,3,0.01290787352869908,0.20784605542818704,1.2141659657160442,0.04583413774768511,0.03369247913360596
7500,H8-V,355,n02437616/ILSVRC2012_val_00019044_n02437616,7,3,0.012052436359226704,0.19936775664488474,1.1754652659098308,0.04374386494358381,0.031989213079214096
7500,H8-V,355,n02437616/ILSVRC2012_val_00019044_n02437616,13,3,0.011278328796227774,0.190934956073761,1.1380853255589802,0.04175267865260442,0.03037182552119096
7500,H8-V,355,n02437616/ILSVRC2012_val_00019044_n02437616,19,3,0.011042615709205469,0.18785586953163147,1.1260749499003093,0.04108895113070806,0.02982820322116216
7500,H8-V,356,n02441942/ILSVRC2012_val_00003458_n02441942,1,3,0.007444901081422965,0.20220532019933066,0.6119767824808756,0.033785201609134674,0.027665433784325916
7500,H8-V,356,n02441942/ILSVRC2012_val_00003458_n02441942,4,3,0.003389128018170595,0.11046600093444188,0.49657628933588666,0.019401491309205692,0.014435728391011557
7500,H8-V,356,n02441942/ILSVRC2012_val_00003458_n02441942,7,3,0.0031388117155681052,0.10459815959135692,0.4681135912736257,0.01827976418038209,0.013598628342151642
7500,H8-V,356,n02441942/ILSVRC2012_val_00003458_n02441942,13,3,0.002943966770544648,0.09981875866651535,0.44522276520729065,0.017378071323037148,0.012925843397776285
7500,H8-V,356,n02441942/ILSVRC2012_val_00003458_n02441942,19,3,0.00289940081226329,0.09823936472336452,0.44163564840952557,0.017139694343010586,0.01272333754847447
7500,H8-V,357,n02442845/ILSVRC2012_val_00014437_n02442845,1,3,0.01117964368313551,0.1729807903369268,0.7793315649032593,0.03627103939652443,0.02847772277891636
7500,H8-V,357,n02442845/ILSVRC2012_val_00014437_n02442845,4,3,0.00711087246115009,0.12716620663801828,0.6712596217791239,0.026540088777740795,0.01982749253511429
7500,H8-V,357,n02442845/ILSVRC2012_val_00014437_n02442845,7,3,0.00654302133868138,0.12279527634382248,0.6392112572987875,0.02521466091275215,0.018822548910975456
7500,H8-V,357,n02442845/ILSVRC2012_val_00014437_n02442845,13,3,0.006050619451949994,0.11811587462822597,0.6117595831553141,0.023979802926381428,0.017862206945816677
7500,H8-V,357,n02442845/ILSVRC2012_val_00014437_n02442845,19,3,0.005925974963853757,0.11799600472052892,0.6054669419924418,0.023780244092146557,0.01772557571530342
7500,H8-V,358,n02443114/ILSVRC2012_val_00010052_n02443114,1,3,0.008737904174874226,0.1907250036795934,0.5942387779553732,0.03375279282530149,0.027810404698053997
7500,H8-V,358,n02443114/ILSVRC2012_val_00010052_n02443114,4,3,0.00482439420496424,0.12034867455561955,0.4701579809188843,0.02156084155042966,0.01685926193992297
7500,H8-V,358,n02443114/ILSVRC2012_val_00010052_n02443114,7,3,0.004499172791838646,0.11449463665485382,0.4407077332337697,0.02035571386416753,0.015948636457324028
7500,H8-V,358,n02443114/ILSVRC2012_val_00010052_n02443114,13,3,0.00422859921430548,0.1079660306374232,0.41670529047648114,0.019192255412538845,0.015025202495356401
7500,H8-V,358,n02443114/ILSVRC2012_val_00010052_n02443114,19,3,0.004162567046781381,0.10437362641096115,0.4115057686964671,0.018714987362424534,0.014599929563701153
7500,H8-V,359,n02443484/ILSVRC2012_val_00030982_n02443484,1,3,0.012495611173411211,0.2069490005572637,0.6726931929588318,0.039917442947626114,0.03319051116704941
7500,H8-V,359,n02443484/ILSVRC2012_val_00030982_n02443484,4,3,0.007780749971667926,0.12242437650760014,0.5454102158546448,0.0254772895326217,0.02002318762242794
7500,H8-V,359,n02443484/ILSVRC2012_val_00030982_n02443484,7,3,0.0072960009177525835,0.11536044875780742,0.5140475630760193,0.023972521846493084,0.018832045917709667
7500,H8-V,359,n02443484/ILSVRC2012_val_00030982_n02443484,13,3,0.006956947812189658,0.1097269852956136,0.4884625772635142,0.02281427135070165,0.017929646496971447
7500,H8-V,359,n02443484/ILSVRC2012_val_00030982_n02443484,19,3,0.006921528062472741,0.10750394811232884,0.48355796933174133,0.022507502386967342,0.017671923463543255
7500,H8-V,360,n02444819/ILSVRC2012_val_00032035_n02444819,1,3,0.008648105741788944,0.1819038987159729,0.6521726051966349,0.03336022049188614,0.026838495085636776
7500,H8-V,360,n02444819/ILSVRC2012_val_00032035_n02444819,4,3,0.005974672734737396,0.11473784844080608,0.5315940976142883,0.022764398405949276,0.017448457578818004
7500,H8-V,360,n02444819/ILSVRC2012_val_00032035_n02444819,7,3,0.005606820962081353,0.10946699231863022,0.5023998022079468,0.021577518433332443,0.016553519914547603
7500,H8-V,360,n02444819/ILSVRC2012_val_00032035_n02444819,13,3,0.005282255200048287,0.10391427079836528,0.47855228185653687,0.02045920491218567,0.015673682404061157
7500,H8-V,360,n02444819/ILSVRC2012_val_00032035_n02444819,19,3,0.005192648619413376,0.10138428707917531,0.47407178084055585,0.02007179583112399,0.015331077699859938
7500,H8-V,361,n02445715/ILSVRC2012_val_00034780_n02445715,1,3,0.007217044631640117,0.23079568147659302,0.8157239754994711,0.03845385213692983,0.03029661315182845
7500,H8-V,361,n02445715/ILSVRC2012_val_00034780_n02445715,4,3,0.0037377814296633005,0.1220878188808759,0.6786106824874878,0.022732669487595558,0.015946562712391216
7500,H8-V,361,n02445715/ILSVRC2012_val_00034780_n02445715,7,3,0.0034328261390328407,0.11517173300186793,0.6475642522176107,0.02142564207315445,0.01495000006010135
7500,H8-V,361,n02445715/ILSVRC2012_val_00034780_n02445715,13,3,0.003182819268355767,0.10955836872259776,0.6195337971051534,0.020333994179964066,0.014138656357924143
7500,H8-V,361,n02445715/ILSVRC2012_val_00034780_n02445715,19,3,0.003117034755026301,0.10873344043890636,0.6109295884768168,0.02009967404107253,0.013990378938615322
7500,H8-V,362,n02447366/ILSVRC2012_val_00017114_n02447366,1,3,0.008748459629714489,0.18765034774939218,0.7461990118026733,0.03497548525532087,0.027513495335976284
7500,H8-V,362,n02447366/ILSVRC2012_val_00017114_n02447366,4,3,0.006872073281556368,0.13953766723473868,0.6438915530840555,0.027264755219221115,0.020825839911897976
7500,H8-V,362,n02447366/ILSVRC2012_val_00017114_n02447366,7,3,0.006531065795570612,0.13350468377272287,0.6141674915949503,0.02602320785323779,0.019881534079710644
7500,H8-V,362,n02447366/ILSVRC2012_val_00017114_n02447366,13,3,0.006237739076217015,0.12754551569620767,0.5883569717407227,0.024875861282149952,0.018992291142543156
7500,H8-V,362,n02447366/ILSVRC2012_val_00017114_n02447366,19,3,0.006171712030967076,0.12494327624638875,0.5816007852554321,0.024482048427065212,0.018666040152311325
7500,H8-V,363,n02454379/ILSVRC2012_val_00011597_n02454379,1,3,0.021473655477166176,0.2683386206626892,1.341040809949239,0.061717924972375236,0.04830751568078995
7500,H8-V,363,n02454379/ILSVRC2012_val_00011597_n02454379,4,3,0.01495931421717008,0.17566820979118347,1.18280025323232,0.044354137033224106,0.03252613420287768
7500,H8-V,363,n02454379/ILSVRC2012_val_00011597_n02454379,7,3,0.013744710634152094,0.168003519376119,1.144702633221944,0.041992089400688805,0.030545062695940334
7500,H8-V,363,n02454379/ILSVRC2012_val_00011597_n02454379,13,3,0.012976016228397688,0.1611665685971578,1.108296553293864,0.04017563909292221,0.02909267321228981
7500,H8-V,363,n02454379/ILSVRC2012_val_00011597_n02454379,19,3,0.012688126104573408,0.15894479056199393,1.0971191724141438,0.03955379625161489,0.028582605843742687
7500,H8-V,364,n02457408/ILSVRC2012_val_00013700_n02457408,1,3,0.013946218105653921,0.22159267961978912,1.2411590814590454,0.04851707691947619,0.03610548625389735
7500,H8-V,364,n02457408/ILSVRC2012_val_00013700_n02457408,4,3,0.010592162609100342,0.16787519057591757,1.0811419486999512,0.038191099961598717,0.027379681666692097
7500,H8-V,364,n02457408/ILSVRC2012_val_00013700_n02457408,7,3,0.009919029350082079,0.16130594412485758,1.044858415921529,0.03649820759892464,0.026049623886744182
7500,H8-V,364,n02457408/ILSVRC2012_val_00013700_n02457408,13,3,0.009358629584312439,0.15460488200187683,1.0098482767740886,0.03491760169466337,0.024819118281205494
7500,H8-V,364,n02457408/ILSVRC2012_val_00013700_n02457408,19,3,0.009262701806922754,0.15070990224679312,0.9983220299084982,0.03431691229343414,0.024333692466219265
7500,H8-V,365,n02480495/ILSVRC2012_val_00005726_n02480495,1,3,0.026495466629664104,0.25849419832229614,1.4301071166992188,0.06664595752954483,0.052344887206951775
7500,H8-V,365,n02480495/ILSVRC2012_val_00005726_n02480495,4,3,0.017550483345985413,0.17042366166909537,1.2478551864624023,0.04707140102982521,0.03459284951289495
7500,H8-V,365,n02480495/ILSVRC2012_val_00005726_n02480495,7,3,0.016601269443829853,0.16429712871710458,1.2117120424906414,0.04514810318748156,0.03303098430236181
7500,H8-V,365,n02480495/ILSVRC2012_val_00005726_n02480495,13,3,0.01580002283056577,0.15768264730771384,1.1764638026555378,0.043332925687233605,0.03156828756133715
7500,H8-V,365,n02480495/ILSVRC2012_val_00005726_n02480495,19,3,0.015651263917485874,0.1563876817623774,1.1647690534591675,0.042937723298867546,0.03129003321131071
7500,H8-V,366,n02480855/ILSVRC2012_val_00005565_n02480855,1,3,0.0115736685693264,0.19994700451691946,0.7430484493573507,0.03899885465701421,0.03156836951772372
7500,H8-V,366,n02480855/ILSVRC2012_val_00005565_n02480855,4,3,0.00759497145190835,0.13064240912596384,0.624069611231486,0.026899908979733784,0.02065921202301979
7500,H8-V,366,n02480855/ILSVRC2012_val_00005565_n02480855,7,3,0.00695519025127093,0.12302923450867335,0.5933235883712769,0.025191350529591244,0.01925811419884364
7500,H8-V,366,n02480855/ILSVRC2012_val_00005565_n02480855,13,3,0.0063977524017294245,0.11540972193082173,0.5663977861404419,0.02360270234445731,0.0179387250294288
7500,H8-V,366,n02480855/ILSVRC2012_val_00005565_n02480855,19,3,0.006217803806066513,0.11299410959084828,0.5582693417867025,0.023099908605217934,0.017517215261856716
7500,H8-V,367,n02481823/ILSVRC2012_val_00044781_n02481823,1,3,0.013909057093163332,0.2880655874808629,0.7214302221934,0.049929916858673096,0.04271561528245608
7500,H8-V,367,n02481823/ILSVRC2012_val_00044781_n02481823,4,3,0.007496476483841737,0.1378937910000483,0.5647506515185038,0.026933362086613972,0.021285856142640114
7500,H8-V,367,n02481823/ILSVRC2012_val_00044781_n02481823,7,3,0.007026444499691327,0.1309338410695394,0.5322369734446207,0.02544219916065534,0.02011982910335064
7500,H8-V,367,n02481823/ILSVRC2012_val_00044781_n02481823,13,3,0.00655248761177063,0.12519650906324387,0.5053935647010803,0.024126074587305386,0.01907213901480039
7500,H8-V,367,n02481823/ILSVRC2012_val_00044781_n02481823,19,3,0.006342205684632063,0.12269052863121033,0.4997605284055074,0.02360886459549268,0.018611259758472443
7500,H8-V,368,n02483362/ILSVRC2012_val_00041756_n02483362,1,3,0.016542938227454822,0.2195019672314326,0.9103185335795084,0.047596320509910583,0.03849313532312711
7500,H8-V,368,n02483362/ILSVRC2012_val_00041756_n02483362,4,3,0.007668445662905772,0.12408014883597691,0.740719755490621,0.027483657623330753,0.020076460515459377
7500,H8-V,368,n02483362/ILSVRC2012_val_00041756_n02483362,7,3,0.0071747577749192715,0.11931139727433522,0.707737664381663,0.026183274885018665,0.019105898216366768
7500,H8-V,368,n02483362/ILSVRC2012_val_00041756_n02483362,13,3,0.006726202089339495,0.11385587354501088,0.6775729258855184,0.024887518336375553,0.018111788978179295
7500,H8-V,368,n02483362/ILSVRC2012_val_00041756_n02483362,19,3,0.006583685365815957,0.11085551977157593,0.6678293943405151,0.02434753067791462,0.01766923690835635
7500,H8-V,369,n02483708/ILSVRC2012_val_00039346_n02483708,1,3,0.008880051473776499,0.17504399021466574,0.55654243628184,0.03194987525542577,0.026384450495243073
7500,H8-V,369,n02483708/ILSVRC2012_val_00039346_n02483708,4,3,0.004417436507840951,0.11140825351079305,0.43655410408973694,0.019923803706963856,0.015558261734743914
7500,H8-V,369,n02483708/ILSVRC2012_val_00039346_n02483708,7,3,0.0041556622212131815,0.10690875351428986,0.40870149930318195,0.018933552006880443,0.014846537572642168
7500,H8-V,369,n02483708/ILSVRC2012_val_00039346_n02483708,13,3,0.0039052843737105527,0.10176650683085124,0.3868247667948405,0.017950182780623436,0.014081935087839762
7500,H8-V,369,n02483708/ILSVRC2012_val_00039346_n02483708,19,3,0.003817417270814379,0.09782079607248306,0.3839479088783264,0.0174389760941267,0.0135994969556729
7500,H8-V,370,n02484975/ILSVRC2012_val_00002334_n02484975,1,3,0.01769734484453996,0.26594654222329456,1.1144030491511028,0.05543603003025055,0.04429199919104576
7500,H8-V,370,n02484975/ILSVRC2012_val_00002334_n02484975,4,3,0.013898697681725025,0.1907745599746704,0.9488789439201355,0.042464942981799446,0.03297615423798561
7500,H8-V,370,n02484975/ILSVRC2012_val_00002334_n02484975,7,3,0.013238068670034409,0.1837628334760666,0.9132364988327026,0.04074671740333239,0.03161435201764107
7500,H8-V,370,n02484975/ILSVRC2012_val_00002334_n02484975,13,3,0.012668949862321218,0.17473515371481577,0.8804711699485779,0.038947176188230515,0.030142465606331825
7500,H8-V,370,n02484975/ILSVRC2012_val_00002334_n02484975,19,3,0.01253476490577062,0.17153448859850565,0.8712594111760458,0.03840080897013346,0.029688214262326557
7500,H8-V,371,n02486261/ILSVRC2012_val_00047740_n02486261,1,3,0.01371805959691604,0.35316934684912366,0.5765631596247355,0.05480062589049339,0.04903499409556389
7500,H8-V,371,n02486261/ILSVRC2012_val_00047740_n02486261,4,3,0.010136489135523638,0.17154486974080405,0.41460613409678143,0.03143703751266003,0.027290976295868557
7500,H8-V,371,n02486261/ILSVRC2012_val_00047740_n02486261,7,3,0.009853658266365528,0.1659003496170044,0.3871675729751587,0.030315369367599487,0.026443693786859512
7500,H8-V,371,n02486261/ILSVRC2012_val_00047740_n02486261,13,3,0.009599673872192701,0.1600337972243627,0.36602479219436646,0.029263302062948544,0.025603054091334343
7500,H8-V,371,n02486261/ILSVRC2012_val_00047740_n02486261,19,3,0.009532519926627478,0.15893118580182394,0.3634581466515859,0.02906022034585476,0.025425639003515244
7500,H8-V,372,n02486410/ILSVRC2012_val_00001155_n02486410,1,3,0.012690387666225433,0.3002771238485972,0.4969409207503001,0.04768750940759977,0.04271810005108515
7500,H8-V,372,n02486410/ILSVRC2012_val_00001155_n02486410,4,3,0.00982107687741518,0.18180807928244272,0.39186611771583557,0.03192054604490598,0.028001885240276653
7500,H8-V,372,n02486410/ILSVRC2012_val_00001155_n02486410,7,3,0.009507054152588049,0.1774087498585383,0.3634041945139567,0.030881971741716068,0.027247929945588112
7500,H8-V,372,n02486410/ILSVRC2012_val_00001155_n02486410,13,3,0.009244187424580256,0.173755352695783,0.34200852115948993,0.030039808402458828,0.026619723066687584
7500,H8-V,372,n02486410/ILSVRC2012_val_00001155_n02486410,19,3,0.009180141923328241,0.17433920005957285,0.3403802116711934,0.03001786395907402,0.026614061867197353
7500,H8-V,373,n02487347/ILSVRC2012_val_00005306_n02487347,1,3,0.0084915766492486,0.14381321767965952,0.4163583715756734,0.027036481226483982,0.022872898106773693
7500,H8-V,373,n02487347/ILSVRC2012_val_00005306_n02487347,4,3,0.002493482238302628,0.06565381338198979,0.3186134994029999,0.012244998787840208,0.00905886385589838
7500,H8-V,373,n02487347/ILSVRC2012_val_00005306_n02487347,7,3,0.0022840095528711877,0.06213740507761637,0.29067344466845196,0.011404484510421753,0.008497750076154867
7500,H8-V,373,n02487347/ILSVRC2012_val_00005306_n02487347,13,3,0.002071921325599154,0.05812443668643633,0.2700892786184947,0.010585257783532143,0.007884365196029345
7500,H8-V,373,n02487347/ILSVRC2012_val_00005306_n02487347,19,3,0.001967904041521251,0.05584760382771492,0.2687769929567973,0.010240434048076471,0.0075526645717521506
7500,H8-V,374,n02488291/ILSVRC2012_val_00048817_n02488291,1,3,0.019957960893710453,0.25473273793856305,1.8759002288182576,0.06419023871421814,0.04543123518427213
7500,H8-V,374,n02488291/ILSVRC2012_val_00048817_n02488291,4,3,0.013380959630012512,0.18730609118938446,1.6582719882329304,0.04869429022073746,0.03211157023906708
7500,H8-V,374,n02488291/ILSVRC2012_val_00048817_n02488291,7,3,0.012360865560670694,0.17944354812304178,1.6149567763010662,0.046454787254333496,0.030305220435063045
7500,H8-V,374,n02488291/ILSVRC2012_val_00048817_n02488291,13,3,0.011347277710835138,0.16945787767569223,1.5669825077056885,0.04396289090315501,0.028293066347638767
7500,H8-V,374,n02488291/ILSVRC2012_val_00048817_n02488291,19,3,0.010999470017850399,0.16456249356269836,1.5456859270731609,0.042912578831116356,0.027455719808737438
7500,H8-V,375,n02488702/ILSVRC2012_val_00027834_n02488702,1,3,0.007522751577198505,0.20971985658009848,0.5756349762280782,0.034251087655623756,0.028494738042354584
7500,H8-V,375,n02488702/ILSVRC2012_val_00027834_n02488702,4,3,0.0031963407527655363,0.10225824018319447,0.4448971350987752,0.01787113646666209,0.0134221650660038
7500,H8-V,375,n02488702/ILSVRC2012_val_00027834_n02488702,7,3,0.0029834196902811527,0.09669009844462077,0.41703266898790997,0.016822755336761475,0.012652429441610972
7500,H8-V,375,n02488702/ILSVRC2012_val_00027834_n02488702,13,3,0.002859873231500387,0.09232461204131444,0.3952983021736145,0.01604531767467658,0.012092334839204947
7500,H8-V,375,n02488702/ILSVRC2012_val_00027834_n02488702,19,3,0.0028894812179108462,0.09129054347674052,0.3925051788489024,0.015943588068087895,0.012018535907069841
7500,H8-V,376,n02489166/ILSVRC2012_val_00023802_n02489166,1,3,0.021225325142343838,0.22197041908899942,1.1492486000061035,0.054914853225151695,0.04342236742377281
7500,H8-V,376,n02489166/ILSVRC2012_val_00023802_n02489166,4,3,0.01864674563209216,0.1726087083419164,1.0204915603001912,0.04611253117521604,0.035907616217931114
7500,H8-V,376,n02489166/ILSVRC2012_val_00023802_n02489166,7,3,0.01787991262972355,0.16756418347358704,0.9838577310244242,0.04447490721940994,0.03463632985949516
7500,H8-V,376,n02489166/ILSVRC2012_val_00023802_n02489166,13,3,0.017207778990268707,0.16208942731221518,0.9499654968579611,0.04291637986898422,0.033416723211606346
7500,H8-V,376,n02489166/ILSVRC2012_val_00023802_n02489166,19,3,0.017083635553717613,0.15944876770178476,0.9399810632069906,0.04242832213640213,0.03302851319313049
7500,H8-V,377,n02490219/ILSVRC2012_val_00001504_n02490219,1,3,0.010813231579959393,0.18343131244182587,0.648072361946106,0.03563708687822024,0.029156363258759182
7500,H8-V,377,n02490219/ILSVRC2012_val_00001504_n02490219,4,3,0.006417739981164535,0.12118067344029744,0.5265257557233175,0.023801065981388092,0.018535807728767395
7500,H8-V,377,n02490219/ILSVRC2012_val_00001504_n02490219,7,3,0.005898064778496821,0.11531462023655574,0.49566038449605304,0.022386130566398304,0.017429526274402935
7500,H8-V,377,n02490219/ILSVRC2012_val_00001504_n02490219,13,3,0.005372851621359587,0.1087703009446462,0.4703778326511383,0.020953660209973652,0.016249881436427433
7500,H8-V,377,n02490219/ILSVRC2012_val_00001504_n02490219,19,3,0.0051507238919536276,0.10391168544689815,0.4657073716322581,0.020198966066042583,0.015541892809172472
7500,H8-V,378,n02492035/ILSVRC2012_val_00043766_n02492035,1,3,0.01496397207180659,0.23845210174719492,0.8922630548477173,0.04773181428511938,0.03880918274323145
7500,H8-V,378,n02492035/ILSVRC2012_val_00043766_n02492035,4,3,0.009084841546912989,0.13596989214420319,0.7578157981236776,0.030259988581140835,0.022681831071774166
7500,H8-V,378,n02492035/ILSVRC2012_val_00043766_n02492035,7,3,0.008289115503430367,0.12851682802041373,0.7242605686187744,0.02838340401649475,0.021140798926353455
7500,H8-V,378,n02492035/ILSVRC2012_val_00043766_n02492035,13,3,0.007709028975417216,0.12112754583358765,0.6943354606628418,0.026765137289961178,0.019821783527731895
7500,H8-V,378,n02492035/ILSVRC2012_val_00043766_n02492035,19,3,0.0075981322055061655,0.11686565478642781,0.6859762072563171,0.02614445984363556,0.019284697870413463
7500,H8-V,379,n02492660/ILSVRC2012_val_00007297_n02492660,1,3,0.028967854256431263,0.3068830420573552,1.59628427028656,0.07561899721622467,0.059656158089637756
7500,H8-V,379,n02492660/ILSVRC2012_val_00007297_n02492660,4,3,0.02141547327240308,0.1927160769701004,1.3883638779322307,0.054570719599723816,0.040687081714471184
7500,H8-V,379,n02492660/ILSVRC2012_val_00007297_n02492660,7,3,0.02023901417851448,0.1862113724152247,1.344973087310791,0.052309883137544,0.03886015216509501
7500,H8-V,379,n02492660/ILSVRC2012_val_00007297_n02492660,13,3,0.019264585028092068,0.18001016477743784,1.3026912212371826,0.05029251426458359,0.0372656024992466
7500,H8-V,379,n02492660/ILSVRC2012_val_00007297_n02492660,19,3,0.019099603096644085,0.17830064396063486,1.2883010307947795,0.0498126782476902,0.03692966823776563
7500,H8-V,380,n02493509/ILSVRC2012_val_00029108_n02493509,1,3,0.04906474302212397,0.32277482748031616,2.0969603061676025,0.10231183220942815,0.08134222775697708
7500,H8-V,380,n02493509/ILSVRC2012_val_00029108_n02493509,4,3,0.03929976373910904,0.19825943807760874,1.8586544593175252,0.07771225273609161,0.05912570903698603
7500,H8-V,380,n02493509/ILSVRC2012_val_00029108_n02493509,7,3,0.03790868818759918,0.19327199459075928,1.8123634258906047,0.0753595232963562,0.05723588913679123
7500,H8-V,380,n02493509/ILSVRC2012_val_00029108_n02493509,13,3,0.036810752004384995,0.18819230298201242,1.762243668238322,0.07325241963068645,0.05562998354434967
7500,H8-V,380,n02493509/ILSVRC2012_val_00029108_n02493509,19,3,0.03666666025916735,0.18612120052178702,1.741543213526408,0.07269421468178432,0.05527878055969874
7500,H8-V,381,n02493793/ILSVRC2012_val_00047641_n02493793,1,3,0.02051425663133462,0.22072883943716684,1.2135789791742961,0.054722929994265236,0.04258714119593302
7500,H8-V,381,n02493793/ILSVRC2012_val_00047641_n02493793,4,3,0.016536572327216465,0.18569386502106985,1.0908411741256714,0.046014371017615,0.0351059598227342
7500,H8-V,381,n02493793/ILSVRC2012_val_00047641_n02493793,7,3,0.015669378141562145,0.18039482335249582,1.053311030069987,0.04424197102586428,0.03370886171857516
7500,H8-V,381,n02493793/ILSVRC2012_val_00047641_n02493793,13,3,0.014992814511060715,0.17495557169119516,1.0177714824676514,0.0426660863061746,0.032488372176885605
7500,H8-V,381,n02493793/ILSVRC2012_val_00047641_n02493793,19,3,0.01491175622989734,0.17293534179528555,1.0067814985911052,0.042273104190826416,0.03220528985063235
7500,H8-V,382,n02494079/ILSVRC2012_val_00046565_n02494079,1,3,0.006993538234382868,0.21226415038108826,0.7337120771408081,0.03555707633495331,0.028219954421122868
7500,H8-V,382,n02494079/ILSVRC2012_val_00046565_n02494079,4,3,0.004295178533842166,0.14158309996128082,0.6063182950019836,0.024516671895980835,0.018453489368160565
7500,H8-V,382,n02494079/ILSVRC2012_val_00046565_n02494079,7,3,0.004003148215512435,0.1367002228895823,0.5760041077931722,0.02343321094910304,0.017673170194029808
7500,H8-V,382,n02494079/ILSVRC2012_val_00046565_n02494079,13,3,0.003708003864934047,0.13238236804803213,0.5496009389559428,0.022442250822981197,0.01694624125957489
7500,H8-V,382,n02494079/ILSVRC2012_val_00046565_n02494079,19,3,0.0035192851598064103,0.12968958914279938,0.5418521761894226,0.021906765177845955,0.01648824413617452
7500,H8-V,383,n02497673/ILSVRC2012_val_00042160_n02497673,1,3,0.02421184939642747,0.27045442163944244,1.5386114517847698,0.06664340694745381,0.05125729118784269
7500,H8-V,383,n02497673/ILSVRC2012_val_00042160_n02497673,4,3,0.015917722135782242,0.18879425525665283,1.3503719568252563,0.048300868521134056,0.03479714939991633
7500,H8-V,383,n02497673/ILSVRC2012_val_00042160_n02497673,7,3,0.014763974584639072,0.1778736412525177,1.3073402643203735,0.04562474166353544,0.03255133951703707
7500,H8-V,383,n02497673/ILSVRC2012_val_00042160_n02497673,13,3,0.013751765713095665,0.16910903652509054,1.2686072985331218,0.043348743269840874,0.030662670110662777
7500,H8-V,383,n02497673/ILSVRC2012_val_00042160_n02497673,19,3,0.013536450763543447,0.16728186110655466,1.2545267740885417,0.042809903621673584,0.030264636501669884
7500,H8-V,384,n02500267/ILSVRC2012_val_00043257_n02500267,1,3,0.041435989240805306,0.22222993274529776,1.9397772153218586,0.08305675536394119,0.06365898251533508
7500,H8-V,384,n02500267/ILSVRC2012_val_00043257_n02500267,4,3,0.030266835043827694,0.16659819086392721,1.7392213344573975,0.0643188680211703,0.04692665487527847
7500,H8-V,384,n02500267/ILSVRC2012_val_00043257_n02500267,7,3,0.02853544553120931,0.1595995972553889,1.6958511273066204,0.06145391737421354,0.04449540625015894
7500,H8-V,384,n02500267/ILSVRC2012_val_00043257_n02500267,13,3,0.02734136829773585,0.15291749437650046,1.6479986906051636,0.059113105138142906,0.04263311872879664
7500,H8-V,384,n02500267/ILSVRC2012_val_00043257_n02500267,19,3,0.027088009441892307,0.14985095957914987,1.6273783047993977,0.05834688867131869,0.042073105772336326
7500,H8-V,385,n02504013/ILSVRC2012_val_00022028_n02504013,1,3,0.005327223334461451,0.21717113256454468,0.5372196038564047,0.03241653305788835,0.02704433724284172
7500,H8-V,385,n02504013/ILSVRC2012_val_00022028_n02504013,4,3,0.002693846123293042,0.13090923428535461,0.4287244180838267,0.02007201313972473,0.01578476931899786
7500,H8-V,385,n02504013/ILSVRC2012_val_00022028_n02504013,7,3,0.0025223021705945334,0.12534824510415396,0.4008689820766449,0.019065815955400467,0.01505712637056907
7500,H8-V,385,n02504013/ILSVRC2012_val_00022028_n02504013,13,3,0.0023613075415293374,0.11971498777468999,0.3790878355503082,0.01812368507186572,0.014332806691527367
7500,H8-V,385,n02504013/ILSVRC2012_val_00022028_n02504013,19,3,0.0022844047440836826,0.11707614610592525,0.37564168373743695,0.017748435959219933,0.013992019308110079
7500,H8-V,386,n02504458/ILSVRC2012_val_00040375_n02504458,1,3,0.011434585476915041,0.16009464859962463,0.517167886098226,0.03261572867631912,0.027444050336877506
7500,H8-V,386,n02504458/ILSVRC2012_val_00040375_n02504458,4,3,0.008297520689666271,0.11425306896368663,0.4257493217786153,0.02398032136261463,0.019722828020652134
7500,H8-V,386,n02504458/ILSVRC2012_val_00040375_n02504458,7,3,0.007901189848780632,0.11040837069352467,0.396796981493632,0.022909996410210926,0.018942027042309444
7500,H8-V,386,n02504458/ILSVRC2012_val_00040375_n02504458,13,3,0.007554760357985894,0.10735476016998291,0.37500078479448956,0.022040244191884995,0.018290236592292786
7500,H8-V,386,n02504458/ILSVRC2012_val_00040375_n02504458,19,3,0.007476425884912412,0.1054762750864029,0.37340975801150006,0.021758151551087696,0.018024054045478504
7500,H8-V,387,n02509815/ILSVRC2012_val_00035546_n02509815,1,3,0.020298305278023083,0.20698758959770203,1.163472851117452,0.05263179292281469,0.04099706436196963
7500,H8-V,387,n02509815/ILSVRC2012_val_00035546_n02509815,4,3,0.012732014060020447,0.13354617853959402,1.005253553390503,0.036139167845249176,0.026086632162332535
7500,H8-V,387,n02509815/ILSVRC2012_val_00035546_n02509815,7,3,0.011948619037866592,0.1274216299255689,0.9698260426521301,0.03438904012242953,0.024690781409541767
7500,H8-V,387,n02509815/ILSVRC2012_val_00035546_n02509815,13,3,0.011329685027400652,0.1227613737185796,0.9355835119883219,0.03296165664990743,0.023605822895963986
7500,H8-V,387,n02509815/ILSVRC2012_val_00035546_n02509815,19,3,0.011218143006165823,0.1210993155837059,0.923509935537974,0.03256317352255186,0.02332807518541813
7500,H8-V,388,n02510455/ILSVRC2012_val_00012542_n02510455,1,3,0.013459715060889721,0.1866973638534546,0.7978730201721191,0.04010818153619766,0.032129451632499695
7500,H8-V,388,n02510455/ILSVRC2012_val_00012542_n02510455,4,3,0.007263790971289079,0.11316171288490295,0.6719703475634257,0.025299665828545887,0.018579962352911632
7500,H8-V,388,n02510455/ILSVRC2012_val_00012542_n02510455,7,3,0.006722547734777133,0.1079363723595937,0.6391296784083048,0.023907482624053955,0.017516185839970905
7500,H8-V,388,n02510455/ILSVRC2012_val_00012542_n02510455,13,3,0.006248535743604104,0.10282334685325623,0.610581656297048,0.02263668676217397,0.01653087077041467
7500,H8-V,388,n02510455/ILSVRC2012_val_00012542_n02510455,19,3,0.006110665233184894,0.10010481129089992,0.6031366984049479,0.02215251388649146,0.016121146579583485
7500,H8-V,389,n02514041/ILSVRC2012_val_00047394_n02514041,1,3,0.010795099350313345,0.1915289411942164,0.631920317808787,0.036267198622226715,0.029947994276881218
7500,H8-V,389,n02514041/ILSVRC2012_val_00047394_n02514041,4,3,0.00723734637722373,0.12812351187070212,0.5165704886118571,0.025215402245521545,0.020049698029955227
7500,H8-V,389,n02514041/ILSVRC2012_val_00047394_n02514041,7,3,0.006859037869920333,0.12224430590867996,0.48805023233095807,0.023963970442612965,0.01908346824347973
7500,H8-V,389,n02514041/ILSVRC2012_val_00047394_n02514041,13,3,0.0065427315421402454,0.11700047055880229,0.46598923206329346,0.02290267124772072,0.018242778877417248
7500,H8-V,389,n02514041/ILSVRC2012_val_00047394_n02514041,19,3,0.006492581994583209,0.1162503610054652,0.4642658631006877,0.022760276993115742,0.018117618436614673
7500,H8-V,390,n02526121/ILSVRC2012_val_00011544_n02526121,1,3,0.023782215391596157,0.2857871353626251,0.6605101029078165,0.05896603067715963,0.05236092954874039
7500,H8-V,390,n02526121/ILSVRC2012_val_00011544_n02526121,4,3,0.018939338624477386,0.187006284793218,0.5314091046651205,0.0429540586968263,0.037639966855446495
7500,H8-V,390,n02526121/ILSVRC2012_val_00011544_n02526121,7,3,0.018494586770733196,0.1830960512161255,0.5016952157020569,0.041821145762999855,0.03680419300993284
7500,H8-V,390,n02526121/ILSVRC2012_val_00011544_n02526121,13,3,0.018170909956097603,0.17915892601013184,0.4789663950602214,0.04087646553913752,0.03608680268128713
7500,H8-V,390,n02526121/ILSVRC2012_val_00011544_n02526121,19,3,0.018153531476855278,0.17682936787605286,0.47685397664705914,0.040605008602142334,0.03583646938204765
7500,H8-V,391,n02536864/ILSVRC2012_val_00027799_n02536864,1,3,0.006536483143766721,0.18711051841576895,0.5545790990193685,0.030793325354655583,0.02524753473699093
7500,H8-V,391,n02536864/ILSVRC2012_val_00027799_n02536864,4,3,0.003133408259600401,0.09249831984440486,0.4160454273223877,0.016543695082267124,0.012383240585525831
7500,H8-V,391,n02536864/ILSVRC2012_val_00027799_n02536864,7,3,0.0028908702079206705,0.08599187682072322,0.3869264821211497,0.015359322850902876,0.011490057843426863
7500,H8-V,391,n02536864/ILSVRC2012_val_00027799_n02536864,13,3,0.002699808683246374,0.0805961936712265,0.3643869459629059,0.014403297876318296,0.01075942845394214
7500,H8-V,391,n02536864/ILSVRC2012_val_00027799_n02536864,19,3,0.002652520469079415,0.07760254790385564,0.3612545231978099,0.014025320609410604,0.010412775600949923
7500,H8-V,392,n02606052/ILSVRC2012_val_00033908_n02606052,1,3,0.0202772564565142,0.2740680128335953,0.8371372620264689,0.05605542783935865,0.047684056063493095
7500,H8-V,392,n02606052/ILSVRC2012_val_00033908_n02606052,4,3,0.011427682513991991,0.1405455321073532,0.665968120098114,0.032141917695601784,0.025482236097256344
7500,H8-V,392,n02606052/ILSVRC2012_val_00033908_n02606052,7,3,0.010749272691706816,0.13414076964060465,0.6334116657574972,0.030497466524442036,0.024163349842031796
7500,H8-V,392,n02606052/ILSVRC2012_val_00033908_n02606052,13,3,0.010164332265655199,0.1288423091173172,0.605869472026825,0.029107258344690006,0.02304856354991595
7500,H8-V,392,n02606052/ILSVRC2012_val_00033908_n02606052,19,3,0.010021067845324675,0.12609594563643137,0.5999431411425272,0.02863009398182233,0.022630662967761356
7500,H8-V,393,n02607072/ILSVRC2012_val_00018465_n02607072,1,3,0.02202697843313217,0.22107097009817758,1.1308085918426514,0.05544216061631838,0.04413407544294993
7500,H8-V,393,n02607072/ILSVRC2012_val_00018465_n02607072,4,3,0.01754765771329403,0.1697783569494883,0.9975487987200419,0.04450098176797231,0.03452549378077189
7500,H8-V,393,n02607072/ILSVRC2012_val_00018465_n02607072,7,3,0.01676626317203045,0.1633555144071579,0.9615956743558248,0.04271777222553889,0.03310181448856989
7500,H8-V,393,n02607072/ILSVRC2012_val_00018465_n02607072,13,3,0.016118739421168964,0.1568747212489446,0.927986224492391,0.04108607272307078,0.03180621067682902
7500,H8-V,393,n02607072/ILSVRC2012_val_00018465_n02607072,19,3,0.01593315787613392,0.15351789196332297,0.9181763331095377,0.04046670844157537,0.03128494694828987
7500,H8-V,394,n02640242/ILSVRC2012_val_00048433_n02640242,1,3,0.011623406472305456,0.20203748842080435,0.7766292293866476,0.039593446999788284,0.031827155500650406
7500,H8-V,394,n02640242/ILSVRC2012_val_00048433_n02640242,4,3,0.0070749917067587376,0.12882201373577118,0.6388591329256693,0.026345783844590187,0.019957192863027256
7500,H8-V,394,n02640242/ILSVRC2012_val_00048433_n02640242,7,3,0.00665021672224005,0.1213805874188741,0.6065617799758911,0.024853892624378204,0.018788274998466175
7500,H8-V,394,n02640242/ILSVRC2012_val_00048433_n02640242,13,3,0.00624035003905495,0.11460749804973602,0.5792953769365946,0.02349405363202095,0.01770109993716081
7500,H8-V,394,n02640242/ILSVRC2012_val_00048433_n02640242,19,3,0.006128537002950907,0.1121369202931722,0.5732203523317972,0.023074432586630184,0.017342229063312214
7500,H8-V,395,n02641379/ILSVRC2012_val_00030998_n02641379,1,3,0.01888276884953181,0.29124433795611065,1.234824577967326,0.0603554497162501,0.048007203886906304
7500,H8-V,395,n02641379/ILSVRC2012_val_00030998_n02641379,4,3,0.01490327933182319,0.24353834489981332,1.078466574350993,0.05004177987575531,0.039257114132245384
7500,H8-V,395,n02641379/ILSVRC2012_val_00030998_n02641379,7,3,0.01417003913472096,0.2356558640797933,1.0434892574946086,0.048170520613590874,0.03773562734325727
7500,H8-V,395,n02641379/ILSVRC2012_val_00030998_n02641379,13,3,0.01354570376376311,0.22873559097448984,1.010135809580485,0.046520620584487915,0.03641926248868307
7500,H8-V,395,n02641379/ILSVRC2012_val_00030998_n02641379,19,3,0.01341681865354379,0.22566956281661987,0.9981124003728231,0.04596490040421486,0.03598377605279287
7500,H8-V,396,n02643566/ILSVRC2012_val_00004464_n02643566,1,3,0.03205257405837377,0.23556972046693167,1.2064807415008545,0.06767435371875763,0.05560954660177231
7500,H8-V,396,n02643566/ILSVRC2012_val_00004464_n02643566,4,3,0.025871019810438156,0.18217277030150095,1.0573993523915608,0.05466229220231374,0.044088297833999
7500,H8-V,396,n02643566/ILSVRC2012_val_00004464_n02643566,7,3,0.024734878291686375,0.17069214582443237,1.0183648268381755,0.0519877423842748,0.04180409386754036
7500,H8-V,396,n02643566/ILSVRC2012_val_00004464_n02643566,13,3,0.02382121297220389,0.1618772695461909,0.9828556577364603,0.04983749737342199,0.04000894104441007
7500,H8-V,396,n02643566/ILSVRC2012_val_00004464_n02643566,19,3,0.023606438810626667,0.1580228159825007,0.970694363117218,0.04911566525697708,0.03940872102975845
7500,H8-V,397,n02655020/ILSVRC2012_val_00005213_n02655020,1,3,0.009670869136850039,0.23274186750253043,0.6659846107165018,0.039604902267456055,0.032945056135455765
7500,H8-V,397,n02655020/ILSVRC2012_val_00005213_n02655020,4,3,0.0070877888550360995,0.1544721027215322,0.5430269440015157,0.02796526812016964,0.022534999375542004
7500,H8-V,397,n02655020/ILSVRC2012_val_00005213_n02655020,7,3,0.006756515863041083,0.1470922827720642,0.5145188768704733,0.026610933244228363,0.021465744823217392
7500,H8-V,397,n02655020/ILSVRC2012_val_00005213_n02655020,13,3,0.00647056195884943,0.1390184611082077,0.48973457018534344,0.025269754230976105,0.020372408752640087
7500,H8-V,397,n02655020/ILSVRC2012_val_00005213_n02655020,19,3,0.006373010265330474,0.1341960976521174,0.48358362913131714,0.02462845544020335,0.01979261947174867
7500,H8-V,398,n02666196/ILSVRC2012_val_00038861_n02666196,1,3,0.0072256520700951414,0.24567295610904694,0.5170724391937256,0.03696367268760999,0.03179294864336649
7500,H8-V,398,n02666196/ILSVRC2012_val_00038861_n02666196,4,3,0.004541755188256502,0.11917497217655182,0.366452693939209,0.020123779773712158,0.016459252685308456
7500,H8-V,398,n02666196/ILSVRC2012_val_00038861_n02666196,7,3,0.004293463037659724,0.11618524293104808,0.34019389748573303,0.01931392525633176,0.015911986740926903
7500,H8-V,398,n02666196/ILSVRC2012_val_00038861_n02666196,13,3,0.004095300566405058,0.11389650404453278,0.3212236960728963,0.018697187925378483,0.015484951126078764
7500,H8-V,398,n02666196/ILSVRC2012_val_00038861_n02666196,19,3,0.0040511588255564375,0.11330292373895645,0.3207046488920848,0.01858849699298541,0.01538145107527574
7500,H8-V,399,n02667093/ILSVRC2012_val_00027935_n02667093,1,3,0.013318709718684355,0.1726333349943161,0.5798801382382711,0.03638084481159846,0.030582043031851452
7500,H8-V,399,n02667093/ILSVRC2012_val_00027935_n02667093,4,3,0.006534117894868056,0.09385727594296138,0.4621555805206299,0.020541401579976082,0.015919846172134083
7500,H8-V,399,n02667093/ILSVRC2012_val_00027935_n02667093,7,3,0.006113023962825537,0.08860493699709575,0.43242650230725604,0.019297781710823376,0.014973517507314682
7500,H8-V,399,n02667093/ILSVRC2012_val_00027935_n02667093,13,3,0.005683965981006622,0.08389781415462494,0.4094881812731425,0.018168628836671512,0.01407374752064546
7500,H8-V,399,n02667093/ILSVRC2012_val_00027935_n02667093,19,3,0.005579655369122823,0.08276831855376561,0.40587793787320453,0.01791526625553767,0.013856487038234869
7500,H8-V,400,n02669723/ILSVRC2012_val_00047615_n02669723,1,3,0.027766559273004532,0.26727182666460675,1.487697680791219,0.06937071805198987,0.05449374268452326
7500,H8-V,400,n02669723/ILSVRC2012_val_00047615_n02669723,4,3,0.017105127374331158,0.1908068209886551,1.2996132771174114,0.04918194189667702,0.036185809721549354
7500,H8-V,400,n02669723/ILSVRC2012_val_00047615_n02669723,7,3,0.016055788844823837,0.18228180209795633,1.2579893271128337,0.046863862623771034,0.034283969551324844
7500,H8-V,400,n02669723/ILSVRC2012_val_00047615_n02669723,13,3,0.01508835144340992,0.17154084146022797,1.2167330980300903,0.04440976679325104,0.03224243472019831
7500,H8-V,400,n02669723/ILSVRC2012_val_00047615_n02669723,19,3,0.014842653026183447,0.16664697229862213,1.2031662464141846,0.043539012471834816,0.031507350504398346
7500,H8-V,401,n02672831/ILSVRC2012_val_00000204_n02672831,1,3,0.010083184577524662,0.22770272692044577,0.619382639726003,0.039047284672657646,0.032853457455833755
7500,H8-V,401,n02672831/ILSVRC2012_val_00000204_n02672831,4,3,0.005293463201572497,0.11182302236557007,0.4658222595850627,0.021133987853924435,0.016475765655438106
7500,H8-V,401,n02672831/ILSVRC2012_val_00000204_n02672831,7,3,0.005016795514772336,0.10797354330619176,0.4382069210211436,0.020196218664447468,0.015814149752259254
7500,H8-V,401,n02672831/ILSVRC2012_val_00000204_n02672831,13,3,0.004748311669876178,0.10523976633946101,0.4163771371046702,0.01943606014053027,0.015272288583219051
7500,H8-V,401,n02672831/ILSVRC2012_val_00000204_n02672831,19,3,0.004633510174850623,0.10372782250245412,0.41270574927330017,0.019133349880576134,0.01500629261136055
7500,H8-V,402,n02676566/ILSVRC2012_val_00039740_n02676566,1,3,0.017166035249829292,0.27739490071932477,1.3075664043426514,0.05798118934035301,0.044905525942643486
7500,H8-V,402,n02676566/ILSVRC2012_val_00039740_n02676566,4,3,0.013066544197499752,0.21939399341742197,1.1817148923873901,0.04682309304674467,0.03500594447056452
7500,H8-V,402,n02676566/ILSVRC2012_val_00039740_n02676566,7,3,0.01235359658797582,0.20749360819657645,1.1483267545700073,0.04458622386058172,0.03310295691092809
7500,H8-V,402,n02676566/ILSVRC2012_val_00039740_n02676566,13,3,0.011755074063936869,0.19316762189070383,1.1160095532735188,0.04223193104068438,0.031071836749712627
7500,H8-V,402,n02676566/ILSVRC2012_val_00039740_n02676566,19,3,0.011687026669581732,0.18649844825267792,1.104740579922994,0.041384278486172356,0.03033687174320221
7500,H8-V,403,n02687172/ILSVRC2012_val_00000289_n02687172,1,3,0.007262273691594601,0.19456342856089273,0.4950396915276845,0.03166901382307211,0.026718616485595703
7500,H8-V,403,n02687172/ILSVRC2012_val_00000289_n02687172,4,3,0.00368785229511559,0.10551291704177856,0.38957101106643677,0.01813485411306222,0.014239144201080004
7500,H8-V,403,n02687172/ILSVRC2012_val_00000289_n02687172,7,3,0.0034250376435617604,0.0975429837902387,0.3615566889444987,0.016794902582963307,0.013179336364070574
7500,H8-V,403,n02687172/ILSVRC2012_val_00000289_n02687172,13,3,0.0032109649231036506,0.09074141333500545,0.34008559584617615,0.015685961892207462,0.012285106194516024
7500,H8-V,403,n02687172/ILSVRC2012_val_00000289_n02687172,19,3,0.003140136133879423,0.0877663070956866,0.3372160693009694,0.015288927592337132,0.011916767184933027
7500,H8-V,404,n02690373/ILSVRC2012_val_00030319_n02690373,1,3,0.009423012224336466,0.16267594198385874,0.5596237977345785,0.03128684436281522,0.025690606484810512
7500,H8-V,404,n02690373/ILSVRC2012_val_00030319_n02690373,4,3,0.004905847832560539,0.0907482107480367,0.442112664381663,0.018401795998215675,0.01398066927989324
7500,H8-V,404,n02690373/ILSVRC2012_val_00030319_n02690373,7,3,0.004604072154810031,0.08657146493593852,0.4147085944811503,0.017408304537336033,0.013261218865712484
7500,H8-V,404,n02690373/ILSVRC2012_val_00030319_n02690373,13,3,0.004349138432492812,0.08260711530844371,0.3937649031480153,0.01654749922454357,0.012609850304822126
7500,H8-V,404,n02690373/ILSVRC2012_val_00030319_n02690373,19,3,0.004258481164773305,0.08027427395184834,0.39097222685813904,0.016195631275574367,0.012285908684134483
7500,H8-V,405,n02692877/ILSVRC2012_val_00013056_n02692877,1,3,0.006453978518644969,0.10477541387081146,0.33168179790178937,0.0202483373383681,0.016931519533197086
7500,H8-V,405,n02692877/ILSVRC2012_val_00013056_n02692877,4,3,0.004014015508194764,0.07148623714844386,0.2370398888985316,0.013533038397630056,0.01116263959556818
7500,H8-V,405,n02692877/ILSVRC2012_val_00013056_n02692877,7,3,0.003868899696196119,0.06980391591787338,0.21127992868423462,0.012962090782821178,0.01084929145872593
7500,H8-V,405,n02692877/ILSVRC2012_val_00013056_n02692877,13,3,0.0037709951090315976,0.06899920850992203,0.19225419561068216,0.01259345809618632,0.010670916177332401
7500,H8-V,405,n02692877/ILSVRC2012_val_00013056_n02692877,19,3,0.0037692373152822256,0.06932791570822398,0.19059163828690848,0.01260794543971618,0.01070202918102344
7500,H8-V,406,n02699494/ILSVRC2012_val_00006295_n02699494,1,3,0.02017769900461038,0.2628835588693619,0.8682287931442261,0.05514834324518839,0.04646605501572291
7500,H8-V,406,n02699494/ILSVRC2012_val_00006295_n02699494,4,3,0.011071423068642616,0.16148428122202554,0.7137791911760966,0.03435764337579409,0.027219851811726887
7500,H8-V,406,n02699494/ILSVRC2012_val_00006295_n02699494,7,3,0.010448144438366095,0.15285458167394003,0.6810497840245565,0.03254410127798716,0.025733602543671925
7500,H8-V,406,n02699494/ILSVRC2012_val_00006295_n02699494,13,3,0.009834798673788706,0.14212131996949515,0.6524332563082377,0.030571263904372852,0.02404693141579628
7500,H8-V,406,n02699494/ILSVRC2012_val_00006295_n02699494,19,3,0.009586092084646225,0.1368656555811564,0.6448716719945272,0.029721374313036602,0.02327265776693821
7500,H8-V,407,n02701002/ILSVRC2012_val_00003703_n02701002,1,3,0.023497219507892925,0.2475220412015915,1.1862096786499023,0.06011152143279711,0.04824942474563917
7500,H8-V,407,n02701002/ILSVRC2012_val_00003703_n02701002,4,3,0.015897444759805996,0.16878608365853628,1.0278869072596233,0.043054924656947456,0.03277605523665746
7500,H8-V,407,n02701002/ILSVRC2012_val_00003703_n02701002,7,3,0.014975569521387419,0.16272260745366415,0.9932839075724283,0.04118067150314649,0.031247831881046295
7500,H8-V,407,n02701002/ILSVRC2012_val_00003703_n02701002,13,3,0.014095936280985674,0.15476550658543906,0.9606184760729471,0.03917867069443067,0.029572486877441406
7500,H8-V,407,n02701002/ILSVRC2012_val_00003703_n02701002,19,3,0.013786147659023603,0.1522025167942047,0.9496028820673624,0.03850242868065834,0.02900639983514945
7500,H8-V,408,n02704792/ILSVRC2012_val_00026031_n02704792,1,3,0.014007748725513617,0.2543293386697769,0.9527972737948099,0.048968655367692314,0.03944068277875582
7500,H8-V,408,n02704792/ILSVRC2012_val_00026031_n02704792,4,3,0.009352954104542732,0.17573829491933188,0.8232770760854086,0.0351595530907313,0.026926783223946888
7500,H8-V,408,n02704792/ILSVRC2012_val_00026031_n02704792,7,3,0.008743642829358578,0.16712854305903116,0.7903268535931905,0.03335976476470629,0.025456496824820835
7500,H8-V,408,n02704792/ILSVRC2012_val_00026031_n02704792,13,3,0.008263357604543367,0.16034328937530518,0.7608776887257894,0.031906461964050926,0.0242976862937212
7500,H8-V,408,n02704792/ILSVRC2012_val_00026031_n02704792,19,3,0.008191388721267382,0.1589643359184265,0.7526355783144633,0.031614178170760475,0.024087822685639065
7500,H8-V,409,n02708093/ILSVRC2012_val_00024278_n02708093,1,3,0.013581609663863977,0.19393369555473328,0.8528067270914713,0.041503045707941055,0.03297497828801473
7500,H8-V,409,n02708093/ILSVRC2012_val_00024278_n02708093,4,3,0.011171868070960045,0.14435335993766785,0.7250004013379415,0.03285720944404602,0.025607204685608547
7500,H8-V,409,n02708093/ILSVRC2012_val_00024278_n02708093,7,3,0.010840981267392635,0.14191130300362906,0.6958921750386556,0.03199103350440661,0.025032111754020054
7500,H8-V,409,n02708093/ILSVRC2012_val_00024278_n02708093,13,3,0.010572478485604128,0.13920063773790994,0.6710625290870667,0.031203168133894604,0.02449254256983598
7500,H8-V,409,n02708093/ILSVRC2012_val_00024278_n02708093,19,3,0.010536488145589828,0.13680851459503174,0.6641618212064108,0.030858957519133885,0.02421733985344569
7500,H8-V,410,n02727426/ILSVRC2012_val_00007765_n02727426,1,3,0.03074001024166743,0.2868327647447586,0.9551072518030802,0.06897435709834099,0.05942328522602717
7500,H8-V,410,n02727426/ILSVRC2012_val_00007765_n02727426,4,3,0.02113484839598338,0.13968844215075174,0.8005709250768026,0.04310940206050873,0.0351036936044693
7500,H8-V,410,n02727426/ILSVRC2012_val_00007765_n02727426,7,3,0.020116693029801052,0.13407399753729501,0.7699960867563883,0.04122405250867208,0.03352409228682518
7500,H8-V,410,n02727426/ILSVRC2012_val_00007765_n02727426,13,3,0.019219415883223217,0.13049722711245218,0.7444612383842468,0.03971375152468681,0.03226913884282112
7500,H8-V,410,n02727426/ILSVRC2012_val_00007765_n02727426,19,3,0.01905442091325919,0.1311514675617218,0.7393283446629842,0.03956285243233045,0.032169568041960396
7500,H8-V,411,n02730930/ILSVRC2012_val_00001135_n02730930,1,3,0.014895187690854073,0.2484841545422872,0.6965102553367615,0.04670870676636696,0.03974360475937525
7500,H8-V,411,n02730930/ILSVRC2012_val_00001135_n02730930,4,3,0.009864451984564463,0.14832631250222525,0.5460855563481649,0.030157939220468204,0.02469708335896333
7500,H8-V,411,n02730930/ILSVRC2012_val_00001135_n02730930,7,3,0.009381350750724474,0.14130867024262747,0.5154280861218771,0.028666498760382336,0.02351221814751625
7500,H8-V,411,n02730930/ILSVRC2012_val_00001135_n02730930,13,3,0.009013741898039976,0.13706445197264353,0.4909222523371379,0.027629409606258076,0.022720187281568844
7500,H8-V,411,n02730930/ILSVRC2012_val_00001135_n02730930,19,3,0.008939729382594427,0.13833401600519815,0.48587461312611896,0.027631877611080807,0.022773131107290585
7500,H8-V,412,n02747177/ILSVRC2012_val_00046138_n02747177,1,3,0.017769301931063335,0.22207305828730264,0.5825935403505961,0.04580254231890043,0.03997660738726457
7500,H8-V,412,n02747177/ILSVRC2012_val_00046138_n02747177,4,3,0.010853824516137442,0.1378952811161677,0.4649491508801778,0.029292844856778782,0.024643353496988613
7500,H8-V,412,n02747177/ILSVRC2012_val_00046138_n02747177,7,3,0.010325872339308262,0.13249089817206064,0.43518856167793274,0.02792684795955817,0.023574962591131527
7500,H8-V,412,n02747177/ILSVRC2012_val_00046138_n02747177,13,3,0.009819431540866693,0.12564467390378317,0.4123794635136922,0.02650769365330537,0.022383898496627808
7500,H8-V,412,n02747177/ILSVRC2012_val_00046138_n02747177,19,3,0.009636748892565569,0.1222887933254242,0.40963461995124817,0.02596197339395682,0.02186562803884347
7500,H8-V,413,n02749479/ILSVRC2012_val_00042983_n02749479,1,3,0.011963080614805222,0.19383471707503,0.8100766936937968,0.03944732000430425,0.03134655331571897
7500,H8-V,413,n02749479/ILSVRC2012_val_00042983_n02749479,4,3,0.0064693486007551355,0.10916956514120102,0.6739903092384338,0.024126208076874416,0.01738630545636018
7500,H8-V,413,n02749479/ILSVRC2012_val_00042983_n02749479,7,3,0.0059662686350444956,0.10270003726085027,0.640811045964559,0.02264438321193059,0.016236272950967152
7500,H8-V,413,n02749479/ILSVRC2012_val_00042983_n02749479,13,3,0.005537160361806552,0.09797996779282887,0.6123037536938986,0.02145819490154584,0.01533515720317761
7500,H8-V,413,n02749479/ILSVRC2012_val_00042983_n02749479,19,3,0.0053998200843731565,0.09564630935589473,0.6054139931996664,0.02101859139899413,0.0149644510820508
7500,H8-V,414,n02769748/ILSVRC2012_val_00019321_n02769748,1,3,0.017286937062939007,0.20156527062257132,1.1330272356669109,0.04877373700340589,0.037443465242783226
7500,H8-V,414,n02769748/ILSVRC2012_val_00019321_n02769748,4,3,0.011652034086485704,0.15652443965276083,0.9826571742693583,0.03713104998071989,0.027304478610555332
7500,H8-V,414,n02769748/ILSVRC2012_val_00019321_n02769748,7,3,0.010813499179979166,0.1509089320898056,0.9469797015190125,0.035374188174804054,0.02590439220269521
7500,H8-V,414,n02769748/ILSVRC2012_val_00019321_n02769748,13,3,0.010033024785419306,0.14307986199855804,0.9128817518552145,0.03346982846657435,0.024341010799010594
7500,H8-V,414,n02769748/ILSVRC2012_val_00019321_n02769748,19,3,0.009763583851357302,0.13912716011206308,0.9023539225260416,0.032699838280677795,0.023676299179593723
7500,H8-V,415,n02776631/ILSVRC2012_val_00040240_n02776631,1,3,0.007500232973446448,0.21331192056337991,0.6939973632494608,0.035771398494640984,0.028831425433357556
7500,H8-V,415,n02776631/ILSVRC2012_val_00040240_n02776631,4,3,0.004677596036344767,0.1468040943145752,0.5661604404449463,0.025019610300660133,0.019358005995551746
7500,H8-V,415,n02776631/ILSVRC2012_val_00040240_n02776631,7,3,0.0043838115719457465,0.1404403547445933,0.5354795654614767,0.02378264255821705,0.01842784695327282
7500,H8-V,415,n02776631/ILSVRC2012_val_00040240_n02776631,13,3,0.004149820966025193,0.13442014654477438,0.5100468595822653,0.022692304104566574,0.01759183593094349
7500,H8-V,415,n02776631/ILSVRC2012_val_00040240_n02776631,19,3,0.004101237592597802,0.132341335217158,0.5047877828280131,0.022383249054352444,0.01733537142475446
7500,H8-V,416,n02777292/ILSVRC2012_val_00003803_n02777292,1,3,0.011173987295478582,0.14680866400400797,0.5370953877766927,0.03122580796480179,0.02585485391318798
7500,H8-V,416,n02777292/ILSVRC2012_val_00003803_n02777292,4,3,0.005284109773735206,0.07383364190657933,0.4260156850020091,0.016927630951007206,0.01266747402648131
7500,H8-V,416,n02777292/ILSVRC2012_val_00003803_n02777292,7,3,0.0049173639466365176,0.06983900318543117,0.3979068299134572,0.01588033263882001,0.011901264389355978
7500,H8-V,416,n02777292/ILSVRC2012_val_00003803_n02777292,13,3,0.004564310734470685,0.06702774266401927,0.3762950897216797,0.015030036059518656,0.011267085249225298
7500,H8-V,416,n02777292/ILSVRC2012_val_00003803_n02777292,19,3,0.004439064456770818,0.06631868084271748,0.3741581936677297,0.014812513875464598,0.011070932261645794
7500,H8-V,417,n02782093/ILSVRC2012_val_00047373_n02782093,1,3,0.018064312015970547,0.20084592700004578,0.9593258500099182,0.04774216438333193,0.0381489060819149
7500,H8-V,417,n02782093/ILSVRC2012_val_00047373_n02782093,4,3,0.013020681217312813,0.1361184020837148,0.8378262122472128,0.035010782380898796,0.02663252130150795
7500,H8-V,417,n02782093/ILSVRC2012_val_00047373_n02782093,7,3,0.012244862814744314,0.13061880568663278,0.804630438486735,0.033353046824534736,0.02530674325923125
7500,H8-V,417,n02782093/ILSVRC2012_val_00047373_n02782093,13,3,0.011505447017649809,0.12622354676326117,0.7744648655255636,0.03187245006362597,0.024127802501122158
7500,H8-V,417,n02782093/ILSVRC2012_val_00047373_n02782093,19,3,0.011230758080879847,0.12709803382555643,0.7646127939224243,0.03158668801188469,0.02394056071837743
7500,H8-V,418,n02783161/ILSVRC2012_val_00001098_n02783161,1,3,0.006683024888237317,0.1939929872751236,0.38063188393910724,0.029888642951846123,0.026082323243220646
7500,H8-V,418,n02783161/ILSVRC2012_val_00001098_n02783161,4,3,0.003296096188326677,0.07790420701106389,0.2718775471051534,0.013805292546749115,0.011086517324050268
7500,H8-V,418,n02783161/ILSVRC2012_val_00001098_n02783161,7,3,0.0030457780230790377,0.07425208886464436,0.24676396946112314,0.012938627041876316,0.010470987297594547
7500,H8-V,418,n02783161/ILSVRC2012_val_00001098_n02783161,13,3,0.0028302030793080726,0.07046279807885487,0.22785626351833344,0.012155045755207539,0.009876483120024204
7500,H8-V,418,n02783161/ILSVRC2012_val_00001098_n02783161,19,3,0.0027696304799367986,0.06888917585213979,0.22530639171600342,0.011911612004041672,0.009658548360069593
7500,H8-V,419,n02786058/ILSVRC2012_val_00000400_n02786058,1,3,0.007767423211286466,0.19305331508318582,0.619136373202006,0.03326411917805672,0.02707275499900182
7500,H8-V,419,n02786058/ILSVRC2012_val_00000400_n02786058,4,3,0.0030984162197758756,0.1041131963332494,0.49782294034957886,0.018487965688109398,0.013509736396372318
7500,H8-V,419,n02786058/ILSVRC2012_val_00000400_n02786058,7,3,0.002818141132593155,0.0982203334569931,0.4685827096303304,0.017326001698772114,0.012640174788733324
7500,H8-V,419,n02786058/ILSVRC2012_val_00000400_n02786058,13,3,0.002566002464542786,0.09131969511508942,0.444423774878184,0.016142209991812706,0.011697972193360329
7500,H8-V,419,n02786058/ILSVRC2012_val_00000400_n02786058,19,3,0.0025032757160564265,0.0881865123907725,0.4395736853281657,0.015717663802206516,0.011321927420794964
7500,H8-V,420,n02787622/ILSVRC2012_val_00042522_n02787622,1,3,0.014498186918596426,0.30388278762499493,0.7315455675125122,0.05220191925764084,0.044886464873949684
7500,H8-V,420,n02787622/ILSVRC2012_val_00042522_n02787622,4,3,0.004808305452267329,0.11034238586823146,0.5312320590019226,0.021154864380757015,0.015842544225354988
7500,H8-V,420,n02787622/ILSVRC2012_val_00042522_n02787622,7,3,0.0044598317084213095,0.10137422879536946,0.5014110207557678,0.01961136485139529,0.014597254805266857
7500,H8-V,420,n02787622/ILSVRC2012_val_00042522_n02787622,13,3,0.004181550970921914,0.0938626949985822,0.47791337966918945,0.018346954757968586,0.013567820812265078
7500,H8-V,420,n02787622/ILSVRC2012_val_00042522_n02787622,19,3,0.004113977464536826,0.09200966109832127,0.4748180111249288,0.018063124269247055,0.013314943760633469
7500,H8-V,421,n02788148/ILSVRC2012_val_00037788_n02788148,1,3,0.00795793222884337,0.16710318624973297,0.5099204083283743,0.02976745491226514,0.02466825085381667
7500,H8-V,421,n02788148/ILSVRC2012_val_00037788_n02788148,4,3,0.004771788759777944,0.10960902025302251,0.4131266276041667,0.019863956918319065,0.015732690691947937
7500,H8-V,421,n02788148/ILSVRC2012_val_00037788_n02788148,7,3,0.004380161718775828,0.1012627159555753,0.3861164450645447,0.018367598454157513,0.014506433779994646
7500,H8-V,421,n02788148/ILSVRC2012_val_00037788_n02788148,13,3,0.004047515957305829,0.09200547635555267,0.36688369512557983,0.016916900252302487,0.013248063313464323
7500,H8-V,421,n02788148/ILSVRC2012_val_00037788_n02788148,19,3,0.003951070519785087,0.08826896051565807,0.3674194614092509,0.016452160974343617,0.012777966757615408
7500,H8-V,422,n02790996/ILSVRC2012_val_00036280_n02790996,1,3,0.01175235149761041,0.21813333531220755,0.795172115166982,0.04151740546027819,0.03356568515300751
7500,H8-V,422,n02790996/ILSVRC2012_val_00036280_n02790996,4,3,0.0076351286843419075,0.14528730511665344,0.667137066523234,0.02883523019651572,0.02216385987897714
7500,H8-V,422,n02790996/ILSVRC2012_val_00036280_n02790996,7,3,0.007139681683232387,0.13630133867263794,0.6369079152743021,0.027138895044724148,0.020769815891981125
7500,H8-V,422,n02790996/ILSVRC2012_val_00036280_n02790996,13,3,0.006660285871475935,0.12743845582008362,0.6110230485598246,0.025514361759026844,0.019404131298263867
7500,H8-V,422,n02790996/ILSVRC2012_val_00036280_n02790996,19,3,0.006450685362021129,0.11699979255596797,0.6045308907826742,0.024195972830057144,0.01815066486597061
7500,H8-V,423,n02791124/ILSVRC2012_val_00001289_n02791124,1,3,0.011299129575490952,0.2253106733163198,0.7959902882575989,0.04179009919365247,0.03383019690712293
7500,H8-V,423,n02791124/ILSVRC2012_val_00001289_n02791124,4,3,0.006236527270327012,0.15497978031635284,0.677761455376943,0.028512120867768925,0.021734506512681644
7500,H8-V,423,n02791124/ILSVRC2012_val_00001289_n02791124,7,3,0.005822052247822285,0.1467881202697754,0.6451290845870972,0.02695215493440628,0.02050086421271165
7500,H8-V,423,n02791124/ILSVRC2012_val_00001289_n02791124,13,3,0.005555998378743728,0.13974347710609436,0.6171389818191528,0.02570173641045888,0.019530346617102623
7500,H8-V,423,n02791124/ILSVRC2012_val_00001289_n02791124,19,3,0.0055717456464966135,0.13873235881328583,0.6103757421175638,0.025548739358782768,0.019444981589913368
7500,H8-V,424,n02791270/ILSVRC2012_val_00037657_n02791270,1,3,0.011774603587885698,0.20450804630915323,0.6241256793340048,0.03846666465202967,0.03222540828088919
7500,H8-V,424,n02791270/ILSVRC2012_val_00037657_n02791270,4,3,0.007789854581157367,0.13693858683109283,0.49848222732543945,0.026468535264333088,0.021483713760972023
7500,H8-V,424,n02791270/ILSVRC2012_val_00037657_n02791270,7,3,0.00746750645339489,0.13211915890375772,0.470005323489507,0.02537947582701842,0.020679422343770664
7500,H8-V,424,n02791270/ILSVRC2012_val_00037657_n02791270,13,3,0.007155030655364196,0.12671015659968057,0.4470304747422536,0.0242963507771492,0.019826046501596768
7500,H8-V,424,n02791270/ILSVRC2012_val_00037657_n02791270,19,3,0.007037705431381862,0.12461609641710918,0.442760427792867,0.02392691932618618,0.019499314948916435
7500,H8-V,425,n02793495/ILSVRC2012_val_00010809_n02793495,1,3,0.016230846444765728,0.2685055136680603,0.7486305038134257,0.050567702700694404,0.043081397811571755
7500,H8-V,425,n02793495/ILSVRC2012_val_00010809_n02793495,4,3,0.01227281242609024,0.1755103220542272,0.6124555269877116,0.03594839945435524,0.02982384463151296
7500,H8-V,425,n02793495/ILSVRC2012_val_00010809_n02793495,7,3,0.011744934444626173,0.16810316344102225,0.5825156966845194,0.03438040862480799,0.0285552516579628
7500,H8-V,425,n02793495/ILSVRC2012_val_00010809_n02793495,13,3,0.011341031640768051,0.16091954708099365,0.5576542218526205,0.033009527872006096,0.02743298684557279
7500,H8-V,425,n02793495/ILSVRC2012_val_00010809_n02793495,19,3,0.011251837636033693,0.1579133520523707,0.5524094700813293,0.032567267616589866,0.02704317308962345
7500,H8-V,426,n02794156/ILSVRC2012_val_00032123_n02794156,1,3,0.009908479017515978,0.15912643820047379,0.48828961451848346,0.03070402021209399,0.025821123272180557
7500,H8-V,426,n02794156/ILSVRC2012_val_00032123_n02794156,4,3,0.003003879605482022,0.07303315152724583,0.3615289529164632,0.013922483970721563,0.010307194665074348
7500,H8-V,426,n02794156/ILSVRC2012_val_00032123_n02794156,7,3,0.002704628355180224,0.069252942999204,0.33349543809890747,0.012964877299964428,0.009629922918975353
7500,H8-V,426,n02794156/ILSVRC2012_val_00032123_n02794156,13,3,0.00247017340734601,0.06618967403968175,0.3131577670574188,0.012220718587438265,0.00908914084235827
7500,H8-V,426,n02794156/ILSVRC2012_val_00032123_n02794156,19,3,0.002422518407305082,0.06537867834170659,0.3126352330048879,0.012086738211413225,0.008960386117299398
7500,H8-V,427,n02795169/ILSVRC2012_val_00044303_n02795169,1,3,0.018792858968178432,0.14149231215318045,0.7694693207740784,0.04063678284486135,0.032942090183496475
7500,H8-V,427,n02795169/ILSVRC2012_val_00044303_n02795169,4,3,0.012620889892180761,0.0968715101480484,0.65538090467453,0.028861849879225094,0.022308041031161945
7500,H8-V,427,n02795169/ILSVRC2012_val_00044303_n02795169,7,3,0.011959822537998358,0.09403562794129054,0.6243862907091776,0.02760724847515424,0.02136338564256827
7500,H8-V,427,n02795169/ILSVRC2012_val_00044303_n02795169,13,3,0.011375495543082556,0.09161094576120377,0.5984722971916199,0.026521313314636547,0.02053659036755562
7500,H8-V,427,n02795169/ILSVRC2012_val_00044303_n02795169,19,3,0.011260009370744228,0.09138066073258717,0.5933998823165894,0.02633207415541013,0.02039807600279649
7500,H8-V,428,n02797295/ILSVRC2012_val_00005347_n02797295,1,3,0.020096198966105778,0.29291444023450214,0.8980673352877299,0.05836831529935201,0.049387642492850624
7500,H8-V,428,n02797295/ILSVRC2012_val_00005347_n02797295,4,3,0.008729597553610802,0.15122209986050925,0.693274199962616,0.03078454981247584,0.023851807539661724
7500,H8-V,428,n02797295/ILSVRC2012_val_00005347_n02797295,7,3,0.008150442192951838,0.14480534195899963,0.6620585521062216,0.02925156243145466,0.022630976513028145
7500,H8-V,428,n02797295/ILSVRC2012_val_00005347_n02797295,13,3,0.00767779474457105,0.13846502204736075,0.6357519626617432,0.027881816650430363,0.021524297694365185
7500,H8-V,428,n02797295/ILSVRC2012_val_00005347_n02797295,19,3,0.007566411669055621,0.13674278060595194,0.630147119363149,0.02754216082394123,0.02124068948129813
7500,H8-V,429,n02799071/ILSVRC2012_val_00021134_n02799071,1,3,0.016955527787407238,0.17060930033524832,0.8872357408205668,0.0428888164460659,0.03401645893851916
7500,H8-V,429,n02799071/ILSVRC2012_val_00021134_n02799071,4,3,0.012674821230272451,0.0968537504474322,0.7387823462486267,0.029748020072778065,0.022360196337103844
7500,H8-V,429,n02799071/ILSVRC2012_val_00021134_n02799071,7,3,0.012201941572129726,0.09452604750792186,0.706569234530131,0.028720237935582798,0.02165454626083374
7500,H8-V,429,n02799071/ILSVRC2012_val_00021134_n02799071,13,3,0.011850337808330854,0.09273132930199306,0.6781981984774271,0.027905452996492386,0.021123471359411877
7500,H8-V,429,n02799071/ILSVRC2012_val_00021134_n02799071,19,3,0.011809658259153366,0.09193999568621318,0.6693885326385498,0.02769754206140836,0.02100365733106931
7500,H8-V,430,n02802426/ILSVRC2012_val_00038899_n02802426,1,3,0.011004702343295017,0.20100257297356924,0.7007213632265726,0.03811217409869035,0.031104960789283116
7500,H8-V,430,n02802426/ILSVRC2012_val_00038899_n02802426,4,3,0.0045684232997397585,0.09799149880806605,0.552378515402476,0.019891358291109402,0.014367573273678621
7500,H8-V,430,n02802426/ILSVRC2012_val_00038899_n02802426,7,3,0.004413774237036705,0.0936961720387141,0.5215876301129659,0.01899926799039046,0.013783391565084457
7500,H8-V,430,n02802426/ILSVRC2012_val_00038899_n02802426,13,3,0.004462883807718754,0.09018520762523015,0.4958953658739726,0.018440358340740204,0.01348140463232994
7500,H8-V,430,n02802426/ILSVRC2012_val_00038899_n02802426,19,3,0.004381656801948945,0.0875756045182546,0.48992012937863666,0.018038418764869373,0.013139217781523863
7500,H8-V,431,n02804414/ILSVRC2012_val_00008402_n02804414,1,3,0.015009619295597076,0.2879943052927653,0.43527167042096454,0.04816176680227121,0.04380905069410801
7500,H8-V,431,n02804414/ILSVRC2012_val_00008402_n02804414,4,3,0.0037341949064284563,0.09418946256240208,0.2774171431859334,0.015927312895655632,0.013153141674896082
7500,H8-V,431,n02804414/ILSVRC2012_val_00008402_n02804414,7,3,0.0034784569094578424,0.08863698194424312,0.250218465924263,0.014844339961806933,0.01234215529014667
7500,H8-V,431,n02804414/ILSVRC2012_val_00008402_n02804414,13,3,0.0032025132483492294,0.08178273091713588,0.23092063268025717,0.013689993259807428,0.011380787007510662
7500,H8-V,431,n02804414/ILSVRC2012_val_00008402_n02804414,19,3,0.003080023918300867,0.07776530832052231,0.23125412066777548,0.013169096472362677,0.010856555153926214
7500,H8-V,432,n02804610/ILSVRC2012_val_00033629_n02804610,1,3,0.026870012904206913,0.25907088816165924,1.5879735946655273,0.06865683694680531,0.052777101596196495
7500,H8-V,432,n02804610/ILSVRC2012_val_00033629_n02804610,4,3,0.016216855806608994,0.1732667237520218,1.4059144258499146,0.04760267212986946,0.03354352836807569
7500,H8-V,432,n02804610/ILSVRC2012_val_00033629_n02804610,7,3,0.014745701104402542,0.16414820651213327,1.3664989471435547,0.04482551043232282,0.031160522252321243
7500,H8-V,432,n02804610/ILSVRC2012_val_00033629_n02804610,13,3,0.013838380885620912,0.15490238865216574,1.326151967048645,0.042590140054623284,0.02932862068216006
7500,H8-V,432,n02804610/ILSVRC2012_val_00033629_n02804610,19,3,0.01368347896883885,0.1524354616800944,1.3114598592122395,0.04204162458578745,0.028927025695641834
7500,H8-V,433,n02807133/ILSVRC2012_val_00049413_n02807133,1,3,0.016364862211048603,0.1833052138487498,0.7882152199745178,0.042577534914016724,0.03469538316130638
7500,H8-V,433,n02807133/ILSVRC2012_val_00049413_n02807133,4,3,0.009612003962198893,0.11924012750387192,0.6487360994021097,0.02802337830265363,0.02153601683676243
7500,H8-V,433,n02807133/ILSVRC2012_val_00049413_n02807133,7,3,0.008996538507441679,0.11390293886264165,0.6168282429377238,0.02655511473615964,0.020386832455794018
7500,H8-V,433,n02807133/ILSVRC2012_val_00049413_n02807133,13,3,0.0084716926018397,0.10973299046357472,0.5893364747365316,0.025338356693585713,0.019444992144902546
7500,H8-V,433,n02807133/ILSVRC2012_val_00049413_n02807133,19,3,0.008342870821555456,0.1098542536298434,0.5820207993189493,0.025148504103223484,0.019328296184539795
7500,H8-V,434,n02808304/ILSVRC2012_val_00019021_n02808304,1,3,0.011177577078342438,0.21082720160484314,0.6256754597028097,0.03851705168684324,0.03226029810806116
7500,H8-V,434,n02808304/ILSVRC2012_val_00019021_n02808304,4,3,0.00502222931633393,0.10648378233114879,0.47908509771029156,0.02046145871281624,0.015670607487360638
7500,H8-V,434,n02808304/ILSVRC2012_val_00019021_n02808304,7,3,0.004637442529201508,0.10010629643996556,0.4503629505634308,0.019151701281468075,0.014648072111109892
7500,H8-V,434,n02808304/ILSVRC2012_val_00019021_n02808304,13,3,0.004290661308914423,0.09372202058633168,0.4278673728307088,0.017941537002722423,0.013662863212327162
7500,H8-V,434,n02808304/ILSVRC2012_val_00019021_n02808304,19,3,0.004150816394637029,0.0905484954516093,0.4243832627932231,0.017449498797456425,0.013205666095018387
7500,H8-V,435,n02808440/ILSVRC2012_val_00015881_n02808440,1,3,0.036238408337036766,0.3065280020236969,1.0025705893834431,0.07691691567500432,0.06689120829105377
7500,H8-V,435,n02808440/ILSVRC2012_val_00015881_n02808440,4,3,0.028254575406511623,0.17675608893235525,0.8213464816411337,0.054143648594617844,0.04593018442392349
7500,H8-V,435,n02808440/ILSVRC2012_val_00015881_n02808440,7,3,0.027276823297142982,0.1713737448056539,0.7869964440663656,0.05228416249155998,0.044414197405179344
7500,H8-V,435,n02808440/ILSVRC2012_val_00015881_n02808440,13,3,0.026481712857882183,0.16664483149846396,0.7559031248092651,0.05070522800087929,0.043146196752786636
7500,H8-V,435,n02808440/ILSVRC2012_val_00015881_n02808440,19,3,0.02634986862540245,0.16584712266921997,0.7464529871940613,0.05039911220471064,0.04293458163738251
7500,H8-V,436,n02814533/ILSVRC2012_val_00037160_n02814533,1,3,0.022388906528552372,0.2466051528851191,0.9555606842041016,0.056605029851198196,0.047049421817064285
7500,H8-V,436,n02814533/ILSVRC2012_val_00037160_n02814533,4,3,0.013404306334753832,0.1441217909256617,0.779545783996582,0.03561194365223249,0.0278164849927028
7500,H8-V,436,n02814533/ILSVRC2012_val_00037160_n02814533,7,3,0.01264845704038938,0.13719415664672852,0.7447538574536642,0.03381541122992834,0.026367872953414917
7500,H8-V,436,n02814533/ILSVRC2012_val_00037160_n02814533,13,3,0.011857769452035427,0.1291897197564443,0.7133404016494751,0.03191014503439268,0.02477674124141534
7500,H8-V,436,n02814533/ILSVRC2012_val_00037160_n02814533,19,3,0.011596304054061571,0.12497102220853169,0.7042231559753418,0.0311356366922458,0.024093405654033024
7500,H8-V,437,n02814860/ILSVRC2012_val_00035911_n02814860,1,3,0.006611055073638757,0.13383960723876953,0.5797271529833475,0.02579228828350703,0.01999501697719097
7500,H8-V,437,n02814860/ILSVRC2012_val_00035911_n02814860,4,3,0.004584776237607002,0.08648370951414108,0.4731685221195221,0.017964832484722137,0.013233147251109282
7500,H8-V,437,n02814860/ILSVRC2012_val_00035911_n02814860,7,3,0.0044113765470683575,0.08350659906864166,0.4445538918177287,0.01720757596194744,0.012762037105858326
7500,H8-V,437,n02814860/ILSVRC2012_val_00035911_n02814860,13,3,0.004254522112508615,0.07979523638884227,0.4217802981535594,0.016451848670840263,0.012234045813481012
7500,H8-V,437,n02814860/ILSVRC2012_val_00035911_n02814860,19,3,0.004132821690291166,0.07737660656372707,0.4180910587310791,0.01605139362315337,0.011870482936501503
7500,H8-V,438,n02815834/ILSVRC2012_val_00046614_n02815834,1,3,0.007636980464061101,0.23803304135799408,0.8946486711502075,0.0403867724041144,0.03144028534491857
7500,H8-V,438,n02815834/ILSVRC2012_val_00046614_n02815834,4,3,0.0045754024758934975,0.14762642979621887,0.7699300448099772,0.027037345493833225,0.01933804526925087
7500,H8-V,438,n02815834/ILSVRC2012_val_00046614_n02815834,7,3,0.004150299665828546,0.1384522666533788,0.7372646927833557,0.025368173296252888,0.017995526393254597
7500,H8-V,438,n02815834/ILSVRC2012_val_00046614_n02815834,13,3,0.00374125805683434,0.12764776249726614,0.7077433466911316,0.023583467428882916,0.016506034259994824
7500,H8-V,438,n02815834/ILSVRC2012_val_00046614_n02815834,19,3,0.0036979433304319778,0.12407480428616206,0.6997844576835632,0.023103268817067146,0.016105424612760544
7500,H8-V,439,n02817516/ILSVRC2012_val_00011116_n02817516,1,3,0.025355742623408634,0.23967111110687256,1.287794868151347,0.06220080082615217,0.049322852243979774
7500,H8-V,439,n02817516/ILSVRC2012_val_00011116_n02817516,4,3,0.019326177736123402,0.1753199944893519,1.14067276318868,0.04826490332682928,0.03685817743341128
7500,H8-V,439,n02817516/ILSVRC2012_val_00011116_n02817516,7,3,0.018467871472239494,0.17045166591803232,1.1015417575836182,0.046528456111749016,0.035513038436571755
7500,H8-V,439,n02817516/ILSVRC2012_val_00011116_n02817516,13,3,0.0176949438949426,0.1636014531056086,1.0644415219624836,0.04469950497150421,0.03405508895715078
7500,H8-V,439,n02817516/ILSVRC2012_val_00011116_n02817516,19,3,0.017493045578400295,0.16085658967494965,1.0523950258890789,0.04410265510280927,0.0335787038008372
7500,H8-V,440,n02823428/ILSVRC2012_val_00034979_n02823428,1,3,0.03182212635874748,0.24244892100493112,1.0415022373199463,0.06648204103112221,0.056067017217477165
7500,H8-V,440,n02823428/ILSVRC2012_val_00034979_n02823428,4,3,0.016610298305749893,0.13587712248166403,0.85964568456014,0.03879446784655253,0.03019801154732704
7500,H8-V,440,n02823428/ILSVRC2012_val_00034979_n02823428,7,3,0.015741041861474514,0.12985252340634665,0.824797530968984,0.03697426989674568,0.02872629463672638
7500,H8-V,440,n02823428/ILSVRC2012_val_00034979_n02823428,13,3,0.015117990784347057,0.1253193567196528,0.7930453221003214,0.03558038050929705,0.027649926642576855
7500,H8-V,440,n02823428/ILSVRC2012_val_00034979_n02823428,19,3,0.015064076210061709,0.12434649964173634,0.7835137844085693,0.03533386439085007,0.02749872642258803
7500,H8-V,441,n02823750/ILSVRC2012_val_00007874_n02823750,1,3,0.019805052628119785,0.29547471801439923,1.1510622104008992,0.06086314469575882,0.04935252293944359
7500,H8-V,441,n02823750/ILSVRC2012_val_00007874_n02823750,4,3,0.01054701612641414,0.15838212768236795,0.9455083807309469,0.03584031263987223,0.02638522908091545
7500,H8-V,441,n02823750/ILSVRC2012_val_00007874_n02823750,7,3,0.009839982415239016,0.15265884498755136,0.9116135636965433,0.034222001830736794,0.025105866913994152
7500,H8-V,441,n02823750/ILSVRC2012_val_00007874_n02823750,13,3,0.009295152500271797,0.14897522826989493,0.8800528248151144,0.032993203649918236,0.024192675327261288
7500,H8-V,441,n02823750/ILSVRC2012_val_00007874_n02823750,19,3,0.009173538846274218,0.14798974990844727,0.8701170682907104,0.03267368550101916,0.023972514395912487
7500,H8-V,442,n02825657/ILSVRC2012_val_00004562_n02825657,1,3,0.011676050101717314,0.19734328985214233,0.49929454922676086,0.03640332445502281,0.03141037933528423
7500,H8-V,442,n02825657/ILSVRC2012_val_00004562_n02825657,4,3,0.005433679558336735,0.09737699727217357,0.3700484335422516,0.018871863062183063,0.015171379471818605
7500,H8-V,442,n02825657/ILSVRC2012_val_00004562_n02825657,7,3,0.005126054709156354,0.09088058521350224,0.34369516372680664,0.017651064321398735,0.014214113354682922
7500,H8-V,442,n02825657/ILSVRC2012_val_00004562_n02825657,13,3,0.004873909366627534,0.08525255570809047,0.3241417904694875,0.01664058305323124,0.013399165123701096
7500,H8-V,442,n02825657/ILSVRC2012_val_00004562_n02825657,19,3,0.004789077366391818,0.0824349969625473,0.322852224111557,0.016261099527279537,0.013032577000558376
7500,H8-V,443,n02834397/ILSVRC2012_val_00011752_n02834397,1,3,0.016421938004593056,0.24178878466288248,0.7387609481811523,0.04798842594027519,0.04060081640879313
7500,H8-V,443,n02834397/ILSVRC2012_val_00011752_n02834397,4,3,0.012883194411794344,0.18018538256486258,0.6256838838259379,0.03715857118368149,0.03090173378586769
7500,H8-V,443,n02834397/ILSVRC2012_val_00011752_n02834397,7,3,0.012341000450154146,0.17265025774637857,0.5940763155619303,0.03554678956667582,0.029606026286880176
7500,H8-V,443,n02834397/ILSVRC2012_val_00011752_n02834397,13,3,0.011880715377628803,0.16439304252465567,0.567810575167338,0.03399812678496043,0.02832002068559329
7500,H8-V,443,n02834397/ILSVRC2012_val_00011752_n02834397,19,3,0.011773464269936085,0.15868731339772543,0.5617488821347555,0.03325968608260155,0.027642196665207546
7500,H8-V,444,n02835271/ILSVRC2012_val_00037658_n02835271,1,3,0.012191439668337503,0.25382674237092334,0.7200037638346354,0.044774151096741356,0.037574113657077156
7500,H8-V,444,n02835271/ILSVRC2012_val_00037658_n02835271,4,3,0.009055327313641707,0.15425298611323038,0.5955346822738647,0.030435973157485325,0.024480626607934635
7500,H8-V,444,n02835271/ILSVRC2012_val_00037658_n02835271,7,3,0.008501477539539337,0.14635340372721353,0.5647553205490112,0.028784371291597683,0.023136818160613377
7500,H8-V,444,n02835271/ILSVRC2012_val_00037658_n02835271,13,3,0.008078601832191149,0.13864829142888388,0.5398239096005758,0.027341670046250027,0.021943431347608566
7500,H8-V,444,n02835271/ILSVRC2012_val_00037658_n02835271,19,3,0.007967546892662844,0.13414528965950012,0.5353567798932394,0.02673564354578654,0.02138207604487737
7500,H8-V,445,n02837789/ILSVRC2012_val_00018702_n02837789,1,3,0.013570543378591537,0.1977940301100413,0.769693394502004,0.04104688142736753,0.033349947383006416
7500,H8-V,445,n02837789/ILSVRC2012_val_00018702_n02837789,4,3,0.007958412480851015,0.12591537088155746,0.644415020942688,0.02699410046140353,0.020549950500329334
7500,H8-V,445,n02837789/ILSVRC2012_val_00018702_n02837789,7,3,0.007277753669768572,0.11849713573853175,0.611354390780131,0.025241011753678322,0.019127467647194862
7500,H8-V,445,n02837789/ILSVRC2012_val_00018702_n02837789,13,3,0.006524802961697181,0.11135437587896983,0.5835241675376892,0.023495481659968693,0.017660240332285564
7500,H8-V,445,n02837789/ILSVRC2012_val_00018702_n02837789,19,3,0.006265855239083369,0.10857090850671132,0.5777838627497355,0.022900785009066265,0.017122946679592133
7500,H8-V,446,n02840245/ILSVRC2012_val_00011302_n02840245,1,3,0.003957782716800769,0.15750635166962942,0.4487941066424052,0.024196359018484753,0.019708418597777683
7500,H8-V,446,n02840245/ILSVRC2012_val_00011302_n02840245,4,3,0.002527062470714251,0.10318401704231898,0.35725311438242596,0.01641799509525299,0.012845464050769806
7500,H8-V,446,n02840245/ILSVRC2012_val_00011302_n02840245,7,3,0.0024017938412725925,0.09686834116776784,0.33146125078201294,0.01540324091911316,0.012088628485798836
7500,H8-V,446,n02840245/ILSVRC2012_val_00011302_n02840245,13,3,0.00233794244316717,0.09086109697818756,0.31296011805534363,0.014553653386731943,0.011424051908155283
7500,H8-V,446,n02840245/ILSVRC2012_val_00011302_n02840245,19,3,0.0023507935305436454,0.08973746250073115,0.31292471289634705,0.014453786425292492,0.011324539470175901
7500,H8-V,447,n02841315/ILSVRC2012_val_00016652_n02841315,1,3,0.019356201713283856,0.19061356782913208,0.9151042302449545,0.047568601866563164,0.03841755911707878
7500,H8-V,447,n02841315/ILSVRC2012_val_00016652_n02841315,4,3,0.013707786488036314,0.1402443746725718,0.7779231866200765,0.035511456429958344,0.027732223893205326
7500,H8-V,447,n02841315/ILSVRC2012_val_00016652_n02841315,7,3,0.012932478760679563,0.1364193558692932,0.7446411450703939,0.03402082622051239,0.02657441422343254
7500,H8-V,447,n02841315/ILSVRC2012_val_00016652_n02841315,13,3,0.012264348876972994,0.13354789217313132,0.7157280445098877,0.03277641783157984,0.02561913865307967
7500,H8-V,447,n02841315/ILSVRC2012_val_00016652_n02841315,19,3,0.012141140177845955,0.13319084544976553,0.7084118127822876,0.03254434342185656,0.02546022521952788
7500,H8-V,448,n02843684/ILSVRC2012_val_00013138_n02843684,1,3,0.009673317739119133,0.266923929254214,0.7967962225278219,0.044333674013614655,0.03636571144064268
7500,H8-V,448,n02843684/ILSVRC2012_val_00013138_n02843684,4,3,0.004074760712683201,0.13611791531244913,0.6280579169591268,0.02396713135143121,0.0176865520576636
7500,H8-V,448,n02843684/ILSVRC2012_val_00013138_n02843684,7,3,0.003794474604850014,0.13086073100566864,0.5968707203865051,0.022849255551894505,0.01688054824868838
7500,H8-V,448,n02843684/ILSVRC2012_val_00013138_n02843684,13,3,0.003541387695198258,0.12496619423230489,0.5708551605542501,0.02174655782679717,0.016038006792465847
7500,H8-V,448,n02843684/ILSVRC2012_val_00013138_n02843684,19,3,0.003500458008299271,0.123134878774484,0.5652458469072977,0.021466403578718502,0.015813945482174557
7500,H8-V,449,n02859443/ILSVRC2012_val_00000724_n02859443,1,3,0.014269592550893625,0.20665555695692697,0.6581456661224365,0.04151660576462746,0.03493514967461427
7500,H8-V,449,n02859443/ILSVRC2012_val_00000724_n02859443,4,3,0.008930461791654428,0.1371107498804728,0.5349442958831787,0.027990979452927906,0.022641537090142567
7500,H8-V,449,n02859443/ILSVRC2012_val_00000724_n02859443,7,3,0.008443791108826796,0.13241764903068542,0.5052980979283651,0.02673853685458501,0.021685556198159855
7500,H8-V,449,n02859443/ILSVRC2012_val_00000724_n02859443,13,3,0.008045593276619911,0.1288913240035375,0.48085569341977435,0.025743282089630764,0.020934725801150005
7500,H8-V,449,n02859443/ILSVRC2012_val_00000724_n02859443,19,3,0.007986670670409998,0.12819298108418783,0.4752599895000458,0.02555856853723526,0.02080596921344598
7500,H8-V,450,n02860847/ILSVRC2012_val_00004620_n02860847,1,3,0.02323481688896815,0.2135209689537684,1.3797391255696614,0.05838430548707644,0.04458691428105036
7500,H8-V,450,n02860847/ILSVRC2012_val_00004620_n02860847,4,3,0.014427183816830317,0.1396829535563787,1.231409231821696,0.040709571292003,0.028395478924115498
7500,H8-V,450,n02860847/ILSVRC2012_val_00004620_n02860847,7,3,0.013463213418920835,0.13076004882653555,1.193773865699768,0.03847695638736089,0.02653921830157439
7500,H8-V,450,n02860847/ILSVRC2012_val_00004620_n02860847,13,3,0.012757970641056696,0.12381456047296524,1.1574615637461345,0.03671404222647349,0.025139426812529564
7500,H8-V,450,n02860847/ILSVRC2012_val_00004620_n02860847,19,3,0.012682024699946245,0.12174831827481587,1.1451401313145955,0.03630825753013293,0.02485685671369235
7500,H8-V,451,n02865351/ILSVRC2012_val_00008265_n02865351,1,3,0.014193046217163404,0.18189384043216705,1.0662845373153687,0.04304527615507444,0.03238243112961451
7500,H8-V,451,n02865351/ILSVRC2012_val_00008265_n02865351,4,3,0.01040708584090074,0.1156639705101649,0.9210729201634725,0.031184210752447445,0.02197348264356454
7500,H8-V,451,n02865351/ILSVRC2012_val_00008265_n02865351,7,3,0.009730742933849493,0.11058724174896876,0.8847502668698629,0.02963697041074435,0.02078946741918723
7500,H8-V,451,n02865351/ILSVRC2012_val_00008265_n02865351,13,3,0.009173827866713205,0.1057773729165395,0.8508485754330953,0.02826005096236865,0.019751565530896187
7500,H8-V,451,n02865351/ILSVRC2012_val_00008265_n02865351,19,3,0.009076541600128015,0.10358233749866486,0.8389206727345785,0.027823982139428455,0.019434775536259014
7500,H8-V,452,n02869837/ILSVRC2012_val_00033752_n02869837,1,3,0.008587313505510489,0.15081233282883963,0.6846545934677124,0.030515092114607494,0.023668546850482624
7500,H8-V,452,n02869837/ILSVRC2012_val_00033752_n02869837,4,3,0.0052413408023615675,0.09767352044582367,0.5877156853675842,0.020885849371552467,0.01500869325051705
7500,H8-V,452,n02869837/ILSVRC2012_val_00033752_n02869837,7,3,0.004776313280065854,0.09181781113147736,0.5558600624402364,0.01951669529080391,0.013958094641566277
7500,H8-V,452,n02869837/ILSVRC2012_val_00033752_n02869837,13,3,0.004336210433393717,0.08515865355730057,0.5291955868403116,0.018144032607475918,0.012852076441049576
7500,H8-V,452,n02869837/ILSVRC2012_val_00033752_n02869837,19,3,0.004196686514963706,0.08234219749768575,0.5230528314908346,0.017661434908707935,0.012430906606217226
7500,H8-V,453,n02870880/ILSVRC2012_val_00012376_n02870880,1,3,0.01004821884756287,0.2248756488164266,0.4109894831975301,0.036645679424206413,0.032535784567395844
7500,H8-V,453,n02870880/ILSVRC2012_val_00012376_n02870880,4,3,0.003113288044308623,0.0666981687148412,0.25786282618840534,0.012361733553310236,0.009783105303843817
7500,H8-V,453,n02870880/ILSVRC2012_val_00012376_n02870880,7,3,0.002932822098955512,0.06304282074173291,0.23210835456848145,0.011558188125491142,0.009237104405959448
7500,H8-V,453,n02870880/ILSVRC2012_val_00012376_n02870880,13,3,0.002769763736675183,0.06047546615203222,0.21318443616231283,0.010949154694875082,0.008817310445010662
7500,H8-V,453,n02870880/ILSVRC2012_val_00012376_n02870880,19,3,0.002727388792360822,0.06040433049201965,0.21199912329514822,0.01088781344393889,0.008767822136481604
7500,H8-V,454,n02871525/ILSVRC2012_val_00034004_n02871525,1,3,0.030134242648879688,0.28116030991077423,1.1520555416742961,0.06977082788944244,0.05825027202566465
7500,H8-V,454,n02871525/ILSVRC2012_val_00034004_n02871525,4,3,0.015208949024478594,0.15652372936407724,0.9416432579358419,0.040277755508820214,0.030861322457591694
7500,H8-V,454,n02871525/ILSVRC2012_val_00034004_n02871525,7,3,0.014345726308723291,0.15084262192249298,0.9048979679743449,0.03847896804412206,0.02942998893558979
7500,H8-V,454,n02871525/ILSVRC2012_val_00034004_n02871525,13,3,0.013580123583475748,0.14550158381462097,0.8720210194587708,0.03685049215952555,0.028130282337466877
7500,H8-V,454,n02871525/ILSVRC2012_val_00034004_n02871525,19,3,0.013424639279643694,0.14477024972438812,0.8635069330533346,0.036536733309427895,0.02790166437625885
7500,H8-V,455,n02877765/ILSVRC2012_val_00021639_n02877765,1,3,0.02452670969069004,0.2107672542333603,1.262192924817403,0.05822536597649256,0.0456034354865551
7500,H8-V,455,n02877765/ILSVRC2012_val_00021639_n02877765,4,3,0.012946377508342266,0.10088557501633962,1.0577637751897175,0.033612572898467384,0.02303493581712246
7500,H8-V,455,n02877765/ILSVRC2012_val_00021639_n02877765,7,3,0.012127795877556006,0.09521390249331792,1.0224719842274983,0.03187390665213267,0.02164918618897597
7500,H8-V,455,n02877765/ILSVRC2012_val_00021639_n02877765,13,3,0.01150501985102892,0.0906166285276413,0.9885544578234354,0.030452227219939232,0.020566682641704876
7500,H8-V,455,n02877765/ILSVRC2012_val_00021639_n02877765,19,3,0.011421002137164274,0.08954620609680812,0.9760193228721619,0.030135815342267353,0.020375623057285946
7500,H8-V,456,n02879718/ILSVRC2012_val_00006182_n02879718,1,3,0.00728906923905015,0.1912430375814438,0.550420860449473,0.031917581955591835,0.02641337364912033
7500,H8-V,456,n02879718/ILSVRC2012_val_00006182_n02879718,4,3,0.004186015731344621,0.11635674784580867,0.43053476015726727,0.020127037540078163,0.01582169036070506
7500,H8-V,456,n02879718/ILSVRC2012_val_00006182_n02879718,7,3,0.003881247636551658,0.11185524861017863,0.4019830326239268,0.019086603075265884,0.015066772699356079
7500,H8-V,456,n02879718/ILSVRC2012_val_00006182_n02879718,13,3,0.0036118452747662864,0.10729897767305374,0.38016857703526813,0.01814342848956585,0.014341743042071661
7500,H8-V,456,n02879718/ILSVRC2012_val_00006182_n02879718,19,3,0.0035369391553103924,0.10501729200283687,0.37798720598220825,0.017818540334701538,0.014038668324549993
7500,H8-V,457,n02883205/ILSVRC2012_val_00039581_n02883205,1,3,0.006811720474312703,0.1819373518228531,0.5423937837282816,0.03042939429481824,0.025005456060171127
7500,H8-V,457,n02883205/ILSVRC2012_val_00039581_n02883205,4,3,0.0045220886046687765,0.11123330891132355,0.42782460649808246,0.01992366649210453,0.015645419868330162
7500,H8-V,457,n02883205/ILSVRC2012_val_00039581_n02883205,7,3,0.004287798268099626,0.10508860399325688,0.39830344915390015,0.018779693792263668,0.014796659039954344
7500,H8-V,457,n02883205/ILSVRC2012_val_00039581_n02883205,13,3,0.004075183843572934,0.0989011029402415,0.3750612437725067,0.01771590734521548,0.013965294696390629
7500,H8-V,457,n02883205/ILSVRC2012_val_00039581_n02883205,19,3,0.003958297582964103,0.09539493421713512,0.37159936626752216,0.017213784779111545,0.0134977912530303
7500,H8-V,458,n02892201/ILSVRC2012_val_00027456_n02892201,1,3,0.011089845870931944,0.2481111834446589,0.6977364818255106,0.04287832975387573,0.035900965332984924
7500,H8-V,458,n02892201/ILSVRC2012_val_00027456_n02892201,4,3,0.006696039034674565,0.15886569023132324,0.5569456418355306,0.028152064730723698,0.022582608585556347
7500,H8-V,458,n02892201/ILSVRC2012_val_00027456_n02892201,7,3,0.006366937110821406,0.1528992106517156,0.527944544951121,0.026936303203304608,0.021656858424345653
7500,H8-V,458,n02892201/ILSVRC2012_val_00027456_n02892201,13,3,0.006099387848128875,0.14709306756655374,0.5043054421742758,0.025851748883724213,0.020808694884181023
7500,H8-V,458,n02892201/ILSVRC2012_val_00027456_n02892201,19,3,0.0060279166015485925,0.14385374387105307,0.5001705090204874,0.025414995849132538,0.020413290709257126
7500,H8-V,459,n02892767/ILSVRC2012_val_00029015_n02892767,1,3,0.005267655476927757,0.1579683522383372,0.48072172204653424,0.025871708368261654,0.02106449070076148
7500,H8-V,459,n02892767/ILSVRC2012_val_00029015_n02892767,4,3,0.0024395324289798737,0.09257824470599492,0.3803584674994151,0.015500941934684912,0.011697357210020224
7500,H8-V,459,n02892767/ILSVRC2012_val_00029015_n02892767,7,3,0.0022035198441396156,0.08591065307458241,0.35182154178619385,0.014312800640861193,0.010794585260252157
7500,H8-V,459,n02892767/ILSVRC2012_val_00029015_n02892767,13,3,0.00198186495496581,0.07902210454146068,0.33072031537691754,0.013191278403004011,0.00988407526165247
7500,H8-V,459,n02892767/ILSVRC2012_val_00029015_n02892767,19,3,0.0018876420023540656,0.0759747897585233,0.32989736398061115,0.01278409423927466,0.00948512057463328
7500,H8-V,460,n02894605/ILSVRC2012_val_00003389_n02894605,1,3,0.007155514943102996,0.21926547090212503,0.5263294378916422,0.03434535736838976,0.02908206234375636
7500,H8-V,460,n02894605/ILSVRC2012_val_00003389_n02894605,4,3,0.003221604119365414,0.11077885826428731,0.4002262055873871,0.01830175208548705,0.014299489868183931
7500,H8-V,460,n02894605/ILSVRC2012_val_00003389_n02894605,7,3,0.003018138697370887,0.10548618684212367,0.3736198345820109,0.01730295643210411,0.013566757862766584
7500,H8-V,460,n02894605/ILSVRC2012_val_00003389_n02894605,13,3,0.002896666992455721,0.10071825236082077,0.3537681500116984,0.016506174579262733,0.012968492694199085
7500,H8-V,460,n02894605/ILSVRC2012_val_00003389_n02894605,19,3,0.00288233634394904,0.0994380513827006,0.3520638545354207,0.016346779962380726,0.012826141901314259
7500,H8-V,461,n02895154/ILSVRC2012_val_00021348_n02895154,1,3,0.01043588574975729,0.12567582726478577,0.4742988049983978,0.02774645760655403,0.023003469531734783
7500,H8-V,461,n02895154/ILSVRC2012_val_00021348_n02895154,4,3,0.007131867731610934,0.08536488811175029,0.38775111238161725,0.019545868039131165,0.015668357412020367
7500,H8-V,461,n02895154/ILSVRC2012_val_00021348_n02895154,7,3,0.00637396393964688,0.07811711480220158,0.3563361167907715,0.017749036972721417,0.014185675730307898
7500,H8-V,461,n02895154/ILSVRC2012_val_00021348_n02895154,13,3,0.005790449834118287,0.07228310406208038,0.3315979341665904,0.016334739824136097,0.01301876020928224
7500,H8-V,461,n02895154/ILSVRC2012_val_00021348_n02895154,19,3,0.005625908573468526,0.07148850460847218,0.3269943098227183,0.016044702380895615,0.012774758972227573
7500,H8-V,462,n02906734/ILSVRC2012_val_00042973_n02906734,1,3,0.02892422303557396,0.23288984100023905,0.8105950156847636,0.06031915917992592,0.05221320812900861
7500,H8-V,462,n02906734/ILSVRC2012_val_00042973_n02906734,4,3,0.02260510188837846,0.1650397777557373,0.6758175690968832,0.04586725557843844,0.03910907978812853
7500,H8-V,462,n02906734/ILSVRC2012_val_00042973_n02906734,7,3,0.021743612363934517,0.16081043084462485,0.6433171232541403,0.044257828344901405,0.03782465681433678
7500,H8-V,462,n02906734/ILSVRC2012_val_00042973_n02906734,13,3,0.020972618212302525,0.15428750216960907,0.6148741245269775,0.04255010932683945,0.03640136867761612
7500,H8-V,462,n02906734/ILSVRC2012_val_00042973_n02906734,19,3,0.020664360995093983,0.15146521230538687,0.6069981853167216,0.04188086340824763,0.03581088160475095
7500,H8-V,463,n02909870/ILSVRC2012_val_00042290_n02909870,1,3,0.011415116488933563,0.15561333298683167,0.6338151892026266,0.03331460182865461,0.026976450035969417
7500,H8-V,463,n02909870/ILSVRC2012_val_00042290_n02909870,4,3,0.006962682741383712,0.09993257621924083,0.5165516138076782,0.022121456762154896,0.016955940673748653
7500,H8-V,463,n02909870/ILSVRC2012_val_00042290_n02909870,7,3,0.006461720603207747,0.0937078023950259,0.48732414841651917,0.02070574276149273,0.015832501153151195
7500,H8-V,463,n02909870/ILSVRC2012_val_00042290_n02909870,13,3,0.005863982407997052,0.0863530511657397,0.4641580681006114,0.01914086875816186,0.014499287741879622
7500,H8-V,463,n02909870/ILSVRC2012_val_00042290_n02909870,19,3,0.005653952403614919,0.08394929518302281,0.4611820876598358,0.01866070305307706,0.014048881828784943
7500,H8-V,464,n02910353/ILSVRC2012_val_00012854_n02910353,1,3,0.012573047230641047,0.1906997263431549,0.603848934173584,0.037681510051091514,0.03164301998913288
7500,H8-V,464,n02910353/ILSVRC2012_val_00012854_n02910353,4,3,0.007027814940859874,0.10766362647215526,0.4827890694141388,0.022622069343924522,0.01779417817791303
7500,H8-V,464,n02910353/ILSVRC2012_val_00012854_n02910353,7,3,0.006543650136639674,0.102825033167998,0.45322199662526447,0.021358373885353405,0.016826154043277104
7500,H8-V,464,n02910353/ILSVRC2012_val_00012854_n02910353,13,3,0.0061167630677421885,0.09656872600317001,0.43049649397532147,0.02007860131561756,0.01577363597850005
7500,H8-V,464,n02910353/ILSVRC2012_val_00012854_n02910353,19,3,0.006009128720810016,0.09172690163056056,0.4271218776702881,0.019453037530183792,0.01518181866655747
7500,H8-V,465,n02916936/ILSVRC2012_val_00018897_n02916936,1,3,0.01676892799635728,0.20423280199368796,0.8653514186541239,0.0458457221587499,0.037192208071549736
7500,H8-V,465,n02916936/ILSVRC2012_val_00018897_n02916936,4,3,0.006052643681565921,0.12415749828020732,0.7459214925765991,0.025927608832716942,0.018468393633762997
7500,H8-V,465,n02916936/ILSVRC2012_val_00018897_n02916936,7,3,0.005623179953545332,0.12032556782166164,0.7111199299494425,0.024766935035586357,0.017655736456314724
7500,H8-V,465,n02916936/ILSVRC2012_val_00018897_n02916936,13,3,0.005326523290326198,0.11619728803634644,0.6806452671686808,0.023752704883615177,0.016946252435445786
7500,H8-V,465,n02916936/ILSVRC2012_val_00018897_n02916936,19,3,0.005328115696708362,0.11490539461374283,0.672316332658132,0.023541818062464397,0.0168186550339063
7500,H8-V,466,n02917067/ILSVRC2012_val_00041806_n02917067,1,3,0.018409936999281246,0.2601250261068344,0.7958604494730631,0.05238104363282522,0.04442243898908297
7500,H8-V,466,n02917067/ILSVRC2012_val_00041806_n02917067,4,3,0.013318055930236975,0.17550981044769287,0.6601356069246928,0.037470392882823944,0.03086903691291809
7500,H8-V,466,n02917067/ILSVRC2012_val_00041806_n02917067,7,3,0.01277799935390552,0.17028058568636575,0.6303861538569132,0.036109919349352516,0.029806057612101238
7500,H8-V,466,n02917067/ILSVRC2012_val_00041806_n02917067,13,3,0.012304358184337616,0.1647702952226003,0.6053927739461263,0.03483531499902407,0.028781387954950333
7500,H8-V,466,n02917067/ILSVRC2012_val_00041806_n02917067,19,3,0.012162026949226856,0.16220792631308237,0.5995675722757975,0.03437849506735802,0.02838281976679961
7500,H8-V,467,n02927161/ILSVRC2012_val_00043322_n02927161,1,3,0.026246245329578716,0.2895490527153015,1.2405137221018474,0.067606287697951,0.055201150476932526
7500,H8-V,467,n02927161/ILSVRC2012_val_00043322_n02927161,4,3,0.011602588929235935,0.15434099237124124,1.008857250213623,0.03712526087959608,0.02703668860097726
7500,H8-V,467,n02927161/ILSVRC2012_val_00043322_n02927161,7,3,0.01069291060169538,0.14504284163316092,0.9714310963948568,0.03491150587797165,0.02519719551006953
7500,H8-V,467,n02927161/ILSVRC2012_val_00043322_n02927161,13,3,0.00989028811454773,0.13529303669929504,0.9370800654093424,0.03279039139548937,0.023419591287771862
7500,H8-V,467,n02927161/ILSVRC2012_val_00043322_n02927161,19,3,0.009701341390609741,0.1317069431145986,0.9277340968449911,0.03214937448501587,0.022872035081187885
7500,H8-V,468,n02930766/ILSVRC2012_val_00004197_n02930766,1,3,0.024835802614688873,0.22473382453123728,0.9858428239822388,0.057167613257964454,0.0473091850678126
7500,H8-V,468,n02930766/ILSVRC2012_val_00004197_n02930766,4,3,0.017256996283928554,0.1619060883919398,0.8605684836705526,0.04205328971147537,0.03344760462641716
7500,H8-V,468,n02930766/ILSVRC2012_val_00004197_n02930766,7,3,0.016336457182963688,0.15508305529753366,0.8266555468241373,0.040111315747102104,0.03184476122260094
7500,H8-V,468,n02930766/ILSVRC2012_val_00004197_n02930766,13,3,0.015423176810145378,0.1486384520928065,0.7954151034355164,0.038241174072027206,0.03028702239195506
7500,H8-V,468,n02930766/ILSVRC2012_val_00004197_n02930766,19,3,0.015066911776860556,0.14542833964029947,0.7860346833864847,0.037470092376073204,0.029609745368361473
7500,H8-V,469,n02939185/ILSVRC2012_val_00046481_n02939185,1,3,0.03448481298983097,0.3520498375097911,1.7402981917063396,0.08709277709325154,0.06968979661663373
7500,H8-V,469,n02939185/ILSVRC2012_val_00046481_n02939185,4,3,0.02206365391612053,0.21635314325491586,1.4978155692418416,0.05867712323864301,0.043698968986670174
7500,H8-V,469,n02939185/ILSVRC2012_val_00046481_n02939185,7,3,0.02063571661710739,0.20812267561753592,1.4541581471761067,0.05598956470688184,0.04144798467556635
7500,H8-V,469,n02939185/ILSVRC2012_val_00046481_n02939185,13,3,0.01945401169359684,0.19849010308583578,1.410584568977356,0.05340886736909548,0.039303023368120193
7500,H8-V,469,n02939185/ILSVRC2012_val_00046481_n02939185,19,3,0.01931775175035,0.19623998800913492,1.3962562878926594,0.05290431280930837,0.03894175092379252
7500,H8-V,470,n02948072/ILSVRC2012_val_00038456_n02948072,1,3,0.02579254594941934,0.3570556640625,1.9137157201766968,0.08063527196645737,0.06149811546007792
7500,H8-V,470,n02948072/ILSVRC2012_val_00038456_n02948072,4,3,0.016026920328537624,0.23394688963890076,1.655541221300761,0.05597702289621035,0.039421609292427696
7500,H8-V,470,n02948072/ILSVRC2012_val_00038456_n02948072,7,3,0.015101958997547626,0.22439255813757578,1.614186684290568,0.053683082262674965,0.03754121561845144
7500,H8-V,470,n02948072/ILSVRC2012_val_00038456_n02948072,13,3,0.014271043241024017,0.21121594806512198,1.5709776480992634,0.05110241348544756,0.0353926382958889
7500,H8-V,470,n02948072/ILSVRC2012_val_00038456_n02948072,19,3,0.01409491120527188,0.2068644016981125,1.5535214742024739,0.05031656473875046,0.03478135044376055
7500,H8-V,471,n02950826/ILSVRC2012_val_00020752_n02950826,1,3,0.030980593835314114,0.24506241579850516,1.2488927443822224,0.06797576198975246,0.05548683553934097
7500,H8-V,471,n02950826/ILSVRC2012_val_00020752_n02950826,4,3,0.02136341544489066,0.15177935858567557,1.0733837286631267,0.047275188068548836,0.03654135142763456
7500,H8-V,471,n02950826/ILSVRC2012_val_00020752_n02950826,7,3,0.020445403332511585,0.14627481500307718,1.0367533763249714,0.045440420508384705,0.035072886695464454
7500,H8-V,471,n02950826/ILSVRC2012_val_00020752_n02950826,13,3,0.019633440300822258,0.14078542093435922,1.0024871428807576,0.0437368539472421,0.03371198227008184
7500,H8-V,471,n02950826/ILSVRC2012_val_00020752_n02950826,19,3,0.019402674709757168,0.13960285981496176,0.9910309314727783,0.04327327013015747,0.03336296106378237
7500,H8-V,472,n02951358/ILSVRC2012_val_00013191_n02951358,1,3,0.012513090545932451,0.18608207503954569,0.5689492225646973,0.03681079174081484,0.031121299291650455
7500,H8-V,472,n02951358/ILSVRC2012_val_00013191_n02951358,4,3,0.007433384656906128,0.10146953662236531,0.4398421347141266,0.021978759517272312,0.017580338443319004
7500,H8-V,472,n02951358/ILSVRC2012_val_00013191_n02951358,7,3,0.007033173460513353,0.09657789766788483,0.41164536277453107,0.020807417730490368,0.016690963879227638
7500,H8-V,472,n02951358/ILSVRC2012_val_00013191_n02951358,13,3,0.006702790192017953,0.09126410633325577,0.38941920797030133,0.01972339240213235,0.015829200545946758
7500,H8-V,472,n02951358/ILSVRC2012_val_00013191_n02951358,19,3,0.00661873584613204,0.08822724223136902,0.3860716223716736,0.01930217569073041,0.015441459914048513
7500,H8-V,473,n02951585/ILSVRC2012_val_00009761_n02951585,1,3,0.0061641147670646506,0.16944535076618195,0.49393630027770996,0.028048013026515644,0.023108649998903275
7500,H8-V,473,n02951585/ILSVRC2012_val_00009761_n02951585,4,3,0.0023976302860925594,0.07098929832379024,0.3586413860321045,0.013082973969479402,0.00949656032025814
7500,H8-V,473,n02951585/ILSVRC2012_val_00009761_n02951585,7,3,0.0022452677755306163,0.06713228796919186,0.3304390509923299,0.012262887010971705,0.00895849677423636
7500,H8-V,473,n02951585/ILSVRC2012_val_00009761_n02951585,13,3,0.0020973553570608297,0.06278892730673154,0.3079307774702708,0.0114555557568868,0.008376248180866241
7500,H8-V,473,n02951585/ILSVRC2012_val_00009761_n02951585,19,3,0.0020179937904079757,0.06102729464570681,0.3034933904806773,0.011155657780667147,0.008120723689595858
7500,H8-V,474,n02963159/ILSVRC2012_val_00000982_n02963159,1,3,0.02646828256547451,0.23511952658494314,0.876114547252655,0.05874138077100118,0.049980236838261284
7500,H8-V,474,n02963159/ILSVRC2012_val_00000982_n02963159,4,3,0.013235698764522871,0.13432671129703522,0.7375377615292867,0.034043747931718826,0.02666836977005005
7500,H8-V,474,n02963159/ILSVRC2012_val_00000982_n02963159,7,3,0.012080810343225798,0.12597956011692682,0.7042787273724874,0.031721554696559906,0.02467876672744751
7500,H8-V,474,n02963159/ILSVRC2012_val_00000982_n02963159,13,3,0.010956382378935814,0.1186858316262563,0.6755537986755371,0.029580504943927128,0.022824966659148533
7500,H8-V,474,n02963159/ILSVRC2012_val_00000982_n02963159,19,3,0.01062585630764564,0.11623256156841914,0.6684717535972595,0.028933829938371975,0.022249112526575725
7500,H8-V,475,n02965783/ILSVRC2012_val_00032105_n02965783,1,3,0.008925536026557287,0.20814444621404013,0.6615957419077555,0.03635593627889951,0.029739979654550552
7500,H8-V,475,n02965783/ILSVRC2012_val_00032105_n02965783,4,3,0.0059809864809115725,0.12003587186336517,0.5323184927304586,0.02330775869389375,0.01798457403977712
7500,H8-V,475,n02965783/ILSVRC2012_val_00032105_n02965783,7,3,0.005586499658723672,0.11396577954292297,0.5016625920931498,0.021999703720211983,0.0169830775509278
7500,H8-V,475,n02965783/ILSVRC2012_val_00032105_n02965783,13,3,0.005162229451040427,0.10768577953179677,0.4755723178386688,0.020686529576778412,0.01593080721795559
7500,H8-V,475,n02965783/ILSVRC2012_val_00032105_n02965783,19,3,0.004991946276277304,0.10432770599921544,0.4686806797981262,0.02011152356863022,0.015424717217683792
7500,H8-V,476,n02966193/ILSVRC2012_val_00009011_n02966193,1,3,0.023193043967088062,0.30339426795641583,1.3115533987681072,0.06664800519744556,0.05353247250119845
7500,H8-V,476,n02966193/ILSVRC2012_val_00009011_n02966193,4,3,0.014884870809813341,0.18155185878276825,1.1168845891952515,0.044208901623884835,0.03304005662600199
7500,H8-V,476,n02966193/ILSVRC2012_val_00009011_n02966193,7,3,0.014171254510680834,0.17559025684992471,1.0801488955815632,0.04253176972270012,0.03173028056820234
7500,H8-V,476,n02966193/ILSVRC2012_val_00009011_n02966193,13,3,0.013475278702874979,0.1695728302001953,1.0432926416397095,0.04086548710862795,0.03043256203333537
7500,H8-V,476,n02966193/ILSVRC2012_val_00009011_n02966193,19,3,0.013284634798765182,0.16718611121177673,1.0294820467631023,0.04029806703329086,0.030003245919942856
7500,H8-V,477,n02966687/ILSVRC2012_val_00007100_n02966687,1,3,0.013304688967764378,0.1778111457824707,0.9209300478299459,0.04029510294397672,0.03108580286304156
7500,H8-V,477,n02966687/ILSVRC2012_val_00007100_n02966687,4,3,0.007349296007305384,0.10711455345153809,0.7554246385892233,0.02561499799291293,0.018060751880208652
7500,H8-V,477,n02966687/ILSVRC2012_val_00007100_n02966687,7,3,0.006947256624698639,0.10261062781016032,0.7238430778185526,0.02444675068060557,0.017208319778243702
7500,H8-V,477,n02966687/ILSVRC2012_val_00007100_n02966687,13,3,0.00658897574370106,0.09841140111287434,0.6956957976023356,0.023387073849638302,0.016430115948120754
7500,H8-V,477,n02966687/ILSVRC2012_val_00007100_n02966687,19,3,0.006492842609683673,0.09786182890335719,0.6877532800038656,0.023156558473904926,0.016279025624195736
7500,H8-V,478,n02971356/ILSVRC2012_val_00041985_n02971356,1,3,0.005438382116456826,0.2007320523262024,0.6358832319577535,0.03187041978041331,0.025511587659517925
7500,H8-V,478,n02971356/ILSVRC2012_val_00041985_n02971356,4,3,0.0030163657696296773,0.13442940016587576,0.5181766351064047,0.021641071885824203,0.016459305460254352
7500,H8-V,478,n02971356/ILSVRC2012_val_00041985_n02971356,7,3,0.0027961769762138524,0.12726633250713348,0.48993560671806335,0.02042216683427493,0.015522810940941175
7500,H8-V,478,n02971356/ILSVRC2012_val_00041985_n02971356,13,3,0.0026132150863607726,0.12133446335792542,0.46713392933209735,0.019418001174926758,0.014746661918858687
7500,H8-V,478,n02971356/ILSVRC2012_val_00041985_n02971356,19,3,0.002578498019526402,0.11898284902175267,0.46303508679072064,0.019107133150100708,0.014476782642304897
7500,H8-V,479,n02974003/ILSVRC2012_val_00009164_n02974003,1,3,0.01506633311510086,0.2314038077990214,0.8601431846618652,0.0468081459403038,0.038206713895003
7500,H8-V,479,n02974003/ILSVRC2012_val_00009164_n02974003,4,3,0.011265608171621958,0.14947441716988882,0.7159231106440226,0.03337228174010912,0.026213050509492557
7500,H8-V,479,n02974003/ILSVRC2012_val_00009164_n02974003,7,3,0.01077742346872886,0.14370507498582205,0.68437393506368,0.03199166928728422,0.025147931029399235
7500,H8-V,479,n02974003/ILSVRC2012_val_00009164_n02974003,13,3,0.010294610944887003,0.13724579413731894,0.656513532002767,0.03058432477215926,0.02401918979982535
7500,H8-V,479,n02974003/ILSVRC2012_val_00009164_n02974003,19,3,0.010038704921801886,0.1336247722307841,0.6489512920379639,0.029890694965918858,0.023401182144880295
7500,H8-V,480,n02977058/ILSVRC2012_val_00011876_n02977058,1,3,0.01299825698758165,0.2921256721019745,0.561147133509318,0.04782229661941528,0.042210825408498444
7500,H8-V,480,n02977058/ILSVRC2012_val_00011876_n02977058,4,3,0.004754269340385993,0.08752671132485072,0.3736226558685303,0.017243167385458946,0.013506940876444181
7500,H8-V,480,n02977058/ILSVRC2012_val_00011876_n02977058,7,3,0.004453969032814105,0.08185178289810817,0.3462463617324829,0.016101610536376636,0.012639147229492664
7500,H8-V,480,n02977058/ILSVRC2012_val_00011876_n02977058,13,3,0.0042072793779273825,0.07737770179907481,0.3263709445794423,0.015208759034673372,0.01194504958887895
7500,H8-V,480,n02977058/ILSVRC2012_val_00011876_n02977058,19,3,0.0041311948249737425,0.07553169876337051,0.3259395162264506,0.01494375957796971,0.011684364639222622
7500,H8-V,481,n02978881/ILSVRC2012_val_00031192_n02978881,1,3,0.007596376662453015,0.1615531196196874,0.5377969940503439,0.02912965975701809,0.023751689742008846
7500,H8-V,481,n02978881/ILSVRC2012_val_00031192_n02978881,4,3,0.004086918352792661,0.11335550000270207,0.423419992129008,0.0196566687275966,0.01542246900498867
7500,H8-V,481,n02978881/ILSVRC2012_val_00031192_n02978881,7,3,0.0037413949612528086,0.10819367319345474,0.393940528233846,0.01850016787648201,0.014560762792825699
7500,H8-V,481,n02978881/ILSVRC2012_val_00031192_n02978881,13,3,0.003429882461205125,0.10175377627213796,0.369988481203715,0.017305145040154457,0.013605260290205479
7500,H8-V,481,n02978881/ILSVRC2012_val_00031192_n02978881,19,3,0.003323920536786318,0.09773932645718257,0.36554237206776935,0.01675327681005001,0.013097853399813175
7500,H8-V,482,n02979186/ILSVRC2012_val_00027735_n02979186,1,3,0.018063016856710117,0.2053332378466924,0.8226171135902405,0.04682251190145811,0.0385963407655557
7500,H8-V,482,n02979186/ILSVRC2012_val_00027735_n02979186,4,3,0.010767892313500246,0.12028877933820088,0.6811997691790262,0.02960876872142156,0.02279677117864291
7500,H8-V,482,n02979186/ILSVRC2012_val_00027735_n02979186,7,3,0.01004130175958077,0.114034799238046,0.6491259137789408,0.027936040113369625,0.021444781372944515
7500,H8-V,482,n02979186/ILSVRC2012_val_00027735_n02979186,13,3,0.009324669217069944,0.10828982790311177,0.6208837827046713,0.026362489288051922,0.020153651634852093
7500,H8-V,482,n02979186/ILSVRC2012_val_00027735_n02979186,19,3,0.009039958007633686,0.10584847629070282,0.6133602261543274,0.025758407389124233,0.01962480569879214
7500,H8-V,483,n02980441/ILSVRC2012_val_00014642_n02980441,1,3,0.007188360362003247,0.18911699453989664,0.4733636975288391,0.030833696946501732,0.02610005997121334
7500,H8-V,483,n02980441/ILSVRC2012_val_00014642_n02980441,4,3,0.003448640927672386,0.10994734366734822,0.3596230347951253,0.018039605890711147,0.014443375480671724
7500,H8-V,483,n02980441/ILSVRC2012_val_00014642_n02980441,7,3,0.0032784771950294576,0.1043587252497673,0.33185186982154846,0.017032868539293606,0.013714350139101347
7500,H8-V,483,n02980441/ILSVRC2012_val_00014642_n02980441,13,3,0.0031340180430561304,0.09772511074940364,0.3111262122790019,0.016017790883779526,0.012906529319783052
7500,H8-V,483,n02980441/ILSVRC2012_val_00014642_n02980441,19,3,0.0031087794341146946,0.0951615497469902,0.3096987108389537,0.0157219214985768,0.012624934626122316
7500,H8-V,484,n02981792/ILSVRC2012_val_00012592_n02981792,1,3,0.01069415391733249,0.22342079877853394,0.5988375544548035,0.039024610072374344,0.033036233857274055
7500,H8-V,484,n02981792/ILSVRC2012_val_00012592_n02981792,4,3,0.008048434741795063,0.12200570106506348,0.4565700888633728,0.024814706295728683,0.020249004786213238
7500,H8-V,484,n02981792/ILSVRC2012_val_00012592_n02981792,7,3,0.0077541060745716095,0.11833653847376506,0.4277706543604533,0.023865466316541035,0.019587759549419086
7500,H8-V,484,n02981792/ILSVRC2012_val_00012592_n02981792,13,3,0.007511580052475135,0.11569236467281978,0.4047396977742513,0.023128213981787365,0.01908081645766894
7500,H8-V,484,n02981792/ILSVRC2012_val_00012592_n02981792,19,3,0.007450363443543513,0.11512739459673564,0.4004893998305003,0.02296799731751283,0.018963103493054707
7500,H8-V,485,n02988304/ILSVRC2012_val_00013693_n02988304,1,3,0.015092937896649042,0.2428829918305079,1.0299134055773418,0.04968037083745003,0.039381238321463265
7500,H8-V,485,n02988304/ILSVRC2012_val_00013693_n02988304,4,3,0.009208152691523233,0.15184824168682098,0.8785115877787272,0.03317809229095777,0.024392977356910706
7500,H8-V,485,n02988304/ILSVRC2012_val_00013693_n02988304,7,3,0.008747882830599943,0.14518175522486368,0.845660944779714,0.031722668558359146,0.023266058415174484
7500,H8-V,485,n02988304/ILSVRC2012_val_00013693_n02988304,13,3,0.008364526244501272,0.14040659864743552,0.8159868319829305,0.03056505446632703,0.022405186668038368
7500,H8-V,485,n02988304/ILSVRC2012_val_00013693_n02988304,19,3,0.00827394581089417,0.13931889335314432,0.8078770438830057,0.03028460592031479,0.022205835829178493
7500,H8-V,486,n02992211/ILSVRC2012_val_00012509_n02992211,1,3,0.008624125272035599,0.19697588185469309,0.7126392324765524,0.035448106626669564,0.02832171383003394
7500,H8-V,486,n02992211/ILSVRC2012_val_00012509_n02992211,4,3,0.005231248990943034,0.1343204826116562,0.5911286274592081,0.024574582775433857,0.018663297096888225
7500,H8-V,486,n02992211/ILSVRC2012_val_00012509_n02992211,7,3,0.004742108440647523,0.1264143039782842,0.5612603624661764,0.022996142506599426,0.017383538807431858
7500,H8-V,486,n02992211/ILSVRC2012_val_00012509_n02992211,13,3,0.00439202847580115,0.11948446184396744,0.5366803208986918,0.02170727774500847,0.01634047490855058
7500,H8-V,486,n02992211/ILSVRC2012_val_00012509_n02992211,19,3,0.004322427169730266,0.11800957471132278,0.5323563615481058,0.021446948871016502,0.016123384858171146
7500,H8-V,487,n02992529/ILSVRC2012_val_00036024_n02992529,1,3,0.007924487659086784,0.16860502461592355,0.3839074869950612,0.028624063978592556,0.02478499027589957
7500,H8-V,487,n02992529/ILSVRC2012_val_00036024_n02992529,4,3,0.003522675639639298,0.08049391706784566,0.26508257786432904,0.014222892932593822,0.011572067315379778
7500,H8-V,487,n02992529/ILSVRC2012_val_00036024_n02992529,7,3,0.0032711567667623362,0.07413388540347417,0.2395118921995163,0.013079664669930935,0.01068454577277104
7500,H8-V,487,n02992529/ILSVRC2012_val_00036024_n02992529,13,3,0.003054784998918573,0.06870098412036896,0.2209908366203308,0.012134791972736517,0.009924883643786112
7500,H8-V,487,n02992529/ILSVRC2012_val_00036024_n02992529,19,3,0.0029970951533565917,0.06671865036090215,0.2204209864139557,0.011873170423010984,0.009668960236012936
7500,H8-V,488,n02999410/ILSVRC2012_val_00018148_n02999410,1,3,0.015725210309028625,0.2331827829281489,0.9178979595502218,0.048222469786802925,0.03904348984360695
7500,H8-V,488,n02999410/ILSVRC2012_val_00018148_n02999410,4,3,0.009376541711390018,0.1438744217157364,0.7638606627782186,0.031402590995033584,0.023763983820875485
7500,H8-V,488,n02999410/ILSVRC2012_val_00018148_n02999410,7,3,0.008741827060778936,0.1370284010966619,0.7324815193812052,0.02976948209106922,0.022444667294621468
7500,H8-V,488,n02999410/ILSVRC2012_val_00018148_n02999410,13,3,0.008097353080908457,0.12831495702266693,0.7034042080243429,0.027962890764077503,0.02092884915570418
7500,H8-V,488,n02999410/ILSVRC2012_val_00018148_n02999410,19,3,0.007867290638387203,0.12547348191340765,0.69444340467453,0.027359073360761006,0.020414639885226887
7500,H8-V,489,n03000134/ILSVRC2012_val_00048776_n03000134,1,3,0.005976680355767409,0.18044354021549225,0.48345013459523517,0.02885553737481435,0.024021035060286522
7500,H8-V,489,n03000134/ILSVRC2012_val_00048776_n03000134,4,3,0.0034712788183242083,0.10711577783028285,0.3685395320256551,0.017868251850207646,0.014182856616874536
7500,H8-V,489,n03000134/ILSVRC2012_val_00048776_n03000134,7,3,0.003272147305930654,0.10404928773641586,0.3405205011367798,0.01708228203157584,0.013677076747020086
7500,H8-V,489,n03000134/ILSVRC2012_val_00048776_n03000134,13,3,0.0031189456737289825,0.10074618955453236,0.32115206122398376,0.01640508572260539,0.01319356511036555
7500,H8-V,489,n03000134/ILSVRC2012_val_00048776_n03000134,19,3,0.0031071663834154606,0.09813378502925237,0.32234807809193927,0.016144026070833206,0.012920545414090157
7500,H8-V,490,n03000247/ILSVRC2012_val_00015584_n03000247,1,3,0.011563035969932875,0.24954445660114288,0.4927382469177246,0.04144486412405968,0.03651748225092888
7500,H8-V,490,n03000247/ILSVRC2012_val_00015584_n03000247,4,3,0.008263897150754929,0.15014961858590445,0.3624364733695984,0.026903224488099415,0.02327885975440343
7500,H8-V,490,n03000247/ILSVRC2012_val_00015584_n03000247,7,3,0.007976143310467402,0.143232191602389,0.3365009625752767,0.025664372990528744,0.022299362967411678
7500,H8-V,490,n03000247/ILSVRC2012_val_00015584_n03000247,13,3,0.007742238696664572,0.13694285353024802,0.3171193798383077,0.024607717990875244,0.021436524266997974
7500,H8-V,490,n03000247/ILSVRC2012_val_00015584_n03000247,19,3,0.007661995167533557,0.13576686878999075,0.3170614043871562,0.024409296611944836,0.02123868279159069
7500,H8-V,491,n03000684/ILSVRC2012_val_00043196_n03000684,1,3,0.018726896494627,0.2651962637901306,0.7803761959075928,0.05305028582612673,0.045246524115403496
7500,H8-V,491,n03000684/ILSVRC2012_val_00043196_n03000684,4,3,0.011298367443184057,0.13117561240990958,0.6404125094413757,0.030820053691665333,0.02441592887043953
7500,H8-V,491,n03000684/ILSVRC2012_val_00043196_n03000684,7,3,0.010749695512155691,0.12739548087120056,0.6088215907414755,0.029577459519108135,0.02348924366136392
7500,H8-V,491,n03000684/ILSVRC2012_val_00043196_n03000684,13,3,0.010266602349778017,0.12323230256636937,0.5818684498469034,0.028408517440160114,0.0225898331652085
7500,H8-V,491,n03000684/ILSVRC2012_val_00043196_n03000684,19,3,0.010094177598754564,0.12232367942730586,0.5745025873184204,0.028071570520599682,0.02232654516895612
7500,H8-V,492,n03014705/ILSVRC2012_val_00048599_n03014705,1,3,0.017376344030102093,0.19054356714089712,0.9079700311024984,0.04551040132840475,0.03643070161342621
7500,H8-V,492,n03014705/ILSVRC2012_val_00048599_n03014705,4,3,0.010375826309124628,0.12409693002700806,0.7573578755060831,0.030359098066886265,0.022785518939296406
7500,H8-V,492,n03014705/ILSVRC2012_val_00048599_n03014705,7,3,0.009799923126896223,0.11863642185926437,0.72494504849116,0.028913015499711037,0.021663565188646317
7500,H8-V,492,n03014705/ILSVRC2012_val_00048599_n03014705,13,3,0.00930598626534144,0.11322476714849472,0.6973901987075806,0.027602364619572956,0.02062846285601457
7500,H8-V,492,n03014705/ILSVRC2012_val_00048599_n03014705,19,3,0.0092211722706755,0.11142111817995708,0.6915016571680704,0.027278300374746323,0.020363284274935722
7500,H8-V,493,n03016953/ILSVRC2012_val_00014557_n03016953,1,3,0.006838539770493905,0.18430340786774954,0.49937434991200763,0.030262624224026997,0.025268880650401115
7500,H8-V,493,n03016953/ILSVRC2012_val_00014557_n03016953,4,3,0.0030648924876004457,0.08749102304379146,0.3765066663424174,0.015579061272243658,0.011813994807501635
7500,H8-V,493,n03016953/ILSVRC2012_val_00014557_n03016953,7,3,0.0028888899056861797,0.08344900111357371,0.3500329951445262,0.01473411979774634,0.011233789846301079
7500,H8-V,493,n03016953/ILSVRC2012_val_00014557_n03016953,13,3,0.002705741828928391,0.0793129230539004,0.33066607515017193,0.013943695463240147,0.01063703466206789
7500,H8-V,493,n03016953/ILSVRC2012_val_00014557_n03016953,19,3,0.0026010362586627402,0.07701596866051356,0.3306194444497426,0.013608827566107115,0.01030263335754474
7500,H8-V,494,n03017168/ILSVRC2012_val_00041338_n03017168,1,3,0.016850929086407024,0.2076097031434377,0.4401390552520752,0.04201329002777735,0.037611898655692734
7500,H8-V,494,n03017168/ILSVRC2012_val_00041338_n03017168,4,3,0.005421213495234649,0.09501938770214717,0.3038201530774434,0.01796135368446509,0.014923151892920336
7500,H8-V,494,n03017168/ILSVRC2012_val_00041338_n03017168,7,3,0.004308718256652355,0.08527628084023793,0.27539626757303876,0.015590309786299864,0.012836347023646036
7500,H8-V,494,n03017168/ILSVRC2012_val_00041338_n03017168,13,3,0.0036325874583174786,0.0804910163084666,0.2556607127189636,0.014238296387096247,0.01168168925990661
7500,H8-V,494,n03017168/ILSVRC2012_val_00041338_n03017168,19,3,0.0032817068664977946,0.07280574242273967,0.2559252281983693,0.013121533518036207,0.010562281124293804
7500,H8-V,495,n03018349/ILSVRC2012_val_00021012_n03018349,1,3,0.0147112887352705,0.17591149608294168,0.8354063034057617,0.04065650204817454,0.03230243859191736
7500,H8-V,495,n03018349/ILSVRC2012_val_00021012_n03018349,4,3,0.01047431460271279,0.12694848080476126,0.7015316088994344,0.03018447880943616,0.023169162993629772
7500,H8-V,495,n03018349/ILSVRC2012_val_00021012_n03018349,7,3,0.010010368811587492,0.12235740075508754,0.6705079277356466,0.02895118792851766,0.022246109321713448
7500,H8-V,495,n03018349/ILSVRC2012_val_00021012_n03018349,13,3,0.009626747419436773,0.1179669847091039,0.644415537516276,0.027867600942651432,0.021423446014523506
7500,H8-V,495,n03018349/ILSVRC2012_val_00021012_n03018349,19,3,0.009556280759473642,0.11724237352609634,0.6390825708707174,0.027671342715620995,0.021280517801642418
7500,H8-V,496,n03026506/ILSVRC2012_val_00045066_n03026506,1,3,0.023274689291914303,0.2205164134502411,0.9325933853785197,0.054652263720830284,0.045326331009467445
7500,H8-V,496,n03026506/ILSVRC2012_val_00045066_n03026506,4,3,0.015379155054688454,0.13843422631422678,0.7794106801350912,0.037016684810320534,0.029222578431169193
7500,H8-V,496,n03026506/ILSVRC2012_val_00045066_n03026506,7,3,0.014797769486904144,0.1335116277138392,0.747660756111145,0.035625538478295006,0.02814893176158269
7500,H8-V,496,n03026506/ILSVRC2012_val_00045066_n03026506,13,3,0.014271782090266546,0.1281276742617289,0.7205846905708313,0.034290396918853126,0.02708454926808675
7500,H8-V,496,n03026506/ILSVRC2012_val_00045066_n03026506,19,3,0.014094784234960874,0.12716723481814066,0.715020994345347,0.03396171952287356,0.026811509082714718
7500,H8-V,497,n03028079/ILSVRC2012_val_00046232_n03028079,1,3,0.006029247616728147,0.17122806111971536,0.6325227816899618,0.029477281495928764,0.023152053977052372
7500,H8-V,497,n03028079/ILSVRC2012_val_00046232_n03028079,4,3,0.004216484104593595,0.12742425749699274,0.5376125574111938,0.02233503634730975,0.01695891035099824
7500,H8-V,497,n03028079/ILSVRC2012_val_00046232_n03028079,7,3,0.0039555467665195465,0.11938255776961644,0.5090881586074829,0.020984684427579243,0.015893802667657535
7500,H8-V,497,n03028079/ILSVRC2012_val_00046232_n03028079,13,3,0.00371130780937771,0.1125725731253624,0.48630110422770184,0.01983157607416312,0.014968565354744593
7500,H8-V,497,n03028079/ILSVRC2012_val_00046232_n03028079,19,3,0.0036191513451437154,0.11150063574314117,0.4831174413363139,0.01960039014617602,0.014769215447207292
7500,H8-V,498,n03032252/ILSVRC2012_val_00034704_n03032252,1,3,0.019443005944291752,0.2429407238960266,0.8352266152699789,0.05208934719363848,0.04373708118995031
7500,H8-V,498,n03032252/ILSVRC2012_val_00034704_n03032252,4,3,0.012997668236494064,0.1513387362162272,0.7013747890790304,0.035145290195941925,0.02813154210646947
7500,H8-V,498,n03032252/ILSVRC2012_val_00034704_n03032252,7,3,0.012519505495826403,0.1442055106163025,0.671398381392161,0.03365404034654299,0.026940057054162025
7500,H8-V,498,n03032252/ILSVRC2012_val_00034704_n03032252,13,3,0.012091119463245073,0.13761837780475616,0.6450636784235636,0.032303594052791595,0.025852957119544346
7500,H8-V,498,n03032252/ILSVRC2012_val_00034704_n03032252,19,3,0.011979452023903528,0.13549624880154928,0.6389998396237692,0.03191907579700152,0.025529077276587486
7500,H8-V,499,n03041632/ILSVRC2012_val_00004379_n03041632,1,3,0.014889882877469063,0.23996934791405997,1.028622309366862,0.04917304093639056,0.0388868177930514
7500,H8-V,499,n03041632/ILSVRC2012_val_00004379_n03041632,4,3,0.008234037086367607,0.14875145256519318,0.8852296074231466,0.03196147829294205,0.023109182715415955
7500,H8-V,499,n03041632/ILSVRC2012_val_00004379_n03041632,7,3,0.007650469585011403,0.14180841545263925,0.8525523742039999,0.030356834332148235,0.021831311285495758
7500,H8-V,499,n03041632/ILSVRC2012_val_00004379_n03041632,13,3,0.007151768387605746,0.13507263362407684,0.8217538396517435,0.028876570363839466,0.020659031967322033
7500,H8-V,499,n03041632/ILSVRC2012_val_00004379_n03041632,19,3,0.007025055742512147,0.13326826194922128,0.81144251426061,0.028466306626796722,0.020351881782213848
7500,H8-V,500,n03042490/ILSVRC2012_val_00021502_n03042490,1,3,0.023191751912236214,0.26093906660874683,1.3954222202301025,0.06323987990617752,0.04928565894563993
7500,H8-V,500,n03042490/ILSVRC2012_val_00021502_n03042490,4,3,0.01677539510031541,0.19367975493272147,1.2457791964213054,0.04860116293032964,0.036143371214469276
7500,H8-V,500,n03042490/ILSVRC2012_val_00021502_n03042490,7,3,0.015857631340622902,0.18756536642710367,1.2070732116699219,0.046684899677832924,0.03461416810750961
7500,H8-V,500,n03042490/ILSVRC2012_val_00021502_n03042490,13,3,0.014913413984080156,0.1820544401804606,1.1691852410634358,0.04481071109573046,0.03311885893344879
7500,H8-V,500,n03042490/ILSVRC2012_val_00021502_n03042490,19,3,0.014427466318011284,0.178007905681928,1.1567490498224895,0.04379574706157049,0.032228256265322365
7500,H8-V,501,n03045698/ILSVRC2012_val_00027135_n03045698,1,3,0.019993117700020473,0.22731698552767435,0.8659088810284933,0.05138390387097994,0.04272481550772985
7500,H8-V,501,n03045698/ILSVRC2012_val_00027135_n03045698,4,3,0.011873427468041578,0.14854409794012705,0.7242681781450907,0.033970518658558525,0.026727837199966114
7500,H8-V,501,n03045698/ILSVRC2012_val_00027135_n03045698,7,3,0.011257561855018139,0.1428135335445404,0.6914608478546143,0.03245352332790693,0.025538915147384007
7500,H8-V,501,n03045698/ILSVRC2012_val_00027135_n03045698,13,3,0.01066830816368262,0.13539553682009378,0.6631930073102316,0.030839792763193447,0.024207862714926403
7500,H8-V,501,n03045698/ILSVRC2012_val_00027135_n03045698,19,3,0.010455848649144173,0.13111005226771036,0.6557409167289734,0.03012426259617011,0.02356685387591521
7500,H8-V,502,n03047690/ILSVRC2012_val_00021516_n03047690,1,3,0.009364248098184666,0.15065749486287436,0.394163856903712,0.028371636445323627,0.02442999742925167
7500,H8-V,502,n03047690/ILSVRC2012_val_00021516_n03047690,4,3,0.003942402002091209,0.07103786865870158,0.28838519255320233,0.01393004103253285,0.011046189193924269
7500,H8-V,502,n03047690/ILSVRC2012_val_00021516_n03047690,7,3,0.003583107376471162,0.06547737369934718,0.2617347439130147,0.012748192064464092,0.01013084469983975
7500,H8-V,502,n03047690/ILSVRC2012_val_00021516_n03047690,13,3,0.003277501091361046,0.0612147773305575,0.24276495973269144,0.011826628198226294,0.009398978824416796
7500,H8-V,502,n03047690/ILSVRC2012_val_00021516_n03047690,19,3,0.003188729053363204,0.05987828100721041,0.24278257290522257,0.011604382656514645,0.009176556952297688
7500,H8-V,503,n03062245/ILSVRC2012_val_00028278_n03062245,1,3,0.005584032740443945,0.19981345534324646,0.5463085571924845,0.03102846381564935,0.025565378988782566
7500,H8-V,503,n03062245/ILSVRC2012_val_00028278_n03062245,4,3,0.003220328207438191,0.12220029284556706,0.4245476226011912,0.019685834025343258,0.015440357849001884
7500,H8-V,503,n03062245/ILSVRC2012_val_00028278_n03062245,7,3,0.0030027382696668306,0.117050401866436,0.3977843125661214,0.018685621519883473,0.014707778890927633
7500,H8-V,503,n03062245/ILSVRC2012_val_00028278_n03062245,13,3,0.0028352173200498023,0.1109803169965744,0.37842021385828656,0.017717451478044193,0.0139332494388024
7500,H8-V,503,n03062245/ILSVRC2012_val_00028278_n03062245,19,3,0.00281321513466537,0.10919992129007976,0.37848836183547974,0.017518090705076855,0.013733207248151302
7500,H8-V,504,n03063599/ILSVRC2012_val_00010622_n03063599,1,3,0.008625686323891083,0.15667669475078583,0.40316639343897503,0.028325020025173824,0.024293356264630955
7500,H8-V,504,n03063599/ILSVRC2012_val_00010622_n03063599,4,3,0.002280464395880699,0.059870204577843346,0.27279072999954224,0.010995392066737017,0.008267484605312347
7500,H8-V,504,n03063599/ILSVRC2012_val_00010622_n03063599,7,3,0.0020211461621026197,0.0554347907503446,0.2454450229803721,0.010019075435896715,0.007564625392357509
7500,H8-V,504,n03063599/ILSVRC2012_val_00010622_n03063599,13,3,0.0018098398577421904,0.051477580020825066,0.22735388576984406,0.009231137111783028,0.006957598030567169
7500,H8-V,504,n03063599/ILSVRC2012_val_00010622_n03063599,19,3,0.0017713442211970687,0.05065004155039787,0.2299793561299642,0.00913614189873139,0.006836348523696263
7500,H8-V,505,n03063689/ILSVRC2012_val_00012589_n03063689,1,3,0.00531793183957537,0.1854002277056376,0.4829522669315338,0.028687477111816406,0.023857954268654186
7500,H8-V,505,n03063689/ILSVRC2012_val_00012589_n03063689,4,3,0.0031083638314157724,0.11476017038027446,0.37265901764233905,0.018310970316330593,0.014584380512436232
7500,H8-V,505,n03063689/ILSVRC2012_val_00012589_n03063689,7,3,0.002880395855754614,0.11047351857026418,0.34530431032180786,0.017380791405836742,0.01392774780591329
7500,H8-V,505,n03063689/ILSVRC2012_val_00012589_n03063689,13,3,0.0026561730386068425,0.10460771371920903,0.3248937626679738,0.016365882630149525,0.013116944581270218
7500,H8-V,505,n03063689/ILSVRC2012_val_00012589_n03063689,19,3,0.002572367200627923,0.10028974215189616,0.3243994116783142,0.01584533539911111,0.01260134174178044
7500,H8-V,506,n03065424/ILSVRC2012_val_00040791_n03065424,1,3,0.01774897426366806,0.18432574470837912,0.6162660717964172,0.04234421129028002,0.03618155047297478
7500,H8-V,506,n03065424/ILSVRC2012_val_00040791_n03065424,4,3,0.012359147580961386,0.1038863758246104,0.48487816254297894,0.027596566826105118,0.022747785473863285
7500,H8-V,506,n03065424/ILSVRC2012_val_00040791_n03065424,7,3,0.011817284238835176,0.09948394944270451,0.4568103651205699,0.026333782821893692,0.021765679121017456
7500,H8-V,506,n03065424/ILSVRC2012_val_00040791_n03065424,13,3,0.011300507312019667,0.0939628928899765,0.4357363084952037,0.0250541598846515,0.02069679709772269
7500,H8-V,506,n03065424/ILSVRC2012_val_00040791_n03065424,19,3,0.011110584251582623,0.09059415757656097,0.43436705072720844,0.024513669932881992,0.020169999450445175
7500,H8-V,507,n03075370/ILSVRC2012_val_00020842_n03075370,1,3,0.0064253016995886965,0.1832015017668406,0.6244087417920431,0.030989539499084156,0.024745453149080276
7500,H8-V,507,n03075370/ILSVRC2012_val_00020842_n03075370,4,3,0.0031250265116492906,0.10458615670601527,0.5121630827585856,0.018705273667971294,0.013583642430603504
7500,H8-V,507,n03075370/ILSVRC2012_val_00020842_n03075370,7,3,0.0028400167357176542,0.09972363462050755,0.4822242061297099,0.017634622752666473,0.01281238067895174
7500,H8-V,507,n03075370/ILSVRC2012_val_00020842_n03075370,13,3,0.002594348586474856,0.09568243225415547,0.4588700036207835,0.01675129309296608,0.012162592262029648
7500,H8-V,507,n03075370/ILSVRC2012_val_00020842_n03075370,19,3,0.002526309806853533,0.09444661686817805,0.4557735125223796,0.016528706376751263,0.011970971710979939
7500,H8-V,508,n03085013/ILSVRC2012_val_00015382_n03085013,1,3,0.008005719942351183,0.19378803173700967,0.7068295081456503,0.034452818954984345,0.027384523923198383
7500,H8-V,508,n03085013/ILSVRC2012_val_00015382_n03085013,4,3,0.004488237046947082,0.11580427487691243,0.5629098812739054,0.021697763353586197,0.016068664689858753
7500,H8-V,508,n03085013/ILSVRC2012_val_00015382_n03085013,7,3,0.004194232790420453,0.10983989139397939,0.5323350032170614,0.02050157201786836,0.015178222209215164
7500,H8-V,508,n03085013/ILSVRC2012_val_00015382_n03085013,13,3,0.0039666675341626005,0.10392658909161885,0.5085968573888143,0.019445295135180157,0.014359326722721258
7500,H8-V,508,n03085013/ILSVRC2012_val_00015382_n03085013,19,3,0.003957945077369611,0.1023883322874705,0.5059823195139567,0.019256601110100746,0.014196778337160746
7500,H8-V,509,n03089624/ILSVRC2012_val_00024403_n03089624,1,3,0.029632503166794777,0.29238055149714154,1.7875502109527588,0.07674606144428253,0.05887055893739065
7500,H8-V,509,n03089624/ILSVRC2012_val_00024403_n03089624,4,3,0.0216846310844024,0.22806650896867117,1.6153683265050252,0.060644964377085366,0.044491282353798546
7500,H8-V,509,n03089624/ILSVRC2012_val_00024403_n03089624,7,3,0.020612319310506184,0.22043673694133759,1.5753034750620525,0.0584090289970239,0.04265599325299263
7500,H8-V,509,n03089624/ILSVRC2012_val_00024403_n03089624,13,3,0.01957687797645728,0.21041305859883627,1.5341869990030925,0.05596005544066429,0.040618184953927994
7500,H8-V,509,n03089624/ILSVRC2012_val_00024403_n03089624,19,3,0.019227313498655956,0.2080186903476715,1.5194520552953084,0.055223703384399414,0.04002918303012848
7500,H8-V,510,n03095699/ILSVRC2012_val_00001339_n03095699,1,3,0.011730325097839037,0.2377516825993856,0.8101731340090433,0.04360722377896309,0.03550549348195394
7500,H8-V,510,n03095699/ILSVRC2012_val_00001339_n03095699,4,3,0.00788920403768619,0.16536831359068552,0.6796701351801554,0.031222736462950706,0.024426035583019257
7500,H8-V,510,n03095699/ILSVRC2012_val_00001339_n03095699,7,3,0.007439336273819208,0.15881233910719553,0.6482590238253275,0.02980315995713075,0.02332056996723016
7500,H8-V,510,n03095699/ILSVRC2012_val_00001339_n03095699,13,3,0.007072832124928634,0.15197747945785522,0.6227324406305949,0.02849790391822656,0.022270580132802326
7500,H8-V,510,n03095699/ILSVRC2012_val_00001339_n03095699,19,3,0.006986499764025211,0.14927493035793304,0.6182218591372172,0.028096212074160576,0.021913993482788403
7500,H8-V,511,n03100240/ILSVRC2012_val_00019647_n03100240,1,3,0.014443044861157736,0.1955860604842504,0.7347820003827413,0.04134947061538696,0.03400165090958277
7500,H8-V,511,n03100240/ILSVRC2012_val_00019647_n03100240,4,3,0.010364909966786703,0.14222597579161325,0.6169832150141398,0.03075733905037244,0.024587507049242657
7500,H8-V,511,n03100240/ILSVRC2012_val_00019647_n03100240,7,3,0.009751660749316216,0.1354502042134603,0.5857032934824625,0.029153713956475258,0.023296681543191273
7500,H8-V,511,n03100240/ILSVRC2012_val_00019647_n03100240,13,3,0.009137360999981562,0.1276061087846756,0.5599648356437683,0.02749762001136939,0.021897971630096436
7500,H8-V,511,n03100240/ILSVRC2012_val_00019647_n03100240,19,3,0.008845052992304167,0.12249805778265,0.554853598276774,0.026643394803007443,0.021094858646392822
7500,H8-V,512,n03109150/ILSVRC2012_val_00025609_n03109150,1,3,0.008107637520879507,0.17729403575261435,0.5581849614779154,0.03141889038185278,0.025837041437625885
7500,H8-V,512,n03109150/ILSVRC2012_val_00025609_n03109150,4,3,0.003786902641877532,0.09748255213101704,0.4343898892402649,0.01787905643383662,0.013535157777369022
7500,H8-V,512,n03109150/ILSVRC2012_val_00025609_n03109150,7,3,0.0035469902213662863,0.09418890128533046,0.4056936303774516,0.017022816464304924,0.012965880644818148
7500,H8-V,512,n03109150/ILSVRC2012_val_00025609_n03109150,13,3,0.003356715120996038,0.08835271994272868,0.3831820487976074,0.01602380784849326,0.012191987286011377
7500,H8-V,512,n03109150/ILSVRC2012_val_00025609_n03109150,19,3,0.003310844457397858,0.08427418768405914,0.379716436068217,0.015535427878300348,0.011738263381024202
7500,H8-V,513,n03110669/ILSVRC2012_val_00015433_n03110669,1,3,0.015113305300474167,0.1397731602191925,0.6209189494450887,0.03529981027046839,0.029090620577335358
7500,H8-V,513,n03110669/ILSVRC2012_val_00015433_n03110669,4,3,0.007263203617185354,0.06593800336122513,0.490487664937973,0.018761880074938137,0.01385700392226378
7500,H8-V,513,n03110669/ILSVRC2012_val_00015433_n03110669,7,3,0.006725568324327469,0.06142581378420194,0.46093464891115826,0.017477496216694515,0.012868149826924006
7500,H8-V,513,n03110669/ILSVRC2012_val_00015433_n03110669,13,3,0.006211462120215098,0.05687009170651436,0.4369458754857381,0.016267929847041767,0.011898471352954706
7500,H8-V,513,n03110669/ILSVRC2012_val_00015433_n03110669,19,3,0.006006907982130845,0.054240244130293526,0.432307889064153,0.015754011149207752,0.011430932519336542
7500,H8-V,514,n03124043/ILSVRC2012_val_00034264_n03124043,1,3,0.007836986022690931,0.25916026532649994,0.8179115056991577,0.0419321283698082,0.0337530126174291
7500,H8-V,514,n03124043/ILSVRC2012_val_00034264_n03124043,4,3,0.0041717713077863055,0.16881152987480164,0.6748126943906149,0.02780105235675971,0.021052924916148186
7500,H8-V,514,n03124043/ILSVRC2012_val_00034264_n03124043,7,3,0.00386903357381622,0.15910766025384268,0.6442920764287313,0.026222720742225647,0.01977980074783166
7500,H8-V,514,n03124043/ILSVRC2012_val_00034264_n03124043,13,3,0.0035800853899369636,0.14959539969762167,0.6179643472035726,0.02471926932533582,0.0185396255304416
7500,H8-V,514,n03124043/ILSVRC2012_val_00034264_n03124043,19,3,0.0035038274557640157,0.1457325518131256,0.6110462546348572,0.024187545602520306,0.018077082311113674
7500,H8-V,515,n03124170/ILSVRC2012_val_00013839_n03124170,1,3,0.0052053591546912985,0.09233194589614868,0.2855440378189087,0.01729399369408687,0.014438553402821222
7500,H8-V,515,n03124170/ILSVRC2012_val_00013839_n03124170,4,3,0.002671618635455767,0.04838499799370766,0.21262720227241516,0.009636390954256058,0.007510118652135134
7500,H8-V,515,n03124170/ILSVRC2012_val_00013839_n03124170,7,3,0.0024093660370757184,0.04300334180394808,0.18644607563813528,0.008574160747230053,0.006709700139860312
7500,H8-V,515,n03124170/ILSVRC2012_val_00013839_n03124170,13,3,0.002214337233453989,0.039450558523337044,0.16870335737864176,0.007846426373968521,0.00615939296161135
7500,H8-V,515,n03124170/ILSVRC2012_val_00013839_n03124170,19,3,0.0021456362058719,0.038006965070962906,0.17059106628100076,0.007652243133634329,0.005946332588791847
7500,H8-V,516,n03125729/ILSVRC2012_val_00044994_n03125729,1,3,0.012521238687137762,0.23367858429749808,0.7357157071431478,0.043246254324913025,0.035889096558094025
7500,H8-V,516,n03125729/ILSVRC2012_val_00044994_n03125729,4,3,0.005634577789654334,0.12656288345654806,0.6025526523590088,0.024316392838954926,0.018290866166353226
7500,H8-V,516,n03125729/ILSVRC2012_val_00044994_n03125729,7,3,0.005125655326992273,0.1180950328707695,0.5706464846928915,0.02264162277181943,0.016935158520936966
7500,H8-V,516,n03125729/ILSVRC2012_val_00044994_n03125729,13,3,0.004602062205473582,0.10874232898155849,0.5444485346476237,0.020920780797799427,0.015476295414070288
7500,H8-V,516,n03125729/ILSVRC2012_val_00044994_n03125729,19,3,0.004477166260282199,0.10559181372324626,0.5401456753412882,0.020437803740302723,0.015036347632606825
7500,H8-V,517,n03126707/ILSVRC2012_val_00043871_n03126707,1,3,0.010035010986030102,0.17442253728707632,0.3242739240328471,0.030720004811882973,0.027477265646060307
7500,H8-V,517,n03126707/ILSVRC2012_val_00043871_n03126707,4,3,0.006808622740209103,0.07845505823691686,0.2243495980898539,0.01689762497941653,0.014654129122694334
7500,H8-V,517,n03126707/ILSVRC2012_val_00043871_n03126707,7,3,0.00657467870041728,0.0741758868098259,0.19934499760468802,0.0159857173760732,0.013992267660796642
7500,H8-V,517,n03126707/ILSVRC2012_val_00043871_n03126707,13,3,0.006387802151342233,0.06833772361278534,0.18100674947102866,0.015031642280519009,0.01322157463679711
7500,H8-V,517,n03126707/ILSVRC2012_val_00043871_n03126707,19,3,0.0063336182696123915,0.06462565809488297,0.17942137519518533,0.014590397787590822,0.012796184048056602
7500,H8-V,518,n03127747/ILSVRC2012_val_00006425_n03127747,1,3,0.01270615557829539,0.1386457085609436,0.41713258624076843,0.030742052321632702,0.026570726186037064
7500,H8-V,518,n03127747/ILSVRC2012_val_00006425_n03127747,4,3,0.005919783686598142,0.06843869388103485,0.30621352791786194,0.015825788490474224,0.012763652950525284
7500,H8-V,518,n03127747/ILSVRC2012_val_00006425_n03127747,7,3,0.005470150150358677,0.06457556287447612,0.27817683418591815,0.014709475139776865,0.011927706810335318
7500,H8-V,518,n03127747/ILSVRC2012_val_00006425_n03127747,13,3,0.005123487518479426,0.061894567062457405,0.25720611214637756,0.013885005377233028,0.011312944504121939
7500,H8-V,518,n03127747/ILSVRC2012_val_00006425_n03127747,19,3,0.005036727990955114,0.06077946598331133,0.2555043896039327,0.013669718677798906,0.011114674930771192
7500,H8-V,519,n03127925/ILSVRC2012_val_00047344_n03127925,1,3,0.011324158559242884,0.2555968066056569,0.6560824712117513,0.04344466452797254,0.036883839716513954
7500,H8-V,519,n03127925/ILSVRC2012_val_00047344_n03127925,4,3,0.006711374657849471,0.15374672412872314,0.5287308692932129,0.027373354882001877,0.0220860472569863
7500,H8-V,519,n03127925/ILSVRC2012_val_00047344_n03127925,7,3,0.006268304617454608,0.14412804444630942,0.5005136728286743,0.025686246032516163,0.02068110927939415
7500,H8-V,519,n03127925/ILSVRC2012_val_00047344_n03127925,13,3,0.005889204641183217,0.13690637052059174,0.47886449098587036,0.024368487298488617,0.019579842686653137
7500,H8-V,519,n03127925/ILSVRC2012_val_00047344_n03127925,19,3,0.005798787654687961,0.13506674269835153,0.47689229249954224,0.024074385563532513,0.01930546263853709
7500,H8-V,520,n03131574/ILSVRC2012_val_00045370_n03131574,1,3,0.008846232201904058,0.16508191327253977,0.46719785531361896,0.030026401703556378,0.02535442387064298
7500,H8-V,520,n03131574/ILSVRC2012_val_00045370_n03131574,4,3,0.0045067920970420046,0.08292178312937419,0.3502042889595032,0.016301012908418972,0.012798970254758993
7500,H8-V,520,n03131574/ILSVRC2012_val_00045370_n03131574,7,3,0.004168688009182612,0.0776953895886739,0.3215559422969818,0.015153786167502403,0.011938227030138174
7500,H8-V,520,n03131574/ILSVRC2012_val_00045370_n03131574,13,3,0.003866402432322502,0.07264737784862518,0.30152074495951336,0.014146347840627035,0.011131140403449535
7500,H8-V,520,n03131574/ILSVRC2012_val_00045370_n03131574,19,3,0.0037880034651607275,0.07144991308450699,0.30237576365470886,0.013956752295295397,0.010932994696001211
7500,H8-V,521,n03133878/ILSVRC2012_val_00029502_n03133878,1,3,0.011010339794059595,0.25199440121650696,0.6895102262496948,0.04310488204161326,0.03620978072285652
7500,H8-V,521,n03133878/ILSVRC2012_val_00029502_n03133878,4,3,0.006082643444339435,0.15637368460496268,0.5512694915135702,0.027232707167665165,0.02172001264989376
7500,H8-V,521,n03133878/ILSVRC2012_val_00029502_n03133878,7,3,0.005641965040316184,0.14846416314442953,0.5217397014300028,0.025705778350432713,0.020488381385803223
7500,H8-V,521,n03133878/ILSVRC2012_val_00029502_n03133878,13,3,0.005230361906190713,0.1403184582789739,0.4973580837249756,0.024235788732767105,0.01926220829288165
7500,H8-V,521,n03133878/ILSVRC2012_val_00029502_n03133878,19,3,0.005105596035718918,0.13694308201471964,0.4924256404240926,0.023724160467584927,0.018799904113014538
7500,H8-V,522,n03134739/ILSVRC2012_val_00035923_n03134739,1,3,0.01840335751573245,0.20119712253411612,0.8385684092839559,0.04690875485539436,0.03852307051420212
7500,H8-V,522,n03134739/ILSVRC2012_val_00035923_n03134739,4,3,0.012263619961837927,0.12541608760754266,0.7050118843714396,0.031855348497629166,0.02480522853632768
7500,H8-V,522,n03134739/ILSVRC2012_val_00035923_n03134739,7,3,0.011518650688230991,0.11712302267551422,0.6732682784398397,0.029963635529081028,0.02323095252116521
7500,H8-V,522,n03134739/ILSVRC2012_val_00035923_n03134739,13,3,0.010824077452222506,0.10995536545912425,0.6469539006551107,0.028289152930180233,0.021819614494840305
7500,H8-V,522,n03134739/ILSVRC2012_val_00035923_n03134739,19,3,0.010644850941995779,0.10576640317837398,0.6402612924575806,0.027624104792873066,0.02122149181862672
7500,H8-V,523,n03141823/ILSVRC2012_val_00013219_n03141823,1,3,0.006150169298052788,0.16511748234430948,0.41900282104810077,0.026851945246259373,0.02266191691160202
7500,H8-V,523,n03141823/ILSVRC2012_val_00013219_n03141823,4,3,0.0034889610639462867,0.09457249691088994,0.3294611871242523,0.01624082277218501,0.012946211112042269
7500,H8-V,523,n03141823/ILSVRC2012_val_00013219_n03141823,7,3,0.0032852920703589916,0.08932691315809886,0.30101043979326886,0.015228087703386942,0.012217983603477478
7500,H8-V,523,n03141823/ILSVRC2012_val_00013219_n03141823,13,3,0.003117814427241683,0.08313549806674321,0.28036795059839886,0.014235043587783972,0.011431364342570305
7500,H8-V,523,n03141823/ILSVRC2012_val_00013219_n03141823,19,3,0.0030794134363532066,0.08011846741040547,0.279750535885493,0.013888765747348467,0.011091260239481926
7500,H8-V,524,n03146219/ILSVRC2012_val_00036276_n03146219,1,3,0.005843795680751403,0.24869159360726675,0.6922082106272379,0.0376350370546182,0.03071295532087485
7500,H8-V,524,n03146219/ILSVRC2012_val_00036276_n03146219,4,3,0.00342436491822203,0.17514236768086752,0.5700400471687317,0.026639002064863842,0.020938601344823837
7500,H8-V,524,n03146219/ILSVRC2012_val_00036276_n03146219,7,3,0.003110923416291674,0.16658995548884073,0.5385689934094747,0.025155608852704365,0.019769918794433277
7500,H8-V,524,n03146219/ILSVRC2012_val_00036276_n03146219,13,3,0.00289441691711545,0.15990270177523294,0.5130187670389811,0.024014875292778015,0.01888468737403552
7500,H8-V,524,n03146219/ILSVRC2012_val_00036276_n03146219,19,3,0.0028694610421856246,0.15884549915790558,0.5084728598594666,0.023838739842176437,0.01875401164094607
7500,H8-V,525,n03160309/ILSVRC2012_val_00000330_n03160309,1,3,0.0068311622987190885,0.1766039033730825,0.52668696641922,0.029758421704173088,0.024491552263498306
7500,H8-V,525,n03160309/ILSVRC2012_val_00000330_n03160309,4,3,0.0038808268339683614,0.10833008835713069,0.39803581436475116,0.01869419403374195,0.014713835902512074
7500,H8-V,525,n03160309/ILSVRC2012_val_00000330_n03160309,7,3,0.0036410284228622913,0.102145254611969,0.37048502763112384,0.01756040503581365,0.013855554163455963
7500,H8-V,525,n03160309/ILSVRC2012_val_00000330_n03160309,13,3,0.0034208858851343393,0.09616893529891968,0.34969234466552734,0.016534702852368355,0.013037779678901037
7500,H8-V,525,n03160309/ILSVRC2012_val_00000330_n03160309,19,3,0.0033319230812291303,0.09356316924095154,0.34759588042895,0.016164199138681095,0.012688240346809229
7500,H8-V,526,n03179701/ILSVRC2012_val_00040102_n03179701,1,3,0.01679166592657566,0.22426587343215942,0.8666214346885681,0.04788446923096975,0.03921825438737869
7500,H8-V,526,n03179701/ILSVRC2012_val_00040102_n03179701,4,3,0.008989648893475533,0.12858463823795319,0.7153353095054626,0.02900146630903085,0.02184811296562354
7500,H8-V,526,n03179701/ILSVRC2012_val_00040102_n03179701,7,3,0.008329228808482489,0.12167436629533768,0.6832370360692342,0.027329035103321075,0.02049666518966357
7500,H8-V,526,n03179701/ILSVRC2012_val_00040102_n03179701,13,3,0.007868297087649504,0.11637293547391891,0.6556327740351359,0.02606191858649254,0.019505590821305912
7500,H8-V,526,n03179701/ILSVRC2012_val_00040102_n03179701,19,3,0.007708734987924497,0.11387784034013748,0.6482834617296854,0.02557935503621896,0.01909651979804039
7500,H8-V,527,n03180011/ILSVRC2012_val_00033297_n03180011,1,3,0.009039437398314476,0.20406504968802133,0.6444413463274637,0.03589035508533319,0.029445941870411236
7500,H8-V,527,n03180011/ILSVRC2012_val_00033297_n03180011,4,3,0.00503579992800951,0.1374717652797699,0.5274105866750082,0.02405708221097787,0.018782976393898327
7500,H8-V,527,n03180011/ILSVRC2012_val_00033297_n03180011,7,3,0.004615465955187877,0.13100773096084595,0.49779409170150757,0.02269417978823185,0.017716238896052044
7500,H8-V,527,n03180011/ILSVRC2012_val_00033297_n03180011,13,3,0.004239858904232581,0.12440054615338643,0.4741022288799286,0.021420936410625774,0.016679914047320683
7500,H8-V,527,n03180011/ILSVRC2012_val_00033297_n03180011,19,3,0.0041198101826012135,0.12081629286209743,0.469895859559377,0.020900399113694828,0.0162014402449131
7500,H8-V,528,n03187595/ILSVRC2012_val_00022668_n03187595,1,3,0.015458920504897833,0.17349044978618622,0.44945936401685077,0.037302558620770775,0.03280796483159065
7500,H8-V,528,n03187595/ILSVRC2012_val_00022668_n03187595,4,3,0.00434049591422081,0.05935214335719744,0.30536259214083356,0.01332933579881986,0.010275710063676039
7500,H8-V,528,n03187595/ILSVRC2012_val_00022668_n03187595,7,3,0.0040924702771008015,0.05630904187758764,0.27794790267944336,0.012502853137751421,0.009723374309639135
7500,H8-V,528,n03187595/ILSVRC2012_val_00022668_n03187595,13,3,0.003931479838987191,0.053623560816049576,0.25802398721377057,0.011874075358112654,0.00929383592059215
7500,H8-V,528,n03187595/ILSVRC2012_val_00022668_n03187595,19,3,0.0039125834591686726,0.05231392135222753,0.2571413318316142,0.011715389477709929,0.009143975873788198
7500,H8-V,529,n03188531/ILSVRC2012_val_00007673_n03188531,1,3,0.015900502912700176,0.2718429168065389,0.8280882040659586,0.05136567602554957,0.043084794034560524
7500,H8-V,529,n03188531/ILSVRC2012_val_00007673_n03188531,4,3,0.009674133422474066,0.19412988424301147,0.6883629759152731,0.03597075119614601,0.029087121908863384
7500,H8-V,529,n03188531/ILSVRC2012_val_00007673_n03188531,7,3,0.009045477956533432,0.1873642901579539,0.6565550565719604,0.03434745719035467,0.027781907469034195
7500,H8-V,529,n03188531/ILSVRC2012_val_00007673_n03188531,13,3,0.008493863977491856,0.1801998366912206,0.6293229262034098,0.032807075728972755,0.02651384783287843
7500,H8-V,529,n03188531/ILSVRC2012_val_00007673_n03188531,19,3,0.008362119396527609,0.17860066890716553,0.6230113704999288,0.0324523001909256,0.026222186783949535
7500,H8-V,530,n03196217/ILSVRC2012_val_00011568_n03196217,1,3,0.004719495230043928,0.1640065684914589,0.29675839344660443,0.024087736383080482,0.02112015274663766
7500,H8-V,530,n03196217/ILSVRC2012_val_00011568_n03196217,4,3,0.0014478800197442372,0.05736648539702097,0.18858997027079263,0.009070427777866522,0.007184528435269992
7500,H8-V,530,n03196217/ILSVRC2012_val_00011568_n03196217,7,3,0.0013667990375931065,0.052494159589211144,0.16213801006476083,0.008237595669925213,0.006616215376804273
7500,H8-V,530,n03196217/ILSVRC2012_val_00011568_n03196217,13,3,0.0013099861486504476,0.04796262706319491,0.1437420199314753,0.007543669082224369,0.006106248901536067
7500,H8-V,530,n03196217/ILSVRC2012_val_00011568_n03196217,19,3,0.0012931493887056906,0.0463909941414992,0.1444890151421229,0.007377138982216517,0.005932248973598083
7500,H8-V,531,n03197337/ILSVRC2012_val_00003455_n03197337,1,3,0.015732433336476486,0.217917338013649,0.6458055377006531,0.043982223918040596,0.03752416744828224
7500,H8-V,531,n03197337/ILSVRC2012_val_00003455_n03197337,4,3,0.00709113913277785,0.09828207890192668,0.4938419461250305,0.021857765813668568,0.016919346526265144
7500,H8-V,531,n03197337/ILSVRC2012_val_00003455_n03197337,7,3,0.006617347709834576,0.09257923066616058,0.4631698628266652,0.020506969342629116,0.015875270900626976
7500,H8-V,531,n03197337/ILSVRC2012_val_00003455_n03197337,13,3,0.006218255031853914,0.087286077439785,0.43874287605285645,0.01933429203927517,0.014946863055229187
7500,H8-V,531,n03197337/ILSVRC2012_val_00003455_n03197337,19,3,0.006146825384348631,0.08568352957566579,0.43400277694066364,0.01905520570774873,0.01471517855922381
7500,H8-V,532,n03201208/ILSVRC2012_val_00000241_n03201208,1,3,0.009310431157549223,0.21566993494828543,0.50516077876091,0.035929031670093536,0.030877425024906795
7500,H8-V,532,n03201208/ILSVRC2012_val_00000241_n03201208,4,3,0.005998233488450448,0.13513238231341043,0.39116360743840534,0.023423108582695324,0.019511472433805466
7500,H8-V,532,n03201208/ILSVRC2012_val_00000241_n03201208,7,3,0.005696710819999377,0.13038374980290732,0.3639147877693176,0.022374233230948448,0.01873508592446645
7500,H8-V,532,n03201208/ILSVRC2012_val_00000241_n03201208,13,3,0.005408489766220252,0.1267825961112976,0.3436260223388672,0.02152300998568535,0.0180867500603199
7500,H8-V,532,n03201208/ILSVRC2012_val_00000241_n03201208,19,3,0.00528793487076958,0.12650350232919058,0.34277159969011944,0.021366001417239506,0.01793828544517358
7500,H8-V,533,n03207743/ILSVRC2012_val_00028314_n03207743,1,3,0.006317721058924993,0.2263574699560801,0.359668105840683,0.032550148665905,0.028953468427062035
7500,H8-V,533,n03207743/ILSVRC2012_val_00028314_n03207743,4,3,0.0033005517131338515,0.0949419339497884,0.25175786515076953,0.015312323657174906,0.012794745154678822
7500,H8-V,533,n03207743/ILSVRC2012_val_00028314_n03207743,7,3,0.003175702023630341,0.09141937394936879,0.22661316891511282,0.014583771427472433,0.012317639775574207
7500,H8-V,533,n03207743/ILSVRC2012_val_00028314_n03207743,13,3,0.0030891723775615296,0.08828720450401306,0.2081871231396993,0.013999763876199722,0.011917892843484879
7500,H8-V,533,n03207743/ILSVRC2012_val_00028314_n03207743,19,3,0.0030730811413377523,0.08707442631324132,0.20597291986147562,0.013840253154436747,0.011780524005492529
7500,H8-V,534,n03207941/ILSVRC2012_val_00029869_n03207941,1,3,0.014852909992138544,0.20295621951421103,0.9031629959742228,0.044180162250995636,0.03514853244026502
7500,H8-V,534,n03207941/ILSVRC2012_val_00029869_n03207941,4,3,0.008579501261313757,0.13086811701456705,0.7659200628598531,0.029325514410932858,0.021666313832004864
7500,H8-V,534,n03207941/ILSVRC2012_val_00029869_n03207941,7,3,0.0079798831914862,0.12492224077383678,0.7341049114863077,0.027813155204057693,0.020472106834252674
7500,H8-V,534,n03207941/ILSVRC2012_val_00029869_n03207941,13,3,0.007448769640177488,0.11811130990584691,0.7061596512794495,0.026321497435371082,0.019259901096423466
7500,H8-V,534,n03207941/ILSVRC2012_val_00029869_n03207941,19,3,0.007260095328092575,0.11492027342319489,0.6990507443745931,0.025742630163828533,0.01875212291876475
7500,H8-V,535,n03208938/ILSVRC2012_val_00003128_n03208938,1,3,0.013623838312923908,0.217914417386055,0.7390399177869161,0.04280567914247513,0.03541528061032295
7500,H8-V,535,n03208938/ILSVRC2012_val_00003128_n03208938,4,3,0.008308901761968931,0.13307819763819376,0.5928158164024353,0.02754487966497739,0.021616722146670025
7500,H8-V,535,n03208938/ILSVRC2012_val_00003128_n03208938,7,3,0.00787278637290001,0.1275666058063507,0.5618798136711121,0.02624824456870556,0.02062944695353508
7500,H8-V,535,n03208938/ILSVRC2012_val_00003128_n03208938,13,3,0.007536132819950581,0.1222200021147728,0.5371675292650858,0.025129807492097218,0.019758132596810658
7500,H8-V,535,n03208938/ILSVRC2012_val_00003128_n03208938,19,3,0.0074941070439914865,0.1213936060667038,0.53298552831014,0.02496332364777724,0.019633468240499496
7500,H8-V,536,n03216828/ILSVRC2012_val_00001983_n03216828,1,3,0.014072151544193426,0.2648051430781682,0.9629476070404053,0.05018214136362076,0.04055266578992208
7500,H8-V,536,n03216828/ILSVRC2012_val_00001983_n03216828,4,3,0.01055800293882688,0.18974251548449197,0.8331920504570007,0.037864175935586296,0.02953225498398145
7500,H8-V,536,n03216828/ILSVRC2012_val_00001983_n03216828,7,3,0.010127448476850986,0.18298148115475973,0.7983301480611166,0.03640889748930931,0.02842559665441513
7500,H8-V,536,n03216828/ILSVRC2012_val_00001983_n03216828,13,3,0.009803947992622852,0.17806321382522583,0.7696035106976827,0.03530630593498548,0.02761027030646801
7500,H8-V,536,n03216828/ILSVRC2012_val_00001983_n03216828,19,3,0.009773521373669306,0.1758845647176107,0.7609993815422058,0.03497197230656942,0.02736197846631209
7500,H8-V,537,n03218198/ILSVRC2012_val_00011006_n03218198,1,3,0.011515718574325243,0.22270228962103525,0.8770084778467814,0.04255603378017744,0.03378594915072123
7500,H8-V,537,n03218198/ILSVRC2012_val_00011006_n03218198,4,3,0.007209545777489741,0.1301515301068624,0.7462157408396403,0.027686855445305508,0.02022469850877921
7500,H8-V,537,n03218198/ILSVRC2012_val_00011006_n03218198,7,3,0.006576989001284043,0.12194646646579106,0.7136010130246481,0.025907646243770916,0.018771635989348095
7500,H8-V,537,n03218198/ILSVRC2012_val_00011006_n03218198,13,3,0.00612734304741025,0.1145485093196233,0.6854223608970642,0.02443641796708107,0.017582194258769352
7500,H8-V,537,n03218198/ILSVRC2012_val_00011006_n03218198,19,3,0.0059782105187575025,0.1109631781776746,0.6782890359560648,0.023857418447732925,0.017074528460701306
7500,H8-V,538,n03220513/ILSVRC2012_val_00007941_n03220513,1,3,0.011494312745829424,0.17548811932404837,0.508491317431132,0.03412803883353869,0.029043125609556835
7500,H8-V,538,n03220513/ILSVRC2012_val_00007941_n03220513,4,3,0.007712918954590957,0.09518373012542725,0.37376634279886883,0.020968955010175705,0.017231291780869167
7500,H8-V,538,n03220513/ILSVRC2012_val_00007941_n03220513,7,3,0.007406172808259726,0.08957704653342564,0.34842750430107117,0.01984815237422784,0.016363877803087234
7500,H8-V,538,n03220513/ILSVRC2012_val_00007941_n03220513,13,3,0.007145276914040248,0.08553282171487808,0.32749048868815106,0.018973464146256447,0.01569855896135171
7500,H8-V,538,n03220513/ILSVRC2012_val_00007941_n03220513,19,3,0.007100208507229884,0.08445850263039271,0.32645949721336365,0.01881065343817075,0.015546058925489584
7500,H8-V,539,n03223299/ILSVRC2012_val_00017336_n03223299,1,3,0.009266734278450409,0.25368501245975494,0.37823473413785297,0.03841758333146572,0.03463523586591085
7500,H8-V,539,n03223299/ILSVRC2012_val_00017336_n03223299,4,3,0.0048834045107165975,0.11656684428453445,0.25024527311325073,0.01904254158337911,0.016540089001258213
7500,H8-V,539,n03223299/ILSVRC2012_val_00017336_n03223299,7,3,0.0046087768860161304,0.1115550845861435,0.22438237071037292,0.01800810918211937,0.01576428549985091
7500,H8-V,539,n03223299/ILSVRC2012_val_00017336_n03223299,13,3,0.004376208720107873,0.10849485049645106,0.20675282180309296,0.017293221627672512,0.015225693893929323
7500,H8-V,539,n03223299/ILSVRC2012_val_00017336_n03223299,19,3,0.004289051828285058,0.1072166512409846,0.20813506841659546,0.017092067748308182,0.015010717324912548
7500,H8-V,540,n03240683/ILSVRC2012_val_00025593_n03240683,1,3,0.0024973804441591105,0.15110914905865988,0.3017764886220296,0.02062606035421292,0.017608295815686386
7500,H8-V,540,n03240683/ILSVRC2012_val_00025593_n03240683,4,3,0.00109946820884943,0.057556189596652985,0.20417053500811258,0.00889679230749607,0.0068550870443383856
7500,H8-V,540,n03240683/ILSVRC2012_val_00025593_n03240683,7,3,0.0010409427341073751,0.05362353473901749,0.17978213230768839,0.008201117627322674,0.006403296409795682
7500,H8-V,540,n03240683/ILSVRC2012_val_00025593_n03240683,13,3,0.0010201899179567893,0.051115669310092926,0.1621748556693395,0.007753505526731412,0.00613175705075264
7500,H8-V,540,n03240683/ILSVRC2012_val_00025593_n03240683,19,3,0.001037164203201731,0.05034314841032028,0.16045552988847098,0.007676034389684598,0.006071479059755802
7500,H8-V,541,n03249569/ILSVRC2012_val_00020695_n03249569,1,3,0.019740349302689236,0.2693837185700734,0.9866799910863241,0.056545522063970566,0.046678723146518074
7500,H8-V,541,n03249569/ILSVRC2012_val_00020695_n03249569,4,3,0.012231791081527868,0.13666153947512308,0.8123624126116434,0.03402156879504522,0.025897944966952007
7500,H8-V,541,n03249569/ILSVRC2012_val_00020695_n03249569,7,3,0.011610079556703568,0.13191287219524384,0.7785831292470297,0.0325871966779232,0.02480136665205161
7500,H8-V,541,n03249569/ILSVRC2012_val_00020695_n03249569,13,3,0.011019594346483549,0.12858358025550842,0.7494920492172241,0.03137287187079588,0.023877952247858047
7500,H8-V,541,n03249569/ILSVRC2012_val_00020695_n03249569,19,3,0.0108774375791351,0.12703513105710348,0.7417352199554443,0.030998303244511288,0.023580951616168022
7500,H8-V,542,n03250847/ILSVRC2012_val_00040670_n03250847,1,3,0.008320896265407404,0.19682656725247702,0.7930961648623148,0.03593451405564944,0.028003552928566933
7500,H8-V,542,n03250847/ILSVRC2012_val_00040670_n03250847,4,3,0.0042357235215604305,0.10689783096313477,0.6605147123336792,0.02153065490225951,0.014925507207711538
7500,H8-V,542,n03250847/ILSVRC2012_val_00040670_n03250847,7,3,0.0038774188918371997,0.10120093077421188,0.6274116635322571,0.020271629095077515,0.01399751224865516
7500,H8-V,542,n03250847/ILSVRC2012_val_00040670_n03250847,13,3,0.0035727825791885457,0.09619320183992386,0.5998886624972025,0.019190989434719086,0.013192102933923403
7500,H8-V,542,n03250847/ILSVRC2012_val_00040670_n03250847,19,3,0.0035519211863478026,0.09476328889528911,0.5950483679771423,0.01897873356938362,0.013028250696758429
7500,H8-V,543,n03255030/ILSVRC2012_val_00034805_n03255030,1,3,0.009580921692152819,0.21567925810813904,0.6325242320696512,0.03747408961256345,0.031148847192525864
7500,H8-V,543,n03255030/ILSVRC2012_val_00034805_n03255030,4,3,0.005092330587406953,0.11416753629843394,0.5035718679428101,0.02154480293393135,0.01650908465186755
7500,H8-V,543,n03255030/ILSVRC2012_val_00034805_n03255030,7,3,0.004707907481739919,0.10747504482666652,0.4737241168816884,0.020192652940750122,0.015455412057538828
7500,H8-V,543,n03255030/ILSVRC2012_val_00034805_n03255030,13,3,0.004393500275909901,0.1013104369242986,0.45031919082005817,0.01902773603796959,0.014524543968339762
7500,H8-V,543,n03255030/ILSVRC2012_val_00034805_n03255030,19,3,0.004327838309109211,0.0988960141936938,0.44758281111717224,0.01869326705733935,0.014217440038919449
7500,H8-V,544,n03259280/ILSVRC2012_val_00008537_n03259280,1,3,0.01807405985891819,0.15120278795560202,0.611112634340922,0.03930546467502912,0.03319433952371279
7500,H8-V,544,n03259280/ILSVRC2012_val_00008537_n03259280,4,3,0.011485057572523752,0.08709647009770076,0.4921637276808421,0.025116341188549995,0.020194704333941143
7500,H8-V,544,n03259280/ILSVRC2012_val_00008537_n03259280,7,3,0.01087652953962485,0.0828973650932312,0.4617857038974762,0.02378412274022897,0.019166265924771626
7500,H8-V,544,n03259280/ILSVRC2012_val_00008537_n03259280,13,3,0.010294115481277307,0.07890390604734421,0.437951922416687,0.022564025595784187,0.01818450664480527
7500,H8-V,544,n03259280/ILSVRC2012_val_00008537_n03259280,19,3,0.010078998903433481,0.07757672170797984,0.4346572458744049,0.022183244427045185,0.01783667194346587
7500,H8-V,545,n03271574/ILSVRC2012_val_00039769_n03271574,1,3,0.017462321867545445,0.17222457627455393,0.6510438323020935,0.041195218761761986,0.03468478098511696
7500,H8-V,545,n03271574/ILSVRC2012_val_00039769_n03271574,4,3,0.0104664775232474,0.10596087823311488,0.5283268888791403,0.0263458335151275,0.021062564725677173
7500,H8-V,545,n03271574/ILSVRC2012_val_00039769_n03271574,7,3,0.009605877722303072,0.0980188896258672,0.49275269110997516,0.024335293099284172,0.01940776656071345
7500,H8-V,545,n03271574/ILSVRC2012_val_00039769_n03271574,13,3,0.008859620429575443,0.09061135351657867,0.4632411499818166,0.022553167616327603,0.017920756091674168
7500,H8-V,545,n03271574/ILSVRC2012_val_00039769_n03271574,19,3,0.008616746713717779,0.08717603733142217,0.4561467369397481,0.021895816549658775,0.017334350074330967
7500,H8-V,546,n03272010/ILSVRC2012_val_00004994_n03272010,1,3,0.03231522502998511,0.27952052156130475,1.4332233667373657,0.07459950943787892,0.060267278303702675
7500,H8-V,546,n03272010/ILSVRC2012_val_00004994_n03272010,4,3,0.02422336054344972,0.19868265589078268,1.2519020636876423,0.05661064758896828,0.04409162700176239
7500,H8-V,546,n03272010/ILSVRC2012_val_00004994_n03272010,7,3,0.0230666467299064,0.19185319542884827,1.2109661897023518,0.05436162898937861,0.04225196689367294
7500,H8-V,546,n03272010/ILSVRC2012_val_00004994_n03272010,13,3,0.022126007825136185,0.18559653063615164,1.1712227662404378,0.05239788815379143,0.040685661137104034
7500,H8-V,546,n03272010/ILSVRC2012_val_00004994_n03272010,19,3,0.021909581497311592,0.1840561479330063,1.1574768622716267,0.05188996468981107,0.040315197159846626
7500,H8-V,547,n03272562/ILSVRC2012_val_00018705_n03272562,1,3,0.01414510142058134,0.15681050221125284,0.6870718598365784,0.036696869879961014,0.02982615182797114
7500,H8-V,547,n03272562/ILSVRC2012_val_00018705_n03272562,4,3,0.009260045985380808,0.09951938937107722,0.5614054203033447,0.024826038628816605,0.0192119845499595
7500,H8-V,547,n03272562/ILSVRC2012_val_00018705_n03272562,7,3,0.008764440814654032,0.09699776768684387,0.5314429601033529,0.023778647184371948,0.01846421758333842
7500,H8-V,547,n03272562/ILSVRC2012_val_00018705_n03272562,13,3,0.008312405707935492,0.09382067869106929,0.5073920687039694,0.02276839440067609,0.01769447388748328
7500,H8-V,547,n03272562/ILSVRC2012_val_00018705_n03272562,19,3,0.008192837859193483,0.09134137133757274,0.5031048854192098,0.02235802325109641,0.017326974620421726
7500,H8-V,548,n03290653/ILSVRC2012_val_00046068_n03290653,1,3,0.009132154906789461,0.14189534137646356,0.5869408051172892,0.029191096623738606,0.023321689416964848
7500,H8-V,548,n03290653/ILSVRC2012_val_00046068_n03290653,4,3,0.005392992248137792,0.0895246888200442,0.4763058125972748,0.019108518958091736,0.014345461502671242
7500,H8-V,548,n03290653/ILSVRC2012_val_00046068_n03290653,7,3,0.004923020799954732,0.08403946210940678,0.4461963176727295,0.01778893048564593,0.013326967135071754
7500,H8-V,548,n03290653/ILSVRC2012_val_00046068_n03290653,13,3,0.004530914748708407,0.07970927158991496,0.4223199685414632,0.016725041593114536,0.012501842342317104
7500,H8-V,548,n03290653/ILSVRC2012_val_00046068_n03290653,19,3,0.004435782165577014,0.07788491000731786,0.41857380668322247,0.016410011798143387,0.012224273445705572
7500,H8-V,549,n03291819/ILSVRC2012_val_00046637_n03291819,1,3,0.010594906285405159,0.2510396788517634,1.0777626434961955,0.046476500729719795,0.03569887454311053
7500,H8-V,549,n03291819/ILSVRC2012_val_00046637_n03291819,4,3,0.006497487581024568,0.1627617528041204,0.929982046286265,0.0320734828710556,0.02277366320292155
7500,H8-V,549,n03291819/ILSVRC2012_val_00046637_n03291819,7,3,0.0061286188041170435,0.15545066197713217,0.8986030022303263,0.030659715334574383,0.021673685560623806
7500,H8-V,549,n03291819/ILSVRC2012_val_00046637_n03291819,13,3,0.005814925457040469,0.15003003676732382,0.869647741317749,0.029514406497279804,0.020817929257949192
7500,H8-V,549,n03291819/ILSVRC2012_val_00046637_n03291819,19,3,0.0057311346754431725,0.1477956622838974,0.8594780961672465,0.02910548138121764,0.02051070084174474
7500,H8-V,550,n03297495/ILSVRC2012_val_00021388_n03297495,1,3,0.009050095453858376,0.20005164543787637,0.5062043070793152,0.03411730254689852,0.029055260121822357
7500,H8-V,550,n03297495/ILSVRC2012_val_00021388_n03297495,4,3,0.0023923191086699567,0.07229451835155487,0.36686015129089355,0.013290372987588247,0.009621771362920603
7500,H8-V,550,n03297495/ILSVRC2012_val_00021388_n03297495,7,3,0.0020820412319153547,0.06702727576096852,0.339486559232076,0.012179634533822536,0.008784769102931023
7500,H8-V,550,n03297495/ILSVRC2012_val_00021388_n03297495,13,3,0.0017869159734497468,0.06098143135507902,0.31760037938753766,0.011061063036322594,0.007885059341788292
7500,H8-V,550,n03297495/ILSVRC2012_val_00021388_n03297495,19,3,0.0016997172497212887,0.05827803164720535,0.31409505009651184,0.01066847083469232,0.007527520414441824
7500,H8-V,551,n03314780/ILSVRC2012_val_00047251_n03314780,1,3,0.005835735239088535,0.19004997611045837,0.41304465134938556,0.02897117907802264,0.024840733036398888
7500,H8-V,551,n03314780/ILSVRC2012_val_00047251_n03314780,4,3,0.0014571200590580702,0.09078075488408406,0.2956061561902364,0.013491257404287657,0.010535195780297121
7500,H8-V,551,n03314780/ILSVRC2012_val_00047251_n03314780,7,3,0.0013146225828677416,0.08487237493197124,0.2690968116124471,0.012492828071117401,0.009801860277851423
7500,H8-V,551,n03314780/ILSVRC2012_val_00047251_n03314780,13,3,0.0012168395332992077,0.07974469910065334,0.2493597517410914,0.011684907289842764,0.009191309722761313
7500,H8-V,551,n03314780/ILSVRC2012_val_00047251_n03314780,19,3,0.0011994850356131792,0.077638844648997,0.2475403149922689,0.011438772392769655,0.008963369453946749
7500,H8-V,552,n03325584/ILSVRC2012_val_00044622_n03325584,1,3,0.0039790004181365175,0.12446380406618118,0.47770630319913227,0.02120244378844897,0.01642538110415141
7500,H8-V,552,n03325584/ILSVRC2012_val_00044622_n03325584,4,3,0.0019725908059626818,0.07977272818485896,0.3865869641304016,0.013815732983251413,0.009949863577882448
7500,H8-V,552,n03325584/ILSVRC2012_val_00044622_n03325584,7,3,0.001769200200214982,0.07459479818741481,0.35842658082644147,0.012812945991754532,0.009228680282831192
7500,H8-V,552,n03325584/ILSVRC2012_val_00044622_n03325584,13,3,0.001582353375852108,0.06963566939036052,0.33683905998865765,0.011914310666422049,0.008545920252799988
7500,H8-V,552,n03325584/ILSVRC2012_val_00044622_n03325584,19,3,0.0015249654340247314,0.06805332253376643,0.33429592847824097,0.011673256754875183,0.00833029734591643
7500,H8-V,553,n03337140/ILSVRC2012_val_00016876_n03337140,1,3,0.003569668003668388,0.13336857656637827,0.3261117140452067,0.02016764258344968,0.01690652531882127
7500,H8-V,553,n03337140/ILSVRC2012_val_00016876_n03337140,4,3,0.00156795730193456,0.06835438062747319,0.2272316018740336,0.010675711557269096,0.008403395613034567
7500,H8-V,553,n03337140/ILSVRC2012_val_00016876_n03337140,7,3,0.0014643920585513115,0.0642354612549146,0.20263661940892538,0.009914304129779339,0.007887938059866428
7500,H8-V,553,n03337140/ILSVRC2012_val_00016876_n03337140,13,3,0.0013691088727985818,0.0630965605378151,0.18471194803714752,0.0095258845637242,0.0076787650274733705
7500,H8-V,553,n03337140/ILSVRC2012_val_00016876_n03337140,19,3,0.0013202412131552894,0.06254401182134946,0.18333166340986887,0.009407958947122097,0.007574642387529214
7500,H8-V,554,n03344393/ILSVRC2012_val_00041935_n03344393,1,3,0.011651705950498581,0.24516572058200836,0.5064940949281057,0.04123321920633316,0.03616827850540479
7500,H8-V,554,n03344393/ILSVRC2012_val_00041935_n03344393,4,3,0.0060191939895351725,0.12126794457435608,0.3694356183211009,0.02184034449358781,0.018145987764000893
7500,H8-V,554,n03344393/ILSVRC2012_val_00041935_n03344393,7,3,0.005710018177827199,0.11585829158624013,0.3423967858155568,0.02071981504559517,0.017295847336451214
7500,H8-V,554,n03344393/ILSVRC2012_val_00041935_n03344393,13,3,0.005444524344056845,0.11130910118420918,0.3220442235469818,0.019795875996351242,0.016575433934728306
7500,H8-V,554,n03344393/ILSVRC2012_val_00041935_n03344393,19,3,0.005305465621252854,0.10855189214150111,0.32017513116200763,0.019362406184275944,0.016160655145843823
7500,H8-V,555,n03345487/ILSVRC2012_val_00008013_n03345487,1,3,0.02692851486305396,0.2345244437456131,1.0359960993131,0.06074092040459315,0.050380958865086235
7500,H8-V,555,n03345487/ILSVRC2012_val_00008013_n03345487,4,3,0.019222504148880642,0.15050332248210907,0.8677985072135925,0.04295082141955694,0.034272837142149605
7500,H8-V,555,n03345487/ILSVRC2012_val_00008013_n03345487,7,3,0.018283811087409656,0.1443732331196467,0.8342952728271484,0.041064086059729256,0.03272113452355067
7500,H8-V,555,n03345487/ILSVRC2012_val_00008013_n03345487,13,3,0.017422278101245563,0.13717569410800934,0.8033191959063212,0.039173039297262825,0.031139847512046497
7500,H8-V,555,n03345487/ILSVRC2012_val_00008013_n03345487,19,3,0.017217998082439106,0.1336736927429835,0.7939352790514628,0.03852472081780434,0.03058536785344283
7500,H8-V,556,n03347037/ILSVRC2012_val_00033001_n03347037,1,3,0.006446194214125474,0.2041657567024231,0.6895255247751871,0.033758025616407394,0.026862770318984985
7500,H8-V,556,n03347037/ILSVRC2012_val_00033001_n03347037,4,3,0.003586268130068978,0.12502888838450113,0.5476911465326945,0.02156606875360012,0.016089157511790592
7500,H8-V,556,n03347037/ILSVRC2012_val_00033001_n03347037,7,3,0.003300274799888333,0.11952149619658788,0.5180285573005676,0.02043271002670129,0.015252424404025078
7500,H8-V,556,n03347037/ILSVRC2012_val_00033001_n03347037,13,3,0.003089534273991982,0.11456021666526794,0.49441011746724445,0.019489657133817673,0.014545555847386519
7500,H8-V,556,n03347037/ILSVRC2012_val_00033001_n03347037,19,3,0.003074501408264041,0.11334152022997539,0.4912017285823822,0.019320670515298843,0.014408653602004051
7500,H8-V,557,n03355925/ILSVRC2012_val_00041901_n03355925,1,3,0.004071844198430578,0.17424634099006653,0.3440048893292745,0.024936527634660404,0.02149647877862056
7500,H8-V,557,n03355925/ILSVRC2012_val_00041901_n03355925,4,3,0.001835040864534676,0.0688218077023824,0.24380636711915335,0.0111552852516373,0.008717221518357595
7500,H8-V,557,n03355925/ILSVRC2012_val_00041901_n03355925,7,3,0.0017519489241143067,0.06260415290792783,0.21713570257027945,0.010183721159895262,0.008012364463259777
7500,H8-V,557,n03355925/ILSVRC2012_val_00041901_n03355925,13,3,0.00171056828306367,0.05737575019399325,0.1971608301003774,0.009419751664002737,0.007448143325746059
7500,H8-V,557,n03355925/ILSVRC2012_val_00041901_n03355925,19,3,0.0016949242368961375,0.05644349381327629,0.19495300451914468,0.009288803674280643,0.007339273889859517
7500,H8-V,558,n03372029/ILSVRC2012_val_00028005_n03372029,1,3,0.012093892631431421,0.21884089708328247,0.8133347233136495,0.042111328492561974,0.033977982277671494
7500,H8-V,558,n03372029/ILSVRC2012_val_00028005_n03372029,4,3,0.006580814874420564,0.1312021811803182,0.6876770853996277,0.02657780423760414,0.019701033209760983
7500,H8-V,558,n03372029/ILSVRC2012_val_00028005_n03372029,7,3,0.006053281171868245,0.12302101403474808,0.654996931552887,0.024905351921916008,0.01835538260638714
7500,H8-V,558,n03372029/ILSVRC2012_val_00028005_n03372029,13,3,0.005424017707506816,0.11505920439958572,0.6262106895446777,0.023192045589288075,0.016929938768347103
7500,H8-V,558,n03372029/ILSVRC2012_val_00028005_n03372029,19,3,0.005215995479375124,0.11166328688462575,0.618747353553772,0.022569797312219936,0.016382324198881786
7500,H8-V,559,n03376595/ILSVRC2012_val_00015646_n03376595,1,3,0.017126290127635002,0.2168337106704712,0.9171313643455505,0.047980976601441704,0.03880966206391653
7500,H8-V,559,n03376595/ILSVRC2012_val_00015646_n03376595,4,3,0.009262195167442163,0.13269386688868204,0.7721405625343323,0.030252986898024876,0.022531582042574883
7500,H8-V,559,n03376595/ILSVRC2012_val_00015646_n03376595,7,3,0.008637181793649992,0.12980363766352335,0.7401862740516663,0.02901940792798996,0.021617545435825985
7500,H8-V,559,n03376595/ILSVRC2012_val_00015646_n03376595,13,3,0.008052858524024487,0.12709054350852966,0.7113978068033854,0.02787589095532894,0.020761913309494655
7500,H8-V,559,n03376595/ILSVRC2012_val_00015646_n03376595,19,3,0.007833760852615038,0.12624015907446542,0.7029459675153097,0.02748723514378071,0.02045777626335621
7500,H8-V,560,n03379051/ILSVRC2012_val_00018798_n03379051,1,3,0.031162016093730927,0.29629941781361896,1.2843716541926067,0.07363567749659221,0.06079195812344551
7500,H8-V,560,n03379051/ILSVRC2012_val_00018798_n03379051,4,3,0.01479286514222622,0.1752085934082667,1.0903195937474568,0.043216921389102936,0.03231372435887655
7500,H8-V,560,n03379051/ILSVRC2012_val_00018798_n03379051,7,3,0.013710057362914085,0.16666118800640106,1.0557777881622314,0.040933952977259956,0.030376176660259564
7500,H8-V,560,n03379051/ILSVRC2012_val_00018798_n03379051,13,3,0.012750359252095222,0.1599280188481013,1.0222539107004802,0.03896570081512133,0.028743161509434383
7500,H8-V,560,n03379051/ILSVRC2012_val_00018798_n03379051,19,3,0.012402267505725225,0.15842567384243011,1.0090278387069702,0.03833511471748352,0.028244835635026295
7500,H8-V,561,n03384352/ILSVRC2012_val_00045886_n03384352,1,3,0.021316050241390865,0.29598572353521985,0.9376948078473409,0.060291567196448646,0.05091462035973867
7500,H8-V,561,n03384352/ILSVRC2012_val_00045886_n03384352,4,3,0.01566371973603964,0.16789246598879495,0.7680180668830872,0.04013314594825109,0.03245296701788902
7500,H8-V,561,n03384352/ILSVRC2012_val_00045886_n03384352,7,3,0.014998720958828926,0.16174804667631784,0.7332873543103536,0.038506398598353066,0.031173525378108025
7500,H8-V,561,n03384352/ILSVRC2012_val_00045886_n03384352,13,3,0.014467183500528336,0.15470840533574423,0.7020798524220785,0.036958823601404824,0.029938024779160816
7500,H8-V,561,n03384352/ILSVRC2012_val_00045886_n03384352,19,3,0.014395951914290587,0.15097101032733917,0.6934739152590433,0.03642779216170311,0.02949305313328902
7500,H8-V,562,n03388043/ILSVRC2012_val_00014682_n03388043,1,3,0.020946967725952465,0.24732976158459982,0.9502277970314026,0.055182221035162606,0.045679944256941475
7500,H8-V,562,n03388043/ILSVRC2012_val_00014682_n03388043,4,3,0.014818883190552393,0.16403884689013162,0.7964690725008646,0.03918745865424474,0.031222768127918243
7500,H8-V,562,n03388043/ILSVRC2012_val_00014682_n03388043,7,3,0.014128859154880047,0.15854633847872415,0.7644908825556437,0.03762840231259664,0.029983493809898693
7500,H8-V,562,n03388043/ILSVRC2012_val_00014682_n03388043,13,3,0.013563700330754122,0.15322949488957724,0.7359694043795267,0.036246344447135925,0.02888665037850539
7500,H8-V,562,n03388043/ILSVRC2012_val_00014682_n03388043,19,3,0.013440090231597424,0.15183713535467783,0.7275943756103516,0.03589974592129389,0.028623803829153378
7500,H8-V,563,n03388183/ILSVRC2012_val_00008576_n03388183,1,3,0.016532411488393944,0.14861614257097244,0.34610697627067566,0.034855096290508904,0.0313940259317557
7500,H8-V,563,n03388183/ILSVRC2012_val_00008576_n03388183,4,3,0.004191224463284016,0.05303831771016121,0.22215069830417633,0.011716563565035662,0.009495056234300137
7500,H8-V,563,n03388183/ILSVRC2012_val_00008576_n03388183,7,3,0.00376980813841025,0.046716505040725075,0.19485423962275186,0.010390001659591993,0.008441459077099958
7500,H8-V,563,n03388183/ILSVRC2012_val_00008576_n03388183,13,3,0.003449301701039076,0.04263613745570183,0.1753374437491099,0.009466289853056272,0.007712915539741516
7500,H8-V,563,n03388183/ILSVRC2012_val_00008576_n03388183,19,3,0.0033731014312555394,0.04042312130331993,0.17455843091011047,0.009160997656484446,0.00741541354606549
7500,H8-V,564,n03388549/ILSVRC2012_val_00012333_n03388549,1,3,0.00994014274328947,0.23954781393210092,0.6326027313868204,0.0402209535241127,0.033894925067822136
7500,H8-V,564,n03388549/ILSVRC2012_val_00012333_n03388549,4,3,0.004583973903208971,0.12314334015051524,0.48157798250516254,0.021714087575674057,0.01689830794930458
7500,H8-V,564,n03388549/ILSVRC2012_val_00012333_n03388549,7,3,0.004256332603593667,0.11629378795623779,0.4527198572953542,0.02041290948788325,0.015885711647570133
7500,H8-V,564,n03388549/ILSVRC2012_val_00012333_n03388549,13,3,0.003944507567211986,0.10983865956465404,0.4304011066754659,0.019232383618752163,0.014928373508155346
7500,H8-V,564,n03388549/ILSVRC2012_val_00012333_n03388549,19,3,0.0038169652689248323,0.1076301708817482,0.4281541705131531,0.018861524139841396,0.014579982807238897
7500,H8-V,565,n03393912/ILSVRC2012_val_00004389_n03393912,1,3,0.005178569971273343,0.20791890223821005,0.39978207151095074,0.02996828220784664,0.02597046084702015
7500,H8-V,565,n03393912/ILSVRC2012_val_00004389_n03393912,4,3,0.002550126053392887,0.11779588709274928,0.2791254123051961,0.01712096855044365,0.014329715011020502
7500,H8-V,565,n03393912/ILSVRC2012_val_00004389_n03393912,7,3,0.0023586698807775974,0.11279067397117615,0.25442300240198773,0.01618196815252304,0.013637737681468328
7500,H8-V,565,n03393912/ILSVRC2012_val_00004389_n03393912,13,3,0.002242685683692495,0.11009558538595836,0.2354054699341456,0.015606299974024296,0.013252244951824347
7500,H8-V,565,n03393912/ILSVRC2012_val_00004389_n03393912,19,3,0.002174662115673224,0.10845963656902313,0.23388084769248962,0.015359434299170971,0.013020625958840052
7500,H8-V,566,n03394916/ILSVRC2012_val_00019593_n03394916,1,3,0.017934203147888184,0.20475870370864868,1.0213147203127544,0.048623220374186836,0.038410073767105736
7500,H8-V,566,n03394916/ILSVRC2012_val_00019593_n03394916,4,3,0.012831469997763634,0.13178213437398276,0.868959367275238,0.03469927733143171,0.026009683807690937
7500,H8-V,566,n03394916/ILSVRC2012_val_00019593_n03394916,7,3,0.01218501633654038,0.12524701903263727,0.8340403437614441,0.033050122360388436,0.024709718922773998
7500,H8-V,566,n03394916/ILSVRC2012_val_00019593_n03394916,13,3,0.01161841582506895,0.1203155368566513,0.8021424611409506,0.031671393662691116,0.02364996944864591
7500,H8-V,566,n03394916/ILSVRC2012_val_00019593_n03394916,19,3,0.011485513299703598,0.11793982237577438,0.792714536190033,0.03120664010445277,0.023279495537281036
7500,H8-V,567,n03400231/ILSVRC2012_val_00016201_n03400231,1,3,0.016376065090298653,0.2005617320537567,0.7396397193272909,0.04382863640785217,0.03643223891655604
7500,H8-V,567,n03400231/ILSVRC2012_val_00016201_n03400231,4,3,0.011334596201777458,0.13237368067105612,0.6130550901095072,0.03070251519481341,0.024571964517235756
7500,H8-V,567,n03400231/ILSVRC2012_val_00016201_n03400231,7,3,0.01077385867635409,0.12790496150652567,0.5800031820933024,0.029364386573433876,0.023564354827006657
7500,H8-V,567,n03400231/ILSVRC2012_val_00016201_n03400231,13,3,0.010256477942069372,0.12265393634637196,0.5523905555407206,0.028045777852336567,0.02252187207341194
7500,H8-V,567,n03400231/ILSVRC2012_val_00016201_n03400231,19,3,0.010075988247990608,0.12005770454804103,0.5457437634468079,0.027539196734627087,0.02208175944785277
7500,H8-V,568,n03404251/ILSVRC2012_val_00005864_n03404251,1,3,0.025577202439308167,0.22776247560977936,1.0205466349919636,0.058558917293945946,0.048353450993696846
7500,H8-V,568,n03404251/ILSVRC2012_val_00005864_n03404251,4,3,0.021587134649356205,0.18128478030363718,0.9020291368166605,0.04873590419689814,0.03971561292807261
7500,H8-V,568,n03404251/ILSVRC2012_val_00005864_n03404251,7,3,0.020585003619392712,0.17520871758460999,0.866334080696106,0.046769216656684875,0.0381058764954408
7500,H8-V,568,n03404251/ILSVRC2012_val_00005864_n03404251,13,3,0.01968556580444177,0.16654829680919647,0.8334428469340006,0.044674823681513466,0.03634039560953776
7500,H8-V,568,n03404251/ILSVRC2012_val_00005864_n03404251,19,3,0.01943740372856458,0.16210973262786865,0.8238643805185953,0.043887022882699966,0.035648378233114876
7500,H8-V,569,n03417042/ILSVRC2012_val_00012925_n03417042,1,3,0.015345894421140352,0.24930915236473083,0.8785566886266073,0.04906237622102102,0.040276809285084404
7500,H8-V,569,n03417042/ILSVRC2012_val_00012925_n03417042,4,3,0.008436263228456179,0.16134763757387796,0.7112878163655599,0.0316839050501585,0.024571026985843975
7500,H8-V,569,n03417042/ILSVRC2012_val_00012925_n03417042,7,3,0.007807461079210043,0.15263895193735758,0.6786042849222819,0.02985739956299464,0.02307135673860709
7500,H8-V,569,n03417042/ILSVRC2012_val_00012925_n03417042,13,3,0.007285043131560087,0.14475569625695547,0.6493266423543295,0.02825387877722581,0.021760612726211548
7500,H8-V,569,n03417042/ILSVRC2012_val_00012925_n03417042,19,3,0.007152141071856022,0.14189095795154572,0.6410822868347168,0.027752060443162918,0.02134123754998048
7500,H8-V,570,n03424325/ILSVRC2012_val_00008355_n03424325,1,3,0.031078153600295384,0.2900440494219462,1.642512361208598,0.07650768260161082,0.06008255978425344
7500,H8-V,570,n03424325/ILSVRC2012_val_00008355_n03424325,4,3,0.017968057344357174,0.16520707805951437,1.4327833652496338,0.04881659895181656,0.03448876614371935
7500,H8-V,570,n03424325/ILSVRC2012_val_00008355_n03424325,7,3,0.016504427418112755,0.15283588568369547,1.3947687149047852,0.04573570440212885,0.03178801635901133
7500,H8-V,570,n03424325/ILSVRC2012_val_00008355_n03424325,13,3,0.015546894632279873,0.14293844004472098,1.3581048250198364,0.04342178752024969,0.0298407394438982
7500,H8-V,570,n03424325/ILSVRC2012_val_00008355_n03424325,19,3,0.015398118955393633,0.13919355968634287,1.3449113368988037,0.04276658967137337,0.029317475234468777
7500,H8-V,571,n03425413/ILSVRC2012_val_00017866_n03425413,1,3,0.019158390971521538,0.2797856579224269,0.7758853435516357,0.05489580954114596,0.04713695620497068
7500,H8-V,571,n03425413/ILSVRC2012_val_00017866_n03425413,4,3,0.009629413485527039,0.15255319078763327,0.6132530570030212,0.031017263730367024,0.02488473306099574
7500,H8-V,571,n03425413/ILSVRC2012_val_00017866_n03425413,7,3,0.009090465493500233,0.14402688046296439,0.5797030329704285,0.029290183757742245,0.023493153353532154
7500,H8-V,571,n03425413/ILSVRC2012_val_00017866_n03425413,13,3,0.008651757923265299,0.1371025045712789,0.551240086555481,0.027874409531553585,0.022362008690834045
7500,H8-V,571,n03425413/ILSVRC2012_val_00017866_n03425413,19,3,0.008577338419854641,0.134135439991951,0.5444528460502625,0.027435410146911938,0.021990881611903507
7500,H8-V,572,n03443371/ILSVRC2012_val_00044868_n03443371,1,3,0.010795951665689548,0.2119630624850591,0.3342245916525523,0.03533450327813625,0.031992257262269654
7500,H8-V,572,n03443371/ILSVRC2012_val_00044868_n03443371,4,3,0.0025357785634696484,0.06395418693621953,0.19445347785949707,0.010875732017060121,0.008931197226047516
7500,H8-V,572,n03443371/ILSVRC2012_val_00044868_n03443371,7,3,0.0022800560109317303,0.057194389402866364,0.16823604702949524,0.009681855328381062,0.007999494982262453
7500,H8-V,572,n03443371/ILSVRC2012_val_00044868_n03443371,13,3,0.002058585717653235,0.052521211405595146,0.14936502277851105,0.008804356989761194,0.007310706966867049
7500,H8-V,572,n03443371/ILSVRC2012_val_00044868_n03443371,19,3,0.001963254762813449,0.05151664589842161,0.1486083666483561,0.00860100332647562,0.007114919523398082
7500,H8-V,573,n03444034/ILSVRC2012_val_00014522_n03444034,1,3,0.015054316570361456,0.18062538901964822,0.4967805842558543,0.03808466096719106,0.03311685534814993
7500,H8-V,573,n03444034/ILSVRC2012_val_00014522_n03444034,4,3,0.011105705052614212,0.1251114010810852,0.39795483152071637,0.027596394220987957,0.023616846029957134
7500,H8-V,573,n03444034/ILSVRC2012_val_00014522_n03444034,7,3,0.010639223270118237,0.12055532137552898,0.3705914119879405,0.026400669788320858,0.022694755345582962
7500,H8-V,573,n03444034/ILSVRC2012_val_00014522_n03444034,13,3,0.010241592613359293,0.11628220975399017,0.35063815116882324,0.02537619446714719,0.021869813402493794
7500,H8-V,573,n03444034/ILSVRC2012_val_00014522_n03444034,19,3,0.01016683162500461,0.11568279067675273,0.35022422671318054,0.025237352897723515,0.021735111251473427
7500,H8-V,574,n03445777/ILSVRC2012_val_00038447_n03445777,1,3,0.0016911514491463702,0.08363337069749832,0.2773329516251882,0.012827817971507708,0.01005448866635561
7500,H8-V,574,n03445777/ILSVRC2012_val_00038447_n03445777,4,3,0.0005688213277608156,0.03438956538836161,0.1867538591225942,0.005875316448509693,0.004007777975251277
7500,H8-V,574,n03445777/ILSVRC2012_val_00038447_n03445777,7,3,0.0005265430081635714,0.03254242738087972,0.16022135814030966,0.005382999312132597,0.0037807858704278865
7500,H8-V,574,n03445777/ILSVRC2012_val_00038447_n03445777,13,3,0.0004524519705834488,0.030700605362653732,0.1407481829325358,0.004929994388173024,0.0035225126581887403
7500,H8-V,574,n03445777/ILSVRC2012_val_00038447_n03445777,19,3,0.00041044410318136215,0.030342043067018192,0.13955635825792947,0.004840212098012368,0.0034446484254052243
7500,H8-V,575,n03445924/ILSVRC2012_val_00048180_n03445924,1,3,0.024755417679746945,0.2644306520620982,1.4467004537582397,0.06566548844178517,0.05119848375519117
7500,H8-V,575,n03445924/ILSVRC2012_val_00048180_n03445924,4,3,0.01525245668987433,0.1622123420238495,1.2574214537938435,0.04404790451129278,0.03147369064390659
7500,H8-V,575,n03445924/ILSVRC2012_val_00048180_n03445924,7,3,0.014156202785670757,0.15199154118696848,1.2165573438008626,0.04152093082666397,0.029355357711513836
7500,H8-V,575,n03445924/ILSVRC2012_val_00048180_n03445924,13,3,0.013130727224051952,0.14199242492516836,1.1749242544174194,0.0390792116522789,0.02732997015118599
7500,H8-V,575,n03445924/ILSVRC2012_val_00048180_n03445924,19,3,0.012864869087934494,0.13891994456450144,1.1602813800175984,0.038359676798184715,0.026756863420208294
7500,H8-V,576,n03447447/ILSVRC2012_val_00014616_n03447447,1,3,0.021968328083554905,0.2555980384349823,0.7918533086776733,0.05544666449228922,0.04752813279628754
7500,H8-V,576,n03447447/ILSVRC2012_val_00014616_n03447447,4,3,0.016093059132496517,0.172426238656044,0.6652320226033529,0.039988002429405846,0.033335683246453605
7500,H8-V,576,n03447447/ILSVRC2012_val_00014616_n03447447,7,3,0.015505272584656874,0.16678417225678763,0.6346095204353333,0.03852978597084681,0.032183690617481865
7500,H8-V,576,n03447447/ILSVRC2012_val_00014616_n03447447,13,3,0.01498476384828488,0.15959625442822775,0.6082618832588196,0.03702700883150101,0.03094439022243023
7500,H8-V,576,n03447447/ILSVRC2012_val_00014616_n03447447,19,3,0.014831834783156713,0.1565372794866562,0.6022205352783203,0.036507767935593925,0.0304855623592933
7500,H8-V,577,n03447721/ILSVRC2012_val_00023153_n03447721,1,3,0.007554623608787854,0.13916239887475967,0.40964096784591675,0.025567273298899334,0.02147086337208748
7500,H8-V,577,n03447721/ILSVRC2012_val_00023153_n03447721,4,3,0.002978822449222207,0.07474541664123535,0.30016980568567914,0.013455061862866083,0.010453363880515099
7500,H8-V,577,n03447721/ILSVRC2012_val_00023153_n03447721,7,3,0.0027137260573605695,0.07132752239704132,0.2754872838656108,0.012601351055006186,0.009846478390196959
7500,H8-V,577,n03447721/ILSVRC2012_val_00023153_n03447721,13,3,0.002561496803537011,0.06990814954042435,0.2564396858215332,0.012116708482305208,0.009552311773101488
7500,H8-V,577,n03447721/ILSVRC2012_val_00023153_n03447721,19,3,0.0025247487549980483,0.06904334823290507,0.2559524476528168,0.011988608166575432,0.009429083205759525
7500,H8-V,578,n03450230/ILSVRC2012_val_00003778_n03450230,1,3,0.019900867094596226,0.19057861963907877,0.7730320692062378,0.04668904965122541,0.03895872955520948
7500,H8-V,578,n03450230/ILSVRC2012_val_00003778_n03450230,4,3,0.010950311397512754,0.11008833845456441,0.6220835447311401,0.028179981435338657,0.021959145242969196
7500,H8-V,578,n03450230/ILSVRC2012_val_00003778_n03450230,7,3,0.0102247583369414,0.10327114164829254,0.5881991982460022,0.02643386460840702,0.02055187275012334
7500,H8-V,578,n03450230/ILSVRC2012_val_00003778_n03450230,13,3,0.00956930841008822,0.09655659645795822,0.5595680276552836,0.024820648754636448,0.019224968428413074
7500,H8-V,578,n03450230/ILSVRC2012_val_00003778_n03450230,19,3,0.00939495830486218,0.09444911281267802,0.5524910489718119,0.024364780634641647,0.018839870269099872
7500,H8-V,579,n03452741/ILSVRC2012_val_00029142_n03452741,1,3,0.008780181097487608,0.17946759859720865,0.5952547391255697,0.03267948888242245,0.026726941267649334
7500,H8-V,579,n03452741/ILSVRC2012_val_00029142_n03452741,4,3,0.005236249417066574,0.10983931024869283,0.484140286842982,0.02106158311168353,0.016220180317759514
7500,H8-V,579,n03452741/ILSVRC2012_val_00029142_n03452741,7,3,0.004868954109648864,0.10385285814603169,0.4546322723229726,0.019800563032428425,0.015254239862163862
7500,H8-V,579,n03452741/ILSVRC2012_val_00029142_n03452741,13,3,0.00454809470102191,0.09778430312871933,0.4318015178044637,0.018644540881117184,0.014326525541643301
7500,H8-V,579,n03452741/ILSVRC2012_val_00029142_n03452741,19,3,0.00443633459508419,0.0955166220664978,0.4289684593677521,0.018277681122223537,0.013987996925910315
7500,H8-V,580,n03457902/ILSVRC2012_val_00009278_n03457902,1,3,0.013206485658884048,0.27549389998118085,0.8684906164805094,0.04944078127543131,0.040755875408649445
7500,H8-V,580,n03457902/ILSVRC2012_val_00009278_n03457902,4,3,0.008115208086868128,0.19207227230072021,0.7087608377138773,0.03441004455089569,0.02732243575155735
7500,H8-V,580,n03457902/ILSVRC2012_val_00009278_n03457902,7,3,0.007605002106477817,0.18461509545644125,0.6769410371780396,0.032835921893517174,0.02606651249031226
7500,H8-V,580,n03457902/ILSVRC2012_val_00009278_n03457902,13,3,0.007152462222923835,0.17844756444295248,0.6491505901018778,0.03148872529466947,0.024997219443321228
7500,H8-V,580,n03457902/ILSVRC2012_val_00009278_n03457902,19,3,0.0070157532269756,0.17622040212154388,0.6416412591934204,0.031054206813375156,0.024637794122099876
7500,H8-V,581,n03459775/ILSVRC2012_val_00041036_n03459775,1,3,0.014349441044032574,0.1764602412780126,0.8642167647679647,0.0406376322110494,0.03199546535809835
7500,H8-V,581,n03459775/ILSVRC2012_val_00041036_n03459775,4,3,0.009220979176461697,0.12041940788427989,0.7442289193471273,0.028705209493637085,0.0212629201511542
7500,H8-V,581,n03459775/ILSVRC2012_val_00041036_n03459775,7,3,0.008545484704275927,0.11474374930063884,0.7093696991602579,0.027113556240995724,0.020019859696427982
7500,H8-V,581,n03459775/ILSVRC2012_val_00041036_n03459775,13,3,0.00786080832282702,0.11145921299854915,0.6781795024871826,0.025788525119423866,0.01900672974685828
7500,H8-V,581,n03459775/ILSVRC2012_val_00041036_n03459775,19,3,0.007571123229960601,0.11015577365954717,0.6691359082857767,0.025278059765696526,0.018586700782179832
7500,H8-V,582,n03461385/ILSVRC2012_val_00017330_n03461385,1,3,0.03205847926437855,0.24338799715042114,1.6929194529851277,0.073326475918293,0.05639728158712387
7500,H8-V,582,n03461385/ILSVRC2012_val_00017330_n03461385,4,3,0.025593433529138565,0.19557649890581766,1.5395400524139404,0.06054648384451866,0.04515108341972033
7500,H8-V,582,n03461385/ILSVRC2012_val_00017330_n03461385,7,3,0.02459434357782205,0.19155115385850272,1.4945738315582275,0.05869519834717115,0.0437494603296121
7500,H8-V,582,n03461385/ILSVRC2012_val_00017330_n03461385,13,3,0.02381942669550578,0.1889412502447764,1.450751821200053,0.05722106869022051,0.04271355147163073
7500,H8-V,582,n03461385/ILSVRC2012_val_00017330_n03461385,19,3,0.023747359092036884,0.1896014412244161,1.4386412302652996,0.05709391583998998,0.04270750284194946
7500,H8-V,583,n03467068/ILSVRC2012_val_00048878_n03467068,1,3,0.007649644433210294,0.13958643128474554,0.3235589563846588,0.024843877802292507,0.02160828746855259
7500,H8-V,583,n03467068/ILSVRC2012_val_00048878_n03467068,4,3,0.0017162383689234655,0.05053454761703809,0.2164014826218287,0.00893370807170868,0.006769693301369746
7500,H8-V,583,n03467068/ILSVRC2012_val_00048878_n03467068,7,3,0.0015793290610114734,0.046300084640582405,0.19031115372975668,0.0081124488885204,0.006209337618201971
7500,H8-V,583,n03467068/ILSVRC2012_val_00048878_n03467068,13,3,0.0014655339376380045,0.04261658092339834,0.17155290643374124,0.007442721165716648,0.005727192076543967
7500,H8-V,583,n03467068/ILSVRC2012_val_00048878_n03467068,19,3,0.0014235618291422725,0.041526551047960915,0.1705149213473002,0.007281366114815076,0.005576217081397772
7500,H8-V,584,n03476684/ILSVRC2012_val_00007252_n03476684,1,3,0.023034247880180676,0.18183804551760355,0.6764132579167684,0.04798218483726183,0.04121805230776469
7500,H8-V,584,n03476684/ILSVRC2012_val_00007252_n03476684,4,3,0.018367793411016464,0.12479216357072194,0.5522366563479105,0.036369377126296364,0.030847010513146717
7500,H8-V,584,n03476684/ILSVRC2012_val_00007252_n03476684,7,3,0.017691989118854206,0.11710093915462494,0.5245122313499451,0.03464720646540324,0.02940208340684573
7500,H8-V,584,n03476684/ILSVRC2012_val_00007252_n03476684,13,3,0.017127944777409237,0.11422211428483327,0.49949594338734943,0.033545115341742836,0.028550156702597935
7500,H8-V,584,n03476684/ILSVRC2012_val_00007252_n03476684,19,3,0.016902688269813854,0.11262347797552745,0.494042565425237,0.03310546154777209,0.028165035570661228
7500,H8-V,585,n03476991/ILSVRC2012_val_00002196_n03476991,1,3,0.008139937029530605,0.2116505652666092,0.724709669748942,0.036552090818683304,0.029304994270205498
7500,H8-V,585,n03476991/ILSVRC2012_val_00002196_n03476991,4,3,0.004115174990147352,0.11001063386599223,0.574784517288208,0.020864083742101986,0.015116238656143347
7500,H8-V,585,n03476991/ILSVRC2012_val_00002196_n03476991,7,3,0.0038651092909276485,0.10576542466878891,0.5433458089828491,0.01987511043747266,0.014441652223467827
7500,H8-V,585,n03476991/ILSVRC2012_val_00002196_n03476991,13,3,0.003617757543300589,0.10189965864022572,0.5171178579330444,0.018978902449210484,0.01380772360910972
7500,H8-V,585,n03476991/ILSVRC2012_val_00002196_n03476991,19,3,0.003530923199529449,0.1007024273276329,0.5110801657040914,0.01871196801463763,0.013601166196167469
7500,H8-V,586,n03478589/ILSVRC2012_val_00014449_n03478589,1,3,0.01650988993545373,0.23283248643080393,0.775636613368988,0.04754950478672981,0.03979313870271047
7500,H8-V,586,n03478589/ILSVRC2012_val_00014449_n03478589,4,3,0.01260374765843153,0.1624686618645986,0.65488068262736,0.035399420807758965,0.028850614403684933
7500,H8-V,586,n03478589/ILSVRC2012_val_00014449_n03478589,7,3,0.01199806792040666,0.15516351660092673,0.6236293713251749,0.03375071411331495,0.027514419828852017
7500,H8-V,586,n03478589/ILSVRC2012_val_00014449_n03478589,13,3,0.01140861368427674,0.1460274656613668,0.5976773500442505,0.03198813398679098,0.026011360188325245
7500,H8-V,586,n03478589/ILSVRC2012_val_00014449_n03478589,19,3,0.011212691043814024,0.14254416525363922,0.591947873433431,0.03138658528526624,0.02546710769335429
7500,H8-V,587,n03481172/ILSVRC2012_val_00020314_n03481172,1,3,0.005527759126077096,0.20564094682534537,0.5013877252737681,0.031105732545256615,0.02609185501933098
7500,H8-V,587,n03481172/ILSVRC2012_val_00020314_n03481172,4,3,0.0027624665138622126,0.10787734886010487,0.388706773519516,0.017437268669406574,0.013550201741357645
7500,H8-V,587,n03481172/ILSVRC2012_val_00020314_n03481172,7,3,0.002581687488903602,0.10196254899104436,0.36197371284166974,0.016397679845492046,0.012777942543228468
7500,H8-V,587,n03481172/ILSVRC2012_val_00020314_n03481172,13,3,0.0024338068130115667,0.09654716153939565,0.3427034020423889,0.015515556558966637,0.012088522935907045
7500,H8-V,587,n03481172/ILSVRC2012_val_00020314_n03481172,19,3,0.0023929189580182233,0.0957054669658343,0.3430643081665039,0.015394108680387339,0.011963465561469397
7500,H8-V,588,n03482405/ILSVRC2012_val_00035547_n03482405,1,3,0.010537286599477133,0.19037261605262756,0.6962052385012308,0.03653660168250402,0.029574548825621605
7500,H8-V,588,n03482405/ILSVRC2012_val_00035547_n03482405,4,3,0.007602583772192399,0.1461345056692759,0.5943756699562073,0.028159790982802708,0.022216034432252247
7500,H8-V,588,n03482405/ILSVRC2012_val_00035547_n03482405,7,3,0.00691299419850111,0.1389621595541636,0.5642149051030477,0.026451359192530315,0.020809210216005642
7500,H8-V,588,n03482405/ILSVRC2012_val_00035547_n03482405,13,3,0.006375104654580355,0.13291877508163452,0.5392288962999979,0.02505927098294099,0.01966698219378789
7500,H8-V,588,n03482405/ILSVRC2012_val_00035547_n03482405,19,3,0.006222706598540147,0.1304678668578466,0.5347730120023092,0.02461722306907177,0.01926949309806029
7500,H8-V,589,n03483316/ILSVRC2012_val_00016008_n03483316,1,3,0.011297445744276047,0.21007806559403738,0.7707471251487732,0.04001272221406301,0.03230525180697441
7500,H8-V,589,n03483316/ILSVRC2012_val_00016008_n03483316,4,3,0.007617325522005558,0.13676652808984122,0.6299391984939575,0.027593370527029037,0.021293978517254192
7500,H8-V,589,n03483316/ILSVRC2012_val_00016008_n03483316,7,3,0.007156711847831805,0.13109650711218515,0.5995753606160482,0.0262621163080136,0.02026636277635892
7500,H8-V,589,n03483316/ILSVRC2012_val_00016008_n03483316,13,3,0.0067430529743433,0.1259806901216507,0.5741238792737325,0.025082361573974293,0.019341122979919117
7500,H8-V,589,n03483316/ILSVRC2012_val_00016008_n03483316,19,3,0.006645843231429656,0.12374500433603923,0.5691190361976624,0.02471153313914935,0.01902034319937229
7500,H8-V,590,n03485407/ILSVRC2012_val_00022639_n03485407,1,3,0.005794246215373278,0.11533636103073756,0.3208592931429545,0.020536476125319798,0.017327882970372837
7500,H8-V,590,n03485407/ILSVRC2012_val_00022639_n03485407,4,3,0.0027005200584729514,0.05279146755735079,0.20820252597332,0.010061691825588545,0.007979666658987602
7500,H8-V,590,n03485407/ILSVRC2012_val_00022639_n03485407,7,3,0.0023919501497099795,0.046518128365278244,0.1823863834142685,0.008867626699308554,0.007043763063848019
7500,H8-V,590,n03485407/ILSVRC2012_val_00022639_n03485407,13,3,0.0022445714566856623,0.044051951418320336,0.16199747721354166,0.0082697415103515,0.0066497667382160825
7500,H8-V,590,n03485407/ILSVRC2012_val_00022639_n03485407,19,3,0.002222444008414944,0.04336924354235331,0.15948659678300223,0.008154234228034815,0.006559368378172318
7500,H8-V,591,n03485794/ILSVRC2012_val_00043533_n03485794,1,3,0.002944755367934704,0.14529812832673392,0.2754654784997304,0.02022922287384669,0.01747456844896078
7500,H8-V,591,n03485794/ILSVRC2012_val_00043533_n03485794,4,3,0.0010639463628952701,0.05156142016251882,0.18087031443913779,0.00802879175171256,0.006220088495562474
7500,H8-V,591,n03485794/ILSVRC2012_val_00043533_n03485794,7,3,0.0009625129168853164,0.04579842959841093,0.15664236744244894,0.0071087796241045,0.005542356055229902
7500,H8-V,591,n03485794/ILSVRC2012_val_00043533_n03485794,13,3,0.0008903489797376096,0.041755390663941704,0.13932576775550842,0.006459145651509364,0.005065888011207183
7500,H8-V,591,n03485794/ILSVRC2012_val_00043533_n03485794,19,3,0.0008677934723285338,0.041297278056542076,0.13839520514011383,0.006381473193566005,0.004997521173208952
7500,H8-V,592,n03492542/ILSVRC2012_val_00020209_n03492542,1,3,0.008652408607304096,0.14442279934883118,0.5111205379168192,0.028205893312891323,0.023094688231746357
7500,H8-V,592,n03492542/ILSVRC2012_val_00020209_n03492542,4,3,0.0053511060153444605,0.08543300131956737,0.407927801211675,0.017973685016234715,0.013894406768182913
7500,H8-V,592,n03492542/ILSVRC2012_val_00020209_n03492542,7,3,0.005080936166147391,0.08241145809491475,0.3816167712211609,0.017138249551256497,0.013322082037727037
7500,H8-V,592,n03492542/ILSVRC2012_val_00020209_n03492542,13,3,0.004871155135333538,0.07987774163484573,0.36108718315760296,0.01646980146567027,0.012858929422994455
7500,H8-V,592,n03492542/ILSVRC2012_val_00020209_n03492542,19,3,0.004811717662960291,0.07855567832787831,0.35756273070971173,0.01624291328092416,0.012667285899321238
7500,H8-V,593,n03494278/ILSVRC2012_val_00013904_n03494278,1,3,0.009029216133058071,0.1964812328418096,0.4375591576099396,0.033052931229273476,0.028677339976032574
7500,H8-V,593,n03494278/ILSVRC2012_val_00013904_n03494278,4,3,0.003738373906041185,0.08666219562292099,0.3069136639436086,0.01547373024125894,0.012404593639075756
7500,H8-V,593,n03494278/ILSVRC2012_val_00013904_n03494278,7,3,0.0033628010811905065,0.08137141168117523,0.2781389156977336,0.014281331871946653,0.011499942590792974
7500,H8-V,593,n03494278/ILSVRC2012_val_00013904_n03494278,13,3,0.003103716609378656,0.0762857695420583,0.2573530574639638,0.013305824249982834,0.010732293749849001
7500,H8-V,593,n03494278/ILSVRC2012_val_00013904_n03494278,19,3,0.003045721057181557,0.07444375256697337,0.2573449909687042,0.013063545959691206,0.010490096174180508
7500,H8-V,594,n03495258/ILSVRC2012_val_00002209_n03495258,1,3,0.01202601691087087,0.2043615182240804,0.6766263643900553,0.03922843188047409,0.032462168484926224
7500,H8-V,594,n03495258/ILSVRC2012_val_00002209_n03495258,4,3,0.006727525188277165,0.11985250065724055,0.5500427683194479,0.024213202918569248,0.01871277578175068
7500,H8-V,594,n03495258/ILSVRC2012_val_00002209_n03495258,7,3,0.006280796447147925,0.11330394198497136,0.5193252563476562,0.022804444034894306,0.017611190676689148
7500,H8-V,594,n03495258/ILSVRC2012_val_00002209_n03495258,13,3,0.005844695804019769,0.10710421452919643,0.4942074517409007,0.02149719124039014,0.016555117443203926
7500,H8-V,594,n03495258/ILSVRC2012_val_00002209_n03495258,19,3,0.0057220955689748125,0.10547764350970586,0.4896882176399231,0.02116674246887366,0.016269860168298084
7500,H8-V,595,n03496892/ILSVRC2012_val_00035681_n03496892,1,3,0.00922478207697471,0.1642289161682129,0.41606486837069195,0.029808322588602703,0.02564767375588417
7500,H8-V,595,n03496892/ILSVRC2012_val_00035681_n03496892,4,3,0.0072991868170599146,0.12136749178171158,0.33783220251401264,0.022814258312185604,0.019435936585068703
7500,H8-V,595,n03496892/ILSVRC2012_val_00035681_n03496892,7,3,0.007011050668855508,0.11919307460387547,0.3114430407683055,0.022044789046049118,0.018930358812212944
7500,H8-V,595,n03496892/ILSVRC2012_val_00035681_n03496892,13,3,0.006781919238468011,0.1164043794075648,0.29233217239379883,0.021345679337779682,0.01842235711713632
7500,H8-V,595,n03496892/ILSVRC2012_val_00035681_n03496892,19,3,0.006705598905682564,0.1153633842865626,0.2921764552593231,0.0211637020111084,0.01824193758269151
7500,H8-V,596,n03498962/ILSVRC2012_val_00021304_n03498962,1,3,0.005902102527519067,0.3116219838460286,0.5284807980060577,0.04234910880525907,0.037064300229152046
7500,H8-V,596,n03498962/ILSVRC2012_val_00021304_n03498962,4,3,0.0036377800473322472,0.18762298425038657,0.3913939992586772,0.026314017673333485,0.022400078053275745
7500,H8-V,596,n03498962/ILSVRC2012_val_00021304_n03498962,7,3,0.003467731410637498,0.18121421337127686,0.36251307527224225,0.025214283416668575,0.021589153135816257
7500,H8-V,596,n03498962/ILSVRC2012_val_00021304_n03498962,13,3,0.0033151157355556884,0.17310955623785654,0.3396402597427368,0.02402247426410516,0.020626071840524673
7500,H8-V,596,n03498962/ILSVRC2012_val_00021304_n03498962,19,3,0.003266983199864626,0.16902534663677216,0.3357808192571004,0.023527326062321663,0.020169518267114956
7500,H8-V,597,n03527444/ILSVRC2012_val_00006732_n03527444,1,3,0.012590518842140833,0.2599753886461258,0.5559501846631368,0.0441475585103035,0.03858805758257707
7500,H8-V,597,n03527444/ILSVRC2012_val_00006732_n03527444,4,3,0.005301314406096935,0.13622830311457315,0.39598962664604187,0.022884040450056393,0.018924144407113392
7500,H8-V,597,n03527444/ILSVRC2012_val_00006732_n03527444,7,3,0.0049751438200473785,0.12858545035123825,0.3675209581851959,0.021508897965153057,0.017833688606818516
7500,H8-V,597,n03527444/ILSVRC2012_val_00006732_n03527444,13,3,0.004678692203015089,0.12026397387186687,0.3458591302235921,0.020163680737217266,0.016705089559157688
7500,H8-V,597,n03527444/ILSVRC2012_val_00006732_n03527444,19,3,0.004603710180769364,0.11726974447568257,0.3442374567190806,0.019773059835036595,0.01633068546652794
7500,H8-V,598,n03529860/ILSVRC2012_val_00035132_n03529860,1,3,0.008345153337965408,0.16729392111301422,0.5139726400375366,0.03021427181859811,0.02507454591492812
7500,H8-V,598,n03529860/ILSVRC2012_val_00035132_n03529860,4,3,0.0038378418733676276,0.09721697370211284,0.4108397861321767,0.017667936782042187,0.01355953918149074
7500,H8-V,598,n03529860/ILSVRC2012_val_00035132_n03529860,7,3,0.0036102745216339827,0.09216691801945369,0.38217517733573914,0.01664871784547965,0.012826966742674509
7500,H8-V,598,n03529860/ILSVRC2012_val_00035132_n03529860,13,3,0.003418589010834694,0.08609964946905772,0.3607556223869324,0.015636109746992588,0.012028553523123264
7500,H8-V,598,n03529860/ILSVRC2012_val_00035132_n03529860,19,3,0.003351163429518541,0.08348093430201213,0.3586893181006114,0.015286149767537912,0.011699256797631582
7500,H8-V,599,n03530642/ILSVRC2012_val_00035617_n03530642,1,3,0.023035478467742603,0.3377659022808075,1.0286298990249634,0.06709836920102437,0.056812070310115814
7500,H8-V,599,n03530642/ILSVRC2012_val_00035617_n03530642,4,3,0.017860323190689087,0.20298704504966736,0.8761018117268881,0.046920044968525566,0.03815902769565582
7500,H8-V,599,n03530642/ILSVRC2012_val_00035617_n03530642,7,3,0.01721947205563386,0.1964255521694819,0.8427046537399292,0.04528907438119253,0.03686202814181646
7500,H8-V,599,n03530642/ILSVRC2012_val_00035617_n03530642,13,3,0.01671217940747738,0.18947185575962067,0.8124303221702576,0.04378366842865944,0.035659365355968475
7500,H8-V,599,n03530642/ILSVRC2012_val_00035617_n03530642,19,3,0.016642306620875996,0.18529958526293436,0.8035132090250651,0.043207397063573204,0.03517226502299309
7500,H8-V,600,n03532672/ILSVRC2012_val_00016133_n03532672,1,3,0.012219986412674189,0.2658390551805496,0.4664326806863149,0.043468217055002846,0.03880389096836249
7500,H8-V,600,n03532672/ILSVRC2012_val_00016133_n03532672,4,3,0.0032347301797320447,0.0779983401298523,0.3066697120666504,0.014101261893908182,0.011034564735988775
7500,H8-V,600,n03532672/ILSVRC2012_val_00016133_n03532672,7,3,0.0030656716941545406,0.07540489236513774,0.28014188011487323,0.013407579623162746,0.010606161008278528
7500,H8-V,600,n03532672/ILSVRC2012_val_00016133_n03532672,13,3,0.0028603477403521538,0.0712020993232727,0.2604725460211436,0.012585283257067204,0.009980557796855768
7500,H8-V,600,n03532672/ILSVRC2012_val_00016133_n03532672,19,3,0.002732963456461827,0.06898898134628932,0.26001516977945965,0.012232013046741486,0.009631861622134844
7500,H8-V,601,n03534580/ILSVRC2012_val_00003283_n03534580,1,3,0.01894793224831422,0.2890208264191945,0.8112948139508566,0.055962963650623955,0.04785001650452614
7500,H8-V,601,n03534580/ILSVRC2012_val_00003283_n03534580,4,3,0.012840739451348782,0.18134238322575888,0.6635356148084005,0.0376103346546491,0.030974977960189182
7500,H8-V,601,n03534580/ILSVRC2012_val_00003283_n03534580,7,3,0.012193710853656134,0.1749273737271627,0.6318329373995463,0.03600477799773216,0.029686448474725086
7500,H8-V,601,n03534580/ILSVRC2012_val_00003283_n03534580,13,3,0.011555117244521776,0.16659343739350638,0.6056823333104452,0.03427128493785858,0.028214461480577786
7500,H8-V,601,n03534580/ILSVRC2012_val_00003283_n03534580,19,3,0.01131892204284668,0.1617616613705953,0.6012032429377238,0.03350711986422539,0.027495088676611584
7500,H8-V,602,n03535780/ILSVRC2012_val_00026801_n03535780,1,3,0.012228636691967646,0.20181300739447275,0.7160918315251669,0.03957085683941841,0.03240993805229664
7500,H8-V,602,n03535780/ILSVRC2012_val_00026801_n03535780,4,3,0.0049414909444749355,0.10851649940013885,0.5805193583170573,0.02159833473463853,0.015793141598502796
7500,H8-V,602,n03535780/ILSVRC2012_val_00026801_n03535780,7,3,0.004617159565289815,0.10442427297433217,0.5478343566258749,0.020537930230299633,0.015059586614370346
7500,H8-V,602,n03535780/ILSVRC2012_val_00026801_n03535780,13,3,0.004291542340070009,0.10057700425386429,0.5196189880371094,0.019545432801047962,0.01434924298276504
7500,H8-V,602,n03535780/ILSVRC2012_val_00026801_n03535780,19,3,0.004174212925136089,0.10039491206407547,0.512218197186788,0.01933588646352291,0.014213704504072666
7500,H8-V,603,n03538406/ILSVRC2012_val_00016461_n03538406,1,3,0.017526642108956974,0.2845654586950938,0.9338391621907552,0.05532157917817434,0.04598318785429001
7500,H8-V,603,n03538406/ILSVRC2012_val_00016461_n03538406,4,3,0.010863435765107473,0.18379674355189005,0.7883603970209757,0.037126714984575905,0.029243110368649166
7500,H8-V,603,n03538406/ILSVRC2012_val_00016461_n03538406,7,3,0.010252561420202255,0.17678474883238474,0.7556136846542358,0.035487173746029534,0.02793103704849879
7500,H8-V,603,n03538406/ILSVRC2012_val_00016461_n03538406,13,3,0.00976034440100193,0.16956423223018646,0.7261258165041605,0.033978025118509926,0.026716766878962517
7500,H8-V,603,n03538406/ILSVRC2012_val_00016461_n03538406,19,3,0.009637796009580294,0.16668553153673807,0.716479480266571,0.033471145977576576,0.026306350405017536
7500,H8-V,604,n03544143/ILSVRC2012_val_00004729_n03544143,1,3,0.010980210267007351,0.1788206696510315,0.8026376962661743,0.036888654033342995,0.028862278287609417
7500,H8-V,604,n03544143/ILSVRC2012_val_00004729_n03544143,4,3,0.006869560883690913,0.12282801171143849,0.6866934895515442,0.026019296298424404,0.019152361278732617
7500,H8-V,604,n03544143/ILSVRC2012_val_00004729_n03544143,7,3,0.006306278053671122,0.11707376440366109,0.6527883211771647,0.02454153758784135,0.01801365427672863
7500,H8-V,604,n03544143/ILSVRC2012_val_00004729_n03544143,13,3,0.00580050703138113,0.11113421370585759,0.6235499779383341,0.023149427647391956,0.01691392871240775
7500,H8-V,604,n03544143/ILSVRC2012_val_00004729_n03544143,19,3,0.005669901923586925,0.10970268895228703,0.6158026655515035,0.022798197343945503,0.01664017078777154
7500,H8-V,605,n03584254/ILSVRC2012_val_00027569_n03584254,1,3,0.010457892902195454,0.20772685110569,0.6725724736849467,0.03795630360643069,0.031230578819910686
7500,H8-V,605,n03584254/ILSVRC2012_val_00027569_n03584254,4,3,0.004877177067101002,0.09687320391337077,0.5265259941418966,0.019829757511615753,0.014564497706790766
7500,H8-V,605,n03584254/ILSVRC2012_val_00027569_n03584254,7,3,0.004476548017313083,0.09127036233743031,0.4961252113183339,0.018564836432536442,0.01360358422001203
7500,H8-V,605,n03584254/ILSVRC2012_val_00027569_n03584254,13,3,0.004160795981685321,0.08654361218214035,0.4715995093186696,0.017531152814626694,0.012815157572428385
7500,H8-V,605,n03584254/ILSVRC2012_val_00027569_n03584254,19,3,0.004087842845668395,0.08490349104007085,0.46741190552711487,0.01725231111049652,0.012578192166984081
7500,H8-V,606,n03584829/ILSVRC2012_val_00007158_n03584829,1,3,0.010502906516194344,0.1934370199839274,0.5636148254076639,0.03548275741438071,0.029846609259645145
7500,H8-V,606,n03584829/ILSVRC2012_val_00007158_n03584829,4,3,0.003895848523825407,0.1114041085044543,0.4381805857022603,0.019418065746625263,0.015036259467403093
7500,H8-V,606,n03584829/ILSVRC2012_val_00007158_n03584829,7,3,0.0034962276307245097,0.10338869442542394,0.40803201993306476,0.017915417129794758,0.013835097352663675
7500,H8-V,606,n03584829/ILSVRC2012_val_00007158_n03584829,13,3,0.0030860265251249075,0.0939362496137619,0.3840779960155487,0.016320430984099705,0.012479651408890883
7500,H8-V,606,n03584829/ILSVRC2012_val_00007158_n03584829,19,3,0.0029323840669045844,0.08894674479961395,0.3802068928877513,0.01562912731120984,0.011827058469255766
7500,H8-V,607,n03590841/ILSVRC2012_val_00001707_n03590841,1,3,0.009965079526106516,0.20381478468577066,0.46587995688120526,0.035005358358224235,0.03034655936062336
7500,H8-V,607,n03590841/ILSVRC2012_val_00001707_n03590841,4,3,0.0025629414400706687,0.07019459952910741,0.3269137442111969,0.012851538757483164,0.009582401563723883
7500,H8-V,607,n03590841/ILSVRC2012_val_00001707_n03590841,7,3,0.0022819531926264367,0.06432486822207768,0.2972102165222168,0.011686542071402073,0.008714439968268076
7500,H8-V,607,n03590841/ILSVRC2012_val_00001707_n03590841,13,3,0.002079580289622148,0.058177330841620765,0.27474449078241986,0.010644758430620035,0.007897313529004654
7500,H8-V,607,n03590841/ILSVRC2012_val_00001707_n03590841,19,3,0.0020341783141096434,0.05655085171262423,0.27301745613416034,0.010419438282648722,0.007689263671636581
7500,H8-V,608,n03594734/ILSVRC2012_val_00032759_n03594734,1,3,0.01534139427045981,0.2547498941421509,0.8957356810569763,0.04977374151349068,0.04081638529896736
7500,H8-V,608,n03594734/ILSVRC2012_val_00032759_n03594734,4,3,0.012381966225802898,0.18620818853378296,0.780568261941274,0.038808468729257584,0.03100278601050377
7500,H8-V,608,n03594734/ILSVRC2012_val_00032759_n03594734,7,3,0.011845501139760017,0.17981886367003122,0.7503216862678528,0.03733060508966446,0.029827388003468513
7500,H8-V,608,n03594734/ILSVRC2012_val_00032759_n03594734,13,3,0.011363871085147062,0.17419600983460745,0.7224791049957275,0.03600826362768809,0.02878347287575404
7500,H8-V,608,n03594734/ILSVRC2012_val_00032759_n03594734,19,3,0.01119867650171121,0.17169223229090372,0.7120453914006551,0.035488354663054146,0.028367900600035984
7500,H8-V,609,n03594945/ILSVRC2012_val_00025834_n03594945,1,3,0.01724938799937566,0.273741473754247,1.0794325669606526,0.05541786178946495,0.04462353636821111
7500,H8-V,609,n03594945/ILSVRC2012_val_00025834_n03594945,4,3,0.010546989118059477,0.17375905811786652,0.9038957953453064,0.03696185226241747,0.027922895426551502
7500,H8-V,609,n03594945/ILSVRC2012_val_00025834_n03594945,7,3,0.009977674732605616,0.16599408288796744,0.871057947476705,0.03528766209880511,0.02657708339393139
7500,H8-V,609,n03594945/ILSVRC2012_val_00025834_n03594945,13,3,0.009508474419514338,0.15702313681443533,0.8414255380630493,0.033625045170386635,0.025210789094368618
7500,H8-V,609,n03594945/ILSVRC2012_val_00025834_n03594945,19,3,0.009419570056100687,0.1525275856256485,0.8326151768366495,0.03299847866098086,0.024672328184048336
7500,H8-V,610,n03595614/ILSVRC2012_val_00006015_n03595614,1,3,0.005898642974595229,0.11829270919164021,0.4151033063729604,0.021878947193423908,0.01772791426628828
7500,H8-V,610,n03595614/ILSVRC2012_val_00006015_n03595614,4,3,0.0034616851868728795,0.07105094442764918,0.33740610877672833,0.01394084095954895,0.010566780033210913
7500,H8-V,610,n03595614/ILSVRC2012_val_00006015_n03595614,7,3,0.003162426253159841,0.06373732661207517,0.31051010886828107,0.012641259469091892,0.009536158914367357
7500,H8-V,610,n03595614/ILSVRC2012_val_00006015_n03595614,13,3,0.002933574141934514,0.05804886917273203,0.29085678855578107,0.01164702915896972,0.008738461260994276
7500,H8-V,610,n03595614/ILSVRC2012_val_00006015_n03595614,19,3,0.0028739875027288995,0.05633487552404404,0.2902422646681468,0.011409897357225418,0.008507474946479002
7500,H8-V,611,n03598930/ILSVRC2012_val_00001188_n03598930,1,3,0.019330652430653572,0.3061156968275706,0.8389975825945536,0.058332198609908424,0.04994222273429235
7500,H8-V,611,n03598930/ILSVRC2012_val_00001188_n03598930,4,3,0.01681823842227459,0.25516538818677265,0.7276094357172648,0.04961087182164192,0.04233477761348089
7500,H8-V,611,n03598930/ILSVRC2012_val_00001188_n03598930,7,3,0.016186606138944626,0.24682657420635223,0.6948485175768534,0.04781774803996086,0.040869263311227165
7500,H8-V,611,n03598930/ILSVRC2012_val_00001188_n03598930,13,3,0.015619432864089807,0.23790273070335388,0.6666672627131144,0.0460763784746329,0.03940970574816068
7500,H8-V,611,n03598930/ILSVRC2012_val_00001188_n03598930,19,3,0.015465588929752508,0.23518939316272736,0.6590062578519186,0.045574591805537544,0.03898452967405319
7500,H8-V,612,n03599486/ILSVRC2012_val_00047401_n03599486,1,3,0.027911245202024777,0.2793481747309367,1.6890136400858562,0.07273619870344798,0.05584606279929479
7500,H8-V,612,n03599486/ILSVRC2012_val_00047401_n03599486,4,3,0.018548302973310154,0.2033490091562271,1.492618441581726,0.05380939071377119,0.03888320550322533
7500,H8-V,612,n03599486/ILSVRC2012_val_00047401_n03599486,7,3,0.017119457324345905,0.19332883755366007,1.4505122900009155,0.05095746492346128,0.036452341824769974
7500,H8-V,612,n03599486/ILSVRC2012_val_00047401_n03599486,13,3,0.015992337837815285,0.18338892857233682,1.4078341722488403,0.048409572492043175,0.034331231067577996
7500,H8-V,612,n03599486/ILSVRC2012_val_00047401_n03599486,19,3,0.01574233112235864,0.180855393409729,1.3932551542917888,0.047760422031084694,0.03382787108421326
7500,H8-V,613,n03602883/ILSVRC2012_val_00036138_n03602883,1,3,0.014952634771664938,0.24366632103919983,0.7182203531265259,0.04650147259235382,0.03931926811734835
7500,H8-V,613,n03602883/ILSVRC2012_val_00036138_n03602883,4,3,0.007002649363130331,0.12956691781679788,0.5753162304560343,0.02571250374118487,0.01995934173464775
7500,H8-V,613,n03602883/ILSVRC2012_val_00036138_n03602883,7,3,0.006472515718390544,0.12375785162051518,0.5437097350756327,0.024285398423671722,0.018848301221927006
7500,H8-V,613,n03602883/ILSVRC2012_val_00036138_n03602883,13,3,0.005894477634380261,0.11819073806206386,0.517314076423645,0.022886691614985466,0.017713551099101704
7500,H8-V,613,n03602883/ILSVRC2012_val_00036138_n03602883,19,3,0.005667005044718583,0.1151527687907219,0.5115766922632853,0.02229804980258147,0.017182282482584316
7500,H8-V,614,n03617480/ILSVRC2012_val_00002198_n03617480,1,3,0.030727512513597805,0.25691760579744977,1.499956488609314,0.07141883671283722,0.05641927321751913
7500,H8-V,614,n03617480/ILSVRC2012_val_00002198_n03617480,4,3,0.022113734856247902,0.16883053878943124,1.3617902199427288,0.05261469011505445,0.038996788362661995
7500,H8-V,614,n03617480/ILSVRC2012_val_00002198_n03617480,7,3,0.021162158499161404,0.16320272783438364,1.3254790306091309,0.05073722327748934,0.03748243302106857
7500,H8-V,614,n03617480/ILSVRC2012_val_00002198_n03617480,13,3,0.020409838606913883,0.15570759773254395,1.2899627685546875,0.04888022691011429,0.03598059838016828
7500,H8-V,614,n03617480/ILSVRC2012_val_00002198_n03617480,19,3,0.0202301690975825,0.15346086025238037,1.2760665814081829,0.04833691939711571,0.03557625412940979
7500,H8-V,615,n03623198/ILSVRC2012_val_00041207_n03623198,1,3,0.01490724552422762,0.3143982191880544,0.4740074078241984,0.05108714227875074,0.04634706676006317
7500,H8-V,615,n03623198/ILSVRC2012_val_00041207_n03623198,4,3,0.0075640566647052765,0.1474529206752777,0.32178876797358197,0.02552723636229833,0.022309348608056705
7500,H8-V,615,n03623198/ILSVRC2012_val_00041207_n03623198,7,3,0.006967674009501934,0.14230557282765707,0.2961731553077698,0.024159962311387062,0.021198231106003124
7500,H8-V,615,n03623198/ILSVRC2012_val_00041207_n03623198,13,3,0.006638474141558011,0.14035438994566599,0.2777692377567291,0.023451604569951694,0.02067391263941924
7500,H8-V,615,n03623198/ILSVRC2012_val_00041207_n03623198,19,3,0.006516811437904835,0.1390568365653356,0.2771720290184021,0.02319421557088693,0.020422495280702908
7500,H8-V,616,n03627232/ILSVRC2012_val_00037526_n03627232,1,3,0.007334972886989514,0.1609389136234919,0.77891077597936,0.031217971195777256,0.023428863535324734
7500,H8-V,616,n03627232/ILSVRC2012_val_00037526_n03627232,4,3,0.004574440885335207,0.10580792526404063,0.6486935615539551,0.021642169604698818,0.015155233442783356
7500,H8-V,616,n03627232/ILSVRC2012_val_00037526_n03627232,7,3,0.004221726053704818,0.10054770608743031,0.6166331171989441,0.0204428272942702,0.014276496755580107
7500,H8-V,616,n03627232/ILSVRC2012_val_00037526_n03627232,13,3,0.003940316770846645,0.09566597640514374,0.5880974928538004,0.01938788841168086,0.013506914488971233
7500,H8-V,616,n03627232/ILSVRC2012_val_00037526_n03627232,19,3,0.0039087085363765555,0.0933258260289828,0.5799854199091593,0.019041145220398903,0.013241291356583437
7500,H8-V,617,n03630383/ILSVRC2012_val_00045271_n03630383,1,3,0.007443290824691455,0.19924739499886832,0.519106407960256,0.03255909619232019,0.027368031442165375
7500,H8-V,617,n03630383/ILSVRC2012_val_00045271_n03630383,4,3,0.002509821749602755,0.11478932201862335,0.406337042649587,0.01805212472875913,0.013988754091163477
7500,H8-V,617,n03630383/ILSVRC2012_val_00045271_n03630383,7,3,0.002252494217827916,0.10778450965881348,0.3786983589331309,0.0168179286022981,0.01303094532340765
7500,H8-V,617,n03630383/ILSVRC2012_val_00045271_n03630383,13,3,0.0019612702696273723,0.09997006009022395,0.35679320494333905,0.015526208405693373,0.011958276542524496
7500,H8-V,617,n03630383/ILSVRC2012_val_00045271_n03630383,19,3,0.0018079608368376892,0.09652739763259888,0.35358144839604694,0.014996515276531378,0.011460700693229834
7500,H8-V,618,n03633091/ILSVRC2012_val_00006333_n03633091,1,3,0.005957283545285463,0.11043236156304677,0.28163865705331165,0.019816906191408634,0.017000519980986912
7500,H8-V,618,n03633091/ILSVRC2012_val_00006333_n03633091,4,3,0.00206983822863549,0.036963523675998054,0.16781988739967346,0.007444389319668214,0.005766190588474274
7500,H8-V,618,n03633091/ILSVRC2012_val_00006333_n03633091,7,3,0.0018405324857061107,0.03435757135351499,0.14083916942278543,0.0066846815558771295,0.005276289768517017
7500,H8-V,618,n03633091/ILSVRC2012_val_00006333_n03633091,13,3,0.0016863436127702396,0.03280627975861231,0.12151577075322469,0.006182129339625438,0.004966971619675557
7500,H8-V,618,n03633091/ILSVRC2012_val_00006333_n03633091,19,3,0.0016669719479978085,0.0326573612789313,0.12087863683700562,0.0061414943387111025,0.004932708106935024
7500,H8-V,619,n03637318/ILSVRC2012_val_00020746_n03637318,1,3,0.010345735276738802,0.18451605240503946,0.5697404344876608,0.034494745234648384,0.028797340889771778
7500,H8-V,619,n03637318/ILSVRC2012_val_00020746_n03637318,4,3,0.006448276340961456,0.10150663057963054,0.44665947556495667,0.021065534402926762,0.016598939895629883
7500,H8-V,619,n03637318/ILSVRC2012_val_00020746_n03637318,7,3,0.006075737532228231,0.09733112653096516,0.42027996977170307,0.020011650398373604,0.015808850216368835
7500,H8-V,619,n03637318/ILSVRC2012_val_00020746_n03637318,13,3,0.0058301533572375774,0.09384189297755559,0.4004033903280894,0.019218376527229946,0.015214342623949051
7500,H8-V,619,n03637318/ILSVRC2012_val_00020746_n03637318,19,3,0.005763318079213302,0.09276312589645386,0.39895886182785034,0.019029219324390095,0.015039630855123201
7500,H8-V,620,n03642806/ILSVRC2012_val_00018063_n03642806,1,3,0.004650935065001249,0.1489135573307673,0.44139907757441205,0.023956280822555225,0.01954229051868121
7500,H8-V,620,n03642806/ILSVRC2012_val_00018063_n03642806,4,3,0.003096681941921512,0.0796159307161967,0.3460230926672618,0.01451850620408853,0.01105827527741591
7500,H8-V,620,n03642806/ILSVRC2012_val_00018063_n03642806,7,3,0.0028016623885681233,0.07332138965527217,0.32062357664108276,0.013340037626524767,0.010133801649014154
7500,H8-V,620,n03642806/ILSVRC2012_val_00018063_n03642806,13,3,0.0026378295539567866,0.06930473198493321,0.3008323113123576,0.012576625992854437,0.009568302892148495
7500,H8-V,620,n03642806/ILSVRC2012_val_00018063_n03642806,19,3,0.0025727249837170043,0.06684119502703349,0.29926783839861554,0.01224952315290769,0.009256844719250997
7500,H8-V,621,n03649909/ILSVRC2012_val_00005246_n03649909,1,3,0.03573362777630488,0.19090411563714346,0.7728475530942281,0.06255251665910085,0.054824039340019226
7500,H8-V,621,n03649909/ILSVRC2012_val_00005246_n03649909,4,3,0.033692579716444016,0.17389251788457236,0.6879680951436361,0.057961512356996536,0.05108183125654856
7500,H8-V,621,n03649909/ILSVRC2012_val_00005246_n03649909,7,3,0.03306632613142332,0.1701569159825643,0.6588060855865479,0.05667007714509964,0.050082016736269
7500,H8-V,621,n03649909/ILSVRC2012_val_00005246_n03649909,13,3,0.032529337952534355,0.1645448406537374,0.6349439223607382,0.055333261688550316,0.04898382226626078
7500,H8-V,621,n03649909/ILSVRC2012_val_00005246_n03649909,19,3,0.032444875687360764,0.16075721383094788,0.6304764151573181,0.05482536181807518,0.048520597318808235
7500,H8-V,622,n03657121/ILSVRC2012_val_00033154_n03657121,1,3,0.004740958878149589,0.10861411939064662,0.27354200681050617,0.018337790854275227,0.015602371034522852
7500,H8-V,622,n03657121/ILSVRC2012_val_00033154_n03657121,4,3,0.0013685151934623718,0.048542420069376625,0.18701904018719992,0.008092947614689669,0.006222757510840893
7500,H8-V,622,n03657121/ILSVRC2012_val_00033154_n03657121,7,3,0.0012180367096637685,0.04531400526563326,0.1611507087945938,0.007360944369186957,0.005749437337120374
7500,H8-V,622,n03657121/ILSVRC2012_val_00033154_n03657121,13,3,0.001096352042319874,0.04191348453362783,0.14300004641215006,0.006717701132098834,0.005287700643142064
7500,H8-V,622,n03657121/ILSVRC2012_val_00033154_n03657121,19,3,0.001052745811951657,0.04086501399676005,0.14379381636778513,0.006577185199906428,0.005139247203866641
7500,H8-V,623,n03658185/ILSVRC2012_val_00012671_n03658185,1,3,0.0032848780198643603,0.12025771290063858,0.32083502411842346,0.018518999218940735,0.015310649139185747
7500,H8-V,623,n03658185/ILSVRC2012_val_00012671_n03658185,4,3,0.0012430476878459256,0.05971463521321615,0.2269524335861206,0.009484035583833853,0.007214511279016733
7500,H8-V,623,n03658185/ILSVRC2012_val_00012671_n03658185,7,3,0.0011526491725817323,0.056694199641545616,0.20149784783522287,0.008837047343452772,0.0068220690203209715
7500,H8-V,623,n03658185/ILSVRC2012_val_00012671_n03658185,13,3,0.001082051273745795,0.05382778992255529,0.18331687649091086,0.008297999079028765,0.006464830444504817
7500,H8-V,623,n03658185/ILSVRC2012_val_00012671_n03658185,19,3,0.0010533758516733844,0.05215145150820414,0.18294610579808554,0.00809798234452804,0.006268521149953206
7500,H8-V,624,n03661043/ILSVRC2012_val_00037789_n03661043,1,3,0.012497068693240484,0.20221731066703796,0.7015043099721273,0.03973384077350298,0.03271879876653353
7500,H8-V,624,n03661043/ILSVRC2012_val_00037789_n03661043,4,3,0.007909902216245731,0.1369395504395167,0.582365612188975,0.027427514394124348,0.021603858098387718
7500,H8-V,624,n03661043/ILSVRC2012_val_00037789_n03661043,7,3,0.0075193777059515314,0.13061878085136414,0.5529584884643555,0.026110840340455372,0.02058125597735246
7500,H8-V,624,n03661043/ILSVRC2012_val_00037789_n03661043,13,3,0.007180092856287956,0.12395427624384563,0.5289899706840515,0.024865419293443363,0.01957552010814349
7500,H8-V,624,n03661043/ILSVRC2012_val_00037789_n03661043,19,3,0.007122522996117671,0.12185499320427577,0.5248545606931051,0.024556567892432213,0.019308022533853848
7500,H8-V,625,n03662601/ILSVRC2012_val_00023517_n03662601,1,3,0.006404363705466191,0.1442976767818133,0.3317246337731679,0.024151377379894257,0.02083413116633892
7500,H8-V,625,n03662601/ILSVRC2012_val_00023517_n03662601,4,3,0.0025954220133523145,0.06303973371783893,0.23784886300563812,0.011277883624037107,0.008899395354092121
7500,H8-V,625,n03662601/ILSVRC2012_val_00023517_n03662601,7,3,0.002449892538910111,0.05849551657835642,0.21251972019672394,0.010424641892313957,0.008299444491664568
7500,H8-V,625,n03662601/ILSVRC2012_val_00023517_n03662601,13,3,0.002326665290941795,0.05430655305584272,0.19523780544598898,0.009709698458512625,0.007757320534437895
7500,H8-V,625,n03662601/ILSVRC2012_val_00023517_n03662601,19,3,0.002250437314311663,0.0521974116563797,0.1975096215804418,0.009445274248719215,0.007470178417861462
7500,H8-V,626,n03666591/ILSVRC2012_val_00017483_n03666591,1,3,0.00845766719430685,0.14584243297576904,0.3623301386833191,0.026665211965640385,0.023041910802324612
7500,H8-V,626,n03666591/ILSVRC2012_val_00017483_n03666591,4,3,0.00233549065887928,0.06843254963556926,0.24923385183016458,0.011671083668867746,0.009178745249907175
7500,H8-V,626,n03666591/ILSVRC2012_val_00017483_n03666591,7,3,0.0021566408686339855,0.06424131865302722,0.22122551500797272,0.0107930280889074,0.008580772827068964
7500,H8-V,626,n03666591/ILSVRC2012_val_00017483_n03666591,13,3,0.0020020847829679647,0.06099811444679896,0.1997183859348297,0.01009908008078734,0.008101896072427431
7500,H8-V,626,n03666591/ILSVRC2012_val_00017483_n03666591,19,3,0.0019461188931018114,0.059952061623334885,0.1968185007572174,0.009909509991606077,0.007941324884692827
7500,H8-V,627,n03670208/ILSVRC2012_val_00005250_n03670208,1,3,0.00793512569119533,0.13532981276512146,0.37299328049023944,0.025198039909203846,0.021468107278148334
7500,H8-V,627,n03670208/ILSVRC2012_val_00005250_n03670208,4,3,0.0040773307749380665,0.07666531453529994,0.28090495864550274,0.01455291205396255,0.01174386249234279
7500,H8-V,627,n03670208/ILSVRC2012_val_00005250_n03670208,7,3,0.003812491816158096,0.07161932190259297,0.25336049993832904,0.01350802897165219,0.010974423959851265
7500,H8-V,627,n03670208/ILSVRC2012_val_00005250_n03670208,13,3,0.003558454103767872,0.06574349602063496,0.23269797364870706,0.01245978350440661,0.010132803892095884
7500,H8-V,627,n03670208/ILSVRC2012_val_00005250_n03670208,19,3,0.0034506941058983407,0.06290450816353162,0.2308072249094645,0.012049217397967974,0.009741144875685373
7500,H8-V,628,n03673027/ILSVRC2012_val_00029907_n03673027,1,3,0.011879004538059235,0.21881122887134552,0.5443358421325684,0.03920348733663559,0.033760128542780876
7500,H8-V,628,n03673027/ILSVRC2012_val_00029907_n03673027,4,3,0.006945747106025617,0.13135390977064768,0.4223874310652415,0.024305013318856556,0.02008113885919253
7500,H8-V,628,n03673027/ILSVRC2012_val_00029907_n03673027,7,3,0.006624018928656976,0.12304631372292836,0.3932148317495982,0.022860798984766006,0.0189286507666111
7500,H8-V,628,n03673027/ILSVRC2012_val_00029907_n03673027,13,3,0.006348816988368829,0.11325561503569286,0.37023143966992694,0.02137669362127781,0.01767437905073166
7500,H8-V,628,n03673027/ILSVRC2012_val_00029907_n03673027,19,3,0.0062440442852675915,0.10851770391066869,0.3664164940516154,0.020759979883829754,0.017095814769466717
7500,H8-V,629,n03676483/ILSVRC2012_val_00038105_n03676483,1,3,0.00863448747744163,0.18155749142169952,0.44787957270940143,0.031269033129016556,0.026790237054228783
7500,H8-V,629,n03676483/ILSVRC2012_val_00038105_n03676483,4,3,0.003976966564853986,0.08950596799453099,0.32790760199228924,0.016206640129288036,0.012927563861012459
7500,H8-V,629,n03676483/ILSVRC2012_val_00038105_n03676483,7,3,0.0036246716044843197,0.08467150231202443,0.30003692706425983,0.015092191596825918,0.012091822301348051
7500,H8-V,629,n03676483/ILSVRC2012_val_00038105_n03676483,13,3,0.0032077779372533164,0.07854575663805008,0.2793113787968953,0.013855466929574808,0.011062353228529295
7500,H8-V,629,n03676483/ILSVRC2012_val_00038105_n03676483,19,3,0.002950207097455859,0.0747589369614919,0.2782679498195648,0.013208780127267042,0.010426100964347521
7500,H8-V,630,n03680355/ILSVRC2012_val_00034964_n03680355,1,3,0.0075075807981193066,0.13583105554183325,0.39554619789123535,0.025046148026982944,0.021090686321258545
7500,H8-V,630,n03680355/ILSVRC2012_val_00034964_n03680355,4,3,0.0023867816974719367,0.05151079719265302,0.27730969587961835,0.01031095813959837,0.007537861509869496
7500,H8-V,630,n03680355/ILSVRC2012_val_00034964_n03680355,7,3,0.00221002249357601,0.047963377088308334,0.2507731417814891,0.009514091536402702,0.007006360217928886
7500,H8-V,630,n03680355/ILSVRC2012_val_00034964_n03680355,13,3,0.0020148371501515308,0.04357011367877325,0.2317899912595749,0.008689748433729013,0.00637184859563907
7500,H8-V,630,n03680355/ILSVRC2012_val_00034964_n03680355,19,3,0.0018986614498620231,0.04073463504513105,0.23184262216091156,0.008290551292399565,0.005972125101834536
7500,H8-V,631,n03690938/ILSVRC2012_val_00031423_n03690938,1,3,0.00806002706910173,0.20020774006843567,0.6777629653612772,0.03485843166708946,0.02808080178995927
7500,H8-V,631,n03690938/ILSVRC2012_val_00031423_n03690938,4,3,0.00360702412823836,0.08810780197381973,0.5359029372533163,0.017776833847165108,0.012417804760237535
7500,H8-V,631,n03690938/ILSVRC2012_val_00031423_n03690938,7,3,0.0032922647272547088,0.08094460765520732,0.5049901803334554,0.01643662651379903,0.01138672543068727
7500,H8-V,631,n03690938/ILSVRC2012_val_00031423_n03690938,13,3,0.002990347876523932,0.0745830088853836,0.47824737429618835,0.015231122262775898,0.01044864890476068
7500,H8-V,631,n03690938/ILSVRC2012_val_00031423_n03690938,19,3,0.002874242141842842,0.07237631330887477,0.4708618422349294,0.014820492205520472,0.010111873658994833
7500,H8-V,632,n03691459/ILSVRC2012_val_00016702_n03691459,1,3,0.00556354441990455,0.16926039258639017,0.2796020209789276,0.02528560409943263,0.02248958374063174
7500,H8-V,632,n03691459/ILSVRC2012_val_00016702_n03691459,4,3,0.0012127859517931938,0.0959973285595576,0.18205441534519196,0.012633062899112701,0.010812518807748953
7500,H8-V,632,n03691459/ILSVRC2012_val_00016702_n03691459,7,3,0.001140101735169689,0.09032731006542842,0.1578135540088018,0.011750968173146248,0.010172832757234573
7500,H8-V,632,n03691459/ILSVRC2012_val_00016702_n03691459,13,3,0.0010959929786622524,0.08420995374520619,0.14060655236244202,0.010923053758839766,0.009516988260050615
7500,H8-V,632,n03691459/ILSVRC2012_val_00016702_n03691459,19,3,0.0011100742655495803,0.08081979304552078,0.13976582884788513,0.010589712299406528,0.00919205384949843
7500,H8-V,633,n03692522/ILSVRC2012_val_00026457_n03692522,1,3,0.03162495419383049,0.2995344897111257,1.2422219117482503,0.07400062183539073,0.061578404158353806
7500,H8-V,633,n03692522/ILSVRC2012_val_00026457_n03692522,4,3,0.016913470501701038,0.18793747325738272,1.0637667576471965,0.04634488373994827,0.03570721670985222
7500,H8-V,633,n03692522/ILSVRC2012_val_00026457_n03692522,7,3,0.015993910531202953,0.18067688246568045,1.0282762845357258,0.04434435938795408,0.03406159828106562
7500,H8-V,633,n03692522/ILSVRC2012_val_00026457_n03692522,13,3,0.015175980515778065,0.17329680919647217,0.9952586889266968,0.042458247393369675,0.03250566124916077
7500,H8-V,633,n03692522/ILSVRC2012_val_00026457_n03692522,19,3,0.014912254797915617,0.171419158577919,0.9849181373914083,0.041903351744016014,0.032054170966148376
7500,H8-V,634,n03697007/ILSVRC2012_val_00026290_n03697007,1,3,0.013698163131872812,0.2447766363620758,0.9606526096661886,0.04778235281507174,0.03817582627137502
7500,H8-V,634,n03697007/ILSVRC2012_val_00026290_n03697007,4,3,0.00827176154901584,0.17562861740589142,0.8209237456321716,0.034043860932191215,0.025834623103340466
7500,H8-V,634,n03697007/ILSVRC2012_val_00026290_n03697007,7,3,0.007662023107210795,0.16678168872992197,0.7874260743459066,0.032214452823003135,0.02434019185602665
7500,H8-V,634,n03697007/ILSVRC2012_val_00026290_n03697007,13,3,0.007074038963764906,0.1592754622300466,0.7581879297892252,0.030583465471863747,0.02300158639748891
7500,H8-V,634,n03697007/ILSVRC2012_val_00026290_n03697007,19,3,0.006910612961898248,0.1573722610870997,0.7498913804690043,0.030146753415465355,0.02264783966044585
7500,H8-V,635,n03706229/ILSVRC2012_val_00043753_n03706229,1,3,0.023461223890384037,0.2910093466440837,1.269748369852702,0.06525964289903641,0.05256215979655584
7500,H8-V,635,n03706229/ILSVRC2012_val_00043753_n03706229,4,3,0.016409693906704586,0.19834759334723154,1.088955283164978,0.0471340057750543,0.03624445324142774
7500,H8-V,635,n03706229/ILSVRC2012_val_00043753_n03706229,7,3,0.015708360200126965,0.1903942128022512,1.0549414157867432,0.045297195514043175,0.03474778185288111
7500,H8-V,635,n03706229/ILSVRC2012_val_00043753_n03706229,13,3,0.015192133064071337,0.18364258110523224,1.0228265126546223,0.04378465687235197,0.03355639179547628
7500,H8-V,635,n03706229/ILSVRC2012_val_00043753_n03706229,19,3,0.015100488439202309,0.1828370193640391,1.011182149251302,0.043496012687683105,0.033384191493193306
7500,H8-V,636,n03709823/ILSVRC2012_val_00022435_n03709823,1,3,0.012807617584864298,0.18989658852418265,0.5114713907241821,0.03691199173529943,0.03179727680981159
7500,H8-V,636,n03709823/ILSVRC2012_val_00022435_n03709823,4,3,0.005852770836402972,0.10426763196786244,0.3866793711980184,0.020146327714125317,0.01627953350543976
7500,H8-V,636,n03709823/ILSVRC2012_val_00022435_n03709823,7,3,0.005406082142144442,0.09741261849800746,0.3577661414941152,0.018725005288918812,0.015147344209253788
7500,H8-V,636,n03709823/ILSVRC2012_val_00022435_n03709823,13,3,0.004979120722661416,0.09015092998743057,0.33668555816014606,0.017361069098114967,0.01399421381453673
7500,H8-V,636,n03709823/ILSVRC2012_val_00022435_n03709823,19,3,0.004830482105414073,0.08688757071892421,0.3355252246061961,0.016874491547544796,0.013519239611923695
7500,H8-V,637,n03710193/ILSVRC2012_val_00040946_n03710193,1,3,0.011014940838019053,0.18991583089033762,0.7118712067604065,0.037125236044327416,0.03000652479628722
7500,H8-V,637,n03710193/ILSVRC2012_val_00040946_n03710193,4,3,0.006698935913542907,0.11653658250967662,0.5828786691029867,0.02418138086795807,0.01835259422659874
7500,H8-V,637,n03710193/ILSVRC2012_val_00040946_n03710193,7,3,0.006242536008358002,0.11106393734614055,0.5508815050125122,0.02285774362583955,0.017348928997913998
7500,H8-V,637,n03710193/ILSVRC2012_val_00040946_n03710193,13,3,0.005803116752455632,0.1062512919306755,0.5239333311716715,0.02166757918894291,0.016428245852390926
7500,H8-V,637,n03710193/ILSVRC2012_val_00040946_n03710193,19,3,0.005667696241289377,0.10467613240083058,0.5180406173070272,0.021315714965264004,0.016135309512416523
7500,H8-V,638,n03710637/ILSVRC2012_val_00003825_n03710637,1,3,0.007613726736356814,0.14336287478605905,0.3953399062156677,0.02590341369311015,0.021950014556447666
7500,H8-V,638,n03710637/ILSVRC2012_val_00003825_n03710637,4,3,0.003361110109835863,0.06790052602688472,0.3064316511154175,0.013215478820105394,0.010151162433127562
7500,H8-V,638,n03710637/ILSVRC2012_val_00003825_n03710637,7,3,0.002937671262770891,0.06072653333346049,0.2795012295246124,0.011805337232848009,0.009010324875513712
7500,H8-V,638,n03710637/ILSVRC2012_val_00003825_n03710637,13,3,0.0024651914524535337,0.051913698514302574,0.2600544293721517,0.010257105653484663,0.007656561365971963
7500,H8-V,638,n03710637/ILSVRC2012_val_00003825_n03710637,19,3,0.0023276387558629117,0.0490175224840641,0.2599765956401825,0.009829157342513403,0.007229391330232223
7500,H8-V,639,n03710721/ILSVRC2012_val_00003728_n03710721,1,3,0.009108740215500196,0.1597353791197141,0.425105224053065,0.029333331311742466,0.02508227899670601
7500,H8-V,639,n03710721/ILSVRC2012_val_00003728_n03710721,4,3,0.0024383182947834334,0.05735772351423899,0.30612560113271076,0.01123534639676412,0.008174090646207333
7500,H8-V,639,n03710721/ILSVRC2012_val_00003728_n03710721,7,3,0.0022564122142891088,0.05337305491169294,0.2770276168982188,0.010363993855814138,0.007593717736502488
7500,H8-V,639,n03710721/ILSVRC2012_val_00003728_n03710721,13,3,0.002066895365715027,0.04897495235006014,0.2556106150150299,0.009520496862630049,0.006964390631765127
7500,H8-V,639,n03710721/ILSVRC2012_val_00003728_n03710721,19,3,0.001985159469768405,0.046165368209282555,0.2549672524134318,0.009151369022826353,0.006601696368306875
7500,H8-V,640,n03717622/ILSVRC2012_val_00006575_n03717622,1,3,0.02284398985405763,0.2010706514120102,1.0360719362894695,0.05331177388628324,0.042951054871082306
7500,H8-V,640,n03717622/ILSVRC2012_val_00006575_n03717622,4,3,0.018335382764538128,0.14711717267831168,0.8979746301968893,0.042026846359173455,0.033047099908192955
7500,H8-V,640,n03717622/ILSVRC2012_val_00006575_n03717622,7,3,0.017548139517505962,0.14163494606812796,0.8643017212549845,0.040354651709397636,0.0317116342484951
7500,H8-V,640,n03717622/ILSVRC2012_val_00006575_n03717622,13,3,0.017003214607636135,0.13662250836690268,0.8352506359418234,0.03901797284682592,0.030665465941031773
7500,H8-V,640,n03717622/ILSVRC2012_val_00006575_n03717622,19,3,0.017040582994620006,0.1351616531610489,0.8284319837888082,0.038841068744659424,0.030556748310724895
7500,H8-V,641,n03720891/ILSVRC2012_val_00011961_n03720891,1,3,0.005533630959689617,0.16765318314234415,0.4837672809759776,0.0271366232385238,0.022298950081070263
7500,H8-V,641,n03720891/ILSVRC2012_val_00011961_n03720891,4,3,0.0014449979256217678,0.07040394097566605,0.358265886704127,0.012068050603071848,0.008485391736030579
7500,H8-V,641,n03720891/ILSVRC2012_val_00011961_n03720891,7,3,0.0012949554560085137,0.06533676385879517,0.331011821826299,0.011138750240206718,0.00782863205919663
7500,H8-V,641,n03720891/ILSVRC2012_val_00011961_n03720891,13,3,0.0011585641574735444,0.05978174755970637,0.31042226155598956,0.01024096179753542,0.007136739169557889
7500,H8-V,641,n03720891/ILSVRC2012_val_00011961_n03720891,19,3,0.0011171405591691534,0.05747963239749273,0.3088088532288869,0.009953192435204983,0.006865104039510091
7500,H8-V,642,n03721384/ILSVRC2012_val_00020398_n03721384,1,3,0.012497264270981153,0.17057392497857413,0.6434254248936971,0.03598891074458758,0.029554656396309536
7500,H8-V,642,n03721384/ILSVRC2012_val_00020398_n03721384,4,3,0.008595639218886694,0.11146850635608037,0.5362428426742554,0.025104918827613194,0.019742490102847416
7500,H8-V,642,n03721384/ILSVRC2012_val_00020398_n03721384,7,3,0.008119146650036177,0.10676855842272441,0.5073288083076477,0.023869290327032406,0.018796002492308617
7500,H8-V,642,n03721384/ILSVRC2012_val_00020398_n03721384,13,3,0.007711696748932202,0.10269386569658916,0.48473220070203143,0.022828405102094013,0.01798108344276746
7500,H8-V,642,n03721384/ILSVRC2012_val_00020398_n03721384,19,3,0.0076133642966548605,0.1020305206378301,0.4817113478978475,0.022633529578646023,0.017816416298349697
7500,H8-V,643,n03724870/ILSVRC2012_val_00009541_n03724870,1,3,0.027696640541156132,0.23368693888187408,0.45610963304837543,0.055626433342695236,0.05106533691287041
7500,H8-V,643,n03724870/ILSVRC2012_val_00009541_n03724870,4,3,0.0062517947517335415,0.06462429215510686,0.3187105854352315,0.015901329616705578,0.012714223936200142
7500,H8-V,643,n03724870/ILSVRC2012_val_00009541_n03724870,7,3,0.005945767431209485,0.06254144882162412,0.29251227776209515,0.01512503499786059,0.012199912530680498
7500,H8-V,643,n03724870/ILSVRC2012_val_00009541_n03724870,13,3,0.005746934097260237,0.061277793099482857,0.2736402948697408,0.014611116610467434,0.011874713624517122
7500,H8-V,643,n03724870/ILSVRC2012_val_00009541_n03724870,19,3,0.005783133053531249,0.06072231630484263,0.27314189076423645,0.01458678332467874,0.011855364466706911
7500,H8-V,644,n03729826/ILSVRC2012_val_00042470_n03729826,1,3,0.00969347171485424,0.21402729550997415,0.5678850412368774,0.036775050684809685,0.031096201390028
7500,H8-V,644,n03729826/ILSVRC2012_val_00042470_n03729826,4,3,0.004465512000024319,0.09570927669604619,0.4188021620114644,0.018224461004137993,0.014036439669628939
7500,H8-V,644,n03729826/ILSVRC2012_val_00042470_n03729826,7,3,0.0041968501172959805,0.09080070753892262,0.39007302125295,0.017177651325861614,0.013276920653879642
7500,H8-V,644,n03729826/ILSVRC2012_val_00042470_n03729826,13,3,0.003936016311248143,0.08584415415922801,0.3688041965166728,0.016208473592996597,0.012520431851347288
7500,H8-V,644,n03729826/ILSVRC2012_val_00042470_n03729826,19,3,0.0038821148530890546,0.085480031867822,0.3672185738881429,0.016102304061253864,0.012430118396878242
7500,H8-V,645,n03733131/ILSVRC2012_val_00005074_n03733131,1,3,0.020759866883357365,0.23263351122538248,0.8823395570119222,0.052846615513165794,0.0440232182542483
7500,H8-V,645,n03733131/ILSVRC2012_val_00005074_n03733131,4,3,0.01686045154929161,0.17935296893119812,0.7717698415120443,0.04251344750324885,0.03479574993252754
7500,H8-V,645,n03733131/ILSVRC2012_val_00005074_n03733131,7,3,0.01620968555410703,0.17299019793669382,0.7393742005030314,0.040902448197205864,0.0335087055961291
7500,H8-V,645,n03733131/ILSVRC2012_val_00005074_n03733131,13,3,0.01564193796366453,0.16427774727344513,0.7118045488993326,0.03918775667746862,0.032069711635510124
7500,H8-V,645,n03733131/ILSVRC2012_val_00005074_n03733131,19,3,0.01547004965444406,0.15822885930538177,0.7046709458033243,0.038339645912249885,0.03129293583333492
7500,H8-V,646,n03733281/ILSVRC2012_val_00030874_n03733281,1,3,0.009664549957960844,0.24896630148092905,0.6221815943717957,0.04078299676378568,0.03456118144094944
7500,H8-V,646,n03733281/ILSVRC2012_val_00030874_n03733281,4,3,0.0054342605484028654,0.14966280261675516,0.49827338258425397,0.025383274381359417,0.02040054090321064
7500,H8-V,646,n03733281/ILSVRC2012_val_00030874_n03733281,7,3,0.005142853284875552,0.14384261767069498,0.46917490164438885,0.02421886349717776,0.019527114927768707
7500,H8-V,646,n03733281/ILSVRC2012_val_00030874_n03733281,13,3,0.00486662316446503,0.13952610890070596,0.4468427002429962,0.023287661994496982,0.018819234644373257
7500,H8-V,646,n03733281/ILSVRC2012_val_00030874_n03733281,19,3,0.004794960996756951,0.13838138182957968,0.44475892186164856,0.023080688590804737,0.018633099272847176
7500,H8-V,647,n03733805/ILSVRC2012_val_00002919_n03733805,1,3,0.011578801088035107,0.203791414697965,1.0269397099812825,0.04222734024127325,0.03195794237156709
7500,H8-V,647,n03733805/ILSVRC2012_val_00002919_n03733805,4,3,0.008121514692902565,0.14292009671529135,0.9078623453776041,0.03149214759469032,0.022413524488608044
7500,H8-V,647,n03733805/ILSVRC2012_val_00002919_n03733805,7,3,0.00755685040106376,0.13467351098855337,0.8735174536705017,0.029759375378489494,0.021024201065301895
7500,H8-V,647,n03733805/ILSVRC2012_val_00002919_n03733805,13,3,0.007041280157864094,0.12643398841222128,0.8402630090713501,0.028087308630347252,0.01968467856446902
7500,H8-V,647,n03733805/ILSVRC2012_val_00002919_n03733805,19,3,0.006879677375157674,0.12256286541620891,0.8283749024073283,0.027419712394475937,0.019135963792602222
7500,H8-V,648,n03742115/ILSVRC2012_val_00048949_n03742115,1,3,0.004164114206408461,0.18704436222712198,0.4680628180503845,0.027549178649981815,0.022868550692995388
7500,H8-V,648,n03742115/ILSVRC2012_val_00048949_n03742115,4,3,0.0020989885088056326,0.09983672201633453,0.34619706869125366,0.015544631828864416,0.012082660881181559
7500,H8-V,648,n03742115/ILSVRC2012_val_00048949_n03742115,7,3,0.001955699253206452,0.09449956317742665,0.32031239072481793,0.014608779301246008,0.011405655493338903
7500,H8-V,648,n03742115/ILSVRC2012_val_00048949_n03742115,13,3,0.0018390192029376824,0.08960481981436412,0.3007277250289917,0.013806778627137343,0.010799501401682695
7500,H8-V,648,n03742115/ILSVRC2012_val_00048949_n03742115,19,3,0.0017994278265784185,0.0867202455798785,0.2981829345226288,0.013453281794985136,0.01047145233800014
7500,H8-V,649,n03743016/ILSVRC2012_val_00042293_n03743016,1,3,0.01832592549423377,0.23926337560017905,0.762006421883901,0.04987232759594917,0.04225226491689682
7500,H8-V,649,n03743016/ILSVRC2012_val_00042293_n03743016,4,3,0.013727512521048387,0.15330326557159424,0.637028157711029,0.035428120444218315,0.029057839264472324
7500,H8-V,649,n03743016/ILSVRC2012_val_00042293_n03743016,7,3,0.0129846449320515,0.14560877283414206,0.604834775129954,0.033593869457642235,0.027545522898435593
7500,H8-V,649,n03743016/ILSVRC2012_val_00042293_n03743016,13,3,0.012501200350622335,0.14004387458165488,0.5779450138409933,0.03228503838181496,0.026505587622523308
7500,H8-V,649,n03743016/ILSVRC2012_val_00042293_n03743016,19,3,0.012442077820499739,0.13779219488302866,0.572502613067627,0.031946323812007904,0.026221297681331635
7500,H8-V,650,n03759954/ILSVRC2012_val_00049557_n03759954,1,3,0.0018468515093748767,0.05197280397017797,0.21128818889458975,0.009157014079391956,0.007044132178028424
7500,H8-V,650,n03759954/ILSVRC2012_val_00049557_n03759954,4,3,0.000667616918993493,0.022646003713210423,0.1270440419514974,0.004202657689650853,0.0029322173601637283
7500,H8-V,650,n03759954/ILSVRC2012_val_00049557_n03759954,7,3,0.0006362924468703568,0.021557529146472614,0.10179996738831203,0.003810045076534152,0.0027920453964422145
7500,H8-V,650,n03759954/ILSVRC2012_val_00049557_n03759954,13,3,0.0007149372637892762,0.0212629580249389,0.08274112145105998,0.003668644387895862,0.002841233198220531
7500,H8-V,650,n03759954/ILSVRC2012_val_00049557_n03759954,19,3,0.0008774177404120564,0.021877113729715347,0.07947281002998352,0.0038598571748783192,0.0030651291211446128
7500,H8-V,651,n03761084/ILSVRC2012_val_00042348_n03761084,1,3,0.00837969034910202,0.23303802808125815,0.7873800794283549,0.03955729305744171,0.03168349278469881
7500,H8-V,651,n03761084/ILSVRC2012_val_00042348_n03761084,4,3,0.004598697802672784,0.12898622453212738,0.6566469868024191,0.02406379021704197,0.01749732034901778
7500,H8-V,651,n03761084/ILSVRC2012_val_00042348_n03761084,7,3,0.004293675223986308,0.12010931471983592,0.626264770825704,0.022567253559827805,0.016304606571793556
7500,H8-V,651,n03761084/ILSVRC2012_val_00042348_n03761084,13,3,0.004008435954650243,0.11150977512200673,0.6005933880805969,0.0211653479685386,0.015159413839379946
7500,H8-V,651,n03761084/ILSVRC2012_val_00042348_n03761084,19,3,0.003912812719742457,0.10768438378969829,0.594346801439921,0.0206247183183829,0.014681250788271427
7500,H8-V,652,n03763968/ILSVRC2012_val_00011906_n03763968,1,3,0.023042070989807446,0.28214014569918316,1.35012952486674,0.06475738063454628,0.051256085435549416
7500,H8-V,652,n03763968/ILSVRC2012_val_00011906_n03763968,4,3,0.016932229200998943,0.19992303351561228,1.1676223278045654,0.04860075439016024,0.03692453230420748
7500,H8-V,652,n03763968/ILSVRC2012_val_00011906_n03763968,7,3,0.016053825616836548,0.19237864514191946,1.1291368802388508,0.046583058933417,0.03529169037938118
7500,H8-V,652,n03763968/ILSVRC2012_val_00011906_n03763968,13,3,0.015211535307268301,0.1826517383257548,1.0926459232966106,0.0444031705458959,0.03347671156128248
7500,H8-V,652,n03763968/ILSVRC2012_val_00011906_n03763968,19,3,0.014975030906498432,0.17960098385810852,1.0810335079828899,0.04374546433488528,0.032935128857692085
7500,H8-V,653,n03764736/ILSVRC2012_val_00037844_n03764736,1,3,0.009679346034924189,0.17411075035730997,0.5850635766983032,0.032941057036320366,0.02709042156736056
7500,H8-V,653,n03764736/ILSVRC2012_val_00037844_n03764736,4,3,0.005611397170772155,0.11249478658040364,0.4572479923566182,0.021433355286717415,0.016860875611503918
7500,H8-V,653,n03764736/ILSVRC2012_val_00037844_n03764736,7,3,0.005243377604832252,0.1064522514740626,0.4276815752188365,0.020165419206023216,0.015888603404164314
7500,H8-V,653,n03764736/ILSVRC2012_val_00037844_n03764736,13,3,0.004894391633570194,0.10098687062660854,0.4048107961813609,0.019041186198592186,0.014993078696231047
7500,H8-V,653,n03764736/ILSVRC2012_val_00037844_n03764736,19,3,0.004782877862453461,0.10001095881064732,0.4017811119556427,0.018801784763733547,0.014783973805606365
7500,H8-V,654,n03769881/ILSVRC2012_val_00040459_n03769881,1,3,0.013045881253977617,0.19079463680585226,0.6024959882100424,0.038150304928421974,0.03212534449994564
7500,H8-V,654,n03769881/ILSVRC2012_val_00040459_n03769881,4,3,0.005974855584402879,0.0876353457570076,0.45682236552238464,0.019306613753239315,0.01473839022219181
7500,H8-V,654,n03769881/ILSVRC2012_val_00040459_n03769881,7,3,0.005584262311458588,0.08238879839579265,0.42692748705546063,0.01809241684774558,0.013823141964773336
7500,H8-V,654,n03769881/ILSVRC2012_val_00040459_n03769881,13,3,0.005233237364639838,0.0776277482509613,0.40400200088818866,0.017036032552520435,0.012996012655397257
7500,H8-V,654,n03769881/ILSVRC2012_val_00040459_n03769881,19,3,0.00514294362316529,0.0771494706471761,0.4015752375125885,0.016873642802238464,0.0128578906878829
7500,H8-V,655,n03770439/ILSVRC2012_val_00040108_n03770439,1,3,0.013673927324513594,0.26907843351364136,1.0044341484705608,0.05062611401081085,0.040581771483023964
7500,H8-V,655,n03770439/ILSVRC2012_val_00040108_n03770439,4,3,0.007324121426790953,0.17288237313429514,0.8305952151616415,0.03291831041375796,0.02461235908170541
7500,H8-V,655,n03770439/ILSVRC2012_val_00040108_n03770439,7,3,0.006907312975575526,0.16428026060263315,0.7986720403035482,0.0313220601528883,0.023335340122381847
7500,H8-V,655,n03770439/ILSVRC2012_val_00040108_n03770439,13,3,0.00654089047263066,0.15597458680470785,0.7699105342229208,0.02983745497961839,0.02213834971189499
7500,H8-V,655,n03770439/ILSVRC2012_val_00040108_n03770439,19,3,0.006443337071686983,0.15428499380747476,0.7616074283917745,0.029487910990913708,0.021871836856007576
7500,H8-V,656,n03770679/ILSVRC2012_val_00018768_n03770679,1,3,0.015036695636808872,0.19128800431887308,0.7213901281356812,0.04137939835588137,0.03416549662748972
7500,H8-V,656,n03770679/ILSVRC2012_val_00018768_n03770679,4,3,0.01133561817308267,0.13144230594237646,0.5993118484814962,0.030472968394557636,0.024479849264025688
7500,H8-V,656,n03770679/ILSVRC2012_val_00018768_n03770679,7,3,0.010635517537593842,0.12362174689769745,0.5679050286610922,0.02867674206693967,0.022997692227363586
7500,H8-V,656,n03770679/ILSVRC2012_val_00018768_n03770679,13,3,0.009975726716220379,0.11570948113997777,0.5423581798871359,0.02697025736172994,0.021546675513188045
7500,H8-V,656,n03770679/ILSVRC2012_val_00018768_n03770679,19,3,0.009803003321091333,0.1140439584851265,0.5372166236241659,0.026579565679033596,0.021207399666309357
7500,H8-V,657,n03773504/ILSVRC2012_val_00026052_n03773504,1,3,0.009639403161903223,0.22397021452585855,0.8837015430132548,0.04087343936165174,0.03203642430404822
7500,H8-V,657,n03773504/ILSVRC2012_val_00026052_n03773504,4,3,0.005428224491576354,0.14624066154162088,0.738328735033671,0.027435578405857086,0.020052290832002957
7500,H8-V,657,n03773504/ILSVRC2012_val_00026052_n03773504,7,3,0.005068484538545211,0.14018520216147104,0.7065509557723999,0.026152515163024265,0.01908700540661812
7500,H8-V,657,n03773504/ILSVRC2012_val_00026052_n03773504,13,3,0.004775003374864657,0.1344435711701711,0.6781118512153625,0.02500047783056895,0.018219359839955967
7500,H8-V,657,n03773504/ILSVRC2012_val_00026052_n03773504,19,3,0.0047018953288594885,0.13135253886381784,0.6700882116953532,0.024538030847907066,0.017837149401505787
7500,H8-V,658,n03775071/ILSVRC2012_val_00045319_n03775071,1,3,0.010410611207286516,0.13180435200532278,0.42913682262102765,0.027882415801286697,0.023591047152876854
7500,H8-V,658,n03775071/ILSVRC2012_val_00045319_n03775071,4,3,0.008633584715425968,0.1025525654355685,0.3532066543896993,0.022420907393097878,0.018888841072718304
7500,H8-V,658,n03775071/ILSVRC2012_val_00045319_n03775071,7,3,0.008315113062659899,0.0955095464984576,0.32742542028427124,0.02114032208919525,0.017866068209211033
7500,H8-V,658,n03775071/ILSVRC2012_val_00045319_n03775071,13,3,0.008092654558519522,0.09182303647200267,0.3082558214664459,0.020357516904671986,0.01727495901286602
7500,H8-V,658,n03775071/ILSVRC2012_val_00045319_n03775071,19,3,0.008060658350586891,0.09166350960731506,0.3071199754873912,0.02029820904135704,0.017227008938789368
7500,H8-V,659,n03775546/ILSVRC2012_val_00030108_n03775546,1,3,0.005733157275244594,0.14427669097979864,0.3637718657652537,0.023798545822501183,0.020160827164848644
7500,H8-V,659,n03775546/ILSVRC2012_val_00030108_n03775546,4,3,0.002801740619664391,0.06486147145430247,0.24895487229029337,0.01177743636071682,0.009287887873748938
7500,H8-V,659,n03775546/ILSVRC2012_val_00030108_n03775546,7,3,0.0026304070682575307,0.06021789958079656,0.22178984185059866,0.010870095652838549,0.0086521968866388
7500,H8-V,659,n03775546/ILSVRC2012_val_00030108_n03775546,13,3,0.0024779537537445626,0.05647164459029833,0.20146032671133676,0.01013972144573927,0.008125117979943752
7500,H8-V,659,n03775546/ILSVRC2012_val_00030108_n03775546,19,3,0.002429676086952289,0.05549433082342148,0.1993510623772939,0.009972619513670603,0.007979109262426695
7500,H8-V,660,n03776460/ILSVRC2012_val_00013909_n03776460,1,3,0.011737865395843983,0.19293007254600525,0.5823377966880798,0.03685425159831842,0.03103087345759074
7500,H8-V,660,n03776460/ILSVRC2012_val_00013909_n03776460,4,3,0.0062142360645035906,0.10998036960760753,0.4575134615103404,0.021787408118446667,0.0172122735530138
7500,H8-V,660,n03776460/ILSVRC2012_val_00013909_n03776460,7,3,0.005793923977762461,0.10482625911633174,0.4293607374032338,0.020570157716671627,0.016276550789674122
7500,H8-V,660,n03776460/ILSVRC2012_val_00013909_n03776460,13,3,0.005420579419781764,0.09956549108028412,0.40756140152613324,0.019452742611368496,0.01537712849676609
7500,H8-V,660,n03776460/ILSVRC2012_val_00013909_n03776460,19,3,0.005301385962714751,0.09600280970335007,0.40547260642051697,0.018956393003463745,0.014901666902005672
7500,H8-V,661,n03777568/ILSVRC2012_val_00042791_n03777568,1,3,0.025946451351046562,0.23374641438325247,1.163087526957194,0.06095196927587191,0.0493210939069589
7500,H8-V,661,n03777568/ILSVRC2012_val_00042791_n03777568,4,3,0.020065223177274067,0.17489323019981384,1.0202964941660564,0.04775751009583473,0.037554545948902764
7500,H8-V,661,n03777568/ILSVRC2012_val_00042791_n03777568,7,3,0.019171421105662983,0.16860639055569968,0.9840775529543558,0.045872836063305535,0.03603206078211466
7500,H8-V,661,n03777568/ILSVRC2012_val_00042791_n03777568,13,3,0.01830047493179639,0.16100476185480753,0.9506126443545023,0.04390707860390345,0.03440095235904058
7500,H8-V,661,n03777568/ILSVRC2012_val_00042791_n03777568,19,3,0.01802185984949271,0.1582074612379074,0.9405034780502319,0.04324764137466749,0.03384260584910711
7500,H8-V,662,n03777754/ILSVRC2012_val_00048450_n03777754,1,3,0.0049777755824228125,0.16061237702767053,0.38696179787317914,0.024908630798260372,0.02103901281952858
7500,H8-V,662,n03777754/ILSVRC2012_val_00048450_n03777754,4,3,0.0014952609393124778,0.06031137704849243,0.262442409992218,0.010150823121269545,0.007526398791621129
7500,H8-V,662,n03777754/ILSVRC2012_val_00048450_n03777754,7,3,0.0013820305466651917,0.057075186322132744,0.23655098676681519,0.009455059034128984,0.0070895493651429815
7500,H8-V,662,n03777754/ILSVRC2012_val_00048450_n03777754,13,3,0.0012987169126669567,0.054676637053489685,0.21756752828756967,0.008942056136826674,0.006766380897412698
7500,H8-V,662,n03777754/ILSVRC2012_val_00048450_n03777754,19,3,0.0012797591431687276,0.05386350303888321,0.2162445435921351,0.00882855523377657,0.006666109586755435
7500,H8-V,663,n03781244/ILSVRC2012_val_00008165_n03781244,1,3,0.01229198711613814,0.23055580258369446,0.7892289360364279,0.043239858001470566,0.03534756849209467
7500,H8-V,663,n03781244/ILSVRC2012_val_00008165_n03781244,4,3,0.007475052339335282,0.1478667954603831,0.6351998845736185,0.028613731265068054,0.02226173256834348
7500,H8-V,663,n03781244/ILSVRC2012_val_00008165_n03781244,7,3,0.0070376526564359665,0.1413813680410385,0.6039222478866577,0.027215011417865753,0.021175789336363476
7500,H8-V,663,n03781244/ILSVRC2012_val_00008165_n03781244,13,3,0.006627276695022981,0.13522731264432272,0.5776691238085429,0.025926699861884117,0.020150008300940197
7500,H8-V,663,n03781244/ILSVRC2012_val_00008165_n03781244,19,3,0.006500499323010445,0.13350887099901834,0.5720858772595724,0.025572245319684345,0.019851386547088623
7500,H8-V,664,n03782006/ILSVRC2012_val_00011136_n03782006,1,3,0.0030711478708932796,0.11350986609856288,0.25261324147383374,0.016948267196615536,0.014422134806712469
7500,H8-V,664,n03782006/ILSVRC2012_val_00011136_n03782006,4,3,0.0014449900093798835,0.04595311979452769,0.15415594478448233,0.007581861379245917,0.006040302105247974
7500,H8-V,664,n03782006/ILSVRC2012_val_00011136_n03782006,7,3,0.0013293879261861246,0.04298312962055206,0.12921231985092163,0.006919824363042911,0.005627701214204232
7500,H8-V,664,n03782006/ILSVRC2012_val_00011136_n03782006,13,3,0.0012545336115484436,0.040349237620830536,0.11092998832464218,0.006398757454007864,0.005289457583179076
7500,H8-V,664,n03782006/ILSVRC2012_val_00011136_n03782006,19,3,0.00122711054670314,0.03964056447148323,0.10852944602568944,0.006276461606224378,0.005191167040417592
7500,H8-V,665,n03785016/ILSVRC2012_val_00048569_n03785016,1,3,0.022604632501800854,0.2230470428864161,0.9488241076469421,0.054397578040758766,0.04490933691461881
7500,H8-V,665,n03785016/ILSVRC2012_val_00048569_n03785016,4,3,0.016686863576372463,0.16085559129714966,0.8032719294230143,0.0408051423728466,0.03277242307861646
7500,H8-V,665,n03785016/ILSVRC2012_val_00048569_n03785016,7,3,0.015916813164949417,0.1515991985797882,0.7710643212000529,0.03878737613558769,0.03107673240204652
7500,H8-V,665,n03785016/ILSVRC2012_val_00048569_n03785016,13,3,0.01528895739465952,0.1455130527416865,0.7416260242462158,0.03725652272502581,0.029840262606739998
7500,H8-V,665,n03785016/ILSVRC2012_val_00048569_n03785016,19,3,0.015070277576645216,0.14280214409033457,0.7336811820665995,0.036687303334474564,0.02935049186150233
7500,H8-V,666,n03786901/ILSVRC2012_val_00014325_n03786901,1,3,0.0017463636274139087,0.13470458984375,0.4187232553958893,0.019404054929812748,0.015216822735965252
7500,H8-V,666,n03786901/ILSVRC2012_val_00014325_n03786901,4,3,0.0007296752689095835,0.07167757054169972,0.31024937828381854,0.010999926055471102,0.007897432427853346
7500,H8-V,666,n03786901/ILSVRC2012_val_00014325_n03786901,7,3,0.0006538311912057301,0.0667819231748581,0.2837569812933604,0.010169593306879202,0.007332023543616136
7500,H8-V,666,n03786901/ILSVRC2012_val_00014325_n03786901,13,3,0.0005878406227566302,0.06305029864112537,0.2633903920650482,0.009526774287223816,0.006892870490749677
7500,H8-V,666,n03786901/ILSVRC2012_val_00014325_n03786901,19,3,0.0005647390110728642,0.06101049358646075,0.26058117548624676,0.009271600283682346,0.006665788435687621
7500,H8-V,667,n03787032/ILSVRC2012_val_00019763_n03787032,1,3,0.02650113155444463,0.19792750477790833,0.845754603544871,0.05475142846504847,0.046293882032235466
7500,H8-V,667,n03787032/ILSVRC2012_val_00019763_n03787032,4,3,0.011155141207079092,0.11316696057717006,0.6996517380078634,0.02946835570037365,0.022471838320295017
7500,H8-V,667,n03787032/ILSVRC2012_val_00019763_n03787032,7,3,0.010344689091046652,0.10682477553685506,0.666562537352244,0.02769279293715954,0.02102716701726119
7500,H8-V,667,n03787032/ILSVRC2012_val_00019763_n03787032,13,3,0.009626473921040693,0.09974247217178345,0.6376450657844543,0.025977172578374546,0.019600721697012585
7500,H8-V,667,n03787032/ILSVRC2012_val_00019763_n03787032,19,3,0.009479026310145855,0.09630606323480606,0.6296461820602417,0.02540609488884608,0.019109633440772694
7500,H8-V,668,n03788195/ILSVRC2012_val_00002119_n03788195,1,3,0.00799357301245133,0.15882646044095358,0.46806662281354267,0.028556885818640392,0.023876219366987545
7500,H8-V,668,n03788195/ILSVRC2012_val_00002119_n03788195,4,3,0.004841414125015338,0.09706629067659378,0.357009877761205,0.018118141839901607,0.01454804309954246
7500,H8-V,668,n03788195/ILSVRC2012_val_00002119_n03788195,7,3,0.0046064833489557104,0.09366559982299805,0.3294456700483958,0.017267499739925068,0.013973043610652288
7500,H8-V,668,n03788195/ILSVRC2012_val_00002119_n03788195,13,3,0.004424373464037974,0.09023779879013698,0.3084219793478648,0.016532373304168384,0.013448153622448444
7500,H8-V,668,n03788195/ILSVRC2012_val_00002119_n03788195,19,3,0.0043798658686379595,0.08811512589454651,0.30569233496983844,0.01624830129245917,0.01319137867540121
7500,H8-V,669,n03788365/ILSVRC2012_val_00003241_n03788365,1,3,0.007940662403901419,0.2565313975016276,0.8227109909057617,0.04182091231147448,0.033593803023298584
7500,H8-V,669,n03788365/ILSVRC2012_val_00003241_n03788365,4,3,0.005467354009548823,0.18638319770495096,0.6931825478871664,0.03103749764462312,0.02410567303498586
7500,H8-V,669,n03788365/ILSVRC2012_val_00003241_n03788365,7,3,0.005160499985019366,0.18126829961935678,0.6624372005462646,0.02991170125703017,0.023287329822778702
7500,H8-V,669,n03788365/ILSVRC2012_val_00003241_n03788365,13,3,0.0049274093471467495,0.17659901082515717,0.6363797982533773,0.028951109076539677,0.02258731114367644
7500,H8-V,669,n03788365/ILSVRC2012_val_00003241_n03788365,19,3,0.004887767291317384,0.17341076334317526,0.628994901974996,0.02851879286269347,0.022228843842943508
7500,H8-V,670,n03791053/ILSVRC2012_val_00046855_n03791053,1,3,0.02468097520371278,0.2853595515092214,1.4794514179229736,0.06801144406199455,0.0532169317205747
7500,H8-V,670,n03791053/ILSVRC2012_val_00046855_n03791053,4,3,0.013786844288309416,0.19728968540827432,1.2651701370875041,0.04616751397649447,0.03351581345001856
7500,H8-V,670,n03791053/ILSVRC2012_val_00046855_n03791053,7,3,0.012693249310056368,0.18832442164421082,1.2238171895345051,0.04376386354366938,0.03152569259206454
7500,H8-V,670,n03791053/ILSVRC2012_val_00046855_n03791053,13,3,0.011978798856337866,0.18052896857261658,1.1830590963363647,0.04186228662729263,0.030031696582833927
7500,H8-V,670,n03791053/ILSVRC2012_val_00046855_n03791053,19,3,0.011895904938379923,0.1787933111190796,1.1686249176661174,0.041461486369371414,0.029775236422816913
7500,H8-V,671,n03792782/ILSVRC2012_val_00032009_n03792782,1,3,0.018828146780530613,0.24633148312568665,0.7091750502586365,0.05055304616689682,0.043461295465628304
7500,H8-V,671,n03792782/ILSVRC2012_val_00032009_n03792782,4,3,0.010351617199679216,0.10484014203151067,0.5326513051986694,0.02616214503844579,0.02083563121656577
7500,H8-V,671,n03792782/ILSVRC2012_val_00032009_n03792782,7,3,0.009882559378941854,0.09939438104629517,0.5013966063658396,0.024835963423053425,0.01982199711104234
7500,H8-V,671,n03792782/ILSVRC2012_val_00032009_n03792782,13,3,0.009486296214163303,0.09460444500048955,0.47651172677675885,0.023711858317255974,0.01894674077630043
7500,H8-V,671,n03792782/ILSVRC2012_val_00032009_n03792782,19,3,0.009385486133396626,0.0931307425101598,0.47206037243207294,0.02341916412115097,0.01869856007397175
7500,H8-V,672,n03792972/ILSVRC2012_val_00044724_n03792972,1,3,0.010394474181036154,0.2846608559290568,0.6414058208465576,0.045274620254834495,0.03886056070526441
7500,H8-V,672,n03792972/ILSVRC2012_val_00044724_n03792972,4,3,0.005611210595816374,0.14992128809293112,0.4860738714536031,0.025464078411459923,0.02060334011912346
7500,H8-V,672,n03792972/ILSVRC2012_val_00044724_n03792972,7,3,0.005282925131420295,0.14311312635739645,0.4558589557806651,0.024152827138702076,0.01959423782924811
7500,H8-V,672,n03792972/ILSVRC2012_val_00044724_n03792972,13,3,0.005029581642399232,0.13577068348725638,0.43083806832631427,0.022915031140049297,0.018606650332609814
7500,H8-V,672,n03792972/ILSVRC2012_val_00044724_n03792972,19,3,0.004980715302129586,0.13231942057609558,0.42539248863856,0.022466581935683887,0.018212657421827316
7500,H8-V,673,n03793489/ILSVRC2012_val_00017480_n03793489,1,3,0.0066190604120492935,0.17349943021933237,0.3995053470134735,0.027964058021704357,0.023969004551569622
7500,H8-V,673,n03793489/ILSVRC2012_val_00017480_n03793489,4,3,0.0015776819782331586,0.059089514116446175,0.2810166577498118,0.010296800173819065,0.007486633490771055
7500,H8-V,673,n03793489/ILSVRC2012_val_00017480_n03793489,7,3,0.0014785336485753457,0.054960484306017555,0.25380802154541016,0.009512662577132383,0.006974582249919574
7500,H8-V,673,n03793489/ILSVRC2012_val_00017480_n03793489,13,3,0.0014282362535595894,0.051769123723109566,0.23391167322794595,0.00894426554441452,0.006605148625870545
7500,H8-V,673,n03793489/ILSVRC2012_val_00017480_n03793489,19,3,0.0014424512240414817,0.0504787340760231,0.23269107937812805,0.008817235628763834,0.0064903249343236285
7500,H8-V,674,n03794056/ILSVRC2012_val_00039602_n03794056,1,3,0.017295638099312782,0.24294400215148926,0.9256258408228556,0.05084629853566488,0.04159003992875417
7500,H8-V,674,n03794056/ILSVRC2012_val_00039602_n03794056,4,3,0.01173115149140358,0.1586705893278122,0.7599962751070658,0.035198173175255455,0.02759821092089017
7500,H8-V,674,n03794056/ILSVRC2012_val_00039602_n03794056,7,3,0.011142199548582235,0.15231899420420328,0.7287758588790894,0.0336618572473526,0.02637409915526708
7500,H8-V,674,n03794056/ILSVRC2012_val_00039602_n03794056,13,3,0.010661930777132511,0.1453864872455597,0.7010495265324911,0.03221107522646586,0.025200579936305683
7500,H8-V,674,n03794056/ILSVRC2012_val_00039602_n03794056,19,3,0.010509197289745012,0.14058507978916168,0.6923373540242513,0.031491078436374664,0.024567705268661182
7500,H8-V,675,n03796401/ILSVRC2012_val_00026301_n03796401,1,3,0.025376686205466587,0.23914794623851776,1.2774247725804646,0.0620657280087471,0.049291481574376426
7500,H8-V,675,n03796401/ILSVRC2012_val_00026301_n03796401,4,3,0.02048247866332531,0.19222057859102884,1.142773946126302,0.05113227665424347,0.03970453764001528
7500,H8-V,675,n03796401/ILSVRC2012_val_00026301_n03796401,7,3,0.019481085240840912,0.18451610207557678,1.1034952799479167,0.048967648297548294,0.037932695200045906
7500,H8-V,675,n03796401/ILSVRC2012_val_00026301_n03796401,13,3,0.0186798262099425,0.17990271747112274,1.0652011632919312,0.047322110583384834,0.03667009870211283
7500,H8-V,675,n03796401/ILSVRC2012_val_00026301_n03796401,19,3,0.01849471467236678,0.18044529358545938,1.0523760318756104,0.04706300546725591,0.03653924539685249
7500,H8-V,676,n03803284/ILSVRC2012_val_00012090_n03803284,1,3,0.02393834727505843,0.22179213662942251,1.4702965021133423,0.060820527374744415,0.04611756155888239
7500,H8-V,676,n03803284/ILSVRC2012_val_00012090_n03803284,4,3,0.01579163099328677,0.14901766180992126,1.2891608874003093,0.04358500614762306,0.030693397546807926
7500,H8-V,676,n03803284/ILSVRC2012_val_00012090_n03803284,7,3,0.014781479102869829,0.14303606748580933,1.2494457165400188,0.04157954206069311,0.029085086037715275
7500,H8-V,676,n03803284/ILSVRC2012_val_00012090_n03803284,13,3,0.013896928168833256,0.1374045560757319,1.20828644434611,0.03972024843096733,0.027637384211023647
7500,H8-V,676,n03803284/ILSVRC2012_val_00012090_n03803284,19,3,0.013670172852774462,0.13563911616802216,1.1911816994349163,0.039145901799201965,0.027234084904193878
7500,H8-V,677,n03804744/ILSVRC2012_val_00000649_n03804744,1,3,0.008845659904181957,0.14832551777362823,0.4848033885161082,0.028526245305935543,0.023678211495280266
7500,H8-V,677,n03804744/ILSVRC2012_val_00000649_n03804744,4,3,0.004097221574435632,0.09011977414290111,0.3792879482110341,0.01690207856396834,0.013109199392298857
7500,H8-V,677,n03804744/ILSVRC2012_val_00000649_n03804744,7,3,0.0036444200668483973,0.08444368839263916,0.3491055468718211,0.01557984451452891,0.012088789294163385
7500,H8-V,677,n03804744/ILSVRC2012_val_00000649_n03804744,13,3,0.003210323785121242,0.07936488588651021,0.3258984486262004,0.014405797235667706,0.011146813010176023
7500,H8-V,677,n03804744/ILSVRC2012_val_00000649_n03804744,19,3,0.0030527213433136544,0.07617708047231038,0.32318923870722455,0.013902321768303713,0.010670429406066736
7500,H8-V,678,n03814639/ILSVRC2012_val_00027572_n03814639,1,3,0.004237069593121608,0.18238472441832224,0.499408096075058,0.02746962383389473,0.022475543121496838
7500,H8-V,678,n03814639/ILSVRC2012_val_00027572_n03814639,4,3,0.0018454632566620905,0.09849591304858525,0.38474172353744507,0.015542471470932165,0.011695054670174917
7500,H8-V,678,n03814639/ILSVRC2012_val_00027572_n03814639,7,3,0.001653889815012614,0.08966240286827087,0.35865580042203266,0.014206688230236372,0.010620130226016045
7500,H8-V,678,n03814639/ILSVRC2012_val_00027572_n03814639,13,3,0.0014789920145024855,0.08219077438116074,0.3370961050192515,0.013069030828773975,0.009698069964845976
7500,H8-V,678,n03814639/ILSVRC2012_val_00027572_n03814639,19,3,0.0014161981331805389,0.0779650757710139,0.33587949474652606,0.012571500614285469,0.009212705927590529
7500,H8-V,679,n03814906/ILSVRC2012_val_00017650_n03814906,1,3,0.0021285841163868704,0.13629881789286932,0.3539518117904663,0.019297984428703785,0.015758465975522995
7500,H8-V,679,n03814906/ILSVRC2012_val_00017650_n03814906,4,3,0.0009658243701172372,0.05227265879511833,0.22947039703528085,0.00848779392739137,0.006193090385446946
7500,H8-V,679,n03814906/ILSVRC2012_val_00017650_n03814906,7,3,0.000893604262576749,0.04981016367673874,0.20356462399164835,0.007910266984254122,0.005874620750546455
7500,H8-V,679,n03814906/ILSVRC2012_val_00017650_n03814906,13,3,0.0008313156043489774,0.04786586140592893,0.18431423107783,0.007461044161270062,0.005617901838074128
7500,H8-V,679,n03814906/ILSVRC2012_val_00017650_n03814906,19,3,0.0008046648387486736,0.04697803904612859,0.18225817382335663,0.007325050576279561,0.005502468906342983
7500,H8-V,680,n03825788/ILSVRC2012_val_00040443_n03825788,1,3,0.005283276550471783,0.17085736989974976,0.5588332215944926,0.027957346911231678,0.022369014099240303
7500,H8-V,680,n03825788/ILSVRC2012_val_00040443_n03825788,4,3,0.0024897418916225433,0.10282544046640396,0.43181514739990234,0.017090436692039173,0.012772285689910253
7500,H8-V,680,n03825788/ILSVRC2012_val_00040443_n03825788,7,3,0.0022690607390056052,0.0954048012693723,0.40439750750859577,0.01585351551572482,0.011809540912508965
7500,H8-V,680,n03825788/ILSVRC2012_val_00040443_n03825788,13,3,0.002123765725021561,0.08974381039539973,0.3831920325756073,0.014930067273477713,0.011098147059480349
7500,H8-V,680,n03825788/ILSVRC2012_val_00040443_n03825788,19,3,0.002060504397377372,0.08704371998707454,0.3811083137989044,0.014575959493716558,0.010764876380562782
7500,H8-V,681,n03832673/ILSVRC2012_val_00010133_n03832673,1,3,0.011052534605065981,0.17605295280615488,0.3754720191160838,0.032412550101677574,0.028657830009857815
7500,H8-V,681,n03832673/ILSVRC2012_val_00010133_n03832673,4,3,0.004242020659148693,0.07831291854381561,0.23759011924266815,0.014449213941891989,0.012073312886059284
7500,H8-V,681,n03832673/ILSVRC2012_val_00010133_n03832673,7,3,0.004002134160449107,0.07465080171823502,0.21159783999125162,0.013583192912240824,0.011467214363316694
7500,H8-V,681,n03832673/ILSVRC2012_val_00010133_n03832673,13,3,0.0037710325171550116,0.07030994445085526,0.19325055181980133,0.012734532356262207,0.010802026838064194
7500,H8-V,681,n03832673/ILSVRC2012_val_00010133_n03832673,19,3,0.0036771567538380623,0.068057286242644,0.19312286376953125,0.012414113928874334,0.010482885253926119
7500,H8-V,682,n03837869/ILSVRC2012_val_00017240_n03837869,1,3,0.0072207933602233725,0.1660375197728475,0.4152427514394124,0.027976972982287407,0.023824545244375866
7500,H8-V,682,n03837869/ILSVRC2012_val_00017240_n03837869,4,3,0.0037520035014798245,0.0893001655737559,0.29725592335065204,0.015654579425851505,0.012682020043333372
7500,H8-V,682,n03837869/ILSVRC2012_val_00017240_n03837869,7,3,0.003565755905583501,0.0860656276345253,0.27216169238090515,0.01489393599331379,0.012172318684558073
7500,H8-V,682,n03837869/ILSVRC2012_val_00017240_n03837869,13,3,0.003451751700292031,0.08267566561698914,0.2554268538951874,0.014273586993416151,0.011719318417211374
7500,H8-V,682,n03837869/ILSVRC2012_val_00017240_n03837869,19,3,0.0034610002767294645,0.08174774547417958,0.2577969431877136,0.014213744550943375,0.011635775056978067
7500,H8-V,683,n03838899/ILSVRC2012_val_00036626_n03838899,1,3,0.008722303124765554,0.14381789167722067,0.505093514919281,0.028155026957392693,0.023104092106223106
7500,H8-V,683,n03838899/ILSVRC2012_val_00036626_n03838899,4,3,0.004463193782915671,0.07972973833481471,0.39084409674008685,0.01634460873901844,0.012436167647441229
7500,H8-V,683,n03838899/ILSVRC2012_val_00036626_n03838899,7,3,0.004135550775875648,0.07544203599294026,0.3616655965646108,0.015296410458783308,0.011679754592478275
7500,H8-V,683,n03838899/ILSVRC2012_val_00036626_n03838899,13,3,0.0038119265033553043,0.0707247257232666,0.3389394183953603,0.014273793126145998,0.010884398904939493
7500,H8-V,683,n03838899/ILSVRC2012_val_00036626_n03838899,19,3,0.0037153581312547126,0.06976867963870366,0.3354591925938924,0.014046818017959595,0.010692226079603037
7500,H8-V,684,n03840681/ILSVRC2012_val_00012014_n03840681,1,3,0.014759397444625696,0.2595883409182231,0.5690075755119324,0.04640830804904302,0.0407182319710652
7500,H8-V,684,n03840681/ILSVRC2012_val_00012014_n03840681,4,3,0.006298600696027279,0.10373968631029129,0.41145002841949463,0.02078707019488017,0.016672569637497265
7500,H8-V,684,n03840681/ILSVRC2012_val_00012014_n03840681,7,3,0.005866710562258959,0.09889627744754155,0.38462252418200177,0.019602563232183456,0.015756338524321716
7500,H8-V,684,n03840681/ILSVRC2012_val_00012014_n03840681,13,3,0.005501409061253071,0.09415046374003093,0.3652283350626628,0.0185687392950058,0.01491645568360885
7500,H8-V,684,n03840681/ILSVRC2012_val_00012014_n03840681,19,3,0.005352598459770282,0.09074243654807408,0.36483163634936017,0.018075158819556236,0.014426842331886292
7500,H8-V,685,n03841143/ILSVRC2012_val_00038367_n03841143,1,3,0.007776683662086725,0.2076160063346227,0.6495810349782308,0.03503409524758657,0.028538284823298454
7500,H8-V,685,n03841143/ILSVRC2012_val_00038367_n03841143,4,3,0.004866735233614842,0.11153965443372726,0.49625852704048157,0.02098328558107217,0.016020700335502625
7500,H8-V,685,n03841143/ILSVRC2012_val_00038367_n03841143,7,3,0.004605128740270932,0.10659029334783554,0.467328409353892,0.019937442615628242,0.015264158447583517
7500,H8-V,685,n03841143/ILSVRC2012_val_00038367_n03841143,13,3,0.004371519510944684,0.10246145725250244,0.4440037210782369,0.019057702273130417,0.014617665049930414
7500,H8-V,685,n03841143/ILSVRC2012_val_00038367_n03841143,19,3,0.00431048171594739,0.10040920476118724,0.43919267257054645,0.018743329371015232,0.014351402719815573
7500,H8-V,686,n03843555/ILSVRC2012_val_00001974_n03843555,1,3,0.008302907614658276,0.158221036195755,0.4729248285293579,0.028854259600241978,0.024125011637806892
7500,H8-V,686,n03843555/ILSVRC2012_val_00001974_n03843555,4,3,0.004378532680372397,0.06569978098074596,0.3433468739191691,0.01438197959214449,0.010948510840535164
7500,H8-V,686,n03843555/ILSVRC2012_val_00001974_n03843555,7,3,0.004029084307452043,0.06091786300142606,0.3139808575312297,0.013260679009060064,0.010120870545506477
7500,H8-V,686,n03843555/ILSVRC2012_val_00001974_n03843555,13,3,0.0037859404304375253,0.057287259648243584,0.2917148172855377,0.012431814645727476,0.009514666472872099
7500,H8-V,686,n03843555/ILSVRC2012_val_00001974_n03843555,19,3,0.003781757550314069,0.05694237227241198,0.2889394660790761,0.012365389615297318,0.00947599516560634
7500,H8-V,687,n03854065/ILSVRC2012_val_00035575_n03854065,1,3,0.013044736658533415,0.22840586801369986,0.6374636888504028,0.04225996074577173,0.0358853234599034
7500,H8-V,687,n03854065/ILSVRC2012_val_00035575_n03854065,4,3,0.006446372717618942,0.11316695809364319,0.4887550969918569,0.022650619347890217,0.01776306889951229
7500,H8-V,687,n03854065/ILSVRC2012_val_00035575_n03854065,7,3,0.00598196762924393,0.10811060915390651,0.4599720736344655,0.021392750243345898,0.01679302876194318
7500,H8-V,687,n03854065/ILSVRC2012_val_00035575_n03854065,13,3,0.005623463386048873,0.10390500724315643,0.43919355670611065,0.02040589911242326,0.016013963768879574
7500,H8-V,687,n03854065/ILSVRC2012_val_00035575_n03854065,19,3,0.005630154783527057,0.10402841866016388,0.43778003255526227,0.020410797869165737,0.016032997518777847
7500,H8-V,688,n03857828/ILSVRC2012_val_00045579_n03857828,1,3,0.00951877081145843,0.1724454015493393,0.5078435937563578,0.031841748083631195,0.02676331189771493
7500,H8-V,688,n03857828/ILSVRC2012_val_00045579_n03857828,4,3,0.005100030452013016,0.11137485007445018,0.40842633446057636,0.02032177895307541,0.01623751533528169
7500,H8-V,688,n03857828/ILSVRC2012_val_00045579_n03857828,7,3,0.00475345350181063,0.10802804678678513,0.3817111651102702,0.019373370334506035,0.015556258459885916
7500,H8-V,688,n03857828/ILSVRC2012_val_00045579_n03857828,13,3,0.004445648907373349,0.10557377586762111,0.3617148796717326,0.01862017499903838,0.015003026773532232
7500,H8-V,688,n03857828/ILSVRC2012_val_00045579_n03857828,19,3,0.004340561106801033,0.10513306160767873,0.36056820551554364,0.01845954917371273,0.014853867391745249
7500,H8-V,689,n03866082/ILSVRC2012_val_00043581_n03866082,1,3,0.003843671719854077,0.16539542376995087,0.4731467167536418,0.025114682192603748,0.02038321488847335
7500,H8-V,689,n03866082/ILSVRC2012_val_00043581_n03866082,4,3,0.0013199175397555034,0.07533649355173111,0.3566650450229645,0.012420217506587505,0.008853566832840443
7500,H8-V,689,n03866082/ILSVRC2012_val_00043581_n03866082,7,3,0.0012207306378210585,0.07111669580141704,0.3291317919890086,0.011623718465367952,0.00833240058273077
7500,H8-V,689,n03866082/ILSVRC2012_val_00043581_n03866082,13,3,0.0011335477465763688,0.06700199842453003,0.3076918125152588,0.010910665926833948,0.007833747814098993
7500,H8-V,689,n03866082/ILSVRC2012_val_00043581_n03866082,19,3,0.001100693247281015,0.06605960677067439,0.3053666949272156,0.010760320350527763,0.007706653947631518
7500,H8-V,690,n03868242/ILSVRC2012_val_00021500_n03868242,1,3,0.013263639683524767,0.20126337806383768,0.989616314570109,0.04328614100813866,0.03338997811079025
7500,H8-V,690,n03868242/ILSVRC2012_val_00021500_n03868242,4,3,0.010068288383384546,0.15409396588802338,0.8698360721270243,0.03417604540785154,0.025477685034275055
7500,H8-V,690,n03868242/ILSVRC2012_val_00021500_n03868242,7,3,0.00937923789024353,0.14690530796845755,0.8367950518925985,0.03243771816293398,0.024069768687089283
7500,H8-V,690,n03868242/ILSVRC2012_val_00021500_n03868242,13,3,0.008752823496858278,0.14032703638076782,0.8071374893188477,0.03085690240065257,0.022785527010758717
7500,H8-V,690,n03868242/ILSVRC2012_val_00021500_n03868242,19,3,0.008565087181826433,0.1394640306631724,0.7985355456670126,0.030496845642725628,0.022511490310231846
7500,H8-V,691,n03868863/ILSVRC2012_val_00033211_n03868863,1,3,0.009550456888973713,0.19569775958855948,0.7195756634076437,0.036315991232792534,0.029120234151681263
7500,H8-V,691,n03868863/ILSVRC2012_val_00033211_n03868863,4,3,0.004718401158849399,0.11292579273382823,0.5784334341684977,0.021795314426223438,0.01601098043223222
7500,H8-V,691,n03868863/ILSVRC2012_val_00033211_n03868863,7,3,0.004345842016239961,0.10635718206564586,0.5474546949068705,0.020456107333302498,0.014981560409069061
7500,H8-V,691,n03868863/ILSVRC2012_val_00033211_n03868863,13,3,0.004076580051332712,0.10072806477546692,0.5218385259310404,0.019367771844069164,0.014149387056628862
7500,H8-V,691,n03868863/ILSVRC2012_val_00033211_n03868863,19,3,0.0040299189276993275,0.09868034968773524,0.5165988802909851,0.019063942755262058,0.013897953865428766
7500,H8-V,692,n03871628/ILSVRC2012_val_00011690_n03871628,1,3,0.024648021285732586,0.26067893703778583,1.4535286823908489,0.06525120139122009,0.050715915858745575
7500,H8-V,692,n03871628/ILSVRC2012_val_00011690_n03871628,4,3,0.016521381214261055,0.18324764569600424,1.270999590555827,0.04755614201227824,0.03484614690144857
7500,H8-V,692,n03871628/ILSVRC2012_val_00011690_n03871628,7,3,0.015605928376317024,0.17796677350997925,1.232520580291748,0.04572781051198641,0.0334026056031386
7500,H8-V,692,n03871628/ILSVRC2012_val_00011690_n03871628,13,3,0.014886653361221155,0.17384226123491922,1.1967629591623943,0.04423850898941358,0.03227087979515394
7500,H8-V,692,n03871628/ILSVRC2012_val_00011690_n03871628,19,3,0.01475668636461099,0.17143295208613077,1.1837703386942546,0.043737683445215225,0.03189998120069504
7500,H8-V,693,n03873416/ILSVRC2012_val_00038624_n03873416,1,3,0.014311557325224081,0.2758440872033437,0.587977131207784,0.047775737941265106,0.04189596573511759
7500,H8-V,693,n03873416/ILSVRC2012_val_00038624_n03873416,4,3,0.009287609718739986,0.1674929310878118,0.4522770345211029,0.03055967390537262,0.026036903262138367
7500,H8-V,693,n03873416/ILSVRC2012_val_00038624_n03873416,7,3,0.008990779208640257,0.16111799081166586,0.4249087671438853,0.02935166594882806,0.025102578103542328
7500,H8-V,693,n03873416/ILSVRC2012_val_00038624_n03873416,13,3,0.008782160778840383,0.15495151778062186,0.40409548083941144,0.028318267315626144,0.02427731268107891
7500,H8-V,693,n03873416/ILSVRC2012_val_00038624_n03873416,19,3,0.008768281899392605,0.1522031525770823,0.402593861023585,0.02801453632613023,0.023988597715894382
7500,H8-V,694,n03874293/ILSVRC2012_val_00032590_n03874293,1,3,0.013006649445742369,0.24191204210122427,0.46519196033477783,0.0418497733771801,0.037197853128115334
7500,H8-V,694,n03874293/ILSVRC2012_val_00032590_n03874293,4,3,0.006401752432187398,0.14518479506174722,0.35240785280863446,0.02444430999457836,0.020920231317480404
7500,H8-V,694,n03874293/ILSVRC2012_val_00032590_n03874293,7,3,0.006100477185100317,0.13917402923107147,0.32675813635190326,0.023285460968812306,0.020017880325516064
7500,H8-V,694,n03874293/ILSVRC2012_val_00032590_n03874293,13,3,0.005812021593252818,0.13330287237962088,0.3076714277267456,0.02221902335683505,0.019142309203743935
7500,H8-V,694,n03874293/ILSVRC2012_val_00032590_n03874293,19,3,0.005701789632439613,0.1322476863861084,0.30680371324221295,0.021994595726331074,0.018926558395226795
7500,H8-V,695,n03874599/ILSVRC2012_val_00007780_n03874599,1,3,0.006624503371616204,0.18546988566716513,0.4749559760093689,0.029921051114797592,0.025171491007010143
7500,H8-V,695,n03874599/ILSVRC2012_val_00007780_n03874599,4,3,0.0023769576412936053,0.09506905823945999,0.35232510169347125,0.015407114600141844,0.01188386386881272
7500,H8-V,695,n03874599/ILSVRC2012_val_00007780_n03874599,7,3,0.0021406059774259725,0.08756497750679652,0.32459141810735065,0.014143017741541067,0.010897104007502397
7500,H8-V,695,n03874599/ILSVRC2012_val_00007780_n03874599,13,3,0.0019298522965982556,0.07911447683970134,0.30418941378593445,0.012883194722235203,0.009841300547122955
7500,H8-V,695,n03874599/ILSVRC2012_val_00007780_n03874599,19,3,0.0018668149520332615,0.07599963992834091,0.30418755610783893,0.012508654966950417,0.009466779418289661
7500,H8-V,696,n03876231/ILSVRC2012_val_00004356_n03876231,1,3,0.011037482569615046,0.20198002954324087,0.8943023681640625,0.04017850880821546,0.031235485648115475
7500,H8-V,696,n03876231/ILSVRC2012_val_00004356_n03876231,4,3,0.007141040017207463,0.13465886314709982,0.7652507623036703,0.028259433805942535,0.020606926331917446
7500,H8-V,696,n03876231/ILSVRC2012_val_00004356_n03876231,7,3,0.006598593977590402,0.12836997707684836,0.7330101728439331,0.026765693599979084,0.019435591995716095
7500,H8-V,696,n03876231/ILSVRC2012_val_00004356_n03876231,13,3,0.006146002871294816,0.12349404394626617,0.7041570742925009,0.025536977996428806,0.018495407576362293
7500,H8-V,696,n03876231/ILSVRC2012_val_00004356_n03876231,19,3,0.0060473899357020855,0.1214028572042783,0.6957082351048788,0.02514475832382838,0.018187676245967548
7500,H8-V,697,n03877472/ILSVRC2012_val_00012920_n03877472,1,3,0.006111682082215945,0.1912256379922231,0.42916356523831684,0.0295258816331625,0.025234246005614597
7500,H8-V,697,n03877472/ILSVRC2012_val_00012920_n03877472,4,3,0.002295955860366424,0.06947274009386699,0.30065472920735675,0.01224977740397056,0.00924323002497355
7500,H8-V,697,n03877472/ILSVRC2012_val_00012920_n03877472,7,3,0.0021349069041510424,0.06552204738060634,0.27451780438423157,0.011432289766768614,0.008687111549079418
7500,H8-V,697,n03877472/ILSVRC2012_val_00012920_n03877472,13,3,0.0019909015391021967,0.06163323298096657,0.25617748498916626,0.010715999330083529,0.008154224914809069
7500,H8-V,697,n03877472/ILSVRC2012_val_00012920_n03877472,19,3,0.0019328342750668526,0.05985468874375025,0.25719011823336285,0.010490204207599163,0.00791830321153005
7500,H8-V,698,n03877845/ILSVRC2012_val_00003919_n03877845,1,3,0.015020919342835745,0.20459561546643576,0.5908756256103516,0.04138923560579618,0.03548048064112663
7500,H8-V,698,n03877845/ILSVRC2012_val_00003919_n03877845,4,3,0.009432368911802769,0.12602967272202173,0.45818711320559186,0.02661720725397269,0.02203533612191677
7500,H8-V,698,n03877845/ILSVRC2012_val_00003919_n03877845,7,3,0.008985689530769983,0.11896708856026332,0.4295499622821808,0.025177899127205212,0.020882399131854374
7500,H8-V,698,n03877845/ILSVRC2012_val_00003919_n03877845,13,3,0.00863624115784963,0.11179974178473155,0.4076821704705556,0.023893036569158237,0.019816215460499127
7500,H8-V,698,n03877845/ILSVRC2012_val_00003919_n03877845,19,3,0.008590249965588251,0.10904863725105922,0.4054964284102122,0.0235500776519378,0.019495113442341488
7500,H8-V,699,n03884397/ILSVRC2012_val_00044369_n03884397,1,3,0.007851639452079931,0.2273816466331482,0.9056999087333679,0.03964680309096972,0.03058980405330658
7500,H8-V,699,n03884397/ILSVRC2012_val_00044369_n03884397,4,3,0.00468888816734155,0.15348695715268454,0.7746671835581461,0.027784255022803944,0.02003758338590463
7500,H8-V,699,n03884397/ILSVRC2012_val_00044369_n03884397,7,3,0.00429403285185496,0.1449616700410843,0.7404906749725342,0.026195105786124866,0.018790199731787045
7500,H8-V,699,n03884397/ILSVRC2012_val_00044369_n03884397,13,3,0.00398383429273963,0.13892692824204764,0.7101624210675558,0.024978150924046833,0.017876526961723965
7500,H8-V,699,n03884397/ILSVRC2012_val_00044369_n03884397,19,3,0.003972293343394995,0.13874706625938416,0.7018053332964579,0.024865053594112396,0.017847000310818355
7500,H8-V,700,n03887697/ILSVRC2012_val_00009790_n03887697,1,3,0.003923036235695084,0.1373643452922503,0.29874686400095624,0.020646939054131508,0.017659470438957214
7500,H8-V,700,n03887697/ILSVRC2012_val_00009790_n03887697,4,3,0.0013979387780030568,0.06216476857662201,0.19517738620440164,0.009566189721226692,0.007614415604621172
7500,H8-V,700,n03887697/ILSVRC2012_val_00009790_n03887697,7,3,0.0012203527536864083,0.053392622619867325,0.16734086473782858,0.008233024117847284,0.0065596151786545915
7500,H8-V,700,n03887697/ILSVRC2012_val_00009790_n03887697,13,3,0.0010595201747491956,0.04711569845676422,0.14707694947719574,0.007241860032081604,0.005771090431759755
7500,H8-V,700,n03887697/ILSVRC2012_val_00009790_n03887697,19,3,0.0009909807704389095,0.04380231102307638,0.14440968135992685,0.0068153088601926965,0.005371212027966976
7500,H8-V,701,n03888257/ILSVRC2012_val_00030583_n03888257,1,3,0.007482963303724925,0.11374778300523758,0.3783200780550639,0.022640942906339962,0.018857742349306744
7500,H8-V,701,n03888257/ILSVRC2012_val_00030583_n03888257,4,3,0.0038483762182295322,0.06870031108458836,0.2870522340138753,0.013588929548859596,0.010718407419820627
7500,H8-V,701,n03888257/ILSVRC2012_val_00030583_n03888257,7,3,0.003601206000894308,0.06527482469876607,0.2602133055528005,0.012730821346243223,0.010128688377638658
7500,H8-V,701,n03888257/ILSVRC2012_val_00030583_n03888257,13,3,0.003387502394616604,0.06223703920841217,0.24064360558986664,0.01201764214783907,0.009611206129193306
7500,H8-V,701,n03888257/ILSVRC2012_val_00030583_n03888257,19,3,0.00332174690750738,0.05955188348889351,0.24025126298268637,0.011679448497792086,0.009276935830712318
7500,H8-V,702,n03888605/ILSVRC2012_val_00035987_n03888605,1,3,0.010378927768518528,0.21550210813681284,0.4676363567511241,0.03660550278921922,0.0319291390478611
7500,H8-V,702,n03888605/ILSVRC2012_val_00035987_n03888605,4,3,0.004809953272342682,0.10991770525773366,0.3323049147923787,0.019124773020545643,0.015801723736027878
7500,H8-V,702,n03888605/ILSVRC2012_val_00035987_n03888605,7,3,0.0041627706959843636,0.09680959085623424,0.30516456564267475,0.016895375524957974,0.013843730092048645
7500,H8-V,702,n03888605/ILSVRC2012_val_00035987_n03888605,13,3,0.0038712330472966037,0.09280079851547877,0.2874535123507182,0.016025849307576816,0.013151313488682112
7500,H8-V,702,n03888605/ILSVRC2012_val_00035987_n03888605,19,3,0.00379446141111354,0.09040667364994685,0.2893085479736328,0.015728214134772617,0.01283512885371844
7500,H8-V,703,n03891251/ILSVRC2012_val_00034458_n03891251,1,3,0.011586427999039492,0.2166511615117391,0.6392304499944051,0.03964384893576304,0.03325154508153597
7500,H8-V,703,n03891251/ILSVRC2012_val_00034458_n03891251,4,3,0.007812227898587783,0.14761983851591745,0.5244621237119039,0.027818833167354267,0.022574211781223614
7500,H8-V,703,n03891251/ILSVRC2012_val_00034458_n03891251,7,3,0.00738868024200201,0.1405464510122935,0.4951105813185374,0.02639443116883437,0.02144332540531953
7500,H8-V,703,n03891251/ILSVRC2012_val_00034458_n03891251,13,3,0.00705543269092838,0.1341873457034429,0.47134315967559814,0.025187599162260692,0.02047416754066944
7500,H8-V,703,n03891251/ILSVRC2012_val_00034458_n03891251,19,3,0.007008050878842671,0.13163093229134878,0.4672338565190633,0.02484348292152087,0.020171144356330235
7500,H8-V,704,n03891332/ILSVRC2012_val_00021293_n03891332,1,3,0.008955581734577814,0.1638390173514684,0.43961454431215924,0.029735629136363666,0.025339483593900997
7500,H8-V,704,n03891332/ILSVRC2012_val_00021293_n03891332,4,3,0.004335568596919377,0.08580774068832397,0.3191870053609212,0.016108212682108086,0.012916342665751776
7500,H8-V,704,n03891332/ILSVRC2012_val_00021293_n03891332,7,3,0.004030658242603143,0.08237788577874501,0.2908381223678589,0.015176828329761824,0.012268447006742159
7500,H8-V,704,n03891332/ILSVRC2012_val_00021293_n03891332,13,3,0.0037270081229507923,0.07893293350934982,0.26962525645891827,0.014316554181277752,0.011620301753282547
7500,H8-V,704,n03891332/ILSVRC2012_val_00021293_n03891332,19,3,0.003580527457719048,0.07823779433965683,0.2678314248720805,0.014082621472577253,0.01140430693825086
7500,H8-V,705,n03895866/ILSVRC2012_val_00014844_n03895866,1,3,0.01242724402497212,0.21685196459293365,0.5269325375556946,0.03938176607092222,0.034112442284822464
7500,H8-V,705,n03895866/ILSVRC2012_val_00014844_n03895866,4,3,0.0075163873843848705,0.14464804530143738,0.3966644803682963,0.025947836538155872,0.021981192131837208
7500,H8-V,705,n03895866/ILSVRC2012_val_00014844_n03895866,7,3,0.007202306296676397,0.1397083799044291,0.369165559609731,0.0248648002743721,0.021173145001133282
7500,H8-V,705,n03895866/ILSVRC2012_val_00014844_n03895866,13,3,0.007002174388617277,0.1325024515390396,0.3487062652905782,0.0237394825865825,0.020252419635653496
7500,H8-V,705,n03895866/ILSVRC2012_val_00014844_n03895866,19,3,0.006997094179193179,0.12728072702884674,0.348119060198466,0.02320635753373305,0.019725166882077854
7500,H8-V,706,n03899768/ILSVRC2012_val_00043618_n03899768,1,3,0.012529295248289904,0.18853859106699625,0.7193178335825602,0.03857633223136266,0.03138315429290136
7500,H8-V,706,n03899768/ILSVRC2012_val_00043618_n03899768,4,3,0.008276636712253094,0.11751611779133479,0.5892519156138102,0.025920767337083817,0.0200282484292984
7500,H8-V,706,n03899768/ILSVRC2012_val_00043618_n03899768,7,3,0.007796075505514939,0.11359055836995442,0.5573271711667379,0.024728402495384216,0.01915513165295124
7500,H8-V,706,n03899768/ILSVRC2012_val_00043618_n03899768,13,3,0.007284530593703191,0.11034666001796722,0.5303718646367391,0.023622915148735046,0.01831919699907303
7500,H8-V,706,n03899768/ILSVRC2012_val_00043618_n03899768,19,3,0.00702368700876832,0.10774137824773788,0.5239896972974142,0.02303772233426571,0.017797825237115223
7500,H8-V,707,n03902125/ILSVRC2012_val_00021347_n03902125,1,3,0.006832282058894634,0.17724676430225372,0.441201130549113,0.028968969980875652,0.024556958427031834
7500,H8-V,707,n03902125/ILSVRC2012_val_00021347_n03902125,4,3,0.0040385959049065905,0.09865602354208629,0.3268110652764638,0.017172308638691902,0.013904198383291563
7500,H8-V,707,n03902125/ILSVRC2012_val_00021347_n03902125,7,3,0.0037626484408974648,0.09352581699689229,0.30042104919751483,0.01611944039662679,0.01311523032685121
7500,H8-V,707,n03902125/ILSVRC2012_val_00021347_n03902125,13,3,0.003527926281094551,0.08807959655920665,0.2810089786847432,0.015145975785950819,0.012335886247456074
7500,H8-V,707,n03902125/ILSVRC2012_val_00021347_n03902125,19,3,0.0034621380424747863,0.08563410739103954,0.27951928973197937,0.014820741799970468,0.012025548766056696
7500,H8-V,708,n03903868/ILSVRC2012_val_00015543_n03903868,1,3,0.014128971534470717,0.23475138346354166,0.7051137884457906,0.044655248522758484,0.037604110315442085
7500,H8-V,708,n03903868/ILSVRC2012_val_00015543_n03903868,4,3,0.009118369780480862,0.12581675251324972,0.5567609270413717,0.027267654115955036,0.021700044473012287
7500,H8-V,708,n03903868/ILSVRC2012_val_00015543_n03903868,7,3,0.008646346318225065,0.11886701981226604,0.5264851848284403,0.025797899812459946,0.0205330482373635
7500,H8-V,708,n03903868/ILSVRC2012_val_00015543_n03903868,13,3,0.008165435244639715,0.1122318630417188,0.5011487801869711,0.02440011004606883,0.019388621672987938
7500,H8-V,708,n03903868/ILSVRC2012_val_00015543_n03903868,19,3,0.007961148396134377,0.11012711624304454,0.4950905541578929,0.02392476610839367,0.018973860889673233
7500,H8-V,709,n03908618/ILSVRC2012_val_00004296_n03908618,1,3,0.013027554688354334,0.22247657676537833,0.6316470503807068,0.04159168340265751,0.03527521217862765
7500,H8-V,709,n03908618/ILSVRC2012_val_00004296_n03908618,4,3,0.005256583758940299,0.10200573007265727,0.47132449348767597,0.020170402402679127,0.01545715673516194
7500,H8-V,709,n03908618/ILSVRC2012_val_00004296_n03908618,7,3,0.005003064870834351,0.09691341469685237,0.44378111759821576,0.01913221801320712,0.014694406650960445
7500,H8-V,709,n03908618/ILSVRC2012_val_00004296_n03908618,13,3,0.004768732779969771,0.09108586609363556,0.4223188559214274,0.018100508178273838,0.013877319792906443
7500,H8-V,709,n03908618/ILSVRC2012_val_00004296_n03908618,19,3,0.004689156388243039,0.08747032036383946,0.4192725519339244,0.01762891374528408,0.0134361886108915
7500,H8-V,710,n03908714/ILSVRC2012_val_00008499_n03908714,1,3,0.007592495686064164,0.15471148490905762,0.5012625257174174,0.02807626997431119,0.023063644766807556
7500,H8-V,710,n03908714/ILSVRC2012_val_00008499_n03908714,4,3,0.004000920957575242,0.08762975533803304,0.39727896451950073,0.01673668622970581,0.012763896957039833
7500,H8-V,710,n03908714/ILSVRC2012_val_00008499_n03908714,7,3,0.003628716648866733,0.08203866581122081,0.3683210810025533,0.015515794356664022,0.0118325836956501
7500,H8-V,710,n03908714/ILSVRC2012_val_00008499_n03908714,13,3,0.0032459921979655824,0.07575622697671254,0.34531939029693604,0.014274808578193188,0.010821614724894365
7500,H8-V,710,n03908714/ILSVRC2012_val_00008499_n03908714,19,3,0.003080465986082951,0.07236464321613312,0.3409324487050374,0.013726254614690939,0.010316930090387663
7500,H8-V,711,n03916031/ILSVRC2012_val_00021942_n03916031,1,3,0.023523422578970592,0.2398351530234019,1.02874090274175,0.05779434864719709,0.04750693837801615
7500,H8-V,711,n03916031/ILSVRC2012_val_00021942_n03916031,4,3,0.008032018939654032,0.12314638247092564,0.8179257114728292,0.028525914375980694,0.020346657062570255
7500,H8-V,711,n03916031/ILSVRC2012_val_00021942_n03916031,7,3,0.007278817240148783,0.11320817470550537,0.7828108072280884,0.02642774333556493,0.018599634990096092
7500,H8-V,711,n03916031/ILSVRC2012_val_00021942_n03916031,13,3,0.006460228934884071,0.10274843126535416,0.7500614126523336,0.024235686908165615,0.01673507255812486
7500,H8-V,711,n03916031/ILSVRC2012_val_00021942_n03916031,19,3,0.0062012857136627035,0.10146828989187877,0.7405776580174764,0.023753891388575237,0.01634811485807101
7500,H8-V,712,n03920288/ILSVRC2012_val_00015939_n03920288,1,3,0.0055448867691059904,0.127394104997317,0.3135608534018199,0.021419905746976536,0.018284297548234463
7500,H8-V,712,n03920288/ILSVRC2012_val_00015939_n03920288,4,3,0.004228550164649884,0.07370291153589885,0.2250092476606369,0.013848934012154738,0.011598841597636541
7500,H8-V,712,n03920288/ILSVRC2012_val_00015939_n03920288,7,3,0.004069504172851642,0.06895426412423451,0.19931018352508545,0.012958032079041004,0.01096493067840735
7500,H8-V,712,n03920288/ILSVRC2012_val_00015939_n03920288,13,3,0.003942227611939113,0.06509608775377274,0.1811146636803945,0.012262983247637749,0.01045183651149273
7500,H8-V,712,n03920288/ILSVRC2012_val_00015939_n03920288,19,3,0.003915040598561366,0.06391168137391408,0.1810953070720037,0.012117162036399046,0.010306209015349546
7500,H8-V,713,n03924679/ILSVRC2012_val_00033129_n03924679,1,3,0.01177918134878079,0.14330781499544779,0.5331434806187948,0.03144139672319094,0.026109963034590084
7500,H8-V,713,n03924679/ILSVRC2012_val_00033129_n03924679,4,3,0.005374624238659938,0.08430749426285426,0.42724714676539105,0.018077844753861427,0.013805373882253965
7500,H8-V,713,n03924679/ILSVRC2012_val_00033129_n03924679,7,3,0.00507989851757884,0.08248529583215714,0.39855624238650006,0.017313990741968155,0.013328428380191326
7500,H8-V,713,n03924679/ILSVRC2012_val_00033129_n03924679,13,3,0.004840034991502762,0.08048371970653534,0.37823042273521423,0.016670710717638332,0.012888407024244467
7500,H8-V,713,n03924679/ILSVRC2012_val_00033129_n03924679,19,3,0.004787375219166279,0.07871147990226746,0.3787078062693278,0.01644560197989146,0.012658523706098398
7500,H8-V,714,n03929660/ILSVRC2012_val_00006496_n03929660,1,3,0.0017485396238043904,0.07529300451278687,0.29546258846918744,0.012232465979953608,0.00927784014493227
7500,H8-V,714,n03929660/ILSVRC2012_val_00006496_n03929660,4,3,0.0007079650143471857,0.03658341368039449,0.2010300556818644,0.0063766068778932095,0.004366306432833274
7500,H8-V,714,n03929660/ILSVRC2012_val_00006496_n03929660,7,3,0.0006508306056881944,0.0341310128569603,0.17498535414536795,0.005813785673429568,0.004063932069887717
7500,H8-V,714,n03929660/ILSVRC2012_val_00006496_n03929660,13,3,0.0005960145887608329,0.03243763620654742,0.1562220255533854,0.005401998603095611,0.003839778325830897
7500,H8-V,714,n03929660/ILSVRC2012_val_00006496_n03929660,19,3,0.0005550942344901463,0.03222474083304405,0.15560562908649445,0.005333624469737212,0.0037775683061530194
7500,H8-V,715,n03929855/ILSVRC2012_val_00038444_n03929855,1,3,0.011613433249294758,0.18439972400665283,0.7249996463457743,0.03730340301990509,0.030053406953811646
7500,H8-V,715,n03929855/ILSVRC2012_val_00038444_n03929855,4,3,0.007218479178845882,0.12784884373346964,0.6049606204032898,0.026052969818313915,0.020003363490104675
7500,H8-V,715,n03929855/ILSVRC2012_val_00038444_n03929855,7,3,0.006686652700106303,0.12333368013302486,0.574118415514628,0.024761204918225605,0.019020020961761475
7500,H8-V,715,n03929855/ILSVRC2012_val_00038444_n03929855,13,3,0.0062414367372790975,0.11949923386176427,0.5492700934410095,0.023684061442812283,0.018191360558072727
7500,H8-V,715,n03929855/ILSVRC2012_val_00038444_n03929855,19,3,0.006154886757334073,0.11765919625759125,0.5448004404703776,0.023368810613950092,0.017920806383093197
7500,H8-V,716,n03930313/ILSVRC2012_val_00004610_n03930313,1,3,0.005547485469530026,0.1971785177787145,0.40435922145843506,0.029308930039405823,0.025265337899327278
7500,H8-V,716,n03930313/ILSVRC2012_val_00004610_n03930313,4,3,0.003782528297354778,0.13423700630664825,0.30767689148585003,0.020282998060186703,0.017206229269504547
7500,H8-V,716,n03930313/ILSVRC2012_val_00004610_n03930313,7,3,0.00360396271571517,0.13340953489144644,0.2812710702419281,0.019757627199093502,0.016944916918873787
7500,H8-V,716,n03930313/ILSVRC2012_val_00004610_n03930313,13,3,0.003475833839426438,0.13155152897040048,0.26298190156618756,0.019260805721084278,0.0166309867054224
7500,H8-V,716,n03930313/ILSVRC2012_val_00004610_n03930313,19,3,0.0034502165702482066,0.12774785359700522,0.2646650473276774,0.0188716525832812,0.016225002085169155
7500,H8-V,717,n03930630/ILSVRC2012_val_00032894_n03930630,1,3,0.020206387465198834,0.18126285076141357,0.8609272440274557,0.046941942224899925,0.03833267092704773
7500,H8-V,717,n03930630/ILSVRC2012_val_00032894_n03930630,4,3,0.014019857781628767,0.12143711000680923,0.735787053902944,0.03352144112189611,0.026163569341103237
7500,H8-V,717,n03930630/ILSVRC2012_val_00032894_n03930630,7,3,0.013185530590514341,0.11579252282778423,0.7030586202939352,0.031795368840297066,0.024764782438675564
7500,H8-V,717,n03930630/ILSVRC2012_val_00032894_n03930630,13,3,0.012313789688050747,0.1102659006913503,0.6746028661727905,0.030086408679684002,0.02334037981927395
7500,H8-V,717,n03930630/ILSVRC2012_val_00032894_n03930630,19,3,0.011975163593888283,0.10813286900520325,0.6668570041656494,0.029457020262877148,0.022788450121879578
7500,H8-V,718,n03933933/ILSVRC2012_val_00004802_n03933933,1,3,0.008588757055501143,0.15972793102264404,0.34593044718106586,0.02802085441847642,0.024561550468206406
7500,H8-V,718,n03933933/ILSVRC2012_val_00004802_n03933933,4,3,0.004676493816077709,0.07941212505102158,0.23189012706279755,0.01493660764147838,0.012617706631620726
7500,H8-V,718,n03933933/ILSVRC2012_val_00004802_n03933933,7,3,0.004474415599058072,0.07625268151362737,0.2052359382311503,0.014152043499052525,0.012099683905641237
7500,H8-V,718,n03933933/ILSVRC2012_val_00004802_n03933933,13,3,0.004299330525100231,0.07346172382434209,0.18567599852879843,0.013502262843151888,0.011645503031710783
7500,H8-V,718,n03933933/ILSVRC2012_val_00004802_n03933933,19,3,0.004216254378358523,0.07221574832995732,0.18423321843147278,0.013280161345998446,0.011437829273442427
7500,H8-V,719,n03935335/ILSVRC2012_val_00041964_n03935335,1,3,0.008988411941876015,0.14661760131518045,0.3533757229646047,0.02718392883737882,0.02365017185608546
7500,H8-V,719,n03935335/ILSVRC2012_val_00041964_n03935335,4,3,0.0027344985088954368,0.05646996945142746,0.24310168623924255,0.01081251228849093,0.008381495562692484
7500,H8-V,719,n03935335/ILSVRC2012_val_00041964_n03935335,7,3,0.002577210155626138,0.05367585023244222,0.21666849652926126,0.010111480330427488,0.007944795303046703
7500,H8-V,719,n03935335/ILSVRC2012_val_00041964_n03935335,13,3,0.0024706925420711436,0.05122633402546247,0.1975704828898112,0.009569030875960985,0.007593326115359862
7500,H8-V,719,n03935335/ILSVRC2012_val_00041964_n03935335,19,3,0.0024416890616218248,0.04989038407802582,0.19670485953489938,0.009397775866091251,0.00743072759360075
7500,H8-V,720,n03937543/ILSVRC2012_val_00024585_n03937543,1,3,0.009402271981040636,0.20683205127716064,0.7440174420674642,0.037525651355584465,0.030085477357109387
7500,H8-V,720,n03937543/ILSVRC2012_val_00024585_n03937543,4,3,0.006390144272396962,0.15074871480464935,0.6543149749437968,0.02800816483795643,0.02146501528720061
7500,H8-V,720,n03937543/ILSVRC2012_val_00024585_n03937543,7,3,0.0059766084887087345,0.144573504726092,0.624092717965444,0.02667488654454549,0.02043395924071471
7500,H8-V,720,n03937543/ILSVRC2012_val_00024585_n03937543,13,3,0.005569182801991701,0.1384259263674418,0.5989988843599955,0.0254017636179924,0.019411774973074596
7500,H8-V,720,n03937543/ILSVRC2012_val_00024585_n03937543,19,3,0.005430414651830991,0.13629507025082907,0.5931762059529623,0.024991683661937714,0.019059921925266583
7500,H8-V,721,n03938244/ILSVRC2012_val_00046170_n03938244,1,3,0.01897120662033558,0.26912089188893634,0.8655683994293213,0.054538978884617485,0.04588329543670019
7500,H8-V,721,n03938244/ILSVRC2012_val_00046170_n03938244,4,3,0.01093159398684899,0.18013133108615875,0.7246802647908529,0.03619153052568436,0.02894472765425841
7500,H8-V,721,n03938244/ILSVRC2012_val_00046170_n03938244,7,3,0.010444895053903261,0.17219448586304983,0.6928550799687704,0.03459289545814196,0.027664343516031902
7500,H8-V,721,n03938244/ILSVRC2012_val_00046170_n03938244,13,3,0.010007301966349283,0.16419986883799234,0.6654800375302633,0.03308208907643954,0.026427288850148518
7500,H8-V,721,n03938244/ILSVRC2012_val_00046170_n03938244,19,3,0.0098960530012846,0.16168661415576935,0.6587879260381063,0.0326525941491127,0.02606471503774325
7500,H8-V,722,n03942813/ILSVRC2012_val_00033381_n03942813,1,3,0.015542454396684965,0.2314721643924713,0.7150384187698364,0.045840054750442505,0.03868967046340307
7500,H8-V,722,n03942813/ILSVRC2012_val_00033381_n03942813,4,3,0.007630787634601195,0.10267063478628795,0.5631966392199198,0.023529817039767902,0.017897851144274075
7500,H8-V,722,n03942813/ILSVRC2012_val_00033381_n03942813,7,3,0.007113958864162366,0.09785859535137813,0.532495359579722,0.02222477210064729,0.016899818554520607
7500,H8-V,722,n03942813/ILSVRC2012_val_00033381_n03942813,13,3,0.006661320881297191,0.09304164350032806,0.5063872138659159,0.021029357487956684,0.015965485324462254
7500,H8-V,722,n03942813/ILSVRC2012_val_00033381_n03942813,19,3,0.006515306731065114,0.09242439518372218,0.49984972675641376,0.02075624403854211,0.015757746373613674
7500,H8-V,723,n03944341/ILSVRC2012_val_00028125_n03944341,1,3,0.04444310565789541,0.32123810052871704,1.8561888933181763,0.0951288069287936,0.07656691720088322
7500,H8-V,723,n03944341/ILSVRC2012_val_00028125_n03944341,4,3,0.025813757131497066,0.18053158124287924,1.604800780614217,0.05991492420434952,0.04386691749095917
7500,H8-V,723,n03944341/ILSVRC2012_val_00028125_n03944341,7,3,0.024191601822773617,0.1706231633822123,1.566805362701416,0.056921971340974174,0.04125391816099485
7500,H8-V,723,n03944341/ILSVRC2012_val_00028125_n03944341,13,3,0.022599780311187107,0.16281919181346893,1.5269923210144043,0.05415162071585655,0.03888169924418131
7500,H8-V,723,n03944341/ILSVRC2012_val_00028125_n03944341,19,3,0.021965866287549336,0.15841037531693777,1.5106351375579834,0.05291325474778811,0.03780690456430117
7500,H8-V,724,n03947888/ILSVRC2012_val_00032776_n03947888,1,3,0.0061096724433203535,0.11159749825795491,0.2889115909735362,0.020158538594841957,0.017269422610600788
7500,H8-V,724,n03947888/ILSVRC2012_val_00032776_n03947888,4,3,0.0026882258243858814,0.05530748267968496,0.19389569759368896,0.010157931285599867,0.008218974495927492
7500,H8-V,724,n03947888/ILSVRC2012_val_00032776_n03947888,7,3,0.0025557000966121755,0.052255529910326004,0.16875464717547098,0.009468799456954002,0.007781253041078647
7500,H8-V,724,n03947888/ILSVRC2012_val_00032776_n03947888,13,3,0.002473916858434677,0.049865495413541794,0.15050681432088217,0.00896553477893273,0.007460466430832942
7500,H8-V,724,n03947888/ILSVRC2012_val_00032776_n03947888,19,3,0.0024826248021175465,0.04870140552520752,0.14841253558794656,0.008836890570819378,0.007352765494336684
7500,H8-V,725,n03950228/ILSVRC2012_val_00018614_n03950228,1,3,0.014181702708204588,0.2139266828695933,0.9670836329460144,0.0452452078461647,0.03557437161604563
7500,H8-V,725,n03950228/ILSVRC2012_val_00018614_n03950228,4,3,0.008390846041341623,0.13281061748663583,0.8078384796778361,0.029750292499860127,0.021671907355388004
7500,H8-V,725,n03950228/ILSVRC2012_val_00018614_n03950228,7,3,0.00796002180625995,0.12490669389565785,0.7755878965059916,0.02820657069484393,0.020450691382090252
7500,H8-V,725,n03950228/ILSVRC2012_val_00018614_n03950228,13,3,0.007658985909074545,0.11993542313575745,0.7471655011177063,0.027124183252453804,0.01965252806742986
7500,H8-V,725,n03950228/ILSVRC2012_val_00018614_n03950228,19,3,0.0076865215475360555,0.11880156646172206,0.7398378252983093,0.026965056856473286,0.01956667813162009
7500,H8-V,726,n03954731/ILSVRC2012_val_00004803_n03954731,1,3,0.014850692513088385,0.23773685097694397,0.7628245949745178,0.04625262195865313,0.038624377300341926
7500,H8-V,726,n03954731/ILSVRC2012_val_00004803_n03954731,4,3,0.010178435904284319,0.15626828372478485,0.6181546250979105,0.03198681150873502,0.025805264711380005
7500,H8-V,726,n03954731/ILSVRC2012_val_00004803_n03954731,7,3,0.009639854542911053,0.1505978653828303,0.5877185265223185,0.03057682638367017,0.02469964139163494
7500,H8-V,726,n03954731/ILSVRC2012_val_00004803_n03954731,13,3,0.009122688012818495,0.14485603074232736,0.5629045168558756,0.02923733616868655,0.023608291521668434
7500,H8-V,726,n03954731/ILSVRC2012_val_00004803_n03954731,19,3,0.008944870593647162,0.14453913768132529,0.5583585699399313,0.02898236985007922,0.023398784299691517
7500,H8-V,727,n03956157/ILSVRC2012_val_00008607_n03956157,1,3,0.05082316696643829,0.27094166974226636,0.6027005910873413,0.083944338063399,0.07791733493407567
7500,H8-V,727,n03956157/ILSVRC2012_val_00008607_n03956157,4,3,0.038826643178860344,0.1181401511033376,0.4401710530122121,0.055042367428541183,0.05064065754413605
7500,H8-V,727,n03956157/ILSVRC2012_val_00008607_n03956157,7,3,0.037662132332722344,0.11597336332003276,0.4147423307100932,0.053406890481710434,0.04925946767131487
7500,H8-V,727,n03956157/ILSVRC2012_val_00008607_n03956157,13,3,0.03683258841435114,0.11487265924612682,0.39638126889864606,0.05228366702795029,0.04831985384225845
7500,H8-V,727,n03956157/ILSVRC2012_val_00008607_n03956157,19,3,0.03694994126756986,0.11581255247195561,0.39531389872233075,0.05248433848222097,0.04853119825323423
7500,H8-V,728,n03958227/ILSVRC2012_val_00048624_n03958227,1,3,0.010047177318483591,0.22990400592486063,0.7783605655034384,0.040821184714635216,0.0330375786870718
7500,H8-V,728,n03958227/ILSVRC2012_val_00048624_n03958227,4,3,0.005279777105897665,0.12149651100238164,0.6354180971781412,0.023783608650167782,0.017429428175091743
7500,H8-V,728,n03958227/ILSVRC2012_val_00048624_n03958227,7,3,0.0048616123385727406,0.11803238342205684,0.6060902873675028,0.022725753486156464,0.016664850835998852
7500,H8-V,728,n03958227/ILSVRC2012_val_00048624_n03958227,13,3,0.004586763524760802,0.11428011208772659,0.5818169713020325,0.021832944204409916,0.016014774640401203
7500,H8-V,728,n03958227/ILSVRC2012_val_00048624_n03958227,19,3,0.004481528885662556,0.11037795494000117,0.5763055086135864,0.02128237982590993,0.01551932500054439
7500,H8-V,729,n03961711/ILSVRC2012_val_00006124_n03961711,1,3,0.010201745356122652,0.22996121644973755,1.097066879272461,0.044168535619974136,0.033197867373625435
7500,H8-V,729,n03961711/ILSVRC2012_val_00006124_n03961711,4,3,0.007087977292637031,0.1743267079194387,0.9528402884801229,0.0340490515033404,0.024520648643374443
7500,H8-V,729,n03961711/ILSVRC2012_val_00006124_n03961711,7,3,0.006607297031829755,0.1667709400256475,0.917386015256246,0.03245824947953224,0.023284391189614933
7500,H8-V,729,n03961711/ILSVRC2012_val_00006124_n03961711,13,3,0.006198323952654998,0.15909124910831451,0.8852006594340006,0.03095945529639721,0.022107449049750965
7500,H8-V,729,n03961711/ILSVRC2012_val_00006124_n03961711,19,3,0.006107183949400981,0.15604508419831595,0.8751131892204285,0.030462824429074924,0.021711692834893864
7500,H8-V,730,n03967562/ILSVRC2012_val_00030925_n03967562,1,3,0.010039118739465872,0.1632713476816813,0.49715882539749146,0.03133784234523773,0.026366254314780235
7500,H8-V,730,n03967562/ILSVRC2012_val_00030925_n03967562,4,3,0.007123906320581834,0.11124773571888606,0.39430232842763263,0.02219170331954956,0.018248680358131725
7500,H8-V,730,n03967562/ILSVRC2012_val_00030925_n03967562,7,3,0.006822201112906138,0.10675581296284993,0.3667743106683095,0.021165526161591213,0.017497782905896504
7500,H8-V,730,n03967562/ILSVRC2012_val_00030925_n03967562,13,3,0.006583302281796932,0.10169170548518498,0.3467167615890503,0.020219640185435612,0.01675247276822726
7500,H8-V,730,n03967562/ILSVRC2012_val_00030925_n03967562,19,3,0.006516082522769769,0.09898152699073155,0.3459882140159607,0.01987411764760812,0.016414235656460125
7500,H8-V,731,n03970156/ILSVRC2012_val_00048797_n03970156,1,3,0.006647346851726373,0.14982130626837412,0.5025380452473959,0.026654858142137527,0.021629478161533672
7500,H8-V,731,n03970156/ILSVRC2012_val_00048797_n03970156,4,3,0.0038774356556435428,0.08801658203204472,0.40249282121658325,0.01670402226348718,0.012679094448685646
7500,H8-V,731,n03970156/ILSVRC2012_val_00048797_n03970156,7,3,0.0036018264945596457,0.0833284358183543,0.37450186411539715,0.015679688503344853,0.01193466999878486
7500,H8-V,731,n03970156/ILSVRC2012_val_00048797_n03970156,13,3,0.0033282847919811807,0.07843835651874542,0.35379048188527423,0.014710025240977606,0.011172120148936907
7500,H8-V,731,n03970156/ILSVRC2012_val_00048797_n03970156,19,3,0.003241496548677484,0.07710097978512447,0.35336341460545856,0.014485228806734085,0.010951594449579716
7500,H8-V,732,n03976467/ILSVRC2012_val_00047323_n03976467,1,3,0.017619605797032516,0.17391410966714224,0.5118158161640167,0.040129173547029495,0.035011015832424164
7500,H8-V,732,n03976467/ILSVRC2012_val_00047323_n03976467,4,3,0.00947455440958341,0.08899081746737163,0.393540362517039,0.022309039408961933,0.018373636528849602
7500,H8-V,732,n03976467/ILSVRC2012_val_00047323_n03976467,7,3,0.00885812658816576,0.08442920943101247,0.3639206687609355,0.020940254752834637,0.017301047841707867
7500,H8-V,732,n03976467/ILSVRC2012_val_00047323_n03976467,13,3,0.008265595883131027,0.07835945238669713,0.3425078292687734,0.019526619464159012,0.016101540997624397
7500,H8-V,732,n03976467/ILSVRC2012_val_00047323_n03976467,19,3,0.008074182706574598,0.07519823561112086,0.34265922506650287,0.019020598381757736,0.01559400682648023
7500,H8-V,733,n03976657/ILSVRC2012_val_00038951_n03976657,1,3,0.012289449572563171,0.18869579335053763,0.4006166060765584,0.03516519442200661,0.03115902841091156
7500,H8-V,733,n03976657/ILSVRC2012_val_00038951_n03976657,4,3,0.005071705672889948,0.08817772070566814,0.2852448026339213,0.016741925850510597,0.01388947789867719
7500,H8-V,733,n03976657/ILSVRC2012_val_00038951_n03976657,7,3,0.0047151668307681876,0.08364554742972057,0.25954357782999676,0.015675157619019348,0.013079721791048845
7500,H8-V,733,n03976657/ILSVRC2012_val_00038951_n03976657,13,3,0.004422054936488469,0.07834335168202718,0.24081061283747354,0.014664496295154095,0.012256390415132046
7500,H8-V,733,n03976657/ILSVRC2012_val_00038951_n03976657,19,3,0.00429309889053305,0.07420001178979874,0.2393991748491923,0.014107092283666134,0.011713100597262383
7500,H8-V,734,n03977966/ILSVRC2012_val_00010650_n03977966,1,3,0.020478206997116406,0.23099656403064728,0.9442418813705444,0.05302028109629949,0.043577863524357476
7500,H8-V,734,n03977966/ILSVRC2012_val_00010650_n03977966,4,3,0.009825837177534899,0.1373039831717809,0.78669140736262,0.03142314963042736,0.02355623555680116
7500,H8-V,734,n03977966/ILSVRC2012_val_00010650_n03977966,7,3,0.009177053968111673,0.12832385549942651,0.7543577949206034,0.029553017889459927,0.022009439766407013
7500,H8-V,734,n03977966/ILSVRC2012_val_00010650_n03977966,13,3,0.008650228070716063,0.1187197615702947,0.7264422178268433,0.027786626170078915,0.02052220453818639
7500,H8-V,734,n03977966/ILSVRC2012_val_00010650_n03977966,19,3,0.00859851948916912,0.1156491885582606,0.7195741732915243,0.02735918015241623,0.020163438593347866
7500,H8-V,735,n03980874/ILSVRC2012_val_00011490_n03980874,1,3,0.006675573376317819,0.15688180923461914,0.531174898147583,0.02767550324400266,0.022363754610220592
7500,H8-V,735,n03980874/ILSVRC2012_val_00011490_n03980874,4,3,0.0041109722418089705,0.09931025405724843,0.4323039452234904,0.018365036696195602,0.014041997802754244
7500,H8-V,735,n03980874/ILSVRC2012_val_00011490_n03980874,7,3,0.003815207009514173,0.0940620352824529,0.40533478061358136,0.017274759088953335,0.013221411034464836
7500,H8-V,735,n03980874/ILSVRC2012_val_00011490_n03980874,13,3,0.003586776244143645,0.08924059321482976,0.3866338829199473,0.016377173985044163,0.01251083550353845
7500,H8-V,735,n03980874/ILSVRC2012_val_00011490_n03980874,19,3,0.0035642183696230254,0.08811083436012268,0.3881892462571462,0.01625719480216503,0.012375302612781525
7500,H8-V,736,n03982430/ILSVRC2012_val_00002385_n03982430,1,3,0.017222801844278973,0.23558967808882395,0.9052766760190328,0.04983453700939814,0.04078177114327749
7500,H8-V,736,n03982430/ILSVRC2012_val_00002385_n03982430,4,3,0.009588809063037237,0.13607940077781677,0.7498005628585815,0.03069475417335828,0.0231967493891716
7500,H8-V,736,n03982430/ILSVRC2012_val_00002385_n03982430,7,3,0.009066889062523842,0.13083374003569284,0.7163881858189901,0.029314144824941952,0.02215026319026947
7500,H8-V,736,n03982430/ILSVRC2012_val_00002385_n03982430,13,3,0.00864278773466746,0.1254075119892756,0.6866440176963806,0.028049979979793232,0.021183539802829426
7500,H8-V,736,n03982430/ILSVRC2012_val_00002385_n03982430,19,3,0.008550229482352734,0.12392708162466685,0.6779203216234843,0.02772214139501254,0.020942938203612965
7500,H8-V,737,n03983396/ILSVRC2012_val_00039229_n03983396,1,3,0.015986058084915083,0.22105924785137177,0.6625001033147176,0.04471698465446631,0.038091983646154404
7500,H8-V,737,n03983396/ILSVRC2012_val_00039229_n03983396,4,3,0.004930078672866027,0.0925198420882225,0.4999232391516368,0.01918129560848077,0.014182063130040964
7500,H8-V,737,n03983396/ILSVRC2012_val_00039229_n03983396,7,3,0.004539396458615859,0.08766905218362808,0.4701557656129201,0.018007858966787655,0.013306301708022753
7500,H8-V,737,n03983396/ILSVRC2012_val_00039229_n03983396,13,3,0.00414143626888593,0.08181844154993693,0.4455905656019847,0.016779185583194096,0.012323280485967794
7500,H8-V,737,n03983396/ILSVRC2012_val_00039229_n03983396,19,3,0.003979670659949382,0.0789910505215327,0.4409964879353841,0.016288740560412407,0.011878776053587595
7500,H8-V,738,n03991062/ILSVRC2012_val_00024174_n03991062,1,3,0.024789312854409218,0.26609381039937335,1.2110824982325237,0.06350951765974362,0.05139869451522827
7500,H8-V,738,n03991062/ILSVRC2012_val_00024174_n03991062,4,3,0.017020027463634808,0.18097018698851267,1.0389119784037273,0.045506165673335396,0.03511704628666242
7500,H8-V,738,n03991062/ILSVRC2012_val_00024174_n03991062,7,3,0.016134993483622868,0.17223893602689108,1.0029311577479045,0.043388200302918754,0.033358888079722725
7500,H8-V,738,n03991062/ILSVRC2012_val_00024174_n03991062,13,3,0.015371693298220634,0.1662214199701945,0.9690734148025513,0.04168456792831421,0.031993833680947624
7500,H8-V,738,n03991062/ILSVRC2012_val_00024174_n03991062,19,3,0.015214817908902964,0.1654804845650991,0.9582924445470175,0.04134579002857208,0.031762866924206413
7500,H8-V,739,n03992509/ILSVRC2012_val_00005420_n03992509,1,3,0.01088426789889733,0.20227226614952087,0.8540459275245667,0.039651953925689064,0.031111494948466618
7500,H8-V,739,n03992509/ILSVRC2012_val_00005420_n03992509,4,3,0.006550158994893233,0.1483564774195353,0.7198982437451681,0.028584788863857586,0.021385806302229565
7500,H8-V,739,n03992509/ILSVRC2012_val_00005420_n03992509,7,3,0.00596149234722058,0.1391674131155014,0.6887877186139425,0.026766111453374226,0.01987823409338792
7500,H8-V,739,n03992509/ILSVRC2012_val_00005420_n03992509,13,3,0.005427270817259948,0.13076148430506387,0.6611205736796061,0.025114625071485836,0.01850341943403085
7500,H8-V,739,n03992509/ILSVRC2012_val_00005420_n03992509,19,3,0.005233219203849633,0.12709047893683115,0.6533782283465067,0.024476049467921257,0.017942267780502636
7500,H8-V,740,n03995372/ILSVRC2012_val_00026148_n03995372,1,3,0.023707179352641106,0.2841658393541972,1.0095186829566956,0.062218950440486274,0.05212376266717911
7500,H8-V,740,n03995372/ILSVRC2012_val_00026148_n03995372,4,3,0.014203590961794058,0.19374474386374155,0.8460074663162231,0.04203814143935839,0.03357806677619616
7500,H8-V,740,n03995372/ILSVRC2012_val_00026148_n03995372,7,3,0.01351454264173905,0.1878934701283773,0.8125115633010864,0.040429006020228066,0.03230389083425204
7500,H8-V,740,n03995372/ILSVRC2012_val_00026148_n03995372,13,3,0.012840557222565016,0.18333942194779715,0.7815363009770712,0.038989861806233726,0.031174498920639355
7500,H8-V,740,n03995372/ILSVRC2012_val_00026148_n03995372,19,3,0.01266286832590898,0.18228736023108164,0.772497276465098,0.038616577784220375,0.030891604721546173
7500,H8-V,741,n03998194/ILSVRC2012_val_00049687_n03998194,1,3,0.0053240506288905936,0.13978031277656555,0.45472989479700726,0.023849381133913994,0.019302082248032093
7500,H8-V,741,n03998194/ILSVRC2012_val_00049687_n03998194,4,3,0.002399785676971078,0.07706760863463084,0.33949445684750873,0.013501491397619247,0.010106546804308891
7500,H8-V,741,n03998194/ILSVRC2012_val_00049687_n03998194,7,3,0.0022335670267542205,0.07221326977014542,0.3117501636346181,0.012572395304838816,0.009454893879592419
7500,H8-V,741,n03998194/ILSVRC2012_val_00049687_n03998194,13,3,0.0020853218932946524,0.06868903338909149,0.29145071903864544,0.011868732670942942,0.008954225418468317
7500,H8-V,741,n03998194/ILSVRC2012_val_00049687_n03998194,19,3,0.00203496760999163,0.06598862260580063,0.2903764645258586,0.011537594720721245,0.008633830274144808
7500,H8-V,742,n04004767/ILSVRC2012_val_00021479_n04004767,1,3,0.007442157405118148,0.24291619658470154,0.6625605622927347,0.038359384362896286,0.031733777994910874
7500,H8-V,742,n04004767/ILSVRC2012_val_00021479_n04004767,4,3,0.0033682309246311584,0.13841041922569275,0.5175134539604187,0.022384407619635265,0.01720927283167839
7500,H8-V,742,n04004767/ILSVRC2012_val_00021479_n04004767,7,3,0.0030810029711574316,0.13593661288420358,0.48984424273173016,0.021573106447855633,0.016674664492408436
7500,H8-V,742,n04004767/ILSVRC2012_val_00021479_n04004767,13,3,0.002810110648473104,0.1314819653828939,0.4681294858455658,0.020639602094888687,0.015958307310938835
7500,H8-V,742,n04004767/ILSVRC2012_val_00021479_n04004767,19,3,0.002728658883521954,0.12700890004634857,0.46528132756551105,0.020082362617055576,0.015429548919200897
7500,H8-V,743,n04005630/ILSVRC2012_val_00042069_n04005630,1,3,0.014580589719116688,0.24369275569915771,0.9014558990796407,0.04796442513664564,0.038949865847826004
7500,H8-V,743,n04005630/ILSVRC2012_val_00042069_n04005630,4,3,0.010370275005698204,0.16086921592553458,0.7638071974118551,0.034095268696546555,0.026457196722428005
7500,H8-V,743,n04005630/ILSVRC2012_val_00042069_n04005630,7,3,0.009653363066414991,0.15278263886769614,0.7296520670255026,0.03222814823190371,0.024931627015272777
7500,H8-V,743,n04005630/ILSVRC2012_val_00042069_n04005630,13,3,0.009007169244190058,0.14551129937171936,0.6986374855041504,0.030544674023985863,0.023558299367626507
7500,H8-V,743,n04005630/ILSVRC2012_val_00042069_n04005630,19,3,0.008785225450992584,0.14247141281763712,0.6895549694697062,0.029927916824817657,0.02303236722946167
7500,H8-V,744,n04008634/ILSVRC2012_val_00038596_n04008634,1,3,0.005755849648267031,0.14907359580198923,0.45655325055122375,0.025228741268316906,0.02066320925951004
7500,H8-V,744,n04008634/ILSVRC2012_val_00038596_n04008634,4,3,0.002687320268402497,0.08912625908851624,0.35293176770210266,0.015129263512790203,0.011599946146210035
7500,H8-V,744,n04008634/ILSVRC2012_val_00038596_n04008634,7,3,0.0024064910442878804,0.08053780347108841,0.32670654853185016,0.013727336501081785,0.010460271189610163
7500,H8-V,744,n04008634/ILSVRC2012_val_00038596_n04008634,13,3,0.002212052388737599,0.07399130860964458,0.30658889810244244,0.012677072547376156,0.009611183467010656
7500,H8-V,744,n04008634/ILSVRC2012_val_00038596_n04008634,19,3,0.0021048388443887234,0.07197451094786327,0.3051030933856964,0.012353320916493734,0.00930229015648365
7500,H8-V,745,n04009552/ILSVRC2012_val_00046217_n04009552,1,3,0.013170202262699604,0.25635475913683575,0.5527780652046204,0.044333457946777344,0.0388056772450606
7500,H8-V,745,n04009552/ILSVRC2012_val_00046217_n04009552,4,3,0.004511129266271989,0.12233565499385197,0.3784994085629781,0.020529689267277718,0.016744695603847504
7500,H8-V,745,n04009552/ILSVRC2012_val_00046217_n04009552,7,3,0.004212171925852696,0.11785109341144562,0.3501284619172414,0.019498566165566444,0.015997281298041344
7500,H8-V,745,n04009552/ILSVRC2012_val_00046217_n04009552,13,3,0.003952349691341321,0.1134558121363322,0.32848163445790607,0.018582748249173164,0.015297931618988514
7500,H8-V,745,n04009552/ILSVRC2012_val_00046217_n04009552,19,3,0.003778640724097689,0.10642429192860921,0.32596713304519653,0.017680741225679714,0.014421070305009684
7500,H8-V,746,n04019541/ILSVRC2012_val_00012382_n04019541,1,3,0.008256077766418457,0.15118315319220224,0.6157748103141785,0.029532140741745632,0.023374393582344055
7500,H8-V,746,n04019541/ILSVRC2012_val_00012382_n04019541,4,3,0.005220983177423477,0.07985949764649074,0.48790181676546734,0.01808595098555088,0.013206932693719864
7500,H8-V,746,n04019541/ILSVRC2012_val_00012382_n04019541,7,3,0.005072162797053655,0.07554808507363002,0.45589788754781085,0.017185950030883152,0.012626971428593
7500,H8-V,746,n04019541/ILSVRC2012_val_00012382_n04019541,13,3,0.004980830320467551,0.07160842667023341,0.4293491542339325,0.0164351649582386,0.012141673204799494
7500,H8-V,746,n04019541/ILSVRC2012_val_00012382_n04019541,19,3,0.004962665028870106,0.06942591319481532,0.42314933737119037,0.01613674933711688,0.01190525603791078
7500,H8-V,747,n04023962/ILSVRC2012_val_00041943_n04023962,1,3,0.018116522580385208,0.2600308408339818,1.175138036410014,0.055870987474918365,0.04411960765719414
7500,H8-V,747,n04023962/ILSVRC2012_val_00041943_n04023962,4,3,0.01083817177762588,0.16710692644119263,0.9876550436019897,0.03742541496952375,0.027548864483833313
7500,H8-V,747,n04023962/ILSVRC2012_val_00041943_n04023962,7,3,0.010046677974363169,0.15859215458234152,0.9475462834040324,0.03538135687510172,0.02590589349468549
7500,H8-V,747,n04023962/ILSVRC2012_val_00041943_n04023962,13,3,0.009547257795929909,0.15024190644423166,0.9144855539004008,0.033716304848591484,0.024571449185411137
7500,H8-V,747,n04023962/ILSVRC2012_val_00041943_n04023962,19,3,0.009433727711439133,0.14723209043343863,0.903550406297048,0.033192442109187446,0.02415693737566471
7500,H8-V,748,n04026417/ILSVRC2012_val_00042671_n04026417,1,3,0.01186444362004598,0.20296460390090942,0.41372642914454144,0.03629816944400469,0.03216090487937132
7500,H8-V,748,n04026417/ILSVRC2012_val_00042671_n04026417,4,3,0.004447729171564181,0.09794991711775462,0.2822965085506439,0.017065686484177906,0.014242721411089102
7500,H8-V,748,n04026417/ILSVRC2012_val_00042671_n04026417,7,3,0.004088735595966379,0.0928138718008995,0.2568008601665497,0.015938131449123222,0.013370123070975145
7500,H8-V,748,n04026417/ILSVRC2012_val_00042671_n04026417,13,3,0.0036199715298910937,0.08774701009194057,0.23866592347621918,0.014781331643462181,0.012394672570129236
7500,H8-V,748,n04026417/ILSVRC2012_val_00042671_n04026417,19,3,0.0034513603119800487,0.08524713416894276,0.23870023091634116,0.01436307622740666,0.011976074116925398
7500,H8-V,749,n04033901/ILSVRC2012_val_00025003_n04033901,1,3,0.0050870889487365884,0.2104054590066274,0.41628528634707135,0.030290488774577778,0.026127635190884273
7500,H8-V,749,n04033901/ILSVRC2012_val_00025003_n04033901,4,3,0.0023178597912192345,0.1007797047495842,0.30824628472328186,0.015478293100992838,0.012395830204089483
7500,H8-V,749,n04033901/ILSVRC2012_val_00025003_n04033901,7,3,0.002077756837631265,0.09368378172318141,0.28249051173528034,0.014271039826174578,0.011446135118603706
7500,H8-V,749,n04033901/ILSVRC2012_val_00025003_n04033901,13,3,0.0018647346490373213,0.08516409248113632,0.263706495364507,0.013018208866318067,0.010381143850584825
7500,H8-V,749,n04033901/ILSVRC2012_val_00025003_n04033901,19,3,0.0017780676328887541,0.07943967233101527,0.26317235827445984,0.012353758638103804,0.009722035067776838
7500,H8-V,750,n04033995/ILSVRC2012_val_00000260_n04033995,1,3,0.0029120889181892076,0.15168267985184988,0.5808796683947245,0.023889154195785522,0.01808035746216774
7500,H8-V,750,n04033995/ILSVRC2012_val_00000260_n04033995,4,3,0.0017558743323509891,0.10735507309436798,0.48554951945940655,0.01734687698384126,0.012491381727159023
7500,H8-V,750,n04033995/ILSVRC2012_val_00000260_n04033995,7,3,0.0016039204007635515,0.10069959113995235,0.4561358392238617,0.016235238562027614,0.0116738798096776
7500,H8-V,750,n04033995/ILSVRC2012_val_00000260_n04033995,13,3,0.0014774381027867396,0.09455645084381104,0.4330857495466868,0.015263940207660198,0.0109330831716458
7500,H8-V,750,n04033995/ILSVRC2012_val_00000260_n04033995,19,3,0.0014584352805589635,0.09203879038492839,0.43013546864191693,0.014963669081528982,0.010662314482033253
7500,H8-V,751,n04037443/ILSVRC2012_val_00023484_n04037443,1,3,0.02773415669798851,0.31410127878189087,0.9856329361597697,0.06900061418612798,0.05914428581794103
7500,H8-V,751,n04037443/ILSVRC2012_val_00023484_n04037443,4,3,0.013473179191350937,0.14142471551895142,0.8075220982233683,0.035690871377786,0.02761565086742242
7500,H8-V,751,n04037443/ILSVRC2012_val_00023484_n04037443,7,3,0.010917636565864086,0.13088403145472208,0.7742546796798706,0.031748585402965546,0.02400603952507178
7500,H8-V,751,n04037443/ILSVRC2012_val_00023484_n04037443,13,3,0.009790248237550259,0.12348758429288864,0.7442644238471985,0.029581650470693905,0.02213900660475095
7500,H8-V,751,n04037443/ILSVRC2012_val_00023484_n04037443,19,3,0.00939506416519483,0.1196735252936681,0.7346111536026001,0.028708528106411297,0.02136241706709067
7500,H8-V,752,n04039381/ILSVRC2012_val_00019426_n04039381,1,3,0.024562992776433628,0.33084575335184735,1.1032646894454956,0.06868021562695503,0.05764756972591082
7500,H8-V,752,n04039381/ILSVRC2012_val_00019426_n04039381,4,3,0.01730364498992761,0.20466458797454834,0.9129813114802042,0.04689991474151611,0.037770102421442665
7500,H8-V,752,n04039381/ILSVRC2012_val_00019426_n04039381,7,3,0.01655950831870238,0.19763859609762827,0.879273513952891,0.04511610418558121,0.036323368549346924
7500,H8-V,752,n04039381/ILSVRC2012_val_00019426_n04039381,13,3,0.01593735006948312,0.19194376468658447,0.8481395641962687,0.043613120913505554,0.035131726413965225
7500,H8-V,752,n04039381/ILSVRC2012_val_00019426_n04039381,19,3,0.015778260305523872,0.19156380991141,0.8382542332013448,0.04331718385219574,0.03493464241425196
7500,H8-V,753,n04040759/ILSVRC2012_val_00011284_n04040759,1,3,0.027506715307633083,0.26072539885838825,0.7295751372973124,0.060875010987122856,0.05357925842205683
7500,H8-V,753,n04040759/ILSVRC2012_val_00011284_n04040759,4,3,0.016157948101560276,0.15828911463419595,0.58467964331309,0.037833655873934426,0.0319868599375089
7500,H8-V,753,n04040759/ILSVRC2012_val_00011284_n04040759,7,3,0.015430640118817488,0.1514737606048584,0.5544174313545227,0.036122191697359085,0.03057801661392053
7500,H8-V,753,n04040759/ILSVRC2012_val_00011284_n04040759,13,3,0.01487533717105786,0.14304608603318533,0.5313058892885844,0.034493004282315574,0.029179945588111877
7500,H8-V,753,n04040759/ILSVRC2012_val_00011284_n04040759,19,3,0.014787168862919012,0.14081383248170218,0.5286807417869568,0.03415535887082418,0.028868552297353745
7500,H8-V,754,n04041544/ILSVRC2012_val_00013042_n04041544,1,3,0.01495617317656676,0.24644368886947632,0.776347815990448,0.04736402134100596,0.039600543677806854
7500,H8-V,754,n04041544/ILSVRC2012_val_00013042_n04041544,4,3,0.009435460902750492,0.1626763492822647,0.6434573531150818,0.03213766838113467,0.025703095520536106
7500,H8-V,754,n04041544/ILSVRC2012_val_00013042_n04041544,7,3,0.008856802557905516,0.156879131992658,0.6112911899884542,0.030657627309362095,0.02454471526046594
7500,H8-V,754,n04041544/ILSVRC2012_val_00013042_n04041544,13,3,0.008388640669484934,0.15016632278760275,0.5833406448364258,0.02923867975672086,0.023405273134509724
7500,H8-V,754,n04041544/ILSVRC2012_val_00013042_n04041544,19,3,0.00829777866601944,0.14874955515066782,0.5767414768536886,0.0289401492724816,0.023172734926144283
7500,H8-V,755,n04044716/ILSVRC2012_val_00017872_n04044716,1,3,0.0021346826882412038,0.08966865638891856,0.23549134532610574,0.013456462261577448,0.011101548559963703
7500,H8-V,755,n04044716/ILSVRC2012_val_00017872_n04044716,4,3,0.0007135121074194709,0.03939546147982279,0.14692693452040353,0.0061223275649050874,0.004653058325250943
7500,H8-V,755,n04044716/ILSVRC2012_val_00017872_n04044716,7,3,0.0006521051012290021,0.03653948629895846,0.12209402521451314,0.005526994199802478,0.00430605389798681
7500,H8-V,755,n04044716/ILSVRC2012_val_00017872_n04044716,13,3,0.0006593370732540885,0.03289514780044556,0.10403742144505183,0.00498922619347771,0.003948851954191923
7500,H8-V,755,n04044716/ILSVRC2012_val_00017872_n04044716,19,3,0.0007608171047953268,0.03223447998364767,0.10259279360373814,0.0050101932138204575,0.003984265339871247
7500,H8-V,756,n04049303/ILSVRC2012_val_00038346_n04049303,1,3,0.005822927535821994,0.1358427256345749,0.3353699843088786,0.02276090035835902,0.019407200316588085
7500,H8-V,756,n04049303/ILSVRC2012_val_00038346_n04049303,4,3,0.0030326252647986016,0.06955061852931976,0.24948092798391977,0.012482496288915476,0.00998768707116445
7500,H8-V,756,n04049303/ILSVRC2012_val_00038346_n04049303,7,3,0.002815550503631433,0.06449420750141144,0.2215685397386551,0.011480656762917837,0.009264971129596233
7500,H8-V,756,n04049303/ILSVRC2012_val_00038346_n04049303,13,3,0.002636291009063522,0.06094526002804438,0.20116648077964783,0.01074248148749272,0.008730816965301832
7500,H8-V,756,n04049303/ILSVRC2012_val_00038346_n04049303,19,3,0.002580411188925306,0.05931419879198074,0.1998018523057302,0.010509849215547243,0.008511831052601337
7500,H8-V,757,n04065272/ILSVRC2012_val_00013724_n04065272,1,3,0.008733598360170921,0.2116619497537613,0.5064172347386678,0.034963966036836304,0.029899793366591137
7500,H8-V,757,n04065272/ILSVRC2012_val_00013724_n04065272,4,3,0.0038811737516274056,0.10393252223730087,0.3750832875569661,0.01802525855600834,0.01427442611505588
7500,H8-V,757,n04065272/ILSVRC2012_val_00013724_n04065272,7,3,0.003580688421304027,0.09752417107423146,0.3480772276719411,0.01681387796998024,0.013333105792601904
7500,H8-V,757,n04065272/ILSVRC2012_val_00013724_n04065272,13,3,0.0033318066659073033,0.09052029500404994,0.3279928167661031,0.015663764129082363,0.012383836011091868
7500,H8-V,757,n04065272/ILSVRC2012_val_00013724_n04065272,19,3,0.003295719934006532,0.08860346178213756,0.32645126183827716,0.015420578420162201,0.012156065863867601
7500,H8-V,758,n04067472/ILSVRC2012_val_00021834_n04067472,1,3,0.020886216933528583,0.17850053310394287,1.0949976046880086,0.04968624686201414,0.03873627136150996
7500,H8-V,758,n04067472/ILSVRC2012_val_00021834_n04067472,4,3,0.014671125449240208,0.106747771302859,0.9306130409240723,0.034652033199866615,0.025345902269085247
7500,H8-V,758,n04067472/ILSVRC2012_val_00021834_n04067472,7,3,0.013823621906340122,0.10198956976334254,0.8974640369415283,0.03299721951285998,0.024022579193115234
7500,H8-V,758,n04067472/ILSVRC2012_val_00021834_n04067472,13,3,0.013112940825521946,0.09910964220762253,0.8663274645805359,0.03168718020121256,0.023023905232548714
7500,H8-V,758,n04067472/ILSVRC2012_val_00021834_n04067472,19,3,0.01293782020608584,0.10206471631924312,0.8563935160636902,0.031708226849635444,0.02314429171383381
7500,H8-V,759,n04069434/ILSVRC2012_val_00012816_n04069434,1,3,0.012815856374800205,0.15956646452347437,0.7281901041666666,0.03605440445244312,0.0287725031375885
7500,H8-V,759,n04069434/ILSVRC2012_val_00012816_n04069434,4,3,0.006748473737388849,0.08270112921794255,0.570279618104299,0.020721382771929104,0.015018587000668049
7500,H8-V,759,n04069434/ILSVRC2012_val_00012816_n04069434,7,3,0.006230808018396298,0.07714888950188954,0.5410383741060892,0.019356080641349156,0.013945697185893854
7500,H8-V,759,n04069434/ILSVRC2012_val_00012816_n04069434,13,3,0.0057815493394931155,0.07270965228478114,0.5163971583048502,0.018216486399372418,0.013052514754235744
7500,H8-V,759,n04069434/ILSVRC2012_val_00012816_n04069434,19,3,0.0056419520018001395,0.0713207225004832,0.5106279651323954,0.017880303785204887,0.012774024158716202
7500,H8-V,760,n04070727/ILSVRC2012_val_00046360_n04070727,1,3,0.027590423201521237,0.22405634820461273,1.246280829111735,0.062458865344524384,0.04999605814615885
7500,H8-V,760,n04070727/ILSVRC2012_val_00046360_n04070727,4,3,0.01748837095995744,0.15285828709602356,1.0708764791488647,0.04348296299576759,0.032774198800325394
7500,H8-V,760,n04070727/ILSVRC2012_val_00046360_n04070727,7,3,0.016319679096341133,0.14509294430414835,1.0316849946975708,0.041145823895931244,0.030828973899285
7500,H8-V,760,n04070727/ILSVRC2012_val_00046360_n04070727,13,3,0.015325680375099182,0.13639412820339203,0.9943781097730001,0.03890887275338173,0.028965093195438385
7500,H8-V,760,n04070727/ILSVRC2012_val_00046360_n04070727,19,3,0.015104012563824654,0.1334462414185206,0.9832747181256613,0.03828138361374537,0.0284486369540294
7500,H8-V,761,n04074963/ILSVRC2012_val_00003211_n04074963,1,3,0.01842280353109042,0.22012338042259216,0.8316163023312887,0.04875130578875542,0.04043514281511307
7500,H8-V,761,n04074963/ILSVRC2012_val_00003211_n04074963,4,3,0.011131107496718565,0.13715767860412598,0.6703304449717203,0.03155018016695976,0.02484687604010105
7500,H8-V,761,n04074963/ILSVRC2012_val_00003211_n04074963,7,3,0.010495838088293871,0.1316120227177938,0.6406291524569193,0.030063331748048466,0.02365704004963239
7500,H8-V,761,n04074963/ILSVRC2012_val_00003211_n04074963,13,3,0.009933713513116041,0.1262926459312439,0.6160998543103536,0.02872397688527902,0.022562978168328602
7500,H8-V,761,n04074963/ILSVRC2012_val_00003211_n04074963,19,3,0.009802973518768946,0.12532367805639902,0.6111300190289816,0.02844664144019286,0.022335341821114223
7500,H8-V,762,n04081281/ILSVRC2012_val_00047007_n04081281,1,3,0.010625074617564678,0.26840465764204663,0.800359845161438,0.04546913752953211,0.03746554007132848
7500,H8-V,762,n04081281/ILSVRC2012_val_00047007_n04081281,4,3,0.004082553554326296,0.15058564146359762,0.6289700865745544,0.025430818398793537,0.019141117731730144
7500,H8-V,762,n04081281/ILSVRC2012_val_00047007_n04081281,7,3,0.0036811879836022854,0.1432811071475347,0.5956761638323466,0.023966060330470402,0.018009299412369728
7500,H8-V,762,n04081281/ILSVRC2012_val_00047007_n04081281,13,3,0.0032973308892299733,0.13638598720232645,0.5669795473416647,0.02260572525362174,0.016935929656028748
7500,H8-V,762,n04081281/ILSVRC2012_val_00047007_n04081281,19,3,0.003175199187050263,0.13364935914675394,0.5598957538604736,0.022139092907309532,0.016540135567386944
7500,H8-V,763,n04086273/ILSVRC2012_val_00037854_n04086273,1,3,0.01904403294126193,0.18883279959360758,0.601628045241038,0.043943593899408974,0.03792731339732806
7500,H8-V,763,n04086273/ILSVRC2012_val_00037854_n04086273,4,3,0.008750153395036856,0.10259984930356343,0.45861438910166424,0.023596282427509625,0.019010138387481373
7500,H8-V,763,n04086273/ILSVRC2012_val_00037854_n04086273,7,3,0.007874895818531513,0.09769015510876973,0.4290866255760193,0.02193477749824524,0.01764391114314397
7500,H8-V,763,n04086273/ILSVRC2012_val_00037854_n04086273,13,3,0.007017229683697224,0.09209630141655605,0.40625762939453125,0.02028943660358588,0.016226860384146374
7500,H8-V,763,n04086273/ILSVRC2012_val_00037854_n04086273,19,3,0.0067474860697984695,0.09042278428872426,0.40317527453104657,0.019821517169475555,0.01578976462284724
7500,H8-V,764,n04090263/ILSVRC2012_val_00006389_n04090263,1,3,0.011618384470542273,0.19933651387691498,0.49391088883082074,0.03649114569028219,0.031552037224173546
7500,H8-V,764,n04090263/ILSVRC2012_val_00006389_n04090263,4,3,0.006256385240703821,0.11860675116380055,0.3696698844432831,0.021813758959372837,0.01811706026395162
7500,H8-V,764,n04090263/ILSVRC2012_val_00006389_n04090263,7,3,0.005872892836729686,0.11204541474580765,0.3420974910259247,0.020498409246404965,0.017077434187134106
7500,H8-V,764,n04090263/ILSVRC2012_val_00006389_n04090263,13,3,0.005527879111468792,0.10588640471299489,0.3230976064999898,0.01934749570985635,0.016116519769032795
7500,H8-V,764,n04090263/ILSVRC2012_val_00006389_n04090263,19,3,0.005414351510504882,0.10329157610734303,0.32439106702804565,0.018987419083714485,0.01574350893497467
7500,H8-V,765,n04099969/ILSVRC2012_val_00044763_n04099969,1,3,0.011843927515049776,0.13504164417584738,0.4799448649088542,0.030147540693481762,0.02534809211889903
7500,H8-V,765,n04099969/ILSVRC2012_val_00044763_n04099969,4,3,0.008305481014152368,0.09133350352446239,0.3791866898536682,0.021230698252717655,0.01743883142868678
7500,H8-V,765,n04099969/ILSVRC2012_val_00044763_n04099969,7,3,0.007800110305349032,0.08697950591643651,0.3506651322046916,0.020004712666074436,0.0164980615178744
7500,H8-V,765,n04099969/ILSVRC2012_val_00044763_n04099969,13,3,0.007368708495050669,0.08248144884904225,0.3288070758183797,0.018904924392700195,0.01561685341099898
7500,H8-V,765,n04099969/ILSVRC2012_val_00044763_n04099969,19,3,0.007258916739374399,0.08033926288286845,0.32632320125897724,0.018556075791517895,0.01529284349332253
7500,H8-V,766,n04111531/ILSVRC2012_val_00001625_n04111531,1,3,0.01551786344498396,0.21323144932587942,0.9831759134928385,0.04667276764909426,0.0368410088121891
7500,H8-V,766,n04111531/ILSVRC2012_val_00001625_n04111531,4,3,0.010182954681416353,0.1565686215957006,0.8271229068438212,0.034111046542723976,0.025839817399779957
7500,H8-V,766,n04111531/ILSVRC2012_val_00001625_n04111531,7,3,0.009433677730460962,0.15080659091472626,0.79245658715566,0.032438902805248894,0.02451433738072713
7500,H8-V,766,n04111531/ILSVRC2012_val_00001625_n04111531,13,3,0.008818306339283785,0.14459661642710367,0.7608719269434611,0.030886687338352203,0.023277968168258667
7500,H8-V,766,n04111531/ILSVRC2012_val_00001625_n04111531,19,3,0.008725531088809172,0.14258161187171936,0.7513722777366638,0.030497414370377857,0.02298369196554025
7500,H8-V,767,n04116512/ILSVRC2012_val_00006736_n04116512,1,3,0.00208513461984694,0.10788077116012573,0.3193506598472595,0.016066718536118667,0.0128732118755579
7500,H8-V,767,n04116512/ILSVRC2012_val_00006736_n04116512,4,3,0.0010047528776340187,0.05847273766994476,0.2404206097126007,0.009256233150760332,0.006852026873578628
7500,H8-V,767,n04116512/ILSVRC2012_val_00006736_n04116512,7,3,0.0009227097810556492,0.05349508300423622,0.21385506788889566,0.008410768583416939,0.006272218190133572
7500,H8-V,767,n04116512/ILSVRC2012_val_00006736_n04116512,13,3,0.0008683274500072002,0.051662150770425797,0.1944584051767985,0.007979126336673895,0.006034542651226123
7500,H8-V,767,n04116512/ILSVRC2012_val_00006736_n04116512,19,3,0.0008569735218770802,0.05117411042253176,0.19378395875295004,0.007912224158644676,0.005974384645620982
7500,H8-V,768,n04118538/ILSVRC2012_val_00017229_n04118538,1,3,0.027521184956034023,0.24509412050247192,1.8384104172388713,0.07041470458110173,0.05203059812386831
7500,H8-V,768,n04118538/ILSVRC2012_val_00017229_n04118538,4,3,0.019653637583057087,0.17243224382400513,1.6609807014465332,0.0535066711405913,0.03689686333139738
7500,H8-V,768,n04118538/ILSVRC2012_val_00017229_n04118538,7,3,0.018029784162839253,0.1611530284086863,1.6160046656926472,0.05030513430635134,0.034145087003707886
7500,H8-V,768,n04118538/ILSVRC2012_val_00017229_n04118538,13,3,0.016668050239483517,0.15326660374800363,1.570536692937215,0.04770007853706678,0.03199471036593119
7500,H8-V,768,n04118538/ILSVRC2012_val_00017229_n04118538,19,3,0.01636197417974472,0.15224852164586386,1.554887334505717,0.04713569954037666,0.03158682708938917
7500,H8-V,769,n04118776/ILSVRC2012_val_00046510_n04118776,1,3,0.009085663128644228,0.1326694960395495,0.3591795166333516,0.025944408650199573,0.022352613508701324
7500,H8-V,769,n04118776/ILSVRC2012_val_00046510_n04118776,4,3,0.003646673091376821,0.0500296043852965,0.2576153874397278,0.011225787301858267,0.008649633266031742
7500,H8-V,769,n04118776/ILSVRC2012_val_00046510_n04118776,7,3,0.003243758653601011,0.045541636645793915,0.23022906482219696,0.010100212879478931,0.007797922473400831
7500,H8-V,769,n04118776/ILSVRC2012_val_00046510_n04118776,13,3,0.002921852438400189,0.042146033296982445,0.21104960640271506,0.009246951900422573,0.007136455737054348
7500,H8-V,769,n04118776/ILSVRC2012_val_00046510_n04118776,19,3,0.0028376785727838674,0.0411847730477651,0.211466113726298,0.009070816760261854,0.0069561560327808065
7500,H8-V,770,n04120489/ILSVRC2012_val_00037735_n04120489,1,3,0.02220208632449309,0.21853954096635184,0.7161239186922709,0.05121728032827377,0.04405604178706805
7500,H8-V,770,n04120489/ILSVRC2012_val_00037735_n04120489,4,3,0.01028525580962499,0.09258665889501572,0.5587521195411682,0.025131442894538242,0.019543921574950218
7500,H8-V,770,n04120489/ILSVRC2012_val_00037735_n04120489,7,3,0.009678489528596401,0.08754068364699681,0.5293357769648234,0.02372591570019722,0.018432558203736942
7500,H8-V,770,n04120489/ILSVRC2012_val_00037735_n04120489,13,3,0.00918081464866797,0.0832374816139539,0.506257176399231,0.02256713497141997,0.017504562934239704
7500,H8-V,770,n04120489/ILSVRC2012_val_00037735_n04120489,19,3,0.009077918405334154,0.08165464550256729,0.5035138130187988,0.022278521209955215,0.01724338283141454
7500,H8-V,771,n04125021/ILSVRC2012_val_00044161_n04125021,1,3,0.010081386504073938,0.18683003882567087,0.5109560191631317,0.03387395044167837,0.028764390697081883
7500,H8-V,771,n04125021/ILSVRC2012_val_00044161_n04125021,4,3,0.005527179377774398,0.10168836017449696,0.39590617020924884,0.019655076786875725,0.015696015829841297
7500,H8-V,771,n04125021/ILSVRC2012_val_00044161_n04125021,7,3,0.005186820402741432,0.09773938357830048,0.36895455916722614,0.018650303905208904,0.014960759008924166
7500,H8-V,771,n04125021/ILSVRC2012_val_00044161_n04125021,13,3,0.004849589429795742,0.09395216902097066,0.3487939238548279,0.01773274503648281,0.014244806331892809
7500,H8-V,771,n04125021/ILSVRC2012_val_00044161_n04125021,19,3,0.004692350514233112,0.09184174984693527,0.34705198804537457,0.017347045242786407,0.013876525374750296
7500,H8-V,772,n04127249/ILSVRC2012_val_00045591_n04127249,1,3,0.01090262116243442,0.21138296524683634,0.5066907008488973,0.037107824037472405,0.032040917625029884
7500,H8-V,772,n04127249/ILSVRC2012_val_00045591_n04127249,4,3,0.006642254379888375,0.12876336773236594,0.38205332557360333,0.023339124396443367,0.019518591463565826
7500,H8-V,772,n04127249/ILSVRC2012_val_00045591_n04127249,7,3,0.006314762557546298,0.12527674188216528,0.3533680935700734,0.02237611822783947,0.018842436994115513
7500,H8-V,772,n04127249/ILSVRC2012_val_00045591_n04127249,13,3,0.006018221378326416,0.119949276248614,0.33147027095158893,0.021327851961056393,0.01801314887901147
7500,H8-V,772,n04127249/ILSVRC2012_val_00045591_n04127249,19,3,0.005884747952222824,0.11678236722946167,0.3295230170090993,0.020858215168118477,0.017562984799345333
7500,H8-V,773,n04131690/ILSVRC2012_val_00001319_n04131690,1,3,0.008085928546885649,0.1163460190097491,0.3894341091314952,0.02361487162609895,0.019720530758301418
7500,H8-V,773,n04131690/ILSVRC2012_val_00001319_n04131690,4,3,0.003996611572802067,0.06368567297856013,0.29733001192410785,0.013338479213416576,0.010365179119010767
7500,H8-V,773,n04131690/ILSVRC2012_val_00001319_n04131690,7,3,0.0037170150317251682,0.06028787915905317,0.27069513003031415,0.012452754192054272,0.009745803040762743
7500,H8-V,773,n04131690/ILSVRC2012_val_00001319_n04131690,13,3,0.003496263176202774,0.05645580217242241,0.25172831614812213,0.011659126418332258,0.009141843145092329
7500,H8-V,773,n04131690/ILSVRC2012_val_00001319_n04131690,19,3,0.003439759835600853,0.05442766224344572,0.25207077463467914,0.01140323436508576,0.008882526308298111
7500,H8-V,774,n04133789/ILSVRC2012_val_00013852_n04133789,1,3,0.014645904923478762,0.26381099224090576,0.6727860371271769,0.04775486389795939,0.04102700389921665
7500,H8-V,774,n04133789/ILSVRC2012_val_00013852_n04133789,4,3,0.006427494964251916,0.1177144671479861,0.5132801731427511,0.023331742733716965,0.018198941523830097
7500,H8-V,774,n04133789/ILSVRC2012_val_00013852_n04133789,7,3,0.005909309101601441,0.11076011011997859,0.48305708169937134,0.021815891067186993,0.016985320796569187
7500,H8-V,774,n04133789/ILSVRC2012_val_00013852_n04133789,13,3,0.00541014193246762,0.10249354938666026,0.4588617980480194,0.02024811568359534,0.01565949742992719
7500,H8-V,774,n04133789/ILSVRC2012_val_00013852_n04133789,19,3,0.005310295770565669,0.09922301272551219,0.4547395706176758,0.019779992600282032,0.015232597477734089
7500,H8-V,775,n04136333/ILSVRC2012_val_00029197_n04136333,1,3,0.011268867800633112,0.20675904552141824,0.43984883030255634,0.036343260357777275,0.03194477284948031
7500,H8-V,775,n04136333/ILSVRC2012_val_00029197_n04136333,4,3,0.00745597667992115,0.12197287132342656,0.3352501392364502,0.02300576555232207,0.019653263812263806
7500,H8-V,775,n04136333/ILSVRC2012_val_00029197_n04136333,7,3,0.007243220694363117,0.11776344974835713,0.30867008368174237,0.022106266270081203,0.01901956523458163
7500,H8-V,775,n04136333/ILSVRC2012_val_00029197_n04136333,13,3,0.0070488958929975825,0.11461290468772252,0.28897220889727276,0.021399909009536106,0.018510186423858006
7500,H8-V,775,n04136333/ILSVRC2012_val_00029197_n04136333,19,3,0.0069588832557201385,0.11317802717288335,0.2873283227284749,0.02114996872842312,0.01827668584883213
7500,H8-V,776,n04141076/ILSVRC2012_val_00024972_n04141076,1,3,0.01917051523923874,0.23693021138509116,1.0404975414276123,0.0532685120900472,0.04286353662610054
7500,H8-V,776,n04141076/ILSVRC2012_val_00024972_n04141076,4,3,0.012653705043097338,0.14529503881931305,0.8948136369387308,0.036131344735622406,0.0271832092354695
7500,H8-V,776,n04141076/ILSVRC2012_val_00024972_n04141076,7,3,0.011873550402621428,0.13729988038539886,0.8599654038747152,0.03420319284001986,0.025603538379073143
7500,H8-V,776,n04141076/ILSVRC2012_val_00024972_n04141076,13,3,0.011155962633589903,0.12807993094126383,0.828488846619924,0.0322488434612751,0.02396395616233349
7500,H8-V,776,n04141076/ILSVRC2012_val_00024972_n04141076,19,3,0.010925264718631903,0.12619854509830475,0.819704532623291,0.03174216548601786,0.023545119911432266
7500,H8-V,777,n04141327/ILSVRC2012_val_00038425_n04141327,1,3,0.0034826951256642738,0.20297897358735403,0.5191060105959574,0.028971653431653976,0.023780593027671177
7500,H8-V,777,n04141327/ILSVRC2012_val_00038425_n04141327,4,3,0.001991991807396213,0.1071975901722908,0.3913378318150838,0.016625129307309788,0.012711750964323679
7500,H8-V,777,n04141327/ILSVRC2012_val_00038425_n04141327,7,3,0.0018622186422968905,0.10138402382532756,0.3618800938129425,0.015619421998659769,0.012000620986024538
7500,H8-V,777,n04141327/ILSVRC2012_val_00038425_n04141327,13,3,0.0017367207910865545,0.09548196196556091,0.33950990438461304,0.014680016164978346,0.01128491728256146
7500,H8-V,777,n04141327/ILSVRC2012_val_00038425_n04141327,19,3,0.0016953200877954562,0.09379615137974422,0.337197870016098,0.014446913885573546,0.01107493539651235
7500,H8-V,778,n04141975/ILSVRC2012_val_00013890_n04141975,1,3,0.009986309024194876,0.17782089114189148,0.5648385286331177,0.033416781574487686,0.027768397703766823
7500,H8-V,778,n04141975/ILSVRC2012_val_00013890_n04141975,4,3,0.005923856204996507,0.1086361159880956,0.4474849800268809,0.021262317275007565,0.016787466903527577
7500,H8-V,778,n04141975/ILSVRC2012_val_00013890_n04141975,7,3,0.005545718129724264,0.10311267524957657,0.4188191095987956,0.020045176148414612,0.015856985623637836
7500,H8-V,778,n04141975/ILSVRC2012_val_00013890_n04141975,13,3,0.005210291439046462,0.09845736374457677,0.39776620268821716,0.01903368967274825,0.01505602803081274
7500,H8-V,778,n04141975/ILSVRC2012_val_00013890_n04141975,19,3,0.00514235037068526,0.09875895082950592,0.3969436188538869,0.018987682337562244,0.01501824582616488
7500,H8-V,779,n04146614/ILSVRC2012_val_00028026_n04146614,1,3,0.016723010689020157,0.16645683844884238,0.7229370872179667,0.040598065902789436,0.033368694906433426
7500,H8-V,779,n04146614/ILSVRC2012_val_00028026_n04146614,4,3,0.010756762698292732,0.10714495927095413,0.6001173655192057,0.027472431461016338,0.021471258252859116
7500,H8-V,779,n04146614/ILSVRC2012_val_00028026_n04146614,7,3,0.010221826533476511,0.10215400159358978,0.5703257520993551,0.026140484338005383,0.020437226941188175
7500,H8-V,779,n04146614/ILSVRC2012_val_00028026_n04146614,13,3,0.009774495847523212,0.09691508859395981,0.5459133386611938,0.024925137559572857,0.01946600464483102
7500,H8-V,779,n04146614/ILSVRC2012_val_00028026_n04146614,19,3,0.009722229403754076,0.0960622454682986,0.5411339600880941,0.024739794433116913,0.01932845450937748
7500,H8-V,780,n04147183/ILSVRC2012_val_00016151_n04147183,1,3,0.003419990185648203,0.1705321967601776,0.47843218843142193,0.02525753155350685,0.020473210141062737
7500,H8-V,780,n04147183/ILSVRC2012_val_00016151_n04147183,4,3,0.002189661143347621,0.11831480264663696,0.3824196358521779,0.017845337589581806,0.014021141454577446
7500,H8-V,780,n04147183/ILSVRC2012_val_00016151_n04147183,7,3,0.0019709820238252482,0.11057080080111821,0.35396501421928406,0.016567712028821308,0.01302806194871664
7500,H8-V,780,n04147183/ILSVRC2012_val_00016151_n04147183,13,3,0.0017901432390014331,0.10250704983870189,0.3320724666118622,0.015361573857565721,0.012040848843753338
7500,H8-V,780,n04147183/ILSVRC2012_val_00016151_n04147183,19,3,0.0017393475864082575,0.09930210808912913,0.3294963240623474,0.014964521241684755,0.011669558162490526
7500,H8-V,781,n04149813/ILSVRC2012_val_00046809_n04149813,1,3,0.014566473352412382,0.23426464200019836,0.8615408341089884,0.04660834620396296,0.03799293811122576
7500,H8-V,781,n04149813/ILSVRC2012_val_00046809_n04149813,4,3,0.009063216236730417,0.13861570755640665,0.706900397936503,0.02999379113316536,0.022924787054459255
7500,H8-V,781,n04149813/ILSVRC2012_val_00046809_n04149813,7,3,0.008653414125243822,0.13178664445877075,0.6760121385256449,0.028592200949788094,0.02183207931617896
7500,H8-V,781,n04149813/ILSVRC2012_val_00046809_n04149813,13,3,0.008320908372600874,0.12556559840838113,0.649124006430308,0.027368706961472828,0.020877467468380928
7500,H8-V,781,n04149813/ILSVRC2012_val_00046809_n04149813,19,3,0.008210831321775913,0.12222265203793843,0.64207923412323,0.026853889226913452,0.020433096836010616
7500,H8-V,782,n04152593/ILSVRC2012_val_00034252_n04152593,1,3,0.007976337025562922,0.2184901386499405,0.71324489514033,0.03695779852569103,0.029825350890556972
7500,H8-V,782,n04152593/ILSVRC2012_val_00034252_n04152593,4,3,0.004519425022105376,0.13289667665958405,0.5726417700449625,0.023535510525107384,0.01780909237762292
7500,H8-V,782,n04152593/ILSVRC2012_val_00034252_n04152593,7,3,0.004142414778470993,0.12684122721354166,0.5443730354309082,0.022270267829298973,0.01682653712729613
7500,H8-V,782,n04152593/ILSVRC2012_val_00034252_n04152593,13,3,0.0038060872660328946,0.11954730252424876,0.5211922327677408,0.02097274052600066,0.015760817875464756
7500,H8-V,782,n04152593/ILSVRC2012_val_00034252_n04152593,19,3,0.0036844021330277124,0.11539291838804881,0.5162923137346903,0.02038661700983842,0.015223694033920765
7500,H8-V,783,n04153751/ILSVRC2012_val_00013898_n04153751,1,3,0.005596840288490057,0.17139597237110138,0.3592662413914998,0.026329099511106808,0.02273643823961417
7500,H8-V,783,n04153751/ILSVRC2012_val_00013898_n04153751,4,3,0.002309947662676374,0.07305225729942322,0.2434461067120234,0.012049634320040544,0.009615173252920309
7500,H8-V,783,n04153751/ILSVRC2012_val_00013898_n04153751,7,3,0.0021604392677545547,0.06917730470498402,0.21764561037222543,0.011254626015822092,0.0090781698624293
7500,H8-V,783,n04153751/ILSVRC2012_val_00013898_n04153751,13,3,0.002044054834793011,0.06603519866863887,0.20028539995352426,0.010650428632895151,0.008647574732700983
7500,H8-V,783,n04153751/ILSVRC2012_val_00013898_n04153751,19,3,0.0020021227343628802,0.0648272583882014,0.20295211672782898,0.010514369855324427,0.008484848464528719
7500,H8-V,784,n04154565/ILSVRC2012_val_00035867_n04154565,1,3,0.007727701527376969,0.18607985973358154,0.627887507279714,0.03261456141869227,0.026335687686999638
7500,H8-V,784,n04154565/ILSVRC2012_val_00035867_n04154565,4,3,0.004800084823121627,0.10264848917722702,0.4982917110125224,0.02004785028596719,0.015064933647712072
7500,H8-V,784,n04154565/ILSVRC2012_val_00035867_n04154565,7,3,0.00442839910586675,0.09711779405673344,0.4693632125854492,0.018833811084429424,0.014140178759892782
7500,H8-V,784,n04154565/ILSVRC2012_val_00035867_n04154565,13,3,0.004084188335885604,0.09175450603167216,0.4464913507302602,0.01772455188135306,0.013259638721744219
7500,H8-V,784,n04154565/ILSVRC2012_val_00035867_n04154565,19,3,0.003956209712972243,0.0895165925224622,0.4429762264092763,0.017337631434202194,0.012907869182527065
7500,H8-V,785,n04162706/ILSVRC2012_val_00045394_n04162706,1,3,0.010918804444372654,0.21618813772996268,0.8086579442024231,0.040624196330706276,0.03253761865198612
7500,H8-V,785,n04162706/ILSVRC2012_val_00045394_n04162706,4,3,0.005713063602646192,0.1233786791563034,0.6603676080703735,0.024654607598980267,0.01805093139410019
7500,H8-V,785,n04162706/ILSVRC2012_val_00045394_n04162706,7,3,0.005175366376837094,0.11440717925628026,0.6259169975916544,0.02287525311112404,0.016616083681583405
7500,H8-V,785,n04162706/ILSVRC2012_val_00045394_n04162706,13,3,0.004707705850402514,0.10590827465057373,0.5956027110417684,0.021254560599724453,0.015298533874253431
7500,H8-V,785,n04162706/ILSVRC2012_val_00045394_n04162706,19,3,0.0045882281847298145,0.10309830804665883,0.5877300103505453,0.020775359123945236,0.014898058958351612
7500,H8-V,786,n04179913/ILSVRC2012_val_00003488_n04179913,1,3,0.007046830840408802,0.20820422967274985,0.5699642101923624,0.03356689649323622,0.027867253869771957
7500,H8-V,786,n04179913/ILSVRC2012_val_00003488_n04179913,4,3,0.0027311122976243496,0.08464262634515762,0.42826201518376666,0.015477995698650679,0.011195375273625055
7500,H8-V,786,n04179913/ILSVRC2012_val_00003488_n04179913,7,3,0.002506018616259098,0.07916570703188579,0.3980384071667989,0.014402973155180613,0.010422589567800363
7500,H8-V,786,n04179913/ILSVRC2012_val_00003488_n04179913,13,3,0.002323141864811381,0.07385181138912837,0.3736614187558492,0.013444937455157438,0.009708323205510775
7500,H8-V,786,n04179913/ILSVRC2012_val_00003488_n04179913,19,3,0.002261373292033871,0.07193609327077866,0.3692988455295563,0.013147971592843533,0.009454982976118723
7500,H8-V,787,n04192698/ILSVRC2012_val_00026098_n04192698,1,3,0.021832777187228203,0.27044140299161273,0.8446749647458395,0.05732366691033045,0.04887691761056582
7500,H8-V,787,n04192698/ILSVRC2012_val_00026098_n04192698,4,3,0.015080489528675875,0.18465671936670938,0.7005650798479716,0.04055181269844373,0.033546162148316704
7500,H8-V,787,n04192698/ILSVRC2012_val_00026098_n04192698,7,3,0.014294876717031002,0.17836558322111765,0.667765200138092,0.03880908588568369,0.03213143472870191
7500,H8-V,787,n04192698/ILSVRC2012_val_00026098_n04192698,13,3,0.013592937340339025,0.1682201772928238,0.6398419340451559,0.03681337460875511,0.03041495569050312
7500,H8-V,787,n04192698/ILSVRC2012_val_00026098_n04192698,19,3,0.013410822798808416,0.16330512861410776,0.6336668928464254,0.03607800478736559,0.029741335660219193
7500,H8-V,788,n04200800/ILSVRC2012_val_00041825_n04200800,1,3,0.012044053214291731,0.20316370824972788,0.94329833984375,0.04179340600967407,0.032360423977176346
7500,H8-V,788,n04200800/ILSVRC2012_val_00041825_n04200800,4,3,0.008319614455103874,0.1424336036046346,0.8194265365600586,0.03075724033017953,0.02256297506392002
7500,H8-V,788,n04200800/ILSVRC2012_val_00041825_n04200800,7,3,0.007697274597982566,0.1371880273024241,0.7856782078742981,0.029272859295209248,0.02141607739031315
7500,H8-V,788,n04200800/ILSVRC2012_val_00041825_n04200800,13,3,0.007109225261956453,0.1298847794532776,0.7557312846183777,0.027655015389124554,0.020097702741622925
7500,H8-V,788,n04200800/ILSVRC2012_val_00041825_n04200800,19,3,0.006945089437067509,0.12718802193800607,0.7475818196932474,0.027139710262417793,0.019663892065485317
7500,H8-V,789,n04201297/ILSVRC2012_val_00037501_n04201297,1,3,0.00524142865712444,0.14548709243535995,0.31529972950617474,0.02294313597182433,0.01979013904929161
7500,H8-V,789,n04201297/ILSVRC2012_val_00037501_n04201297,4,3,0.0024551836928973594,0.06107897311449051,0.21877557535966238,0.010750836692750454,0.008563080802559853
7500,H8-V,789,n04201297/ILSVRC2012_val_00037501_n04201297,7,3,0.0022808879924317202,0.057236106445391975,0.19244824349880219,0.009928981152673563,0.008004498668015003
7500,H8-V,789,n04201297/ILSVRC2012_val_00037501_n04201297,13,3,0.002160392158354322,0.054370434333880745,0.17304555575052896,0.009327891593178114,0.007597435886661212
7500,H8-V,789,n04201297/ILSVRC2012_val_00037501_n04201297,19,3,0.002134774268294374,0.053655385971069336,0.17106057206789652,0.009210918719569841,0.007500313222408295
7500,H8-V,790,n04204238/ILSVRC2012_val_00048590_n04204238,1,3,0.02431706277032693,0.27631409962972003,1.4184067646662395,0.06613254174590111,0.051948474099238716
7500,H8-V,790,n04204238/ILSVRC2012_val_00048590_n04204238,4,3,0.013388342224061489,0.1836979240179062,1.2219897905985515,0.043978032966454826,0.03175813580552737
7500,H8-V,790,n04204238/ILSVRC2012_val_00048590_n04204238,7,3,0.012577913080652555,0.17604143420855203,1.187167485555013,0.042053731779257454,0.030182056749860447
7500,H8-V,790,n04204238/ILSVRC2012_val_00048590_n04204238,13,3,0.011770575617750486,0.16702531774838766,1.1519609292348225,0.03999271740516027,0.028473107765118282
7500,H8-V,790,n04204238/ILSVRC2012_val_00048590_n04204238,19,3,0.011472222084800402,0.16276335716247559,1.1382214625676472,0.039130772153536476,0.027748558670282364
7500,H8-V,791,n04204347/ILSVRC2012_val_00049135_n04204347,1,3,0.025989616910616558,0.26754192511240643,1.3611501852671306,0.0663553128639857,0.05274380991856257
7500,H8-V,791,n04204347/ILSVRC2012_val_00049135_n04204347,4,3,0.02087351803978284,0.19102749228477478,1.1786314646402996,0.051762582113345466,0.03997626776496569
7500,H8-V,791,n04204347/ILSVRC2012_val_00049135_n04204347,7,3,0.020083094636599224,0.18507592876752219,1.1430469751358032,0.05002115542689959,0.038590687016646065
7500,H8-V,791,n04204347/ILSVRC2012_val_00049135_n04204347,13,3,0.01948175144692262,0.17996342480182648,1.1091171503067017,0.04856926823655764,0.03747809554139773
7500,H8-V,791,n04204347/ILSVRC2012_val_00049135_n04204347,19,3,0.01941402939458688,0.17759859561920166,1.098549207051595,0.04815937951207161,0.03717388833562533
7500,H8-V,792,n04208210/ILSVRC2012_val_00021349_n04208210,1,3,0.010882420154909292,0.1812396744887034,0.5475858251253763,0.034482246885697045,0.029006388038396835
7500,H8-V,792,n04208210/ILSVRC2012_val_00021349_n04208210,4,3,0.004834549811979135,0.09111454586187999,0.4311778048674266,0.018257781863212585,0.013946004522343477
7500,H8-V,792,n04208210/ILSVRC2012_val_00021349_n04208210,7,3,0.004554502355555694,0.08629849304755528,0.4033450285593669,0.01721780188381672,0.013184351846575737
7500,H8-V,792,n04208210/ILSVRC2012_val_00021349_n04208210,13,3,0.004288122057914734,0.0813227966427803,0.3825628062089284,0.01624603010714054,0.01242040190845728
7500,H8-V,792,n04208210/ILSVRC2012_val_00021349_n04208210,19,3,0.004194770318766435,0.07988923043012619,0.3811437984307607,0.015995131184657414,0.01218369323760271
7500,H8-V,793,n04209133/ILSVRC2012_val_00013723_n04209133,1,3,0.018947878231604893,0.26012109220027924,0.8391477664311727,0.05335146685441335,0.044959989686807
7500,H8-V,793,n04209133/ILSVRC2012_val_00013723_n04209133,4,3,0.011217965433994928,0.1481575866540273,0.6892728606859843,0.03292645265658697,0.026033724347750347
7500,H8-V,793,n04209133/ILSVRC2012_val_00013723_n04209133,7,3,0.01063899447520574,0.14330554008483887,0.6559127767880758,0.03152867779135704,0.024969549228747685
7500,H8-V,793,n04209133/ILSVRC2012_val_00013723_n04209133,13,3,0.010136787469188372,0.13771925369898477,0.6276815533638,0.030185528720418613,0.02390871321161588
7500,H8-V,793,n04209133/ILSVRC2012_val_00013723_n04209133,19,3,0.010005221391717592,0.1344920297463735,0.6210864981015524,0.029665290067593258,0.023454425235589344
7500,H8-V,794,n04209239/ILSVRC2012_val_00049798_n04209239,1,3,0.0227547703931729,0.2010274181763331,2.2374020417531333,0.06523152937491734,0.04285751158992449
7500,H8-V,794,n04209239/ILSVRC2012_val_00049798_n04209239,4,3,0.017800432319442432,0.14209709564844766,2.058734099070231,0.05259748175740242,0.032010141760110855
7500,H8-V,794,n04209239/ILSVRC2012_val_00049798_n04209239,7,3,0.016833866015076637,0.13376309474309286,2.014559825261434,0.050355772177378334,0.030210175241033237
7500,H8-V,794,n04209239/ILSVRC2012_val_00049798_n04209239,13,3,0.016123652458190918,0.12715845803419748,1.9650545914967854,0.04849004248778025,0.028839498137434322
7500,H8-V,794,n04209239/ILSVRC2012_val_00049798_n04209239,19,3,0.016035498430331547,0.12569868812958399,1.9420382976531982,0.04802575086553892,0.028605367988348007
7500,H8-V,795,n04228054/ILSVRC2012_val_00029954_n04228054,1,3,0.00837110790113608,0.1396754135688146,0.530994176864624,0.02764859174688657,0.022338649878899258
7500,H8-V,795,n04228054/ILSVRC2012_val_00029954_n04228054,4,3,0.005129467851171891,0.0914199377099673,0.4235777258872986,0.018507239719231922,0.014271462336182594
7500,H8-V,795,n04228054/ILSVRC2012_val_00029954_n04228054,7,3,0.00474899106969436,0.08679047723611195,0.39563194910685223,0.01738435837129752,0.0134280389174819
7500,H8-V,795,n04228054/ILSVRC2012_val_00029954_n04228054,13,3,0.004392104844252269,0.0824190949400266,0.373729944229126,0.016371314103404682,0.012634014710783958
7500,H8-V,795,n04228054/ILSVRC2012_val_00029954_n04228054,19,3,0.004281503614038229,0.08113796263933182,0.3709511359532674,0.01610481118162473,0.012395299971103668
7500,H8-V,796,n04229816/ILSVRC2012_val_00012197_n04229816,1,3,0.0069062441277007265,0.1753580023845037,0.46157388885815936,0.029057782764236133,0.02444204439719518
7500,H8-V,796,n04229816/ILSVRC2012_val_00012197_n04229816,4,3,0.0024131123597423234,0.07996172209580739,0.33094550172487897,0.013718740083277225,0.010409285003940264
7500,H8-V,796,n04229816/ILSVRC2012_val_00012197_n04229816,7,3,0.0021717580190549293,0.07624160995086034,0.3067004978656769,0.012862924486398697,0.009795919371147951
7500,H8-V,796,n04229816/ILSVRC2012_val_00012197_n04229816,13,3,0.0019614355017741523,0.07212827106316884,0.2876877784729004,0.012051139958202839,0.009174262483914694
7500,H8-V,796,n04229816/ILSVRC2012_val_00012197_n04229816,19,3,0.001827968827759226,0.06952553490797679,0.2871379752953847,0.011651902149120966,0.008780522271990776
7500,H8-V,797,n04235860/ILSVRC2012_val_00025499_n04235860,1,3,0.021164509157339733,0.2736485153436661,0.6357018748919169,0.05488638083140055,0.04852936168511709
7500,H8-V,797,n04235860/ILSVRC2012_val_00025499_n04235860,4,3,0.008920662415524324,0.10193033516407013,0.47892271478970844,0.023902922868728638,0.019113695869843166
7500,H8-V,797,n04235860/ILSVRC2012_val_00025499_n04235860,7,3,0.008318654882411161,0.09451094766457875,0.44861117998758954,0.02225586088995139,0.017769749586780865
7500,H8-V,797,n04235860/ILSVRC2012_val_00025499_n04235860,13,3,0.007704355753958225,0.08871389925479889,0.42480963468551636,0.020823842535416286,0.01657574623823166
7500,H8-V,797,n04235860/ILSVRC2012_val_00025499_n04235860,19,3,0.007439811403552691,0.0861886665225029,0.4211635688940684,0.02027031344672044,0.016058677807450294
7500,H8-V,798,n04238763/ILSVRC2012_val_00007048_n04238763,1,3,0.006562552725275357,0.21168199678262076,0.4353782931963603,0.032084534565607704,0.027730752403537434
7500,H8-V,798,n04238763/ILSVRC2012_val_00007048_n04238763,4,3,0.003708540772398313,0.10399269064267476,0.3326849738756816,0.0174346591035525,0.014107809712489447
7500,H8-V,798,n04238763/ILSVRC2012_val_00007048_n04238763,7,3,0.003524971582616369,0.09856850902239482,0.3056629002094269,0.016438451285163563,0.013381822655598322
7500,H8-V,798,n04238763/ILSVRC2012_val_00007048_n04238763,13,3,0.0033486755564808846,0.09299691518147786,0.2861526807149251,0.015509893807272116,0.012648367012540499
7500,H8-V,798,n04238763/ILSVRC2012_val_00007048_n04238763,19,3,0.003283941342184941,0.09153834482034047,0.28597010175387066,0.015297477133572102,0.012437776351968447
7500,H8-V,799,n04239074/ILSVRC2012_val_00045707_n04239074,1,3,0.012884537689387798,0.21324906249841055,0.8164258400599161,0.04237370193004608,0.03420944387714068
7500,H8-V,799,n04239074/ILSVRC2012_val_00045707_n04239074,4,3,0.00789496178428332,0.1427727739016215,0.6821078062057495,0.02899331785738468,0.02217223991950353
7500,H8-V,799,n04239074/ILSVRC2012_val_00045707_n04239074,7,3,0.007411051541566849,0.1354584445556005,0.6514523426691691,0.027471420044700306,0.020956896245479584
7500,H8-V,799,n04239074/ILSVRC2012_val_00045707_n04239074,13,3,0.006948447475830714,0.12845057745774588,0.6249173283576965,0.026042678703864414,0.01979350546995799
7500,H8-V,799,n04239074/ILSVRC2012_val_00045707_n04239074,19,3,0.006783817739536365,0.12558087706565857,0.6180115143458048,0.025522020334998768,0.019341905911763508
7500,H8-V,800,n04243546/ILSVRC2012_val_00036022_n04243546,1,3,0.02357332780957222,0.22638122737407684,1.0132778485616047,0.05634422848622004,0.04621145005027453
7500,H8-V,800,n04243546/ILSVRC2012_val_00036022_n04243546,4,3,0.016316017135977745,0.14800756673018137,0.8616604606310526,0.03973338007926941,0.031116774926582973
7500,H8-V,800,n04243546/ILSVRC2012_val_00036022_n04243546,7,3,0.015443684533238411,0.13950899243354797,0.8294885357220968,0.03768946975469589,0.029394584397474926
7500,H8-V,800,n04243546/ILSVRC2012_val_00036022_n04243546,13,3,0.014731052952508131,0.13410591085751852,0.8007526199022929,0.03614917149146398,0.028141644472877186
7500,H8-V,800,n04243546/ILSVRC2012_val_00036022_n04243546,19,3,0.014633427994946638,0.13416936496893564,0.7932519316673279,0.03598288322488467,0.028050364926457405
7500,H8-V,801,n04251144/ILSVRC2012_val_00002946_n04251144,1,3,0.019753520066539448,0.19921492040157318,0.952856441338857,0.04920357714096705,0.03967501347263654
7500,H8-V,801,n04251144/ILSVRC2012_val_00002946_n04251144,4,3,0.01553815882652998,0.14285983641942343,0.827420969804128,0.03809835265080134,0.029824142654736836
7500,H8-V,801,n04251144/ILSVRC2012_val_00002946_n04251144,7,3,0.014785091082255045,0.1381198614835739,0.7958557605743408,0.03655563419063886,0.028597076733907063
7500,H8-V,801,n04251144/ILSVRC2012_val_00002946_n04251144,13,3,0.014110396926601728,0.13307339946428934,0.7673606475194296,0.0350913442671299,0.02741773674885432
7500,H8-V,801,n04251144/ILSVRC2012_val_00002946_n04251144,19,3,0.013915734676023325,0.13143671055634817,0.7582260767618815,0.034641665716965996,0.027059406042099
7500,H8-V,802,n04252077/ILSVRC2012_val_00048428_n04252077,1,3,0.008495903263489405,0.21100886662801108,0.8414901892344157,0.038011692464351654,0.029596790050466854
7500,H8-V,802,n04252077/ILSVRC2012_val_00048428_n04252077,4,3,0.005909464942912261,0.14516141017278036,0.725140651067098,0.027677012607455254,0.02042560651898384
7500,H8-V,802,n04252077/ILSVRC2012_val_00048428_n04252077,7,3,0.0055232431429127855,0.13659420112768808,0.6921786665916443,0.02610444960494836,0.019182663410902023
7500,H8-V,802,n04252077/ILSVRC2012_val_00048428_n04252077,13,3,0.005183943547308445,0.1284859428803126,0.6629302104314169,0.024661839629213016,0.018032537773251534
7500,H8-V,802,n04252077/ILSVRC2012_val_00048428_n04252077,19,3,0.005087446576605241,0.12634927282730737,0.6546120246251425,0.02426849491894245,0.01772237444917361
7500,H8-V,803,n04252225/ILSVRC2012_val_00045557_n04252225,1,3,0.0034969056335588298,0.13111843665440878,0.3771308362483978,0.020380058015386265,0.01660874920586745
7500,H8-V,803,n04252225/ILSVRC2012_val_00045557_n04252225,4,3,0.001971140503883362,0.08417368183533351,0.29129936297734577,0.01330150260279576,0.010388509059945742
7500,H8-V,803,n04252225/ILSVRC2012_val_00045557_n04252225,7,3,0.0018209531748046477,0.07763994733492534,0.2639228403568268,0.012224175967276096,0.009584947799642881
7500,H8-V,803,n04252225/ILSVRC2012_val_00045557_n04252225,13,3,0.0017082751728594303,0.07305522014697392,0.24361210564772287,0.011449918461342653,0.009013797466953596
7500,H8-V,803,n04252225/ILSVRC2012_val_00045557_n04252225,19,3,0.00167998803469042,0.07181692123413086,0.2425941526889801,0.011287621222436428,0.008861679894228777
7500,H8-V,804,n04254120/ILSVRC2012_val_00026459_n04254120,1,3,0.00360745913349092,0.13882881154616675,0.4234511156876882,0.021724851801991463,0.017490340396761894
7500,H8-V,804,n04254120/ILSVRC2012_val_00026459_n04254120,4,3,0.001828184351325035,0.0920206606388092,0.34175894657770794,0.014447839930653572,0.0110302505393823
7500,H8-V,804,n04254120/ILSVRC2012_val_00026459_n04254120,7,3,0.001667047346321245,0.08542922884225845,0.31472593545913696,0.01335722953081131,0.01020997017621994
7500,H8-V,804,n04254120/ILSVRC2012_val_00026459_n04254120,13,3,0.0015273375902324915,0.0787732924024264,0.29433968663215637,0.012348063290119171,0.009404666721820831
7500,H8-V,804,n04254120/ILSVRC2012_val_00026459_n04254120,19,3,0.0014815067018692691,0.07477287699778874,0.29279935359954834,0.011886788221697012,0.00895879448701938
7500,H8-V,805,n04254680/ILSVRC2012_val_00046135_n04254680,1,3,0.006579725847889979,0.13776073853174844,0.4061967730522156,0.024417767922083538,0.020355800166726112
7500,H8-V,805,n04254680/ILSVRC2012_val_00046135_n04254680,4,3,0.003861525794491172,0.07613144566615422,0.2994801898797353,0.014469472380975882,0.011474670531849066
7500,H8-V,805,n04254680/ILSVRC2012_val_00046135_n04254680,7,3,0.003671204981704553,0.07243680208921432,0.2720518708229065,0.013635404097537199,0.010914885128537813
7500,H8-V,805,n04254680/ILSVRC2012_val_00046135_n04254680,13,3,0.0035162673642237983,0.06797272711992264,0.2522132198015849,0.012835672125220299,0.010313540076216062
7500,H8-V,805,n04254680/ILSVRC2012_val_00046135_n04254680,19,3,0.0034669493325054646,0.06576258192459743,0.2519051631291707,0.01256225910037756,0.010043207556009293
7500,H8-V,806,n04254777/ILSVRC2012_val_00015360_n04254777,1,3,0.01596966478973627,0.19389436642328897,0.6641246477762858,0.04200034588575363,0.03535910074909528
7500,H8-V,806,n04254777/ILSVRC2012_val_00015360_n04254777,4,3,0.010697484637300173,0.1323345551888148,0.522269070148468,0.02915363075832526,0.02393094077706337
7500,H8-V,806,n04254777/ILSVRC2012_val_00015360_n04254777,7,3,0.010126453203459581,0.1282781114180883,0.49065861105918884,0.0278608500957489,0.02295426403482755
7500,H8-V,806,n04254777/ILSVRC2012_val_00015360_n04254777,13,3,0.009320948272943497,0.11935126533110936,0.46406182646751404,0.025896693269411724,0.021256074930230778
7500,H8-V,806,n04254777/ILSVRC2012_val_00015360_n04254777,19,3,0.008954241250952085,0.11555712918440501,0.4582679669062297,0.025092633441090584,0.020509953921039898
7500,H8-V,807,n04258138/ILSVRC2012_val_00009709_n04258138,1,3,0.00339996504286925,0.15171093245347342,0.2801849941412608,0.021372908415893715,0.018571058598657448
7500,H8-V,807,n04258138/ILSVRC2012_val_00009709_n04258138,4,3,0.0009799477799485128,0.050210487097501755,0.1700721929470698,0.007701718403647344,0.006000996567308903
7500,H8-V,807,n04258138/ILSVRC2012_val_00009709_n04258138,7,3,0.000892679342844834,0.04640529304742813,0.1445759336153666,0.006978968313584725,0.005533208915342887
7500,H8-V,807,n04258138/ILSVRC2012_val_00009709_n04258138,13,3,0.0008215766283683479,0.042680288354555763,0.12627691527207693,0.006352374485383431,0.0050896053823331995
7500,H8-V,807,n04258138/ILSVRC2012_val_00009709_n04258138,19,3,0.0007932661877324184,0.04060734435915947,0.1251301939288775,0.006105302522579829,0.004854000639170408
7500,H8-V,808,n04259630/ILSVRC2012_val_00027685_n04259630,1,3,0.007989891804754734,0.18622112274169922,0.7434858282407125,0.03404686227440834,0.02661200426518917
7500,H8-V,808,n04259630/ILSVRC2012_val_00027685_n04259630,4,3,0.005179701683421929,0.11476556956768036,0.6172696352005005,0.022828955203294754,0.016656259074807167
7500,H8-V,808,n04259630/ILSVRC2012_val_00027685_n04259630,7,3,0.004877328872680664,0.10840367029110591,0.5863480766614279,0.02158117728928725,0.015717696398496628
7500,H8-V,808,n04259630/ILSVRC2012_val_00027685_n04259630,13,3,0.004631248613198598,0.10201623539129893,0.560309906800588,0.02043597089747588,0.014832872276504835
7500,H8-V,808,n04259630/ILSVRC2012_val_00027685_n04259630,19,3,0.004564809923370679,0.10027193278074265,0.5544131000836691,0.020136134698987007,0.01459200338770946
7500,H8-V,809,n04263257/ILSVRC2012_val_00025811_n04263257,1,3,0.012765605002641678,0.26174528896808624,0.913844883441925,0.048078582932551704,0.038940134147802986
7500,H8-V,809,n04263257/ILSVRC2012_val_00025811_n04263257,4,3,0.007264569401741028,0.12909501294294992,0.745477557182312,0.027628845845659573,0.020174070571859676
7500,H8-V,809,n04263257/ILSVRC2012_val_00025811_n04263257,7,3,0.006757809314876795,0.12368944535652797,0.7125142614046732,0.02625189597407977,0.01912675363322099
7500,H8-V,809,n04263257/ILSVRC2012_val_00025811_n04263257,13,3,0.006320669781416655,0.11958062400420506,0.6837654908498129,0.02511638713379701,0.018278732895851135
7500,H8-V,809,n04263257/ILSVRC2012_val_00025811_n04263257,19,3,0.006221487031628688,0.12074189633131027,0.6767339507738749,0.02506301614145438,0.01829567675789197
7500,H8-V,810,n04264628/ILSVRC2012_val_00031182_n04264628,1,3,0.0211333433787028,0.23046280443668365,0.4962535599867503,0.04914215952157974,0.04417962456742922
7500,H8-V,810,n04264628/ILSVRC2012_val_00031182_n04264628,4,3,0.007866605495413145,0.07541705171267192,0.33906441926956177,0.018798954784870148,0.01540831041832765
7500,H8-V,810,n04264628/ILSVRC2012_val_00031182_n04264628,7,3,0.0073705205383400125,0.07133647551139195,0.3110189934571584,0.017614358415206272,0.014504168182611465
7500,H8-V,810,n04264628/ILSVRC2012_val_00031182_n04264628,13,3,0.006877406500279903,0.06519625087579091,0.2908402681350708,0.016305434207121532,0.013397031153241793
7500,H8-V,810,n04264628/ILSVRC2012_val_00031182_n04264628,19,3,0.006737374079724153,0.06299590071042378,0.2898748219013214,0.015935712183515232,0.01303696446120739
7500,H8-V,811,n04265275/ILSVRC2012_val_00008398_n04265275,1,3,0.00583162996917963,0.15470088024934134,0.5132804811000824,0.02643452336390813,0.021301718428730965
7500,H8-V,811,n04265275/ILSVRC2012_val_00008398_n04265275,4,3,0.0031924956322958073,0.10378469030062358,0.40658026933670044,0.017636767278114956,0.013570964646836122
7500,H8-V,811,n04265275/ILSVRC2012_val_00008398_n04265275,7,3,0.002984734019264579,0.09923812250296275,0.3790702323118846,0.0166992483039697,0.01290854625403881
7500,H8-V,811,n04265275/ILSVRC2012_val_00008398_n04265275,13,3,0.002797164488583803,0.09267137696345647,0.3583708306153615,0.0156480111181736,0.01206430234014988
7500,H8-V,811,n04265275/ILSVRC2012_val_00008398_n04265275,19,3,0.0027578217753519616,0.08996366957823436,0.35723357399304706,0.015326525084674358,0.011754189307490984
7500,H8-V,812,n04266014/ILSVRC2012_val_00020519_n04266014,1,3,0.017940163612365723,0.21201209227244058,0.9236144224802653,0.04837751636902491,0.03914137308796247
7500,H8-V,812,n04266014/ILSVRC2012_val_00020519_n04266014,4,3,0.011338358434538046,0.11536100258429845,0.7821144858996073,0.030695602918664616,0.02287445900340875
7500,H8-V,812,n04266014/ILSVRC2012_val_00020519_n04266014,7,3,0.010637341067194939,0.10886818915605545,0.7476476430892944,0.02900063619017601,0.02152415985862414
7500,H8-V,812,n04266014/ILSVRC2012_val_00020519_n04266014,13,3,0.009942224249243736,0.10372068484624226,0.7161255280176798,0.027475548908114433,0.020314293603102367
7500,H8-V,812,n04266014/ILSVRC2012_val_00020519_n04266014,19,3,0.009680170565843582,0.10163132101297379,0.7060910860697428,0.026904212931791942,0.01984330266714096
7500,H8-V,813,n04270147/ILSVRC2012_val_00045750_n04270147,1,3,0.027339948962132137,0.29422720273335773,1.1652589241663616,0.06841526180505753,0.056762670477231346
7500,H8-V,813,n04270147/ILSVRC2012_val_00045750_n04270147,4,3,0.01697569650908311,0.19467525680859885,0.9976800084114075,0.04642002284526825,0.03644322231411934
7500,H8-V,813,n04270147/ILSVRC2012_val_00045750_n04270147,7,3,0.016227961828311283,0.18821985026200613,0.9604996840159098,0.04465494304895401,0.035049947599569954
7500,H8-V,813,n04270147/ILSVRC2012_val_00045750_n04270147,13,3,0.015562613184253374,0.1805827518304189,0.9262481927871704,0.042883371313412987,0.033620890229940414
7500,H8-V,813,n04270147/ILSVRC2012_val_00045750_n04270147,19,3,0.015452412577966848,0.17864671846230826,0.9164036711057028,0.04248112067580223,0.03331708411375681
7500,H8-V,814,n04273569/ILSVRC2012_val_00019970_n04273569,1,3,0.011737024721999964,0.11415310204029083,0.4470098515351613,0.02762243275841077,0.023152334615588188
7500,H8-V,814,n04273569/ILSVRC2012_val_00019970_n04273569,4,3,0.00916200845191876,0.08492744714021683,0.3478720585505168,0.02113347500562668,0.01765475422143936
7500,H8-V,814,n04273569/ILSVRC2012_val_00019970_n04273569,7,3,0.008775395962099234,0.08216390758752823,0.3214740256468455,0.020206527163585026,0.016991786658763885
7500,H8-V,814,n04273569/ILSVRC2012_val_00019970_n04273569,13,3,0.0084361732006073,0.07910843938589096,0.30272964636484784,0.019374313453833263,0.016347017139196396
7500,H8-V,814,n04273569/ILSVRC2012_val_00019970_n04273569,19,3,0.00832020832846562,0.07850361118714015,0.3035048445065816,0.019205618028839428,0.016170569385091465
7500,H8-V,815,n04275548/ILSVRC2012_val_00018751_n04275548,1,3,0.007958100798229376,0.22633798917134604,0.8102319240570068,0.03869421904285749,0.030591900149981182
7500,H8-V,815,n04275548/ILSVRC2012_val_00018751_n04275548,4,3,0.006613830880572398,0.1742060681184133,0.717021663983663,0.03120465452472369,0.024034438654780388
7500,H8-V,815,n04275548/ILSVRC2012_val_00018751_n04275548,7,3,0.006310943514108658,0.1695011705160141,0.6831333637237549,0.0300923939794302,0.02326106031735738
7500,H8-V,815,n04275548/ILSVRC2012_val_00018751_n04275548,13,3,0.00610153532276551,0.16719516118367514,0.6526305079460144,0.029347356408834457,0.02282105137904485
7500,H8-V,815,n04275548/ILSVRC2012_val_00018751_n04275548,19,3,0.0061083571054041386,0.16487073401610056,0.6439690987269083,0.02903512182335059,0.02259543041388194
7500,H8-V,816,n04277352/ILSVRC2012_val_00039896_n04277352,1,3,0.010741533401111761,0.12722030778725943,0.4997709294160207,0.028461273138721783,0.023463564614454906
7500,H8-V,816,n04277352/ILSVRC2012_val_00039896_n04277352,4,3,0.006440279384454091,0.08463162432114284,0.41683568557103473,0.01907179815073808,0.01490344169239203
7500,H8-V,816,n04277352/ILSVRC2012_val_00039896_n04277352,7,3,0.005566892679780722,0.07851683100064595,0.38713309168815613,0.017289907361070316,0.01341857605924209
7500,H8-V,816,n04277352/ILSVRC2012_val_00039896_n04277352,13,3,0.004369139516105254,0.0724111075202624,0.3641746441523234,0.015251997237404188,0.011610250609616438
7500,H8-V,816,n04277352/ILSVRC2012_val_00039896_n04277352,19,3,0.003848863144715627,0.07016340891520183,0.36205048362414044,0.01448570874830087,0.01086520403623581
7500,H8-V,817,n04285008/ILSVRC2012_val_00025004_n04285008,1,3,0.029018480330705643,0.31068076690038043,1.2566405137379963,0.07265296081701915,0.06008655702074369
7500,H8-V,817,n04285008/ILSVRC2012_val_00025004_n04285008,4,3,0.016621634364128113,0.16994512577851614,1.062914490699768,0.04424529398481051,0.03361614793539047
7500,H8-V,817,n04285008/ILSVRC2012_val_00025004_n04285008,7,3,0.015846094737450283,0.16347928841908774,1.027159293492635,0.04246561725934347,0.0321940245727698
7500,H8-V,817,n04285008/ILSVRC2012_val_00025004_n04285008,13,3,0.015183291397988796,0.1563358356555303,0.9932488997777303,0.0407493623594443,0.03081687477727731
7500,H8-V,817,n04285008/ILSVRC2012_val_00025004_n04285008,19,3,0.014986656606197357,0.1531557689110438,0.9811578989028931,0.0401138129333655,0.03030223399400711
7500,H8-V,818,n04286575/ILSVRC2012_val_00034493_n04286575,1,3,0.00923800158003966,0.1936970055103302,0.5602179964383444,0.03420988221963247,0.028607703124483425
7500,H8-V,818,n04286575/ILSVRC2012_val_00034493_n04286575,4,3,0.005951846484094858,0.12110945830742519,0.4603342612584432,0.02266613518198331,0.018062792718410492
7500,H8-V,818,n04286575/ILSVRC2012_val_00034493_n04286575,7,3,0.005617478241523107,0.11268067608277003,0.42934687932332355,0.021179014816880226,0.016885546346505482
7500,H8-V,818,n04286575/ILSVRC2012_val_00034493_n04286575,13,3,0.005255874867240588,0.10676212857166927,0.40473999579747516,0.019979488104581833,0.015932088096936543
7500,H8-V,818,n04286575/ILSVRC2012_val_00034493_n04286575,19,3,0.00511831200371186,0.10477703561385472,0.4007389446099599,0.01960340514779091,0.015596015689273676
7500,H8-V,819,n04296562/ILSVRC2012_val_00048518_n04296562,1,3,0.012566665187478065,0.19129478931427002,0.654903511206309,0.03824518000086149,0.0316961444914341
7500,H8-V,819,n04296562/ILSVRC2012_val_00048518_n04296562,4,3,0.009642204269766808,0.15195521712303162,0.5456690390904745,0.03029441647231579,0.02483772610624631
7500,H8-V,819,n04296562/ILSVRC2012_val_00048518_n04296562,7,3,0.009197798247138659,0.14621034264564514,0.5163220763206482,0.028982054442167282,0.02381883313258489
7500,H8-V,819,n04296562/ILSVRC2012_val_00048518_n04296562,13,3,0.008877963138123354,0.1413059582312902,0.4919856588045756,0.027928415065010388,0.0230085588991642
7500,H8-V,819,n04296562/ILSVRC2012_val_00048518_n04296562,19,3,0.008844521207114061,0.13878616193930307,0.4866273105144501,0.027589410543441772,0.022723137711485226
7500,H8-V,820,n04310018/ILSVRC2012_val_00010581_n04310018,1,3,0.012941499551137289,0.23122582336266836,0.7301971316337585,0.04336605221033096,0.03606408213575681
7500,H8-V,820,n04310018/ILSVRC2012_val_00010581_n04310018,4,3,0.009615962393581867,0.17132115364074707,0.6068547566731771,0.032816626131534576,0.026748078564802807
7500,H8-V,820,n04310018/ILSVRC2012_val_00010581_n04310018,7,3,0.009211227297782898,0.16293850044409433,0.5766600370407104,0.031271678085128464,0.025505077714721363
7500,H8-V,820,n04310018/ILSVRC2012_val_00010581_n04310018,13,3,0.008845091486970583,0.15649319688479105,0.5520750085512797,0.030015161260962486,0.024494411423802376
7500,H8-V,820,n04310018/ILSVRC2012_val_00010581_n04310018,19,3,0.008707664596537748,0.15332401792208353,0.5473354856173197,0.02951342115799586,0.024040066947539646
7500,H8-V,821,n04311004/ILSVRC2012_val_00017498_n04311004,1,3,0.010837282675007978,0.280795951684316,0.763602077960968,0.04655289898316065,0.038916878402233124
7500,H8-V,821,n04311004/ILSVRC2012_val_00017498_n04311004,4,3,0.006306980736553669,0.17487618823846182,0.6011530955632528,0.02980612963438034,0.023794598877429962
7500,H8-V,821,n04311004/ILSVRC2012_val_00017498_n04311004,7,3,0.005929093497494857,0.16712061067422232,0.569290300210317,0.028334058200319607,0.022641155247886974
7500,H8-V,821,n04311004/ILSVRC2012_val_00017498_n04311004,13,3,0.005622478978087504,0.1605074554681778,0.5430606007575989,0.027103830128908157,0.02167322424550851
7500,H8-V,821,n04311004/ILSVRC2012_val_00017498_n04311004,19,3,0.005581427210321029,0.159214715162913,0.5382254322369894,0.02688515434662501,0.02150289962689082
7500,H8-V,822,n04311174/ILSVRC2012_val_00047486_n04311174,1,3,0.017762354885538418,0.2372706135114034,0.9122080405553182,0.05061149472991625,0.04148941487073898
7500,H8-V,822,n04311174/ILSVRC2012_val_00047486_n04311174,4,3,0.01049240461240212,0.15495941042900085,0.7591209411621094,0.03357955440878868,0.025988345965743065
7500,H8-V,822,n04311174/ILSVRC2012_val_00047486_n04311174,7,3,0.00951064471155405,0.14580918351809183,0.7256972789764404,0.03134853517015775,0.02409156287709872
7500,H8-V,822,n04311174/ILSVRC2012_val_00047486_n04311174,13,3,0.00869950900475184,0.1365275780359904,0.6968571345011393,0.029320837929844856,0.022352267056703568
7500,H8-V,822,n04311174/ILSVRC2012_val_00047486_n04311174,19,3,0.008562066281835238,0.1346404900153478,0.6891498565673828,0.028917614370584488,0.022026116028428078
7500,H8-V,823,n04317175/ILSVRC2012_val_00029515_n04317175,1,3,0.013496436178684235,0.22237621247768402,0.8212336301803589,0.04394639407594999,0.03573405742645264
7500,H8-V,823,n04317175/ILSVRC2012_val_00029515_n04317175,4,3,0.0070290469254056616,0.12645776569843292,0.6835863987604777,0.026510686924060185,0.01967482330898444
7500,H8-V,823,n04317175/ILSVRC2012_val_00029515_n04317175,7,3,0.006460274880131085,0.12167816857496898,0.6516997019449869,0.02514508863290151,0.018628091861804325
7500,H8-V,823,n04317175/ILSVRC2012_val_00029515_n04317175,13,3,0.0059783913505574065,0.11735241860151291,0.6243291695912679,0.02395692529777686,0.017713633676369984
7500,H8-V,823,n04317175/ILSVRC2012_val_00029515_n04317175,19,3,0.005859187028060357,0.11536714434623718,0.6170969804128011,0.023566871881484985,0.017395902425050735
7500,H8-V,824,n04325704/ILSVRC2012_val_00034344_n04325704,1,3,0.012172108671317497,0.1618965764840444,0.46945027510325116,0.033056268468499184,0.028361766288677853
7500,H8-V,824,n04325704/ILSVRC2012_val_00034344_n04325704,4,3,0.00540017227952679,0.07118188341458638,0.3502049644788106,0.016020411004622776,0.0125183609003822
7500,H8-V,824,n04325704/ILSVRC2012_val_00034344_n04325704,7,3,0.005082464932153623,0.06760785480340321,0.3227672278881073,0.015070922983189424,0.011843250753978888
7500,H8-V,824,n04325704/ILSVRC2012_val_00034344_n04325704,13,3,0.00475895560036103,0.06460533787806828,0.30250415205955505,0.01424453097085158,0.011219489388167858
7500,H8-V,824,n04325704/ILSVRC2012_val_00034344_n04325704,19,3,0.004612998571246862,0.06411937872568767,0.30151326457659405,0.014040069344143072,0.0110249367232124
7500,H8-V,825,n04326547/ILSVRC2012_val_00017665_n04326547,1,3,0.017559004947543144,0.3149443715810776,0.678198496500651,0.05583542833725611,0.049053444216648735
7500,H8-V,825,n04326547/ILSVRC2012_val_00017665_n04326547,4,3,0.014504617700974146,0.20893061657746634,0.5405676364898682,0.040803356717030205,0.03539768109718958
7500,H8-V,825,n04326547/ILSVRC2012_val_00017665_n04326547,7,3,0.014061014788846174,0.20319451888402304,0.5118297338485718,0.039498765021562576,0.03438046698768934
7500,H8-V,825,n04326547/ILSVRC2012_val_00017665_n04326547,13,3,0.01371180328230063,0.19697641332944235,0.4890018701553345,0.038299462447563805,0.03340944399436315
7500,H8-V,825,n04326547/ILSVRC2012_val_00017665_n04326547,19,3,0.013641798247893652,0.19397200644016266,0.48437008261680603,0.03788270056247711,0.03303899988532066
7500,H8-V,826,n04328186/ILSVRC2012_val_00039517_n04328186,1,3,0.012557232131560644,0.15565324326356253,0.85356605052948,0.03665821750958761,0.028122556085387867
7500,H8-V,826,n04328186/ILSVRC2012_val_00039517_n04328186,4,3,0.007442661561071873,0.08477179457743962,0.7062907814979553,0.022982748846213024,0.01591984120508035
7500,H8-V,826,n04328186/ILSVRC2012_val_00039517_n04328186,7,3,0.0069817230105400085,0.0805503527323405,0.6738214095433553,0.02177497185766697,0.015036758035421371
7500,H8-V,826,n04328186/ILSVRC2012_val_00039517_n04328186,13,3,0.006521673873066902,0.07526455571254094,0.6444962024688721,0.02049309139450391,0.014048129320144653
7500,H8-V,826,n04328186/ILSVRC2012_val_00039517_n04328186,19,3,0.006345362868160009,0.0725613608956337,0.6349239548047384,0.01995073879758517,0.013601498988767466
7500,H8-V,827,n04330267/ILSVRC2012_val_00033864_n04330267,1,3,0.021000094711780548,0.2563754916191101,0.8953766028086344,0.05559140940507253,0.0466376431286335
7500,H8-V,827,n04330267/ILSVRC2012_val_00033864_n04330267,4,3,0.009752891336878141,0.13348299264907837,0.7138825058937073,0.03024001605808735,0.023101190725962322
7500,H8-V,827,n04330267/ILSVRC2012_val_00033864_n04330267,7,3,0.009137875710924467,0.12603389720122019,0.6798113584518433,0.028539379437764485,0.021741266051928203
7500,H8-V,827,n04330267/ILSVRC2012_val_00033864_n04330267,13,3,0.008581923631330332,0.11871840804815292,0.6498903036117554,0.02695266716182232,0.020453764125704765
7500,H8-V,827,n04330267/ILSVRC2012_val_00033864_n04330267,19,3,0.008401475846767426,0.11668381839990616,0.6410420536994934,0.026480278000235558,0.02006985805928707
7500,H8-V,828,n04332243/ILSVRC2012_val_00018089_n04332243,1,3,0.008412298125525316,0.11922478179136912,0.37575040260950726,0.02409228061636289,0.020334776490926743
7500,H8-V,828,n04332243/ILSVRC2012_val_00018089_n04332243,4,3,0.004301327125479777,0.06577815115451813,0.28223998347918194,0.013701542280614376,0.010879142520328363
7500,H8-V,828,n04332243/ILSVRC2012_val_00018089_n04332243,7,3,0.00403889873996377,0.06092749536037445,0.2541945179303487,0.012673593436678251,0.010131648120780786
7500,H8-V,828,n04332243/ILSVRC2012_val_00018089_n04332243,13,3,0.003820521757006645,0.05618660027782122,0.23316194117069244,0.0117708013082544,0.009439182157317797
7500,H8-V,828,n04332243/ILSVRC2012_val_00018089_n04332243,19,3,0.0037527879079182944,0.05334599191943804,0.23166459302107492,0.011404032818973064,0.00908738716195027
7500,H8-V,829,n04335435/ILSVRC2012_val_00045531_n04335435,1,3,0.028802473098039627,0.3166988094647725,1.2991259098052979,0.07346361503005028,0.06047235429286957
7500,H8-V,829,n04335435/ILSVRC2012_val_00045531_n04335435,4,3,0.01746249385178089,0.19305890798568726,1.0815767049789429,0.047584151228268944,0.03676838427782059
7500,H8-V,829,n04335435/ILSVRC2012_val_00045531_n04335435,7,3,0.016722120965520542,0.18745383620262146,1.0475455522537231,0.04594295968612035,0.035467504213253655
7500,H8-V,829,n04335435/ILSVRC2012_val_00045531_n04335435,13,3,0.016012721384565037,0.1808295945326487,1.014230211575826,0.04423798123995463,0.03409567972024282
7500,H8-V,829,n04335435/ILSVRC2012_val_00045531_n04335435,19,3,0.015790042156974476,0.17708142598470053,1.0017297267913818,0.0435154822965463,0.03349818537632624
7500,H8-V,830,n04336792/ILSVRC2012_val_00007504_n04336792,1,3,0.021970676258206367,0.24985366563002268,1.2897531588872273,0.05985357612371445,0.04695604369044304
7500,H8-V,830,n04336792/ILSVRC2012_val_00007504_n04336792,4,3,0.016370421275496483,0.17895897726217905,1.115448792775472,0.04542080809672674,0.03426632036765417
7500,H8-V,830,n04336792/ILSVRC2012_val_00007504_n04336792,7,3,0.015310216695070267,0.17058404783407846,1.0783147811889648,0.0431517685453097,0.03236862147847811
7500,H8-V,830,n04336792/ILSVRC2012_val_00007504_n04336792,13,3,0.014371503454943499,0.16196920971075693,1.0425174236297607,0.04099359860022863,0.030568424612283707
7500,H8-V,830,n04336792/ILSVRC2012_val_00007504_n04336792,19,3,0.014149952369431654,0.15751969317595163,1.0301368633906047,0.04020328943928083,0.02990192174911499
7500,H8-V,831,n04344873/ILSVRC2012_val_00041398_n04344873,1,3,0.003868125223865112,0.18931593000888824,0.4964018960793813,0.027763737986485165,0.022799718504150707
7500,H8-V,831,n04344873/ILSVRC2012_val_00041398_n04344873,4,3,0.0017786280950531363,0.09814548244078954,0.3797891636689504,0.015391068222622076,0.011593176362415155
7500,H8-V,831,n04344873/ILSVRC2012_val_00041398_n04344873,7,3,0.0016300111698607604,0.09089035540819168,0.3513864775498708,0.014232911790410677,0.01071904692798853
7500,H8-V,831,n04344873/ILSVRC2012_val_00041398_n04344873,13,3,0.0015149421524256468,0.08472383519013722,0.3294913371404012,0.013282238816221556,0.009987325718005499
7500,H8-V,831,n04344873/ILSVRC2012_val_00041398_n04344873,19,3,0.0014982111752033234,0.08400412648916245,0.327088862657547,0.013169512463112673,0.009898623762031397
7500,H8-V,832,n04346328/ILSVRC2012_val_00031615_n04346328,1,3,0.01651193791379531,0.22429543733596802,0.7464784185091654,0.046406266589959465,0.03894148270289103
7500,H8-V,832,n04346328/ILSVRC2012_val_00031615_n04346328,4,3,0.010520293066898981,0.1382786234219869,0.6180955370267233,0.030529110382000606,0.024348155905803043
7500,H8-V,832,n04346328/ILSVRC2012_val_00031615_n04346328,7,3,0.009909207932651043,0.1338832825422287,0.5866540869077047,0.02916407709320386,0.02329753649731477
7500,H8-V,832,n04346328/ILSVRC2012_val_00031615_n04346328,13,3,0.009396076512833437,0.1292499303817749,0.5607043504714966,0.027928113316496212,0.022321069613099098
7500,H8-V,832,n04346328/ILSVRC2012_val_00031615_n04346328,19,3,0.00927671603858471,0.12604190657536188,0.5555508136749268,0.027436414112647373,0.0218809066961209
7500,H8-V,833,n04347754/ILSVRC2012_val_00000595_n04347754,1,3,0.01246315644433101,0.15978104869524637,0.49920451641082764,0.03343330572048823,0.028441261500120163
7500,H8-V,833,n04347754/ILSVRC2012_val_00000595_n04347754,4,3,0.010236947486797968,0.1288998673359553,0.41956738630930585,0.027322607735792797,0.023126933723688126
7500,H8-V,833,n04347754/ILSVRC2012_val_00000595_n04347754,7,3,0.009875263397892317,0.12521162629127502,0.3926222225030263,0.026322648550073307,0.022396426027019817
7500,H8-V,833,n04347754/ILSVRC2012_val_00000595_n04347754,13,3,0.009587245682875315,0.12318392346302669,0.37242788076400757,0.025629917159676552,0.02190563827753067
7500,H8-V,833,n04347754/ILSVRC2012_val_00000595_n04347754,19,3,0.009551960664490858,0.1227932795882225,0.3712842067082723,0.025544130553801853,0.02183128831287225
7500,H8-V,834,n04350905/ILSVRC2012_val_00023402_n04350905,1,3,0.014279404965539774,0.19805501401424408,0.708080510298411,0.0411657119790713,0.03408490680158138
7500,H8-V,834,n04350905/ILSVRC2012_val_00023402_n04350905,4,3,0.008621116324017445,0.1250657911101977,0.5626106858253479,0.026753802473346393,0.021127695838610332
7500,H8-V,834,n04350905/ILSVRC2012_val_00023402_n04350905,7,3,0.007984347951908907,0.11774060875177383,0.5323272148768107,0.025081681087613106,0.01975840888917446
7500,H8-V,834,n04350905/ILSVRC2012_val_00023402_n04350905,13,3,0.006928736809641123,0.10577686131000519,0.5086273153622946,0.022592696671684582,0.017506423095862072
7500,H8-V,834,n04350905/ILSVRC2012_val_00023402_n04350905,19,3,0.005988816265016794,0.09841415286064148,0.5065086285273234,0.020895317817727726,0.015830231830477715
7500,H8-V,835,n04355338/ILSVRC2012_val_00020711_n04355338,1,3,0.013815629606445631,0.16002188622951508,0.5369803110758463,0.03518762066960335,0.029817817732691765
7500,H8-V,835,n04355338/ILSVRC2012_val_00020711_n04355338,4,3,0.007823586463928223,0.08160274972518285,0.4139515558878581,0.020123376821478207,0.015983861560622852
7500,H8-V,835,n04355338/ILSVRC2012_val_00020711_n04355338,7,3,0.007463219420363505,0.07853261133035024,0.38681498169898987,0.01918463036417961,0.01531648077070713
7500,H8-V,835,n04355338/ILSVRC2012_val_00020711_n04355338,13,3,0.007120432332158089,0.07726422200600307,0.367755005757014,0.018524404615163803,0.014846854532758394
7500,H8-V,835,n04355338/ILSVRC2012_val_00020711_n04355338,19,3,0.006975378375500441,0.0759262889623642,0.368512084086736,0.01825312835474809,0.014568007551133633
7500,H8-V,836,n04355933/ILSVRC2012_val_00031126_n04355933,1,3,0.004738477213929097,0.23724720378716788,0.5877549052238464,0.0343407467007637,0.028463197872042656
7500,H8-V,836,n04355933/ILSVRC2012_val_00031126_n04355933,4,3,0.0019114356643209855,0.1111613263686498,0.45638617873191833,0.017591430495182674,0.01302756896863381
7500,H8-V,836,n04355933/ILSVRC2012_val_00031126_n04355933,7,3,0.0016856408522774775,0.10199486464262009,0.42688419421513873,0.01615396949152152,0.011885127363105616
7500,H8-V,836,n04355933/ILSVRC2012_val_00031126_n04355933,13,3,0.0014935572010775406,0.09088469048341115,0.4032008151213328,0.014614034444093704,0.010582026404639086
7500,H8-V,836,n04355933/ILSVRC2012_val_00031126_n04355933,19,3,0.0014602428224558632,0.08856308956940968,0.39978355169296265,0.014314386993646622,0.010316551973422369
7500,H8-V,837,n04356056/ILSVRC2012_val_00042996_n04356056,1,3,0.016227485612034798,0.24104149142901102,0.8590852419535319,0.04892248660326004,0.04033163438240687
7500,H8-V,837,n04356056/ILSVRC2012_val_00042996_n04356056,4,3,0.009241357445716858,0.1427559753259023,0.6994692087173462,0.03051164684196313,0.023516954233249027
7500,H8-V,837,n04356056/ILSVRC2012_val_00042996_n04356056,7,3,0.008679520028332869,0.13700675467650095,0.6675915519396464,0.029056110729773838,0.022380195558071136
7500,H8-V,837,n04356056/ILSVRC2012_val_00042996_n04356056,13,3,0.008215214436252912,0.13176395992437998,0.6409595211346945,0.02780120571454366,0.021391610925396282
7500,H8-V,837,n04356056/ILSVRC2012_val_00042996_n04356056,19,3,0.008147971704602242,0.13140647113323212,0.6354291439056396,0.0276429100582997,0.02128861906627814
7500,H8-V,838,n04357314/ILSVRC2012_val_00022026_n04357314,1,3,0.00957302221407493,0.24871433277924856,0.5693311095237732,0.04013776717086633,0.03444445629914602
7500,H8-V,838,n04357314/ILSVRC2012_val_00022026_n04357314,4,3,0.004833366100986798,0.09768132368723552,0.4180111090342204,0.01878160921235879,0.014601498531798521
7500,H8-V,838,n04357314/ILSVRC2012_val_00022026_n04357314,7,3,0.004587165700892608,0.0920884336034457,0.3884533643722534,0.017680542543530464,0.013796009123325348
7500,H8-V,838,n04357314/ILSVRC2012_val_00022026_n04357314,13,3,0.004354449299474557,0.08706772575775783,0.36473308006922406,0.016708552837371826,0.01306122230986754
7500,H8-V,838,n04357314/ILSVRC2012_val_00022026_n04357314,19,3,0.00425899059822162,0.08431810388962428,0.36056292057037354,0.016296430801351864,0.012690801483889421
7500,H8-V,839,n04366367/ILSVRC2012_val_00011509_n04366367,1,3,0.021441373974084854,0.23901546994845072,0.9223775664965311,0.05456669876972834,0.04534292221069336
7500,H8-V,839,n04366367/ILSVRC2012_val_00011509_n04366367,4,3,0.012504351325333118,0.15697740018367767,0.7754174073537191,0.035956266025702156,0.028202091654141743
7500,H8-V,839,n04366367/ILSVRC2012_val_00011509_n04366367,7,3,0.011741949245333672,0.15088562170664468,0.7428354422251383,0.03425886730353037,0.026830512409408886
7500,H8-V,839,n04366367/ILSVRC2012_val_00011509_n04366367,13,3,0.010985261760652065,0.14513716101646423,0.7145942052205404,0.032644918809334435,0.02549897755185763
7500,H8-V,839,n04366367/ILSVRC2012_val_00011509_n04366367,19,3,0.01073109544813633,0.1434179296096166,0.7077956199645996,0.032150844732920326,0.025072888160745304
7500,H8-V,840,n04367480/ILSVRC2012_val_00015088_n04367480,1,3,0.02548826610048612,0.30731941759586334,0.9687434037526449,0.06590764224529266,0.05622020736336708
7500,H8-V,840,n04367480/ILSVRC2012_val_00015088_n04367480,4,3,0.020461805164813995,0.16980763773123422,0.8087231318155924,0.0455298013985157,0.03744256993134817
7500,H8-V,840,n04367480/ILSVRC2012_val_00015088_n04367480,7,3,0.019550638273358345,0.16511858999729156,0.7774651447931925,0.04383714993794759,0.03606249764561653
7500,H8-V,840,n04367480/ILSVRC2012_val_00015088_n04367480,13,3,0.018805186574657757,0.16162565847237906,0.7503358324368795,0.04247110957900683,0.03496775155266126
7500,H8-V,840,n04367480/ILSVRC2012_val_00015088_n04367480,19,3,0.018672989681363106,0.1606488823890686,0.7432034810384115,0.04216991116603216,0.034737877547740936
7500,H8-V,841,n04370456/ILSVRC2012_val_00011149_n04370456,1,3,0.00413243449293077,0.23868486285209656,0.5566110014915466,0.03356702998280525,0.028000920390089352
7500,H8-V,841,n04370456/ILSVRC2012_val_00011149_n04370456,4,3,0.0023677280017485223,0.19163996974627176,0.45913004875183105,0.02612302638590336,0.021531725923220318
7500,H8-V,841,n04370456/ILSVRC2012_val_00011149_n04370456,7,3,0.0022613204394777617,0.18918991088867188,0.4310392439365387,0.025490704302986462,0.02118031183878581
7500,H8-V,841,n04370456/ILSVRC2012_val_00011149_n04370456,13,3,0.0021791827554504075,0.1861420472462972,0.4082181652386983,0.024875568225979805,0.020793387045462925
7500,H8-V,841,n04370456/ILSVRC2012_val_00011149_n04370456,19,3,0.0021548473741859198,0.18263398110866547,0.4038106898466746,0.02445635323723157,0.020418245966235798
7500,H8-V,842,n04371430/ILSVRC2012_val_00041981_n04371430,1,3,0.011745960141221682,0.1689311663309733,0.5698700944582621,0.03433777764439583,0.02863907751937707
7500,H8-V,842,n04371430/ILSVRC2012_val_00041981_n04371430,4,3,0.008275278223057589,0.10055250426133473,0.4672009249528249,0.023002537588278454,0.018330528711279232
7500,H8-V,842,n04371430/ILSVRC2012_val_00041981_n04371430,7,3,0.00790708481023709,0.09656218439340591,0.43883100152015686,0.021951613947749138,0.01756330393254757
7500,H8-V,842,n04371430/ILSVRC2012_val_00041981_n04371430,13,3,0.007619027979671955,0.09236048410336177,0.41654081145922345,0.02102048508822918,0.016855076576272648
7500,H8-V,842,n04371430/ILSVRC2012_val_00041981_n04371430,19,3,0.007568148585657279,0.09162527571121852,0.41306116183598834,0.02086128791173299,0.01673067609469096
7500,H8-V,843,n04371774/ILSVRC2012_val_00044844_n04371774,1,3,0.015432630355159441,0.21788198252518973,0.6597826480865479,0.04381865635514259,0.03722082947691282
7500,H8-V,843,n04371774/ILSVRC2012_val_00044844_n04371774,4,3,0.011138845545550188,0.1422061026096344,0.5288958549499512,0.030648415287335713,0.025359456116954487
7500,H8-V,843,n04371774/ILSVRC2012_val_00044844_n04371774,7,3,0.010458773622910181,0.13559556504090628,0.4989626308282216,0.029007957006494205,0.02401833049952984
7500,H8-V,843,n04371774/ILSVRC2012_val_00044844_n04371774,13,3,0.009840783663094044,0.12779535353183746,0.4745444456736247,0.02736576274037361,0.022620318457484245
7500,H8-V,843,n04371774/ILSVRC2012_val_00044844_n04371774,19,3,0.009710542547206083,0.12635708848635355,0.47022342681884766,0.027048485974470775,0.022346251954634983
7500,H8-V,844,n04372370/ILSVRC2012_val_00048738_n04372370,1,3,0.006685393862426281,0.22410349051157633,0.555768609046936,0.0346534289419651,0.029095742851495743
7500,H8-V,844,n04372370/ILSVRC2012_val_00048738_n04372370,4,3,0.003915359886984031,0.14998615284760794,0.4199018180370331,0.023112994308273,0.01891397622724374
7500,H8-V,844,n04372370/ILSVRC2012_val_00048738_n04372370,7,3,0.0036748395456622043,0.14230946699778238,0.391310711701711,0.021818893651167553,0.017905786633491516
7500,H8-V,844,n04372370/ILSVRC2012_val_00048738_n04372370,13,3,0.0034371712245047092,0.1345148185888926,0.3698277572790782,0.020586931457122166,0.016888653859496117
7500,H8-V,844,n04372370/ILSVRC2012_val_00048738_n04372370,19,3,0.0033709057606756687,0.13079663117726645,0.36842889587084454,0.020134858166178066,0.01645056965450446
7500,H8-V,845,n04376876/ILSVRC2012_val_00026871_n04376876,1,3,0.0029869029919306436,0.09637736777464549,0.3146493931611379,0.015771133514742058,0.012624640017747879
7500,H8-V,845,n04376876/ILSVRC2012_val_00026871_n04376876,4,3,0.001425815784993271,0.04344833642244339,0.20760724941889444,0.007846721758445105,0.005770649450520675
7500,H8-V,845,n04376876/ILSVRC2012_val_00026871_n04376876,7,3,0.0013190908745552103,0.0397680439054966,0.18161989251772562,0.007112094201147556,0.005295895195255677
7500,H8-V,845,n04376876/ILSVRC2012_val_00026871_n04376876,13,3,0.0011995283421128988,0.03625328093767166,0.16271641850471497,0.0064520202577114105,0.004824856296181679
7500,H8-V,845,n04376876/ILSVRC2012_val_00026871_n04376876,19,3,0.0011093357267479103,0.03430308774113655,0.16147416333357492,0.006154386171450217,0.0045396445008615656
7500,H8-V,846,n04380533/ILSVRC2012_val_00030598_n04380533,1,3,0.0029825642704963684,0.11223061879475911,0.2522490620613098,0.016728116820255916,0.014205625901619593
7500,H8-V,846,n04380533/ILSVRC2012_val_00030598_n04380533,4,3,0.0011978765251114964,0.038505530605713524,0.15572876731554666,0.006605717198302348,0.0050484295934438705
7500,H8-V,846,n04380533/ILSVRC2012_val_00030598_n04380533,7,3,0.001092466797369222,0.03661518543958664,0.12933078904946646,0.006047293233374755,0.004753985597441594
7500,H8-V,846,n04380533/ILSVRC2012_val_00030598_n04380533,13,3,0.0010143217320243518,0.034907545894384384,0.10997797797123592,0.005604856181889772,0.0045050764456391335
7500,H8-V,846,n04380533/ILSVRC2012_val_00030598_n04380533,19,3,0.0010075174116839964,0.03434213002522787,0.10749934116999309,0.005516723884890477,0.004441730522861083
7500,H8-V,847,n04389033/ILSVRC2012_val_00030230_n04389033,1,3,0.01271098634848992,0.20231390992800394,0.7038294275601705,0.03998067229986191,0.03294237703084946
7500,H8-V,847,n04389033/ILSVRC2012_val_00030230_n04389033,4,3,0.00874878279864788,0.12691883742809296,0.5810385942459106,0.02725105235973994,0.021440666168928146
7500,H8-V,847,n04389033/ILSVRC2012_val_00030230_n04389033,7,3,0.00832209394623836,0.12159199267625809,0.5513402819633484,0.025994695102175076,0.020481292779246967
7500,H8-V,847,n04389033/ILSVRC2012_val_00030230_n04389033,13,3,0.00794457271695137,0.11667470385630925,0.5277360876401266,0.024889405195911724,0.019612044095993042
7500,H8-V,847,n04389033/ILSVRC2012_val_00030230_n04389033,19,3,0.007819896098226309,0.1148397574822108,0.5231424570083618,0.024535297726591427,0.01930387256046136
7500,H8-V,848,n04392985/ILSVRC2012_val_00030409_n04392985,1,3,0.014627921395003796,0.18682641287644705,0.4852127134799957,0.0381626890351375,0.03331056237220764
7500,H8-V,848,n04392985/ILSVRC2012_val_00030409_n04392985,4,3,0.004269773606210947,0.08833965907494228,0.36538304885228473,0.016757570828000706,0.01310373997936646
7500,H8-V,848,n04392985/ILSVRC2012_val_00030409_n04392985,7,3,0.004055229636530082,0.08414715528488159,0.3405624230702718,0.015875568613409996,0.01246994516501824
7500,H8-V,848,n04392985/ILSVRC2012_val_00030409_n04392985,13,3,0.0038513135320196548,0.07925183326005936,0.3195171654224396,0.01497166883200407,0.011776496966679892
7500,H8-V,848,n04392985/ILSVRC2012_val_00030409_n04392985,19,3,0.0038011384507020316,0.07755067696173985,0.3166163166364034,0.014722369611263275,0.01155620658149322
7500,H8-V,849,n04398044/ILSVRC2012_val_00014880_n04398044,1,3,0.018269705896576244,0.24082859853903452,1.0187774697939556,0.052540342013041176,0.04235256711641947
7500,H8-V,849,n04398044/ILSVRC2012_val_00014880_n04398044,4,3,0.009979544207453728,0.14768272638320923,0.8261915047963461,0.03300973152120908,0.024747817466656368
7500,H8-V,849,n04398044/ILSVRC2012_val_00014880_n04398044,7,3,0.009310107057293257,0.14031428595383963,0.7936175664265951,0.03127771243453026,0.023341535901029904
7500,H8-V,849,n04398044/ILSVRC2012_val_00014880_n04398044,13,3,0.008708711713552475,0.13327453037103018,0.7636863390604655,0.029673027495543163,0.02203616437812646
7500,H8-V,849,n04398044/ILSVRC2012_val_00014880_n04398044,19,3,0.008495887741446495,0.13130981226762137,0.7539898157119751,0.02916676675279935,0.021626869216561317
7500,H8-V,850,n04399382/ILSVRC2012_val_00006996_n04399382,1,3,0.022067152584592502,0.2651521563529968,0.820686916510264,0.05678923800587654,0.0485823688407739
7500,H8-V,850,n04399382/ILSVRC2012_val_00006996_n04399382,4,3,0.00934224637846152,0.1394523431857427,0.6434906721115112,0.029722388212879498,0.023287481317917507
7500,H8-V,850,n04399382/ILSVRC2012_val_00006996_n04399382,7,3,0.008474237595995268,0.13060497244199118,0.6105221112569174,0.027639955282211304,0.021534735336899757
7500,H8-V,850,n04399382/ILSVRC2012_val_00006996_n04399382,13,3,0.00785312723989288,0.12339807053407033,0.5822142561276754,0.02601507616539796,0.020192934200167656
7500,H8-V,850,n04399382/ILSVRC2012_val_00006996_n04399382,19,3,0.007668042865892251,0.12024046729008357,0.575345516204834,0.025445544471343357,0.019692089408636093
7500,H8-V,851,n04404412/ILSVRC2012_val_00048910_n04404412,1,3,0.009525165117035309,0.16449402769406637,0.459100604057312,0.030565574144323666,0.02597456860045592
7500,H8-V,851,n04404412/ILSVRC2012_val_00048910_n04404412,4,3,0.004081495106220245,0.08109709372123082,0.3579026659329732,0.01577023168404897,0.0121912049750487
7500,H8-V,851,n04404412/ILSVRC2012_val_00048910_n04404412,7,3,0.0037798186919341483,0.07525603969891866,0.3296043276786804,0.014601466245949268,0.011305422832568487
7500,H8-V,851,n04404412/ILSVRC2012_val_00048910_n04404412,13,3,0.003495295299217105,0.06996748348077138,0.3082216779390971,0.013574260286986828,0.010492043569684029
7500,H8-V,851,n04404412/ILSVRC2012_val_00048910_n04404412,19,3,0.0034324938897043467,0.06826012084881465,0.30598289767901105,0.01331833532700936,0.010258506362636885
7500,H8-V,852,n04409515/ILSVRC2012_val_00020001_n04409515,1,3,0.00656723789870739,0.09913077702124913,0.37031667431195575,0.02018348251779874,0.01648031547665596
7500,H8-V,852,n04409515/ILSVRC2012_val_00020001_n04409515,4,3,0.002681671641767025,0.05069475620985031,0.27713043491045636,0.010522451562186083,0.0077511474179724855
7500,H8-V,852,n04409515/ILSVRC2012_val_00020001_n04409515,7,3,0.0024159963553150496,0.04780838141838709,0.2502669095993042,0.009699503580729166,0.007196834621330102
7500,H8-V,852,n04409515/ILSVRC2012_val_00020001_n04409515,13,3,0.0021960147035618625,0.04552562658985456,0.23090720176696777,0.009057649411261082,0.0067485774246354895
7500,H8-V,852,n04409515/ILSVRC2012_val_00020001_n04409515,19,3,0.0021207500249147415,0.044847446183363594,0.23031391203403473,0.008908633763591448,0.006605494612207015
7500,H8-V,853,n04417672/ILSVRC2012_val_00036902_n04417672,1,3,0.01680542342364788,0.20299369593461355,0.6835576494534811,0.043940370281537376,0.03710479413469633
7500,H8-V,853,n04417672/ILSVRC2012_val_00036902_n04417672,4,3,0.013833633003135523,0.1649510363737742,0.5676178534825643,0.03600491459170977,0.030328736330072086
7500,H8-V,853,n04417672/ILSVRC2012_val_00036902_n04417672,7,3,0.013266083163519701,0.16149870057900748,0.5359607140223185,0.03477556134263674,0.029415953904390335
7500,H8-V,853,n04417672/ILSVRC2012_val_00036902_n04417672,13,3,0.012852609468003115,0.1593086620171865,0.5111573139826456,0.033895050485928856,0.02878347598016262
7500,H8-V,853,n04417672/ILSVRC2012_val_00036902_n04417672,19,3,0.012824735914667448,0.1600299378236135,0.507209300994873,0.033899822582801185,0.02882772994538148
7500,H8-V,854,n04418357/ILSVRC2012_val_00047409_n04418357,1,3,0.005204780027270317,0.18251203993956247,0.4700353940327962,0.02815633701781432,0.023455983648697536
7500,H8-V,854,n04418357/ILSVRC2012_val_00047409_n04418357,4,3,0.002901181811466813,0.08409742762645085,0.3431755105654399,0.014742680514852205,0.011310925086339315
7500,H8-V,854,n04418357/ILSVRC2012_val_00047409_n04418357,7,3,0.0027131466194987297,0.07853719343741734,0.3155495723088582,0.01372236137588819,0.010566865714887777
7500,H8-V,854,n04418357/ILSVRC2012_val_00047409_n04418357,13,3,0.0025565095711499453,0.07259463518857956,0.29471779863039654,0.012763150967657566,0.009815973229706287
7500,H8-V,854,n04418357/ILSVRC2012_val_00047409_n04418357,19,3,0.0025204948615282774,0.06996887425581615,0.292867253224055,0.012446054567893347,0.009517382209499678
7500,H8-V,855,n04423845/ILSVRC2012_val_00010007_n04423845,1,3,0.0045049778030564385,0.13640511532624564,0.4364801545937856,0.02251029076675574,0.018145489195982616
7500,H8-V,855,n04423845/ILSVRC2012_val_00010007_n04423845,4,3,0.002572207866857449,0.0699229712287585,0.3244395951430003,0.012808900636931261,0.009564504958689213
7500,H8-V,855,n04423845/ILSVRC2012_val_00010007_n04423845,7,3,0.0024361179675906897,0.06682142863670985,0.29678504665692645,0.012086111431320509,0.00911826112618049
7500,H8-V,855,n04423845/ILSVRC2012_val_00010007_n04423845,13,3,0.002340946268911163,0.06508708745241165,0.2764301300048828,0.011613956342140833,0.008849654657145342
7500,H8-V,855,n04423845/ILSVRC2012_val_00010007_n04423845,19,3,0.0023265179867545762,0.06458880007266998,0.27495182553927106,0.01153491623699665,0.008785398056109747
7500,H8-V,856,n04428191/ILSVRC2012_val_00006136_n04428191,1,3,0.006455613300204277,0.22240770856539407,0.6789200901985168,0.03548558490971724,0.028696384901801746
7500,H8-V,856,n04428191/ILSVRC2012_val_00006136_n04428191,4,3,0.003447018020475904,0.13947816689809164,0.5429998636245728,0.022824833169579506,0.017394835129380226
7500,H8-V,856,n04428191/ILSVRC2012_val_00006136_n04428191,7,3,0.0031646027540167174,0.13192900021870932,0.5122673710187277,0.021480175976951916,0.016357502589623134
7500,H8-V,856,n04428191/ILSVRC2012_val_00006136_n04428191,13,3,0.002965109422802925,0.12457634260257085,0.48752738038698834,0.020298017809788387,0.015422743745148182
7500,H8-V,856,n04428191/ILSVRC2012_val_00006136_n04428191,19,3,0.0029357365177323422,0.12161110838254292,0.4826381504535675,0.01992322877049446,0.015096847588817278
7500,H8-V,857,n04429376/ILSVRC2012_val_00041883_n04429376,1,3,0.018546661362051964,0.2663647284110387,1.068595012029012,0.055869082609812416,0.04518313457568487
7500,H8-V,857,n04429376/ILSVRC2012_val_00041883_n04429376,4,3,0.011001081516345343,0.17380433777968088,0.9129908879597982,0.03751142447193464,0.02838151529431343
7500,H8-V,857,n04429376/ILSVRC2012_val_00041883_n04429376,7,3,0.010299455684920153,0.16592502097288767,0.8781592845916748,0.03567355126142502,0.026891957968473434
7500,H8-V,857,n04429376/ILSVRC2012_val_00041883_n04429376,13,3,0.009670675421754519,0.15724406143029532,0.8477649688720703,0.03387273227175077,0.025395082930723827
7500,H8-V,857,n04429376/ILSVRC2012_val_00041883_n04429376,19,3,0.009479010477662086,0.153345396121343,0.8401992519696554,0.03321554263432821,0.02481355021397273
7500,H8-V,858,n04435653/ILSVRC2012_val_00035492_n04435653,1,3,0.026039481163024902,0.18154889841874441,1.4523097276687622,0.05871746689081192,0.04419437050819397
7500,H8-V,858,n04435653/ILSVRC2012_val_00035492_n04435653,4,3,0.02181116243203481,0.1618999590476354,1.3071384032567341,0.05107254162430763,0.038001157343387604
7500,H8-V,858,n04435653/ILSVRC2012_val_00035492_n04435653,7,3,0.02076195863385995,0.16185636818408966,1.2624239921569824,0.049571835746367775,0.03694759557644526
7500,H8-V,858,n04435653/ILSVRC2012_val_00035492_n04435653,13,3,0.020035432030757267,0.16177758077780405,1.2209193309148152,0.04842238252361616,0.036213189363479614
7500,H8-V,858,n04435653/ILSVRC2012_val_00035492_n04435653,19,3,0.020025944337248802,0.16179710626602173,1.2111129363377888,0.048316785444815956,0.03620565558473269
7500,H8-V,859,n04442312/ILSVRC2012_val_00028698_n04442312,1,3,0.008600633591413498,0.15657142301400503,0.43237542112668353,0.028581530476609867,0.02425777663787206
7500,H8-V,859,n04442312/ILSVRC2012_val_00028698_n04442312,4,3,0.0029982479754835367,0.06713239724437396,0.31584204236666363,0.012869907853504023,0.009711487839619318
7500,H8-V,859,n04442312/ILSVRC2012_val_00028698_n04442312,7,3,0.0026617185988773904,0.06068092460433642,0.28894999623298645,0.011619311136504015,0.008729811136921247
7500,H8-V,859,n04442312/ILSVRC2012_val_00028698_n04442312,13,3,0.002340707074229916,0.05440606425205866,0.27061522006988525,0.010487465808788935,0.007781313577045997
7500,H8-V,859,n04442312/ILSVRC2012_val_00028698_n04442312,19,3,0.002220578103636702,0.05170209457476934,0.272074689467748,0.010111534347136816,0.007390787669767936
7500,H8-V,860,n04443257/ILSVRC2012_val_00035144_n04443257,1,3,0.012195462981859842,0.21815632780392966,0.47297752896944684,0.03874087085326513,0.03401109638313452
7500,H8-V,860,n04443257/ILSVRC2012_val_00035144_n04443257,4,3,0.005636421653131644,0.11408220728238423,0.34646885593732196,0.02050933117667834,0.017044642940163612
7500,H8-V,860,n04443257/ILSVRC2012_val_00035144_n04443257,7,3,0.005269149007896583,0.10993161549170812,0.3195101320743561,0.019457412262757618,0.01626231086750825
7500,H8-V,860,n04443257/ILSVRC2012_val_00035144_n04443257,13,3,0.0049199035080770654,0.10493942846854527,0.3000794053077698,0.018414640178283054,0.015413846199711164
7500,H8-V,860,n04443257/ILSVRC2012_val_00035144_n04443257,19,3,0.00478550015638272,0.1007920503616333,0.30017279585202533,0.017866433287660282,0.014864705502986908
7500,H8-V,861,n04447861/ILSVRC2012_val_00003415_n04447861,1,3,0.0074983639642596245,0.18906796475251517,0.6092256704966227,0.03249741718173027,0.026405160625775654
7500,H8-V,861,n04447861/ILSVRC2012_val_00003415_n04447861,4,3,0.003398335538804531,0.10945653667052586,0.4814346134662628,0.0191583347817262,0.014343989392121633
7500,H8-V,861,n04447861/ILSVRC2012_val_00003415_n04447861,7,3,0.0030906133664151034,0.10339674601952235,0.4507712125778198,0.017938000460465748,0.013430288061499596
7500,H8-V,861,n04447861/ILSVRC2012_val_00003415_n04447861,13,3,0.0027907369658350945,0.09562725325425465,0.4263332585493724,0.01661679521203041,0.012353462477525076
7500,H8-V,861,n04447861/ILSVRC2012_val_00003415_n04447861,19,3,0.0026533661099771657,0.09121884405612946,0.4229106406370799,0.016004357486963272,0.011775250857075056
7500,H8-V,862,n04456115/ILSVRC2012_val_00030384_n04456115,1,3,0.031055498868227005,0.2548256268103917,2.2269228299458823,0.0788072869181633,0.05653806154926618
7500,H8-V,862,n04456115/ILSVRC2012_val_00030384_n04456115,4,3,0.02096562646329403,0.1908378005027771,2.0227671464284263,0.06027707954247793,0.040049408872922264
7500,H8-V,862,n04456115/ILSVRC2012_val_00030384_n04456115,7,3,0.019638615970810253,0.18413343032201132,1.975022594134013,0.057802186657985054,0.038051960368951164
7500,H8-V,862,n04456115/ILSVRC2012_val_00030384_n04456115,13,3,0.018488514547546703,0.1797640025615692,1.9287985960642497,0.055752900739510856,0.03646491592129072
7500,H8-V,862,n04456115/ILSVRC2012_val_00030384_n04456115,19,3,0.018170226986209553,0.17842471599578857,1.9143991470336914,0.055156691620747246,0.036012700448433556
7500,H8-V,863,n04458633/ILSVRC2012_val_00020813_n04458633,1,3,0.03722712521751722,0.3152804176012675,1.6250900030136108,0.08500606566667557,0.06875516722599666
7500,H8-V,863,n04458633/ILSVRC2012_val_00020813_n04458633,4,3,0.030002723758419354,0.23110802471637726,1.437587062517802,0.06748939802249272,0.05311352635423342
7500,H8-V,863,n04458633/ILSVRC2012_val_00020813_n04458633,7,3,0.029013245056072872,0.2240210920572281,1.3996172348658245,0.06541152546803157,0.05141535401344299
7500,H8-V,863,n04458633/ILSVRC2012_val_00020813_n04458633,13,3,0.028076328337192535,0.21546525259812674,1.359693129857381,0.06321978569030762,0.049622856080532074
7500,H8-V,863,n04458633/ILSVRC2012_val_00020813_n04458633,19,3,0.027800582970182102,0.21248127023379007,1.3429433107376099,0.06247814248005549,0.049048710614442825
7500,H8-V,864,n04461696/ILSVRC2012_val_00014036_n04461696,1,3,0.016789124036828678,0.2685533066590627,0.9624162316322327,0.05326861763993899,0.04364445557196935
7500,H8-V,864,n04461696/ILSVRC2012_val_00014036_n04461696,4,3,0.010137793918450674,0.16110449035962424,0.7984745701154073,0.03423298771182696,0.02624824270606041
7500,H8-V,864,n04461696/ILSVRC2012_val_00014036_n04461696,7,3,0.009502501847843329,0.15281092127164206,0.7651882171630859,0.032435476779937744,0.02478359391291936
7500,H8-V,864,n04461696/ILSVRC2012_val_00014036_n04461696,13,3,0.00894323301812013,0.1443387269973755,0.7354715466499329,0.03073182205359141,0.023377106214563053
7500,H8-V,864,n04461696/ILSVRC2012_val_00014036_n04461696,19,3,0.008790673688054085,0.1410356561342875,0.7270392974217733,0.030164632325371105,0.022894239674011867
7500,H8-V,865,n04462240/ILSVRC2012_val_00011308_n04462240,1,3,0.02417369435230891,0.2785877585411072,2.030196746190389,0.07233443607886632,0.052032470703125
7500,H8-V,865,n04462240/ILSVRC2012_val_00011308_n04462240,4,3,0.018214907497167587,0.22676274677117667,1.8692983388900757,0.059584165612856545,0.040891182919343315
7500,H8-V,865,n04462240/ILSVRC2012_val_00011308_n04462240,7,3,0.01699203873674075,0.21995986004670462,1.8252597252527873,0.057240620255470276,0.03898802399635315
7500,H8-V,865,n04462240/ILSVRC2012_val_00011308_n04462240,13,3,0.015957728649179142,0.21484039227167764,1.7802702188491821,0.055244469394286476,0.03744176775217056
7500,H8-V,865,n04462240/ILSVRC2012_val_00011308_n04462240,19,3,0.015666872262954712,0.21416836977005005,1.7645004987716675,0.05472871164480845,0.0370837077498436
7500,H8-V,866,n04465501/ILSVRC2012_val_00026128_n04465501,1,3,0.024691860501964886,0.23117499550183615,1.0788323481877644,0.05859768514831861,0.04780936116973559
7500,H8-V,866,n04465501/ILSVRC2012_val_00026128_n04465501,4,3,0.017346459130446117,0.15911968052387238,0.9117230971654257,0.04237565646568934,0.03325842569271723
7500,H8-V,866,n04465501/ILSVRC2012_val_00026128_n04465501,7,3,0.016361284380157787,0.15306781232357025,0.8776490092277527,0.040444555381933846,0.031668065736691155
7500,H8-V,866,n04465501/ILSVRC2012_val_00026128_n04465501,13,3,0.015556871891021729,0.14723258217175803,0.845529317855835,0.03873542323708534,0.030280130604902904
7500,H8-V,866,n04465501/ILSVRC2012_val_00026128_n04465501,19,3,0.015318197508653006,0.14396338164806366,0.8342142899831136,0.038056677828232445,0.029714535921812057
7500,H8-V,867,n04467665/ILSVRC2012_val_00032726_n04467665,1,3,0.015527313885589441,0.21377391616503397,0.6454365849494934,0.04335907225807508,0.03690470630923907
7500,H8-V,867,n04467665/ILSVRC2012_val_00032726_n04467665,4,3,0.009021883830428123,0.13109981020291647,0.5139912366867065,0.027271778012315433,0.0221318652232488
7500,H8-V,867,n04467665/ILSVRC2012_val_00032726_n04467665,7,3,0.00858608881632487,0.1255513255794843,0.48483119408289593,0.025989533712466557,0.021141221125920612
7500,H8-V,867,n04467665/ILSVRC2012_val_00032726_n04467665,13,3,0.008266013115644455,0.12027038633823395,0.4620743989944458,0.02491379591325919,0.020293051997820537
7500,H8-V,867,n04467665/ILSVRC2012_val_00032726_n04467665,19,3,0.008226851932704449,0.11817317952712376,0.45905564228693646,0.024634726345539093,0.020044170320034027
7500,H8-V,868,n04476259/ILSVRC2012_val_00002432_n04476259,1,3,0.013589921096960703,0.23201927542686462,0.9583549698193868,0.04637540007630984,0.0367918498814106
7500,H8-V,868,n04476259/ILSVRC2012_val_00002432_n04476259,4,3,0.01050900419553121,0.1722377190987269,0.8283775647481283,0.03601655115683874,0.027732775857051212
7500,H8-V,868,n04476259/ILSVRC2012_val_00002432_n04476259,7,3,0.00996187919129928,0.1653599590063095,0.7937247157096863,0.0344351219634215,0.026497875650723774
7500,H8-V,868,n04476259/ILSVRC2012_val_00002432_n04476259,13,3,0.00942720410724481,0.158135324716568,0.7614599068959554,0.032855335623025894,0.025240737323959667
7500,H8-V,868,n04476259/ILSVRC2012_val_00002432_n04476259,19,3,0.009258346632122993,0.15563607712586722,0.7500310937563578,0.03232226644953092,0.02482195571064949
7500,H8-V,869,n04479046/ILSVRC2012_val_00010483_n04479046,1,3,0.023484912390510242,0.26024186611175537,0.9390575885772705,0.058899673322836556,0.04950909813245138
7500,H8-V,869,n04479046/ILSVRC2012_val_00010483_n04479046,4,3,0.015284032560884953,0.15595764418443045,0.7673618197441101,0.038553414245446525,0.03087979679306348
7500,H8-V,869,n04479046/ILSVRC2012_val_00010483_n04479046,7,3,0.014620596853395304,0.15085063874721527,0.7342287302017212,0.037047947446505226,0.029705660417675972
7500,H8-V,869,n04479046/ILSVRC2012_val_00010483_n04479046,13,3,0.014144934092958769,0.14773405094941458,0.7069870829582214,0.03598821039001147,0.028918339560429256
7500,H8-V,869,n04479046/ILSVRC2012_val_00010483_n04479046,19,3,0.014056791551411152,0.1457221955060959,0.700166642665863,0.03563067689538002,0.028629011164108913
7500,H8-V,870,n04482393/ILSVRC2012_val_00016774_n04482393,1,3,0.012574930054446062,0.19707276423772177,0.6100068887074789,0.03838227565089861,0.032282207161188126
7500,H8-V,870,n04482393/ILSVRC2012_val_00016774_n04482393,4,3,0.007837229408323765,0.11225622395674388,0.47816147406895954,0.023844466855128605,0.019062851866086323
7500,H8-V,870,n04482393/ILSVRC2012_val_00016774_n04482393,7,3,0.007183852139860392,0.10715880244970322,0.45010682940483093,0.02240080138047536,0.017899732415874798
7500,H8-V,870,n04482393/ILSVRC2012_val_00016774_n04482393,13,3,0.006727943507333596,0.10035350422064464,0.42713795105616253,0.02103467347721259,0.016763294736544292
7500,H8-V,870,n04482393/ILSVRC2012_val_00016774_n04482393,19,3,0.006574183547248443,0.0964711457490921,0.4234018822511037,0.020455316329995792,0.016221297904849052
7500,H8-V,871,n04483307/ILSVRC2012_val_00009241_n04483307,1,3,0.004615761029223601,0.14805708328882852,0.3051221966743469,0.022472691411773365,0.019421469420194626
7500,H8-V,871,n04483307/ILSVRC2012_val_00009241_n04483307,4,3,0.0020310330825547376,0.07152481873830159,0.19469895462195078,0.011130504310131073,0.00918351486325264
7500,H8-V,871,n04483307/ILSVRC2012_val_00009241_n04483307,7,3,0.0018888782166565459,0.06583356857299805,0.16806312402089438,0.010152866442998251,0.008472235252459845
7500,H8-V,871,n04483307/ILSVRC2012_val_00009241_n04483307,13,3,0.0018012286939968665,0.0626265952984492,0.14842110872268677,0.009548099711537361,0.008063888487716516
7500,H8-V,871,n04483307/ILSVRC2012_val_00009241_n04483307,19,3,0.0017543490588044126,0.06081794078151385,0.14668321112791696,0.009302975299457708,0.007836143175760904
7500,H8-V,872,n04485082/ILSVRC2012_val_00039663_n04485082,1,3,0.010430928319692612,0.22091113527615866,0.6455005606015524,0.038977048049370445,0.03252204259236654
7500,H8-V,872,n04485082/ILSVRC2012_val_00039663_n04485082,4,3,0.007802887974927823,0.15524470309416452,0.5419373313585917,0.02874673220018546,0.023327359308799107
7500,H8-V,872,n04485082/ILSVRC2012_val_00039663_n04485082,7,3,0.007504712014148633,0.14982049663861594,0.5113933881123861,0.027600695689519245,0.022486761833230656
7500,H8-V,872,n04485082/ILSVRC2012_val_00039663_n04485082,13,3,0.007242945798983176,0.14306324223677316,0.4869527220726013,0.02641879767179489,0.021549270798762638
7500,H8-V,872,n04485082/ILSVRC2012_val_00039663_n04485082,19,3,0.0071427674653629465,0.14093350370724997,0.4826939602692922,0.026063057283560436,0.0212361179292202
7500,H8-V,873,n04486054/ILSVRC2012_val_00040446_n04486054,1,3,0.018797122562925022,0.18281140426794687,0.8961062431335449,0.04603932425379753,0.03707826261719068
7500,H8-V,873,n04486054/ILSVRC2012_val_00040446_n04486054,4,3,0.013969196627537409,0.13521873950958252,0.7747410337130228,0.03523848081628481,0.027491071571906407
7500,H8-V,873,n04486054/ILSVRC2012_val_00040446_n04486054,7,3,0.013410257796446482,0.12994340062141418,0.7423405249913534,0.033828003952900566,0.026404598106940586
7500,H8-V,873,n04486054/ILSVRC2012_val_00040446_n04486054,13,3,0.012919589877128601,0.12435161570707957,0.7134050528208414,0.03248880182703336,0.02535475107530753
7500,H8-V,873,n04486054/ILSVRC2012_val_00040446_n04486054,19,3,0.01285288172463576,0.12256398797035217,0.7050940195719401,0.032160221288601555,0.025109281142552693
7500,H8-V,874,n04487081/ILSVRC2012_val_00039548_n04487081,1,3,0.014227617221573988,0.23958311478296915,0.7474090258280436,0.04566001892089844,0.03818592925866445
7500,H8-V,874,n04487081/ILSVRC2012_val_00039548_n04487081,4,3,0.009207493315140406,0.14423890908559164,0.5959463715553284,0.029590848212440807,0.0236313845962286
7500,H8-V,874,n04487081/ILSVRC2012_val_00039548_n04487081,7,3,0.00871057373781999,0.1401067723830541,0.5652724305788676,0.02837397592763106,0.022721251472830772
7500,H8-V,874,n04487081/ILSVRC2012_val_00039548_n04487081,13,3,0.008289887569844723,0.137070303161939,0.5403207143147787,0.027400124818086624,0.02199691782395045
7500,H8-V,874,n04487081/ILSVRC2012_val_00039548_n04487081,19,3,0.008200927947958311,0.13821045557657877,0.535852054754893,0.02738049440085888,0.022021973505616188
7500,H8-V,875,n04487394/ILSVRC2012_val_00000555_n04487394,1,3,0.009070068597793579,0.2009444683790207,0.7601723869641622,0.03676623851060867,0.029164515435695648
7500,H8-V,875,n04487394/ILSVRC2012_val_00000555_n04487394,4,3,0.005751729942858219,0.1369719554980596,0.6544165015220642,0.02599308950205644,0.01944892480969429
7500,H8-V,875,n04487394/ILSVRC2012_val_00000555_n04487394,7,3,0.005364247752974431,0.12982385357220969,0.6229431430498759,0.024576064199209213,0.018346633141239483
7500,H8-V,875,n04487394/ILSVRC2012_val_00000555_n04487394,13,3,0.0050004045478999615,0.12196279068787892,0.5962785283724467,0.02315946916739146,0.017196683833996456
7500,H8-V,875,n04487394/ILSVRC2012_val_00000555_n04487394,19,3,0.004921496069679658,0.11861348897218704,0.5902571082115173,0.022685416042804718,0.01678284506003062
7500,H8-V,876,n04493381/ILSVRC2012_val_00038066_n04493381,1,3,0.002879916690289974,0.17683319747447968,0.44913362463315326,0.025054572770992916,0.0205632367481788
7500,H8-V,876,n04493381/ILSVRC2012_val_00038066_n04493381,4,3,0.0016040031720573704,0.11099327107270558,0.3402377963066101,0.01610570897658666,0.012703330566485723
7500,H8-V,876,n04493381/ILSVRC2012_val_00038066_n04493381,7,3,0.0014957454598819215,0.10303003092606862,0.3133830229441325,0.01493257905046145,0.01179874874651432
7500,H8-V,876,n04493381/ILSVRC2012_val_00038066_n04493381,13,3,0.0014032887217278283,0.0934697762131691,0.29331674178441364,0.013683433954914411,0.01075026672333479
7500,H8-V,876,n04493381/ILSVRC2012_val_00038066_n04493381,19,3,0.001368859821620087,0.08977735787630081,0.29200059175491333,0.013266601599752903,0.010346595818797747
7500,H8-V,877,n04501370/ILSVRC2012_val_00044087_n04501370,1,3,0.01339246549954017,0.21910250186920166,0.8524241248766581,0.04382695506016413,0.035302714755137764
7500,H8-V,877,n04501370/ILSVRC2012_val_00044087_n04501370,4,3,0.009357716577748457,0.16018672784169516,0.7428715626398722,0.032805103808641434,0.025376389424006145
7500,H8-V,877,n04501370/ILSVRC2012_val_00044087_n04501370,7,3,0.008874583678940931,0.15255269408226013,0.7120778361956278,0.03125063143670559,0.024129852652549744
7500,H8-V,877,n04501370/ILSVRC2012_val_00044087_n04501370,13,3,0.00842619159569343,0.1446102261543274,0.68523637453715,0.02973957732319832,0.022887213776508968
7500,H8-V,877,n04501370/ILSVRC2012_val_00044087_n04501370,19,3,0.008233848338325819,0.14123229185740152,0.6783566474914551,0.029140643154581387,0.0223570770273606
7500,H8-V,878,n04505470/ILSVRC2012_val_00042910_n04505470,1,3,0.02207883447408676,0.19677567978700003,1.171664794286092,0.053473049153884254,0.04175640270113945
7500,H8-V,878,n04505470/ILSVRC2012_val_00042910_n04505470,4,3,0.01743999309837818,0.1439495732386907,1.0137002070744832,0.041971951723098755,0.03183495004971822
7500,H8-V,878,n04505470/ILSVRC2012_val_00042910_n04505470,7,3,0.01664708803097407,0.1388067603111267,0.9793193340301514,0.040320957700411476,0.030527764931321144
7500,H8-V,878,n04505470/ILSVRC2012_val_00042910_n04505470,13,3,0.015993187204003334,0.1352252016464869,0.9468762477238973,0.03898446882764498,0.02951570724447568
7500,H8-V,878,n04505470/ILSVRC2012_val_00042910_n04505470,19,3,0.015810308357079823,0.1348170985778173,0.9344578782717387,0.03863659749428431,0.029292018463214237
7500,H8-V,879,n04507155/ILSVRC2012_val_00002233_n04507155,1,3,0.00779641621435682,0.27552996079126996,1.0624326864878337,0.045973738034566246,0.03534941251079241
7500,H8-V,879,n04507155/ILSVRC2012_val_00002233_n04507155,4,3,0.005431344732642174,0.19828365743160248,0.9181091586748759,0.03444080178936323,0.02525971084833145
7500,H8-V,879,n04507155/ILSVRC2012_val_00002233_n04507155,7,3,0.004897467015932004,0.1912227769692739,0.8844001491864523,0.03286374732851982,0.024019744868079822
7500,H8-V,879,n04507155/ILSVRC2012_val_00002233_n04507155,13,3,0.004432187415659428,0.18632123867670694,0.8530824979146322,0.031595135728518166,0.023064310972889263
7500,H8-V,879,n04507155/ILSVRC2012_val_00002233_n04507155,19,3,0.004329572276522716,0.1847842882076899,0.8420836528142294,0.031228838488459587,0.022808001687129337
7500,H8-V,880,n04509417/ILSVRC2012_val_00028714_n04509417,1,3,0.010241870147486528,0.16179731984933218,0.5389213164647421,0.03181081637740135,0.02642160343627135
7500,H8-V,880,n04509417/ILSVRC2012_val_00028714_n04509417,4,3,0.007323271284500758,0.12515916426976523,0.4449355900287628,0.024288543810447056,0.019839187463124592
7500,H8-V,880,n04509417/ILSVRC2012_val_00028714_n04509417,7,3,0.006922384724020958,0.11913309743007024,0.41691253582636517,0.023004819949467976,0.018835694218675297
7500,H8-V,880,n04509417/ILSVRC2012_val_00028714_n04509417,13,3,0.0065881287058194475,0.11392499258120854,0.3954193393389384,0.021934821580847103,0.017980628336469334
7500,H8-V,880,n04509417/ILSVRC2012_val_00028714_n04509417,19,3,0.006562499639888604,0.11265067011117935,0.3926442662874858,0.021754009649157524,0.01782756671309471
7500,H8-V,881,n04515003/ILSVRC2012_val_00042717_n04515003,1,3,0.0221086119612058,0.21297407150268555,1.015874485174815,0.05356476207574209,0.0434060183664163
7500,H8-V,881,n04515003/ILSVRC2012_val_00042717_n04515003,4,3,0.01783522094289462,0.1698527385791143,0.8884034355481466,0.04370452960332235,0.03482049579421679
7500,H8-V,881,n04515003/ILSVRC2012_val_00042717_n04515003,7,3,0.0171272171040376,0.1648689458767573,0.8542375167210897,0.04215648646155993,0.03361411144336065
7500,H8-V,881,n04515003/ILSVRC2012_val_00042717_n04515003,13,3,0.016559502730766933,0.15935280422369638,0.8230682611465454,0.04072546834746996,0.03249478464325269
7500,H8-V,881,n04515003/ILSVRC2012_val_00042717_n04515003,19,3,0.016445951536297798,0.15588349600632986,0.8137347102165222,0.040171646823485695,0.03203430026769638
7500,H8-V,882,n04517823/ILSVRC2012_val_00039209_n04517823,1,3,0.018621567636728287,0.22973501682281494,0.9597976803779602,0.05119304607311884,0.041595070312420525
7500,H8-V,882,n04517823/ILSVRC2012_val_00039209_n04517823,4,3,0.011991523206233978,0.1487112691005071,0.8191460569699606,0.035054111232360206,0.026862650488813717
7500,H8-V,882,n04517823/ILSVRC2012_val_00039209_n04517823,7,3,0.01127018096546332,0.1424393504858017,0.7849820256233215,0.03336393708984057,0.02551411713163058
7500,H8-V,882,n04517823/ILSVRC2012_val_00039209_n04517823,13,3,0.010644139411548773,0.1367885967095693,0.7549438079198202,0.03187243640422821,0.024322999641299248
7500,H8-V,882,n04517823/ILSVRC2012_val_00039209_n04517823,19,3,0.01043261649707953,0.13436826566855112,0.7461991707483927,0.03133143484592438,0.023869443063934643
7500,H8-V,883,n04522168/ILSVRC2012_val_00042916_n04522168,1,3,0.008824121672660112,0.22343779603640238,0.4713607629140218,0.03588151000440121,0.031167902052402496
7500,H8-V,883,n04522168/ILSVRC2012_val_00042916_n04522168,4,3,0.00223873609987398,0.08771006762981415,0.3216462234656016,0.014226205026110014,0.011009742816289267
7500,H8-V,883,n04522168/ILSVRC2012_val_00042916_n04522168,7,3,0.0020299935713410378,0.08210952083269756,0.2949362297852834,0.013190308275322119,0.010240945965051651
7500,H8-V,883,n04522168/ILSVRC2012_val_00042916_n04522168,13,3,0.001859219279140234,0.0760427787899971,0.2749321361382802,0.01221281879891952,0.009463497437536716
7500,H8-V,883,n04522168/ILSVRC2012_val_00042916_n04522168,19,3,0.001801414997316897,0.07318283120791118,0.2728269298871358,0.011847967592378458,0.009119698156913122
7500,H8-V,884,n04523525/ILSVRC2012_val_00021182_n04523525,1,3,0.013327955889205137,0.18786451717217764,0.7328794995943705,0.03944320231676102,0.03211440766851107
7500,H8-V,884,n04523525/ILSVRC2012_val_00021182_n04523525,4,3,0.009178216258684794,0.1259361356496811,0.6037687063217163,0.027809516837199528,0.021771829575300217
7500,H8-V,884,n04523525/ILSVRC2012_val_00021182_n04523525,7,3,0.008690025036533674,0.11863817026217778,0.5740281144777933,0.026294123381376266,0.020553842186927795
7500,H8-V,884,n04523525/ILSVRC2012_val_00021182_n04523525,13,3,0.00820157832155625,0.11242011934518814,0.5491559902826945,0.024935150519013405,0.01944359081486861
7500,H8-V,884,n04523525/ILSVRC2012_val_00021182_n04523525,19,3,0.007957855549951395,0.11040518184502919,0.5438124338785807,0.024436498681704204,0.018998374541600544
7500,H8-V,885,n04525038/ILSVRC2012_val_00005680_n04525038,1,3,0.007137088725964229,0.13297481834888458,0.33014195164044696,0.02373598950604598,0.020434570809205372
7500,H8-V,885,n04525038/ILSVRC2012_val_00005680_n04525038,4,3,0.003158123310034474,0.0659272496898969,0.23635576168696085,0.012114405942459902,0.00975084863603115
7500,H8-V,885,n04525038/ILSVRC2012_val_00005680_n04525038,7,3,0.0029358555718014636,0.06195714821418127,0.20994768540064493,0.011231047411759695,0.00913157065709432
7500,H8-V,885,n04525038/ILSVRC2012_val_00005680_n04525038,13,3,0.002782997597629825,0.05928284302353859,0.19136097033818564,0.010624891767899195,0.008711282163858414
7500,H8-V,885,n04525038/ILSVRC2012_val_00005680_n04525038,19,3,0.0027617886662483215,0.058807916939258575,0.19206293920675913,0.010563209652900696,0.008642580360174179
7500,H8-V,886,n04525305/ILSVRC2012_val_00033755_n04525305,1,3,0.017780408263206482,0.21799476941426596,0.7252053618431091,0.04683193936944008,0.03957988570133845
7500,H8-V,886,n04525305/ILSVRC2012_val_00033755_n04525305,4,3,0.014175069828828176,0.16434201101462045,0.6126667658487955,0.03673593824108442,0.03060927117864291
7500,H8-V,886,n04525305/ILSVRC2012_val_00033755_n04525305,7,3,0.013444735358158747,0.15983330210049948,0.5821810563405355,0.03524987647930781,0.029428066064914066
7500,H8-V,886,n04525305/ILSVRC2012_val_00033755_n04525305,13,3,0.012885170988738537,0.1553812325000763,0.5563918948173523,0.0339872141679128,0.0284232950458924
7500,H8-V,886,n04525305/ILSVRC2012_val_00033755_n04525305,19,3,0.012768474407494068,0.15477998554706573,0.5503537456194559,0.03375001127521197,0.02824647290011247
7500,H8-V,887,n04532106/ILSVRC2012_val_00038650_n04532106,1,3,0.029574959849317867,0.32803572217623395,1.109751025835673,0.07347604384024937,0.06237853318452835
7500,H8-V,887,n04532106/ILSVRC2012_val_00038650_n04532106,4,3,0.02485380197564761,0.21477754910786948,0.9574568470319113,0.05590612441301346,0.04633155713478724
7500,H8-V,887,n04532106/ILSVRC2012_val_00038650_n04532106,7,3,0.02413750005265077,0.20890193184216818,0.9249875346819559,0.054277567813793816,0.045027693112691246
7500,H8-V,887,n04532106/ILSVRC2012_val_00038650_n04532106,13,3,0.02350614219903946,0.20398263136545816,0.8951632579167684,0.05285603801409403,0.04390440508723259
7500,H8-V,887,n04532106/ILSVRC2012_val_00038650_n04532106,19,3,0.023344500611225765,0.20242658257484436,0.8855616450309753,0.052442777901887894,0.04358716060717901
7500,H8-V,888,n04532670/ILSVRC2012_val_00044530_n04532670,1,3,0.009977916566034159,0.33078532417615253,0.6701342066129049,0.04975778982043266,0.04305644830067953
7500,H8-V,888,n04532670/ILSVRC2012_val_00044530_n04532670,4,3,0.008070822184284529,0.21775430937608084,0.5377025008201599,0.035223279148340225,0.029846253494421642
7500,H8-V,888,n04532670/ILSVRC2012_val_00044530_n04532670,7,3,0.007762578936914603,0.2132704257965088,0.509295662244161,0.034182578325271606,0.02908962219953537
7500,H8-V,888,n04532670/ILSVRC2012_val_00044530_n04532670,13,3,0.007497306602696578,0.20912544429302216,0.48683780431747437,0.033278229335943856,0.028409851094086964
7500,H8-V,888,n04532670/ILSVRC2012_val_00044530_n04532670,19,3,0.007425072292486827,0.2073470801115036,0.4838505486647288,0.03299828618764877,0.02815978042781353
7500,H8-V,889,n04536866/ILSVRC2012_val_00011089_n04536866,1,3,0.010428493842482567,0.19286581377188364,0.622560997804006,0.03594068561991056,0.029715075468023617
7500,H8-V,889,n04536866/ILSVRC2012_val_00011089_n04536866,4,3,0.005744354023287694,0.1128867119550705,0.5195467273394266,0.02222849242389202,0.01703302500148614
7500,H8-V,889,n04536866/ILSVRC2012_val_00011089_n04536866,7,3,0.005273581172029178,0.10670444120963414,0.4894610345363617,0.02083863504230976,0.01594402516881625
7500,H8-V,889,n04536866/ILSVRC2012_val_00011089_n04536866,13,3,0.004879754347105821,0.09990577399730682,0.4647862712542216,0.01951819472014904,0.014870332243541876
7500,H8-V,889,n04536866/ILSVRC2012_val_00011089_n04536866,19,3,0.0047856189000109834,0.097508504986763,0.45962411165237427,0.01913271037240823,0.014536469553907713
7500,H8-V,890,n04540053/ILSVRC2012_val_00049533_n04540053,1,3,0.01826868113130331,0.21184181670347849,0.8960137367248535,0.048413001000881195,0.03945286447803179
7500,H8-V,890,n04540053/ILSVRC2012_val_00049533_n04540053,4,3,0.008834787954886755,0.12115622063477834,0.7360573212305704,0.02831098313132922,0.02095041051506996
7500,H8-V,890,n04540053/ILSVRC2012_val_00049533_n04540053,7,3,0.008015831311543783,0.11254038661718369,0.7024467786153158,0.026294338206450146,0.01926986997326215
7500,H8-V,890,n04540053/ILSVRC2012_val_00049533_n04540053,13,3,0.007270163701226314,0.10565883914629619,0.6728575627009074,0.02456462321182092,0.017836047957340877
7500,H8-V,890,n04540053/ILSVRC2012_val_00049533_n04540053,19,3,0.007053016064067681,0.10535743584235509,0.6653310060501099,0.024242069572210312,0.01758876008292039
7500,H8-V,891,n04542943/ILSVRC2012_val_00021158_n04542943,1,3,0.011377737857401371,0.25833528737227124,0.7467363278071085,0.044678629686435066,0.03721126727759838
7500,H8-V,891,n04542943/ILSVRC2012_val_00021158_n04542943,4,3,0.004324131645262241,0.11902940769990285,0.5922297636667887,0.02214937036236127,0.016227072725693386
7500,H8-V,891,n04542943/ILSVRC2012_val_00021158_n04542943,7,3,0.004035319822529952,0.1125149205327034,0.5629809896151224,0.020916622132062912,0.015286812248329321
7500,H8-V,891,n04542943/ILSVRC2012_val_00021158_n04542943,13,3,0.0038260691023121276,0.10748372723658879,0.5400519569714864,0.0199749618768692,0.014574442058801651
7500,H8-V,891,n04542943/ILSVRC2012_val_00021158_n04542943,19,3,0.0038263543974608183,0.10612532248099645,0.5372626781463623,0.019811513523260754,0.014438886816302935
7500,H8-V,892,n04548280/ILSVRC2012_val_00036318_n04548280,1,3,0.02402355894446373,0.22918380300203958,0.8515232602755228,0.055457173536221184,0.0469419409831365
7500,H8-V,892,n04548280/ILSVRC2012_val_00036318_n04548280,4,3,0.01501989271491766,0.13973981638749441,0.7162191073099772,0.036156064520279564,0.028993874167402584
7500,H8-V,892,n04548280/ILSVRC2012_val_00036318_n04548280,7,3,0.014344920714696249,0.13214056690533957,0.6836396257082621,0.03439537435770035,0.027558977405230205
7500,H8-V,892,n04548280/ILSVRC2012_val_00036318_n04548280,13,3,0.01381901279091835,0.125470370054245,0.6539550026257833,0.03290559848149618,0.026366048802932102
7500,H8-V,892,n04548280/ILSVRC2012_val_00036318_n04548280,19,3,0.013694746730228266,0.122340627014637,0.6446353594462076,0.03237516308824221,0.025928809617956478
7500,H8-V,893,n04548362/ILSVRC2012_val_00046586_n04548362,1,3,0.007060023335119088,0.1290115937590599,0.3870879014333089,0.023832061638434727,0.019961183269818623
7500,H8-V,893,n04548362/ILSVRC2012_val_00046586_n04548362,4,3,0.003211895159135262,0.0642714872956276,0.29239259163538617,0.012562969699501991,0.009639043981830278
7500,H8-V,893,n04548362/ILSVRC2012_val_00046586_n04548362,7,3,0.0029426537609348693,0.060578436901172004,0.26592950026194256,0.011659792624413967,0.00900049755970637
7500,H8-V,893,n04548362/ILSVRC2012_val_00046586_n04548362,13,3,0.0027039100726445517,0.057901726414759956,0.2474800447622935,0.010968882900973162,0.00849408283829689
7500,H8-V,893,n04548362/ILSVRC2012_val_00046586_n04548362,19,3,0.0026197181238482394,0.0573913020392259,0.24801946679751077,0.010839042874674002,0.008358847970763842
7500,H8-V,894,n04550184/ILSVRC2012_val_00011288_n04550184,1,3,0.006666462092349927,0.24327780803044638,0.5083411534627279,0.03607765336831411,0.030994242678085964
7500,H8-V,894,n04550184/ILSVRC2012_val_00011288_n04550184,4,3,0.002764844180395206,0.12141016125679016,0.3612561921278636,0.01851842241982619,0.014905860647559166
7500,H8-V,894,n04550184/ILSVRC2012_val_00011288_n04550184,7,3,0.0026052912386755147,0.11533122013012569,0.3342728018760681,0.017481142034133274,0.014138413903613886
7500,H8-V,894,n04550184/ILSVRC2012_val_00011288_n04550184,13,3,0.0024853392193714776,0.1088672826687495,0.31383832295735675,0.016510451212525368,0.013372067672510942
7500,H8-V,894,n04550184/ILSVRC2012_val_00011288_n04550184,19,3,0.002462507768844565,0.10600693772236507,0.31259769201278687,0.016189178451895714,0.013063201991220316
7500,H8-V,895,n04552348/ILSVRC2012_val_00047723_n04552348,1,3,0.010770587095369896,0.1347694769501686,0.3840282162030538,0.028087817132472992,0.024247535193959873
7500,H8-V,895,n04552348/ILSVRC2012_val_00047723_n04552348,4,3,0.0038544369551042714,0.06555575753251712,0.2669074336687724,0.013079086939493815,0.010410012677311897
7500,H8-V,895,n04552348/ILSVRC2012_val_00047723_n04552348,7,3,0.0035384815031041703,0.06039669613043467,0.24311323463916779,0.012009283838172754,0.009578151628375053
7500,H8-V,895,n04552348/ILSVRC2012_val_00047723_n04552348,13,3,0.0033695128901551166,0.05810945356885592,0.22457022468249002,0.011426161043345928,0.00918045857300361
7500,H8-V,895,n04552348/ILSVRC2012_val_00047723_n04552348,19,3,0.003313255961984396,0.05751572176814079,0.22503109276294708,0.01131513932098945,0.009064828045666218
7500,H8-V,896,n04553703/ILSVRC2012_val_00036277_n04553703,1,3,0.008764947143693766,0.20657025277614594,0.31935644149780273,0.03261553682386875,0.029421972731749218
7500,H8-V,896,n04553703/ILSVRC2012_val_00036277_n04553703,4,3,0.0018449158330137532,0.04630295311411222,0.1973566710948944,0.008448777720332146,0.00647521127636234
7500,H8-V,896,n04553703/ILSVRC2012_val_00036277_n04553703,7,3,0.0016542706871405244,0.043167781084775925,0.17226141691207886,0.007693663239479065,0.005971049113819997
7500,H8-V,896,n04553703/ILSVRC2012_val_00036277_n04553703,13,3,0.0014786289539188147,0.039758349458376564,0.1543023387591044,0.006997487197319667,0.005454463884234428
7500,H8-V,896,n04553703/ILSVRC2012_val_00036277_n04553703,19,3,0.0013939044438302517,0.03781719133257866,0.15382997691631317,0.006713923532515764,0.005175623732308547
7500,H8-V,897,n04554684/ILSVRC2012_val_00041318_n04554684,1,3,0.021318169310688972,0.25877557198206586,0.9386765360832214,0.05658249308665594,0.04719572762648264
7500,H8-V,897,n04554684/ILSVRC2012_val_00041318_n04554684,4,3,0.011352443136274815,0.15476285914580026,0.7641530434290568,0.03447026014328003,0.026828729237119358
7500,H8-V,897,n04554684/ILSVRC2012_val_00041318_n04554684,7,3,0.010496514538923899,0.1481183816989263,0.7295820315678915,0.03260417282581329,0.0253083532055219
7500,H8-V,897,n04554684/ILSVRC2012_val_00041318_n04554684,13,3,0.009036979327599207,0.1363272418578466,0.7003635764122009,0.029673340419928234,0.022669704630970955
7500,H8-V,897,n04554684/ILSVRC2012_val_00041318_n04554684,19,3,0.0088042002171278,0.1336822658777237,0.6938704053560892,0.029111130783955257,0.022172427425781887
7500,H8-V,898,n04557648/ILSVRC2012_val_00009504_n04557648,1,3,0.017890820900599163,0.23155345022678375,0.9317708611488342,0.05036387468377749,0.041046166171630226
7500,H8-V,898,n04557648/ILSVRC2012_val_00009504_n04557648,4,3,0.011672651084760824,0.14698306222756705,0.8082242608070374,0.03445319955547651,0.026370957493782043
7500,H8-V,898,n04557648/ILSVRC2012_val_00009504_n04557648,7,3,0.010929384889702002,0.14065007865428925,0.7747914791107178,0.03274230659008026,0.024994392568866413
7500,H8-V,898,n04557648/ILSVRC2012_val_00009504_n04557648,13,3,0.010273947070042292,0.13435291250546774,0.7456448078155518,0.03116568612555663,0.023709237575531006
7500,H8-V,898,n04557648/ILSVRC2012_val_00009504_n04557648,19,3,0.010068295213083426,0.1306360512971878,0.7381592194239298,0.03051349272330602,0.023131900777419407
7500,H8-V,899,n04560804/ILSVRC2012_val_00013347_n04560804,1,3,0.0076315746021767454,0.18452662229537964,0.6177671949068705,0.03226190805435181,0.026084236800670624
7500,H8-V,899,n04560804/ILSVRC2012_val_00013347_n04560804,4,3,0.0047115169775982695,0.11719822386900584,0.49773956338564557,0.02140873484313488,0.01643133908510208
7500,H8-V,899,n04560804/ILSVRC2012_val_00013347_n04560804,7,3,0.004351346908758084,0.11180891344944636,0.46863580743471783,0.02021859648327033,0.015532238408923149
7500,H8-V,899,n04560804/ILSVRC2012_val_00013347_n04560804,13,3,0.004011858565111955,0.10533672322829564,0.4448949893315633,0.01899448037147522,0.014545531012117863
7500,H8-V,899,n04560804/ILSVRC2012_val_00013347_n04560804,19,3,0.003955825387189786,0.10256587713956833,0.4408432940642039,0.018620845551292103,0.01421241338054339
7500,H8-V,900,n04562935/ILSVRC2012_val_00041403_n04562935,1,3,0.015056405526896318,0.16029611229896545,0.8230353196461996,0.03931636984149615,0.031086017067233723
7500,H8-V,900,n04562935/ILSVRC2012_val_00041403_n04562935,4,3,0.01084906980395317,0.09629671027263005,0.7161199649175009,0.02763994038105011,0.02047874095539252
7500,H8-V,900,n04562935/ILSVRC2012_val_00041403_n04562935,7,3,0.010160710973044237,0.08915805568297704,0.6857854326566061,0.025934371476372082,0.0190765168517828
7500,H8-V,900,n04562935/ILSVRC2012_val_00041403_n04562935,13,3,0.00951974093914032,0.08062877009312312,0.6591998338699341,0.02417461636165778,0.017582618320981663
7500,H8-V,900,n04562935/ILSVRC2012_val_00041403_n04562935,19,3,0.009387561120092869,0.07816340774297714,0.6520402630170187,0.023724304512143135,0.01720390220483144
7500,H8-V,901,n04579145/ILSVRC2012_val_00038573_n04579145,1,3,0.009042050999899706,0.16640245914459229,0.7423420349756876,0.03310571797192097,0.025682297845681507
7500,H8-V,901,n04579145/ILSVRC2012_val_00038573_n04579145,4,3,0.0058639817871153355,0.10377741605043411,0.6118195056915283,0.02235991818209489,0.01624172367155552
7500,H8-V,901,n04579145/ILSVRC2012_val_00038573_n04579145,7,3,0.005450897850096226,0.09858549634615581,0.5820971727371216,0.021130419025818508,0.015309447422623634
7500,H8-V,901,n04579145/ILSVRC2012_val_00038573_n04579145,13,3,0.005071462132036686,0.09290217856566112,0.5575289130210876,0.019936969503760338,0.01436168048530817
7500,H8-V,901,n04579145/ILSVRC2012_val_00038573_n04579145,19,3,0.004942019625256459,0.0899694412946701,0.5522156953811646,0.019461120789249737,0.013938964034120241
7500,H8-V,902,n04579432/ILSVRC2012_val_00046147_n04579432,1,3,0.012158368403712908,0.17028222481409708,0.6929600238800049,0.03611619025468826,0.029186590885122616
7500,H8-V,902,n04579432/ILSVRC2012_val_00046147_n04579432,4,3,0.006061847321689129,0.09185932825009029,0.5467954675356547,0.020715733990073204,0.01524778020878633
7500,H8-V,902,n04579432/ILSVRC2012_val_00046147_n04579432,7,3,0.005571305596580108,0.08571487665176392,0.5141136248906454,0.019283929839730263,0.014142793913682302
7500,H8-V,902,n04579432/ILSVRC2012_val_00046147_n04579432,13,3,0.005128627022107442,0.08061015357573827,0.48694949348767597,0.018059137587745983,0.013189642690122128
7500,H8-V,902,n04579432/ILSVRC2012_val_00046147_n04579432,19,3,0.005021208897233009,0.07876763741175334,0.480613112449646,0.017704103762904804,0.012897972948849201
7500,H8-V,903,n04584207/ILSVRC2012_val_00015105_n04584207,1,3,0.01209786937882503,0.22002811233202615,0.8340367476145426,0.042441047728061676,0.03410068154335022
7500,H8-V,903,n04584207/ILSVRC2012_val_00015105_n04584207,4,3,0.006409648650636275,0.14465105533599854,0.68661896387736,0.027740944797794025,0.02087475483616193
7500,H8-V,903,n04584207/ILSVRC2012_val_00015105_n04584207,7,3,0.005910451523959637,0.13708736995855966,0.6535356839497884,0.026154544825355213,0.019619188581903774
7500,H8-V,903,n04584207/ILSVRC2012_val_00015105_n04584207,13,3,0.005492467588434617,0.1311098039150238,0.6252280473709106,0.024855727950731914,0.018603447824716568
7500,H8-V,903,n04584207/ILSVRC2012_val_00015105_n04584207,19,3,0.0053725602726141615,0.129181370139122,0.6187812288602194,0.024478509401281674,0.018290697286526363
7500,H8-V,904,n04589890/ILSVRC2012_val_00041475_n04589890,1,3,0.01440180620799462,0.24651352564493814,0.5871581435203552,0.04492474099000295,0.03905315945545832
7500,H8-V,904,n04589890/ILSVRC2012_val_00041475_n04589890,4,3,0.011065467881659666,0.1822065661350886,0.4887975851694743,0.03417410204807917,0.02928612505396207
7500,H8-V,904,n04589890/ILSVRC2012_val_00041475_n04589890,7,3,0.010516908019781113,0.17669209837913513,0.4611184597015381,0.03279730180899302,0.028186117609341938
7500,H8-V,904,n04589890/ILSVRC2012_val_00041475_n04589890,13,3,0.01004023135950168,0.17121230562527975,0.4386250972747803,0.03154771402478218,0.02716146285335223
7500,H8-V,904,n04589890/ILSVRC2012_val_00041475_n04589890,19,3,0.009866788672904173,0.16927837828795114,0.43406107028325397,0.03113523746530215,0.026794626687963802
7500,H8-V,905,n04590129/ILSVRC2012_val_00010365_n04590129,1,3,0.008871772326529026,0.1966308355331421,0.5039036472638448,0.033573893209298454,0.028534856314460438
7500,H8-V,905,n04590129/ILSVRC2012_val_00010365_n04590129,4,3,0.0034141759388148785,0.09606387217839558,0.3791314959526062,0.016811877489089966,0.013020563249786695
7500,H8-V,905,n04590129/ILSVRC2012_val_00010365_n04590129,7,3,0.003153568288932244,0.09220368663469951,0.35193003217379254,0.0158932376652956,0.012373937604327997
7500,H8-V,905,n04590129/ILSVRC2012_val_00010365_n04590129,13,3,0.00288008952823778,0.08860475569963455,0.33148714900016785,0.01505543664097786,0.011740565299987793
7500,H8-V,905,n04590129/ILSVRC2012_val_00010365_n04590129,19,3,0.002738294812540213,0.08645897110303243,0.3303741415341695,0.014687933338185152,0.011384192233284315
7500,H8-V,906,n04591157/ILSVRC2012_val_00021972_n04591157,1,3,0.014308751250306765,0.22231647868951163,0.9785942435264587,0.04632634172836939,0.0365403996159633
7500,H8-V,906,n04591157/ILSVRC2012_val_00021972_n04591157,4,3,0.007472953759133816,0.1322758893171946,0.8072211146354675,0.028772753352920215,0.020700542877117794
7500,H8-V,906,n04591157/ILSVRC2012_val_00021972_n04591157,7,3,0.006721558980643749,0.12235833952824275,0.7730762561162313,0.02668815478682518,0.018957392623027165
7500,H8-V,906,n04591157/ILSVRC2012_val_00021972_n04591157,13,3,0.0060418507394691305,0.11283184091250102,0.7429684400558472,0.024754719187815983,0.017325034985939663
7500,H8-V,906,n04591157/ILSVRC2012_val_00021972_n04591157,19,3,0.00585571847235163,0.10831817984580994,0.7356213927268982,0.02404375063876311,0.016687536612153053
7500,H8-V,907,n04591713/ILSVRC2012_val_00049393_n04591713,1,3,0.025941934436559677,0.22299736738204956,1.0757698218027751,0.05899936705827713,0.04824167117476463
7500,H8-V,907,n04591713/ILSVRC2012_val_00049393_n04591713,4,3,0.017791709552208584,0.14847207566102347,0.9250605702400208,0.04188952346642812,0.03263891736666361
7500,H8-V,907,n04591713/ILSVRC2012_val_00049393_n04591713,7,3,0.017040288696686428,0.14306627213954926,0.8893025318781534,0.04023994008700053,0.03134691591064135
7500,H8-V,907,n04591713/ILSVRC2012_val_00049393_n04591713,13,3,0.01637846603989601,0.13643516103426614,0.8558497627576193,0.03858047972122828,0.03002198226749897
7500,H8-V,907,n04591713/ILSVRC2012_val_00049393_n04591713,19,3,0.016243362178405125,0.13349119325478873,0.8452074527740479,0.03804455573360125,0.029592481752236683
7500,H8-V,908,n04592741/ILSVRC2012_val_00033012_n04592741,1,3,0.009269852501650652,0.23394077022870383,0.5201209584871928,0.03786513830224673,0.032663928965727486
7500,H8-V,908,n04592741/ILSVRC2012_val_00033012_n04592741,4,3,0.004673213542749484,0.11367108424504598,0.39204368988672894,0.019960759207606316,0.016040322370827198
7500,H8-V,908,n04592741/ILSVRC2012_val_00033012_n04592741,7,3,0.004366209730505943,0.10864756504694621,0.36464589834213257,0.01887742554148038,0.015230966421465078
7500,H8-V,908,n04592741/ILSVRC2012_val_00033012_n04592741,13,3,0.004112243186682463,0.10358976324399312,0.34377970298131305,0.017909017081062,0.014471219852566719
7500,H8-V,908,n04592741/ILSVRC2012_val_00033012_n04592741,19,3,0.004055615824957688,0.10073999812205632,0.3415359556674957,0.017544975504279137,0.01412961600969235
7500,H8-V,909,n04596742/ILSVRC2012_val_00047482_n04596742,1,3,0.021148279309272766,0.23292821645736694,0.9154301881790161,0.05359540258844694,0.0444411002099514
7500,H8-V,909,n04596742/ILSVRC2012_val_00047482_n04596742,4,3,0.01649993595977624,0.19326911369959512,0.7932712237040201,0.04375956083337466,0.03582684944073359
7500,H8-V,909,n04596742/ILSVRC2012_val_00047482_n04596742,7,3,0.015692023560404778,0.18960622946421304,0.759262760480245,0.04224527503053347,0.034652646631002426
7500,H8-V,909,n04596742/ILSVRC2012_val_00047482_n04596742,13,3,0.015003676526248455,0.18659178912639618,0.7292185624440511,0.04095504184563955,0.03366285562515259
7500,H8-V,909,n04596742/ILSVRC2012_val_00047482_n04596742,19,3,0.01490033200631539,0.1855142911275228,0.721021036307017,0.040661972016096115,0.033451762050390244
7500,H8-V,910,n04597913/ILSVRC2012_val_00002685_n04597913,1,3,0.009069327885905901,0.1483069583773613,0.4527406891187032,0.028427430739005406,0.023900024592876434
7500,H8-V,910,n04597913/ILSVRC2012_val_00002685_n04597913,4,3,0.0032807011933376393,0.07641739894946416,0.3416737417380015,0.014339178490142027,0.010922440948585669
7500,H8-V,910,n04597913/ILSVRC2012_val_00002685_n04597913,7,3,0.0030214755485455194,0.07111514111359914,0.3135462701320648,0.013268452448149523,0.010132989846169949
7500,H8-V,910,n04597913/ILSVRC2012_val_00002685_n04597913,13,3,0.002775326215972503,0.06637959430615108,0.2923342188199361,0.012336627580225468,0.009413285491367182
7500,H8-V,910,n04597913/ILSVRC2012_val_00002685_n04597913,19,3,0.0026517027678589025,0.06481840709845225,0.2902858257293701,0.012036401778459549,0.009133543508748213
7500,H8-V,911,n04599235/ILSVRC2012_val_00024459_n04599235,1,3,0.022990503658850987,0.2497669110695521,1.030657450358073,0.05827376867334048,0.04796719426910082
7500,H8-V,911,n04599235/ILSVRC2012_val_00024459_n04599235,4,3,0.01869940881927808,0.19215636452039084,0.9005412062009176,0.04692045723398527,0.03791504601637522
7500,H8-V,911,n04599235/ILSVRC2012_val_00024459_n04599235,7,3,0.01786803329984347,0.18327694634596506,0.8667394717534384,0.04486312344670296,0.03619572892785072
7500,H8-V,911,n04599235/ILSVRC2012_val_00024459_n04599235,13,3,0.01706516866882642,0.17379636565844217,0.836033046245575,0.04280513525009155,0.03444480523467064
7500,H8-V,911,n04599235/ILSVRC2012_val_00024459_n04599235,19,3,0.016801791886488598,0.16926771899064383,0.827205499013265,0.04200061783194542,0.033728563537200294
7500,H8-V,912,n04604644/ILSVRC2012_val_00017348_n04604644,1,3,0.022915532812476158,0.28004365662733716,0.7215090195337931,0.05813498919208845,0.05091989909609159
7500,H8-V,912,n04604644/ILSVRC2012_val_00017348_n04604644,4,3,0.017814379185438156,0.16121290624141693,0.5633030335108439,0.039568702379862465,0.033935671051343284
7500,H8-V,912,n04604644/ILSVRC2012_val_00017348_n04604644,7,3,0.01735907482604186,0.15627649426460266,0.534833033879598,0.038335055112838745,0.03298672537008921
7500,H8-V,912,n04604644/ILSVRC2012_val_00017348_n04604644,13,3,0.016942206770181656,0.1498773048321406,0.5114767154057821,0.037044706443945565,0.03192993874351183
7500,H8-V,912,n04604644/ILSVRC2012_val_00017348_n04604644,19,3,0.016800475617249806,0.14543095727761587,0.5067405899365743,0.03641097620129585,0.031343571841716766
7500,H8-V,913,n04606251/ILSVRC2012_val_00011806_n04606251,1,3,0.014838079921901226,0.3204166193803151,0.8372465570767721,0.055252209305763245,0.04687974229454994
7500,H8-V,913,n04606251/ILSVRC2012_val_00011806_n04606251,4,3,0.009617395078142485,0.18558522562185922,0.6846915086110433,0.035022832453250885,0.02817591776450475
7500,H8-V,913,n04606251/ILSVRC2012_val_00011806_n04606251,7,3,0.009156346941987673,0.18002002437909445,0.6524892449378967,0.03368324165542921,0.02715834913154443
7500,H8-V,913,n04606251/ILSVRC2012_val_00011806_n04606251,13,3,0.008692114924391111,0.17657267053922018,0.6247991720835367,0.0325973741710186,0.0263493824750185
7500,H8-V,913,n04606251/ILSVRC2012_val_00011806_n04606251,19,3,0.008584495012958845,0.17634133994579315,0.6180675029754639,0.03239930421113968,0.026218629131714504
7500,H8-V,914,n04612504/ILSVRC2012_val_00006590_n04612504,1,3,0.002794188680127263,0.09162831803162892,0.2725878258546193,0.014682898918787638,0.011957020809253057
7500,H8-V,914,n04612504/ILSVRC2012_val_00006590_n04612504,4,3,0.002130101667717099,0.07423266271750133,0.2009503791729609,0.011562871746718884,0.009553367892901102
7500,H8-V,914,n04612504/ILSVRC2012_val_00006590_n04612504,7,3,0.002031500839317838,0.0719329019387563,0.17560761173566183,0.01098086747030417,0.009224791390200457
7500,H8-V,914,n04612504/ILSVRC2012_val_00006590_n04612504,13,3,0.001972178074841698,0.06989648938179016,0.1575953116019567,0.010537779579559961,0.008961826873322329
7500,H8-V,914,n04612504/ILSVRC2012_val_00006590_n04612504,19,3,0.001973992291217049,0.06993529200553894,0.15679360429445902,0.010535457481940588,0.008967521600425243
7500,H8-V,915,n04613696/ILSVRC2012_val_00000839_n04613696,1,3,0.026189790417750675,0.2479452739159266,0.99592657883962,0.06094358488917351,0.05098431805769602
7500,H8-V,915,n04613696/ILSVRC2012_val_00000839_n04613696,4,3,0.019391486421227455,0.16834503908952078,0.8288818995157877,0.04451480880379677,0.036225990702708565
7500,H8-V,915,n04613696/ILSVRC2012_val_00000839_n04613696,7,3,0.0184686624755462,0.16305742164452872,0.7939426104227701,0.042713830868403115,0.034774404019117355
7500,H8-V,915,n04613696/ILSVRC2012_val_00000839_n04613696,13,3,0.0176468708862861,0.15683947503566742,0.7617250084877014,0.04094806686043739,0.033330818017323814
7500,H8-V,915,n04613696/ILSVRC2012_val_00000839_n04613696,19,3,0.017443222925066948,0.15519713858763376,0.7523964842160543,0.0404869019985199,0.0329629381497701
7500,H8-V,916,n06359193/ILSVRC2012_val_00030198_n06359193,1,3,0.019999505952000618,0.1909518986940384,0.7071851293245951,0.046166546642780304,0.03909469644228617
7500,H8-V,916,n06359193/ILSVRC2012_val_00030198_n06359193,4,3,0.014956631076832613,0.14171920716762543,0.5935709476470947,0.035064260164896645,0.029128552104036014
7500,H8-V,916,n06359193/ILSVRC2012_val_00030198_n06359193,7,3,0.014326698146760464,0.13785900175571442,0.5632529258728027,0.03374512866139412,0.028112599005301792
7500,H8-V,916,n06359193/ILSVRC2012_val_00030198_n06359193,13,3,0.013673413234452406,0.13343386352062225,0.5372643073399862,0.03238944336771965,0.02701679989695549
7500,H8-V,916,n06359193/ILSVRC2012_val_00030198_n06359193,19,3,0.0134286442771554,0.13181929290294647,0.5313817262649536,0.031924391786257424,0.02661057375371456
7500,H8-V,917,n06596364/ILSVRC2012_val_00023397_n06596364,1,3,0.025310049454371136,0.3221398591995239,1.810090144475301,0.07562493284543355,0.057524035374323525
7500,H8-V,917,n06596364/ILSVRC2012_val_00023397_n06596364,4,3,0.013517207466065884,0.20065600176652273,1.5526538292566936,0.049109345922867455,0.0335828090707461
7500,H8-V,917,n06596364/ILSVRC2012_val_00023397_n06596364,7,3,0.012539271265268326,0.19234626491864523,1.5115458965301514,0.04688935726881027,0.03177389812966188
7500,H8-V,917,n06596364/ILSVRC2012_val_00023397_n06596364,13,3,0.01159288982550303,0.18251464267571768,1.469124674797058,0.04453560089071592,0.02984435483813286
7500,H8-V,917,n06596364/ILSVRC2012_val_00023397_n06596364,19,3,0.011335971765220165,0.17838367819786072,1.4538708925247192,0.04371304934223493,0.02917433964709441
7500,H8-V,918,n06785654/ILSVRC2012_val_00036669_n06785654,1,3,0.00897674448788166,0.22500267624855042,0.7067255973815918,0.0385442686577638,0.03147701298197111
7500,H8-V,918,n06785654/ILSVRC2012_val_00036669_n06785654,4,3,0.004242601028333108,0.1407457242409388,0.565808633963267,0.023975259934862454,0.018317173545559246
7500,H8-V,918,n06785654/ILSVRC2012_val_00036669_n06785654,7,3,0.003952145421256621,0.13388720154762268,0.5367705424626669,0.022708571205536526,0.017340865607062977
7500,H8-V,918,n06785654/ILSVRC2012_val_00036669_n06785654,13,3,0.003673020207012693,0.12687304119269052,0.5127664009730021,0.021487989152471226,0.016360325117905933
7500,H8-V,918,n06785654/ILSVRC2012_val_00036669_n06785654,19,3,0.0035831046601136527,0.1231831635038058,0.5079271793365479,0.020980692158142727,0.01590142088631789
7500,H8-V,919,n06794110/ILSVRC2012_val_00012162_n06794110,1,3,0.009169201366603374,0.16726800799369812,0.33353851238886517,0.029231388742725056,0.025896002848943073
7500,H8-V,919,n06794110/ILSVRC2012_val_00012162_n06794110,4,3,0.005027270099769036,0.06471370657285054,0.22258625427881876,0.013724503417809805,0.011498640601833662
7500,H8-V,919,n06794110/ILSVRC2012_val_00012162_n06794110,7,3,0.004774111943940322,0.061086930334568024,0.1976960003376007,0.012859765129784742,0.010882805101573467
7500,H8-V,919,n06794110/ILSVRC2012_val_00012162_n06794110,13,3,0.004571486730128527,0.05840695525209109,0.1796686848004659,0.012208869370321432,0.010412182348469893
7500,H8-V,919,n06794110/ILSVRC2012_val_00012162_n06794110,19,3,0.004516762060423692,0.05712489535411199,0.1783613314231237,0.012012865083913008,0.01022925196836392
7500,H8-V,920,n06874185/ILSVRC2012_val_00045632_n06874185,1,3,0.01669847685843706,0.22828162709871927,0.843802809715271,0.0479646697640419,0.03952663950622082
7500,H8-V,920,n06874185/ILSVRC2012_val_00045632_n06874185,4,3,0.008240866785248121,0.12836855153242746,0.6948077281316122,0.028025799120465916,0.021077722311019897
7500,H8-V,920,n06874185/ILSVRC2012_val_00045632_n06874185,7,3,0.007562391615162293,0.11797420680522919,0.662740151087443,0.02598721409837405,0.0193598127613465
7500,H8-V,920,n06874185/ILSVRC2012_val_00045632_n06874185,13,3,0.006946442493547996,0.10707297424475352,0.6352018117904663,0.024005757023890812,0.01765373970071475
7500,H8-V,920,n06874185/ILSVRC2012_val_00045632_n06874185,19,3,0.0068029966205358505,0.10299213478962581,0.6289398471514384,0.023391608148813248,0.017102209851145744
7500,H8-V,921,n07248320/ILSVRC2012_val_00030743_n07248320,1,3,0.009389881044626236,0.1818083624045054,0.6298030614852905,0.033868747452894844,0.027570717657605808
7500,H8-V,921,n07248320/ILSVRC2012_val_00030743_n07248320,4,3,0.006463716737926006,0.13260976473490396,0.5254817803700765,0.02497951127588749,0.01972469377020995
7500,H8-V,921,n07248320/ILSVRC2012_val_00030743_n07248320,7,3,0.006122361092517774,0.1275776873032252,0.4950538178284963,0.02383066713809967,0.01888012948135535
7500,H8-V,921,n07248320/ILSVRC2012_val_00030743_n07248320,13,3,0.00582576481004556,0.12204089264074962,0.47038846214612323,0.022733738645911217,0.01802985432247321
7500,H8-V,921,n07248320/ILSVRC2012_val_00030743_n07248320,19,3,0.005772037742038568,0.12052404632170995,0.4655681053797404,0.02248012274503708,0.017824442436297733
7500,H8-V,922,n07565083/ILSVRC2012_val_00039739_n07565083,1,3,0.010029873500267664,0.1534872849782308,0.6001640558242798,0.031380241736769676,0.025378602246443432
7500,H8-V,922,n07565083/ILSVRC2012_val_00039739_n07565083,4,3,0.0064852177165448666,0.10556981215874355,0.5073721607526144,0.02211591973900795,0.017042198528846104
7500,H8-V,922,n07565083/ILSVRC2012_val_00039739_n07565083,7,3,0.006176554753134648,0.10257868717114131,0.4782039125760396,0.021216462055842083,0.01643442300458749
7500,H8-V,922,n07565083/ILSVRC2012_val_00039739_n07565083,13,3,0.0058940670763452845,0.09965445101261139,0.4543905158837636,0.020403416827321053,0.015859511991341908
7500,H8-V,922,n07565083/ILSVRC2012_val_00039739_n07565083,19,3,0.005811344676961501,0.0974962164958318,0.450096199909846,0.020061928158005077,0.015560966295500597
7500,H8-V,923,n07579787/ILSVRC2012_val_00013115_n07579787,1,3,0.016389499728878338,0.2358533094326655,1.0308894316355388,0.05028372506300608,0.03997483104467392
7500,H8-V,923,n07579787/ILSVRC2012_val_00013115_n07579787,4,3,0.00929870984206597,0.16552984217802683,0.8921786348025004,0.03477348014712334,0.025851694246133167
7500,H8-V,923,n07579787/ILSVRC2012_val_00013115_n07579787,7,3,0.008457406734426817,0.15352895855903625,0.8563125530878702,0.03237342710296313,0.02381030283868313
7500,H8-V,923,n07579787/ILSVRC2012_val_00013115_n07579787,13,3,0.007515122337887685,0.14179514348506927,0.8228926658630371,0.029923563823103905,0.02169463721414407
7500,H8-V,923,n07579787/ILSVRC2012_val_00013115_n07579787,19,3,0.007025213446468115,0.1351146250963211,0.812026580174764,0.028656942769885063,0.0205366766701142
7500,H8-V,924,n07583066/ILSVRC2012_val_00031201_n07583066,1,3,0.007763490080833435,0.19588935871918997,0.5059192180633545,0.03241161877910296,0.027352426821986835
7500,H8-V,924,n07583066/ILSVRC2012_val_00031201_n07583066,4,3,0.005535673505316178,0.11883812646071117,0.39887937903404236,0.021408279115955036,0.017419485996166866
7500,H8-V,924,n07583066/ILSVRC2012_val_00031201_n07583066,7,3,0.005254679669936498,0.11276258279879887,0.37407100200653076,0.02027164710064729,0.01653093782564004
7500,H8-V,924,n07583066/ILSVRC2012_val_00031201_n07583066,13,3,0.005024466663599014,0.10875846693913142,0.35463234782218933,0.019446636860569317,0.01590031385421753
7500,H8-V,924,n07583066/ILSVRC2012_val_00031201_n07583066,19,3,0.00500660886367162,0.10798504948616028,0.35452573498090106,0.019350371633966763,0.015805114681522053
7500,H8-V,925,n07584110/ILSVRC2012_val_00032882_n07584110,1,3,0.0013687417764837544,0.13006254037221274,0.4029180606206258,0.01840417707959811,0.014374995604157448
7500,H8-V,925,n07584110/ILSVRC2012_val_00032882_n07584110,4,3,0.0008857052695627013,0.09245340277751286,0.31563140948613483,0.013287359848618507,0.010131045865515867
7500,H8-V,925,n07584110/ILSVRC2012_val_00032882_n07584110,7,3,0.0008055588114075363,0.08879910409450531,0.28799813985824585,0.012565450742840767,0.009685469480852285
7500,H8-V,925,n07584110/ILSVRC2012_val_00032882_n07584110,13,3,0.0007424314972013235,0.0844360962510109,0.26742416620254517,0.011860283091664314,0.009186041541397572
7500,H8-V,925,n07584110/ILSVRC2012_val_00032882_n07584110,19,3,0.0007387108053080738,0.08326185991366704,0.26608646909395856,0.011725761617223421,0.00906489696353674
7500,H8-V,926,n07590611/ILSVRC2012_val_00037664_n07590611,1,3,0.02887127920985222,0.26110144952932995,2.0113237698872886,0.07509466012318929,0.05498142416278521
7500,H8-V,926,n07590611/ILSVRC2012_val_00037664_n07590611,4,3,0.020260435218612354,0.19069179892539978,1.8068684339523315,0.05739829813440641,0.039329614490270615
7500,H8-V,926,n07590611/ILSVRC2012_val_00037664_n07590611,7,3,0.018990838279326756,0.18138892451922098,1.7598689794540405,0.05472842107216517,0.03712973122795423
7500,H8-V,926,n07590611/ILSVRC2012_val_00037664_n07590611,13,3,0.017974089831113815,0.17088102797667185,1.7098634640375774,0.05216082682212194,0.035062192628781
7500,H8-V,926,n07590611/ILSVRC2012_val_00037664_n07590611,19,3,0.017812689145406086,0.16793976724147797,1.6923518975575764,0.05153018484512965,0.03460666537284851
7500,H8-V,927,n07613480/ILSVRC2012_val_00026853_n07613480,1,3,0.0102515226850907,0.18870082994302115,0.9224347472190857,0.03834595282872518,0.029121606300274532
7500,H8-V,927,n07613480/ILSVRC2012_val_00026853_n07613480,4,3,0.007519900798797607,0.14466793338457742,0.8086291948954264,0.03007298583785693,0.021986694385608036
7500,H8-V,927,n07613480/ILSVRC2012_val_00026853_n07613480,7,3,0.006985226180404425,0.1374137153228124,0.7744678258895874,0.028471276784936588,0.02072659817834695
7500,H8-V,927,n07613480/ILSVRC2012_val_00026853_n07613480,13,3,0.006482191539059083,0.12876156469186148,0.7441278298695883,0.02679962602754434,0.019358348101377487
7500,H8-V,927,n07613480/ILSVRC2012_val_00026853_n07613480,19,3,0.00627681581924359,0.12465362250804901,0.7356393138567606,0.026098571096857388,0.018742178256313007
7500,H8-V,928,n07614500/ILSVRC2012_val_00044555_n07614500,1,3,0.01929158375908931,0.24986007809638977,0.9053154985109965,0.05333074678977331,0.044277591009934746
7500,H8-V,928,n07614500/ILSVRC2012_val_00044555_n07614500,4,3,0.01102292692909638,0.14787397782007852,0.7304494778315226,0.033114819477001824,0.025810324897368748
7500,H8-V,928,n07614500/ILSVRC2012_val_00044555_n07614500,7,3,0.010306263963381449,0.14090384046236673,0.6965728600819906,0.0313623771071434,0.024396648009618122
7500,H8-V,928,n07614500/ILSVRC2012_val_00044555_n07614500,13,3,0.009643357247114182,0.1348842034737269,0.666676660378774,0.029798544322450955,0.023131777842839558
7500,H8-V,928,n07614500/ILSVRC2012_val_00044555_n07614500,19,3,0.009442456066608429,0.13332940141359964,0.659067432085673,0.02936607040464878,0.02277539608379205
7500,H8-V,929,n07615774/ILSVRC2012_val_00021694_n07615774,1,3,0.00598304346203804,0.2203040967384974,0.40547486146291095,0.03206820227205753,0.028013454129298527
7500,H8-V,929,n07615774/ILSVRC2012_val_00021694_n07615774,4,3,0.0018676964876552422,0.10007784763971965,0.2995324929555257,0.014870805976291498,0.011875481344759464
7500,H8-V,929,n07615774/ILSVRC2012_val_00021694_n07615774,7,3,0.001759213589442273,0.09390379985173543,0.2726142406463623,0.01387573592364788,0.011149593628942966
7500,H8-V,929,n07615774/ILSVRC2012_val_00021694_n07615774,13,3,0.0016886076579491298,0.08756478627522786,0.2527272005875905,0.012972357993324598,0.010445086285471916
7500,H8-V,929,n07615774/ILSVRC2012_val_00021694_n07615774,19,3,0.0016994934218625228,0.08568955957889557,0.25196407238642377,0.012788090544442335,0.010268449783325195
7500,H8-V,930,n07684084/ILSVRC2012_val_00007138_n07684084,1,3,0.006979437079280615,0.2109690954287847,0.6357816457748413,0.03443416208028793,0.028076346963644028
7500,H8-V,930,n07684084/ILSVRC2012_val_00007138_n07684084,4,3,0.004007954460879167,0.1456513305505117,0.5164757966995239,0.023737845942378044,0.018573087950547535
7500,H8-V,930,n07684084/ILSVRC2012_val_00007138_n07684084,7,3,0.003746292476231853,0.14056189358234406,0.48818187912305194,0.02268430031836033,0.0178024818499883
7500,H8-V,930,n07684084/ILSVRC2012_val_00007138_n07684084,13,3,0.003486544592306018,0.13383599619070688,0.4654475152492523,0.021524619931976,0.01687014413376649
7500,H8-V,930,n07684084/ILSVRC2012_val_00007138_n07684084,19,3,0.003373523553212484,0.13016283512115479,0.4619848628838857,0.021009655048449833,0.01638980706532796
7500,H8-V,931,n07693725/ILSVRC2012_val_00044026_n07693725,1,3,0.009182627933720747,0.18041288355986276,0.44501993060112,0.03167411498725414,0.02722391610344251
7500,H8-V,931,n07693725/ILSVRC2012_val_00044026_n07693725,4,3,0.003408408258110285,0.07036285102367401,0.3062737186749776,0.013507431062559286,0.010444693888227144
7500,H8-V,931,n07693725/ILSVRC2012_val_00044026_n07693725,7,3,0.003171843864644567,0.06566285093625386,0.27861931920051575,0.012524321675300598,0.009738128632307053
7500,H8-V,931,n07693725/ILSVRC2012_val_00044026_n07693725,13,3,0.002999409722785155,0.060476930191119514,0.258125235637029,0.011628354899585247,0.009047102803985277
7500,H8-V,931,n07693725/ILSVRC2012_val_00044026_n07693725,19,3,0.0029616953494648137,0.058642114202181496,0.25654615958531696,0.011391368384162584,0.008825906862815222
7500,H8-V,932,n07695742/ILSVRC2012_val_00033408_n07695742,1,3,0.01781694528957208,0.22036346793174744,1.0872596899668376,0.05072588846087456,0.039853292206923165
7500,H8-V,932,n07695742/ILSVRC2012_val_00033408_n07695742,4,3,0.011335216152171293,0.13964504996935526,0.9349213043848673,0.03464893500010172,0.025299721707900364
7500,H8-V,932,n07695742/ILSVRC2012_val_00033408_n07695742,7,3,0.010688149680693945,0.13181262214978537,0.9004455208778381,0.03287386770049731,0.02386941264073054
7500,H8-V,932,n07695742/ILSVRC2012_val_00033408_n07695742,13,3,0.010088013485074043,0.12435803810755412,0.8687763214111328,0.031211580460270245,0.022523817295829456
7500,H8-V,932,n07695742/ILSVRC2012_val_00033408_n07695742,19,3,0.009923890853921572,0.12191591908534367,0.859301229317983,0.030708495527505875,0.022115483259161312
7500,H8-V,933,n07697313/ILSVRC2012_val_00049472_n07697313,1,3,0.009905172201494375,0.2581888735294342,0.8694237669308981,0.04441829894979795,0.035724060609936714
7500,H8-V,933,n07697313/ILSVRC2012_val_00049472_n07697313,4,3,0.005837297687927882,0.1455953816572825,0.7211840748786926,0.0276086771239837,0.02039683610200882
7500,H8-V,933,n07697313/ILSVRC2012_val_00049472_n07697313,7,3,0.005405308057864507,0.13861551384131113,0.6884735226631165,0.026151595016320545,0.019266859938700993
7500,H8-V,933,n07697313/ILSVRC2012_val_00049472_n07697313,13,3,0.005001764744520187,0.1318970521291097,0.6592592398325602,0.024784062057733536,0.018191469833254814
7500,H8-V,933,n07697313/ILSVRC2012_val_00049472_n07697313,19,3,0.004856646371384461,0.12915045022964478,0.6506996154785156,0.024278686692317326,0.01777169108390808
7500,H8-V,934,n07697537/ILSVRC2012_val_00000197_n07697537,1,3,0.025597499683499336,0.23085666199525198,0.9685653448104858,0.05836881945530573,0.04868316650390625
7500,H8-V,934,n07697537/ILSVRC2012_val_00000197_n07697537,4,3,0.01375209353864193,0.14123929043610892,0.8042186498641968,0.035918209701776505,0.027876023203134537
7500,H8-V,934,n07697537/ILSVRC2012_val_00000197_n07697537,7,3,0.012700887707372507,0.1332260469595591,0.7692710359891256,0.03371620178222656,0.026023492217063904
7500,H8-V,934,n07697537/ILSVRC2012_val_00000197_n07697537,13,3,0.011593384047349295,0.12298655758301417,0.7382988135019938,0.031275028362870216,0.0238920400540034
7500,H8-V,934,n07697537/ILSVRC2012_val_00000197_n07697537,19,3,0.011145482460657755,0.11726918319861095,0.7300274769465128,0.030172675848007202,0.02287240078051885
7500,H8-V,935,n07711569/ILSVRC2012_val_00029476_n07711569,1,3,0.006574694067239761,0.27946272989114124,0.670982559521993,0.041230794663230576,0.03452096879482269
7500,H8-V,935,n07711569/ILSVRC2012_val_00029476_n07711569,4,3,0.0026122056879103184,0.10877718776464462,0.5078339576721191,0.018568263699611027,0.013489924371242523
7500,H8-V,935,n07711569/ILSVRC2012_val_00029476_n07711569,7,3,0.0023641263445218406,0.10097995400428772,0.47596139709154767,0.017221735790371895,0.01246212205539147
7500,H8-V,935,n07711569/ILSVRC2012_val_00029476_n07711569,13,3,0.0021196172262231507,0.0929939051469167,0.44994470477104187,0.015918454776207607,0.011419007865091165
7500,H8-V,935,n07711569/ILSVRC2012_val_00029476_n07711569,19,3,0.0020306673056135574,0.09110790491104126,0.44578319787979126,0.015599290219446024,0.011141458215812841
7500,H8-V,936,n07714571/ILSVRC2012_val_00017211_n07714571,1,3,0.014357172573606173,0.27864064772923786,0.7614125808080038,0.04983536278208097,0.042221238215764366
7500,H8-V,936,n07714571/ILSVRC2012_val_00017211_n07714571,4,3,0.0072480845265090466,0.1483719994624456,0.5923602978388468,0.028008888165156048,0.02208528481423855
7500,H8-V,936,n07714571/ILSVRC2012_val_00017211_n07714571,7,3,0.006739518139511347,0.14043748875459036,0.5609112580617269,0.02639237977564335,0.020783267294367153
7500,H8-V,936,n07714571/ILSVRC2012_val_00017211_n07714571,13,3,0.006337449575463931,0.13392727077007294,0.5360344648361206,0.025090521822373073,0.019730176776647568
7500,H8-V,936,n07714571/ILSVRC2012_val_00017211_n07714571,19,3,0.00626370171085,0.1325210283199946,0.5321949124336243,0.02483775404592355,0.019515804946422577
7500,H8-V,937,n07714990/ILSVRC2012_val_00013519_n07714990,1,3,0.009449920617043972,0.2837534447511037,0.7678565581639608,0.04550382991631826,0.03782526527841886
7500,H8-V,937,n07714990/ILSVRC2012_val_00013519_n07714990,4,3,0.0038844954688102007,0.12070117394129436,0.5962677200635275,0.021917289743820827,0.015954612754285336
7500,H8-V,937,n07714990/ILSVRC2012_val_00013519_n07714990,7,3,0.003564508631825447,0.1142418310046196,0.5650343894958496,0.02063903585076332,0.01498869185646375
7500,H8-V,937,n07714990/ILSVRC2012_val_00013519_n07714990,13,3,0.0032529118470847607,0.1069101095199585,0.537877082824707,0.019322693968812626,0.013943923016389212
7500,H8-V,937,n07714990/ILSVRC2012_val_00013519_n07714990,19,3,0.003138441670065125,0.1025571549932162,0.5306551655133566,0.018700708945592243,0.013394157712658247
7500,H8-V,938,n07715103/ILSVRC2012_val_00047140_n07715103,1,3,0.01726662429670493,0.19571851193904877,0.9411577582359314,0.046250052750110626,0.03683847561478615
7500,H8-V,938,n07715103/ILSVRC2012_val_00047140_n07715103,4,3,0.013858485346039137,0.1614471028248469,0.8280765811602274,0.03828396027286848,0.030003195628523827
7500,H8-V,938,n07715103/ILSVRC2012_val_00047140_n07715103,7,3,0.01290824729949236,0.15479192634423575,0.7916885217030843,0.036304324865341187,0.028387440368533134
7500,H8-V,938,n07715103/ILSVRC2012_val_00047140_n07715103,13,3,0.011984281862775484,0.14769228299458823,0.7594409584999084,0.03434791788458824,0.026753510038057964
7500,H8-V,938,n07715103/ILSVRC2012_val_00047140_n07715103,19,3,0.011849442807336649,0.14578206837177277,0.7514702876408895,0.03394235298037529,0.02642765020330747
7500,H8-V,939,n07716358/ILSVRC2012_val_00013114_n07716358,1,3,0.018916997437675793,0.2544472912947337,1.0668949286142986,0.055030678709348045,0.044361727933088936
7500,H8-V,939,n07716358/ILSVRC2012_val_00013114_n07716358,4,3,0.01360131117204825,0.19548679888248444,0.9277020891507467,0.04242701083421707,0.0331499899427096
7500,H8-V,939,n07716358/ILSVRC2012_val_00013114_n07716358,7,3,0.012843271406988302,0.18829734126726785,0.891768217086792,0.04059068734447161,0.03167300671339035
7500,H8-V,939,n07716358/ILSVRC2012_val_00013114_n07716358,13,3,0.012166555660466353,0.18319795032342276,0.8589521845181783,0.03907587255040804,0.03048635149995486
7500,H8-V,939,n07716358/ILSVRC2012_val_00013114_n07716358,19,3,0.01200235386689504,0.17926699419816336,0.8496264815330505,0.03842531889677048,0.029929053659240406
7500,H8-V,940,n07716906/ILSVRC2012_val_00040037_n07716906,1,3,0.003469287029777964,0.14954820275306702,0.3902120689551036,0.022326227587958176,0.01842410707225402
7500,H8-V,940,n07716906/ILSVRC2012_val_00040037_n07716906,4,3,0.0013320088619366288,0.0676111454765002,0.2742142577966054,0.010835266051193079,0.008093123634656271
7500,H8-V,940,n07716906/ILSVRC2012_val_00040037_n07716906,7,3,0.0012182726835211117,0.06333387891451518,0.24675114452838898,0.010019171672562758,0.0075516604507962866
7500,H8-V,940,n07716906/ILSVRC2012_val_00040037_n07716906,13,3,0.0011103724439938862,0.059905187537272774,0.22617705166339874,0.009362661900619665,0.007100891321897507
7500,H8-V,940,n07716906/ILSVRC2012_val_00040037_n07716906,19,3,0.0010587239715581138,0.058696294824282326,0.22435509661833444,0.009171904375155767,0.0069283535704016685
7500,H8-V,941,n07717410/ILSVRC2012_val_00031841_n07717410,1,3,0.008080292182664076,0.16704327861467996,0.457065612077713,0.029355276376008987,0.024784620230396587
7500,H8-V,941,n07717410/ILSVRC2012_val_00031841_n07717410,4,3,0.004188385636856158,0.08860839655001958,0.3479929765065511,0.016529155895113945,0.013049225943783918
7500,H8-V,941,n07717410/ILSVRC2012_val_00031841_n07717410,7,3,0.0039544653457899885,0.0820622444152832,0.31859903534253436,0.01534668014695247,0.012160689880450567
7500,H8-V,941,n07717410/ILSVRC2012_val_00031841_n07717410,13,3,0.003711759578436613,0.07565730561812718,0.29595011472702026,0.014236991293728352,0.011277490295469761
7500,H8-V,941,n07717410/ILSVRC2012_val_00031841_n07717410,19,3,0.003618785490592321,0.07376719762881596,0.2933412591616313,0.013928917857507864,0.010995505377650261
7500,H8-V,942,n07717556/ILSVRC2012_val_00021097_n07717556,1,3,0.0030402420864750943,0.14469082156817117,0.44732911388079327,0.02198261519273122,0.017509324476122856
7500,H8-V,942,n07717556/ILSVRC2012_val_00021097_n07717556,4,3,0.001191036154826482,0.07695752382278442,0.3415222764015198,0.012302010941008726,0.00888678835084041
7500,H8-V,942,n07717556/ILSVRC2012_val_00021097_n07717556,7,3,0.0010639091876025002,0.07134276380141576,0.3135123352209727,0.011333308493097624,0.008198185513416925
7500,H8-V,942,n07717556/ILSVRC2012_val_00021097_n07717556,13,3,0.0009395428157101074,0.06564113746086757,0.2921762367089589,0.010425419236222902,0.007503656825671594
7500,H8-V,942,n07717556/ILSVRC2012_val_00021097_n07717556,19,3,0.0008930072848064204,0.06339776515960693,0.29086099068323773,0.010141393480201563,0.0072327836727102595
7500,H8-V,943,n07718472/ILSVRC2012_val_00023606_n07718472,1,3,0.020531109844644863,0.18528155982494354,0.9897268811861674,0.04895653327306112,0.039059266448020935
7500,H8-V,943,n07718472/ILSVRC2012_val_00023606_n07718472,4,3,0.016531907642881077,0.12835784753163657,0.8380225698153178,0.037747918317715325,0.02936769276857376
7500,H8-V,943,n07718472/ILSVRC2012_val_00023606_n07718472,7,3,0.015836666027704876,0.1208614061276118,0.803718090057373,0.03595998634894689,0.027922806640466053
7500,H8-V,943,n07718472/ILSVRC2012_val_00023606_n07718472,13,3,0.015224017823735872,0.11316715429226558,0.7726656794548035,0.03426738828420639,0.026540732632080715
7500,H8-V,943,n07718472/ILSVRC2012_val_00023606_n07718472,19,3,0.015078891068696976,0.11063311994075775,0.7640021443367004,0.03378222386042277,0.02614220293859641
7500,H8-V,944,n07718747/ILSVRC2012_val_00045187_n07718747,1,3,0.014604557926456133,0.2125469297170639,1.1950239340464275,0.04780948907136917,0.03585925077398618
7500,H8-V,944,n07718747/ILSVRC2012_val_00045187_n07718747,4,3,0.009499880485236645,0.14716781675815582,1.0378429889678955,0.03459509089589119,0.024216662471493084
7500,H8-V,944,n07718747/ILSVRC2012_val_00045187_n07718747,7,3,0.008892000652849674,0.14037532607714334,1.0021045804023743,0.032950578878323235,0.02292953369518121
7500,H8-V,944,n07718747/ILSVRC2012_val_00045187_n07718747,13,3,0.008343711805840334,0.1329948604106903,0.9682045380274454,0.031325243413448334,0.021643197784821194
7500,H8-V,944,n07718747/ILSVRC2012_val_00045187_n07718747,19,3,0.008202438242733479,0.1294934848944346,0.9560555219650269,0.03071234126885732,0.021151786670088768
7500,H8-V,945,n07720875/ILSVRC2012_val_00038872_n07720875,1,3,0.03044753149151802,0.3113618890444438,2.0052483876546225,0.0816362053155899,0.061583722631136574
7500,H8-V,945,n07720875/ILSVRC2012_val_00038872_n07720875,4,3,0.01808261436720689,0.23288978139559427,1.8163313070933025,0.05953490609923998,0.04137159387270609
7500,H8-V,945,n07720875/ILSVRC2012_val_00038872_n07720875,7,3,0.016811446597178776,0.22373417019844055,1.7697643041610718,0.05688250561555227,0.03918486336867014
7500,H8-V,945,n07720875/ILSVRC2012_val_00038872_n07720875,13,3,0.015839063252011936,0.21566571295261383,1.7250572443008423,0.054656206319729485,0.03740563367803892
7500,H8-V,945,n07720875/ILSVRC2012_val_00038872_n07720875,19,3,0.015685840820272762,0.21413771311442056,1.7110507885615032,0.054210117707649864,0.03709961101412773
7500,H8-V,946,n07730033/ILSVRC2012_val_00010660_n07730033,1,3,0.017354829236865044,0.1752860446770986,0.7423884669939677,0.042307318498690925,0.034883434573809304
7500,H8-V,946,n07730033/ILSVRC2012_val_00010660_n07730033,4,3,0.010846380765239397,0.10310073693593343,0.6166243155797323,0.02732269838452339,0.02115645507971446
7500,H8-V,946,n07730033/ILSVRC2012_val_00010660_n07730033,7,3,0.010229733772575855,0.09888184070587158,0.5870877504348755,0.02598879486322403,0.02011791740854581
7500,H8-V,946,n07730033/ILSVRC2012_val_00010660_n07730033,13,3,0.009689313980440298,0.09486156702041626,0.5619721611340841,0.024795192604263622,0.019175471117099125
7500,H8-V,946,n07730033/ILSVRC2012_val_00010660_n07730033,19,3,0.009521577196816603,0.09284604092439015,0.5563721060752869,0.024369902287920315,0.018806181848049164
7500,H8-V,947,n07734744/ILSVRC2012_val_00014405_n07734744,1,3,0.020206741988658905,0.2523874541123708,1.2055228153864543,0.057500713815291725,0.04544548690319061
7500,H8-V,947,n07734744/ILSVRC2012_val_00014405_n07734744,4,3,0.01323398823539416,0.15920176108678183,1.0361148118972778,0.039515312761068344,0.029154164095719654
7500,H8-V,947,n07734744/ILSVRC2012_val_00014405_n07734744,7,3,0.012471350530783335,0.1529333492120107,1.0009171565373738,0.037773857514063515,0.027764685451984406
7500,H8-V,947,n07734744/ILSVRC2012_val_00014405_n07734744,13,3,0.011823969893157482,0.1468833933273951,0.9676345984141032,0.03618865584333738,0.026512309287985165
7500,H8-V,947,n07734744/ILSVRC2012_val_00014405_n07734744,19,3,0.011680805124342442,0.14508387943108877,0.9563694596290588,0.03575288752714793,0.026189192508657772
7500,H8-V,948,n07742313/ILSVRC2012_val_00046718_n07742313,1,3,0.01010125937561194,0.18040315806865692,0.379992018143336,0.0319414958357811,0.028141575555006664
7500,H8-V,948,n07742313/ILSVRC2012_val_00046718_n07742313,4,3,0.0030198611008624234,0.07186766217152278,0.262844979763031,0.012835077320535978,0.010206627349058786
7500,H8-V,948,n07742313/ILSVRC2012_val_00046718_n07742313,7,3,0.00280153153774639,0.06706626216570537,0.235026886065801,0.011858426965773106,0.009508157769838968
7500,H8-V,948,n07742313/ILSVRC2012_val_00046718_n07742313,13,3,0.002632152521982789,0.06268663952747981,0.21548900504906973,0.011055706689755121,0.008900816552340984
7500,H8-V,948,n07742313/ILSVRC2012_val_00046718_n07742313,19,3,0.0026011983087907233,0.062141068279743195,0.21561412513256073,0.01097144652158022,0.008815305307507515
7500,H8-V,949,n07745940/ILSVRC2012_val_00037522_n07745940,1,3,0.00644209577391545,0.18656794230143228,0.5845849911371866,0.030944741020600002,0.025098890687028568
7500,H8-V,949,n07745940/ILSVRC2012_val_00037522_n07745940,4,3,0.003632393510391315,0.1244795024394989,0.48465052247047424,0.02092684805393219,0.01608034347494443
7500,H8-V,949,n07745940/ILSVRC2012_val_00037522_n07745940,7,3,0.0034248280183722577,0.12043599287668864,0.4566482603549957,0.020034910490115482,0.015468427911400795
7500,H8-V,949,n07745940/ILSVRC2012_val_00037522_n07745940,13,3,0.0031931201616923013,0.11673016846179962,0.43493762612342834,0.01921551302075386,0.014866136945784092
7500,H8-V,949,n07745940/ILSVRC2012_val_00037522_n07745940,19,3,0.0031120612596472106,0.11385290573040645,0.4331446389357249,0.018828798085451126,0.014497352143128714
7500,H8-V,950,n07747607/ILSVRC2012_val_00034677_n07747607,1,3,0.004021801675359408,0.06714120010534923,0.2527193029721578,0.013263114417592684,0.010735921561717987
7500,H8-V,950,n07747607/ILSVRC2012_val_00034677_n07747607,4,3,0.0014005921548232436,0.02590779960155487,0.1606192191441854,0.005597564236571391,0.0039913721072177095
7500,H8-V,950,n07747607/ILSVRC2012_val_00034677_n07747607,7,3,0.0012830740694577496,0.023850444083412487,0.1331268548965454,0.004999387077987194,0.0036681185786922774
7500,H8-V,950,n07747607/ILSVRC2012_val_00034677_n07747607,13,3,0.0011857961459706228,0.02182921456793944,0.11334328601757686,0.0045021505405505495,0.0033687176958968243
7500,H8-V,950,n07747607/ILSVRC2012_val_00034677_n07747607,19,3,0.00118258164729923,0.02106866364677747,0.11280903965234756,0.004417538487662871,0.003289448097348213
7500,H8-V,951,n07749582/ILSVRC2012_val_00020573_n07749582,1,3,0.010043425795932611,0.1637387623389562,0.5494623382886251,0.03191192572315534,0.026417302588621776
7500,H8-V,951,n07749582/ILSVRC2012_val_00020573_n07749582,4,3,0.006073935267825921,0.10208522031704585,0.4296730160713196,0.02057918719947338,0.016282457237442333
7500,H8-V,951,n07749582/ILSVRC2012_val_00020573_n07749582,7,3,0.005684576152513425,0.09658765544493993,0.3999800185362498,0.019343142708142597,0.015343342286845049
7500,H8-V,951,n07749582/ILSVRC2012_val_00020573_n07749582,13,3,0.00533303323512276,0.09103135019540787,0.37705565492312115,0.018206724897027016,0.014436168596148491
7500,H8-V,951,n07749582/ILSVRC2012_val_00020573_n07749582,19,3,0.005212314737339814,0.08872340122858684,0.373704860607783,0.01782170372704665,0.014084654860198498
7500,H8-V,952,n07753113/ILSVRC2012_val_00038688_n07753113,1,3,0.010914402703444162,0.19974925617376962,0.5878992478052775,0.03676832156876723,0.03088932919005553
7500,H8-V,952,n07753113/ILSVRC2012_val_00038688_n07753113,4,3,0.00529188197106123,0.10961324473222096,0.4646853605906169,0.020900060112277668,0.016253206878900528
7500,H8-V,952,n07753113/ILSVRC2012_val_00038688_n07753113,7,3,0.004795532828817765,0.10325563947359721,0.43582822879155475,0.019479379057884216,0.0151210967451334
7500,H8-V,952,n07753113/ILSVRC2012_val_00038688_n07753113,13,3,0.0043410502063731355,0.09776710718870163,0.4146956304709117,0.018264717732866604,0.01411776120464007
7500,H8-V,952,n07753113/ILSVRC2012_val_00038688_n07753113,19,3,0.0042187961128850775,0.09510138879219691,0.41337259610493976,0.01786266143123309,0.013728935271501541
7500,H8-V,953,n07753275/ILSVRC2012_val_00009015_n07753275,1,3,0.0189173420270284,0.28331586221853894,0.9984705845514933,0.057233634094397225,0.04724892849723498
7500,H8-V,953,n07753275/ILSVRC2012_val_00009015_n07753275,4,3,0.012586042905847231,0.17584180335203806,0.8444002866744995,0.03861422588427862,0.030170223986109097
7500,H8-V,953,n07753275/ILSVRC2012_val_00009015_n07753275,7,3,0.011914055794477463,0.16691413521766663,0.8099806308746338,0.03670527661840121,0.028605469812949497
7500,H8-V,953,n07753275/ILSVRC2012_val_00009015_n07753275,13,3,0.011406302762528261,0.15703281263510385,0.7784131368001302,0.03489371513326963,0.027109585081537563
7500,H8-V,953,n07753275/ILSVRC2012_val_00009015_n07753275,19,3,0.011343582222859064,0.15426488717397055,0.768412450949351,0.034454195449749626,0.026770070816079777
7500,H8-V,954,n07753592/ILSVRC2012_val_00043785_n07753592,1,3,0.009167345706373453,0.21798589825630188,0.525174101193746,0.036217677096525826,0.030965936680634815
7500,H8-V,954,n07753592/ILSVRC2012_val_00043785_n07753592,4,3,0.0035150015416244664,0.10604824622472127,0.39188117782274884,0.018038637936115265,0.014119826257228851
7500,H8-V,954,n07753592/ILSVRC2012_val_00043785_n07753592,7,3,0.003137633902952075,0.1002118115623792,0.36288867394129437,0.01678770159681638,0.01315881498157978
7500,H8-V,954,n07753592/ILSVRC2012_val_00043785_n07753592,13,3,0.0028036026439319053,0.09523118784030278,0.34147101640701294,0.01574143177519242,0.012326721412440142
7500,H8-V,954,n07753592/ILSVRC2012_val_00043785_n07753592,19,3,0.002708956211184462,0.09337425728638966,0.34017584721247357,0.01544814029087623,0.012046381831169128
7500,H8-V,955,n07754684/ILSVRC2012_val_00006705_n07754684,1,3,0.007670926085362832,0.19414361814657846,0.38814079761505127,0.030966696018973987,0.027085288738210995
7500,H8-V,955,n07754684/ILSVRC2012_val_00006705_n07754684,4,3,0.005003733870883782,0.08928146709998448,0.2914702296257019,0.016846582293510437,0.013931880705058575
7500,H8-V,955,n07754684/ILSVRC2012_val_00006705_n07754684,7,3,0.004785235195110242,0.08368743459383647,0.2664232750733693,0.015818211250007153,0.013153978623449802
7500,H8-V,955,n07754684/ILSVRC2012_val_00006705_n07754684,13,3,0.004629838901261489,0.07914308706919353,0.24801827470461527,0.015024330156544844,0.012544147359828154
7500,H8-V,955,n07754684/ILSVRC2012_val_00006705_n07754684,19,3,0.004612793835500876,0.07889300584793091,0.24742927153905234,0.014976387222607931,0.012502094730734825
7500,H8-V,956,n07760859/ILSVRC2012_val_00017457_n07760859,1,3,0.012932581050942341,0.19811002910137177,0.6761712233225504,0.03950529545545578,0.03274358374377092
7500,H8-V,956,n07760859/ILSVRC2012_val_00017457_n07760859,4,3,0.003910875180736184,0.10753889630238216,0.5346029202143351,0.020010794202486675,0.014664764826496443
7500,H8-V,956,n07760859/ILSVRC2012_val_00017457_n07760859,7,3,0.0034910242538899183,0.10082654406627019,0.5038952430089315,0.018612631286183994,0.013573678831259409
7500,H8-V,956,n07760859/ILSVRC2012_val_00017457_n07760859,13,3,0.0031692054277906814,0.09488957623640697,0.47844399015108746,0.017442602043350536,0.012658162973821163
7500,H8-V,956,n07760859/ILSVRC2012_val_00017457_n07760859,19,3,0.003122802668561538,0.09308198591073354,0.4735985000928243,0.01716698706150055,0.012431001601119837
7500,H8-V,957,n07768694/ILSVRC2012_val_00010111_n07768694,1,3,0.013095562967161337,0.1626762052377065,0.6206167538960775,0.035569349924723305,0.029363182683785755
7500,H8-V,957,n07768694/ILSVRC2012_val_00010111_n07768694,4,3,0.009733067825436592,0.11700861652692159,0.5359395345052084,0.026793325940767925,0.02143393022318681
7500,H8-V,957,n07768694/ILSVRC2012_val_00010111_n07768694,7,3,0.00925756866733233,0.11195697138706844,0.5054398775100708,0.025507664307951927,0.02045326555768649
7500,H8-V,957,n07768694/ILSVRC2012_val_00010111_n07768694,13,3,0.008863888370494047,0.10749580959479015,0.47990596294403076,0.024412528922160465,0.01961346964041392
7500,H8-V,957,n07768694/ILSVRC2012_val_00010111_n07768694,19,3,0.00882975726077954,0.10638292630513509,0.4737398823102315,0.024205448726813,0.019468049829204876
7500,H8-V,958,n07802026/ILSVRC2012_val_00034579_n07802026,1,3,0.010407584719359875,0.18369323511918387,0.47098686297734577,0.033486777916550636,0.02877690891424815
7500,H8-V,958,n07802026/ILSVRC2012_val_00034579_n07802026,4,3,0.0065903218152622385,0.11850890517234802,0.36426618695259094,0.022083874170978863,0.01844121205310027
7500,H8-V,958,n07802026/ILSVRC2012_val_00034579_n07802026,7,3,0.0062578752016027766,0.11304882417122523,0.3356731633345286,0.020919489363829296,0.017562757556637127
7500,H8-V,958,n07802026/ILSVRC2012_val_00034579_n07802026,13,3,0.0059841712936758995,0.10757438838481903,0.3135638435681661,0.019877248133222263,0.01674161044259866
7500,H8-V,958,n07802026/ILSVRC2012_val_00034579_n07802026,19,3,0.005924615698556106,0.10427715629339218,0.31069448590278625,0.019459275528788567,0.016352330644925434
7500,H8-V,959,n07831146/ILSVRC2012_val_00025791_n07831146,1,3,0.009061548858880997,0.22381490468978882,1.0054035186767578,0.041497075309356056,0.031443040197094284
7500,H8-V,959,n07831146/ILSVRC2012_val_00025791_n07831146,4,3,0.005870623514056206,0.16895693043867746,0.884043832619985,0.03160675366719564,0.022766316930452984
7500,H8-V,959,n07831146/ILSVRC2012_val_00025791_n07831146,7,3,0.005356782892098029,0.16083672642707825,0.8474213083585104,0.029914668450752895,0.021440455690026283
7500,H8-V,959,n07831146/ILSVRC2012_val_00025791_n07831146,13,3,0.004937609036763509,0.1529228240251541,0.814358631769816,0.028373478601376217,0.020229891563455265
7500,H8-V,959,n07831146/ILSVRC2012_val_00025791_n07831146,19,3,0.004855443413058917,0.150468443830808,0.8054000933965048,0.027956288307905197,0.019902287671963375
7500,H8-V,960,n07836838/ILSVRC2012_val_00014400_n07836838,1,3,0.017177417563895386,0.23480716347694397,0.9226346413294474,0.04988448197642962,0.0406581349670887
7500,H8-V,960,n07836838/ILSVRC2012_val_00014400_n07836838,4,3,0.009522089113791784,0.14962987105051676,0.7646942933400472,0.032132018357515335,0.024485076467196148
7500,H8-V,960,n07836838/ILSVRC2012_val_00014400_n07836838,7,3,0.008834649808704853,0.14423138896624246,0.7334214250246683,0.030592003216346104,0.02325778951247533
7500,H8-V,960,n07836838/ILSVRC2012_val_00014400_n07836838,13,3,0.008213915241261324,0.1371916929880778,0.704927384853363,0.028982358053326607,0.02193308435380459
7500,H8-V,960,n07836838/ILSVRC2012_val_00014400_n07836838,19,3,0.008029639100035032,0.13267286121845245,0.6962897181510925,0.028259821236133575,0.021296924600998562
7500,H8-V,961,n07860988/ILSVRC2012_val_00045780_n07860988,1,3,0.025627631073196728,0.27128591140111286,1.1581124067306519,0.06433734794457753,0.052756222585837044
7500,H8-V,961,n07860988/ILSVRC2012_val_00045780_n07860988,4,3,0.015789912392695744,0.19064989686012268,0.9808079202969869,0.044662980983654656,0.034854901333649956
7500,H8-V,961,n07860988/ILSVRC2012_val_00045780_n07860988,7,3,0.01488877305140098,0.18397612869739532,0.9440617760022482,0.04272700225313505,0.033286385238170624
7500,H8-V,961,n07860988/ILSVRC2012_val_00045780_n07860988,13,3,0.014107676843802134,0.1761802782615026,0.9085094730059305,0.040810798605283104,0.03172570342818896
7500,H8-V,961,n07860988/ILSVRC2012_val_00045780_n07860988,19,3,0.013834973486761252,0.17374616861343384,0.8965261777242025,0.0401748518149058,0.031209590534369152
7500,H8-V,962,n07871810/ILSVRC2012_val_00033452_n07871810,1,3,0.009577585073808828,0.22997615238030752,0.7476897438367208,0.04005209853251775,0.03257520062228044
7500,H8-V,962,n07871810/ILSVRC2012_val_00033452_n07871810,4,3,0.00604300278549393,0.16637815535068512,0.6370924711227417,0.02905174282689889,0.0226808184136947
7500,H8-V,962,n07871810/ILSVRC2012_val_00033452_n07871810,7,3,0.005601365274439256,0.15871945023536682,0.6062185168266296,0.027535493796070416,0.021473309646050136
7500,H8-V,962,n07871810/ILSVRC2012_val_00033452_n07871810,13,3,0.005225446540862322,0.14953529834747314,0.5799066225687662,0.02597804181277752,0.020178976158301037
7500,H8-V,962,n07871810/ILSVRC2012_val_00033452_n07871810,19,3,0.005162099531541268,0.14604425430297852,0.5740934809048971,0.02550746003786723,0.019766525054971378
7500,H8-V,963,n07873807/ILSVRC2012_val_00019999_n07873807,1,3,0.025892508526643116,0.26449277997016907,1.550065239270528,0.06784243881702423,0.052341786523660026
7500,H8-V,963,n07873807/ILSVRC2012_val_00019999_n07873807,4,3,0.01986304484307766,0.21521983544031778,1.3958324591318767,0.05534335349996885,0.04138502975304922
7500,H8-V,963,n07873807/ILSVRC2012_val_00019999_n07873807,7,3,0.018817440917094547,0.20626741151014963,1.3518754641215007,0.05296293770273527,0.03944418330987295
7500,H8-V,963,n07873807/ILSVRC2012_val_00019999_n07873807,13,3,0.01774994470179081,0.19892831643422446,1.3116371234258015,0.05075914909442266,0.037642778207858406
7500,H8-V,963,n07873807/ILSVRC2012_val_00019999_n07873807,19,3,0.01739386407037576,0.19726025561491647,1.2979747454325359,0.05009963735938072,0.03711989025274912
7500,H8-V,964,n07875152/ILSVRC2012_val_00033193_n07875152,1,3,0.011032847377161184,0.221827765305837,0.8407519857088724,0.04162314534187317,0.033215624590714775
7500,H8-V,964,n07875152/ILSVRC2012_val_00033193_n07875152,4,3,0.005987539576987426,0.13020283977190653,0.7007662256558737,0.02601548656821251,0.01900782436132431
7500,H8-V,964,n07875152/ILSVRC2012_val_00033193_n07875152,7,3,0.005367480994512637,0.12299211323261261,0.6669206023216248,0.024335898458957672,0.0176666925350825
7500,H8-V,964,n07875152/ILSVRC2012_val_00033193_n07875152,13,3,0.0049297381192445755,0.11611993114153545,0.6376689076423645,0.022918420533339184,0.016541731854279835
7500,H8-V,964,n07875152/ILSVRC2012_val_00033193_n07875152,19,3,0.004851168487221003,0.11451240628957748,0.6297469933827718,0.022599879031380016,0.01630240927139918
7500,H8-V,965,n07880968/ILSVRC2012_val_00032670_n07880968,1,3,0.004641939420253038,0.14314166704813638,0.38159990310668945,0.022772105410695076,0.01895610677699248
7500,H8-V,965,n07880968/ILSVRC2012_val_00032670_n07880968,4,3,0.003139640282218655,0.09708395600318909,0.30430487791697186,0.01589108444750309,0.012848035742839178
7500,H8-V,965,n07880968/ILSVRC2012_val_00032670_n07880968,7,3,0.002907773790260156,0.09311522295077641,0.2778559923171997,0.014997856381038824,0.012219296457866827
7500,H8-V,965,n07880968/ILSVRC2012_val_00032670_n07880968,13,3,0.002708026130373279,0.0891293336947759,0.2582305371761322,0.014203265309333801,0.011620959887901941
7500,H8-V,965,n07880968/ILSVRC2012_val_00032670_n07880968,19,3,0.002661830512806773,0.08738505095243454,0.25675806403160095,0.013967916369438171,0.0114003357787927
7500,H8-V,966,n07892512/ILSVRC2012_val_00010343_n07892512,1,3,0.0074104742767910165,0.11799925069014232,0.3624011774857839,0.02283441151181857,0.019210399438937504
7500,H8-V,966,n07892512/ILSVRC2012_val_00010343_n07892512,4,3,0.004525551882882913,0.05780263990163803,0.263614962498347,0.012941965212424597,0.010305815686782202
7500,H8-V,966,n07892512/ILSVRC2012_val_00010343_n07892512,7,3,0.004292377736419439,0.05490735049049059,0.2384228159983953,0.012167341075837612,0.00978311306486527
7500,H8-V,966,n07892512/ILSVRC2012_val_00010343_n07892512,13,3,0.004120854350427787,0.05263459558288256,0.22081362207730612,0.011592450551688671,0.0093843142191569
7500,H8-V,966,n07892512/ILSVRC2012_val_00010343_n07892512,19,3,0.004093315762778123,0.05193302035331726,0.220567986369133,0.011492297674218813,0.009286617860198021
7500,H8-V,967,n07920052/ILSVRC2012_val_00029384_n07920052,1,3,0.02619967857996623,0.20380766689777374,1.0443891684214275,0.05702433859308561,0.04658044626315435
7500,H8-V,967,n07920052/ILSVRC2012_val_00029384_n07920052,4,3,0.01658659552534421,0.13429459929466248,0.8919880986213684,0.038935936987400055,0.030016055951515835
7500,H8-V,967,n07920052/ILSVRC2012_val_00029384_n07920052,7,3,0.015679572398463886,0.12671935061613718,0.8534820675849915,0.036886329452196755,0.028351507460077603
7500,H8-V,967,n07920052/ILSVRC2012_val_00029384_n07920052,13,3,0.014782405768831572,0.12095921238263448,0.8169860243797302,0.03504818802078565,0.026878327131271362
7500,H8-V,967,n07920052/ILSVRC2012_val_00029384_n07920052,19,3,0.014577835487822691,0.11885139346122742,0.8069013357162476,0.03453198820352554,0.026462975268562634
7500,H8-V,968,n07930864/ILSVRC2012_val_00047825_n07930864,1,3,0.008340252563357353,0.22797309358914694,0.591510554154714,0.03705266738931338,0.03113756204644839
7500,H8-V,968,n07930864/ILSVRC2012_val_00047825_n07930864,4,3,0.004469333061327537,0.1429759661356608,0.4735025962193807,0.023501954972743988,0.018766929085055988
7500,H8-V,968,n07930864/ILSVRC2012_val_00047825_n07930864,7,3,0.004192964173853397,0.13764925301074982,0.44400744636853534,0.02239796333014965,0.017957889164487522
7500,H8-V,968,n07930864/ILSVRC2012_val_00047825_n07930864,13,3,0.003985275824864705,0.13300474981466928,0.4202355941136678,0.02148810711999734,0.017285751178860664
7500,H8-V,968,n07930864/ILSVRC2012_val_00047825_n07930864,19,3,0.003959761466830969,0.13208996256192526,0.4161372681458791,0.021330129976073902,0.01716875781615575
7500,H8-V,969,n07932039/ILSVRC2012_val_00038359_n07932039,1,3,0.0076959384605288506,0.17712129155794779,0.6566013296445211,0.03197408157090346,0.025408068671822548
7500,H8-V,969,n07932039/ILSVRC2012_val_00038359_n07932039,4,3,0.0038869325071573257,0.1005178689956665,0.5226225256919861,0.019164944688479107,0.013938719406723976
7500,H8-V,969,n07932039/ILSVRC2012_val_00038359_n07932039,7,3,0.0035684723407030106,0.09509456902742386,0.4929377834002177,0.018007307623823483,0.013077929305533567
7500,H8-V,969,n07932039/ILSVRC2012_val_00038359_n07932039,13,3,0.003287342299396793,0.09018547087907791,0.46907814343770343,0.016996671135226887,0.012305889589091143
7500,H8-V,969,n07932039/ILSVRC2012_val_00038359_n07932039,19,3,0.0031924497646590075,0.08797400444746017,0.4650813738505046,0.016640663767854374,0.01198985024044911
7500,H8-V,970,n09193705/ILSVRC2012_val_00004333_n09193705,1,3,0.019045137489835422,0.23000341157118478,0.7386684020360311,0.04943216343720754,0.04204547901948293
7500,H8-V,970,n09193705/ILSVRC2012_val_00004333_n09193705,4,3,0.015597511703769365,0.16569112241268158,0.6036924918492635,0.038203549881776176,0.03216662506262461
7500,H8-V,970,n09193705/ILSVRC2012_val_00004333_n09193705,7,3,0.01502983303119739,0.16093030075232187,0.5735060175259908,0.03685792411367098,0.031122864534457523
7500,H8-V,970,n09193705/ILSVRC2012_val_00004333_n09193705,13,3,0.014474549641211828,0.1580512374639511,0.5483978589375814,0.03576365113258362,0.030279673015077908
7500,H8-V,970,n09193705/ILSVRC2012_val_00004333_n09193705,19,3,0.014273095565537611,0.1573798656463623,0.5431272983551025,0.03544235602021217,0.030011082688967388
7500,H8-V,971,n09229709/ILSVRC2012_val_00029026_n09229709,1,3,0.010911958913008371,0.162105659643809,0.696370263894399,0.03408622741699219,0.02712252549827099
7500,H8-V,971,n09229709/ILSVRC2012_val_00029026_n09229709,4,3,0.006425310547153155,0.10639439274867375,0.5844600001970927,0.022909350072344143,0.01706475019454956
7500,H8-V,971,n09229709/ILSVRC2012_val_00029026_n09229709,7,3,0.005959174130111933,0.10127923885981242,0.5517311096191406,0.02160440944135189,0.016087098668018978
7500,H8-V,971,n09229709/ILSVRC2012_val_00029026_n09229709,13,3,0.0055328719317913055,0.09519047290086746,0.5244761308034261,0.020296681051452953,0.015051919346054396
7500,H8-V,971,n09229709/ILSVRC2012_val_00029026_n09229709,19,3,0.005414586514234543,0.09296126415332158,0.5186566313107809,0.019897279019157093,0.014710713177919388
7500,H8-V,972,n09246464/ILSVRC2012_val_00034504_n09246464,1,3,0.00958711002022028,0.2166390915711721,0.5908843278884888,0.03715986137588819,0.03125101886689663
7500,H8-V,972,n09246464/ILSVRC2012_val_00034504_n09246464,4,3,0.004740267060697079,0.12955129643281302,0.4561527570088704,0.022256923839449883,0.01769539589683215
7500,H8-V,972,n09246464/ILSVRC2012_val_00034504_n09246464,7,3,0.004305141977965832,0.11888240277767181,0.42706642548243207,0.020464046547810238,0.01619338182111581
7500,H8-V,972,n09246464/ILSVRC2012_val_00034504_n09246464,13,3,0.004036902139584224,0.11179627726475398,0.4042038917541504,0.01925856868426005,0.015216529990235964
7500,H8-V,972,n09246464/ILSVRC2012_val_00034504_n09246464,19,3,0.003959338801602523,0.10945119957129161,0.40099257230758667,0.01891438476741314,0.01490445900708437
7500,H8-V,973,n09256479/ILSVRC2012_val_00010141_n09256479,1,3,0.011343667283654213,0.18632851044336954,0.4669986963272095,0.034646506110827126,0.02997651944557826
7500,H8-V,973,n09256479/ILSVRC2012_val_00010141_n09256479,4,3,0.004346293862909079,0.08900780230760574,0.33160749077796936,0.01656314916908741,0.013247074248890081
7500,H8-V,973,n09256479/ILSVRC2012_val_00010141_n09256479,7,3,0.004053989580521981,0.08396646628777187,0.30386272072792053,0.015489263460040092,0.012450636674960455
7500,H8-V,973,n09256479/ILSVRC2012_val_00010141_n09256479,13,3,0.003782268768797318,0.07851461817820866,0.28227423628171283,0.014456473290920258,0.011633730803926786
7500,H8-V,973,n09256479/ILSVRC2012_val_00010141_n09256479,19,3,0.0036595232474307218,0.07656587411959966,0.2795657118161519,0.014111767833431562,0.011316110690434774
7500,H8-V,974,n09288635/ILSVRC2012_val_00018658_n09288635,1,3,0.0034112972983469567,0.12374530484278996,0.49584218859672546,0.02074424922466278,0.01578582761188348
7500,H8-V,974,n09288635/ILSVRC2012_val_00018658_n09288635,4,3,0.001780167338438332,0.07878405849138896,0.3920876582463582,0.013579449616372585,0.00965857319533825
7500,H8-V,974,n09288635/ILSVRC2012_val_00018658_n09288635,7,3,0.0016248234702895086,0.07406857858101527,0.3634653687477112,0.012666335329413414,0.009031681654353937
7500,H8-V,974,n09288635/ILSVRC2012_val_00018658_n09288635,13,3,0.001466698246076703,0.06933936228354771,0.3397250473499298,0.011797885100046793,0.008400634552041689
7500,H8-V,974,n09288635/ILSVRC2012_val_00018658_n09288635,19,3,0.0013686711123834054,0.0667795439561208,0.3343939284483592,0.011390564652780691,0.008046625492473444
7500,H8-V,975,n09332890/ILSVRC2012_val_00028255_n09332890,1,3,0.004808774062742789,0.15896314879258475,0.35380516449610394,0.02424314059317112,0.02070508897304535
7500,H8-V,975,n09332890/ILSVRC2012_val_00028255_n09332890,4,3,0.002735602048536142,0.1028565838932991,0.2634252905845642,0.015655513231952984,0.013021260189513365
7500,H8-V,975,n09332890/ILSVRC2012_val_00028255_n09332890,7,3,0.0025920599388579526,0.09723213811715443,0.23760359485944113,0.014691310003399849,0.012315273905793825
7500,H8-V,975,n09332890/ILSVRC2012_val_00028255_n09332890,13,3,0.00244678541397055,0.09284727523724239,0.2193442384401957,0.013924955079952875,0.01173151284456253
7500,H8-V,975,n09332890/ILSVRC2012_val_00028255_n09332890,19,3,0.002387134668727716,0.09046277900536855,0.21932531893253326,0.0136266661187013,0.011433412631352743
7500,H8-V,976,n09399592/ILSVRC2012_val_00038599_n09399592,1,3,0.00659596361219883,0.21550171077251434,0.36965814232826233,0.031842717279990516,0.02814613531033198
7500,H8-V,976,n09399592/ILSVRC2012_val_00038599_n09399592,4,3,0.0036719782122721276,0.11660433063904445,0.24697625637054443,0.017802174513538677,0.015332411974668503
7500,H8-V,976,n09399592/ILSVRC2012_val_00038599_n09399592,7,3,0.0035183413419872522,0.11295993874470393,0.2205385367075602,0.017019720748066902,0.014814335542420546
7500,H8-V,976,n09399592/ILSVRC2012_val_00038599_n09399592,13,3,0.003414777417977651,0.11130698521931966,0.20294888814290366,0.016574965169032414,0.01454547606408596
7500,H8-V,976,n09399592/ILSVRC2012_val_00038599_n09399592,19,3,0.0033972656819969416,0.11117331683635712,0.20574218531449637,0.016572019085288048,0.014514597753683725
7500,H8-V,977,n09421951/ILSVRC2012_val_00048465_n09421951,1,3,0.0036154899280518293,0.12772478411595026,0.3177198568979899,0.019565168147285778,0.01638796894500653
7500,H8-V,977,n09421951/ILSVRC2012_val_00048465_n09421951,4,3,0.001973796635866165,0.06107542787988981,0.22303926448027292,0.010311732068657875,0.008081339299678802
7500,H8-V,977,n09421951/ILSVRC2012_val_00048465_n09421951,7,3,0.001905627044228216,0.05729929978648821,0.1979486048221588,0.009615043178200722,0.007635557092726231
7500,H8-V,977,n09421951/ILSVRC2012_val_00048465_n09421951,13,3,0.0018486507469788194,0.05443810050686201,0.17970374723275503,0.009089498470226923,0.00729246096064647
7500,H8-V,977,n09421951/ILSVRC2012_val_00048465_n09421951,19,3,0.0018188310399030645,0.054132986813783646,0.1786374201377233,0.009018503750363985,0.007232129729042451
7500,H8-V,978,n09428293/ILSVRC2012_val_00011865_n09428293,1,3,0.01113936584442854,0.23634764552116394,0.524274984995524,0.04001688087979952,0.03477413083116213
7500,H8-V,978,n09428293/ILSVRC2012_val_00011865_n09428293,4,3,0.006848268986990054,0.14941833913326263,0.40272743503252667,0.025817377492785454,0.021790103365977604
7500,H8-V,978,n09428293/ILSVRC2012_val_00011865_n09428293,7,3,0.006506986760844787,0.14245708286762238,0.3732481400171916,0.024485175187389057,0.020752694457769394
7500,H8-V,978,n09428293/ILSVRC2012_val_00011865_n09428293,13,3,0.006224654304484527,0.13543219367663065,0.3506208161513011,0.02327408269047737,0.019767874230941136
7500,H8-V,978,n09428293/ILSVRC2012_val_00011865_n09428293,19,3,0.006156743814547856,0.13082542518774667,0.34790661931037903,0.02271835319697857,0.019239287202556927
7500,H8-V,979,n09468604/ILSVRC2012_val_00018683_n09468604,1,3,0.00427919967720906,0.1855372687180837,0.44574240843455,0.02729035106798013,0.022832926983634632
7500,H8-V,979,n09468604/ILSVRC2012_val_00018683_n09468604,4,3,0.002333458047360182,0.11608156065146129,0.3313472867012024,0.017255087693532307,0.013941614578167597
7500,H8-V,979,n09468604/ILSVRC2012_val_00018683_n09468604,7,3,0.0021651428348074355,0.11051903168360393,0.30457345644632977,0.016262780254085858,0.013217045925557613
7500,H8-V,979,n09468604/ILSVRC2012_val_00018683_n09468604,13,3,0.002020206612845262,0.10375820845365524,0.28530285755793255,0.015249056120713552,0.012396027334034443
7500,H8-V,979,n09468604/ILSVRC2012_val_00018683_n09468604,19,3,0.0019855499267578125,0.09949937214454015,0.2852963109811147,0.014788450362781683,0.011935487389564514
7500,H8-V,980,n09472597/ILSVRC2012_val_00035075_n09472597,1,3,0.004190650225306551,0.1701423078775406,0.3747073908646901,0.024951955303549767,0.021204881370067596
7500,H8-V,980,n09472597/ILSVRC2012_val_00035075_n09472597,4,3,0.0019452774819607537,0.08675367633501689,0.26868091026941937,0.013307454064488411,0.010620645247399807
7500,H8-V,980,n09472597/ILSVRC2012_val_00035075_n09472597,7,3,0.0018413365275288622,0.08089784532785416,0.24268626173337302,0.012357983738183975,0.00993112102150917
7500,H8-V,980,n09472597/ILSVRC2012_val_00035075_n09472597,13,3,0.0017249933443963528,0.07574813316265742,0.22400220731894174,0.011539828653136889,0.00929980662961801
7500,H8-V,980,n09472597/ILSVRC2012_val_00035075_n09472597,19,3,0.001676476172481974,0.07351253181695938,0.2242531031370163,0.011270260438323021,0.009027729121347269
7500,H8-V,981,n09835506/ILSVRC2012_val_00014689_n09835506,1,3,0.016913213456670444,0.20269676049550375,0.7426962852478027,0.04460985089341799,0.03718288987874985
7500,H8-V,981,n09835506/ILSVRC2012_val_00014689_n09835506,4,3,0.008943486958742142,0.1201905608177185,0.6096506913503011,0.027059050276875496,0.020962543164690334
7500,H8-V,981,n09835506/ILSVRC2012_val_00014689_n09835506,7,3,0.008315863708655039,0.11321390171845754,0.5779528419176737,0.025416781504948933,0.01963725375632445
7500,H8-V,981,n09835506/ILSVRC2012_val_00014689_n09835506,13,3,0.007658436118314664,0.10552989443143208,0.5510504841804504,0.023721930260459583,0.018211425592501957
7500,H8-V,981,n09835506/ILSVRC2012_val_00014689_n09835506,19,3,0.007342602591961622,0.10287112245957057,0.5453468163808187,0.02308318329354127,0.017629715303579967
7500,H8-V,982,n10148035/ILSVRC2012_val_00005113_n10148035,1,3,0.02169414982199669,0.2719833056131999,1.1486740907033284,0.060379223277171455,0.04889248187343279
7500,H8-V,982,n10148035/ILSVRC2012_val_00005113_n10148035,4,3,0.01374764647334814,0.18777416149775186,1.0006103316942851,0.04253116622567177,0.032525062561035156
7500,H8-V,982,n10148035/ILSVRC2012_val_00005113_n10148035,7,3,0.012614244284729162,0.17849506934483847,0.962489128112793,0.040088643630345665,0.030463750784595806
7500,H8-V,982,n10148035/ILSVRC2012_val_00005113_n10148035,13,3,0.011686104349792004,0.16691359877586365,0.9270724852879842,0.0376481885711352,0.02837746466199557
7500,H8-V,982,n10148035/ILSVRC2012_val_00005113_n10148035,19,3,0.011492675170302391,0.1633348266283671,0.9170370896657308,0.03699652726451556,0.027826157708962757
7500,H8-V,983,n10565667/ILSVRC2012_val_00019114_n10565667,1,3,0.006090014707297087,0.1780635118484497,0.49916671713193256,0.028888033082087834,0.023896366978685062
7500,H8-V,983,n10565667/ILSVRC2012_val_00019114_n10565667,4,3,0.002947420890753468,0.07855366915464401,0.38033493359883624,0.014606137139101824,0.010802788039048513
7500,H8-V,983,n10565667/ILSVRC2012_val_00019114_n10565667,7,3,0.0029006029944866896,0.07467030982176463,0.3517496387163798,0.013885130484898886,0.010367634085317453
7500,H8-V,983,n10565667/ILSVRC2012_val_00019114_n10565667,13,3,0.0027683026467760405,0.0695681522289912,0.3293519814809163,0.013018637585143248,0.009725118055939674
7500,H8-V,983,n10565667/ILSVRC2012_val_00019114_n10565667,19,3,0.002574241254478693,0.06663677841424942,0.3257054388523102,0.012494973838329315,0.009237919313212236
7500,H8-V,984,n11879895/ILSVRC2012_val_00010246_n11879895,1,3,0.011123955870668093,0.19661165277163187,0.40799424052238464,0.03486506392558416,0.030785121644536655
7500,H8-V,984,n11879895/ILSVRC2012_val_00010246_n11879895,4,3,0.008428093045949936,0.08662320673465729,0.3067494034767151,0.0201579083998998,0.017090414961179096
7500,H8-V,984,n11879895/ILSVRC2012_val_00010246_n11879895,7,3,0.00820460170507431,0.08311908940474193,0.2785911758740743,0.019302422801653545,0.016516511018077534
7500,H8-V,984,n11879895/ILSVRC2012_val_00010246_n11879895,13,3,0.00805607344955206,0.07993082205454509,0.2572648922602336,0.01862180419266224,0.01604915534456571
7500,H8-V,984,n11879895/ILSVRC2012_val_00010246_n11879895,19,3,0.008064946780602137,0.07765545696020126,0.25449387232462567,0.01837543087701003,0.015830492600798607
7500,H8-V,985,n11939491/ILSVRC2012_val_00004514_n11939491,1,3,0.01694283386071523,0.1953950971364975,1.1873383522033691,0.048355727146069206,0.03648234407107035
7500,H8-V,985,n11939491/ILSVRC2012_val_00004514_n11939491,4,3,0.013064220547676086,0.16007877389589945,1.0807329416275024,0.039879427601893745,0.029072097813089687
7500,H8-V,985,n11939491/ILSVRC2012_val_00004514_n11939491,7,3,0.012153632317980131,0.15014962355295816,1.0425397555033367,0.03759399304787318,0.027168594921628635
7500,H8-V,985,n11939491/ILSVRC2012_val_00004514_n11939491,13,3,0.011435296386480331,0.1415625661611557,1.0059665441513062,0.035651216904322304,0.02559155287841956
7500,H8-V,985,n11939491/ILSVRC2012_val_00004514_n11939491,19,3,0.011357928315798441,0.14084404210249582,0.9952399532000223,0.03539473315080007,0.02544233265022437
7500,H8-V,986,n12057211/ILSVRC2012_val_00047719_n12057211,1,3,0.013350094358126322,0.21854632099469504,0.9845312436421713,0.045050039887428284,0.035204727202653885
7500,H8-V,986,n12057211/ILSVRC2012_val_00047719_n12057211,4,3,0.007402016626050075,0.13770822683970133,0.8367815415064493,0.02954065365095933,0.021172838906447094
7500,H8-V,986,n12057211/ILSVRC2012_val_00047719_n12057211,7,3,0.006940237867335479,0.1312952588001887,0.804225484530131,0.028112019101778667,0.020069764306147892
7500,H8-V,986,n12057211/ILSVRC2012_val_00047719_n12057211,13,3,0.006584202249844869,0.1257040724158287,0.775735060373942,0.026911960293849308,0.01915460949142774
7500,H8-V,986,n12057211/ILSVRC2012_val_00047719_n12057211,19,3,0.00655921408906579,0.12425960600376129,0.7688311338424683,0.026673485214511555,0.018985174596309662
7500,H8-V,987,n12144580/ILSVRC2012_val_00010324_n12144580,1,3,0.015120299533009529,0.24113350609938303,0.8672325809796652,0.04790597533186277,0.0392336497704188
7500,H8-V,987,n12144580/ILSVRC2012_val_00010324_n12144580,4,3,0.008358803577721119,0.14122786124547324,0.7092682123184204,0.02957427129149437,0.02248158926765124
7500,H8-V,987,n12144580/ILSVRC2012_val_00010324_n12144580,7,3,0.007675023749470711,0.13275534411271414,0.6763064662615458,0.027713622897863388,0.02095055828491847
7500,H8-V,987,n12144580/ILSVRC2012_val_00010324_n12144580,13,3,0.006940084819992383,0.12310137351353963,0.6483529408772787,0.02573375093440215,0.019250222171346348
7500,H8-V,987,n12144580/ILSVRC2012_val_00010324_n12144580,19,3,0.006686880718916655,0.11767984926700592,0.641945481300354,0.024874320874611538,0.018454865862925846
7500,H8-V,988,n12267677/ILSVRC2012_val_00029792_n12267677,1,3,0.008490939003725847,0.1825006604194641,0.6950306097666422,0.033691310634215675,0.02674100548028946
7500,H8-V,988,n12267677/ILSVRC2012_val_00029792_n12267677,4,3,0.004524460683266322,0.11525242278973262,0.5608688195546468,0.02165839138130347,0.016049703272680443
7500,H8-V,988,n12267677/ILSVRC2012_val_00029792_n12267677,7,3,0.004072725772857666,0.10798859347899754,0.5289653142293295,0.02016123818854491,0.014871585493286451
7500,H8-V,988,n12267677/ILSVRC2012_val_00029792_n12267677,13,3,0.003653499220187465,0.10057395696640015,0.5030470887819926,0.018741366143027943,0.01371089524279038
7500,H8-V,988,n12267677/ILSVRC2012_val_00029792_n12267677,19,3,0.0035499359170595803,0.09809878220160802,0.4991421898206075,0.01835123635828495,0.013359814571837584
7500,H8-V,989,n12620546/ILSVRC2012_val_00031312_n12620546,1,3,0.013524574848512808,0.19344049195448557,0.6978626449902853,0.03984725226958593,0.03286862559616566
7500,H8-V,989,n12620546/ILSVRC2012_val_00031312_n12620546,4,3,0.006788954759637515,0.12349190562963486,0.5660951733589172,0.024799097329378128,0.019138145570953686
7500,H8-V,989,n12620546/ILSVRC2012_val_00031312_n12620546,7,3,0.006105450447648764,0.11748761435349782,0.5311601758003235,0.023165813957651455,0.01785421185195446
7500,H8-V,989,n12620546/ILSVRC2012_val_00031312_n12620546,13,3,0.005526859468470017,0.11173570404450099,0.5023830334345499,0.02172426072259744,0.016700430462757748
7500,H8-V,989,n12620546/ILSVRC2012_val_00031312_n12620546,19,3,0.005419833896060784,0.110203318297863,0.4967382649580638,0.02140754833817482,0.016440166160464287
7500,H8-V,990,n12768682/ILSVRC2012_val_00026660_n12768682,1,3,0.03137442593773206,0.21534493068854013,1.4562172094980876,0.06747109070420265,0.0529089185098807
7500,H8-V,990,n12768682/ILSVRC2012_val_00026660_n12768682,4,3,0.0201424453407526,0.13129247228304544,1.241063157717387,0.04568232471744219,0.033271693934996925
7500,H8-V,990,n12768682/ILSVRC2012_val_00026660_n12768682,7,3,0.019138387093941372,0.12711356083552042,1.2016830444335938,0.04386657476425171,0.03184974379837513
7500,H8-V,990,n12768682/ILSVRC2012_val_00026660_n12768682,13,3,0.018259165808558464,0.12414723883072536,1.163152774175008,0.042305417358875275,0.030673889443278313
7500,H8-V,990,n12768682/ILSVRC2012_val_00026660_n12768682,19,3,0.018064724902311962,0.12421810626983643,1.1501733859380086,0.04198826973636945,0.030486535901824634
7500,H8-V,991,n12985857/ILSVRC2012_val_00049195_n12985857,1,3,0.02209235355257988,0.25447362661361694,1.2874006032943726,0.06041372070709864,0.04753971596558889
7500,H8-V,991,n12985857/ILSVRC2012_val_00049195_n12985857,4,3,0.014830965859194597,0.17002607882022858,1.0883869727452595,0.042717443158229194,0.031833574175834656
7500,H8-V,991,n12985857/ILSVRC2012_val_00049195_n12985857,7,3,0.013937952928245068,0.16444027920564017,1.0510017077128093,0.04089199751615524,0.030381980662544567
7500,H8-V,991,n12985857/ILSVRC2012_val_00049195_n12985857,13,3,0.01317066295693318,0.1570667177438736,1.0168671607971191,0.039046006898085274,0.028877335290114086
7500,H8-V,991,n12985857/ILSVRC2012_val_00049195_n12985857,19,3,0.01301589235663414,0.15400604903697968,1.00661301612854,0.038482628762722015,0.028416498253742855
7500,H8-V,992,n12998815/ILSVRC2012_val_00016012_n12998815,1,3,0.004731959663331509,0.15947828441858292,0.4716881215572357,0.025396669904390972,0.020679788663983345
7500,H8-V,992,n12998815/ILSVRC2012_val_00016012_n12998815,4,3,0.002925215599437555,0.08599279075860977,0.35212347904841107,0.015045729465782642,0.011524494737386703
7500,H8-V,992,n12998815/ILSVRC2012_val_00016012_n12998815,7,3,0.0027219188244392476,0.08181141316890717,0.32594871520996094,0.014162547575930754,0.01090306043624878
7500,H8-V,992,n12998815/ILSVRC2012_val_00016012_n12998815,13,3,0.00260450248606503,0.07853753119707108,0.3060484329859416,0.013518739491701126,0.010458255497117838
7500,H8-V,992,n12998815/ILSVRC2012_val_00016012_n12998815,19,3,0.0025465015011529126,0.07571335633595784,0.3038387695948283,0.013156224973499775,0.010117837227880955
7500,H8-V,993,n13037406/ILSVRC2012_val_00002927_n13037406,1,3,0.019861290231347084,0.2282128632068634,0.959466020266215,0.05227723717689514,0.042682576924562454
7500,H8-V,993,n13037406/ILSVRC2012_val_00002927_n13037406,4,3,0.01633573758105437,0.1721952905257543,0.8347541093826294,0.0419028103351593,0.03355526799956957
7500,H8-V,993,n13037406/ILSVRC2012_val_00002927_n13037406,7,3,0.01559933740645647,0.1659148782491684,0.8002950549125671,0.04019377628962199,0.032190825790166855
7500,H8-V,993,n13037406/ILSVRC2012_val_00002927_n13037406,13,3,0.014962720374266306,0.15807291368643442,0.769734799861908,0.03846735879778862,0.030770011246204376
7500,H8-V,993,n13037406/ILSVRC2012_val_00002927_n13037406,19,3,0.01485467329621315,0.15615210433801016,0.7611103455225626,0.03808098783095678,0.03046988385419051
7500,H8-V,994,n13040303/ILSVRC2012_val_00029762_n13040303,1,3,0.012664214397470156,0.27544791499773663,0.8225445548693339,0.04843445122241974,0.040209006518125534
7500,H8-V,994,n13040303/ILSVRC2012_val_00029762_n13040303,4,3,0.007978932621578375,0.14639925956726074,0.6621741056442261,0.029240600143869717,0.02261885938545068
7500,H8-V,994,n13040303/ILSVRC2012_val_00029762_n13040303,7,3,0.007502081183095773,0.14148294925689697,0.6310595075289408,0.02796097161869208,0.02165037641922633
7500,H8-V,994,n13040303/ILSVRC2012_val_00029762_n13040303,13,3,0.007050743326544762,0.1352258970340093,0.6049997409184774,0.026623330389459927,0.020573332905769348
7500,H8-V,994,n13040303/ILSVRC2012_val_00029762_n13040303,19,3,0.006940002242724101,0.13276081283887228,0.5998596549034119,0.026214680323998134,0.020216083774964016
7500,H8-V,995,n13044778/ILSVRC2012_val_00009322_n13044778,1,3,0.023999640718102455,0.25915244221687317,1.372817039489746,0.06364305565754573,0.0499148853123188
7500,H8-V,995,n13044778/ILSVRC2012_val_00009322_n13044778,4,3,0.01901799937089284,0.1944846212863922,1.1803155342737834,0.05026961614688238,0.03846646100282669
7500,H8-V,995,n13044778/ILSVRC2012_val_00009322_n13044778,7,3,0.01811553289492925,0.1871292988459269,1.1419323682785034,0.04824778685967127,0.03682846327622732
7500,H8-V,995,n13044778/ILSVRC2012_val_00009322_n13044778,13,3,0.017359827955563862,0.18143033484617868,1.1057011286417644,0.04655987521012624,0.03550286342700323
7500,H8-V,995,n13044778/ILSVRC2012_val_00009322_n13044778,19,3,0.01716645620763302,0.18123642603556314,1.0937336285909016,0.0462274340291818,0.0352900984386603
7500,H8-V,996,n13052670/ILSVRC2012_val_00022641_n13052670,1,3,0.030921950936317444,0.25060253341992694,1.6199626525243123,0.07218183328708012,0.05598220477501551
7500,H8-V,996,n13052670/ILSVRC2012_val_00022641_n13052670,4,3,0.022709718594948452,0.18285497526327768,1.451080322265625,0.05550601830085119,0.04099521537621816
7500,H8-V,996,n13052670/ILSVRC2012_val_00022641_n13052670,7,3,0.021347155794501305,0.17587543527285257,1.4096845785776775,0.053031545132398605,0.038934700191020966
7500,H8-V,996,n13052670/ILSVRC2012_val_00022641_n13052670,13,3,0.0201609351982673,0.16743976871172586,1.369458834330241,0.05059950053691864,0.03690491244196892
7500,H8-V,996,n13052670/ILSVRC2012_val_00022641_n13052670,19,3,0.019828900694847107,0.16496083637078604,1.3571499983469646,0.04989648486177126,0.036324985325336456
7500,H8-V,997,n13054560/ILSVRC2012_val_00019523_n13054560,1,3,0.014485401722292105,0.20941821734110513,0.7609726985295614,0.043036951373020806,0.035427225132783256
7500,H8-V,997,n13054560/ILSVRC2012_val_00019523_n13054560,4,3,0.011798605943719545,0.15952377021312714,0.6327758630116781,0.034078740825255714,0.027750983213384945
7500,H8-V,997,n13054560/ILSVRC2012_val_00019523_n13054560,7,3,0.011371921747922897,0.1549680233001709,0.6027764081954956,0.032896488904953,0.02686872457464536
7500,H8-V,997,n13054560/ILSVRC2012_val_00019523_n13054560,13,3,0.011035976310571035,0.15081246693929037,0.5773586829503378,0.031890809535980225,0.026117223004500072
7500,H8-V,997,n13054560/ILSVRC2012_val_00019523_n13054560,19,3,0.010968013666570187,0.14902701477209726,0.5712735255559286,0.031583450734615326,0.0258707149575154
7500,H8-V,998,n13133613/ILSVRC2012_val_00037591_n13133613,1,3,0.01229744404554367,0.23780600229899088,0.7024423082669576,0.04310246929526329,0.036078045765558876
7500,H8-V,998,n13133613/ILSVRC2012_val_00037591_n13133613,4,3,0.009804317727684975,0.15309542417526245,0.5745294690132141,0.03085915558040142,0.025113860766092937
7500,H8-V,998,n13133613/ILSVRC2012_val_00037591_n13133613,7,3,0.009439078159630299,0.14937360088030496,0.5433555444081625,0.029809993381301563,0.024376438309748966
7500,H8-V,998,n13133613/ILSVRC2012_val_00037591_n13133613,13,3,0.00914354839672645,0.14583377043406168,0.5185444752375284,0.028912370403607685,0.02372692587474982
7500,H8-V,998,n13133613/ILSVRC2012_val_00037591_n13133613,19,3,0.009100855638583502,0.14498387277126312,0.5145477255185446,0.02874472054342429,0.023599243412415188
7500,H8-V,999,n15075141/ILSVRC2012_val_00042270_n15075141,1,3,0.008476918252805868,0.18795529504617056,0.6599582036336263,0.03387202943364779,0.02727244794368744
7500,H8-V,999,n15075141/ILSVRC2012_val_00042270_n15075141,4,3,0.003278288602208098,0.08582680424054463,0.507359524567922,0.01693456433713436,0.011860969476401806
7500,H8-V,999,n15075141/ILSVRC2012_val_00042270_n15075141,7,3,0.0030134751771887145,0.08093114693959554,0.47725101312001544,0.015879100188612938,0.011106590119500956
7500,H8-V,999,n15075141/ILSVRC2012_val_00042270_n15075141,13,3,0.0027479632602383695,0.07656943301359813,0.4527193506558736,0.014932099729776382,0.01040490654607614
7500,H8-V,999,n15075141/ILSVRC2012_val_00042270_n15075141,19,3,0.002639858750626445,0.07511775940656662,0.44754497210184735,0.014627084136009216,0.010151634613672892
